unique_id,ds,y
USDBRL,2010-01-04,1.718999981880188
USDBRL,2010-01-05,1.7369999885559082
USDBRL,2010-01-06,1.7315000295639038
USDBRL,2010-01-07,1.7388999462127686
USDBRL,2010-01-08,1.7319999933242798
USDBRL,2010-01-11,1.7309999465942383
USDBRL,2010-01-12,1.7373000383377075
USDBRL,2010-01-13,1.74590003490448
USDBRL,2010-01-14,1.7640999555587769
USDBRL,2010-01-15,1.7644000053405762
USDBRL,2010-01-18,1.7632999420166016
USDBRL,2010-01-19,1.7741999626159668
USDBRL,2010-01-20,1.7894999980926514
USDBRL,2010-01-21,1.8007999658584595
USDBRL,2010-01-22,1.8187999725341797
USDBRL,2010-01-25,1.7834999561309814
USDBRL,2010-01-26,1.8336000442504883
USDBRL,2010-01-27,1.8495999574661255
USDBRL,2010-01-28,1.8680000305175781
USDBRL,2010-01-29,1.8729000091552734
USDBRL,2010-02-01,1.8624000549316406
USDBRL,2010-02-02,1.830399990081787
USDBRL,2010-02-03,1.850000023841858
USDBRL,2010-02-04,1.8803999423980713
USDBRL,2010-02-05,1.882699966430664
USDBRL,2010-02-08,1.871500015258789
USDBRL,2010-02-09,1.843000054359436
USDBRL,2010-02-10,1.850600004196167
USDBRL,2010-02-11,1.8515000343322754
USDBRL,2010-02-12,1.8585000038146973
USDBRL,2010-02-15,1.8514000177383423
USDBRL,2010-02-16,1.8424999713897705
USDBRL,2010-02-17,1.8329999446868896
USDBRL,2010-02-18,1.819000005722046
USDBRL,2010-02-19,1.8035000562667847
USDBRL,2010-02-22,1.8079999685287476
USDBRL,2010-02-23,1.819599986076355
USDBRL,2010-02-24,1.818600058555603
USDBRL,2010-02-25,1.8359999656677246
USDBRL,2010-02-26,1.805999994277954
USDBRL,2010-03-01,1.7979999780654907
USDBRL,2010-03-02,1.7324999570846558
USDBRL,2010-03-03,1.7879999876022339
USDBRL,2010-03-04,1.7884999513626099
USDBRL,2010-03-05,1.777999997138977
USDBRL,2010-03-08,1.7847000360488892
USDBRL,2010-03-09,1.781000018119812
USDBRL,2010-03-10,1.7680000066757202
USDBRL,2010-03-11,1.7690000534057617
USDBRL,2010-03-12,1.7610000371932983
USDBRL,2010-03-15,1.7613999843597412
USDBRL,2010-03-16,1.7661999464035034
USDBRL,2010-03-17,1.7619999647140503
USDBRL,2010-03-18,1.7710000276565552
USDBRL,2010-03-19,1.7949999570846558
USDBRL,2010-03-22,1.7990000247955322
USDBRL,2010-03-23,1.7805999517440796
USDBRL,2010-03-24,1.7933000326156616
USDBRL,2010-03-25,1.7990000247955322
USDBRL,2010-03-26,1.8229999542236328
USDBRL,2010-03-29,1.808500051498413
USDBRL,2010-03-30,1.7937999963760376
USDBRL,2010-03-31,1.780500054359436
USDBRL,2010-04-01,1.7654000520706177
USDBRL,2010-04-02,1.7649999856948853
USDBRL,2010-04-05,1.7604999542236328
USDBRL,2010-04-06,1.753000020980835
USDBRL,2010-04-07,1.7769999504089355
USDBRL,2010-04-08,1.7730000019073486
USDBRL,2010-04-09,1.7710000276565552
USDBRL,2010-04-12,1.7561999559402466
USDBRL,2010-04-13,1.7135000228881836
USDBRL,2010-04-14,1.746000051498413
USDBRL,2010-04-15,1.75
USDBRL,2010-04-16,1.7561999559402466
USDBRL,2010-04-19,1.7603000402450562
USDBRL,2010-04-20,1.752500057220459
USDBRL,2010-04-21,1.7480000257492065
USDBRL,2010-04-22,1.7634999752044678
USDBRL,2010-04-23,1.7627999782562256
USDBRL,2010-04-26,1.74399995803833
USDBRL,2010-04-27,1.7649999856948853
USDBRL,2010-04-28,1.7581000328063965
USDBRL,2010-04-29,1.7309999465942383
USDBRL,2010-04-30,1.728700041770935
USDBRL,2010-05-03,1.7309999465942383
USDBRL,2010-05-04,1.7493000030517578
USDBRL,2010-05-05,1.7798000574111938
USDBRL,2010-05-06,1.8341000080108643
USDBRL,2010-05-07,1.8494999408721924
USDBRL,2010-05-10,1.774899959564209
USDBRL,2010-05-11,1.7755000591278076
USDBRL,2010-05-12,1.7734999656677246
USDBRL,2010-05-13,1.7699999809265137
USDBRL,2010-05-14,1.8025000095367432
USDBRL,2010-05-17,1.8033000230789185
USDBRL,2010-05-18,1.815999984741211
USDBRL,2010-05-19,1.829699993133545
USDBRL,2010-05-20,1.8847999572753906
USDBRL,2010-05-21,1.8467999696731567
USDBRL,2010-05-24,1.8622000217437744
USDBRL,2010-05-25,1.868499994277954
USDBRL,2010-05-26,1.8630000352859497
USDBRL,2010-05-27,1.815999984741211
USDBRL,2010-05-28,1.8142999410629272
USDBRL,2010-05-31,1.8143999576568604
USDBRL,2010-06-01,1.8339999914169312
USDBRL,2010-06-02,1.8309999704360962
USDBRL,2010-06-03,1.8193999528884888
USDBRL,2010-06-04,1.8388999700546265
USDBRL,2010-06-07,1.8739999532699585
USDBRL,2010-06-08,1.8600000143051147
USDBRL,2010-06-09,1.8420000076293945
USDBRL,2010-06-10,1.8122999668121338
USDBRL,2010-06-11,1.8115999698638916
USDBRL,2010-06-14,1.8016999959945679
USDBRL,2010-06-15,1.784600019454956
USDBRL,2010-06-16,1.7868000268936157
USDBRL,2010-06-17,1.7854000329971313
USDBRL,2010-06-18,1.7723000049591064
USDBRL,2010-06-21,1.7635999917984009
USDBRL,2010-06-22,1.7668999433517456
USDBRL,2010-06-23,1.8011000156402588
USDBRL,2010-06-24,1.778499960899353
USDBRL,2010-06-25,1.7799999713897705
USDBRL,2010-06-28,1.781999945640564
USDBRL,2010-06-29,1.807800054550171
USDBRL,2010-06-30,1.7908999919891357
USDBRL,2010-07-01,1.7989000082015991
USDBRL,2010-07-02,1.7745000123977661
USDBRL,2010-07-05,1.7733999490737915
USDBRL,2010-07-06,1.7669999599456787
USDBRL,2010-07-07,1.7649999856948853
USDBRL,2010-07-08,1.7683000564575195
USDBRL,2010-07-09,1.7563999891281128
USDBRL,2010-07-12,1.7599999904632568
USDBRL,2010-07-13,1.75600004196167
USDBRL,2010-07-14,1.7660000324249268
USDBRL,2010-07-15,1.7699999809265137
USDBRL,2010-07-16,1.7826000452041626
USDBRL,2010-07-19,1.7862999439239502
USDBRL,2010-07-20,1.7736999988555908
USDBRL,2010-07-21,1.771399974822998
USDBRL,2010-07-22,1.760200023651123
USDBRL,2010-07-23,1.7604999542236328
USDBRL,2010-07-26,1.7655999660491943
USDBRL,2010-07-27,1.760699987411499
USDBRL,2010-07-28,1.7623000144958496
USDBRL,2010-07-29,1.764799952507019
USDBRL,2010-07-30,1.7584999799728394
USDBRL,2010-08-02,1.742900013923645
USDBRL,2010-08-03,1.7537000179290771
USDBRL,2010-08-04,1.7537000179290771
USDBRL,2010-08-05,1.7525999546051025
USDBRL,2010-08-06,1.753499984741211
USDBRL,2010-08-09,1.7074999809265137
USDBRL,2010-08-10,1.7510000467300415
USDBRL,2010-08-11,1.7599999904632568
USDBRL,2010-08-12,1.7684999704360962
USDBRL,2010-08-13,1.7663999795913696
USDBRL,2010-08-16,1.722000002861023
USDBRL,2010-08-17,1.7553999423980713
USDBRL,2010-08-18,1.7477999925613403
USDBRL,2010-08-19,1.7488000392913818
USDBRL,2010-08-20,1.760599970817566
USDBRL,2010-08-23,1.7128000259399414
USDBRL,2010-08-24,1.761299967765808
USDBRL,2010-08-25,1.7609000205993652
USDBRL,2010-08-26,1.7648999691009521
USDBRL,2010-08-27,1.7562999725341797
USDBRL,2010-08-30,1.6992000341415405
USDBRL,2010-08-31,1.7549999952316284
USDBRL,2010-09-01,1.750100016593933
USDBRL,2010-09-02,1.7400000095367432
USDBRL,2010-09-03,1.7395000457763672
USDBRL,2010-09-06,1.6740000247955322
USDBRL,2010-09-07,1.7249000072479248
USDBRL,2010-09-08,1.7300000190734863
USDBRL,2010-09-09,1.7192000150680542
USDBRL,2010-09-10,1.7231999635696411
USDBRL,2010-09-13,1.6679999828338623
USDBRL,2010-09-14,1.7165000438690186
USDBRL,2010-09-15,1.7015000581741333
USDBRL,2010-09-16,1.7211999893188477
USDBRL,2010-09-17,1.7174999713897705
USDBRL,2010-09-20,1.6655000448226929
USDBRL,2010-09-21,1.7265000343322754
USDBRL,2010-09-22,1.7244999408721924
USDBRL,2010-09-23,1.674299955368042
USDBRL,2010-09-24,1.7177000045776367
USDBRL,2010-09-27,1.6643999814987183
USDBRL,2010-09-28,1.7089999914169312
USDBRL,2010-09-29,1.7089999914169312
USDBRL,2010-09-30,1.7035000324249268
USDBRL,2010-10-01,1.6960999965667725
USDBRL,2010-10-04,1.6334999799728394
USDBRL,2010-10-05,1.6974999904632568
USDBRL,2010-10-06,1.6690000295639038
USDBRL,2010-10-07,1.684000015258789
USDBRL,2010-10-08,1.6778000593185425
USDBRL,2010-10-11,1.6258000135421753
USDBRL,2010-10-12,1.6612999439239502
USDBRL,2010-10-13,1.6699999570846558
USDBRL,2010-10-14,1.652500033378601
USDBRL,2010-10-15,1.660599946975708
USDBRL,2010-10-18,1.6064000129699707
USDBRL,2010-10-19,1.6720000505447388
USDBRL,2010-10-20,1.690000057220459
USDBRL,2010-10-21,1.6749999523162842
USDBRL,2010-10-22,1.694000005722046
USDBRL,2010-10-25,1.6439000368118286
USDBRL,2010-10-26,1.6998000144958496
USDBRL,2010-10-27,1.702299952507019
USDBRL,2010-10-28,1.718999981880188
USDBRL,2010-10-29,1.7135000228881836
USDBRL,2010-11-01,1.6461999416351318
USDBRL,2010-11-02,1.704300045967102
USDBRL,2010-11-03,1.7009999752044678
USDBRL,2010-11-04,1.6890000104904175
USDBRL,2010-11-05,1.6747000217437744
USDBRL,2010-11-08,1.6790000200271606
USDBRL,2010-11-09,1.6959999799728394
USDBRL,2010-11-10,1.6959999799728394
USDBRL,2010-11-11,1.7100000381469727
USDBRL,2010-11-12,1.721500039100647
USDBRL,2010-11-15,1.6704000234603882
USDBRL,2010-11-16,1.7200000286102295
USDBRL,2010-11-17,1.7359999418258667
USDBRL,2010-11-18,1.726199984550476
USDBRL,2010-11-19,1.7109999656677246
USDBRL,2010-11-22,1.6729999780654907
USDBRL,2010-11-23,1.7208000421524048
USDBRL,2010-11-24,1.7335000038146973
USDBRL,2010-11-25,1.722000002861023
USDBRL,2010-11-26,1.715499997138977
USDBRL,2010-11-29,1.729599952697754
USDBRL,2010-11-30,1.7170000076293945
USDBRL,2010-12-01,1.7144999504089355
USDBRL,2010-12-02,1.705899953842163
USDBRL,2010-12-03,1.7015000581741333
USDBRL,2010-12-06,1.6361000537872314
USDBRL,2010-12-07,1.6813000440597534
USDBRL,2010-12-08,1.6770000457763672
USDBRL,2010-12-09,1.6920000314712524
USDBRL,2010-12-10,1.7036000490188599
USDBRL,2010-12-13,1.7050000429153442
USDBRL,2010-12-14,1.6929999589920044
USDBRL,2010-12-15,1.6929999589920044
USDBRL,2010-12-16,1.6988999843597412
USDBRL,2010-12-17,1.704300045967102
USDBRL,2010-12-20,1.666200041770935
USDBRL,2010-12-21,1.7065999507904053
USDBRL,2010-12-22,1.7000000476837158
USDBRL,2010-12-23,1.6990000009536743
USDBRL,2010-12-24,1.6922999620437622
USDBRL,2010-12-27,1.6907000541687012
USDBRL,2010-12-28,1.684999942779541
USDBRL,2010-12-29,1.6901999711990356
USDBRL,2010-12-30,1.6779999732971191
USDBRL,2010-12-31,1.6619999408721924
USDBRL,2011-01-03,1.6154999732971191
USDBRL,2011-01-04,1.6464999914169312
USDBRL,2011-01-05,1.6675000190734863
USDBRL,2011-01-06,1.6749999523162842
USDBRL,2011-01-07,1.6858999729156494
USDBRL,2011-01-10,1.6354999542236328
USDBRL,2011-01-11,1.6890000104904175
USDBRL,2011-01-12,1.6416000127792358
USDBRL,2011-01-13,1.6246999502182007
USDBRL,2011-01-14,1.6690000295639038
USDBRL,2011-01-17,1.6481000185012817
USDBRL,2011-01-18,1.6821000576019287
USDBRL,2011-01-19,1.6714999675750732
USDBRL,2011-01-20,1.6699999570846558
USDBRL,2011-01-21,1.635200023651123
USDBRL,2011-01-24,1.6193000078201294
USDBRL,2011-01-25,1.6705000400543213
USDBRL,2011-01-26,1.6677000522613525
USDBRL,2011-01-27,1.618299961090088
USDBRL,2011-01-28,1.6722999811172485
USDBRL,2011-01-31,1.6342999935150146
USDBRL,2011-02-01,1.6670000553131104
USDBRL,2011-02-02,1.6651999950408936
USDBRL,2011-02-03,1.6627000570297241
USDBRL,2011-02-04,1.6684000492095947
USDBRL,2011-02-07,1.6241999864578247
USDBRL,2011-02-08,1.6279000043869019
USDBRL,2011-02-09,1.6644999980926514
USDBRL,2011-02-10,1.6619999408721924
USDBRL,2011-02-11,1.6641000509262085
USDBRL,2011-02-14,1.6154999732971191
USDBRL,2011-02-15,1.6664999723434448
USDBRL,2011-02-16,1.6685999631881714
USDBRL,2011-02-17,1.6690000295639038
USDBRL,2011-02-18,1.6619999408721924
USDBRL,2011-02-21,1.6145000457763672
USDBRL,2011-02-22,1.6675000190734863
USDBRL,2011-02-23,1.670699954032898
USDBRL,2011-02-24,1.6710000038146973
USDBRL,2011-02-25,1.6627000570297241
USDBRL,2011-02-28,1.659999966621399
USDBRL,2011-03-01,1.6588000059127808
USDBRL,2011-03-02,1.6574000120162964
USDBRL,2011-03-03,1.6541999578475952
USDBRL,2011-03-04,1.6495000123977661
USDBRL,2011-03-07,1.6398999691009521
USDBRL,2011-03-08,1.6520999670028687
USDBRL,2011-03-09,1.6540000438690186
USDBRL,2011-03-10,1.6547000408172607
USDBRL,2011-03-11,1.659000039100647
USDBRL,2011-03-14,1.6561000347137451
USDBRL,2011-03-15,1.6648999452590942
USDBRL,2011-03-16,1.6632000207901
USDBRL,2011-03-17,1.6759999990463257
USDBRL,2011-03-18,1.6794999837875366
USDBRL,2011-03-21,1.663699984550476
USDBRL,2011-03-22,1.663599967956543
USDBRL,2011-03-23,1.6592999696731567
USDBRL,2011-03-24,1.659999966621399
USDBRL,2011-03-25,1.6575000286102295
USDBRL,2011-03-28,1.649899959564209
USDBRL,2011-03-29,1.659999966621399
USDBRL,2011-03-30,1.655900001525879
USDBRL,2011-03-31,1.628499984741211
USDBRL,2011-04-01,1.6272000074386597
USDBRL,2011-04-04,1.6119999885559082
USDBRL,2011-04-05,1.6052000522613525
USDBRL,2011-04-06,1.6069999933242798
USDBRL,2011-04-07,1.6146999597549438
USDBRL,2011-04-08,1.592900037765503
USDBRL,2011-04-11,1.5702999830245972
USDBRL,2011-04-12,1.5771000385284424
USDBRL,2011-04-13,1.590999960899353
USDBRL,2011-04-14,1.5920000076293945
USDBRL,2011-04-18,1.568600058555603
USDBRL,2011-04-19,1.5889999866485596
USDBRL,2011-04-20,1.5785000324249268
USDBRL,2011-04-21,1.569000005722046
USDBRL,2011-04-22,1.569000005722046
USDBRL,2011-04-25,1.5613000392913818
USDBRL,2011-04-26,1.5750000476837158
USDBRL,2011-04-27,1.5644999742507935
USDBRL,2011-04-28,1.566499948501587
USDBRL,2011-04-29,1.586300015449524
USDBRL,2011-05-02,1.5633000135421753
USDBRL,2011-05-03,1.5765000581741333
USDBRL,2011-05-04,1.587499976158142
USDBRL,2011-05-05,1.6050000190734863
USDBRL,2011-05-06,1.625
USDBRL,2011-05-09,1.5994000434875488
USDBRL,2011-05-10,1.6154999732971191
USDBRL,2011-05-11,1.6069999933242798
USDBRL,2011-05-12,1.6198999881744385
USDBRL,2011-05-13,1.6165000200271606
USDBRL,2011-05-16,1.635599970817566
USDBRL,2011-05-17,1.6308000087738037
USDBRL,2011-05-18,1.6180000305175781
USDBRL,2011-05-19,1.611299991607666
USDBRL,2011-05-20,1.6159000396728516
USDBRL,2011-05-23,1.611299991607666
USDBRL,2011-05-24,1.6373000144958496
USDBRL,2011-05-25,1.628499984741211
USDBRL,2011-05-26,1.6265000104904175
USDBRL,2011-05-27,1.6223000288009644
USDBRL,2011-05-30,1.5943000316619873
USDBRL,2011-05-31,1.593000054359436
USDBRL,2011-06-01,1.5786999464035034
USDBRL,2011-06-02,1.5920000076293945
USDBRL,2011-06-03,1.5774999856948853
USDBRL,2011-06-06,1.5687999725341797
USDBRL,2011-06-07,1.580199956893921
USDBRL,2011-06-08,1.5770000219345093
USDBRL,2011-06-09,1.5815000534057617
USDBRL,2011-06-10,1.586899995803833
USDBRL,2011-06-13,1.5947999954223633
USDBRL,2011-06-14,1.5889999866485596
USDBRL,2011-06-15,1.5791000127792358
USDBRL,2011-06-16,1.597000002861023
USDBRL,2011-06-17,1.6060999631881714
USDBRL,2011-06-20,1.5898000001907349
USDBRL,2011-06-21,1.593999981880188
USDBRL,2011-06-22,1.587499976158142
USDBRL,2011-06-23,1.5870000123977661
USDBRL,2011-06-24,1.590499997138977
USDBRL,2011-06-27,1.590000033378601
USDBRL,2011-06-28,1.5950000286102295
USDBRL,2011-06-29,1.5779999494552612
USDBRL,2011-06-30,1.569700002670288
USDBRL,2011-07-01,1.561400055885315
USDBRL,2011-07-04,1.548799991607666
USDBRL,2011-07-05,1.5514999628067017
USDBRL,2011-07-06,1.5636999607086182
USDBRL,2011-07-07,1.569200038909912
USDBRL,2011-07-08,1.5544999837875366
USDBRL,2011-07-11,1.5618000030517578
USDBRL,2011-07-12,1.5800000429153442
USDBRL,2011-07-13,1.5746999979019165
USDBRL,2011-07-14,1.5677000284194946
USDBRL,2011-07-15,1.5765000581741333
USDBRL,2011-07-18,1.5679999589920044
USDBRL,2011-07-19,1.5750000476837158
USDBRL,2011-07-20,1.565000057220459
USDBRL,2011-07-21,1.5614999532699585
USDBRL,2011-07-22,1.552299976348877
USDBRL,2011-07-25,1.5539000034332275
USDBRL,2011-07-26,1.544100046157837
USDBRL,2011-07-27,1.5336999893188477
USDBRL,2011-07-28,1.563099980354309
USDBRL,2011-07-29,1.5628000497817993
USDBRL,2011-08-01,1.5464999675750732
USDBRL,2011-08-02,1.557800054550171
USDBRL,2011-08-03,1.5633000135421753
USDBRL,2011-08-04,1.562999963760376
USDBRL,2011-08-05,1.576799988746643
USDBRL,2011-08-08,1.593000054359436
USDBRL,2011-08-09,1.5968999862670898
USDBRL,2011-08-10,1.6282000541687012
USDBRL,2011-08-11,1.621899962425232
USDBRL,2011-08-12,1.6232999563217163
USDBRL,2011-08-15,1.6114000082015991
USDBRL,2011-08-16,1.5887000560760498
USDBRL,2011-08-17,1.5841000080108643
USDBRL,2011-08-18,1.5785000324249268
USDBRL,2011-08-19,1.6069999933242798
USDBRL,2011-08-22,1.5952999591827393
USDBRL,2011-08-23,1.6024999618530273
USDBRL,2011-08-24,1.5973000526428223
USDBRL,2011-08-25,1.607300043106079
USDBRL,2011-08-26,1.6089999675750732
USDBRL,2011-08-29,1.600000023841858
USDBRL,2011-08-30,1.5943000316619873
USDBRL,2011-08-31,1.5865000486373901
USDBRL,2011-09-01,1.5824999809265137
USDBRL,2011-09-02,1.5989999771118164
USDBRL,2011-09-05,1.6297999620437622
USDBRL,2011-09-06,1.6492999792099
USDBRL,2011-09-07,1.659999966621399
USDBRL,2011-09-08,1.653499960899353
USDBRL,2011-09-09,1.6516000032424927
USDBRL,2011-09-12,1.6749000549316406
USDBRL,2011-09-13,1.7035000324249268
USDBRL,2011-09-14,1.7115000486373901
USDBRL,2011-09-15,1.7239999771118164
USDBRL,2011-09-16,1.7091000080108643
USDBRL,2011-09-19,1.7105000019073486
USDBRL,2011-09-20,1.784600019454956
USDBRL,2011-09-21,1.791599988937378
USDBRL,2011-09-22,1.833899974822998
USDBRL,2011-09-23,1.8767999410629272
USDBRL,2011-09-26,1.8558000326156616
USDBRL,2011-09-27,1.8459999561309814
USDBRL,2011-09-28,1.8020000457763672
USDBRL,2011-09-29,1.8177000284194946
USDBRL,2011-09-30,1.8277000188827515
USDBRL,2011-10-03,1.847000002861023
USDBRL,2011-10-04,1.8876999616622925
USDBRL,2011-10-05,1.850100040435791
USDBRL,2011-10-06,1.8336999416351318
USDBRL,2011-10-07,1.8066999912261963
USDBRL,2011-10-10,1.7623000144958496
USDBRL,2011-10-11,1.746899962425232
USDBRL,2011-10-12,1.738800048828125
USDBRL,2011-10-13,1.7740000486373901
USDBRL,2011-10-14,1.7431000471115112
USDBRL,2011-10-17,1.7307000160217285
USDBRL,2011-10-18,1.7669999599456787
USDBRL,2011-10-19,1.7575000524520874
USDBRL,2011-10-20,1.761299967765808
USDBRL,2011-10-21,1.7869999408721924
USDBRL,2011-10-24,1.7676000595092773
USDBRL,2011-10-25,1.7493000030517578
USDBRL,2011-10-26,1.7615000009536743
USDBRL,2011-10-27,1.7580000162124634
USDBRL,2011-10-28,1.7089999914169312
USDBRL,2011-10-31,1.6871000528335571
USDBRL,2011-11-01,1.6923999786376953
USDBRL,2011-11-02,1.7419999837875366
USDBRL,2011-11-03,1.733299970626831
USDBRL,2011-11-04,1.7315000295639038
USDBRL,2011-11-07,1.7489999532699585
USDBRL,2011-11-08,1.749899983406067
USDBRL,2011-11-09,1.7395000457763672
USDBRL,2011-11-10,1.756600022315979
USDBRL,2011-11-11,1.7599999904632568
USDBRL,2011-11-14,1.73989999294281
USDBRL,2011-11-15,1.7595000267028809
USDBRL,2011-11-16,1.7692999839782715
USDBRL,2011-11-17,1.770300030708313
USDBRL,2011-11-18,1.7645000219345093
USDBRL,2011-11-21,1.7777999639511108
USDBRL,2011-11-22,1.8042000532150269
USDBRL,2011-11-23,1.8116999864578247
USDBRL,2011-11-24,1.8593000173568726
USDBRL,2011-11-25,1.875499963760376
USDBRL,2011-11-28,1.8803000450134277
USDBRL,2011-11-29,1.854699969291687
USDBRL,2011-11-30,1.8415000438690186
USDBRL,2011-12-01,1.8079999685287476
USDBRL,2011-12-02,1.7990000247955322
USDBRL,2011-12-05,1.795199990272522
USDBRL,2011-12-06,1.7796000242233276
USDBRL,2011-12-07,1.7910000085830688
USDBRL,2011-12-08,1.798699975013733
USDBRL,2011-12-09,1.8170000314712524
USDBRL,2011-12-12,1.7972999811172485
USDBRL,2011-12-13,1.8092000484466553
USDBRL,2011-12-14,1.857699990272522
USDBRL,2011-12-15,1.8762999773025513
USDBRL,2011-12-16,1.8588000535964966
USDBRL,2011-12-19,1.8530000448226929
USDBRL,2011-12-20,1.8665000200271606
USDBRL,2011-12-21,1.8417999744415283
USDBRL,2011-12-22,1.855299949645996
USDBRL,2011-12-23,1.8509999513626099
USDBRL,2011-12-26,1.8580000400543213
USDBRL,2011-12-27,1.8574999570846558
USDBRL,2011-12-28,1.8600000143051147
USDBRL,2011-12-29,1.8767000436782837
USDBRL,2011-12-30,1.8652000427246094
USDBRL,2012-01-02,1.8623000383377075
USDBRL,2012-01-03,1.8701000213623047
USDBRL,2012-01-04,1.8344999551773071
USDBRL,2012-01-05,1.8184000253677368
USDBRL,2012-01-06,1.843000054359436
USDBRL,2012-01-09,1.847599983215332
USDBRL,2012-01-10,1.840999960899353
USDBRL,2012-01-11,1.7990000247955322
USDBRL,2012-01-12,1.8035000562667847
USDBRL,2012-01-13,1.780900001525879
USDBRL,2012-01-16,1.7907999753952026
USDBRL,2012-01-17,1.7792999744415283
USDBRL,2012-01-18,1.7795000076293945
USDBRL,2012-01-19,1.7683000564575195
USDBRL,2012-01-20,1.7554999589920044
USDBRL,2012-01-23,1.76010000705719
USDBRL,2012-01-24,1.7519999742507935
USDBRL,2012-01-25,1.7583999633789062
USDBRL,2012-01-26,1.7599999904632568
USDBRL,2012-01-27,1.8524999618530273
USDBRL,2012-01-30,1.7380000352859497
USDBRL,2012-01-31,1.7462999820709229
USDBRL,2012-02-01,1.7447999715805054
USDBRL,2012-02-02,1.7316999435424805
USDBRL,2012-02-03,1.7180999517440796
USDBRL,2012-02-06,1.7152999639511108
USDBRL,2012-02-07,1.7237000465393066
USDBRL,2012-02-08,1.7246999740600586
USDBRL,2012-02-09,1.718400001525879
USDBRL,2012-02-10,1.715499997138977
USDBRL,2012-02-13,1.7187999486923218
USDBRL,2012-02-14,1.7151999473571777
USDBRL,2012-02-15,1.7160999774932861
USDBRL,2012-02-16,1.7276999950408936
USDBRL,2012-02-17,1.715499997138977
USDBRL,2012-02-20,1.7093000411987305
USDBRL,2012-02-21,1.7172000408172607
USDBRL,2012-02-22,1.7144999504089355
USDBRL,2012-02-23,1.7051000595092773
USDBRL,2012-02-24,1.7128000259399414
USDBRL,2012-02-27,1.7065999507904053
USDBRL,2012-02-28,1.705899953842163
USDBRL,2012-02-29,1.697700023651123
USDBRL,2012-03-01,1.716599941253662
USDBRL,2012-03-02,1.7135000228881836
USDBRL,2012-03-05,1.7293000221252441
USDBRL,2012-03-06,1.7378000020980835
USDBRL,2012-03-07,1.7592999935150146
USDBRL,2012-03-08,1.7657999992370605
USDBRL,2012-03-09,1.761299967765808
USDBRL,2012-03-12,1.7891000509262085
USDBRL,2012-03-13,1.798799991607666
USDBRL,2012-03-14,1.7913000583648682
USDBRL,2012-03-15,1.8034000396728516
USDBRL,2012-03-16,1.799399971961975
USDBRL,2012-03-19,1.7975000143051147
USDBRL,2012-03-20,1.8207000494003296
USDBRL,2012-03-21,1.8141000270843506
USDBRL,2012-03-22,1.819200038909912
USDBRL,2012-03-23,1.8180999755859375
USDBRL,2012-03-26,1.8092999458312988
USDBRL,2012-03-27,1.8171000480651855
USDBRL,2012-03-28,1.8212000131607056
USDBRL,2012-03-29,1.8234000205993652
USDBRL,2012-03-30,1.8207999467849731
USDBRL,2012-04-02,1.825700044631958
USDBRL,2012-04-03,1.832800030708313
USDBRL,2012-04-04,1.829200029373169
USDBRL,2012-04-05,1.8274999856948853
USDBRL,2012-04-06,1.8229000568389893
USDBRL,2012-04-09,1.8219000101089478
USDBRL,2012-04-10,1.819000005722046
USDBRL,2012-04-11,1.8324999809265137
USDBRL,2012-04-12,1.8345999717712402
USDBRL,2012-04-13,1.826200008392334
USDBRL,2012-04-16,1.837399959564209
USDBRL,2012-04-17,1.8457000255584717
USDBRL,2012-04-18,1.8583999872207642
USDBRL,2012-04-19,1.8776999711990356
USDBRL,2012-04-20,1.8795000314712524
USDBRL,2012-04-23,1.8717999458312988
USDBRL,2012-04-24,1.8797999620437622
USDBRL,2012-04-25,1.8792999982833862
USDBRL,2012-04-26,1.8788000345230103
USDBRL,2012-04-27,1.8838000297546387
USDBRL,2012-04-30,1.8860000371932983
USDBRL,2012-05-01,1.9057999849319458
USDBRL,2012-05-02,1.9063999652862549
USDBRL,2012-05-03,1.9221999645233154
USDBRL,2012-05-04,1.9098000526428223
USDBRL,2012-05-07,1.926900029182434
USDBRL,2012-05-08,1.9187999963760376
USDBRL,2012-05-09,1.9378999471664429
USDBRL,2012-05-10,1.969499945640564
USDBRL,2012-05-11,1.9520000219345093
USDBRL,2012-05-14,1.9651999473571777
USDBRL,2012-05-15,1.9925999641418457
USDBRL,2012-05-16,1.999899983406067
USDBRL,2012-05-17,1.999400019645691
USDBRL,2012-05-18,2.007699966430664
USDBRL,2012-05-21,2.0220000743865967
USDBRL,2012-05-22,2.0322999954223633
USDBRL,2012-05-23,2.0873000621795654
USDBRL,2012-05-24,2.027100086212158
USDBRL,2012-05-25,2.027400016784668
USDBRL,2012-05-28,1.9846999645233154
USDBRL,2012-05-29,1.9818999767303467
USDBRL,2012-05-30,1.9919999837875366
USDBRL,2012-05-31,2.014899969100952
USDBRL,2012-06-01,2.0253000259399414
USDBRL,2012-06-04,2.038800001144409
USDBRL,2012-06-05,2.0529000759124756
USDBRL,2012-06-06,2.0215001106262207
USDBRL,2012-06-07,2.031599998474121
USDBRL,2012-06-08,2.029599905014038
USDBRL,2012-06-11,2.0220000743865967
USDBRL,2012-06-12,2.063699960708618
USDBRL,2012-06-13,2.066800117492676
USDBRL,2012-06-14,2.0708999633789062
USDBRL,2012-06-15,2.057800054550171
USDBRL,2012-06-18,2.0481998920440674
USDBRL,2012-06-19,2.0601000785827637
USDBRL,2012-06-20,2.027899980545044
USDBRL,2012-06-21,2.0225000381469727
USDBRL,2012-06-22,2.0622000694274902
USDBRL,2012-06-25,2.065999984741211
USDBRL,2012-06-26,2.06030011177063
USDBRL,2012-06-27,2.074700117111206
USDBRL,2012-06-28,2.07450008392334
USDBRL,2012-06-29,2.0768001079559326
USDBRL,2012-07-02,2.008699893951416
USDBRL,2012-07-03,1.9845999479293823
USDBRL,2012-07-04,2.0083999633789062
USDBRL,2012-07-05,2.0262999534606934
USDBRL,2012-07-06,2.018699884414673
USDBRL,2012-07-09,2.027600049972534
USDBRL,2012-07-10,2.031399965286255
USDBRL,2012-07-11,2.0325000286102295
USDBRL,2012-07-12,2.0352001190185547
USDBRL,2012-07-13,2.0367000102996826
USDBRL,2012-07-16,2.0373001098632812
USDBRL,2012-07-17,2.03410005569458
USDBRL,2012-07-18,2.0206000804901123
USDBRL,2012-07-19,2.0185000896453857
USDBRL,2012-07-20,2.011199951171875
USDBRL,2012-07-23,2.022900104522705
USDBRL,2012-07-24,2.036400079727173
USDBRL,2012-07-25,2.0455000400543213
USDBRL,2012-07-26,2.0327000617980957
USDBRL,2012-07-27,2.0201001167297363
USDBRL,2012-07-30,2.020900011062622
USDBRL,2012-07-31,2.040299892425537
USDBRL,2012-08-01,2.0566999912261963
USDBRL,2012-08-02,2.042099952697754
USDBRL,2012-08-03,2.0483999252319336
USDBRL,2012-08-06,2.0269999504089355
USDBRL,2012-08-07,2.0285000801086426
USDBRL,2012-08-08,2.027100086212158
USDBRL,2012-08-09,2.0211000442504883
USDBRL,2012-08-10,2.0171000957489014
USDBRL,2012-08-13,2.0139000415802
USDBRL,2012-08-14,2.019700050354004
USDBRL,2012-08-15,2.0257999897003174
USDBRL,2012-08-16,2.0236001014709473
USDBRL,2012-08-17,2.0151000022888184
USDBRL,2012-08-20,2.0144999027252197
USDBRL,2012-08-21,2.0143001079559326
USDBRL,2012-08-22,2.0109000205993652
USDBRL,2012-08-23,2.0153000354766846
USDBRL,2012-08-24,2.0227999687194824
USDBRL,2012-08-27,2.023099899291992
USDBRL,2012-08-28,2.0309998989105225
USDBRL,2012-08-29,2.0408999919891357
USDBRL,2012-08-30,2.046999931335449
USDBRL,2012-08-31,2.0455000400543213
USDBRL,2012-09-03,2.0276999473571777
USDBRL,2012-09-04,2.028599977493286
USDBRL,2012-09-05,2.0367000102996826
USDBRL,2012-09-06,2.0362000465393066
USDBRL,2012-09-07,2.0250000953674316
USDBRL,2012-09-10,2.0253000259399414
USDBRL,2012-09-11,2.0192999839782715
USDBRL,2012-09-12,2.011899948120117
USDBRL,2012-09-13,2.0237998962402344
USDBRL,2012-09-14,2.018199920654297
USDBRL,2012-09-17,2.0092999935150146
USDBRL,2012-09-18,2.0302999019622803
USDBRL,2012-09-19,2.01990008354187
USDBRL,2012-09-20,2.0215001106262207
USDBRL,2012-09-21,2.0181000232696533
USDBRL,2012-09-24,2.0188000202178955
USDBRL,2012-09-25,2.0234999656677246
USDBRL,2012-09-26,2.0281999111175537
USDBRL,2012-09-27,2.0332000255584717
USDBRL,2012-09-28,2.0269999504089355
USDBRL,2012-10-01,2.022599935531616
USDBRL,2012-10-02,2.0230000019073486
USDBRL,2012-10-03,2.025099992752075
USDBRL,2012-10-04,2.018699884414673
USDBRL,2012-10-05,2.0160999298095703
USDBRL,2012-10-08,1.9974000453948975
USDBRL,2012-10-09,2.028700113296509
USDBRL,2012-10-10,2.0306999683380127
USDBRL,2012-10-11,2.039400100708008
USDBRL,2012-10-12,2.039099931716919
USDBRL,2012-10-15,2.0418999195098877
USDBRL,2012-10-16,2.0355000495910645
USDBRL,2012-10-17,2.033400058746338
USDBRL,2012-10-18,2.029900074005127
USDBRL,2012-10-19,2.0260000228881836
USDBRL,2012-10-22,2.0260000228881836
USDBRL,2012-10-23,2.0230000019073486
USDBRL,2012-10-24,2.025399923324585
USDBRL,2012-10-25,2.0241000652313232
USDBRL,2012-10-26,2.0239999294281006
USDBRL,2012-10-29,2.0251998901367188
USDBRL,2012-10-30,2.030900001525879
USDBRL,2012-10-31,2.0290000438690186
USDBRL,2012-11-01,2.027899980545044
USDBRL,2012-11-02,2.0295000076293945
USDBRL,2012-11-05,2.0288000106811523
USDBRL,2012-11-06,2.0341999530792236
USDBRL,2012-11-07,2.029099941253662
USDBRL,2012-11-08,2.0329999923706055
USDBRL,2012-11-09,2.0371999740600586
USDBRL,2012-11-12,2.0445001125335693
USDBRL,2012-11-13,2.049299955368042
USDBRL,2012-11-14,2.0571999549865723
USDBRL,2012-11-15,2.063699960708618
USDBRL,2012-11-16,2.0648000240325928
USDBRL,2012-11-19,2.0806000232696533
USDBRL,2012-11-20,2.077199935913086
USDBRL,2012-11-21,2.080199956893921
USDBRL,2012-11-22,2.095599889755249
USDBRL,2012-11-23,2.103300094604492
USDBRL,2012-11-26,2.0801000595092773
USDBRL,2012-11-27,2.0813000202178955
USDBRL,2012-11-28,2.0829999446868896
USDBRL,2012-11-29,2.091900110244751
USDBRL,2012-11-30,2.095599889755249
USDBRL,2012-12-03,2.1338999271392822
USDBRL,2012-12-04,2.1191000938415527
USDBRL,2012-12-05,2.118299961090088
USDBRL,2012-12-06,2.087100028991699
USDBRL,2012-12-07,2.0759999752044678
USDBRL,2012-12-10,2.073499917984009
USDBRL,2012-12-11,2.076200008392334
USDBRL,2012-12-12,2.0755999088287354
USDBRL,2012-12-13,2.0703999996185303
USDBRL,2012-12-14,2.0843000411987305
USDBRL,2012-12-17,2.085099935531616
USDBRL,2012-12-18,2.095099925994873
USDBRL,2012-12-19,2.0880000591278076
USDBRL,2012-12-20,2.069200038909912
USDBRL,2012-12-21,2.0692999362945557
USDBRL,2012-12-24,2.056299924850464
USDBRL,2012-12-25,2.074899911880493
USDBRL,2012-12-26,2.0771000385284424
USDBRL,2012-12-27,2.0480000972747803
USDBRL,2012-12-28,2.0416998863220215
USDBRL,2012-12-31,2.045099973678589
USDBRL,2013-01-01,2.0506999492645264
USDBRL,2013-01-02,2.045599937438965
USDBRL,2013-01-03,2.045599937438965
USDBRL,2013-01-04,2.0487000942230225
USDBRL,2013-01-07,2.032399892807007
USDBRL,2013-01-08,2.026400089263916
USDBRL,2013-01-09,2.04010009765625
USDBRL,2013-01-10,2.0476999282836914
USDBRL,2013-01-11,2.0276999473571777
USDBRL,2013-01-14,2.0297000408172607
USDBRL,2013-01-15,2.032399892807007
USDBRL,2013-01-17,2.040800094604492
USDBRL,2013-01-18,2.037100076675415
USDBRL,2013-01-21,2.0297999382019043
USDBRL,2013-01-22,2.0387001037597656
USDBRL,2013-01-23,2.0409998893737793
USDBRL,2013-01-24,2.033900022506714
USDBRL,2013-01-25,2.0285000801086426
USDBRL,2013-01-28,2.0285000801086426
USDBRL,2013-01-29,1.9940999746322632
USDBRL,2013-01-30,1.9864000082015991
USDBRL,2013-01-31,1.9882999658584595
USDBRL,2013-02-01,1.9905999898910522
USDBRL,2013-02-04,1.9864000082015991
USDBRL,2013-02-05,1.9946999549865723
USDBRL,2013-02-06,1.9829000234603882
USDBRL,2013-02-07,1.9859000444412231
USDBRL,2013-02-08,1.9635000228881836
USDBRL,2013-02-11,1.9701000452041626
USDBRL,2013-02-12,1.9707000255584717
USDBRL,2013-02-13,1.9687999486923218
USDBRL,2013-02-14,1.9641000032424927
USDBRL,2013-02-15,1.9562000036239624
USDBRL,2013-02-18,1.9651999473571777
USDBRL,2013-02-19,1.9596999883651733
USDBRL,2013-02-20,1.9538999795913696
USDBRL,2013-02-21,1.9601000547409058
USDBRL,2013-02-22,1.9717999696731567
USDBRL,2013-02-25,1.969099998474121
USDBRL,2013-02-26,1.9804999828338623
USDBRL,2013-02-27,1.982100009918213
USDBRL,2013-02-28,1.9744000434875488
USDBRL,2013-03-01,1.9776999950408936
USDBRL,2013-03-04,1.9810999631881714
USDBRL,2013-03-05,1.9710999727249146
USDBRL,2013-03-06,1.962499976158142
USDBRL,2013-03-07,1.9707000255584717
USDBRL,2013-03-08,1.9594999551773071
USDBRL,2013-03-11,1.9419000148773193
USDBRL,2013-03-12,1.9572999477386475
USDBRL,2013-03-13,1.9656000137329102
USDBRL,2013-03-14,1.971500039100647
USDBRL,2013-03-15,1.972000002861023
USDBRL,2013-03-18,1.9788000583648682
USDBRL,2013-03-19,1.982800006866455
USDBRL,2013-03-20,1.9825999736785889
USDBRL,2013-03-21,1.9844000339508057
USDBRL,2013-03-22,2.0051000118255615
USDBRL,2013-03-25,2.006500005722046
USDBRL,2013-03-26,2.00600004196167
USDBRL,2013-03-27,2.014899969100952
USDBRL,2013-03-28,2.010200023651123
USDBRL,2013-03-29,2.019200086593628
USDBRL,2013-04-01,2.0190000534057617
USDBRL,2013-04-02,2.0151000022888184
USDBRL,2013-04-03,2.0185999870300293
USDBRL,2013-04-04,2.0209999084472656
USDBRL,2013-04-05,2.0127999782562256
USDBRL,2013-04-08,1.983199954032898
USDBRL,2013-04-09,1.9896999597549438
USDBRL,2013-04-10,1.9805999994277954
USDBRL,2013-04-11,1.9731999635696411
USDBRL,2013-04-12,1.9747999906539917
USDBRL,2013-04-15,1.9661999940872192
USDBRL,2013-04-16,1.9980000257492065
USDBRL,2013-04-17,1.9845999479293823
USDBRL,2013-04-18,1.9970999956130981
USDBRL,2013-04-19,1.9816999435424805
USDBRL,2013-04-22,2.005199909210205
USDBRL,2013-04-23,2.015899896621704
USDBRL,2013-04-24,2.018399953842163
USDBRL,2013-04-25,2.008699893951416
USDBRL,2013-04-26,1.9993000030517578
USDBRL,2013-04-29,1.993299961090088
USDBRL,2013-04-30,2.00570011138916
USDBRL,2013-05-01,2.001499891281128
USDBRL,2013-05-02,2.001699924468994
USDBRL,2013-05-03,2.0069000720977783
USDBRL,2013-05-06,2.0053999423980713
USDBRL,2013-05-07,2.0058999061584473
USDBRL,2013-05-08,2.0058000087738037
USDBRL,2013-05-09,2.000699996948242
USDBRL,2013-05-10,2.0092999935150146
USDBRL,2013-05-13,2.0137999057769775
USDBRL,2013-05-14,2.006200075149536
USDBRL,2013-05-15,2.018399953842163
USDBRL,2013-05-16,2.01990008354187
USDBRL,2013-05-17,2.022599935531616
USDBRL,2013-05-20,2.0311999320983887
USDBRL,2013-05-21,2.0357000827789307
USDBRL,2013-05-22,2.0327999591827393
USDBRL,2013-05-23,2.045599937438965
USDBRL,2013-05-24,2.041100025177002
USDBRL,2013-05-27,2.0469000339508057
USDBRL,2013-05-28,2.053499937057495
USDBRL,2013-05-29,2.0738000869750977
USDBRL,2013-05-30,2.107300043106079
USDBRL,2013-05-31,2.1077001094818115
USDBRL,2013-06-03,2.089900016784668
USDBRL,2013-06-04,2.121299982070923
USDBRL,2013-06-05,2.124000072479248
USDBRL,2013-06-06,2.1250998973846436
USDBRL,2013-06-07,2.1273999214172363
USDBRL,2013-06-10,2.1273999214172363
USDBRL,2013-06-11,2.1273999214172363
USDBRL,2013-06-12,2.1273999214172363
USDBRL,2013-06-13,2.1526999473571777
USDBRL,2013-06-14,2.11680006980896
USDBRL,2013-06-17,2.096400022506714
USDBRL,2013-06-18,2.167799949645996
USDBRL,2013-06-19,2.1775999069213867
USDBRL,2013-06-20,2.2242000102996826
USDBRL,2013-06-21,2.25570011138916
USDBRL,2013-06-24,2.2385001182556152
USDBRL,2013-06-25,2.225600004196167
USDBRL,2013-06-26,2.210200071334839
USDBRL,2013-06-27,2.186199903488159
USDBRL,2013-06-28,2.1958999633789062
USDBRL,2013-07-01,2.189199924468994
USDBRL,2013-07-02,2.223099946975708
USDBRL,2013-07-03,2.2472000122070312
USDBRL,2013-07-04,2.263400077819824
USDBRL,2013-07-05,2.246000051498413
USDBRL,2013-07-08,2.247499942779541
USDBRL,2013-07-09,2.2614998817443848
USDBRL,2013-07-10,2.2541000843048096
USDBRL,2013-07-11,2.270400047302246
USDBRL,2013-07-12,2.252000093460083
USDBRL,2013-07-15,2.261899948120117
USDBRL,2013-07-16,2.2163000106811523
USDBRL,2013-07-17,2.248800039291382
USDBRL,2013-07-18,2.222899913787842
USDBRL,2013-07-19,2.2218000888824463
USDBRL,2013-07-22,2.244800090789795
USDBRL,2013-07-23,2.2302000522613525
USDBRL,2013-07-24,2.2100000381469727
USDBRL,2013-07-25,2.2435998916625977
USDBRL,2013-07-26,2.2407000064849854
USDBRL,2013-07-29,2.2544000148773193
USDBRL,2013-07-30,2.2665998935699463
USDBRL,2013-07-31,2.279400110244751
USDBRL,2013-08-01,2.273699998855591
USDBRL,2013-08-02,2.3011999130249023
USDBRL,2013-08-05,2.2839999198913574
USDBRL,2013-08-06,2.3025999069213867
USDBRL,2013-08-07,2.2952001094818115
USDBRL,2013-08-08,2.3041000366210938
USDBRL,2013-08-09,2.2785000801086426
USDBRL,2013-08-12,2.2685999870300293
USDBRL,2013-08-13,2.2844998836517334
USDBRL,2013-08-14,2.310699939727783
USDBRL,2013-08-15,2.321500062942505
USDBRL,2013-08-16,2.3378000259399414
USDBRL,2013-08-19,2.387500047683716
USDBRL,2013-08-20,2.409600019454956
USDBRL,2013-08-21,2.393899917602539
USDBRL,2013-08-22,2.4477999210357666
USDBRL,2013-08-23,2.432499885559082
USDBRL,2013-08-26,2.3454999923706055
USDBRL,2013-08-27,2.376199960708618
USDBRL,2013-08-28,2.3684000968933105
USDBRL,2013-08-29,2.3424999713897705
USDBRL,2013-08-30,2.356100082397461
USDBRL,2013-09-02,2.38070011138916
USDBRL,2013-09-03,2.374799966812134
USDBRL,2013-09-04,2.3559999465942383
USDBRL,2013-09-05,2.357800006866455
USDBRL,2013-09-06,2.3203999996185303
USDBRL,2013-09-09,2.300600051879883
USDBRL,2013-09-10,2.273900032043457
USDBRL,2013-09-11,2.2822999954223633
USDBRL,2013-09-12,2.2718000411987305
USDBRL,2013-09-13,2.272599935531616
USDBRL,2013-09-16,2.276700019836426
USDBRL,2013-09-17,2.281399965286255
USDBRL,2013-09-18,2.2502999305725098
USDBRL,2013-09-19,2.182800054550171
USDBRL,2013-09-20,2.1972999572753906
USDBRL,2013-09-23,2.2074999809265137
USDBRL,2013-09-24,2.1958000659942627
USDBRL,2013-09-25,2.194700002670288
USDBRL,2013-09-26,2.223299980163574
USDBRL,2013-09-27,2.239000082015991
USDBRL,2013-09-30,2.2227001190185547
USDBRL,2013-10-01,2.2170000076293945
USDBRL,2013-10-02,2.212599992752075
USDBRL,2013-10-03,2.1895999908447266
USDBRL,2013-10-04,2.204900026321411
USDBRL,2013-10-07,2.2074999809265137
USDBRL,2013-10-09,2.2051000595092773
USDBRL,2013-10-10,2.2026000022888184
USDBRL,2013-10-11,2.1772000789642334
USDBRL,2013-10-14,2.1710000038146973
USDBRL,2013-10-15,2.1789000034332275
USDBRL,2013-10-16,2.177299976348877
USDBRL,2013-10-17,2.178100109100342
USDBRL,2013-10-18,2.1584999561309814
USDBRL,2013-10-21,2.1454999446868896
USDBRL,2013-10-22,2.170599937438965
USDBRL,2013-10-23,2.169600009918213
USDBRL,2013-10-24,2.186300039291382
USDBRL,2013-10-25,2.2005999088287354
USDBRL,2013-10-28,2.1844000816345215
USDBRL,2013-10-29,2.177500009536743
USDBRL,2013-10-30,2.181999921798706
USDBRL,2013-10-31,2.1810998916625977
USDBRL,2013-11-01,2.231800079345703
USDBRL,2013-11-04,2.251699924468994
USDBRL,2013-11-05,2.240799903869629
USDBRL,2013-11-06,2.2772998809814453
USDBRL,2013-11-07,2.2825000286102295
USDBRL,2013-11-08,2.3029000759124756
USDBRL,2013-11-11,2.309299945831299
USDBRL,2013-11-12,2.3278000354766846
USDBRL,2013-11-13,2.330399990081787
USDBRL,2013-11-14,2.3289999961853027
USDBRL,2013-11-15,2.311300039291382
USDBRL,2013-11-18,2.3159000873565674
USDBRL,2013-11-19,2.2604000568389893
USDBRL,2013-11-20,2.2688000202178955
USDBRL,2013-11-21,2.268699884414673
USDBRL,2013-11-22,2.3020999431610107
USDBRL,2013-11-25,2.2737998962402344
USDBRL,2013-11-26,2.2808001041412354
USDBRL,2013-11-27,2.293800115585327
USDBRL,2013-11-28,2.3269999027252197
USDBRL,2013-11-29,2.3148999214172363
USDBRL,2013-12-02,2.3308000564575195
USDBRL,2013-12-03,2.353300094604492
USDBRL,2013-12-04,2.372999906539917
USDBRL,2013-12-05,2.388000011444092
USDBRL,2013-12-06,2.3561999797821045
USDBRL,2013-12-09,2.3217999935150146
USDBRL,2013-12-10,2.316999912261963
USDBRL,2013-12-11,2.305999994277954
USDBRL,2013-12-12,2.33870005607605
USDBRL,2013-12-13,2.3320000171661377
USDBRL,2013-12-16,2.325000047683716
USDBRL,2013-12-17,2.3229000568389893
USDBRL,2013-12-18,2.3164000511169434
USDBRL,2013-12-19,2.328900098800659
USDBRL,2013-12-20,2.3545000553131104
USDBRL,2013-12-23,2.382699966430664
USDBRL,2013-12-24,2.3540000915527344
USDBRL,2013-12-25,2.3552000522613525
USDBRL,2013-12-26,2.3545000553131104
USDBRL,2013-12-27,2.352299928665161
USDBRL,2013-12-30,2.3334999084472656
USDBRL,2013-12-31,2.359299898147583
USDBRL,2014-01-01,2.3592000007629395
USDBRL,2014-01-02,2.357100009918213
USDBRL,2014-01-03,2.384700059890747
USDBRL,2014-01-06,2.371500015258789
USDBRL,2014-01-07,2.373699903488159
USDBRL,2014-01-08,2.3687000274658203
USDBRL,2014-01-09,2.3919999599456787
USDBRL,2014-01-10,2.388000011444092
USDBRL,2014-01-13,2.3534998893737793
USDBRL,2014-01-14,2.356800079345703
USDBRL,2014-01-15,2.351599931716919
USDBRL,2014-01-16,2.3554999828338623
USDBRL,2014-01-17,2.360599994659424
USDBRL,2014-01-20,2.3475000858306885
USDBRL,2014-01-21,2.3405001163482666
USDBRL,2014-01-22,2.357800006866455
USDBRL,2014-01-23,2.3696000576019287
USDBRL,2014-01-24,2.390899896621704
USDBRL,2014-01-27,2.393199920654297
USDBRL,2014-01-28,2.4184000492095947
USDBRL,2014-01-29,2.4233999252319336
USDBRL,2014-01-30,2.4323999881744385
USDBRL,2014-01-31,2.408799886703491
USDBRL,2014-02-03,2.422300100326538
USDBRL,2014-02-04,2.4372000694274902
USDBRL,2014-02-05,2.406399965286255
USDBRL,2014-02-06,2.3954999446868896
USDBRL,2014-02-07,2.379499912261963
USDBRL,2014-02-10,2.375200033187866
USDBRL,2014-02-11,2.4061999320983887
USDBRL,2014-02-12,2.401400089263916
USDBRL,2014-02-13,2.4170000553131104
USDBRL,2014-02-14,2.3910000324249268
USDBRL,2014-02-17,2.3840999603271484
USDBRL,2014-02-18,2.3817999362945557
USDBRL,2014-02-19,2.3861000537872314
USDBRL,2014-02-20,2.3889999389648438
USDBRL,2014-02-21,2.3696000576019287
USDBRL,2014-02-24,2.34060001373291
USDBRL,2014-02-25,2.3362998962402344
USDBRL,2014-02-26,2.3387999534606934
USDBRL,2014-02-27,2.3480000495910645
USDBRL,2014-02-28,2.319000005722046
USDBRL,2014-03-03,2.333400011062622
USDBRL,2014-03-04,2.341099977493286
USDBRL,2014-03-05,2.3378000259399414
USDBRL,2014-03-06,2.3173000812530518
USDBRL,2014-03-07,2.319999933242798
USDBRL,2014-03-10,2.335599899291992
USDBRL,2014-03-11,2.3431999683380127
USDBRL,2014-03-12,2.3594000339508057
USDBRL,2014-03-13,2.352299928665161
USDBRL,2014-03-14,2.3610999584198
USDBRL,2014-03-17,2.3405001163482666
USDBRL,2014-03-18,2.346100091934204
USDBRL,2014-03-19,2.329400062561035
USDBRL,2014-03-20,2.344599962234497
USDBRL,2014-03-21,2.3232998847961426
USDBRL,2014-03-24,2.3197999000549316
USDBRL,2014-03-25,2.3185999393463135
USDBRL,2014-03-26,2.3090999126434326
USDBRL,2014-03-27,2.2929000854492188
USDBRL,2014-03-28,2.256200075149536
USDBRL,2014-03-31,2.2560999393463135
USDBRL,2014-04-01,2.2692999839782715
USDBRL,2014-04-02,2.2583000659942627
USDBRL,2014-04-03,2.265000104904175
USDBRL,2014-04-04,2.2764999866485596
USDBRL,2014-04-07,2.230799913406372
USDBRL,2014-04-08,2.2142999172210693
USDBRL,2014-04-09,2.198899984359741
USDBRL,2014-04-10,2.181299924850464
USDBRL,2014-04-11,2.203900098800659
USDBRL,2014-04-14,2.213900089263916
USDBRL,2014-04-15,2.2123000621795654
USDBRL,2014-04-16,2.233599901199341
USDBRL,2014-04-17,2.2381999492645264
USDBRL,2014-04-18,2.2281999588012695
USDBRL,2014-04-21,2.2281999588012695
USDBRL,2014-04-22,2.2281999588012695
USDBRL,2014-04-23,2.236999988555908
USDBRL,2014-04-24,2.217900037765503
USDBRL,2014-04-25,2.2090001106262207
USDBRL,2014-04-28,2.238800048828125
USDBRL,2014-04-29,2.2202999591827393
USDBRL,2014-04-30,2.2332000732421875
USDBRL,2014-05-01,2.2279999256134033
USDBRL,2014-05-02,2.2307000160217285
USDBRL,2014-05-05,2.2149999141693115
USDBRL,2014-05-06,2.242300033569336
USDBRL,2014-05-07,2.2269999980926514
USDBRL,2014-05-08,2.2139999866485596
USDBRL,2014-05-09,2.2130000591278076
USDBRL,2014-05-12,2.2074999809265137
USDBRL,2014-05-13,2.20989990234375
USDBRL,2014-05-14,2.2116000652313232
USDBRL,2014-05-15,2.199700117111206
USDBRL,2014-05-16,2.21560001373291
USDBRL,2014-05-19,2.2102999687194824
USDBRL,2014-05-20,2.202899932861328
USDBRL,2014-05-21,2.2128000259399414
USDBRL,2014-05-22,2.2051000595092773
USDBRL,2014-05-23,2.2107999324798584
USDBRL,2014-05-26,2.2190001010894775
USDBRL,2014-05-27,2.221100091934204
USDBRL,2014-05-28,2.232800006866455
USDBRL,2014-05-29,2.22760009765625
USDBRL,2014-05-30,2.223599910736084
USDBRL,2014-06-02,2.236799955368042
USDBRL,2014-06-03,2.2737998962402344
USDBRL,2014-06-04,2.276599884033203
USDBRL,2014-06-05,2.275399923324585
USDBRL,2014-06-06,2.2562999725341797
USDBRL,2014-06-09,2.242799997329712
USDBRL,2014-06-10,2.2262001037597656
USDBRL,2014-06-11,2.219099998474121
USDBRL,2014-06-12,2.2304000854492188
USDBRL,2014-06-13,2.2269999980926514
USDBRL,2014-06-16,2.219599962234497
USDBRL,2014-06-17,2.22979998588562
USDBRL,2014-06-18,2.2588000297546387
USDBRL,2014-06-19,2.2197000980377197
USDBRL,2014-06-20,2.2195000648498535
USDBRL,2014-06-23,2.226799964904785
USDBRL,2014-06-24,2.2130000591278076
USDBRL,2014-06-25,2.22160005569458
USDBRL,2014-06-26,2.2047998905181885
USDBRL,2014-06-27,2.1939001083374023
USDBRL,2014-06-30,2.191800117492676
USDBRL,2014-07-01,2.211699962615967
USDBRL,2014-07-02,2.1981000900268555
USDBRL,2014-07-03,2.2223000526428223
USDBRL,2014-07-04,2.2067999839782715
USDBRL,2014-07-07,2.2098000049591064
USDBRL,2014-07-08,2.2225000858306885
USDBRL,2014-07-09,2.209399938583374
USDBRL,2014-07-10,2.20740008354187
USDBRL,2014-07-11,2.218600034713745
USDBRL,2014-07-14,2.2174999713897705
USDBRL,2014-07-15,2.2072999477386475
USDBRL,2014-07-16,2.2158000469207764
USDBRL,2014-07-17,2.2207000255584717
USDBRL,2014-07-18,2.2553999423980713
USDBRL,2014-07-21,2.2223000526428223
USDBRL,2014-07-22,2.2181999683380127
USDBRL,2014-07-23,2.2083001136779785
USDBRL,2014-07-24,2.21589994430542
USDBRL,2014-07-25,2.2153000831604004
USDBRL,2014-07-28,2.222100019454956
USDBRL,2014-07-29,2.2193000316619873
USDBRL,2014-07-30,2.2269999980926514
USDBRL,2014-07-31,2.2437000274658203
USDBRL,2014-08-01,2.2602999210357666
USDBRL,2014-08-04,2.2523000240325928
USDBRL,2014-08-05,2.253999948501587
USDBRL,2014-08-06,2.2762999534606934
USDBRL,2014-08-07,2.270699977874756
USDBRL,2014-08-08,2.294100046157837
USDBRL,2014-08-11,2.2790000438690186
USDBRL,2014-08-12,2.27239990234375
USDBRL,2014-08-13,2.274899959564209
USDBRL,2014-08-14,2.2785000801086426
USDBRL,2014-08-15,2.2639000415802
USDBRL,2014-08-18,2.2455999851226807
USDBRL,2014-08-19,2.255199909210205
USDBRL,2014-08-20,2.243499994277954
USDBRL,2014-08-21,2.2572999000549316
USDBRL,2014-08-22,2.2667999267578125
USDBRL,2014-08-25,2.272900104522705
USDBRL,2014-08-26,2.282900094985962
USDBRL,2014-08-27,2.2585999965667725
USDBRL,2014-08-28,2.2435998916625977
USDBRL,2014-08-29,2.2372000217437744
USDBRL,2014-09-01,2.231600046157837
USDBRL,2014-09-02,2.2430999279022217
USDBRL,2014-09-03,2.239799976348877
USDBRL,2014-09-04,2.2339999675750732
USDBRL,2014-09-05,2.239300012588501
USDBRL,2014-09-08,2.237799882888794
USDBRL,2014-09-09,2.265000104904175
USDBRL,2014-09-10,2.2832000255584717
USDBRL,2014-09-11,2.2852001190185547
USDBRL,2014-09-12,2.2948999404907227
USDBRL,2014-09-15,2.271899938583374
USDBRL,2014-09-16,2.3394999504089355
USDBRL,2014-09-17,2.333699941635132
USDBRL,2014-09-18,2.355299949645996
USDBRL,2014-09-19,2.3631999492645264
USDBRL,2014-09-22,2.365000009536743
USDBRL,2014-09-23,2.395699977874756
USDBRL,2014-09-24,2.4096999168395996
USDBRL,2014-09-25,2.3794000148773193
USDBRL,2014-09-26,2.4251999855041504
USDBRL,2014-09-29,2.419800043106079
USDBRL,2014-09-30,2.44350004196167
USDBRL,2014-10-01,2.4358999729156494
USDBRL,2014-10-02,2.4816999435424805
USDBRL,2014-10-03,2.4921000003814697
USDBRL,2014-10-06,2.454900026321411
USDBRL,2014-10-07,2.425299882888794
USDBRL,2014-10-08,2.393199920654297
USDBRL,2014-10-09,2.374000072479248
USDBRL,2014-10-10,2.39490008354187
USDBRL,2014-10-13,2.385999917984009
USDBRL,2014-10-14,2.390500068664551
USDBRL,2014-10-15,2.3961000442504883
USDBRL,2014-10-16,2.452399969100952
USDBRL,2014-10-17,2.46589994430542
USDBRL,2014-10-20,2.4307000637054443
USDBRL,2014-10-21,2.4621999263763428
USDBRL,2014-10-22,2.4779999256134033
USDBRL,2014-10-23,2.484299898147583
USDBRL,2014-10-24,2.495699882507324
USDBRL,2014-10-27,2.468899965286255
USDBRL,2014-10-28,2.5195999145507812
USDBRL,2014-10-29,2.458199977874756
USDBRL,2014-10-30,2.4577999114990234
USDBRL,2014-10-31,2.401599884033203
USDBRL,2014-11-03,2.4135000705718994
USDBRL,2014-11-04,2.492300033569336
USDBRL,2014-11-05,2.4939000606536865
USDBRL,2014-11-06,2.501300096511841
USDBRL,2014-11-07,2.5666000843048096
USDBRL,2014-11-10,2.5488998889923096
USDBRL,2014-11-11,2.5494000911712646
USDBRL,2014-11-12,2.5543999671936035
USDBRL,2014-11-13,2.5631000995635986
USDBRL,2014-11-14,2.585900068283081
USDBRL,2014-11-17,2.5968000888824463
USDBRL,2014-11-18,2.6047000885009766
USDBRL,2014-11-19,2.5790998935699463
USDBRL,2014-11-20,2.5689001083374023
USDBRL,2014-11-21,2.569700002670288
USDBRL,2014-11-24,2.51200008392334
USDBRL,2014-11-25,2.5425000190734863
USDBRL,2014-11-26,2.527100086212158
USDBRL,2014-11-27,2.4979000091552734
USDBRL,2014-11-28,2.5271999835968018
USDBRL,2014-12-01,2.5315001010894775
USDBRL,2014-12-02,2.556999921798706
USDBRL,2014-12-03,2.5648999214172363
USDBRL,2014-12-04,2.549099922180176
USDBRL,2014-12-05,2.5882999897003174
USDBRL,2014-12-08,2.5861001014709473
USDBRL,2014-12-09,2.59660005569458
USDBRL,2014-12-10,2.5894999504089355
USDBRL,2014-12-11,2.613100051879883
USDBRL,2014-12-12,2.646699905395508
USDBRL,2014-12-15,2.649600028991699
USDBRL,2014-12-16,2.6921000480651855
USDBRL,2014-12-17,2.7351999282836914
USDBRL,2014-12-18,2.7119998931884766
USDBRL,2014-12-19,2.6593000888824463
USDBRL,2014-12-22,2.6565001010894775
USDBRL,2014-12-23,2.662400007247925
USDBRL,2014-12-24,2.691200017929077
USDBRL,2014-12-25,2.691200017929077
USDBRL,2014-12-26,2.695199966430664
USDBRL,2014-12-29,2.692699909210205
USDBRL,2014-12-30,2.6993000507354736
USDBRL,2014-12-31,2.654099941253662
USDBRL,2015-01-01,2.6542000770568848
USDBRL,2015-01-02,2.6531999111175537
USDBRL,2015-01-05,2.691200017929077
USDBRL,2015-01-06,2.7030999660491943
USDBRL,2015-01-07,2.6965999603271484
USDBRL,2015-01-08,2.680799961090088
USDBRL,2015-01-09,2.6596999168395996
USDBRL,2015-01-12,2.6263999938964844
USDBRL,2015-01-13,2.6702001094818115
USDBRL,2015-01-14,2.6396000385284424
USDBRL,2015-01-15,2.6120998859405518
USDBRL,2015-01-16,2.638700008392334
USDBRL,2015-01-19,2.6168999671936035
USDBRL,2015-01-20,2.648099899291992
USDBRL,2015-01-21,2.6110000610351562
USDBRL,2015-01-22,2.597100019454956
USDBRL,2015-01-23,2.57069993019104
USDBRL,2015-01-26,2.5778000354766846
USDBRL,2015-01-27,2.579900026321411
USDBRL,2015-01-28,2.5692999362945557
USDBRL,2015-01-29,2.5731000900268555
USDBRL,2015-01-30,2.6001999378204346
USDBRL,2015-02-02,2.678800106048584
USDBRL,2015-02-03,2.723599910736084
USDBRL,2015-02-04,2.6910998821258545
USDBRL,2015-02-05,2.738300085067749
USDBRL,2015-02-06,2.7416000366210938
USDBRL,2015-02-09,2.779599905014038
USDBRL,2015-02-10,2.7662999629974365
USDBRL,2015-02-11,2.8310999870300293
USDBRL,2015-02-12,2.865499973297119
USDBRL,2015-02-13,2.816999912261963
USDBRL,2015-02-16,2.830899953842163
USDBRL,2015-02-17,2.8259999752044678
USDBRL,2015-02-18,2.825700044631958
USDBRL,2015-02-19,2.8340001106262207
USDBRL,2015-02-20,2.863300085067749
USDBRL,2015-02-23,2.8640999794006348
USDBRL,2015-02-24,2.8747000694274902
USDBRL,2015-02-25,2.8570001125335693
USDBRL,2015-02-26,2.868799924850464
USDBRL,2015-02-27,2.9049999713897705
USDBRL,2015-03-02,2.8368000984191895
USDBRL,2015-03-03,2.892699956893921
USDBRL,2015-03-04,2.9279000759124756
USDBRL,2015-03-05,2.971400022506714
USDBRL,2015-03-06,3.0000998973846436
USDBRL,2015-03-09,3.056999921798706
USDBRL,2015-03-10,3.1226999759674072
USDBRL,2015-03-11,3.101599931716919
USDBRL,2015-03-12,3.1268999576568604
USDBRL,2015-03-13,3.163100004196167
USDBRL,2015-03-16,3.244999885559082
USDBRL,2015-03-17,3.242799997329712
USDBRL,2015-03-18,3.2462000846862793
USDBRL,2015-03-19,3.218100070953369
USDBRL,2015-03-20,3.2904000282287598
USDBRL,2015-03-23,3.224600076675415
USDBRL,2015-03-24,3.1282999515533447
USDBRL,2015-03-25,3.136199951171875
USDBRL,2015-03-26,3.1972999572753906
USDBRL,2015-03-27,3.179500102996826
USDBRL,2015-03-30,3.2411999702453613
USDBRL,2015-03-31,3.2260000705718994
USDBRL,2015-04-01,3.188499927520752
USDBRL,2015-04-02,3.164299964904785
USDBRL,2015-04-03,3.1222000122070312
USDBRL,2015-04-06,3.1215999126434326
USDBRL,2015-04-07,3.1215999126434326
USDBRL,2015-04-08,3.1250998973846436
USDBRL,2015-04-09,3.046099901199341
USDBRL,2015-04-10,3.055299997329712
USDBRL,2015-04-13,3.0717999935150146
USDBRL,2015-04-14,3.1191999912261963
USDBRL,2015-04-15,3.0645999908447266
USDBRL,2015-04-16,3.025899887084961
USDBRL,2015-04-17,3.0185999870300293
USDBRL,2015-04-20,3.0367000102996826
USDBRL,2015-04-21,3.029400110244751
USDBRL,2015-04-22,3.0260000228881836
USDBRL,2015-04-23,3.005199909210205
USDBRL,2015-04-24,2.9684998989105225
USDBRL,2015-04-27,2.9482998847961426
USDBRL,2015-04-28,2.913100004196167
USDBRL,2015-04-29,2.934799909591675
USDBRL,2015-04-30,2.952699899673462
USDBRL,2015-05-01,3.0111000537872314
USDBRL,2015-05-04,3.0111000537872314
USDBRL,2015-05-05,3.0829999446868896
USDBRL,2015-05-06,3.053100109100342
USDBRL,2015-05-07,3.028700113296509
USDBRL,2015-05-08,3.0213000774383545
USDBRL,2015-05-11,2.9711999893188477
USDBRL,2015-05-12,3.0564000606536865
USDBRL,2015-05-13,3.0174999237060547
USDBRL,2015-05-14,3.0364999771118164
USDBRL,2015-05-15,2.9899001121520996
USDBRL,2015-05-18,2.9914000034332275
USDBRL,2015-05-19,3.0058000087738037
USDBRL,2015-05-20,3.031599998474121
USDBRL,2015-05-21,3.001699924468994
USDBRL,2015-05-22,3.0367000102996826
USDBRL,2015-05-25,3.0889999866485596
USDBRL,2015-05-26,3.0931999683380127
USDBRL,2015-05-27,3.1480000019073486
USDBRL,2015-05-28,3.1379001140594482
USDBRL,2015-05-29,3.158400058746338
USDBRL,2015-06-01,3.175800085067749
USDBRL,2015-06-02,3.1695001125335693
USDBRL,2015-06-03,3.1285998821258545
USDBRL,2015-06-04,3.13319993019104
USDBRL,2015-06-05,3.140199899673462
USDBRL,2015-06-08,3.1396000385284424
USDBRL,2015-06-09,3.1098999977111816
USDBRL,2015-06-10,3.0954999923706055
USDBRL,2015-06-11,3.114000082015991
USDBRL,2015-06-12,3.087100028991699
USDBRL,2015-06-15,3.11680006980896
USDBRL,2015-06-16,3.123500108718872
USDBRL,2015-06-17,3.086899995803833
USDBRL,2015-06-18,3.0504000186920166
USDBRL,2015-06-19,3.057800054550171
USDBRL,2015-06-22,3.0931999683380127
USDBRL,2015-06-23,3.084399938583374
USDBRL,2015-06-24,3.0738000869750977
USDBRL,2015-06-25,3.094899892807007
USDBRL,2015-06-26,3.1243999004364014
USDBRL,2015-06-29,3.125699996948242
USDBRL,2015-06-30,3.115000009536743
USDBRL,2015-07-01,3.1080000400543213
USDBRL,2015-07-02,3.1454999446868896
USDBRL,2015-07-03,3.0940001010894775
USDBRL,2015-07-06,3.129199981689453
USDBRL,2015-07-07,3.1350998878479004
USDBRL,2015-07-08,3.1786999702453613
USDBRL,2015-07-09,3.2316999435424805
USDBRL,2015-07-10,3.221100091934204
USDBRL,2015-07-13,3.155600070953369
USDBRL,2015-07-14,3.131200075149536
USDBRL,2015-07-15,3.1364998817443848
USDBRL,2015-07-16,3.1356000900268555
USDBRL,2015-07-17,3.150599956512451
USDBRL,2015-07-20,3.1851999759674072
USDBRL,2015-07-21,3.194499969482422
USDBRL,2015-07-22,3.1719000339508057
USDBRL,2015-07-23,3.2197999954223633
USDBRL,2015-07-24,3.2841999530792236
USDBRL,2015-07-27,3.3559999465942383
USDBRL,2015-07-28,3.3617000579833984
USDBRL,2015-07-29,3.3545000553131104
USDBRL,2015-07-30,3.323899984359741
USDBRL,2015-07-31,3.370800018310547
USDBRL,2015-08-03,3.4193999767303467
USDBRL,2015-08-04,3.4488000869750977
USDBRL,2015-08-05,3.4663000106811523
USDBRL,2015-08-06,3.483799934387207
USDBRL,2015-08-07,3.531599998474121
USDBRL,2015-08-10,3.531599998474121
USDBRL,2015-08-11,3.435699939727783
USDBRL,2015-08-12,3.4709999561309814
USDBRL,2015-08-13,3.475100040435791
USDBRL,2015-08-14,3.5192999839782715
USDBRL,2015-08-17,3.4779000282287598
USDBRL,2015-08-18,3.476599931716919
USDBRL,2015-08-19,3.464900016784668
USDBRL,2015-08-20,3.488300085067749
USDBRL,2015-08-21,3.4577999114990234
USDBRL,2015-08-24,3.497999906539917
USDBRL,2015-08-25,3.548099994659424
USDBRL,2015-08-26,3.6115000247955322
USDBRL,2015-08-27,3.594099998474121
USDBRL,2015-08-28,3.5501999855041504
USDBRL,2015-08-31,3.578700065612793
USDBRL,2015-09-01,3.6191999912261963
USDBRL,2015-09-02,3.692500114440918
USDBRL,2015-09-03,3.7539000511169434
USDBRL,2015-09-04,3.734999895095825
USDBRL,2015-09-07,3.8396999835968018
USDBRL,2015-09-08,3.8350000381469727
USDBRL,2015-09-09,3.8159000873565674
USDBRL,2015-09-10,3.778700113296509
USDBRL,2015-09-11,3.848099946975708
USDBRL,2015-09-14,3.8682000637054443
USDBRL,2015-09-15,3.810699939727783
USDBRL,2015-09-16,3.8596999645233154
USDBRL,2015-09-17,3.8285999298095703
USDBRL,2015-09-18,3.891400098800659
USDBRL,2015-09-21,3.938999891281128
USDBRL,2015-09-22,3.9814000129699707
USDBRL,2015-09-23,4.047699928283691
USDBRL,2015-09-24,4.175099849700928
USDBRL,2015-09-25,3.933000087738037
USDBRL,2015-09-28,3.967600107192993
USDBRL,2015-09-29,4.103700160980225
USDBRL,2015-09-30,4.0543999671936035
USDBRL,2015-10-01,3.94569993019104
USDBRL,2015-10-02,3.998800039291382
USDBRL,2015-10-05,3.927500009536743
USDBRL,2015-10-06,3.909899950027466
USDBRL,2015-10-07,3.8489999771118164
USDBRL,2015-10-08,3.8803000450134277
USDBRL,2015-10-09,3.781899929046631
USDBRL,2015-10-12,3.7590999603271484
USDBRL,2015-10-13,3.760499954223633
USDBRL,2015-10-14,3.8887999057769775
USDBRL,2015-10-15,3.8071000576019287
USDBRL,2015-10-16,3.7925000190734863
USDBRL,2015-10-19,3.9207000732421875
USDBRL,2015-10-20,3.8877999782562256
USDBRL,2015-10-21,3.9022998809814453
USDBRL,2015-10-22,3.9367001056671143
USDBRL,2015-10-23,3.9022998809814453
USDBRL,2015-10-26,3.8756000995635986
USDBRL,2015-10-27,3.903899908065796
USDBRL,2015-10-28,3.8833999633789062
USDBRL,2015-10-29,3.897200107574463
USDBRL,2015-10-30,3.8447000980377197
USDBRL,2015-11-02,3.8513998985290527
USDBRL,2015-11-03,3.8701999187469482
USDBRL,2015-11-04,3.7671000957489014
USDBRL,2015-11-05,3.795599937438965
USDBRL,2015-11-06,3.780100107192993
USDBRL,2015-11-09,3.7662999629974365
USDBRL,2015-11-10,3.799099922180176
USDBRL,2015-11-11,3.7453999519348145
USDBRL,2015-11-12,3.7629001140594482
USDBRL,2015-11-13,3.766900062561035
USDBRL,2015-11-16,3.84060001373291
USDBRL,2015-11-17,3.8255999088287354
USDBRL,2015-11-18,3.808300018310547
USDBRL,2015-11-19,3.7671000957489014
USDBRL,2015-11-20,3.761199951171875
USDBRL,2015-11-23,3.6995999813079834
USDBRL,2015-11-24,3.7288999557495117
USDBRL,2015-11-25,3.696199893951416
USDBRL,2015-11-26,3.7393999099731445
USDBRL,2015-11-27,3.7383999824523926
USDBRL,2015-11-30,3.841399908065796
USDBRL,2015-12-01,3.8666000366210938
USDBRL,2015-12-02,3.850600004196167
USDBRL,2015-12-03,3.8322999477386475
USDBRL,2015-12-04,3.7558999061584473
USDBRL,2015-12-07,3.750999927520752
USDBRL,2015-12-08,3.759500026702881
USDBRL,2015-12-09,3.814500093460083
USDBRL,2015-12-10,3.7427000999450684
USDBRL,2015-12-11,3.807800054550171
USDBRL,2015-12-14,3.812700033187866
USDBRL,2015-12-15,3.884399890899658
USDBRL,2015-12-16,3.905900001525879
USDBRL,2015-12-17,3.892899990081787
USDBRL,2015-12-18,3.876300096511841
USDBRL,2015-12-21,3.9783999919891357
USDBRL,2015-12-22,4.01140022277832
USDBRL,2015-12-23,3.9851999282836914
USDBRL,2015-12-24,3.940999984741211
USDBRL,2015-12-25,3.9130001068115234
USDBRL,2015-12-28,3.9082000255584717
USDBRL,2015-12-29,3.85509991645813
USDBRL,2015-12-30,3.8640999794006348
USDBRL,2015-12-31,3.956700086593628
USDBRL,2016-01-01,3.950000047683716
USDBRL,2016-01-04,3.9491000175476074
USDBRL,2016-01-05,4.037300109863281
USDBRL,2016-01-06,4.026899814605713
USDBRL,2016-01-07,4.019899845123291
USDBRL,2016-01-08,4.041500091552734
USDBRL,2016-01-11,3.9932000637054443
USDBRL,2016-01-12,4.0503997802734375
USDBRL,2016-01-13,4.025199890136719
USDBRL,2016-01-14,4.014100074768066
USDBRL,2016-01-15,4.005899906158447
USDBRL,2016-01-18,4.004300117492676
USDBRL,2016-01-19,4.052299976348877
USDBRL,2016-01-20,4.0584001541137695
USDBRL,2016-01-21,4.101399898529053
USDBRL,2016-01-22,4.153500080108643
USDBRL,2016-01-25,4.0894999504089355
USDBRL,2016-01-26,4.087900161743164
USDBRL,2016-01-27,4.06689977645874
USDBRL,2016-01-28,4.104899883270264
USDBRL,2016-01-29,4.066999912261963
USDBRL,2016-02-01,3.9971001148223877
USDBRL,2016-02-02,3.959700107574463
USDBRL,2016-02-03,3.985300064086914
USDBRL,2016-02-04,3.8922998905181885
USDBRL,2016-02-05,3.886199951171875
USDBRL,2016-02-08,3.8984999656677246
USDBRL,2016-02-09,3.8915998935699463
USDBRL,2016-02-10,3.881500005722046
USDBRL,2016-02-11,3.926300048828125
USDBRL,2016-02-12,3.987499952316284
USDBRL,2016-02-15,3.9681999683380127
USDBRL,2016-02-16,3.994999885559082
USDBRL,2016-02-17,4.0625
USDBRL,2016-02-18,3.9809000492095947
USDBRL,2016-02-19,4.024600028991699
USDBRL,2016-02-22,4.01639986038208
USDBRL,2016-02-23,3.9428000450134277
USDBRL,2016-02-24,3.9535000324249268
USDBRL,2016-02-25,3.954400062561035
USDBRL,2016-02-26,3.951900005340576
USDBRL,2016-02-29,3.9646999835968018
USDBRL,2016-03-01,4.012899875640869
USDBRL,2016-03-02,3.921999931335449
USDBRL,2016-03-03,3.8893001079559326
USDBRL,2016-03-04,3.796099901199341
USDBRL,2016-03-07,3.7688000202178955
USDBRL,2016-03-08,3.781100034713745
USDBRL,2016-03-09,3.752700090408325
USDBRL,2016-03-10,3.6768999099731445
USDBRL,2016-03-11,3.614000082015991
USDBRL,2016-03-14,3.571700096130371
USDBRL,2016-03-15,3.6549999713897705
USDBRL,2016-03-16,3.7623000144958496
USDBRL,2016-03-17,3.736599922180176
USDBRL,2016-03-18,3.6205999851226807
USDBRL,2016-03-21,3.6210999488830566
USDBRL,2016-03-22,3.612600088119507
USDBRL,2016-03-23,3.5778000354766846
USDBRL,2016-03-24,3.6800999641418457
USDBRL,2016-03-25,3.6772000789642334
USDBRL,2016-03-28,3.683500051498413
USDBRL,2016-03-29,3.6772000789642334
USDBRL,2016-03-30,3.6349000930786133
USDBRL,2016-03-31,3.596100091934204
USDBRL,2016-04-01,3.5864999294281006
USDBRL,2016-04-04,3.5485999584198
USDBRL,2016-04-05,3.6171998977661133
USDBRL,2016-04-06,3.6737000942230225
USDBRL,2016-04-07,3.636399984359741
USDBRL,2016-04-08,3.6826000213623047
USDBRL,2016-04-11,3.586199998855591
USDBRL,2016-04-12,3.4885001182556152
USDBRL,2016-04-13,3.4825000762939453
USDBRL,2016-04-14,3.493499994277954
USDBRL,2016-04-15,3.4725000858306885
USDBRL,2016-04-18,3.5309998989105225
USDBRL,2016-04-19,3.6098999977111816
USDBRL,2016-04-20,3.5253000259399414
USDBRL,2016-04-21,3.524399995803833
USDBRL,2016-04-22,3.524399995803833
USDBRL,2016-04-25,3.562299966812134
USDBRL,2016-04-26,3.5504000186920166
USDBRL,2016-04-27,3.52020001411438
USDBRL,2016-04-28,3.5215001106262207
USDBRL,2016-04-29,3.4797000885009766
USDBRL,2016-05-02,3.432800054550171
USDBRL,2016-05-03,3.496500015258789
USDBRL,2016-05-04,3.5548999309539795
USDBRL,2016-05-05,3.5453999042510986
USDBRL,2016-05-06,3.533099889755249
USDBRL,2016-05-09,3.499000072479248
USDBRL,2016-05-10,3.513000011444092
USDBRL,2016-05-11,3.470400094985962
USDBRL,2016-05-12,3.447000026702881
USDBRL,2016-05-13,3.477099895477295
USDBRL,2016-05-16,3.5302000045776367
USDBRL,2016-05-17,3.494499921798706
USDBRL,2016-05-18,3.4860999584198
USDBRL,2016-05-19,3.558500051498413
USDBRL,2016-05-20,3.5608999729156494
USDBRL,2016-05-23,3.557300090789795
USDBRL,2016-05-24,3.566499948501587
USDBRL,2016-05-25,3.5673000812530518
USDBRL,2016-05-26,3.576900005340576
USDBRL,2016-05-27,3.58270001411438
USDBRL,2016-05-30,3.6089000701904297
USDBRL,2016-05-31,3.5673999786376953
USDBRL,2016-06-01,3.583199977874756
USDBRL,2016-06-02,3.5910000801086426
USDBRL,2016-06-03,3.5801000595092773
USDBRL,2016-06-06,3.5244998931884766
USDBRL,2016-06-07,3.484499931335449
USDBRL,2016-06-08,3.4349000453948975
USDBRL,2016-06-09,3.3575000762939453
USDBRL,2016-06-10,3.395900011062622
USDBRL,2016-06-13,3.415800094604492
USDBRL,2016-06-14,3.477299928665161
USDBRL,2016-06-15,3.475100040435791
USDBRL,2016-06-16,3.4693000316619873
USDBRL,2016-06-17,3.461199998855591
USDBRL,2016-06-20,3.4128000736236572
USDBRL,2016-06-21,3.391700029373169
USDBRL,2016-06-22,3.412100076675415
USDBRL,2016-06-23,3.374300003051758
USDBRL,2016-06-24,3.3369998931884766
USDBRL,2016-06-27,3.3677000999450684
USDBRL,2016-06-28,3.3893001079559326
USDBRL,2016-06-29,3.302500009536743
USDBRL,2016-06-30,3.237600088119507
USDBRL,2016-07-01,3.205899953842163
USDBRL,2016-07-04,3.230600118637085
USDBRL,2016-07-05,3.2885000705718994
USDBRL,2016-07-06,3.299099922180176
USDBRL,2016-07-07,3.3269999027252197
USDBRL,2016-07-08,3.3610999584198
USDBRL,2016-07-11,3.2976999282836914
USDBRL,2016-07-12,3.3071999549865723
USDBRL,2016-07-13,3.2934999465942383
USDBRL,2016-07-14,3.2616000175476074
USDBRL,2016-07-15,3.2483999729156494
USDBRL,2016-07-18,3.276599884033203
USDBRL,2016-07-19,3.2493999004364014
USDBRL,2016-07-20,3.2479000091552734
USDBRL,2016-07-21,3.252700090408325
USDBRL,2016-07-22,3.2685999870300293
USDBRL,2016-07-25,3.251499891281128
USDBRL,2016-07-26,3.282099962234497
USDBRL,2016-07-27,3.2699999809265137
USDBRL,2016-07-28,3.2585999965667725
USDBRL,2016-07-29,3.281899929046631
USDBRL,2016-08-01,3.2462000846862793
USDBRL,2016-08-02,3.2583999633789062
USDBRL,2016-08-03,3.2527999877929688
USDBRL,2016-08-04,3.234600067138672
USDBRL,2016-08-05,3.1868999004364014
USDBRL,2016-08-08,3.1607000827789307
USDBRL,2016-08-09,3.168600082397461
USDBRL,2016-08-10,3.142899990081787
USDBRL,2016-08-11,3.1247000694274902
USDBRL,2016-08-12,3.1389999389648438
USDBRL,2016-08-15,3.190500020980835
USDBRL,2016-08-16,3.184799909591675
USDBRL,2016-08-17,3.201200008392334
USDBRL,2016-08-18,3.2047998905181885
USDBRL,2016-08-19,3.2379000186920166
USDBRL,2016-08-22,3.2044999599456787
USDBRL,2016-08-23,3.198699951171875
USDBRL,2016-08-24,3.2355000972747803
USDBRL,2016-08-25,3.223299980163574
USDBRL,2016-08-26,3.228300094604492
USDBRL,2016-08-29,3.2641000747680664
USDBRL,2016-08-30,3.22760009765625
USDBRL,2016-08-31,3.236799955368042
USDBRL,2016-09-01,3.2260000705718994
USDBRL,2016-09-02,3.253200054168701
USDBRL,2016-09-05,3.2560999393463135
USDBRL,2016-09-06,3.267199993133545
USDBRL,2016-09-07,3.1963000297546387
USDBRL,2016-09-08,3.190700054168701
USDBRL,2016-09-09,3.214900016784668
USDBRL,2016-09-12,3.271699905395508
USDBRL,2016-09-13,3.2469000816345215
USDBRL,2016-09-14,3.3141000270843506
USDBRL,2016-09-15,3.3434998989105225
USDBRL,2016-09-16,3.299799919128418
USDBRL,2016-09-19,3.265500068664551
USDBRL,2016-09-20,3.271199941635132
USDBRL,2016-09-21,3.2560999393463135
USDBRL,2016-09-22,3.2095999717712402
USDBRL,2016-09-23,3.2170000076293945
USDBRL,2016-09-26,3.2432000637054443
USDBRL,2016-09-27,3.240600109100342
USDBRL,2016-09-28,3.232599973678589
USDBRL,2016-09-29,3.2177999019622803
USDBRL,2016-09-30,3.2592999935150146
USDBRL,2016-10-03,3.2597999572753906
USDBRL,2016-10-04,3.208699941635132
USDBRL,2016-10-05,3.254499912261963
USDBRL,2016-10-06,3.2184998989105225
USDBRL,2016-10-07,3.2272000312805176
USDBRL,2016-10-10,3.2193000316619873
USDBRL,2016-10-11,3.202699899673462
USDBRL,2016-10-12,3.1958999633789062
USDBRL,2016-10-13,3.200700044631958
USDBRL,2016-10-14,3.177299976348877
USDBRL,2016-10-17,3.2019999027252197
USDBRL,2016-10-18,3.204200029373169
USDBRL,2016-10-19,3.1816999912261963
USDBRL,2016-10-20,3.166100025177002
USDBRL,2016-10-21,3.1391000747680664
USDBRL,2016-10-24,3.148900032043457
USDBRL,2016-10-25,3.124500036239624
USDBRL,2016-10-26,3.1103999614715576
USDBRL,2016-10-27,3.1387999057769775
USDBRL,2016-10-28,3.165299892425537
USDBRL,2016-10-31,3.2030999660491943
USDBRL,2016-11-01,3.198199987411499
USDBRL,2016-11-02,3.235100030899048
USDBRL,2016-11-03,3.2525999546051025
USDBRL,2016-11-04,3.2583999633789062
USDBRL,2016-11-07,3.232300043106079
USDBRL,2016-11-08,3.200900077819824
USDBRL,2016-11-09,3.168100118637085
USDBRL,2016-11-10,3.2330000400543213
USDBRL,2016-11-11,3.3956000804901123
USDBRL,2016-11-14,3.390000104904175
USDBRL,2016-11-15,3.4402999877929688
USDBRL,2016-11-16,3.441699981689453
USDBRL,2016-11-17,3.450700044631958
USDBRL,2016-11-18,3.4323999881744385
USDBRL,2016-11-21,3.3822999000549316
USDBRL,2016-11-22,3.387399911880493
USDBRL,2016-11-23,3.363600015640259
USDBRL,2016-11-24,3.4310998916625977
USDBRL,2016-11-25,3.390700101852417
USDBRL,2016-11-28,3.4210000038146973
USDBRL,2016-11-29,3.4072000980377197
USDBRL,2016-11-30,3.4537999629974365
USDBRL,2016-12-01,3.4063000679016113
USDBRL,2016-12-02,3.572999954223633
USDBRL,2016-12-05,3.4746999740600586
USDBRL,2016-12-06,3.4200000762939453
USDBRL,2016-12-07,3.4063000679016113
USDBRL,2016-12-08,3.3815999031066895
USDBRL,2016-12-09,3.373699903488159
USDBRL,2016-12-12,3.377000093460083
USDBRL,2016-12-13,3.3373000621795654
USDBRL,2016-12-14,3.334199905395508
USDBRL,2016-12-15,3.36899995803833
USDBRL,2016-12-16,3.3657000064849854
USDBRL,2016-12-19,3.390399932861328
USDBRL,2016-12-20,3.3638999462127686
USDBRL,2016-12-21,3.353100061416626
USDBRL,2016-12-22,3.3254001140594482
USDBRL,2016-12-23,3.28629994392395
USDBRL,2016-12-26,3.2695000171661377
USDBRL,2016-12-27,3.2695999145507812
USDBRL,2016-12-28,3.269399881362915
USDBRL,2016-12-29,3.2825000286102295
USDBRL,2016-12-30,3.2523000240325928
USDBRL,2017-01-02,3.253200054168701
USDBRL,2017-01-03,3.2839999198913574
USDBRL,2017-01-04,3.2634999752044678
USDBRL,2017-01-05,3.214099884033203
USDBRL,2017-01-06,3.197700023651123
USDBRL,2017-01-09,3.2221999168395996
USDBRL,2017-01-10,3.195499897003174
USDBRL,2017-01-11,3.194499969482422
USDBRL,2017-01-12,3.1963000297546387
USDBRL,2017-01-13,3.186800003051758
USDBRL,2017-01-16,3.186800003051758
USDBRL,2017-01-17,3.240499973297119
USDBRL,2017-01-18,3.2098000049591064
USDBRL,2017-01-19,3.229599952697754
USDBRL,2017-01-20,3.1949000358581543
USDBRL,2017-01-23,3.1422998905181885
USDBRL,2017-01-24,3.1617000102996826
USDBRL,2017-01-25,3.1686999797821045
USDBRL,2017-01-26,3.1684999465942383
USDBRL,2017-01-27,3.176100015640259
USDBRL,2017-01-30,3.109600067138672
USDBRL,2017-01-31,3.125499963760376
USDBRL,2017-02-01,3.150099992752075
USDBRL,2017-02-02,3.128000020980835
USDBRL,2017-02-03,3.122499942779541
USDBRL,2017-02-06,3.119499921798706
USDBRL,2017-02-07,3.1136999130249023
USDBRL,2017-02-08,3.1166999340057373
USDBRL,2017-02-09,3.1159000396728516
USDBRL,2017-02-10,3.1287999153137207
USDBRL,2017-02-13,3.107100009918213
USDBRL,2017-02-14,3.110100030899048
USDBRL,2017-02-15,3.081199884414673
USDBRL,2017-02-16,3.0560998916625977
USDBRL,2017-02-17,3.0875000953674316
USDBRL,2017-02-20,3.0954999923706055
USDBRL,2017-02-21,3.0855000019073486
USDBRL,2017-02-22,3.093899965286255
USDBRL,2017-02-23,3.062299966812134
USDBRL,2017-02-24,3.06030011177063
USDBRL,2017-02-27,3.094599962234497
USDBRL,2017-02-28,3.105299949645996
USDBRL,2017-03-01,3.1080000400543213
USDBRL,2017-03-02,3.088200092315674
USDBRL,2017-03-03,3.154599905014038
USDBRL,2017-03-06,3.119999885559082
USDBRL,2017-03-07,3.137200117111206
USDBRL,2017-03-08,3.1159000396728516
USDBRL,2017-03-09,3.1593000888824463
USDBRL,2017-03-10,3.1912999153137207
USDBRL,2017-03-13,3.1475000381469727
USDBRL,2017-03-14,3.152400016784668
USDBRL,2017-03-15,3.1637001037597656
USDBRL,2017-03-16,3.099900007247925
USDBRL,2017-03-17,3.11929988861084
USDBRL,2017-03-20,3.0866000652313232
USDBRL,2017-03-21,3.071000099182129
USDBRL,2017-03-22,3.0868000984191895
USDBRL,2017-03-23,3.0848000049591064
USDBRL,2017-03-24,3.1380999088287354
USDBRL,2017-03-27,3.1096999645233154
USDBRL,2017-03-28,3.125200033187866
USDBRL,2017-03-29,3.138400077819824
USDBRL,2017-03-30,3.1221001148223877
USDBRL,2017-03-31,3.147700071334839
USDBRL,2017-04-03,3.121799945831299
USDBRL,2017-04-04,3.11299991607666
USDBRL,2017-04-05,3.095599889755249
USDBRL,2017-04-06,3.1196000576019287
USDBRL,2017-04-07,3.1414999961853027
USDBRL,2017-04-10,3.144700050354004
USDBRL,2017-04-11,3.1317999362945557
USDBRL,2017-04-12,3.1368000507354736
USDBRL,2017-04-13,3.123500108718872
USDBRL,2017-04-14,3.142400026321411
USDBRL,2017-04-17,3.143699884414673
USDBRL,2017-04-18,3.1303000450134277
USDBRL,2017-04-19,3.1064999103546143
USDBRL,2017-04-20,3.1482999324798584
USDBRL,2017-04-21,3.1470999717712402
USDBRL,2017-04-24,3.1468000411987305
USDBRL,2017-04-25,3.127000093460083
USDBRL,2017-04-26,3.147200107574463
USDBRL,2017-04-27,3.171099901199341
USDBRL,2017-04-28,3.1810998916625977
USDBRL,2017-05-01,3.176100015640259
USDBRL,2017-05-02,3.175100088119507
USDBRL,2017-05-03,3.1501998901367188
USDBRL,2017-05-04,3.162100076675415
USDBRL,2017-05-05,3.1849000453948975
USDBRL,2017-05-08,3.1777000427246094
USDBRL,2017-05-09,3.1963999271392822
USDBRL,2017-05-10,3.186800003051758
USDBRL,2017-05-11,3.1656999588012695
USDBRL,2017-05-12,3.1389999389648438
USDBRL,2017-05-15,3.1777000427246094
USDBRL,2017-05-16,3.1082000732421875
USDBRL,2017-05-17,3.0957999229431152
USDBRL,2017-05-18,3.1333999633789062
USDBRL,2017-05-19,3.36899995803833
USDBRL,2017-05-22,3.2532999515533447
USDBRL,2017-05-23,3.265399932861328
USDBRL,2017-05-24,3.2685999870300293
USDBRL,2017-05-25,3.274199962615967
USDBRL,2017-05-26,3.2734999656677246
USDBRL,2017-05-29,3.1777000427246094
USDBRL,2017-05-30,3.2553999423980713
USDBRL,2017-05-31,3.256200075149536
USDBRL,2017-06-01,3.225100040435791
USDBRL,2017-06-02,3.249000072479248
USDBRL,2017-06-05,3.2492001056671143
USDBRL,2017-06-06,3.296099901199341
USDBRL,2017-06-07,3.2760000228881836
USDBRL,2017-06-08,3.2672998905181885
USDBRL,2017-06-09,3.2595999240875244
USDBRL,2017-06-12,3.1777000427246094
USDBRL,2017-06-13,3.316699981689453
USDBRL,2017-06-14,3.3143999576568604
USDBRL,2017-06-15,3.272599935531616
USDBRL,2017-06-16,3.2736001014709473
USDBRL,2017-06-19,3.288599967956543
USDBRL,2017-06-20,3.281100034713745
USDBRL,2017-06-21,3.325500011444092
USDBRL,2017-06-22,3.333400011062622
USDBRL,2017-06-23,3.3396999835968018
USDBRL,2017-06-26,3.3415000438690186
USDBRL,2017-06-27,3.294800043106079
USDBRL,2017-06-28,3.312000036239624
USDBRL,2017-06-29,3.2795000076293945
USDBRL,2017-06-30,3.3027000427246094
USDBRL,2017-07-03,3.1777000427246094
USDBRL,2017-07-04,3.30049991607666
USDBRL,2017-07-05,3.3092000484466553
USDBRL,2017-07-06,3.2869999408721924
USDBRL,2017-07-07,3.297300100326538
USDBRL,2017-07-10,3.1777000427246094
USDBRL,2017-07-12,3.2530999183654785
USDBRL,2017-07-13,3.2067999839782715
USDBRL,2017-07-14,3.2100000381469727
USDBRL,2017-07-17,3.1777000427246094
USDBRL,2017-07-18,3.1812000274658203
USDBRL,2017-07-19,3.1526999473571777
USDBRL,2017-07-20,3.147700071334839
USDBRL,2017-07-21,3.1184000968933105
USDBRL,2017-07-24,3.1777000427246094
USDBRL,2017-07-25,3.144399881362915
USDBRL,2017-07-26,3.1712000370025635
USDBRL,2017-07-27,3.137500047683716
USDBRL,2017-07-28,3.152600049972534
USDBRL,2017-07-31,3.1777000427246094
USDBRL,2017-08-01,3.1257998943328857
USDBRL,2017-08-02,3.12280011177063
USDBRL,2017-08-03,3.1122000217437744
USDBRL,2017-08-04,3.1115000247955322
USDBRL,2017-08-07,3.129300117492676
USDBRL,2017-08-08,3.1242001056671143
USDBRL,2017-08-09,3.1259000301361084
USDBRL,2017-08-10,3.1522998809814453
USDBRL,2017-08-11,3.1735999584198
USDBRL,2017-08-14,3.1777000427246094
USDBRL,2017-08-15,3.1872000694274902
USDBRL,2017-08-16,3.16759991645813
USDBRL,2017-08-17,3.151400089263916
USDBRL,2017-08-18,3.17330002784729
USDBRL,2017-08-21,3.1777000427246094
USDBRL,2017-08-22,3.1630001068115234
USDBRL,2017-08-23,3.1605000495910645
USDBRL,2017-08-24,3.1393001079559326
USDBRL,2017-08-25,3.1465001106262207
USDBRL,2017-08-28,3.1586999893188477
USDBRL,2017-08-29,3.165800094604492
USDBRL,2017-08-30,3.1642000675201416
USDBRL,2017-08-31,3.158799886703491
USDBRL,2017-09-01,3.1459999084472656
USDBRL,2017-09-04,3.1777000427246094
USDBRL,2017-09-05,3.139400005340576
USDBRL,2017-09-06,3.115799903869629
USDBRL,2017-09-07,3.097899913787842
USDBRL,2017-09-08,3.097599983215332
USDBRL,2017-09-11,3.1777000427246094
USDBRL,2017-09-12,3.0996999740600586
USDBRL,2017-09-13,3.1219000816345215
USDBRL,2017-09-14,3.1315999031066895
USDBRL,2017-09-15,3.1180999279022217
USDBRL,2017-09-18,3.1096999645233154
USDBRL,2017-09-19,3.1349000930786133
USDBRL,2017-09-20,3.1328001022338867
USDBRL,2017-09-21,3.1305999755859375
USDBRL,2017-09-22,3.134500026702881
USDBRL,2017-09-25,3.123500108718872
USDBRL,2017-09-26,3.1572999954223633
USDBRL,2017-09-27,3.1638998985290527
USDBRL,2017-09-28,3.1919000148773193
USDBRL,2017-09-29,3.1809000968933105
USDBRL,2017-10-02,3.1633999347686768
USDBRL,2017-10-03,3.152899980545044
USDBRL,2017-10-04,3.1407999992370605
USDBRL,2017-10-05,3.13319993019104
USDBRL,2017-10-06,3.152400016784668
USDBRL,2017-10-09,3.1554999351501465
USDBRL,2017-10-10,3.186800003051758
USDBRL,2017-10-11,3.177799940109253
USDBRL,2017-10-12,3.1696999073028564
USDBRL,2017-10-13,3.1689999103546143
USDBRL,2017-10-16,3.146199941635132
USDBRL,2017-10-17,3.170300006866455
USDBRL,2017-10-18,3.156100034713745
USDBRL,2017-10-19,3.170099973678589
USDBRL,2017-10-20,3.164900064468384
USDBRL,2017-10-23,3.1909000873565674
USDBRL,2017-10-24,3.2344000339508057
USDBRL,2017-10-25,3.2425999641418457
USDBRL,2017-10-26,3.2311999797821045
USDBRL,2017-10-27,3.2864999771118164
USDBRL,2017-10-30,3.234800100326538
USDBRL,2017-10-31,3.2873001098632812
USDBRL,2017-11-01,3.2695999145507812
USDBRL,2017-11-02,3.266200065612793
USDBRL,2017-11-03,3.2646000385284424
USDBRL,2017-11-06,3.29259991645813
USDBRL,2017-11-07,3.2479000091552734
USDBRL,2017-11-08,3.2701001167297363
USDBRL,2017-11-09,3.251300096511841
USDBRL,2017-11-10,3.248699903488159
USDBRL,2017-11-13,3.276400089263916
USDBRL,2017-11-14,3.275899887084961
USDBRL,2017-11-15,3.3118999004364014
USDBRL,2017-11-17,3.2706000804901123
USDBRL,2017-11-20,3.254499912261963
USDBRL,2017-11-21,3.253999948501587
USDBRL,2017-11-22,3.2572999000549316
USDBRL,2017-11-23,3.222899913787842
USDBRL,2017-11-24,3.2202999591827393
USDBRL,2017-11-27,3.2328999042510986
USDBRL,2017-11-28,3.2263998985290527
USDBRL,2017-11-29,3.209700107574463
USDBRL,2017-11-30,3.244800090789795
USDBRL,2017-12-01,3.271199941635132
USDBRL,2017-12-04,3.2574000358581543
USDBRL,2017-12-05,3.2425999641418457
USDBRL,2017-12-06,3.240299940109253
USDBRL,2017-12-07,3.234299898147583
USDBRL,2017-12-08,3.2871999740600586
USDBRL,2017-12-11,3.2878000736236572
USDBRL,2017-12-12,3.303299903869629
USDBRL,2017-12-13,3.303100109100342
USDBRL,2017-12-14,3.3085999488830566
USDBRL,2017-12-15,3.340399980545044
USDBRL,2017-12-18,3.2920000553131104
USDBRL,2017-12-19,3.2904999256134033
USDBRL,2017-12-20,3.2885000705718994
USDBRL,2017-12-21,3.2964999675750732
USDBRL,2017-12-22,3.30679988861084
USDBRL,2017-12-25,3.3380000591278076
USDBRL,2017-12-26,3.3355000019073486
USDBRL,2017-12-27,3.3097000122070312
USDBRL,2017-12-28,3.3132998943328857
USDBRL,2017-12-29,3.3111000061035156
USDBRL,2018-01-01,3.3076000213623047
USDBRL,2018-01-02,3.311000108718872
USDBRL,2018-01-03,3.2578001022338867
USDBRL,2018-01-04,3.2355000972747803
USDBRL,2018-01-05,3.233099937438965
USDBRL,2018-01-08,3.226599931716919
USDBRL,2018-01-09,3.239000082015991
USDBRL,2018-01-10,3.246799945831299
USDBRL,2018-01-11,3.2263998985290527
USDBRL,2018-01-12,3.214200019836426
USDBRL,2018-01-15,3.200700044631958
USDBRL,2018-01-16,3.213200092315674
USDBRL,2018-01-17,3.2227001190185547
USDBRL,2018-01-18,3.2221999168395996
USDBRL,2018-01-19,3.2051000595092773
USDBRL,2018-01-22,3.194700002670288
USDBRL,2018-01-23,3.200700044631958
USDBRL,2018-01-24,3.2355000972747803
USDBRL,2018-01-25,3.1451001167297363
USDBRL,2018-01-26,3.146899938583374
USDBRL,2018-01-29,3.1510000228881836
USDBRL,2018-01-30,3.153599977493286
USDBRL,2018-01-31,3.179500102996826
USDBRL,2018-02-01,3.1847000122070312
USDBRL,2018-02-02,3.1637001037597656
USDBRL,2018-02-05,3.215399980545044
USDBRL,2018-02-06,3.2611000537872314
USDBRL,2018-02-07,3.2334001064300537
USDBRL,2018-02-08,3.26990008354187
USDBRL,2018-02-09,3.284600019454956
USDBRL,2018-02-12,3.290800094604492
USDBRL,2018-02-13,3.2939999103546143
USDBRL,2018-02-14,3.2941999435424805
USDBRL,2018-02-15,3.216200113296509
USDBRL,2018-02-16,3.2263998985290527
USDBRL,2018-02-19,3.2281999588012695
USDBRL,2018-02-20,3.233099937438965
USDBRL,2018-02-21,3.254300117492676
USDBRL,2018-02-22,3.2676000595092773
USDBRL,2018-02-23,3.248699903488159
USDBRL,2018-02-26,3.2372000217437744
USDBRL,2018-02-27,3.2225000858306885
USDBRL,2018-02-28,3.248500108718872
USDBRL,2018-03-01,3.244800090789795
USDBRL,2018-03-02,3.25
USDBRL,2018-03-05,3.2495999336242676
USDBRL,2018-03-06,3.240999937057495
USDBRL,2018-03-07,3.2079999446868896
USDBRL,2018-03-08,3.2428998947143555
USDBRL,2018-03-09,3.2660999298095703
USDBRL,2018-03-12,3.2560999393463135
USDBRL,2018-03-13,3.2602999210357666
USDBRL,2018-03-14,3.258699893951416
USDBRL,2018-03-15,3.258500099182129
USDBRL,2018-03-16,3.282099962234497
USDBRL,2018-03-19,3.280100107192993
USDBRL,2018-03-20,3.28410005569458
USDBRL,2018-03-21,3.3087000846862793
USDBRL,2018-03-22,3.272700071334839
USDBRL,2018-03-23,3.3141000270843506
USDBRL,2018-03-26,3.314500093460083
USDBRL,2018-03-27,3.31030011177063
USDBRL,2018-03-28,3.3229000568389893
USDBRL,2018-03-29,3.3192999362945557
USDBRL,2018-03-30,3.303499937057495
USDBRL,2018-04-02,3.302000045776367
USDBRL,2018-04-03,3.3094000816345215
USDBRL,2018-04-04,3.339400053024292
USDBRL,2018-04-05,3.327699899673462
USDBRL,2018-04-06,3.341599941253662
USDBRL,2018-04-09,3.367500066757202
USDBRL,2018-04-10,3.4210000038146973
USDBRL,2018-04-11,3.4072999954223633
USDBRL,2018-04-12,3.3731000423431396
USDBRL,2018-04-13,3.4110000133514404
USDBRL,2018-04-16,3.424299955368042
USDBRL,2018-04-17,3.416100025177002
USDBRL,2018-04-18,3.4058001041412354
USDBRL,2018-04-19,3.3770999908447266
USDBRL,2018-04-20,3.382699966430664
USDBRL,2018-04-23,3.4137001037597656
USDBRL,2018-04-24,3.448899984359741
USDBRL,2018-04-25,3.4714999198913574
USDBRL,2018-04-26,3.4809000492095947
USDBRL,2018-04-27,3.4742000102996826
USDBRL,2018-04-30,3.4581000804901123
USDBRL,2018-05-01,3.5058000087738037
USDBRL,2018-05-02,3.5060999393463135
USDBRL,2018-05-03,3.5495998859405518
USDBRL,2018-05-04,3.526599884033203
USDBRL,2018-05-07,3.5255000591278076
USDBRL,2018-05-08,3.5492000579833984
USDBRL,2018-05-09,3.5618999004364014
USDBRL,2018-05-10,3.5903000831604004
USDBRL,2018-05-11,3.549499988555908
USDBRL,2018-05-14,3.6029000282287598
USDBRL,2018-05-15,3.6215999126434326
USDBRL,2018-05-16,3.648699998855591
USDBRL,2018-05-17,3.6744000911712646
USDBRL,2018-05-18,3.6951000690460205
USDBRL,2018-05-21,3.7383999824523926
USDBRL,2018-05-22,3.6756999492645264
USDBRL,2018-05-23,3.6459999084472656
USDBRL,2018-05-24,3.6256000995635986
USDBRL,2018-05-25,3.648099899291992
USDBRL,2018-05-28,3.626199960708618
USDBRL,2018-05-29,3.7342000007629395
USDBRL,2018-05-30,3.724100112915039
USDBRL,2018-05-31,3.722100019454956
USDBRL,2018-06-01,3.7219998836517334
USDBRL,2018-06-04,3.7616000175476074
USDBRL,2018-06-05,3.744499921798706
USDBRL,2018-06-06,3.80430006980896
USDBRL,2018-06-07,3.843400001525879
USDBRL,2018-06-08,3.900700092315674
USDBRL,2018-06-11,3.704900026321411
USDBRL,2018-06-12,3.7088000774383545
USDBRL,2018-06-13,3.7149999141693115
USDBRL,2018-06-14,3.7188000679016113
USDBRL,2018-06-15,3.803999900817871
USDBRL,2018-06-18,3.7286999225616455
USDBRL,2018-06-19,3.7462000846862793
USDBRL,2018-06-20,3.744999885559082
USDBRL,2018-06-21,3.7690999507904053
USDBRL,2018-06-22,3.7651000022888184
USDBRL,2018-06-25,3.78629994392395
USDBRL,2018-06-26,3.775099992752075
USDBRL,2018-06-27,3.795799970626831
USDBRL,2018-06-28,3.860100030899048
USDBRL,2018-06-29,3.859499931335449
USDBRL,2018-07-02,3.8756000995635986
USDBRL,2018-07-03,3.912600040435791
USDBRL,2018-07-04,3.8963000774383545
USDBRL,2018-07-05,3.9110000133514404
USDBRL,2018-07-06,3.931299924850464
USDBRL,2018-07-09,3.8659000396728516
USDBRL,2018-07-10,3.871299982070923
USDBRL,2018-07-11,3.8150999546051025
USDBRL,2018-07-12,3.8761000633239746
USDBRL,2018-07-13,3.88070011138916
USDBRL,2018-07-16,3.849400043487549
USDBRL,2018-07-17,3.8559999465942383
USDBRL,2018-07-18,3.835900068283081
USDBRL,2018-07-19,3.8492000102996826
USDBRL,2018-07-20,3.8285000324249268
USDBRL,2018-07-23,3.7708001136779785
USDBRL,2018-07-24,3.780400037765503
USDBRL,2018-07-25,3.7460999488830566
USDBRL,2018-07-26,3.6863999366760254
USDBRL,2018-07-27,3.74429988861084
USDBRL,2018-07-30,3.7111001014709473
USDBRL,2018-07-31,3.728100061416626
USDBRL,2018-08-01,3.753000020980835
USDBRL,2018-08-02,3.746999979019165
USDBRL,2018-08-03,3.7483999729156494
USDBRL,2018-08-06,3.7023000717163086
USDBRL,2018-08-07,3.734499931335449
USDBRL,2018-08-08,3.750499963760376
USDBRL,2018-08-09,3.7701001167297363
USDBRL,2018-08-10,3.7995998859405518
USDBRL,2018-08-13,3.8654000759124756
USDBRL,2018-08-14,3.881999969482422
USDBRL,2018-08-15,3.8643999099731445
USDBRL,2018-08-16,3.900599956512451
USDBRL,2018-08-17,3.903899908065796
USDBRL,2018-08-20,3.9098000526428223
USDBRL,2018-08-21,3.9660000801086426
USDBRL,2018-08-22,4.048500061035156
USDBRL,2018-08-23,4.036900043487549
USDBRL,2018-08-24,4.112299919128418
USDBRL,2018-08-27,4.102799892425537
USDBRL,2018-08-28,4.077499866485596
USDBRL,2018-08-29,4.133900165557861
USDBRL,2018-08-30,4.105500221252441
USDBRL,2018-08-31,4.148600101470947
USDBRL,2018-09-03,4.053699970245361
USDBRL,2018-09-04,4.154799938201904
USDBRL,2018-09-05,4.15369987487793
USDBRL,2018-09-06,4.143099784851074
USDBRL,2018-09-07,4.057300090789795
USDBRL,2018-09-10,4.043799877166748
USDBRL,2018-09-11,4.08459997177124
USDBRL,2018-09-12,4.151599884033203
USDBRL,2018-09-13,4.159800052642822
USDBRL,2018-09-14,4.204999923706055
USDBRL,2018-09-17,4.171999931335449
USDBRL,2018-09-18,4.1321001052856445
USDBRL,2018-09-19,4.158400058746338
USDBRL,2018-09-20,4.130300045013428
USDBRL,2018-09-21,4.076000213623047
USDBRL,2018-09-24,4.050000190734863
USDBRL,2018-09-25,4.091300010681152
USDBRL,2018-09-26,4.073599815368652
USDBRL,2018-09-27,4.030799865722656
USDBRL,2018-09-28,4.01200008392334
USDBRL,2018-10-01,4.052700042724609
USDBRL,2018-10-02,4.01639986038208
USDBRL,2018-10-03,3.939500093460083
USDBRL,2018-10-04,3.900399923324585
USDBRL,2018-10-05,3.8738999366760254
USDBRL,2018-10-08,3.8357999324798584
USDBRL,2018-10-09,3.7771999835968018
USDBRL,2018-10-10,3.7147998809814453
USDBRL,2018-10-11,3.7548000812530518
USDBRL,2018-10-12,3.7815001010894775
USDBRL,2018-10-15,3.781599998474121
USDBRL,2018-10-16,3.7339000701904297
USDBRL,2018-10-17,3.723599910736084
USDBRL,2018-10-18,3.686199903488159
USDBRL,2018-10-19,3.7202999591827393
USDBRL,2018-10-22,3.710900068283081
USDBRL,2018-10-23,3.682300090789795
USDBRL,2018-10-24,3.6923999786376953
USDBRL,2018-10-25,3.731100082397461
USDBRL,2018-10-26,3.704900026321411
USDBRL,2018-10-29,3.6415998935699463
USDBRL,2018-10-30,3.7158000469207764
USDBRL,2018-10-31,3.6946001052856445
USDBRL,2018-11-01,3.7207000255584717
USDBRL,2018-11-02,3.6949000358581543
USDBRL,2018-11-05,3.700000047683716
USDBRL,2018-11-06,3.724600076675415
USDBRL,2018-11-07,3.7599000930786133
USDBRL,2018-11-08,3.7304000854492188
USDBRL,2018-11-09,3.759200096130371
USDBRL,2018-11-12,3.7293999195098877
USDBRL,2018-11-13,3.766400098800659
USDBRL,2018-11-14,3.8013999462127686
USDBRL,2018-11-15,3.782399892807007
USDBRL,2018-11-16,3.782399892807007
USDBRL,2018-11-19,3.742500066757202
USDBRL,2018-11-20,3.7544000148773193
USDBRL,2018-11-21,3.75570011138916
USDBRL,2018-11-22,3.796099901199341
USDBRL,2018-11-23,3.803100109100342
USDBRL,2018-11-26,3.6730000972747803
USDBRL,2018-11-27,3.93969988822937
USDBRL,2018-11-28,3.873500108718872
USDBRL,2018-11-29,3.8492000102996826
USDBRL,2018-11-30,3.8510000705718994
USDBRL,2018-12-03,3.8652000427246094
USDBRL,2018-12-04,3.8408000469207764
USDBRL,2018-12-05,3.851099967956543
USDBRL,2018-12-06,3.8673999309539795
USDBRL,2018-12-07,3.8777999877929688
USDBRL,2018-12-10,3.9058001041412354
USDBRL,2018-12-11,3.9166998863220215
USDBRL,2018-12-12,3.902600049972534
USDBRL,2018-12-13,3.854099988937378
USDBRL,2018-12-14,3.890700101852417
USDBRL,2018-12-17,3.9154999256134033
USDBRL,2018-12-18,3.897599935531616
USDBRL,2018-12-19,3.910900115966797
USDBRL,2018-12-20,3.896199941635132
USDBRL,2018-12-21,3.838900089263916
USDBRL,2018-12-24,3.843400001525879
USDBRL,2018-12-25,3.902600049972534
USDBRL,2018-12-26,3.9028000831604004
USDBRL,2018-12-27,3.920599937438965
USDBRL,2018-12-28,3.871500015258789
USDBRL,2018-12-31,3.8742001056671143
USDBRL,2019-01-01,3.880000114440918
USDBRL,2019-01-02,3.8798999786376953
USDBRL,2019-01-03,3.78629994392395
USDBRL,2019-01-04,3.7551000118255615
USDBRL,2019-01-07,3.6612000465393066
USDBRL,2019-01-08,3.734100103378296
USDBRL,2019-01-09,3.712399959564209
USDBRL,2019-01-10,3.680000066757202
USDBRL,2019-01-11,3.707900047302246
USDBRL,2019-01-14,3.659600019454956
USDBRL,2019-01-15,3.697499990463257
USDBRL,2019-01-16,3.716399908065796
USDBRL,2019-01-17,3.734299898147583
USDBRL,2019-01-18,3.7488999366760254
USDBRL,2019-01-21,3.750200033187866
USDBRL,2019-01-22,3.7513999938964844
USDBRL,2019-01-23,3.812000036239624
USDBRL,2019-01-24,3.7623000144958496
USDBRL,2019-01-25,3.7697999477386475
USDBRL,2019-01-28,3.7695999145507812
USDBRL,2019-01-29,3.7595999240875244
USDBRL,2019-01-30,3.7184998989105225
USDBRL,2019-01-31,3.6814000606536865
USDBRL,2019-02-01,3.6428000926971436
USDBRL,2019-02-04,3.6572999954223633
USDBRL,2019-02-05,3.6670000553131104
USDBRL,2019-02-06,3.668299913406372
USDBRL,2019-02-07,3.694700002670288
USDBRL,2019-02-08,3.714900016784668
USDBRL,2019-02-11,3.728600025177002
USDBRL,2019-02-12,3.755199909210205
USDBRL,2019-02-13,3.7079999446868896
USDBRL,2019-02-14,3.753200054168701
USDBRL,2019-02-15,3.7219998836517334
USDBRL,2019-02-18,3.6468000411987305
USDBRL,2019-02-19,3.7316999435424805
USDBRL,2019-02-20,3.7219998836517334
USDBRL,2019-02-21,3.7239999771118164
USDBRL,2019-02-22,3.7664999961853027
USDBRL,2019-02-25,3.746299982070923
USDBRL,2019-02-26,3.7504000663757324
USDBRL,2019-02-27,3.7471001148223877
USDBRL,2019-02-28,3.727299928665161
USDBRL,2019-03-01,3.747499942779541
USDBRL,2019-03-04,3.721400022506714
USDBRL,2019-03-05,3.7741000652313232
USDBRL,2019-03-06,3.774399995803833
USDBRL,2019-03-07,3.8368000984191895
USDBRL,2019-03-08,3.86929988861084
USDBRL,2019-03-11,3.8134000301361084
USDBRL,2019-03-12,3.8373000621795654
USDBRL,2019-03-13,3.8115999698638916
USDBRL,2019-03-14,3.8132998943328857
USDBRL,2019-03-15,3.8405001163482666
USDBRL,2019-03-18,3.812999963760376
USDBRL,2019-03-19,3.7899999618530273
USDBRL,2019-03-20,3.7876999378204346
USDBRL,2019-03-21,3.774199962615967
USDBRL,2019-03-22,3.7909998893737793
USDBRL,2019-03-25,3.9059998989105225
USDBRL,2019-03-26,3.853600025177002
USDBRL,2019-03-27,3.875
USDBRL,2019-03-28,3.9881999492645264
USDBRL,2019-03-29,3.897700071334839
USDBRL,2019-04-01,3.922499895095825
USDBRL,2019-04-02,3.8485000133514404
USDBRL,2019-04-03,3.852299928665161
USDBRL,2019-04-04,3.868299961090088
USDBRL,2019-04-05,3.8559000492095947
USDBRL,2019-04-08,3.874000072479248
USDBRL,2019-04-09,3.8482000827789307
USDBRL,2019-04-10,3.8480000495910645
USDBRL,2019-04-11,3.8239998817443848
USDBRL,2019-04-12,3.855799913406372
USDBRL,2019-04-15,3.8803000450134277
USDBRL,2019-04-16,3.8703999519348145
USDBRL,2019-04-17,3.9038000106811523
USDBRL,2019-04-18,3.9367001056671143
USDBRL,2019-04-19,3.9267001152038574
USDBRL,2019-04-22,3.934499979019165
USDBRL,2019-04-23,3.9340999126434326
USDBRL,2019-04-24,3.918299913406372
USDBRL,2019-04-25,3.9895999431610107
USDBRL,2019-04-26,3.952699899673462
USDBRL,2019-04-29,3.9291999340057373
USDBRL,2019-04-30,3.9442999362945557
USDBRL,2019-05-01,3.9168999195098877
USDBRL,2019-05-02,3.919300079345703
USDBRL,2019-05-03,3.966200113296509
USDBRL,2019-05-06,3.9365999698638916
USDBRL,2019-05-07,3.9681999683380127
USDBRL,2019-05-08,3.9686999320983887
USDBRL,2019-05-09,3.926300048828125
USDBRL,2019-05-10,3.9453999996185303
USDBRL,2019-05-13,3.959700107574463
USDBRL,2019-05-14,3.990499973297119
USDBRL,2019-05-15,3.975100040435791
USDBRL,2019-05-16,3.9999001026153564
USDBRL,2019-05-17,4.046199798583984
USDBRL,2019-05-20,4.097400188446045
USDBRL,2019-05-21,4.094900131225586
USDBRL,2019-05-23,4.036799907684326
USDBRL,2019-05-24,4.038700103759766
USDBRL,2019-05-27,4.021200180053711
USDBRL,2019-05-28,4.042099952697754
USDBRL,2019-05-29,4.023600101470947
USDBRL,2019-05-30,3.973400115966797
USDBRL,2019-05-31,3.9800000190734863
USDBRL,2019-06-03,3.9242000579833984
USDBRL,2019-06-04,3.8840999603271484
USDBRL,2019-06-05,3.853600025177002
USDBRL,2019-06-06,3.8794000148773193
USDBRL,2019-06-07,3.8784000873565674
USDBRL,2019-06-10,3.876499891281128
USDBRL,2019-06-11,3.884500026702881
USDBRL,2019-06-12,3.85509991645813
USDBRL,2019-06-13,3.8659000396728516
USDBRL,2019-06-14,3.8482000827789307
USDBRL,2019-06-17,3.8945000171661377
USDBRL,2019-06-18,3.88700008392334
USDBRL,2019-06-19,3.859499931335449
USDBRL,2019-06-20,3.835400104522705
USDBRL,2019-06-21,3.8376998901367188
USDBRL,2019-06-24,3.820499897003174
USDBRL,2019-06-25,3.8255999088287354
USDBRL,2019-06-26,3.8454999923706055
USDBRL,2019-06-27,3.842900037765503
USDBRL,2019-06-28,3.815999984741211
USDBRL,2019-07-01,3.8494999408721924
USDBRL,2019-07-02,3.839600086212158
USDBRL,2019-07-03,3.843899965286255
USDBRL,2019-07-04,3.825000047683716
USDBRL,2019-07-05,3.800800085067749
USDBRL,2019-07-08,3.8190999031066895
USDBRL,2019-07-09,3.799099922180176
USDBRL,2019-07-10,3.7990000247955322
USDBRL,2019-07-11,3.7502999305725098
USDBRL,2019-07-12,3.7548000812530518
USDBRL,2019-07-15,3.7344000339508057
USDBRL,2019-07-16,3.753700017929077
USDBRL,2019-07-17,3.767199993133545
USDBRL,2019-07-18,3.7618000507354736
USDBRL,2019-07-19,3.717400074005127
USDBRL,2019-07-22,3.7458999156951904
USDBRL,2019-07-23,3.739799976348877
USDBRL,2019-07-24,3.77239990234375
USDBRL,2019-07-25,3.7713000774383545
USDBRL,2019-07-26,3.7751998901367188
USDBRL,2019-07-29,3.7734999656677246
USDBRL,2019-07-30,3.780100107192993
USDBRL,2019-07-31,3.789299964904785
USDBRL,2019-08-01,3.8117001056671143
USDBRL,2019-08-02,3.8373000621795654
USDBRL,2019-08-05,3.8838999271392822
USDBRL,2019-08-06,3.973099946975708
USDBRL,2019-08-07,3.958699941635132
USDBRL,2019-08-08,3.967400074005127
USDBRL,2019-08-09,3.91759991645813
USDBRL,2019-08-12,3.940200090408325
USDBRL,2019-08-13,3.9839000701904297
USDBRL,2019-08-14,3.962399959564209
USDBRL,2019-08-15,4.050300121307373
USDBRL,2019-08-16,3.9900999069213867
USDBRL,2019-08-19,4.0046000480651855
USDBRL,2019-08-20,4.073200225830078
USDBRL,2019-08-21,4.051700115203857
USDBRL,2019-08-22,4.02400016784668
USDBRL,2019-08-23,4.067999839782715
USDBRL,2019-08-26,4.126200199127197
USDBRL,2019-08-27,4.151500225067139
USDBRL,2019-08-28,4.122799873352051
USDBRL,2019-08-29,4.167699813842773
USDBRL,2019-08-30,4.168099880218506
USDBRL,2019-09-02,4.143899917602539
USDBRL,2019-09-03,4.1844000816345215
USDBRL,2019-09-04,4.16510009765625
USDBRL,2019-09-05,4.093200206756592
USDBRL,2019-09-06,4.105999946594238
USDBRL,2019-09-09,4.061299800872803
USDBRL,2019-09-10,4.093400001525879
USDBRL,2019-09-11,4.079500198364258
USDBRL,2019-09-12,4.064199924468994
USDBRL,2019-09-13,4.058899879455566
USDBRL,2019-09-16,4.0854997634887695
USDBRL,2019-09-17,4.0792999267578125
USDBRL,2019-09-18,4.076000213623047
USDBRL,2019-09-19,4.1072998046875
USDBRL,2019-09-20,4.166600227355957
USDBRL,2019-09-23,4.1483001708984375
USDBRL,2019-09-24,4.161499977111816
USDBRL,2019-09-25,4.1616997718811035
USDBRL,2019-09-26,4.14709997177124
USDBRL,2019-09-27,4.1691999435424805
USDBRL,2019-09-30,4.157100200653076
USDBRL,2019-10-01,4.154799938201904
USDBRL,2019-10-02,4.154600143432617
USDBRL,2019-10-03,4.1244001388549805
USDBRL,2019-10-04,4.082900047302246
USDBRL,2019-10-07,4.054599761962891
USDBRL,2019-10-08,4.105100154876709
USDBRL,2019-10-09,4.09089994430542
USDBRL,2019-10-10,4.10830020904541
USDBRL,2019-10-11,4.108399868011475
USDBRL,2019-10-14,4.108500003814697
USDBRL,2019-10-15,4.123700141906738
USDBRL,2019-10-16,4.178599834442139
USDBRL,2019-10-17,4.148600101470947
USDBRL,2019-10-18,4.161099910736084
USDBRL,2019-10-21,4.111100196838379
USDBRL,2019-10-22,4.1247639656066895
USDBRL,2019-10-23,4.078400135040283
USDBRL,2019-10-24,4.033100128173828
USDBRL,2019-10-25,4.039299964904785
USDBRL,2019-10-28,4.002900123596191
USDBRL,2019-10-29,3.988800048828125
USDBRL,2019-10-30,3.9967000484466553
USDBRL,2019-10-31,3.9862000942230225
USDBRL,2019-11-01,4.015999794006348
USDBRL,2019-11-04,3.9893999099731445
USDBRL,2019-11-05,4.010799884796143
USDBRL,2019-11-06,3.992000102996826
USDBRL,2019-11-07,4.082300186157227
USDBRL,2019-11-08,4.0995001792907715
USDBRL,2019-11-11,4.133399963378906
USDBRL,2019-11-12,4.151299953460693
USDBRL,2019-11-13,4.167900085449219
USDBRL,2019-11-14,4.168600082397461
USDBRL,2019-11-15,4.194300174713135
USDBRL,2019-11-18,4.194799900054932
USDBRL,2019-11-19,4.216400146484375
USDBRL,2019-11-20,4.191699981689453
USDBRL,2019-11-21,4.195000171661377
USDBRL,2019-11-22,4.191699981689453
USDBRL,2019-11-25,4.195000171661377
USDBRL,2019-11-26,4.225399971008301
USDBRL,2019-11-27,4.231800079345703
USDBRL,2019-11-28,4.262700080871582
USDBRL,2019-11-29,4.188000202178955
USDBRL,2019-12-02,4.236100196838379
USDBRL,2019-12-03,4.222300052642822
USDBRL,2019-12-04,4.203999996185303
USDBRL,2019-12-05,4.206099987030029
USDBRL,2019-12-06,4.184599876403809
USDBRL,2019-12-09,4.118899822235107
USDBRL,2019-12-10,4.14109992980957
USDBRL,2019-12-11,4.144599914550781
USDBRL,2019-12-12,4.123700141906738
USDBRL,2019-12-13,4.087247848510742
USDBRL,2019-12-16,4.0858001708984375
USDBRL,2019-12-17,4.0619001388549805
USDBRL,2019-12-18,4.070199966430664
USDBRL,2019-12-19,4.059662818908691
USDBRL,2019-12-20,4.06879997253418
USDBRL,2019-12-23,4.079899787902832
USDBRL,2019-12-24,4.081999778747559
USDBRL,2019-12-25,4.082799911499023
USDBRL,2019-12-26,4.083000183105469
USDBRL,2019-12-27,4.054699897766113
USDBRL,2019-12-30,4.022299766540527
USDBRL,2019-12-31,4.015710830688477
USDBRL,2020-01-01,4.016786098480225
USDBRL,2020-01-02,4.016300201416016
USDBRL,2020-01-03,4.023399829864502
USDBRL,2020-01-06,4.057000160217285
USDBRL,2020-01-07,4.060400009155273
USDBRL,2020-01-08,4.066199779510498
USDBRL,2020-01-09,4.06279993057251
USDBRL,2020-01-10,4.092100143432617
USDBRL,2020-01-13,4.070499897003174
USDBRL,2020-01-14,4.1458001136779785
USDBRL,2020-01-15,4.13129997253418
USDBRL,2020-01-16,4.174200057983398
USDBRL,2020-01-17,4.183599948883057
USDBRL,2020-01-20,4.161600112915039
USDBRL,2020-01-21,4.188499927520752
USDBRL,2020-01-22,4.210899829864502
USDBRL,2020-01-23,4.181300163269043
USDBRL,2020-01-24,4.169099807739258
USDBRL,2020-01-27,4.1595001220703125
USDBRL,2020-01-28,4.206099987030029
USDBRL,2020-01-29,4.193399906158447
USDBRL,2020-01-30,4.228899955749512
USDBRL,2020-01-31,4.242199897766113
USDBRL,2020-02-03,4.282599925994873
USDBRL,2020-02-04,4.246799945831299
USDBRL,2020-02-05,4.253699779510498
USDBRL,2020-02-06,4.23360013961792
USDBRL,2020-02-07,4.280799865722656
USDBRL,2020-02-10,4.320400238037109
USDBRL,2020-02-11,4.320974826812744
USDBRL,2020-02-12,4.327530860900879
USDBRL,2020-02-13,4.354499816894531
USDBRL,2020-02-14,4.346766948699951
USDBRL,2020-02-17,4.296999931335449
USDBRL,2020-02-18,4.326499938964844
USDBRL,2020-02-19,4.354800224304199
USDBRL,2020-02-20,4.363999843597412
USDBRL,2020-02-21,4.392300128936768
USDBRL,2020-02-24,4.389800071716309
USDBRL,2020-02-25,4.386600017547607
USDBRL,2020-02-26,4.3867998123168945
USDBRL,2020-02-27,4.449100017547607
USDBRL,2020-02-28,4.484799861907959
USDBRL,2020-03-02,4.441299915313721
USDBRL,2020-03-03,4.472400188446045
USDBRL,2020-03-04,4.513199806213379
USDBRL,2020-03-05,4.583399772644043
USDBRL,2020-03-06,4.606200218200684
USDBRL,2020-03-09,4.589799880981445
USDBRL,2020-03-10,4.722899913787842
USDBRL,2020-03-11,4.642099857330322
USDBRL,2020-03-12,4.813799858093262
USDBRL,2020-03-13,4.790200233459473
USDBRL,2020-03-16,4.85260009765625
USDBRL,2020-03-17,4.999000072479248
USDBRL,2020-03-18,5.009699821472168
USDBRL,2020-03-19,5.103961944580078
USDBRL,2020-03-20,5.094200134277344
USDBRL,2020-03-23,5.045499801635742
USDBRL,2020-03-24,5.14169979095459
USDBRL,2020-03-25,5.098100185394287
USDBRL,2020-03-26,5.033699989318848
USDBRL,2020-03-27,5.022600173950195
USDBRL,2020-03-30,5.104629039764404
USDBRL,2020-03-31,5.192699909210205
USDBRL,2020-04-01,5.203499794006348
USDBRL,2020-04-02,5.248199939727783
USDBRL,2020-04-03,5.255300045013428
USDBRL,2020-04-06,5.348499774932861
USDBRL,2020-04-07,5.285299777984619
USDBRL,2020-04-08,5.221700191497803
USDBRL,2020-04-09,5.123499870300293
USDBRL,2020-04-10,5.105800151824951
USDBRL,2020-04-13,5.105500221252441
USDBRL,2020-04-14,5.198500156402588
USDBRL,2020-04-15,5.1620001792907715
USDBRL,2020-04-16,5.236999988555908
USDBRL,2020-04-17,5.230899810791016
USDBRL,2020-04-20,5.232699871063232
USDBRL,2020-04-21,5.315400123596191
USDBRL,2020-04-22,5.315000057220459
USDBRL,2020-04-23,5.456900119781494
USDBRL,2020-04-24,5.533100128173828
USDBRL,2020-04-27,5.5725998878479
USDBRL,2020-04-28,5.652599811553955
USDBRL,2020-04-29,5.497399806976318
USDBRL,2020-04-30,5.334799766540527
USDBRL,2020-05-01,5.486000061035156
USDBRL,2020-05-04,5.4770002365112305
USDBRL,2020-05-05,5.540599822998047
USDBRL,2020-05-06,5.578100204467773
USDBRL,2020-05-07,5.715199947357178
USDBRL,2020-05-08,5.828719139099121
USDBRL,2020-05-11,5.4770002365112305
USDBRL,2020-05-12,5.8171000480651855
USDBRL,2020-05-13,5.884799957275391
USDBRL,2020-05-14,5.88640022277832
USDBRL,2020-05-15,5.8094000816345215
USDBRL,2020-05-18,5.855199813842773
USDBRL,2020-05-19,5.718999862670898
USDBRL,2020-05-20,5.755199909210205
USDBRL,2020-05-21,5.690499782562256
USDBRL,2020-05-22,5.5524001121521
USDBRL,2020-05-25,5.52869987487793
USDBRL,2020-05-26,5.443399906158447
USDBRL,2020-05-27,5.343999862670898
USDBRL,2020-05-28,5.27269983291626
USDBRL,2020-05-29,5.403600215911865
USDBRL,2020-06-01,5.334799766540527
USDBRL,2020-06-02,5.366499900817871
USDBRL,2020-06-03,5.1992998123168945
USDBRL,2020-06-04,5.061600208282471
USDBRL,2020-06-05,5.117199897766113
USDBRL,2020-06-08,4.959499835968018
USDBRL,2020-06-09,4.821599960327148
USDBRL,2020-06-10,4.898399829864502
USDBRL,2020-06-11,4.9721999168396
USDBRL,2020-06-12,4.974999904632568
USDBRL,2020-06-15,5.047800064086914
USDBRL,2020-06-16,5.153206825256348
USDBRL,2020-06-17,5.243599891662598
USDBRL,2020-06-18,5.22790002822876
USDBRL,2020-06-19,5.377200126647949
USDBRL,2020-06-22,5.309999942779541
USDBRL,2020-06-23,5.2519001960754395
USDBRL,2020-06-24,5.151000022888184
USDBRL,2020-06-25,5.34660005569458
USDBRL,2020-06-26,5.359499931335449
USDBRL,2020-06-29,5.480899810791016
USDBRL,2020-06-30,5.402100086212158
USDBRL,2020-07-01,5.461699962615967
USDBRL,2020-07-02,5.316199779510498
USDBRL,2020-07-03,5.35890007019043
USDBRL,2020-07-06,5.311399936676025
USDBRL,2020-07-07,5.354300022125244
USDBRL,2020-07-08,5.377799987792969
USDBRL,2020-07-09,5.342599868774414
USDBRL,2020-07-10,5.337800025939941
USDBRL,2020-07-13,5.326900005340576
USDBRL,2020-07-14,5.401500225067139
USDBRL,2020-07-15,5.366799831390381
USDBRL,2020-07-16,5.366948127746582
USDBRL,2020-07-17,5.330699920654297
USDBRL,2020-07-20,5.385300159454346
USDBRL,2020-07-21,5.327700138092041
USDBRL,2020-07-22,5.1697998046875
USDBRL,2020-07-23,5.118100166320801
USDBRL,2020-07-24,5.210599899291992
USDBRL,2020-07-27,5.229100227355957
USDBRL,2020-07-28,5.141421794891357
USDBRL,2020-07-29,5.152299880981445
USDBRL,2020-07-30,5.168799877166748
USDBRL,2020-07-31,5.153900146484375
USDBRL,2020-08-03,5.221199989318848
USDBRL,2020-08-04,5.318699836730957
USDBRL,2020-08-05,5.290200233459473
USDBRL,2020-08-06,5.290900230407715
USDBRL,2020-08-07,5.331299781799316
USDBRL,2020-08-10,5.43720006942749
USDBRL,2020-08-11,5.480500221252441
USDBRL,2020-08-12,5.38040018081665
USDBRL,2020-08-13,5.434999942779541
USDBRL,2020-08-14,5.367000102996826
USDBRL,2020-08-17,5.42080020904541
USDBRL,2020-08-18,5.508299827575684
USDBRL,2020-08-19,5.465400218963623
USDBRL,2020-08-20,5.556399822235107
USDBRL,2020-08-21,5.5559000968933105
USDBRL,2020-08-24,5.618599891662598
USDBRL,2020-08-25,5.610599994659424
USDBRL,2020-08-26,5.507400035858154
USDBRL,2020-08-27,5.6072001457214355
USDBRL,2020-08-28,5.568699836730957
USDBRL,2020-08-31,5.389999866485596
USDBRL,2020-09-01,5.490900039672852
USDBRL,2020-09-02,5.397299766540527
USDBRL,2020-09-03,5.338699817657471
USDBRL,2020-09-04,5.289899826049805
USDBRL,2020-09-07,5.301000118255615
USDBRL,2020-09-08,5.298299789428711
USDBRL,2020-09-09,5.360599994659424
USDBRL,2020-09-10,5.308499813079834
USDBRL,2020-09-11,5.320499897003174
USDBRL,2020-09-14,5.316199779510498
USDBRL,2020-09-15,5.2683000564575195
USDBRL,2020-09-16,5.2743000984191895
USDBRL,2020-09-17,5.236000061035156
USDBRL,2020-09-18,5.237800121307373
USDBRL,2020-09-21,5.389800071716309
USDBRL,2020-09-22,5.412600040435791
USDBRL,2020-09-23,5.469900131225586
USDBRL,2020-09-24,5.592400074005127
USDBRL,2020-09-25,5.508399963378906
USDBRL,2020-09-28,5.561100006103516
USDBRL,2020-09-29,5.660200119018555
USDBRL,2020-09-30,5.630499839782715
USDBRL,2020-10-01,5.608399868011475
USDBRL,2020-10-02,5.642000198364258
USDBRL,2020-10-05,5.681600093841553
USDBRL,2020-10-06,5.573400020599365
USDBRL,2020-10-07,5.593800067901611
USDBRL,2020-10-08,5.611299991607666
USDBRL,2020-10-09,5.598599910736084
USDBRL,2020-10-12,5.5289998054504395
USDBRL,2020-10-13,5.529699802398682
USDBRL,2020-10-14,5.56850004196167
USDBRL,2020-10-15,5.5904998779296875
USDBRL,2020-10-16,5.611199855804443
USDBRL,2020-10-19,5.644800186157227
USDBRL,2020-10-20,5.605599880218506
USDBRL,2020-10-21,5.6041998863220215
USDBRL,2020-10-22,5.607800006866455
USDBRL,2020-10-23,5.591300010681152
USDBRL,2020-10-26,5.616199970245361
USDBRL,2020-10-27,5.622700214385986
USDBRL,2020-10-28,5.7052001953125
USDBRL,2020-10-29,5.744900226593018
USDBRL,2020-10-30,5.7778000831604
USDBRL,2020-11-02,5.741399765014648
USDBRL,2020-11-03,5.741099834442139
USDBRL,2020-11-04,5.754899978637695
USDBRL,2020-11-05,5.663000106811523
USDBRL,2020-11-06,5.523399829864502
USDBRL,2020-11-09,5.36269998550415
USDBRL,2020-11-10,5.384699821472168
USDBRL,2020-11-11,5.413899898529053
USDBRL,2020-11-12,5.389999866485596
USDBRL,2020-11-13,5.456699848175049
USDBRL,2020-11-16,5.456999778747559
USDBRL,2020-11-17,5.414899826049805
USDBRL,2020-11-18,5.327199935913086
USDBRL,2020-11-19,5.361700057983398
USDBRL,2020-11-20,5.304500102996826
USDBRL,2020-11-23,5.3780999183654785
USDBRL,2020-11-24,5.4405999183654785
USDBRL,2020-11-25,5.372600078582764
USDBRL,2020-11-26,5.3225998878479
USDBRL,2020-11-27,5.335299968719482
USDBRL,2020-11-30,5.34250020980835
USDBRL,2020-12-01,5.331099987030029
USDBRL,2020-12-02,5.204899787902832
USDBRL,2020-12-03,5.216300010681152
USDBRL,2020-12-04,5.151000022888184
USDBRL,2020-12-07,5.154399871826172
USDBRL,2020-12-08,5.098299980163574
USDBRL,2020-12-09,5.119699954986572
USDBRL,2020-12-10,5.1697001457214355
USDBRL,2020-12-11,5.024199962615967
USDBRL,2020-12-14,5.064199924468994
USDBRL,2020-12-15,5.117700099945068
USDBRL,2020-12-16,5.078884124755859
USDBRL,2020-12-17,5.083199977874756
USDBRL,2020-12-18,5.0569000244140625
USDBRL,2020-12-21,5.100599765777588
USDBRL,2020-12-22,5.118937969207764
USDBRL,2020-12-23,5.1566548347473145
USDBRL,2020-12-24,5.2153000831604
USDBRL,2020-12-25,5.2153000831604
USDBRL,2020-12-28,5.2153000831604
USDBRL,2020-12-29,5.2459001541137695
USDBRL,2020-12-30,5.208600044250488
USDBRL,2020-12-31,5.190838813781738
USDBRL,2021-01-01,5.1921000480651855
USDBRL,2021-01-04,5.19189977645874
USDBRL,2021-01-05,5.295300006866455
USDBRL,2021-01-06,5.28410005569458
USDBRL,2021-01-07,5.312900066375732
USDBRL,2021-01-08,5.40880012512207
USDBRL,2021-01-11,5.4121880531311035
USDBRL,2021-01-12,5.48769998550415
USDBRL,2021-01-13,5.321400165557861
USDBRL,2021-01-14,5.297500133514404
USDBRL,2021-01-15,5.195799827575684
USDBRL,2021-01-18,5.291299819946289
USDBRL,2021-01-19,5.2947998046875
USDBRL,2021-01-20,5.3566999435424805
USDBRL,2021-01-21,5.290500164031982
USDBRL,2021-01-22,5.3495001792907715
USDBRL,2021-01-25,5.4654998779296875
USDBRL,2021-01-26,5.4654998779296875
USDBRL,2021-01-27,5.353799819946289
USDBRL,2021-01-28,5.412600040435791
USDBRL,2021-01-29,5.437989234924316
USDBRL,2021-02-01,5.4608001708984375
USDBRL,2021-02-02,5.430500030517578
USDBRL,2021-02-03,5.3668999671936035
USDBRL,2021-02-04,5.3520002365112305
USDBRL,2021-02-05,5.4257001876831055
USDBRL,2021-02-08,5.369200229644775
USDBRL,2021-02-09,5.364299774169922
USDBRL,2021-02-10,5.376699924468994
USDBRL,2021-02-11,5.384900093078613
USDBRL,2021-02-12,5.3653998374938965
USDBRL,2021-02-15,5.368599891662598
USDBRL,2021-02-16,5.368000030517578
USDBRL,2021-02-17,5.3694000244140625
USDBRL,2021-02-18,5.409800052642822
USDBRL,2021-02-19,5.42579984664917
USDBRL,2021-02-22,5.38070011138916
USDBRL,2021-02-23,5.463399887084961
USDBRL,2021-02-24,5.439599990844727
USDBRL,2021-02-25,5.402964115142822
USDBRL,2021-02-26,5.528025150299072
USDBRL,2021-03-01,5.597599983215332
USDBRL,2021-03-02,5.640699863433838
USDBRL,2021-03-03,5.675099849700928
USDBRL,2021-03-04,5.617499828338623
USDBRL,2021-03-05,5.668300151824951
USDBRL,2021-03-08,5.689499855041504
USDBRL,2021-03-09,5.874599933624268
USDBRL,2021-03-10,5.801499843597412
USDBRL,2021-03-11,5.67110013961792
USDBRL,2021-03-12,5.534800052642822
USDBRL,2021-03-15,5.4951558113098145
USDBRL,2021-03-16,5.614500045776367
USDBRL,2021-03-17,5.6234002113342285
USDBRL,2021-03-18,5.583099842071533
USDBRL,2021-03-19,5.558700084686279
USDBRL,2021-03-22,5.493563175201416
USDBRL,2021-03-23,5.505499839782715
USDBRL,2021-03-24,5.520400047302246
USDBRL,2021-03-25,5.61959981918335
USDBRL,2021-03-26,5.648399829864502
USDBRL,2021-03-29,5.752399921417236
USDBRL,2021-03-30,5.780799865722656
USDBRL,2021-03-31,5.771599769592285
USDBRL,2021-04-01,5.63129997253418
USDBRL,2021-04-02,5.707399845123291
USDBRL,2021-04-05,5.710599899291992
USDBRL,2021-04-06,5.662700176239014
USDBRL,2021-04-07,5.593200206756592
USDBRL,2021-04-08,5.612100124359131
USDBRL,2021-04-09,5.5665998458862305
USDBRL,2021-04-12,5.679299831390381
USDBRL,2021-04-13,5.7322001457214355
USDBRL,2021-04-14,5.716300010681152
USDBRL,2021-04-15,5.652900218963623
USDBRL,2021-04-16,5.614999771118164
USDBRL,2021-04-19,5.5858001708984375
USDBRL,2021-04-20,5.545300006866455
USDBRL,2021-04-21,5.56790018081665
USDBRL,2021-04-22,5.56790018081665
USDBRL,2021-04-23,5.44320011138916
USDBRL,2021-04-26,5.477200031280518
USDBRL,2021-04-27,5.435299873352051
USDBRL,2021-04-28,5.451000213623047
USDBRL,2021-04-29,5.341400146484375
USDBRL,2021-04-30,5.336400032043457
USDBRL,2021-05-03,5.439700126647949
USDBRL,2021-05-04,5.4380998611450195
USDBRL,2021-05-05,5.442599773406982
USDBRL,2021-05-06,5.352700233459473
USDBRL,2021-05-07,5.273430824279785
USDBRL,2021-05-10,5.235499858856201
USDBRL,2021-05-11,5.2221999168396
USDBRL,2021-05-12,5.221199989318848
USDBRL,2021-05-13,5.303100109100342
USDBRL,2021-05-14,5.307700157165527
USDBRL,2021-05-17,5.269499778747559
USDBRL,2021-05-18,5.271500110626221
USDBRL,2021-05-19,5.259500026702881
USDBRL,2021-05-20,5.308000087738037
USDBRL,2021-05-21,5.281300067901611
USDBRL,2021-05-24,5.361800193786621
USDBRL,2021-05-25,5.31850004196167
USDBRL,2021-05-26,5.330699920654297
USDBRL,2021-05-27,5.310500144958496
USDBRL,2021-05-28,5.2382001876831055
USDBRL,2021-05-31,5.23799991607666
USDBRL,2021-06-01,5.216599941253662
USDBRL,2021-06-02,5.149700164794922
USDBRL,2021-06-03,5.07450008392334
USDBRL,2021-06-04,5.076300144195557
USDBRL,2021-06-07,5.044600009918213
USDBRL,2021-06-08,5.045199871063232
USDBRL,2021-06-09,5.034900188446045
USDBRL,2021-06-10,5.061500072479248
USDBRL,2021-06-11,5.054500102996826
USDBRL,2021-06-14,5.117000102996826
USDBRL,2021-06-15,5.058599948883057
USDBRL,2021-06-16,5.043799877166748
USDBRL,2021-06-17,5.054299831390381
USDBRL,2021-06-18,5.007400035858154
USDBRL,2021-06-21,5.0960001945495605
USDBRL,2021-06-22,5.0131001472473145
USDBRL,2021-06-23,4.957099914550781
USDBRL,2021-06-24,4.965199947357178
USDBRL,2021-06-25,4.912700176239014
USDBRL,2021-06-28,4.91540002822876
USDBRL,2021-06-29,4.924799919128418
USDBRL,2021-06-30,4.955100059509277
USDBRL,2021-07-01,4.969200134277344
USDBRL,2021-07-02,5.045102119445801
USDBRL,2021-07-05,5.059199810028076
USDBRL,2021-07-06,5.088459014892578
USDBRL,2021-07-07,5.195300102233887
USDBRL,2021-07-08,5.231200218200684
USDBRL,2021-07-09,5.257999897003174
USDBRL,2021-07-12,5.257900238037109
USDBRL,2021-07-13,5.172699928283691
USDBRL,2021-07-14,5.162399768829346
USDBRL,2021-07-15,5.069900035858154
USDBRL,2021-07-16,5.110000133514404
USDBRL,2021-07-19,5.1153998374938965
USDBRL,2021-07-20,5.250899791717529
USDBRL,2021-07-21,5.219900131225586
USDBRL,2021-07-22,5.187300205230713
USDBRL,2021-07-23,5.1996002197265625
USDBRL,2021-07-26,5.19789981842041
USDBRL,2021-07-27,5.1753997802734375
USDBRL,2021-07-28,5.169099807739258
USDBRL,2021-07-29,5.114799976348877
USDBRL,2021-07-30,5.080399990081787
USDBRL,2021-08-02,5.208700180053711
USDBRL,2021-08-03,5.174600124359131
USDBRL,2021-08-04,5.196800231933594
USDBRL,2021-08-05,5.1682000160217285
USDBRL,2021-08-06,5.245200157165527
USDBRL,2021-08-09,5.23199987411499
USDBRL,2021-08-10,5.231800079345703
USDBRL,2021-08-11,5.188300132751465
USDBRL,2021-08-12,5.218200206756592
USDBRL,2021-08-13,5.252200126647949
USDBRL,2021-08-16,5.247499942779541
USDBRL,2021-08-17,5.259699821472168
USDBRL,2021-08-18,5.294300079345703
USDBRL,2021-08-19,5.378600120544434
USDBRL,2021-08-20,5.414100170135498
USDBRL,2021-08-23,5.379000186920166
USDBRL,2021-08-24,5.379899978637695
USDBRL,2021-08-25,5.245800018310547
USDBRL,2021-08-26,5.210999965667725
USDBRL,2021-08-27,5.2515997886657715
USDBRL,2021-08-30,5.2027997970581055
USDBRL,2021-08-31,5.1828999519348145
USDBRL,2021-09-01,5.1493000984191895
USDBRL,2021-09-02,5.184599876403809
USDBRL,2021-09-03,5.18179988861084
USDBRL,2021-09-06,5.189799785614014
USDBRL,2021-09-07,5.169300079345703
USDBRL,2021-09-08,5.169600009918213
USDBRL,2021-09-09,5.3206000328063965
USDBRL,2021-09-10,5.196499824523926
USDBRL,2021-09-13,5.247000217437744
USDBRL,2021-09-14,5.213200092315674
USDBRL,2021-09-15,5.238900184631348
USDBRL,2021-09-16,5.221700191497803
USDBRL,2021-09-17,5.256800174713135
USDBRL,2021-09-20,5.289700031280518
USDBRL,2021-09-21,5.323200225830078
USDBRL,2021-09-22,5.268899917602539
USDBRL,2021-09-23,5.287700176239014
USDBRL,2021-09-24,5.3018999099731445
USDBRL,2021-09-27,5.336999893188477
USDBRL,2021-09-28,5.390399932861328
USDBRL,2021-09-29,5.427599906921387
USDBRL,2021-09-30,5.414299964904785
USDBRL,2021-10-01,5.441699981689453
USDBRL,2021-10-04,5.3678998947143555
USDBRL,2021-10-05,5.453199863433838
USDBRL,2021-10-06,5.475500106811523
USDBRL,2021-10-07,5.4918999671936035
USDBRL,2021-10-08,5.517000198364258
USDBRL,2021-10-11,5.506899833679199
USDBRL,2021-10-12,5.535999774932861
USDBRL,2021-10-13,5.531499862670898
USDBRL,2021-10-14,5.512499809265137
USDBRL,2021-10-15,5.512199878692627
USDBRL,2021-10-18,5.458399772644043
USDBRL,2021-10-19,5.511300086975098
USDBRL,2021-10-20,5.5833001136779785
USDBRL,2021-10-21,5.59630012512207
USDBRL,2021-10-22,5.657800197601318
USDBRL,2021-10-25,5.649199962615967
USDBRL,2021-10-26,5.5543999671936035
USDBRL,2021-10-27,5.564799785614014
USDBRL,2021-10-28,5.534999847412109
USDBRL,2021-10-29,5.644899845123291
USDBRL,2021-11-01,5.633699893951416
USDBRL,2021-11-02,5.678899765014648
USDBRL,2021-11-03,5.678599834442139
USDBRL,2021-11-04,5.5524001121521
USDBRL,2021-11-05,5.6016998291015625
USDBRL,2021-11-08,5.541100025177002
USDBRL,2021-11-09,5.543099880218506
USDBRL,2021-11-10,5.479100227355957
USDBRL,2021-11-11,5.4899001121521
USDBRL,2021-11-12,5.3979997634887695
USDBRL,2021-11-15,5.457600116729736
USDBRL,2021-11-16,5.456299781799316
USDBRL,2021-11-17,5.502200126647949
USDBRL,2021-11-18,5.52869987487793
USDBRL,2021-11-19,5.556399822235107
USDBRL,2021-11-22,5.611599922180176
USDBRL,2021-11-23,5.585599899291992
USDBRL,2021-11-24,5.570400238037109
USDBRL,2021-11-25,5.605199813842773
USDBRL,2021-11-26,5.565100193023682
USDBRL,2021-11-29,5.607800006866455
USDBRL,2021-11-30,5.6006999015808105
USDBRL,2021-12-01,5.620871067047119
USDBRL,2021-12-02,5.6915669441223145
USDBRL,2021-12-03,5.643321990966797
USDBRL,2021-12-06,5.65009880065918
USDBRL,2021-12-07,5.688000202178955
USDBRL,2021-12-08,5.611800193786621
USDBRL,2021-12-09,5.531599998474121
USDBRL,2021-12-10,5.571100234985352
USDBRL,2021-12-13,5.60866117477417
USDBRL,2021-12-14,5.679699897766113
USDBRL,2021-12-15,5.680600166320801
USDBRL,2021-12-16,5.6793999671936035
USDBRL,2021-12-17,5.687399864196777
USDBRL,2021-12-20,5.693059921264648
USDBRL,2021-12-21,5.741300106048584
USDBRL,2021-12-22,5.74399995803833
USDBRL,2021-12-23,5.6529998779296875
USDBRL,2021-12-24,5.671795845031738
USDBRL,2021-12-27,5.67110013961792
USDBRL,2021-12-28,5.624100208282471
USDBRL,2021-12-29,5.627500057220459
USDBRL,2021-12-30,5.702700138092041
USDBRL,2021-12-31,5.570199966430664
USDBRL,2022-01-03,5.569300174713135
USDBRL,2022-01-04,5.68120002746582
USDBRL,2022-01-05,5.676199913024902
USDBRL,2022-01-06,5.705635070800781
USDBRL,2022-01-07,5.682400226593018
USDBRL,2022-01-10,5.632199764251709
USDBRL,2022-01-11,5.662199974060059
USDBRL,2022-01-12,5.567299842834473
USDBRL,2022-01-13,5.533199787139893
USDBRL,2022-01-14,5.526700019836426
USDBRL,2022-01-17,5.533299922943115
USDBRL,2022-01-18,5.5157999992370605
USDBRL,2022-01-19,5.565700054168701
USDBRL,2022-01-20,5.43720006942749
USDBRL,2022-01-21,5.418099880218506
USDBRL,2022-01-24,5.457099914550781
USDBRL,2022-01-25,5.486100196838379
USDBRL,2022-01-26,5.440703868865967
USDBRL,2022-01-27,5.429166793823242
USDBRL,2022-01-28,5.40348482131958
USDBRL,2022-01-31,5.362599849700928
USDBRL,2022-02-01,5.303100109100342
USDBRL,2022-02-02,5.264500141143799
USDBRL,2022-02-03,5.260900020599365
USDBRL,2022-02-04,5.282899856567383
USDBRL,2022-02-07,5.326900005340576
USDBRL,2022-02-08,5.262599945068359
USDBRL,2022-02-09,5.258399963378906
USDBRL,2022-02-10,5.234499931335449
USDBRL,2022-02-11,5.248700141906738
USDBRL,2022-02-14,5.249956130981445
USDBRL,2022-02-15,5.214000225067139
USDBRL,2022-02-16,5.157899856567383
USDBRL,2022-02-17,5.135799884796143
USDBRL,2022-02-18,5.170599937438965
USDBRL,2022-02-21,5.137499809265137
USDBRL,2022-02-22,5.102700233459473
USDBRL,2022-02-23,5.05709981918335
USDBRL,2022-02-24,5.008699893951416
USDBRL,2022-02-25,5.122200012207031
USDBRL,2022-02-28,5.15939998626709
USDBRL,2022-03-01,5.158400058746338
USDBRL,2022-03-02,5.158999919891357
USDBRL,2022-03-03,5.096502780914307
USDBRL,2022-03-04,5.030900001525879
USDBRL,2022-03-07,5.06056022644043
USDBRL,2022-03-08,5.110499858856201
USDBRL,2022-03-09,5.058800220489502
USDBRL,2022-03-10,5.011499881744385
USDBRL,2022-03-11,5.009699821472168
USDBRL,2022-03-14,5.073500156402588
USDBRL,2022-03-15,5.121399879455566
USDBRL,2022-03-16,5.1631999015808105
USDBRL,2022-03-17,5.0738749504089355
USDBRL,2022-03-18,5.039400100708008
USDBRL,2022-03-21,5.0177998542785645
USDBRL,2022-03-22,4.935200214385986
USDBRL,2022-03-23,4.909999847412109
USDBRL,2022-03-24,4.82420015335083
USDBRL,2022-03-25,4.826300144195557
USDBRL,2022-03-28,4.7368998527526855
USDBRL,2022-03-29,4.764100074768066
USDBRL,2022-03-30,4.756199836730957
USDBRL,2022-03-31,4.769700050354004
USDBRL,2022-04-01,4.737800121307373
USDBRL,2022-04-04,4.657199859619141
USDBRL,2022-04-05,4.593800067901611
USDBRL,2022-04-06,4.650700092315674
USDBRL,2022-04-07,4.715199947357178
USDBRL,2022-04-08,4.752099990844727
USDBRL,2022-04-11,4.6981000900268555
USDBRL,2022-04-12,4.693600177764893
USDBRL,2022-04-13,4.673099994659424
USDBRL,2022-04-14,4.690199851989746
USDBRL,2022-04-15,4.701000213623047
USDBRL,2022-04-18,4.7006001472473145
USDBRL,2022-04-19,4.6519999504089355
USDBRL,2022-04-20,4.664999961853027
USDBRL,2022-04-21,4.620800018310547
USDBRL,2022-04-22,4.620800018310547
USDBRL,2022-04-25,4.795199871063232
USDBRL,2022-04-26,4.876200199127197
USDBRL,2022-04-27,4.997799873352051
USDBRL,2022-04-28,4.963600158691406
USDBRL,2022-04-29,4.93779993057251
USDBRL,2022-05-02,4.97130012512207
USDBRL,2022-05-03,5.084700107574463
USDBRL,2022-05-04,4.958099842071533
USDBRL,2022-05-05,4.918799877166748
USDBRL,2022-05-06,5.0279998779296875
USDBRL,2022-05-09,5.080399990081787
USDBRL,2022-05-10,5.160900115966797
USDBRL,2022-05-11,5.13129997253418
USDBRL,2022-05-12,5.134252071380615
USDBRL,2022-05-13,5.133399963378906
USDBRL,2022-05-16,5.058300018310547
USDBRL,2022-05-17,5.059700012207031
USDBRL,2022-05-18,4.9380998611450195
USDBRL,2022-05-19,4.96750020980835
USDBRL,2022-05-20,4.929999828338623
USDBRL,2022-05-23,4.880199909210205
USDBRL,2022-05-24,4.813499927520752
USDBRL,2022-05-25,4.817800045013428
USDBRL,2022-05-26,4.822800159454346
USDBRL,2022-05-27,4.768199920654297
USDBRL,2022-05-30,4.729599952697754
USDBRL,2022-05-31,4.752399921417236
USDBRL,2022-06-01,4.730400085449219
USDBRL,2022-06-02,4.815499782562256
USDBRL,2022-06-03,4.7957000732421875
USDBRL,2022-06-06,4.775000095367432
USDBRL,2022-06-07,4.7941999435424805
USDBRL,2022-06-08,4.867526054382324
USDBRL,2022-06-09,4.898099899291992
USDBRL,2022-06-10,4.903299808502197
USDBRL,2022-06-13,4.984000205993652
USDBRL,2022-06-14,5.113399982452393
USDBRL,2022-06-15,5.116099834442139
USDBRL,2022-06-16,5.052000045776367
USDBRL,2022-06-17,5.052199840545654
USDBRL,2022-06-20,5.152100086212158
USDBRL,2022-06-21,5.18720006942749
USDBRL,2022-06-22,5.122799873352051
USDBRL,2022-06-23,5.193600177764893
USDBRL,2022-06-24,5.23799991607666
USDBRL,2022-06-27,5.241399765014648
USDBRL,2022-06-28,5.236800193786621
USDBRL,2022-06-29,5.266600131988525
USDBRL,2022-06-30,5.1809000968933105
USDBRL,2022-07-01,5.251999855041504
USDBRL,2022-07-04,5.330999851226807
USDBRL,2022-07-05,5.3282999992370605
USDBRL,2022-07-06,5.385200023651123
USDBRL,2022-07-07,5.427999973297119
USDBRL,2022-07-08,5.338200092315674
USDBRL,2022-07-11,5.254000186920166
USDBRL,2022-07-12,5.377200126647949
USDBRL,2022-07-13,5.436500072479248
USDBRL,2022-07-14,5.390900135040283
USDBRL,2022-07-15,5.422800064086914
USDBRL,2022-07-18,5.410099983215332
USDBRL,2022-07-19,5.436800003051758
USDBRL,2022-07-20,5.413099765777588
USDBRL,2022-07-21,5.470200061798096
USDBRL,2022-07-22,5.497799873352051
USDBRL,2022-07-25,5.496699810028076
USDBRL,2022-07-26,5.356299877166748
USDBRL,2022-07-27,5.350100040435791
USDBRL,2022-07-28,5.243000030517578
USDBRL,2022-07-29,5.182700157165527
USDBRL,2022-08-01,5.171199798583984
USDBRL,2022-08-02,5.184000015258789
USDBRL,2022-08-03,5.277699947357178
USDBRL,2022-08-04,5.282700061798096
USDBRL,2022-08-05,5.211100101470947
USDBRL,2022-08-08,5.164599895477295
USDBRL,2022-08-09,5.110099792480469
USDBRL,2022-08-10,5.123700141906738
USDBRL,2022-08-11,5.093699932098389
USDBRL,2022-08-12,5.1570000648498535
USDBRL,2022-08-15,5.074900150299072
USDBRL,2022-08-16,5.095600128173828
USDBRL,2022-08-17,5.1417388916015625
USDBRL,2022-08-18,5.164999961853027
USDBRL,2022-08-19,5.166999816894531
USDBRL,2022-08-22,5.168399810791016
USDBRL,2022-08-23,5.156099796295166
USDBRL,2022-08-24,5.103499889373779
USDBRL,2022-08-25,5.110099792480469
USDBRL,2022-08-26,5.108699798583984
USDBRL,2022-08-29,5.0625
USDBRL,2022-08-30,5.027200222015381
USDBRL,2022-08-31,5.1219000816345215
USDBRL,2022-09-01,5.181700229644775
USDBRL,2022-09-02,5.2403998374938965
USDBRL,2022-09-05,5.171000003814697
USDBRL,2022-09-06,5.153900146484375
USDBRL,2022-09-07,5.247200012207031
USDBRL,2022-09-08,5.246699810028076
USDBRL,2022-09-09,5.2133002281188965
USDBRL,2022-09-12,5.146299839019775
USDBRL,2022-09-13,5.0920000076293945
USDBRL,2022-09-14,5.189799785614014
USDBRL,2022-09-15,5.162700176239014
USDBRL,2022-09-16,5.246099948883057
USDBRL,2022-09-19,5.250699996948242
USDBRL,2022-09-20,5.170899868011475
USDBRL,2022-09-21,5.141499996185303
USDBRL,2022-09-22,5.170400142669678
USDBRL,2022-09-23,5.115499973297119
USDBRL,2022-09-26,5.258800029754639
USDBRL,2022-09-27,5.389400005340576
USDBRL,2022-09-28,5.3780999183654785
USDBRL,2022-09-29,5.374199867248535
USDBRL,2022-09-30,5.396200180053711
USDBRL,2022-10-03,5.414299964904785
USDBRL,2022-10-04,5.16349983215332
USDBRL,2022-10-05,5.17579984664917
USDBRL,2022-10-06,5.195199966430664
USDBRL,2022-10-07,5.220099925994873
USDBRL,2022-10-10,5.198400020599365
USDBRL,2022-10-11,5.186800003051758
USDBRL,2022-10-12,5.292099952697754
USDBRL,2022-10-13,5.291500091552734
USDBRL,2022-10-14,5.259799957275391
USDBRL,2022-10-17,5.327400207519531
USDBRL,2022-10-18,5.2773590087890625
USDBRL,2022-10-19,5.239799976348877
USDBRL,2022-10-20,5.269199848175049
USDBRL,2022-10-21,5.216599941253662
USDBRL,2022-10-24,5.163400173187256
USDBRL,2022-10-25,5.30620002746582
USDBRL,2022-10-26,5.315199851989746
USDBRL,2022-10-27,5.383900165557861
USDBRL,2022-10-28,5.339200019836426
USDBRL,2022-10-31,5.28849983215332
USDBRL,2022-11-01,5.178800106048584
USDBRL,2022-11-02,5.142399787902832
USDBRL,2022-11-03,5.142600059509277
USDBRL,2022-11-04,5.1149001121521
USDBRL,2022-11-07,5.078132152557373
USDBRL,2022-11-08,5.153326988220215
USDBRL,2022-11-09,5.14300012588501
USDBRL,2022-11-10,5.185200214385986
USDBRL,2022-11-11,5.341579914093018
USDBRL,2022-11-14,5.279058933258057
USDBRL,2022-11-15,5.331200122833252
USDBRL,2022-11-16,5.331699848175049
USDBRL,2022-11-17,5.39900016784668
USDBRL,2022-11-18,5.422100067138672
USDBRL,2022-11-21,5.38129997253418
USDBRL,2022-11-22,5.318600177764893
USDBRL,2022-11-23,5.357699871063232
USDBRL,2022-11-24,5.35830020904541
USDBRL,2022-11-25,5.320000171661377
USDBRL,2022-11-28,5.4085001945495605
USDBRL,2022-11-29,5.364699840545654
USDBRL,2022-11-30,5.268199920654297
USDBRL,2022-12-01,5.181589126586914
USDBRL,2022-12-02,5.183599948883057
USDBRL,2022-12-05,5.2179999351501465
USDBRL,2022-12-06,5.28000020980835
USDBRL,2022-12-07,5.234000205993652
USDBRL,2022-12-08,5.203999996185303
USDBRL,2022-12-09,5.224299907684326
USDBRL,2022-12-12,5.235000133514404
USDBRL,2022-12-13,5.321300029754639
USDBRL,2022-12-14,5.292799949645996
USDBRL,2022-12-15,5.277200222015381
USDBRL,2022-12-16,5.311800003051758
USDBRL,2022-12-19,5.306509017944336
USDBRL,2022-12-20,5.291600227355957
USDBRL,2022-12-21,5.198400020599365
USDBRL,2022-12-22,5.199900150299072
USDBRL,2022-12-23,5.165599822998047
USDBRL,2022-12-26,5.164299964904785
USDBRL,2022-12-27,5.21750020980835
USDBRL,2022-12-28,5.292300224304199
USDBRL,2022-12-29,5.2667999267578125
USDBRL,2022-12-30,5.284599781036377
USDBRL,2023-01-02,5.2855000495910645
USDBRL,2023-01-03,5.360130786895752
USDBRL,2023-01-04,5.478499889373779
USDBRL,2023-01-05,5.430099964141846
USDBRL,2023-01-06,5.349800109863281
USDBRL,2023-01-09,5.224400043487549
USDBRL,2023-01-10,5.253699779510498
USDBRL,2023-01-11,5.198299884796143
USDBRL,2023-01-12,5.1585001945495605
USDBRL,2023-01-13,5.107699871063232
USDBRL,2023-01-16,5.080699920654297
USDBRL,2023-01-17,5.145999908447266
USDBRL,2023-01-18,5.099599838256836
USDBRL,2023-01-19,5.185299873352051
USDBRL,2023-01-20,5.172999858856201
USDBRL,2023-01-23,5.206299781799316
USDBRL,2023-01-24,5.205900192260742
USDBRL,2023-01-25,5.138400077819824
USDBRL,2023-01-26,5.072199821472168
USDBRL,2023-01-27,5.062745094299316
USDBRL,2023-01-30,5.1072001457214355
USDBRL,2023-01-31,5.1149001121521
USDBRL,2023-02-01,5.072199821472168
USDBRL,2023-02-02,5.053500175476074
USDBRL,2023-02-03,5.049200057983398
USDBRL,2023-02-06,5.149799823760986
USDBRL,2023-02-07,5.145699977874756
USDBRL,2023-02-08,5.2093000411987305
USDBRL,2023-02-09,5.19950008392334
USDBRL,2023-02-10,5.2895002365112305
USDBRL,2023-02-13,5.213482856750488
USDBRL,2023-02-14,5.158400058746338
USDBRL,2023-02-15,5.191500186920166
USDBRL,2023-02-16,5.2179999351501465
USDBRL,2023-02-17,5.216800212860107
USDBRL,2023-02-20,5.165168762207031
USDBRL,2023-02-21,5.1666998863220215
USDBRL,2023-02-22,5.166500091552734
USDBRL,2023-02-23,5.151199817657471
USDBRL,2023-02-24,5.136199951171875
USDBRL,2023-02-27,5.207799911499023
USDBRL,2023-02-28,5.199699878692627
USDBRL,2023-03-01,5.235899925231934
USDBRL,2023-03-02,5.178299903869629
USDBRL,2023-03-03,5.1996002197265625
USDBRL,2023-03-06,5.194399833679199
USDBRL,2023-03-07,5.152200222015381
USDBRL,2023-03-08,5.190000057220459
USDBRL,2023-03-09,5.144400119781494
USDBRL,2023-03-10,5.163700103759766
USDBRL,2023-03-13,5.21560001373291
USDBRL,2023-03-14,5.245699882507324
USDBRL,2023-03-15,5.251699924468994
USDBRL,2023-03-16,5.287099838256836
USDBRL,2023-03-17,5.229599952697754
USDBRL,2023-03-20,5.2778000831604
USDBRL,2023-03-21,5.2357001304626465
USDBRL,2023-03-22,5.240900039672852
USDBRL,2023-03-23,5.236100196838379
USDBRL,2023-03-24,5.2967000007629395
USDBRL,2023-03-27,5.245100021362305
USDBRL,2023-03-28,5.1971001625061035
USDBRL,2023-03-29,5.164400100708008
USDBRL,2023-03-30,5.134200096130371
USDBRL,2023-03-31,5.092700004577637
USDBRL,2023-04-03,5.062300205230713
USDBRL,2023-04-04,5.0630998611450195
USDBRL,2023-04-05,5.070700168609619
USDBRL,2023-04-06,5.033199787139893
USDBRL,2023-04-07,5.058300018310547
USDBRL,2023-04-10,5.0543999671936035
USDBRL,2023-04-11,5.065299987792969
USDBRL,2023-04-12,5.004000186920166
USDBRL,2023-04-13,4.916900157928467
USDBRL,2023-04-14,4.926700115203857
USDBRL,2023-04-17,4.908699989318848
USDBRL,2023-04-18,4.939799785614014
USDBRL,2023-04-19,4.984300136566162
USDBRL,2023-04-20,5.0742998123168945
USDBRL,2023-04-21,5.047699928283691
USDBRL,2023-04-24,5.047900199890137
USDBRL,2023-04-25,5.033400058746338
USDBRL,2023-04-26,5.053100109100342
USDBRL,2023-04-27,5.043000221252441
USDBRL,2023-04-28,4.976200103759766
USDBRL,2023-05-01,4.986000061035156
USDBRL,2023-05-02,4.9878997802734375
USDBRL,2023-05-03,5.038400173187256
USDBRL,2023-05-04,4.9944000244140625
USDBRL,2023-05-05,4.982600212097168
USDBRL,2023-05-08,4.951700210571289
USDBRL,2023-05-09,5.007999897003174
USDBRL,2023-05-10,4.985899925231934
USDBRL,2023-05-11,4.94290018081665
USDBRL,2023-05-12,4.929500102996826
USDBRL,2023-05-15,4.920199871063232
USDBRL,2023-05-16,4.887899875640869
USDBRL,2023-05-17,4.9394001960754395
USDBRL,2023-05-18,4.937699794769287
USDBRL,2023-05-19,4.964399814605713
USDBRL,2023-05-22,4.996799945831299
USDBRL,2023-05-23,4.966100215911865
USDBRL,2023-05-24,4.971199989318848
USDBRL,2023-05-25,4.958600044250488
USDBRL,2023-05-26,5.035200119018555
USDBRL,2023-05-29,4.992800235748291
USDBRL,2023-05-30,5.018099784851074
USDBRL,2023-05-31,5.034800052642822
USDBRL,2023-06-01,5.054800033569336
USDBRL,2023-06-02,5.0131001472473145
USDBRL,2023-06-05,4.956600189208984
USDBRL,2023-06-06,4.925600051879883
USDBRL,2023-06-07,4.9120001792907715
USDBRL,2023-06-08,4.922399997711182
USDBRL,2023-06-09,4.922100067138672
USDBRL,2023-06-12,4.877900123596191
USDBRL,2023-06-13,4.860599994659424
USDBRL,2023-06-14,4.861000061035156
USDBRL,2023-06-15,4.815000057220459
USDBRL,2023-06-16,4.809199810028076
USDBRL,2023-06-19,4.807000160217285
USDBRL,2023-06-20,4.776899814605713
USDBRL,2023-06-21,4.789299964904785
USDBRL,2023-06-22,4.76230001449585
USDBRL,2023-06-23,4.7697367668151855
USDBRL,2023-06-26,4.7855000495910645
USDBRL,2023-06-27,4.767300128936768
USDBRL,2023-06-28,4.810500144958496
USDBRL,2023-06-29,4.850500106811523
USDBRL,2023-06-30,4.855599880218506
USDBRL,2023-07-03,4.784200191497803
USDBRL,2023-07-04,4.80649995803833
USDBRL,2023-07-05,4.839900016784668
USDBRL,2023-07-06,4.8471999168396
USDBRL,2023-07-07,4.918700218200684
USDBRL,2023-07-10,4.8709001541137695
USDBRL,2023-07-11,4.898200035095215
USDBRL,2023-07-12,4.851500034332275
USDBRL,2023-07-13,4.81689977645874
USDBRL,2023-07-14,4.7947998046875
USDBRL,2023-07-17,4.788099765777588
USDBRL,2023-07-18,4.805799961090088
USDBRL,2023-07-19,4.809299945831299
USDBRL,2023-07-20,4.789899826049805
USDBRL,2023-07-21,4.796899795532227
USDBRL,2023-07-24,4.777400016784668
USDBRL,2023-07-25,4.725500106811523
USDBRL,2023-07-26,4.748899936676025
USDBRL,2023-07-27,4.736199855804443
USDBRL,2023-07-28,4.741600036621094
USDBRL,2023-07-31,4.723299980163574
USDBRL,2023-08-01,4.724699974060059
USDBRL,2023-08-02,4.791999816894531
USDBRL,2023-08-03,4.810400009155273
USDBRL,2023-08-04,4.916399955749512
USDBRL,2023-08-07,4.88539981842041
USDBRL,2023-08-08,4.89900016784668
USDBRL,2023-08-09,4.898600101470947
USDBRL,2023-08-10,4.901700019836426
USDBRL,2023-08-11,4.891499996185303
USDBRL,2023-08-14,4.910999774932861
USDBRL,2023-08-15,4.962100028991699
USDBRL,2023-08-16,4.9832000732421875
USDBRL,2023-08-17,4.9868998527526855
USDBRL,2023-08-18,4.975500106811523
USDBRL,2023-08-21,4.966899871826172
USDBRL,2023-08-22,4.978700160980225
USDBRL,2023-08-23,4.937099933624268
USDBRL,2023-08-24,4.855100154876709
USDBRL,2023-08-25,4.880300045013428
USDBRL,2023-08-28,4.8703999519348145
USDBRL,2023-08-29,4.872600078582764
USDBRL,2023-08-30,4.85129976272583
USDBRL,2023-08-31,4.888400077819824
USDBRL,2023-09-01,4.953800201416016
USDBRL,2023-09-04,4.97629976272583
USDBRL,2023-09-05,4.936200141906738
USDBRL,2023-09-06,4.966700077056885
USDBRL,2023-09-07,4.9770002365112305
USDBRL,2023-09-08,4.976099967956543
USDBRL,2023-09-11,4.982999801635742
USDBRL,2023-09-12,4.9293999671936035
USDBRL,2023-09-13,4.946599960327148
USDBRL,2023-09-14,4.91540002822876
USDBRL,2023-09-15,4.868199825286865
USDBRL,2023-09-18,4.867000102996826
USDBRL,2023-09-19,4.853700160980225
USDBRL,2023-09-20,4.865799903869629
USDBRL,2023-09-21,4.878799915313721
USDBRL,2023-09-22,4.934899806976318
USDBRL,2023-09-25,4.933899879455566
USDBRL,2023-09-26,4.968299865722656
USDBRL,2023-09-27,4.986199855804443
USDBRL,2023-09-28,5.042200088500977
USDBRL,2023-09-29,5.032800197601318
USDBRL,2023-10-02,5.042799949645996
USDBRL,2023-10-03,5.061500072479248
USDBRL,2023-10-04,5.166299819946289
USDBRL,2023-10-05,5.154600143432617
USDBRL,2023-10-06,5.164999961853027
USDBRL,2023-10-09,5.145699977874756
USDBRL,2023-10-10,5.135200023651123
USDBRL,2023-10-11,5.051000118255615
USDBRL,2023-10-12,5.049600124359131
USDBRL,2023-10-13,5.045899868011475
USDBRL,2023-10-16,5.0482001304626465
USDBRL,2023-10-17,5.037600040435791
USDBRL,2023-10-18,5.037399768829346
USDBRL,2023-10-19,5.056099891662598
USDBRL,2023-10-20,5.062900066375732
USDBRL,2023-10-23,5.031300067901611
USDBRL,2023-10-24,5.01230001449585
USDBRL,2023-10-25,4.991000175476074
USDBRL,2023-10-26,4.994699954986572
USDBRL,2023-10-27,4.985300064086914
USDBRL,2023-10-30,4.952030181884766
USDBRL,2023-10-31,5.04610013961792
USDBRL,2023-11-01,5.03410005569458
USDBRL,2023-11-02,4.953700065612793
USDBRL,2023-11-03,4.952899932861328
USDBRL,2023-11-06,4.899199962615967
USDBRL,2023-11-07,4.884099960327148
USDBRL,2023-11-08,4.871500015258789
USDBRL,2023-11-09,4.909299850463867
USDBRL,2023-11-10,4.933899879455566
USDBRL,2023-11-13,4.893379211425781
USDBRL,2023-11-14,4.906199932098389
USDBRL,2023-11-15,4.864500045776367
USDBRL,2023-11-16,4.860899925231934
USDBRL,2023-11-17,4.862199783325195
USDBRL,2023-11-20,4.819177150726318
USDBRL,2023-11-21,4.851799964904785
USDBRL,2023-11-22,4.8993000984191895
USDBRL,2023-11-23,4.9054999351501465
USDBRL,2023-11-24,4.902500152587891
USDBRL,2023-11-27,4.900899887084961
USDBRL,2023-11-28,4.895500183105469
USDBRL,2023-11-29,4.869800090789795
USDBRL,2023-11-30,4.904099941253662
USDBRL,2023-12-01,4.923099994659424
USDBRL,2023-12-04,4.902159214019775
USDBRL,2023-12-05,4.9430999755859375
USDBRL,2023-12-06,4.927700042724609
USDBRL,2023-12-07,4.901199817657471
USDBRL,2023-12-08,4.910099983215332
USDBRL,2023-12-11,4.893286228179932
USDBRL,2023-12-12,4.936699867248535
USDBRL,2023-12-13,4.9644999504089355
USDBRL,2023-12-14,4.918399810791016
USDBRL,2023-12-15,4.914599895477295
USDBRL,2023-12-18,4.919657230377197
USDBRL,2023-12-19,4.895899772644043
USDBRL,2023-12-20,4.866499900817871
USDBRL,2023-12-21,4.914599895477295
USDBRL,2023-12-22,4.881800174713135
USDBRL,2023-12-25,4.86984395980835
USDBRL,2023-12-26,4.869743824005127
USDBRL,2023-12-27,4.813499927520752
USDBRL,2023-12-28,4.826099872589111
USDBRL,2023-12-29,4.850200176239014
USDBRL,2024-01-01,4.850500106811523
USDBRL,2024-01-02,4.852399826049805
USDBRL,2024-01-03,4.922500133514404
USDBRL,2024-01-04,4.9191999435424805
USDBRL,2024-01-05,4.895599842071533
USDBRL,2024-01-08,4.8606672286987305
USDBRL,2024-01-09,4.86899995803833
USDBRL,2024-01-10,4.905099868774414
USDBRL,2024-01-11,4.89139986038208
USDBRL,2024-01-12,4.869699954986572
USDBRL,2024-01-15,4.85290002822876
USDBRL,2024-01-16,4.862199783325195
USDBRL,2024-01-17,4.924900054931641
USDBRL,2024-01-18,4.934000015258789
USDBRL,2024-01-19,4.92609977722168
USDBRL,2024-01-22,4.904642105102539
USDBRL,2024-01-23,4.98829984664917
USDBRL,2024-01-24,4.952199935913086
USDBRL,2024-01-25,4.932499885559082
USDBRL,2024-01-26,4.915800094604492
USDBRL,2024-01-29,4.913599967956543
USDBRL,2024-01-30,4.950200080871582
USDBRL,2024-01-31,4.950300216674805
USDBRL,2024-02-01,4.951900005340576
USDBRL,2024-02-02,4.914999961853027
USDBRL,2024-02-05,4.932938098907471
USDBRL,2024-02-06,4.9499430656433105
USDBRL,2024-02-07,4.962299823760986
USDBRL,2024-02-08,4.969299793243408
USDBRL,2024-02-09,4.9918999671936035
USDBRL,2024-02-12,4.953100204467773
USDBRL,2024-02-13,4.952199935913086
USDBRL,2024-02-14,4.952000141143799
USDBRL,2024-02-15,4.968299865722656
USDBRL,2024-02-16,4.972400188446045
USDBRL,2024-02-19,4.965099811553955
USDBRL,2024-02-20,4.956399917602539
USDBRL,2024-02-21,4.926400184631348
USDBRL,2024-02-22,4.934899806976318
USDBRL,2024-02-23,4.962399959564209
USDBRL,2024-02-26,4.993500232696533
USDBRL,2024-02-27,4.978899955749512
USDBRL,2024-02-28,4.932400226593018
USDBRL,2024-02-29,4.967299938201904
USDBRL,2024-03-01,4.969799995422363
USDBRL,2024-03-04,4.952700138092041
USDBRL,2024-03-05,4.944900035858154
USDBRL,2024-03-06,4.957099914550781
USDBRL,2024-03-07,4.943600177764893
USDBRL,2024-03-08,4.933800220489502
USDBRL,2024-03-11,4.977540016174316
USDBRL,2024-03-12,4.977399826049805
USDBRL,2024-03-13,4.968699932098389
USDBRL,2024-03-14,4.969200134277344
USDBRL,2024-03-15,4.992700099945068
USDBRL,2024-03-18,4.968047142028809
USDBRL,2024-03-19,5.029399871826172
USDBRL,2024-03-20,5.03000020980835
USDBRL,2024-03-21,4.96619987487793
USDBRL,2024-03-22,4.9745001792907715
USDBRL,2024-03-25,5.000899791717529
USDBRL,2024-03-26,4.9721999168396
USDBRL,2024-03-27,4.9756999015808105
USDBRL,2024-03-28,4.990300178527832
USDBRL,2024-03-29,5.014100074768066
USDBRL,2024-04-01,5.013199806213379
USDBRL,2024-04-02,5.053599834442139
USDBRL,2024-04-03,5.0644001960754395
USDBRL,2024-04-04,5.038599967956543
USDBRL,2024-04-05,5.057400226593018
USDBRL,2024-04-08,5.054900169372559
USDBRL,2024-04-09,5.023900032043457
USDBRL,2024-04-10,5.007599830627441
USDBRL,2024-04-11,5.066199779510498
USDBRL,2024-04-12,5.090400218963623
USDBRL,2024-04-15,5.117099761962891
USDBRL,2024-04-16,5.183700084686279
USDBRL,2024-04-17,5.2855000495910645
USDBRL,2024-04-18,5.232600212097168
USDBRL,2024-04-19,5.241700172424316
USDBRL,2024-04-22,5.206200122833252
USDBRL,2024-04-23,5.1656999588012695
USDBRL,2024-04-24,5.130499839782715
USDBRL,2024-04-25,5.145500183105469
USDBRL,2024-04-26,5.158599853515625
USDBRL,2024-04-29,5.115499973297119
USDBRL,2024-04-30,5.117000102996826
USDBRL,2024-05-01,5.193900108337402
USDBRL,2024-05-02,5.194399833679199
USDBRL,2024-05-03,5.110300064086914
USDBRL,2024-05-06,5.070899963378906
USDBRL,2024-05-07,5.074900150299072
USDBRL,2024-05-08,5.073299884796143
USDBRL,2024-05-09,5.087900161743164
USDBRL,2024-05-10,5.1407999992370605
USDBRL,2024-05-13,5.123260021209717
USDBRL,2024-05-14,5.154200077056885
USDBRL,2024-05-15,5.127799987792969
USDBRL,2024-05-16,5.133600234985352
USDBRL,2024-05-17,5.128600120544434
USDBRL,2024-05-20,5.1020002365112305
USDBRL,2024-05-21,5.103099822998047
USDBRL,2024-05-22,5.1219000816345215
USDBRL,2024-05-23,5.151100158691406
USDBRL,2024-05-24,5.143099784851074
USDBRL,2024-05-27,5.1697998046875
USDBRL,2024-05-28,5.1717000007629395
USDBRL,2024-05-29,5.161300182342529
USDBRL,2024-05-30,5.202099800109863
USDBRL,2024-05-31,5.202099800109863
USDBRL,2024-06-03,5.2444000244140625
USDBRL,2024-06-04,5.249000072479248
USDBRL,2024-06-05,5.287700176239014
USDBRL,2024-06-06,5.3003997802734375
USDBRL,2024-06-07,5.2571001052856445
USDBRL,2024-06-10,5.270441055297852
USDBRL,2024-06-11,5.352799892425537
USDBRL,2024-06-12,5.3649001121521
USDBRL,2024-06-13,5.401000022888184
USDBRL,2024-06-14,5.361599922180176
USDBRL,2024-06-17,5.3572001457214355
USDBRL,2024-06-18,5.423999786376953
USDBRL,2024-06-19,5.439899921417236
USDBRL,2024-06-20,5.422399997711182
USDBRL,2024-06-21,5.452400207519531
USDBRL,2024-06-24,5.426126003265381
USDBRL,2024-06-25,5.3892998695373535
USDBRL,2024-06-26,5.450699806213379
USDBRL,2024-06-27,5.522500038146973
USDBRL,2024-06-28,5.500500202178955
USDBRL,2024-07-01,5.591899871826172
USDBRL,2024-07-02,5.65500020980835
USDBRL,2024-07-03,5.67549991607666
USDBRL,2024-07-04,5.5553998947143555
USDBRL,2024-07-05,5.486400127410889
USDBRL,2024-07-08,5.471290111541748
USDBRL,2024-07-09,5.470399856567383
USDBRL,2024-07-10,5.417099952697754
USDBRL,2024-07-11,5.414700031280518
USDBRL,2024-07-12,5.438000202178955
USDBRL,2024-07-15,5.422800064086914
USDBRL,2024-07-16,5.446800231933594
USDBRL,2024-07-17,5.424300193786621
USDBRL,2024-07-18,5.48769998550415
USDBRL,2024-07-19,5.5432000160217285
USDBRL,2024-07-22,5.520872116088867
USDBRL,2024-07-23,5.570700168609619
USDBRL,2024-07-24,5.585299968719482
USDBRL,2024-07-25,5.653600215911865
USDBRL,2024-07-26,5.643099784851074
USDBRL,2024-07-29,5.622840881347656
USDBRL,2024-07-30,5.614500045776367
USDBRL,2024-07-31,5.611100196838379
USDBRL,2024-08-01,5.656599998474121
USDBRL,2024-08-02,5.7505998611450195
USDBRL,2024-08-05,5.7266998291015625
USDBRL,2024-08-06,5.720900058746338
USDBRL,2024-08-07,5.6554999351501465
USDBRL,2024-08-08,5.635799884796143
USDBRL,2024-08-09,5.54610013961792
USDBRL,2024-08-12,5.50629997253418
USDBRL,2024-08-13,5.4918999671936035
USDBRL,2024-08-14,5.455699920654297
USDBRL,2024-08-15,5.468900203704834
USDBRL,2024-08-16,5.484899997711182
USDBRL,2024-08-19,5.47130012512207
USDBRL,2024-08-20,5.405600070953369
USDBRL,2024-08-21,5.478099822998047
USDBRL,2024-08-22,5.482500076293945
USDBRL,2024-08-23,5.59089994430542
USDBRL,2024-08-26,5.485400199890137
USDBRL,2024-08-27,5.495699882507324
USDBRL,2024-08-28,5.507900238037109
USDBRL,2024-08-29,5.56220006942749
USDBRL,2024-08-30,5.627699851989746
USDBRL,2024-09-02,5.6092000007629395
USDBRL,2024-09-03,5.615099906921387
USDBRL,2024-09-04,5.647500038146973
USDBRL,2024-09-05,5.642000198364258
USDBRL,2024-09-06,5.567500114440918
USDBRL,2024-09-09,5.59660005569458
USDBRL,2024-09-10,5.5843000411987305
USDBRL,2024-09-11,5.662899971008301
USDBRL,2024-09-12,5.667399883270264
USDBRL,2024-09-13,5.625699996948242
USDBRL,2024-09-16,5.612370014190674
USDBRL,2024-09-17,5.503900051116943
USDBRL,2024-09-18,5.4816999435424805
USDBRL,2024-09-19,5.460999965667725
USDBRL,2024-09-20,5.423900127410889
USDBRL,2024-09-23,5.513599872589111
USDBRL,2024-09-24,5.536099910736084
USDBRL,2024-09-25,5.449699878692627
USDBRL,2024-09-26,5.473800182342529
USDBRL,2024-09-27,5.436699867248535
USDBRL,2024-09-30,5.433199882507324
USDBRL,2024-10-01,5.448500156402588
USDBRL,2024-10-02,5.423999786376953
USDBRL,2024-10-03,5.440299987792969
USDBRL,2024-10-04,5.47629976272583
USDBRL,2024-10-07,5.4542999267578125
USDBRL,2024-10-08,5.494200229644775
USDBRL,2024-10-09,5.5346999168396
USDBRL,2024-10-10,5.596099853515625
USDBRL,2024-10-11,5.581699848175049
USDBRL,2024-10-14,5.610599994659424
USDBRL,2024-10-15,5.594699859619141
USDBRL,2024-10-16,5.6519999504089355
USDBRL,2024-10-17,5.668000221252441
USDBRL,2024-10-18,5.651800155639648
USDBRL,2024-10-21,5.635900020599365
USDBRL,2024-10-22,5.6880998611450195
USDBRL,2024-10-23,5.689300060272217
USDBRL,2024-10-24,5.686500072479248
USDBRL,2024-10-25,5.664000034332275
USDBRL,2024-10-28,5.685812950134277
USDBRL,2024-10-29,5.71019983291626
USDBRL,2024-10-30,5.760000228881836
USDBRL,2024-10-31,5.76230001449585
USDBRL,2024-11-01,5.789400100708008
USDBRL,2024-11-04,5.677525997161865
USDBRL,2024-11-05,5.790599822998047
USDBRL,2024-11-06,5.739799976348877
USDBRL,2024-11-07,5.674799919128418
USDBRL,2024-11-08,5.690999984741211
USDBRL,2024-11-11,5.736400127410889
USDBRL,2024-11-12,5.75540018081665
USDBRL,2024-11-13,5.748199939727783
USDBRL,2024-11-14,5.8059000968933105
USDBRL,2024-11-15,5.788300037384033
USDBRL,2024-11-18,5.794600009918213
USDBRL,2024-11-19,5.746399879455566
USDBRL,2024-11-20,5.7718000411987305
USDBRL,2024-11-21,5.770699977874756
USDBRL,2024-11-22,5.8140997886657715
USDBRL,2024-11-25,5.799300193786621
USDBRL,2024-11-26,5.7972002029418945
USDBRL,2024-11-27,5.809599876403809
USDBRL,2024-11-28,5.937399864196777
USDBRL,2024-11-29,6.013899803161621
USDBRL,2024-12-02,5.973199844360352
USDBRL,2024-12-03,6.05679988861084
USDBRL,2024-12-04,6.043099880218506
USDBRL,2024-12-05,6.03879976272583
USDBRL,2024-12-06,6.010300159454346
USDBRL,2024-12-09,6.0883002281188965
USDBRL,2024-12-10,6.076600074768066
USDBRL,2024-12-11,6.045300006866455
USDBRL,2024-12-12,5.952700138092041
USDBRL,2024-12-13,5.996099948883057
USDBRL,2024-12-16,6.040900230407715
USDBRL,2024-12-17,6.147299766540527
USDBRL,2024-12-18,6.1031999588012695
USDBRL,2024-12-19,6.288899898529053
USDBRL,2024-12-20,6.151599884033203
USDBRL,2024-12-23,6.084199905395508
USDBRL,2024-12-24,6.193900108337402
USDBRL,2024-12-25,6.175600051879883
USDBRL,2024-12-26,6.182799816131592
USDBRL,2024-12-27,6.148499965667725
USDBRL,2024-12-30,6.193699836730957
USDBRL,2024-12-31,6.1778998374938965
USDBRL,2025-01-02,6.300000190734863
USDBRL,2025-01-03,6.151000022888184
USDBRL,2025-01-06,6.180699825286865
USDBRL,2025-01-07,6.115499973297119
USDBRL,2025-01-08,6.100900173187256
USDBRL,2025-01-09,6.105800151824951
USDBRL,2025-01-10,6.034599781036377
USDBRL,2025-01-13,6.105899810791016
USDBRL,2025-01-14,6.093400001525879
USDBRL,2025-01-15,6.054800033569336
USDBRL,2025-01-16,6.012199878692627
USDBRL,2025-01-17,6.049900054931641
USDBRL,2025-01-20,6.066163063049316
USDBRL,2025-01-21,6.029799938201904
USDBRL,2025-01-22,6.020500183105469
USDBRL,2025-01-23,5.940299987792969
USDBRL,2025-01-24,5.923999786376953
USDBRL,2025-01-27,5.90910005569458
USDBRL,2025-01-28,5.892600059509277
USDBRL,2025-01-29,5.856100082397461
USDBRL,2025-01-30,5.8566999435424805
USDBRL,2025-01-31,5.874499797821045
USDBRL,2025-02-03,5.84060001373291
USDBRL,2025-02-04,5.80620002746582
USDBRL,2025-02-05,5.7571001052856445
USDBRL,2025-02-06,5.8028998374938965
USDBRL,2025-02-07,5.760499954223633
USDBRL,2025-02-10,5.803199768066406
USDBRL,2025-02-11,5.786900043487549
USDBRL,2025-02-12,5.764500141143799
USDBRL,2025-02-13,5.764400005340576
USDBRL,2025-02-14,5.766900062561035
USDBRL,2025-02-17,5.701200008392334
USDBRL,2025-02-18,5.712100028991699
USDBRL,2025-02-19,5.688600063323975
USDBRL,2025-02-20,5.720300197601318
USDBRL,2025-02-21,5.701300144195557
USDBRL,2025-02-24,5.730999946594238
USDBRL,2025-02-25,5.7778000831604
USDBRL,2025-02-26,5.740300178527832
USDBRL,2025-02-27,5.801700115203857
USDBRL,2025-02-28,5.839000225067139
USDBRL,2025-03-03,5.88040018081665
USDBRL,2025-03-04,6.020500183105469
USDBRL,2025-03-05,5.885700225830078
USDBRL,2025-03-06,5.740099906921387
USDBRL,2025-03-07,5.763000011444092
USDBRL,2025-03-10,5.782899856567383
USDBRL,2025-03-11,5.85290002822876
USDBRL,2025-03-12,5.808599948883057
USDBRL,2025-03-13,5.797800064086914
USDBRL,2025-03-14,5.798500061035156
USDBRL,2025-03-17,5.740600109100342
USDBRL,2025-03-18,5.678069114685059
USDBRL,2025-03-19,5.672100067138672
USDBRL,2025-03-20,5.648099899291992
USDBRL,2025-03-21,5.673900127410889
USDBRL,2025-03-24,5.729599952697754
USDBRL,2025-03-25,5.760799884796143
USDBRL,2025-03-26,5.698400020599365
USDBRL,2025-03-27,5.733500003814697
USDBRL,2025-03-28,5.739299774169922
USDBRL,2025-03-31,5.7581000328063965
USDBRL,2025-04-01,5.698400020599365
USDBRL,2025-04-02,5.681300163269043
USDBRL,2025-04-03,5.663700103759766
USDBRL,2025-04-04,5.6305999755859375
USDBRL,2025-04-07,5.840030193328857
USDBRL,2025-04-08,5.913599967956543
USDBRL,2025-04-09,6.013299942016602
USDBRL,2025-04-10,5.8180999755859375
USDBRL,2025-04-11,5.884300231933594
USDBRL,2025-04-14,5.864200115203857
USDBRL,2025-04-15,5.8541998863220215
USDBRL,2025-04-16,5.8846001625061035
USDBRL,2025-04-17,5.8653998374938965
USDBRL,2025-04-22,5.80709981918335
USDBRL,2025-04-23,5.719900131225586
USDBRL,2025-04-24,5.703400135040283
USDBRL,2025-04-25,5.678699970245361
USDBRL,2025-04-28,5.684700012207031
USDBRL,2025-04-29,5.652900218963623
USDBRL,2025-04-30,5.619999885559082
USDBRL,2025-05-01,5.672900199890137
USDBRL,2025-05-02,5.67710018157959
USDBRL,2025-05-05,5.666900157928467
USDBRL,2025-05-06,5.686299800872803
USDBRL,2025-05-07,5.712800025939941
USDBRL,2025-05-08,5.74459981918335
USDBRL,2025-05-09,5.661600112915039
USDBRL,2025-05-12,5.648200035095215
USDBRL,2025-05-13,5.6697998046875
USDBRL,2025-05-14,5.60046911239624
USDBRL,2025-05-15,5.636499881744385
USDBRL,2025-05-16,5.681300163269043
USDBRL,2025-05-19,5.6586737632751465
USDBRL,2025-05-20,5.644499778747559
USDBRL,2025-05-21,5.667300224304199
USDBRL,2025-05-22,5.644700050354004
USDBRL,2025-05-23,5.71619987487793
USDBRL,2025-05-26,5.645199775695801
USDBRL,2025-05-27,5.666600227355957
USDBRL,2025-05-28,5.637400150299072
USDBRL,2025-05-29,5.688700199127197
USDBRL,2025-05-30,5.66510009765625
USDBRL,2025-06-02,5.720799922943115
USDBRL,2025-06-03,5.672399997711182
USDBRL,2025-06-04,5.637800216674805
USDBRL,2025-06-05,5.6321001052856445
USDBRL,2025-06-06,5.58459997177124
USDBRL,2025-06-09,5.562699794769287
USDBRL,2025-06-10,5.557000160217285
USDBRL,2025-06-11,5.5721001625061035
USDBRL,2025-06-12,5.535799980163574
USDBRL,2025-06-13,5.537300109863281
USDBRL,2025-06-16,5.538899898529053
USDBRL,2025-06-17,5.490799903869629
USDBRL,2025-06-18,5.493000030517578
USDBRL,2025-06-19,5.485199928283691
USDBRL,2025-06-20,5.489999771118164
USDBRL,2025-06-23,5.518400192260742
USDBRL,2025-06-24,5.493800163269043
USDBRL,2025-06-25,5.510300159454346
USDBRL,2025-06-26,5.5578999519348145
USDBRL,2025-06-27,5.477099895477295
USDBRL,2025-06-30,5.478400230407715
USDBRL,2025-07-01,5.430200099945068
USDBRL,2025-07-02,5.458799839019775
USDBRL,2025-07-03,5.426400184631348
USDBRL,2025-07-04,5.409299850463867
USDBRL,2025-07-07,5.419400215148926
USDBRL,2025-07-08,5.48769998550415
USDBRL,2025-07-09,5.446100234985352
USDBRL,2025-07-10,5.5817999839782715
USDBRL,2025-07-11,5.531099796295166
USDBRL,2025-07-14,5.571899890899658
USDBRL,2025-07-15,5.586999893188477
USDBRL,2025-07-16,5.5510029792785645
USDBRL,2025-07-17,5.5665998458862305
USDBRL,2025-07-18,5.546599864959717
USDBRL,2025-07-21,5.578100204467773
USDBRL,2025-07-22,5.565499782562256
USDBRL,2025-07-23,5.563899993896484
USDBRL,2025-07-24,5.51639986038208
USDBRL,2025-07-25,5.519999980926514
USDBRL,2025-07-28,5.565199851989746
USDBRL,2025-07-29,5.5868000984191895
USDBRL,2025-07-30,5.573200225830078
USDBRL,2025-07-31,5.575399875640869
USDBRL,2025-08-01,5.598800182342529
USDBRL,2025-08-04,5.537899971008301
USDBRL,2025-08-05,5.496099948883057
USDBRL,2025-08-06,5.502999782562256
USDBRL,2025-08-07,5.458899974822998
USDBRL,2025-08-08,5.414299964904785
USDBRL,2025-08-11,5.432300090789795
USDBRL,2025-08-12,5.442299842834473
USDBRL,2025-08-13,5.401199817657471
USDBRL,2025-08-14,5.391200065612793
USDBRL,2025-08-15,5.40910005569458
USDBRL,2025-08-18,5.400400161743164
USDBRL,2025-08-19,5.435699939727783
USDBRL,2025-08-20,5.497600078582764
USDBRL,2025-08-21,5.469161033630371
USDBRL,2025-08-22,5.464799880981445
USDBRL,2025-08-25,5.421299934387207
USDBRL,2025-08-26,5.4096999168396
USDBRL,2025-08-27,5.43120002746582
USDBRL,2025-08-28,5.417699813842773
USDBRL,2025-08-29,5.413000106811523
USDBRL,2025-09-01,5.432400226593018
USDBRL,2025-09-02,5.438399791717529
USDBRL,2025-09-03,5.4670000076293945
USDBRL,2025-09-04,5.4481000900268555
USDBRL,2025-09-05,5.443999767303467
USDBRL,2025-09-08,5.412199974060059
USDBRL,2025-09-09,5.420300006866455
USDBRL,2025-09-10,5.433599948883057
USDBRL,2025-09-11,5.4019999504089355
USDBRL,2025-09-12,5.388199806213379
USDBRL,2025-09-15,5.35099983215332
USDBRL,2025-09-16,5.315199851989746
USDBRL,2025-09-17,5.29580020904541
USDBRL,2025-09-18,5.310100078582764
USDBRL,2025-09-19,5.304299831390381
USDBRL,2025-09-22,5.320499897003174
USDBRL,2025-09-23,5.3343000411987305
USDBRL,2025-09-24,5.281599998474121
USDBRL,2025-09-25,5.329899787902832
USDBRL,2025-09-26,5.363699913024902
USDBRL,2025-09-29,5.3422532081604
USDBRL,2025-09-30,5.321700096130371
USDBRL,2025-10-01,5.319499969482422
USDBRL,2025-10-02,5.328800201416016
USDBRL,2025-10-03,5.336599826812744
USDBRL,2025-10-06,5.33459997177124
USDBRL,2025-10-07,5.311200141906738
USDBRL,2025-10-08,5.353799819946289
USDBRL,2025-10-09,5.33519983291626
USDBRL,2025-10-10,5.377200126647949
USDBRL,2025-10-13,5.5229997634887695
USDBRL,2025-10-14,5.464099884033203
USDBRL,2025-10-15,5.481500148773193
USDBRL,2025-10-16,5.4492998123168945
USDBRL,2025-10-17,5.440814971923828
USDBRL,2025-10-20,5.406099796295166
USDBRL,2025-10-21,5.36870002746582
USDBRL,2025-10-22,5.38670015335083
USDBRL,2025-10-23,5.399400234222412
USDBRL,2025-10-24,5.382900238037109
USDBRL,2025-10-27,5.388299942016602
USDBRL,2025-10-28,5.373300075531006
USDBRL,2025-10-29,5.357399940490723
USDBRL,2025-10-30,5.357800006866455
USDBRL,2025-10-31,5.381999969482422
USDBRL,2025-11-03,5.374599933624268
USDBRL,2025-11-04,5.354899883270264
USDBRL,2025-11-05,5.395899772644043
USDBRL,2025-11-06,5.35860013961792
USDBRL,2025-11-07,5.3495001792907715
USDBRL,2025-11-10,5.330900192260742
USDBRL,2025-11-11,5.289700031280518
USDBRL,2025-11-12,5.270699977874756
USDBRL,2025-11-13,5.291299819946289
USDBRL,2025-11-14,5.296500205993652
USDBRL,2025-11-17,5.295599937438965
USDBRL,2025-11-18,5.329500198364258
USDBRL,2025-11-19,5.321499824523926
USDBRL,2025-11-20,5.32859992980957
USDBRL,2025-11-21,5.332300186157227
USDBRL,2025-11-24,5.402100086212158
USDBRL,2025-11-25,5.3867998123168945
USDBRL,2025-11-26,5.37939977645874
USDBRL,2025-11-27,5.3308000564575195
USDBRL,2025-11-28,5.355400085449219
USDBRL,2025-12-01,5.335400104522705
USDBRL,2025-12-02,5.355800151824951
USDBRL,2025-12-03,5.326300144195557
USDBRL,2025-12-04,5.306099891662598
USDBRL,2025-12-05,5.309299945831299
USDBRL,2025-12-08,5.4380998611450195
USDBRL,2025-12-09,5.429999828338623
USDBRL,2025-12-10,5.43149995803833
USDBRL,2025-12-11,5.469799995422363
USDBRL,2025-12-12,5.4054999351501465
USDBRL,2025-12-15,5.4182000160217285
USDBRL,2025-12-16,5.413400173187256
USDBRL,2025-12-17,5.507500171661377
USDBRL,2025-12-18,5.518499851226807
USDBRL,2025-12-19,5.521299839019775
USDBRL,2025-12-22,5.53980016708374
USDBRL,2025-12-23,5.590000152587891
USDBRL,2025-12-24,5.518499851226807
USDBRL,2025-12-26,5.519499778747559
USDBRL,2025-12-29,5.542500019073486
USDBRL,2025-12-30,5.5690999031066895
USDBRL,2025-12-31,5.476200103759766
USDBRL,2026-01-02,5.517000198364258
USDBRL,2026-01-05,5.421599864959717
USDBRL,2026-01-06,5.40749979019165
USDBRL,2026-01-07,5.372000217437744
USDBRL,2026-01-08,5.383900165557861
USDBRL,2026-01-09,5.386600017547607
USDBRL,2026-01-12,5.370299816131592
USDBRL,2026-01-13,5.373700141906738
USDBRL,2026-01-14,5.371300220489502
USDBRL,2026-01-15,5.396100044250488
USDBRL,2026-01-16,5.3678998947143555
USDBRL,2026-01-19,5.367700099945068
USDBRL,2026-01-20,5.36870002746582
USDBRL,2026-01-21,5.374300003051758
USDBRL,2026-01-22,5.31879997253418
USDBRL,2026-01-23,5.283699989318848
USDBRL,2026-01-26,5.288899898529053
USDBRL,2026-01-27,5.279099941253662
USDBRL,2026-01-28,5.183599948883057
USDBRL,2026-01-29,5.1971001625061035
USDBRL,2026-01-30,5.189199924468994
USDBRL,2026-02-02,5.255000114440918
USDBRL,2026-02-03,5.259399890899658
USDBRL,2026-02-04,5.237500190734863
USDBRL,2026-02-05,5.23799991607666
USDBRL,2026-02-06,5.270500183105469
USDBRL,2026-02-09,5.21589994430542
USDBRL,2026-02-10,5.1915998458862305
USDBRL,2026-02-11,5.196199893951416
USDBRL,2026-02-12,5.198699951171875
USDBRL,2026-02-13,5.213900089263916
USDBRL,2026-02-16,5.217899799346924
USDBRL,2026-02-17,5.243899822235107
USDBRL,2026-02-18,5.2204999923706055
USDBRL,2026-02-19,5.234399795532227
USDBRL,2026-02-20,5.208799839019775
USDBRL,2026-02-23,5.176499843597412
USDBRL,2026-02-24,5.170899868011475
USDBRL,2026-02-25,5.1519999504089355
USDBRL,2026-02-26,5.124199867248535
USDBRL,2026-02-27,5.136600017547607
USDBRL,2026-03-02,5.1296000480651855
USDBRL,2026-03-03,5.170300006866455
USDBRL,2026-03-04,5.277299880981445
USDBRL,2026-03-05,5.230100154876709
USDBRL,2026-03-06,5.263400077819824
USDBRL,2026-03-09,5.243500232696533
USDBRL,2026-03-10,5.2052998542785645
USDBRL,2026-03-11,5.162399768829346
USDBRL,2026-03-12,5.151400089263916
USDBRL,2026-03-13,5.243899822235107
USDBRL,2026-03-16,5.329100131988525
USDBRL,2026-03-17,5.233399868011475
USDBRL,2026-03-18,5.19290018081665
USDBRL,2026-03-19,5.2621002197265625
USDBRL,2026-03-20,5.219900131225586
USDBRL,2026-03-23,5.3119001388549805
USDBRL,2026-03-24,5.232900142669678
USDBRL,2026-03-25,5.232600212097168
USDBRL,2026-03-26,5.236800193786621
USDBRL,2026-03-27,5.235099792480469
USDBRL,2026-03-30,5.23799991607666
USDBRL,2026-03-31,5.263999938964844
USDBRL,2026-04-01,5.192800045013428
USDBRL,2026-04-02,5.1545000076293945
USDBRL,2026-04-03,5.156400203704834
USDBRL,2026-04-06,5.157899856567383
USDBRL,2026-04-07,5.138299942016602
USDBRL,2026-04-08,5.150599956512451
USDBRL,2026-04-09,5.100200176239014
USDBRL,2026-04-10,5.095799922943115
USDBRL,2026-04-13,5.005000114440918
USDBRL,2026-04-14,4.9944000244140625
USDBRL,2026-04-15,4.984799861907959
USDBRL,2026-04-16,4.992400169372559
USDBRL,2026-04-17,4.987090110778809
USDBRL,2026-04-20,5.00629997253418
USDBRL,2026-04-21,4.952400207519531
USDBRL,2026-04-22,5.007999897003174
USDBRL,2026-04-23,4.984899997711182
USDBRL,2026-04-24,5.030799865722656
USDBRL,2026-04-27,4.979100227355957
USDBRL,2026-04-28,4.999599933624268
USDBRL,2026-04-29,4.99429988861084
USDBRL,2026-04-30,5.017499923706055
USDBRL,2026-05-01,4.9695000648498535
USDBRL,2026-05-04,4.951929092407227
USDBRL,2026-05-05,4.984799861907959
USDBRL,2026-05-06,4.927299976348877
USDBRL,2026-05-07,4.932271957397461
USDBRL,2026-05-08,4.944900035858154
USDBRL,2026-05-11,4.913300037384033
USDBRL,2026-05-12,4.906400203704834
USDBRL,2026-05-13,4.9096999168396
USDBRL,2026-05-14,5.024899959564209
USDBRL,2026-05-15,5.0040998458862305
USDBRL,2026-05-18,5.060400009155273
USDBRL,2026-05-19,5.005624771118164
USDBRL,2026-05-20,5.058199882507324
USDBRL,2026-05-21,5.01170015335083
USDBRL,2026-05-22,5.017099857330322
USDBRL,2026-05-25,5.025700092315674
USDBRL,2026-05-26,5.01039981842041
USDBRL,2026-05-27,5.04449987411499
USDBRL,2026-05-28,5.07289981842041
USDBRL,2026-05-29,5.051700115203857
USDBRL,2026-06-01,5.0391998291015625
USDBRL,2026-06-02,5.038599967956543
USDBRL,2026-06-03,5.020699977874756
USDBRL,2026-06-04,5.077400207519531
USDBRL,2026-06-05,5.060699939727783
USDBRL,2026-06-08,5.177000045776367
USDBRL,2026-06-09,5.203100204467773
USDBRL,2026-06-10,5.190100193023682
USDBRL,2026-06-11,5.1921000480651855
USDBRL,2026-06-12,5.113800048828125
USDBRL,2026-06-15,5.0609002113342285
USDBRL,2026-06-16,5.075099945068359
USDBRL,2026-06-17,5.101900100708008
USDBRL,2026-06-18,5.122099876403809
USDBRL,2026-06-19,5.18149995803833
USDBRL,2026-06-22,5.151400089263916
USDBRL,2026-06-23,5.156499862670898
USDBRL,2026-06-24,5.197700023651123
USDBRL,2026-06-25,5.207499980926514
USDBRL,2026-06-26,5.1940999031066895
USDBRL,2026-06-29,5.1707000732421875
USDBRL,2026-06-30,5.181787014007568
USDBRL,2026-07-01,5.174699783325195
USDBRL,2026-07-02,5.220600128173828
USDBRL,2026-07-03,5.2221999168396
USDBRL,2026-07-06,5.1844000816345215
USDBRL,2026-07-07,5.143599987030029
USDBRL,2026-07-08,5.170899868011475
USDBRL,2026-07-09,5.16349983215332
USDBRL,2026-07-10,5.133900165557861
USDBRL,2026-07-13,5.107800006866455
USDBRL,2026-07-14,5.147900104522705
USDBRL,2026-07-15,5.087900161743164
USDBRL,2026-07-16,5.09089994430542
USDBRL,2026-07-17,5.11359977722168
USDBRL,2026-07-20,5.126999855041504
USDBRL,2026-07-21,5.104400157928467
USDBRL,2026-07-22,5.087500095367432
USDBRL,2026-07-23,5.062488079071045
USDBRL,2026-07-24,5.09689998626709
USDBRL,2026-07-27,5.082499980926514
USDBRL,2026-07-28,5.123025894165039
USDBRL,2026-07-29,5.1371002197265625
USDBRL,2026-07-30,5.127099990844727
USDBRL,2026-07-31,5.078100204467773
USDBRL,2026-08-03,5.072700023651123
USDBRL,2026-08-04,5.10290002822876
USDBRL,2026-08-05,5.143700122833252
USDBRL,2026-08-06,5.138500213623047
USDBRL,2026-08-07,5.121799945831299
USDBRL,2026-08-10,5.082600116729736
USDBRL,2026-08-11,5.105999946594238
USDBRL,2026-08-12,5.173500061035156
USDBRL,2026-08-13,5.195400238037109
USDBRL,2026-08-14,5.19980001449585
USDBRL,2026-08-17,5.221700191497803
USDBRL,2026-08-18,5.202499866485596
USDBRL,2026-08-19,5.214300155639648
USDBRL,2026-08-20,5.176700115203857
USDBRL,2026-08-21,5.1930999755859375
USDBRL,2026-08-24,5.13730001449585
USDBRL,2026-08-25,5.154300212860107
USDBRL,2026-08-26,5.146399974822998
USDBRL,2026-08-27,5.14739990234375
USDBRL,2026-08-28,5.161099910736084
USDBRL,2026-08-31,5.191199779510498
USDBRL,2026-09-01,5.181700229644775
USDBRL,2026-09-02,5.152200222015381
USDBRL,2026-09-03,5.092700004577637
USDBRL,2026-09-04,5.10099983215332
USDBRL,2026-09-07,5.126200199127197
USDBRL,2026-09-08,5.126699924468994
USDBRL,2026-09-09,5.084799766540527
USDBRL,2026-09-10,5.103400230407715
USDBRL,2026-09-11,5.102799892425537
USDBRL,2026-09-14,5.111207962036133
USDBRL,2026-09-15,5.139999866485596
