unique_id,ds,y
USDMXN,2010-01-01,13.068099975585938
USDMXN,2010-01-04,12.871800422668457
USDMXN,2010-01-05,12.810799598693848
USDMXN,2010-01-06,12.739500045776367
USDMXN,2010-01-07,12.760199546813965
USDMXN,2010-01-08,12.684200286865234
USDMXN,2010-01-11,12.733599662780762
USDMXN,2010-01-12,12.800800323486328
USDMXN,2010-01-13,12.694000244140625
USDMXN,2010-01-14,12.67020034790039
USDMXN,2010-01-15,12.691499710083008
USDMXN,2010-01-18,12.65820026397705
USDMXN,2010-01-19,12.63860034942627
USDMXN,2010-01-20,12.751899719238281
USDMXN,2010-01-21,12.949700355529785
USDMXN,2010-01-22,12.970199584960938
USDMXN,2010-01-25,12.855799674987793
USDMXN,2010-01-26,12.869500160217285
USDMXN,2010-01-27,12.946499824523926
USDMXN,2010-01-28,13.049799919128418
USDMXN,2010-01-29,13.083499908447266
USDMXN,2010-02-01,12.88759994506836
USDMXN,2010-02-02,12.87279987335205
USDMXN,2010-02-03,12.948200225830078
USDMXN,2010-02-04,13.153300285339355
USDMXN,2010-02-05,13.126999855041504
USDMXN,2010-02-08,13.230299949645996
USDMXN,2010-02-09,12.992300033569336
USDMXN,2010-02-10,13.105250358581543
USDMXN,2010-02-11,12.934000015258789
USDMXN,2010-02-12,12.933699607849121
USDMXN,2010-02-15,12.934109687805176
USDMXN,2010-02-16,12.840399742126465
USDMXN,2010-02-17,12.871190071105957
USDMXN,2010-02-18,12.888400077819824
USDMXN,2010-02-19,12.800000190734863
USDMXN,2010-02-22,12.805399894714355
USDMXN,2010-02-23,12.921899795532227
USDMXN,2010-02-24,12.802289962768555
USDMXN,2010-02-25,12.793000221252441
USDMXN,2010-02-26,12.768400192260742
USDMXN,2010-03-01,12.729299545288086
USDMXN,2010-03-02,12.728599548339844
USDMXN,2010-03-03,12.69909954071045
USDMXN,2010-03-04,12.707500457763672
USDMXN,2010-03-05,12.624099731445312
USDMXN,2010-03-08,12.665800094604492
USDMXN,2010-03-09,12.623600006103516
USDMXN,2010-03-10,12.586799621582031
USDMXN,2010-03-11,12.567700386047363
USDMXN,2010-03-12,12.517999649047852
USDMXN,2010-03-15,12.536499977111816
USDMXN,2010-03-16,12.515899658203125
USDMXN,2010-03-17,12.452199935913086
USDMXN,2010-03-18,12.513899803161621
USDMXN,2010-03-19,12.561300277709961
USDMXN,2010-03-22,12.5177001953125
USDMXN,2010-03-23,12.485799789428711
USDMXN,2010-03-24,12.580900192260742
USDMXN,2010-03-25,12.545999526977539
USDMXN,2010-03-26,12.496299743652344
USDMXN,2010-03-29,12.420999526977539
USDMXN,2010-03-30,12.3548002243042
USDMXN,2010-03-31,12.355299949645996
USDMXN,2010-04-01,12.306209564208984
USDMXN,2010-04-02,12.293999671936035
USDMXN,2010-04-05,12.236000061035156
USDMXN,2010-04-06,12.21310043334961
USDMXN,2010-04-07,12.292400360107422
USDMXN,2010-04-08,12.211600303649902
USDMXN,2010-04-09,12.173999786376953
USDMXN,2010-04-12,12.152199745178223
USDMXN,2010-04-13,12.181300163269043
USDMXN,2010-04-14,12.183799743652344
USDMXN,2010-04-15,12.166299819946289
USDMXN,2010-04-16,12.264699935913086
USDMXN,2010-04-19,12.23600959777832
USDMXN,2010-04-20,12.208000183105469
USDMXN,2010-04-21,12.172300338745117
USDMXN,2010-04-22,12.199700355529785
USDMXN,2010-04-23,12.170000076293945
USDMXN,2010-04-26,12.13599967956543
USDMXN,2010-04-27,12.36970043182373
USDMXN,2010-04-28,12.331600189208984
USDMXN,2010-04-29,12.191200256347656
USDMXN,2010-04-30,12.301799774169922
USDMXN,2010-05-03,12.253999710083008
USDMXN,2010-05-04,12.538999557495117
USDMXN,2010-05-05,12.72719955444336
USDMXN,2010-05-06,12.972399711608887
USDMXN,2010-05-07,12.822999954223633
USDMXN,2010-05-10,12.447099685668945
USDMXN,2010-05-11,12.514289855957031
USDMXN,2010-05-12,12.370400428771973
USDMXN,2010-05-13,12.422200202941895
USDMXN,2010-05-14,12.58080005645752
USDMXN,2010-05-17,12.581600189208984
USDMXN,2010-05-18,12.774399757385254
USDMXN,2010-05-19,12.805500030517578
USDMXN,2010-05-20,13.111300468444824
USDMXN,2010-05-21,12.940400123596191
USDMXN,2010-05-24,13.01990032196045
USDMXN,2010-05-25,12.997099876403809
USDMXN,2010-05-26,13.07800006866455
USDMXN,2010-05-27,12.796099662780762
USDMXN,2010-05-28,12.936800003051758
USDMXN,2010-05-31,12.906789779663086
USDMXN,2010-06-01,12.962499618530273
USDMXN,2010-06-02,12.76930046081543
USDMXN,2010-06-03,12.75
USDMXN,2010-06-04,12.952300071716309
USDMXN,2010-06-07,12.980199813842773
USDMXN,2010-06-08,12.850299835205078
USDMXN,2010-06-09,12.85509967803955
USDMXN,2010-06-10,12.684700012207031
USDMXN,2010-06-11,12.6496000289917
USDMXN,2010-06-14,12.683099746704102
USDMXN,2010-06-15,12.571900367736816
USDMXN,2010-06-16,12.591099739074707
USDMXN,2010-06-17,12.58080005645752
USDMXN,2010-06-18,12.539799690246582
USDMXN,2010-06-21,12.533100128173828
USDMXN,2010-06-22,12.61400032043457
USDMXN,2010-06-23,12.62339973449707
USDMXN,2010-06-24,12.714300155639648
USDMXN,2010-06-25,12.640399932861328
USDMXN,2010-06-28,12.724200248718262
USDMXN,2010-06-29,12.892000198364258
USDMXN,2010-06-30,12.929699897766113
USDMXN,2010-07-01,13.003000259399414
USDMXN,2010-07-02,13.078100204467773
USDMXN,2010-07-05,13.051899909973145
USDMXN,2010-07-06,12.958999633789062
USDMXN,2010-07-07,12.836899757385254
USDMXN,2010-07-08,12.765899658203125
USDMXN,2010-07-09,12.765899658203125
USDMXN,2010-07-12,12.81879997253418
USDMXN,2010-07-13,12.67300033569336
USDMXN,2010-07-14,12.704000473022461
USDMXN,2010-07-15,12.762499809265137
USDMXN,2010-07-16,12.911499977111816
USDMXN,2010-07-19,12.891039848327637
USDMXN,2010-07-20,12.752300262451172
USDMXN,2010-07-21,12.851900100708008
USDMXN,2010-07-22,12.750699996948242
USDMXN,2010-07-23,12.732199668884277
USDMXN,2010-07-26,12.672100067138672
USDMXN,2010-07-27,12.672900199890137
USDMXN,2010-07-28,12.705289840698242
USDMXN,2010-07-29,12.715290069580078
USDMXN,2010-07-30,12.633000373840332
USDMXN,2010-08-02,12.567790031433105
USDMXN,2010-08-03,12.583499908447266
USDMXN,2010-08-04,12.514100074768066
USDMXN,2010-08-05,12.550800323486328
USDMXN,2010-08-06,12.684800148010254
USDMXN,2010-08-09,12.61299991607666
USDMXN,2010-08-10,12.595999717712402
USDMXN,2010-08-11,12.769700050354004
USDMXN,2010-08-12,12.729000091552734
USDMXN,2010-08-13,12.729000091552734
USDMXN,2010-08-16,12.654000282287598
USDMXN,2010-08-17,12.593000411987305
USDMXN,2010-08-18,12.628999710083008
USDMXN,2010-08-19,12.704999923706055
USDMXN,2010-08-20,12.755000114440918
USDMXN,2010-08-23,12.921299934387207
USDMXN,2010-08-24,12.934000015258789
USDMXN,2010-08-25,12.984000205993652
USDMXN,2010-08-26,13.071000099182129
USDMXN,2010-08-27,13.031999588012695
USDMXN,2010-08-30,13.151000022888184
USDMXN,2010-08-31,13.208000183105469
USDMXN,2010-09-01,13.057100296020508
USDMXN,2010-09-02,13.034000396728516
USDMXN,2010-09-03,12.9350004196167
USDMXN,2010-09-06,12.937999725341797
USDMXN,2010-09-07,13.058099746704102
USDMXN,2010-09-08,13.036999702453613
USDMXN,2010-09-09,13.003000259399414
USDMXN,2010-09-10,12.920999526977539
USDMXN,2010-09-13,12.857999801635742
USDMXN,2010-09-14,12.835000038146973
USDMXN,2010-09-15,12.788000106811523
USDMXN,2010-09-16,12.781000137329102
USDMXN,2010-09-17,12.779000282287598
USDMXN,2010-09-20,12.777000427246094
USDMXN,2010-09-21,12.706999778747559
USDMXN,2010-09-22,12.626999855041504
USDMXN,2010-09-23,12.642999649047852
USDMXN,2010-09-24,12.550999641418457
USDMXN,2010-09-27,12.571000099182129
USDMXN,2010-09-28,12.486000061035156
USDMXN,2010-09-29,12.53499984741211
USDMXN,2010-09-30,12.593999862670898
USDMXN,2010-10-01,12.532999992370605
USDMXN,2010-10-04,12.614999771118164
USDMXN,2010-10-05,12.470000267028809
USDMXN,2010-10-06,12.468000411987305
USDMXN,2010-10-07,12.555000305175781
USDMXN,2010-10-08,12.406999588012695
USDMXN,2010-10-11,12.45199966430664
USDMXN,2010-10-12,12.406999588012695
USDMXN,2010-10-13,12.376999855041504
USDMXN,2010-10-14,12.402000427246094
USDMXN,2010-10-15,12.430999755859375
USDMXN,2010-10-18,12.402999877929688
USDMXN,2010-10-19,12.524999618530273
USDMXN,2010-10-20,12.38700008392334
USDMXN,2010-10-21,12.37399959564209
USDMXN,2010-10-22,12.345000267028809
USDMXN,2010-10-25,12.35200023651123
USDMXN,2010-10-26,12.404000282287598
USDMXN,2010-10-27,12.45199966430664
USDMXN,2010-10-28,12.36299991607666
USDMXN,2010-10-29,12.342000007629395
USDMXN,2010-11-01,12.329000473022461
USDMXN,2010-11-02,12.286999702453613
USDMXN,2010-11-03,12.246000289916992
USDMXN,2010-11-04,12.232000350952148
USDMXN,2010-11-05,12.197999954223633
USDMXN,2010-11-08,12.229000091552734
USDMXN,2010-11-09,12.295000076293945
USDMXN,2010-11-10,12.233599662780762
USDMXN,2010-11-11,12.251999855041504
USDMXN,2010-11-12,12.336999893188477
USDMXN,2010-11-15,12.274999618530273
USDMXN,2010-11-16,12.413999557495117
USDMXN,2010-11-17,12.363900184631348
USDMXN,2010-11-18,12.265999794006348
USDMXN,2010-11-19,12.26200008392334
USDMXN,2010-11-22,12.289999961853027
USDMXN,2010-11-23,12.472999572753906
USDMXN,2010-11-24,12.368399620056152
USDMXN,2010-11-25,12.366999626159668
USDMXN,2010-11-26,12.478400230407715
USDMXN,2010-11-29,12.481599807739258
USDMXN,2010-11-30,12.479499816894531
USDMXN,2010-12-01,12.393400192260742
USDMXN,2010-12-02,12.320599555969238
USDMXN,2010-12-03,12.329999923706055
USDMXN,2010-12-06,12.364299774169922
USDMXN,2010-12-07,12.481200218200684
USDMXN,2010-12-08,12.399490356445312
USDMXN,2010-12-09,12.473099708557129
USDMXN,2010-12-10,12.443499565124512
USDMXN,2010-12-13,12.39680004119873
USDMXN,2010-12-14,12.375900268554688
USDMXN,2010-12-15,12.461899757385254
USDMXN,2010-12-16,12.403670310974121
USDMXN,2010-12-17,12.406999588012695
USDMXN,2010-12-20,12.402000427246094
USDMXN,2010-12-21,12.35200023651123
USDMXN,2010-12-22,12.29699993133545
USDMXN,2010-12-23,12.348999977111816
USDMXN,2010-12-24,12.354900360107422
USDMXN,2010-12-27,12.352999687194824
USDMXN,2010-12-28,12.377289772033691
USDMXN,2010-12-29,12.354000091552734
USDMXN,2010-12-30,12.371789932250977
USDMXN,2010-12-31,12.331600189208984
USDMXN,2011-01-03,12.241700172424316
USDMXN,2011-01-04,12.237000465393066
USDMXN,2011-01-05,12.1850004196167
USDMXN,2011-01-06,12.222999572753906
USDMXN,2011-01-07,12.229999542236328
USDMXN,2011-01-10,12.217000007629395
USDMXN,2011-01-11,12.12600040435791
USDMXN,2011-01-12,12.069999694824219
USDMXN,2011-01-13,12.130000114440918
USDMXN,2011-01-14,12.034000396728516
USDMXN,2011-01-17,11.97700023651123
USDMXN,2011-01-18,12.032999992370605
USDMXN,2011-01-19,12.085000038146973
USDMXN,2011-01-20,12.059000015258789
USDMXN,2011-01-21,12.053999900817871
USDMXN,2011-01-24,12.050999641418457
USDMXN,2011-01-25,12.079999923706055
USDMXN,2011-01-26,11.994999885559082
USDMXN,2011-01-27,12.03600025177002
USDMXN,2011-01-28,12.201000213623047
USDMXN,2011-01-31,12.112000465393066
USDMXN,2011-02-01,12.003899574279785
USDMXN,2011-02-02,12.006099700927734
USDMXN,2011-02-03,11.996999740600586
USDMXN,2011-02-04,11.973999977111816
USDMXN,2011-02-07,12.005999565124512
USDMXN,2011-02-08,12.020000457763672
USDMXN,2011-02-09,12.067000389099121
USDMXN,2011-02-10,12.074000358581543
USDMXN,2011-02-11,12.02299976348877
USDMXN,2011-02-14,12.04800033569336
USDMXN,2011-02-15,12.142000198364258
USDMXN,2011-02-16,12.060999870300293
USDMXN,2011-02-17,12.008000373840332
USDMXN,2011-02-18,12.026000022888184
USDMXN,2011-02-21,12.07800006866455
USDMXN,2011-02-22,12.12399959564209
USDMXN,2011-02-23,12.173999786376953
USDMXN,2011-02-24,12.125
USDMXN,2011-02-25,12.116000175476074
USDMXN,2011-02-28,12.098999977111816
USDMXN,2011-03-01,12.109000205993652
USDMXN,2011-03-02,12.074000358581543
USDMXN,2011-03-03,12.003000259399414
USDMXN,2011-03-04,12.0
USDMXN,2011-03-07,12.05049991607666
USDMXN,2011-03-08,12.0
USDMXN,2011-03-09,11.930000305175781
USDMXN,2011-03-10,11.968000411987305
USDMXN,2011-03-11,11.911999702453613
USDMXN,2011-03-14,11.88860034942627
USDMXN,2011-03-15,11.968000411987305
USDMXN,2011-03-16,12.178999900817871
USDMXN,2011-03-17,12.081999778747559
USDMXN,2011-03-18,12.039999961853027
USDMXN,2011-03-21,11.973999977111816
USDMXN,2011-03-22,11.976900100708008
USDMXN,2011-03-23,12.00100040435791
USDMXN,2011-03-24,11.946000099182129
USDMXN,2011-03-25,11.98900032043457
USDMXN,2011-03-28,11.968999862670898
USDMXN,2011-03-29,11.951000213623047
USDMXN,2011-03-30,11.920999526977539
USDMXN,2011-03-31,11.890999794006348
USDMXN,2011-04-01,11.831999778747559
USDMXN,2011-04-04,11.841699600219727
USDMXN,2011-04-05,11.804300308227539
USDMXN,2011-04-06,11.800000190734863
USDMXN,2011-04-07,11.76200008392334
USDMXN,2011-04-08,11.72599983215332
USDMXN,2011-04-11,11.755999565124512
USDMXN,2011-04-12,11.824000358581543
USDMXN,2011-04-13,11.77180004119873
USDMXN,2011-04-14,11.708999633789062
USDMXN,2011-04-15,11.65999984741211
USDMXN,2011-04-18,11.746999740600586
USDMXN,2011-04-19,11.656000137329102
USDMXN,2011-04-20,11.593000411987305
USDMXN,2011-04-21,11.60099983215332
USDMXN,2011-04-22,11.593000411987305
USDMXN,2011-04-25,11.593999862670898
USDMXN,2011-04-26,11.571000099182129
USDMXN,2011-04-27,11.519000053405762
USDMXN,2011-04-28,11.545599937438965
USDMXN,2011-04-29,11.48900032043457
USDMXN,2011-05-02,11.52299976348877
USDMXN,2011-05-03,11.555000305175781
USDMXN,2011-05-04,11.637999534606934
USDMXN,2011-05-05,11.718999862670898
USDMXN,2011-05-06,11.628999710083008
USDMXN,2011-05-09,11.610400199890137
USDMXN,2011-05-10,11.539999961853027
USDMXN,2011-05-11,11.661999702453613
USDMXN,2011-05-12,11.619999885559082
USDMXN,2011-05-13,11.718999862670898
USDMXN,2011-05-16,11.755999565124512
USDMXN,2011-05-17,11.70199966430664
USDMXN,2011-05-18,11.696000099182129
USDMXN,2011-05-19,11.616000175476074
USDMXN,2011-05-20,11.645000457763672
USDMXN,2011-05-23,11.728599548339844
USDMXN,2011-05-24,11.684100151062012
USDMXN,2011-05-25,11.666999816894531
USDMXN,2011-05-26,11.66100025177002
USDMXN,2011-05-27,11.590999603271484
USDMXN,2011-05-30,11.595999717712402
USDMXN,2011-05-31,11.562999725341797
USDMXN,2011-06-01,11.696999549865723
USDMXN,2011-06-02,11.626999855041504
USDMXN,2011-06-03,11.657999992370605
USDMXN,2011-06-06,11.744000434875488
USDMXN,2011-06-07,11.755000114440918
USDMXN,2011-06-08,11.841400146484375
USDMXN,2011-06-09,11.760000228881836
USDMXN,2011-06-10,11.89799976348877
USDMXN,2011-06-13,11.843999862670898
USDMXN,2011-06-14,11.78499984741211
USDMXN,2011-06-15,11.904899597167969
USDMXN,2011-06-16,11.9399995803833
USDMXN,2011-06-17,11.895000457763672
USDMXN,2011-06-20,11.854999542236328
USDMXN,2011-06-21,11.781999588012695
USDMXN,2011-06-22,11.800000190734863
USDMXN,2011-06-23,11.845000267028809
USDMXN,2011-06-24,11.85099983215332
USDMXN,2011-06-27,11.894000053405762
USDMXN,2011-06-28,11.812299728393555
USDMXN,2011-06-29,11.756999969482422
USDMXN,2011-06-30,11.711199760437012
USDMXN,2011-07-01,11.597000122070312
USDMXN,2011-07-04,11.576000213623047
USDMXN,2011-07-05,11.62600040435791
USDMXN,2011-07-06,11.616999626159668
USDMXN,2011-07-07,11.537199974060059
USDMXN,2011-07-08,11.614999771118164
USDMXN,2011-07-11,11.75160026550293
USDMXN,2011-07-12,11.786999702453613
USDMXN,2011-07-13,11.694999694824219
USDMXN,2011-07-14,11.708999633789062
USDMXN,2011-07-15,11.732999801635742
USDMXN,2011-07-18,11.71399974822998
USDMXN,2011-07-19,11.645999908447266
USDMXN,2011-07-20,11.633999824523926
USDMXN,2011-07-21,11.581999778747559
USDMXN,2011-07-22,11.626999855041504
USDMXN,2011-07-25,11.637999534606934
USDMXN,2011-07-26,11.627799987792969
USDMXN,2011-07-27,11.6496000289917
USDMXN,2011-07-28,11.713000297546387
USDMXN,2011-07-29,11.722999572753906
USDMXN,2011-08-01,11.711000442504883
USDMXN,2011-08-02,11.833000183105469
USDMXN,2011-08-03,11.802000045776367
USDMXN,2011-08-04,12.052800178527832
USDMXN,2011-08-05,11.986000061035156
USDMXN,2011-08-08,12.31980037689209
USDMXN,2011-08-09,12.035200119018555
USDMXN,2011-08-10,12.569499969482422
USDMXN,2011-08-11,12.269000053405762
USDMXN,2011-08-12,12.285900115966797
USDMXN,2011-08-15,12.21780014038086
USDMXN,2011-08-16,12.245200157165527
USDMXN,2011-08-17,12.161999702453613
USDMXN,2011-08-18,12.255800247192383
USDMXN,2011-08-19,12.288999557495117
USDMXN,2011-08-22,12.347000122070312
USDMXN,2011-08-23,12.315999984741211
USDMXN,2011-08-24,12.46679973602295
USDMXN,2011-08-25,12.492500305175781
USDMXN,2011-08-26,12.417499542236328
USDMXN,2011-08-29,12.457500457763672
USDMXN,2011-08-30,12.519399642944336
USDMXN,2011-08-31,12.321999549865723
USDMXN,2011-09-01,12.302399635314941
USDMXN,2011-09-02,12.328200340270996
USDMXN,2011-09-05,12.527000427246094
USDMXN,2011-09-06,12.498000144958496
USDMXN,2011-09-07,12.453300476074219
USDMXN,2011-09-08,12.498000144958496
USDMXN,2011-09-09,12.682999610900879
USDMXN,2011-09-12,12.854999542236328
USDMXN,2011-09-13,12.878999710083008
USDMXN,2011-09-14,12.920000076293945
USDMXN,2011-09-15,12.9350004196167
USDMXN,2011-09-16,13.039999961853027
USDMXN,2011-09-19,13.171500205993652
USDMXN,2011-09-20,13.22760009765625
USDMXN,2011-09-21,13.699000358581543
USDMXN,2011-09-22,14.035799980163574
USDMXN,2011-09-23,13.553000450134277
USDMXN,2011-09-26,13.52239990234375
USDMXN,2011-09-27,13.357000350952148
USDMXN,2011-09-28,13.568499565124512
USDMXN,2011-09-29,13.711000442504883
USDMXN,2011-09-30,13.885000228881836
USDMXN,2011-10-03,14.043899536132812
USDMXN,2011-10-04,13.78499984741211
USDMXN,2011-10-05,13.548700332641602
USDMXN,2011-10-06,13.442999839782715
USDMXN,2011-10-07,13.449999809265137
USDMXN,2011-10-10,13.234100341796875
USDMXN,2011-10-11,13.356300354003906
USDMXN,2011-10-12,13.27299976348877
USDMXN,2011-10-13,13.479999542236328
USDMXN,2011-10-14,13.229999542236328
USDMXN,2011-10-17,13.480999946594238
USDMXN,2011-10-18,13.366600036621094
USDMXN,2011-10-19,13.445099830627441
USDMXN,2011-10-20,13.675000190734863
USDMXN,2011-10-21,13.668000221252441
USDMXN,2011-10-24,13.359000205993652
USDMXN,2011-10-25,13.510000228881836
USDMXN,2011-10-26,13.38700008392334
USDMXN,2011-10-27,13.10099983215332
USDMXN,2011-10-28,12.989999771118164
USDMXN,2011-10-31,13.348899841308594
USDMXN,2011-11-01,13.591099739074707
USDMXN,2011-11-02,13.600000381469727
USDMXN,2011-11-03,13.35099983215332
USDMXN,2011-11-04,13.480999946594238
USDMXN,2011-11-07,13.404999732971191
USDMXN,2011-11-08,13.343999862670898
USDMXN,2011-11-09,13.661999702453613
USDMXN,2011-11-10,13.526000022888184
USDMXN,2011-11-11,13.531000137329102
USDMXN,2011-11-14,13.49899959564209
USDMXN,2011-11-15,13.574000358581543
USDMXN,2011-11-16,13.6318998336792
USDMXN,2011-11-17,13.718999862670898
USDMXN,2011-11-18,13.717000007629395
USDMXN,2011-11-21,14.003999710083008
USDMXN,2011-11-22,13.958000183105469
USDMXN,2011-11-23,14.133999824523926
USDMXN,2011-11-24,14.185700416564941
USDMXN,2011-11-25,14.220000267028809
USDMXN,2011-11-28,14.020999908447266
USDMXN,2011-11-29,13.793000221252441
USDMXN,2011-11-30,13.625699996948242
USDMXN,2011-12-01,13.609999656677246
USDMXN,2011-12-02,13.62600040435791
USDMXN,2011-12-05,13.52299976348877
USDMXN,2011-12-06,13.473699569702148
USDMXN,2011-12-07,13.5
USDMXN,2011-12-08,13.6943998336792
USDMXN,2011-12-09,13.564000129699707
USDMXN,2011-12-12,13.833999633789062
USDMXN,2011-12-13,13.867500305175781
USDMXN,2011-12-14,13.870599746704102
USDMXN,2011-12-15,13.892999649047852
USDMXN,2011-12-16,13.861599922180176
USDMXN,2011-12-19,13.898699760437012
USDMXN,2011-12-20,13.770000457763672
USDMXN,2011-12-21,13.815799713134766
USDMXN,2011-12-22,13.800000190734863
USDMXN,2011-12-23,13.836000442504883
USDMXN,2011-12-26,13.84000015258789
USDMXN,2011-12-27,14.002699851989746
USDMXN,2011-12-28,13.973899841308594
USDMXN,2011-12-29,14.0
USDMXN,2011-12-30,13.922300338745117
USDMXN,2012-01-02,13.909000396728516
USDMXN,2012-01-03,13.646100044250488
USDMXN,2012-01-04,13.6899995803833
USDMXN,2012-01-05,13.746999740600586
USDMXN,2012-01-06,13.720999717712402
USDMXN,2012-01-09,13.69219970703125
USDMXN,2012-01-10,13.627099990844727
USDMXN,2012-01-11,13.593000411987305
USDMXN,2012-01-12,13.523300170898438
USDMXN,2012-01-13,13.586999893188477
USDMXN,2012-01-16,13.54069995880127
USDMXN,2012-01-17,13.419400215148926
USDMXN,2012-01-18,13.308500289916992
USDMXN,2012-01-19,13.227999687194824
USDMXN,2012-01-20,13.17199993133545
USDMXN,2012-01-23,13.145999908447266
USDMXN,2012-01-24,13.095000267028809
USDMXN,2012-01-25,13.019000053405762
USDMXN,2012-01-26,12.98009967803955
USDMXN,2012-01-27,12.906000137329102
USDMXN,2012-01-30,12.962300300598145
USDMXN,2012-01-31,13.04800033569336
USDMXN,2012-02-01,12.879400253295898
USDMXN,2012-02-02,12.785400390625
USDMXN,2012-02-03,12.652799606323242
USDMXN,2012-02-06,12.65779972076416
USDMXN,2012-02-07,12.666799545288086
USDMXN,2012-02-08,12.713500022888184
USDMXN,2012-02-09,12.675999641418457
USDMXN,2012-02-10,12.788999557495117
USDMXN,2012-02-13,12.730999946594238
USDMXN,2012-02-14,12.74899959564209
USDMXN,2012-02-15,12.87600040435791
USDMXN,2012-02-16,12.802300453186035
USDMXN,2012-02-17,12.74020004272461
USDMXN,2012-02-20,12.732500076293945
USDMXN,2012-02-21,12.787699699401855
USDMXN,2012-02-22,12.844799995422363
USDMXN,2012-02-23,12.820899963378906
USDMXN,2012-02-24,12.898900032043457
USDMXN,2012-02-27,12.871999740600586
USDMXN,2012-02-28,12.829500198364258
USDMXN,2012-02-29,12.85200023651123
USDMXN,2012-03-01,12.723999977111816
USDMXN,2012-03-02,12.741399765014648
USDMXN,2012-03-05,12.825499534606934
USDMXN,2012-03-06,12.99269962310791
USDMXN,2012-03-07,12.884699821472168
USDMXN,2012-03-08,12.676400184631348
USDMXN,2012-03-09,12.63599967956543
USDMXN,2012-03-12,12.651000022888184
USDMXN,2012-03-13,12.545999526977539
USDMXN,2012-03-14,12.724800109863281
USDMXN,2012-03-15,12.655900001525879
USDMXN,2012-03-16,12.656399726867676
USDMXN,2012-03-19,12.63479995727539
USDMXN,2012-03-20,12.656000137329102
USDMXN,2012-03-21,12.71150016784668
USDMXN,2012-03-22,12.807100296020508
USDMXN,2012-03-23,12.735199928283691
USDMXN,2012-03-26,12.652799606323242
USDMXN,2012-03-27,12.704999923706055
USDMXN,2012-03-28,12.750900268554688
USDMXN,2012-03-29,12.790499687194824
USDMXN,2012-03-30,12.797699928283691
USDMXN,2012-04-02,12.720000267028809
USDMXN,2012-04-03,12.763999938964844
USDMXN,2012-04-04,12.781999588012695
USDMXN,2012-04-05,12.867899894714355
USDMXN,2012-04-06,12.973899841308594
USDMXN,2012-04-09,12.968999862670898
USDMXN,2012-04-10,13.14739990234375
USDMXN,2012-04-11,13.152000427246094
USDMXN,2012-04-12,13.027000427246094
USDMXN,2012-04-13,13.170000076293945
USDMXN,2012-04-16,13.211000442504883
USDMXN,2012-04-17,13.096099853515625
USDMXN,2012-04-18,13.183799743652344
USDMXN,2012-04-19,13.200900077819824
USDMXN,2012-04-20,13.097599983215332
USDMXN,2012-04-23,13.17549991607666
USDMXN,2012-04-24,13.14799976348877
USDMXN,2012-04-25,13.148500442504883
USDMXN,2012-04-26,13.20479965209961
USDMXN,2012-04-27,12.961000442504883
USDMXN,2012-04-30,12.962400436401367
USDMXN,2012-05-01,12.904999732971191
USDMXN,2012-05-02,12.928999900817871
USDMXN,2012-05-03,12.992899894714355
USDMXN,2012-05-04,13.154999732971191
USDMXN,2012-05-07,13.157999992370605
USDMXN,2012-05-08,13.359999656677246
USDMXN,2012-05-09,13.522500038146973
USDMXN,2012-05-10,13.530599594116211
USDMXN,2012-05-11,13.564299583435059
USDMXN,2012-05-14,13.713399887084961
USDMXN,2012-05-15,13.839599609375
USDMXN,2012-05-16,13.753999710083008
USDMXN,2012-05-17,13.82800006866455
USDMXN,2012-05-18,13.80049991607666
USDMXN,2012-05-21,13.691399574279785
USDMXN,2012-05-22,13.896599769592285
USDMXN,2012-05-23,13.96969985961914
USDMXN,2012-05-24,14.0
USDMXN,2012-05-25,14.0177001953125
USDMXN,2012-05-28,13.942999839782715
USDMXN,2012-05-29,13.889399528503418
USDMXN,2012-05-30,14.162500381469727
USDMXN,2012-05-31,14.344400405883789
USDMXN,2012-06-01,14.303400039672852
USDMXN,2012-06-04,14.204999923706055
USDMXN,2012-06-05,14.205599784851074
USDMXN,2012-06-06,14.02239990234375
USDMXN,2012-06-07,14.062100410461426
USDMXN,2012-06-08,13.914999961853027
USDMXN,2012-06-11,14.10200023651123
USDMXN,2012-06-12,13.963299751281738
USDMXN,2012-06-13,13.993900299072266
USDMXN,2012-06-14,13.875100135803223
USDMXN,2012-06-15,13.914999961853027
USDMXN,2012-06-18,13.826399803161621
USDMXN,2012-06-19,13.678199768066406
USDMXN,2012-06-20,13.686800003051758
USDMXN,2012-06-21,13.900400161743164
USDMXN,2012-06-22,13.850700378417969
USDMXN,2012-06-25,13.890000343322754
USDMXN,2012-06-26,13.757200241088867
USDMXN,2012-06-27,13.561100006103516
USDMXN,2012-06-28,13.606599807739258
USDMXN,2012-06-29,13.360699653625488
USDMXN,2012-07-02,13.320899963378906
USDMXN,2012-07-03,13.324199676513672
USDMXN,2012-07-04,13.326700210571289
USDMXN,2012-07-05,13.383700370788574
USDMXN,2012-07-06,13.381699562072754
USDMXN,2012-07-09,13.326499938964844
USDMXN,2012-07-10,13.36400032043457
USDMXN,2012-07-11,13.298999786376953
USDMXN,2012-07-12,13.449000358581543
USDMXN,2012-07-13,13.28600025177002
USDMXN,2012-07-16,13.21660041809082
USDMXN,2012-07-17,13.139699935913086
USDMXN,2012-07-18,13.128999710083008
USDMXN,2012-07-19,13.206000328063965
USDMXN,2012-07-20,13.354999542236328
USDMXN,2012-07-23,13.557000160217285
USDMXN,2012-07-24,13.708999633789062
USDMXN,2012-07-25,13.599499702453613
USDMXN,2012-07-26,13.402400016784668
USDMXN,2012-07-27,13.231100082397461
USDMXN,2012-07-30,13.25879955291748
USDMXN,2012-07-31,13.338199615478516
USDMXN,2012-08-01,13.359399795532227
USDMXN,2012-08-02,13.333800315856934
USDMXN,2012-08-03,13.129199981689453
USDMXN,2012-08-06,13.190999984741211
USDMXN,2012-08-07,13.21310043334961
USDMXN,2012-08-08,13.13700008392334
USDMXN,2012-08-09,13.089300155639648
USDMXN,2012-08-10,13.082200050354004
USDMXN,2012-08-13,13.130999565124512
USDMXN,2012-08-14,13.171699523925781
USDMXN,2012-08-15,13.126399993896484
USDMXN,2012-08-16,13.16569995880127
USDMXN,2012-08-17,13.114299774169922
USDMXN,2012-08-20,13.102899551391602
USDMXN,2012-08-21,13.100299835205078
USDMXN,2012-08-22,13.079899787902832
USDMXN,2012-08-23,13.166099548339844
USDMXN,2012-08-24,13.166099548339844
USDMXN,2012-08-27,13.189299583435059
USDMXN,2012-08-28,13.182600021362305
USDMXN,2012-08-29,13.316100120544434
USDMXN,2012-08-30,13.34280014038086
USDMXN,2012-08-31,13.187000274658203
USDMXN,2012-09-03,13.19849967956543
USDMXN,2012-09-04,13.172900199890137
USDMXN,2012-09-05,13.118800163269043
USDMXN,2012-09-06,13.071599960327148
USDMXN,2012-09-07,12.973899841308594
USDMXN,2012-09-10,13.061400413513184
USDMXN,2012-09-11,12.984399795532227
USDMXN,2012-09-12,12.996500015258789
USDMXN,2012-09-13,12.824700355529785
USDMXN,2012-09-14,12.706299781799316
USDMXN,2012-09-17,12.755000114440918
USDMXN,2012-09-18,12.794300079345703
USDMXN,2012-09-19,12.862000465393066
USDMXN,2012-09-20,12.865500450134277
USDMXN,2012-09-21,12.850299835205078
USDMXN,2012-09-24,12.907299995422363
USDMXN,2012-09-25,12.861000061035156
USDMXN,2012-09-26,12.869999885559082
USDMXN,2012-09-27,12.825599670410156
USDMXN,2012-09-28,12.862000465393066
USDMXN,2012-10-01,12.829299926757812
USDMXN,2012-10-02,12.855500221252441
USDMXN,2012-10-03,12.815500259399414
USDMXN,2012-10-04,12.7431001663208
USDMXN,2012-10-05,12.788100242614746
USDMXN,2012-10-08,12.800800323486328
USDMXN,2012-10-09,12.86240005493164
USDMXN,2012-10-10,12.992400169372559
USDMXN,2012-10-11,12.898099899291992
USDMXN,2012-10-12,12.856800079345703
USDMXN,2012-10-15,12.815899848937988
USDMXN,2012-10-16,12.813599586486816
USDMXN,2012-10-17,12.793899536132812
USDMXN,2012-10-18,12.830100059509277
USDMXN,2012-10-19,12.877400398254395
USDMXN,2012-10-22,12.854000091552734
USDMXN,2012-10-23,12.969099998474121
USDMXN,2012-10-24,12.976499557495117
USDMXN,2012-10-25,12.991399765014648
USDMXN,2012-10-26,12.98859977722168
USDMXN,2012-10-29,13.065099716186523
USDMXN,2012-10-30,13.064599990844727
USDMXN,2012-10-31,13.084500312805176
USDMXN,2012-11-01,13.0
USDMXN,2012-11-02,13.024299621582031
USDMXN,2012-11-05,13.02910041809082
USDMXN,2012-11-06,12.95199966430664
USDMXN,2012-11-07,13.059100151062012
USDMXN,2012-11-08,13.157999992370605
USDMXN,2012-11-09,13.194000244140625
USDMXN,2012-11-12,13.22029972076416
USDMXN,2012-11-13,13.228699684143066
USDMXN,2012-11-14,13.272299766540527
USDMXN,2012-11-15,13.204299926757812
USDMXN,2012-11-16,13.114999771118164
USDMXN,2012-11-19,13.0802001953125
USDMXN,2012-11-20,12.99839973449707
USDMXN,2012-11-21,13.047900199890137
USDMXN,2012-11-22,13.029500007629395
USDMXN,2012-11-23,12.94849967956543
USDMXN,2012-11-26,13.002900123596191
USDMXN,2012-11-27,13.033100128173828
USDMXN,2012-11-28,12.965999603271484
USDMXN,2012-11-29,12.944100379943848
USDMXN,2012-11-30,12.958600044250488
USDMXN,2012-12-03,12.99530029296875
USDMXN,2012-12-04,12.942099571228027
USDMXN,2012-12-05,12.914299964904785
USDMXN,2012-12-06,12.868900299072266
USDMXN,2012-12-07,12.844300270080566
USDMXN,2012-12-10,12.812299728393555
USDMXN,2012-12-11,12.728500366210938
USDMXN,2012-12-12,12.743599891662598
USDMXN,2012-12-13,12.799599647521973
USDMXN,2012-12-14,12.739700317382812
USDMXN,2012-12-17,12.727899551391602
USDMXN,2012-12-18,12.720600128173828
USDMXN,2012-12-19,12.774800300598145
USDMXN,2012-12-20,12.748700141906738
USDMXN,2012-12-21,12.913399696350098
USDMXN,2012-12-24,12.968899726867676
USDMXN,2012-12-25,12.984100341796875
USDMXN,2012-12-26,13.003399848937988
USDMXN,2012-12-27,12.953100204467773
USDMXN,2012-12-28,13.0024995803833
USDMXN,2012-12-31,12.837300300598145
USDMXN,2013-01-01,12.889800071716309
USDMXN,2013-01-02,12.753399848937988
USDMXN,2013-01-03,12.785200119018555
USDMXN,2013-01-04,12.735799789428711
USDMXN,2013-01-07,12.760000228881836
USDMXN,2013-01-08,12.792099952697754
USDMXN,2013-01-09,12.721599578857422
USDMXN,2013-01-10,12.594099998474121
USDMXN,2013-01-11,12.651399612426758
USDMXN,2013-01-14,12.595399856567383
USDMXN,2013-01-15,12.610600471496582
USDMXN,2013-01-16,12.615300178527832
USDMXN,2013-01-17,12.577099800109863
USDMXN,2013-01-18,12.659000396728516
USDMXN,2013-01-21,12.68649959564209
USDMXN,2013-01-22,12.618300437927246
USDMXN,2013-01-23,12.695699691772461
USDMXN,2013-01-24,12.631999969482422
USDMXN,2013-01-25,12.690600395202637
USDMXN,2013-01-28,12.767800331115723
USDMXN,2013-01-29,12.714200019836426
USDMXN,2013-01-30,12.715800285339355
USDMXN,2013-01-31,12.685199737548828
USDMXN,2013-02-01,12.598099708557129
USDMXN,2013-02-04,12.7052001953125
USDMXN,2013-02-05,12.62909984588623
USDMXN,2013-02-06,12.680800437927246
USDMXN,2013-02-07,12.721699714660645
USDMXN,2013-02-08,12.714400291442871
USDMXN,2013-02-11,12.727999687194824
USDMXN,2013-02-12,12.6806001663208
USDMXN,2013-02-13,12.675600051879883
USDMXN,2013-02-14,12.68019962310791
USDMXN,2013-02-15,12.678500175476074
USDMXN,2013-02-18,12.683600425720215
USDMXN,2013-02-19,12.628499984741211
USDMXN,2013-02-20,12.716500282287598
USDMXN,2013-02-21,12.736300468444824
USDMXN,2013-02-22,12.699999809265137
USDMXN,2013-02-25,12.795999526977539
USDMXN,2013-02-26,12.84179973602295
USDMXN,2013-02-27,12.769100189208984
USDMXN,2013-02-28,12.782299995422363
USDMXN,2013-03-01,12.751999855041504
USDMXN,2013-03-04,12.736000061035156
USDMXN,2013-03-05,12.69909954071045
USDMXN,2013-03-06,12.773200035095215
USDMXN,2013-03-07,12.758299827575684
USDMXN,2013-03-08,12.621500015258789
USDMXN,2013-03-11,12.529999732971191
USDMXN,2013-03-12,12.430999755859375
USDMXN,2013-03-13,12.440899848937988
USDMXN,2013-03-14,12.42080020904541
USDMXN,2013-03-15,12.428799629211426
USDMXN,2013-03-18,12.413299560546875
USDMXN,2013-03-19,12.444199562072754
USDMXN,2013-03-20,12.339699745178223
USDMXN,2013-03-21,12.423700332641602
USDMXN,2013-03-22,12.347000122070312
USDMXN,2013-03-25,12.342499732971191
USDMXN,2013-03-26,12.353400230407715
USDMXN,2013-03-27,12.340100288391113
USDMXN,2013-03-28,12.35200023651123
USDMXN,2013-03-29,12.301300048828125
USDMXN,2013-04-01,12.350299835205078
USDMXN,2013-04-02,12.266200065612793
USDMXN,2013-04-03,12.34749984741211
USDMXN,2013-04-04,12.305100440979004
USDMXN,2013-04-05,12.172200202941895
USDMXN,2013-04-08,12.178500175476074
USDMXN,2013-04-09,12.148200035095215
USDMXN,2013-04-10,12.094400405883789
USDMXN,2013-04-11,12.035900115966797
USDMXN,2013-04-12,12.071599960327148
USDMXN,2013-04-15,12.269800186157227
USDMXN,2013-04-16,12.135199546813965
USDMXN,2013-04-17,12.208499908447266
USDMXN,2013-04-18,12.243000030517578
USDMXN,2013-04-19,12.256500244140625
USDMXN,2013-04-22,12.260299682617188
USDMXN,2013-04-23,12.241499900817871
USDMXN,2013-04-24,12.17389965057373
USDMXN,2013-04-25,12.173199653625488
USDMXN,2013-04-26,12.155200004577637
USDMXN,2013-04-29,12.192999839782715
USDMXN,2013-04-30,12.134599685668945
USDMXN,2013-05-01,12.191100120544434
USDMXN,2013-05-02,12.17870044708252
USDMXN,2013-05-03,12.0649995803833
USDMXN,2013-05-06,12.108699798583984
USDMXN,2013-05-07,12.018099784851074
USDMXN,2013-05-08,11.980500221252441
USDMXN,2013-05-09,11.98390007019043
USDMXN,2013-05-10,12.075400352478027
USDMXN,2013-05-13,12.158300399780273
USDMXN,2013-05-14,12.188400268554688
USDMXN,2013-05-15,12.192000389099121
USDMXN,2013-05-16,12.264300346374512
USDMXN,2013-05-17,12.336600303649902
USDMXN,2013-05-20,12.293399810791016
USDMXN,2013-05-21,12.330499649047852
USDMXN,2013-05-22,12.424599647521973
USDMXN,2013-05-23,12.384699821472168
USDMXN,2013-05-24,12.525300025939941
USDMXN,2013-05-27,12.453300476074219
USDMXN,2013-05-28,12.630189895629883
USDMXN,2013-05-29,12.655699729919434
USDMXN,2013-05-30,12.772000312805176
USDMXN,2013-05-31,12.795700073242188
USDMXN,2013-06-03,12.749899864196777
USDMXN,2013-06-04,12.700799942016602
USDMXN,2013-06-05,12.861200332641602
USDMXN,2013-06-06,12.808300018310547
USDMXN,2013-06-07,12.765299797058105
USDMXN,2013-06-10,12.897199630737305
USDMXN,2013-06-11,12.826000213623047
USDMXN,2013-06-12,12.920999526977539
USDMXN,2013-06-13,12.621899604797363
USDMXN,2013-06-14,12.702699661254883
USDMXN,2013-06-17,12.825499534606934
USDMXN,2013-06-18,12.901200294494629
USDMXN,2013-06-19,13.198599815368652
USDMXN,2013-06-20,13.326299667358398
USDMXN,2013-06-21,13.29259967803955
USDMXN,2013-06-24,13.274299621582031
USDMXN,2013-06-25,13.251199722290039
USDMXN,2013-06-26,13.144599914550781
USDMXN,2013-06-27,13.0
USDMXN,2013-06-28,12.93529987335205
USDMXN,2013-07-01,12.945799827575684
USDMXN,2013-07-02,13.038200378417969
USDMXN,2013-07-03,12.930800437927246
USDMXN,2013-07-04,12.909799575805664
USDMXN,2013-07-05,13.069700241088867
USDMXN,2013-07-08,12.886899948120117
USDMXN,2013-07-09,12.898300170898438
USDMXN,2013-07-10,12.783109664916992
USDMXN,2013-07-11,12.794599533081055
USDMXN,2013-07-12,12.80370044708252
USDMXN,2013-07-15,12.666000366210938
USDMXN,2013-07-16,12.616600036621094
USDMXN,2013-07-17,12.476499557495117
USDMXN,2013-07-18,12.498000144958496
USDMXN,2013-07-19,12.513299942016602
USDMXN,2013-07-22,12.493900299072266
USDMXN,2013-07-23,12.490599632263184
USDMXN,2013-07-24,12.605799674987793
USDMXN,2013-07-25,12.59904956817627
USDMXN,2013-07-26,12.658499717712402
USDMXN,2013-07-29,12.74839973449707
USDMXN,2013-07-30,12.761300086975098
USDMXN,2013-07-31,12.739999771118164
USDMXN,2013-08-01,12.829099655151367
USDMXN,2013-08-02,12.653300285339355
USDMXN,2013-08-05,12.63949966430664
USDMXN,2013-08-06,12.616499900817871
USDMXN,2013-08-07,12.739999771118164
USDMXN,2013-08-08,12.596199989318848
USDMXN,2013-08-09,12.610300064086914
USDMXN,2013-08-12,12.671500205993652
USDMXN,2013-08-13,12.726200103759766
USDMXN,2013-08-14,12.732500076293945
USDMXN,2013-08-15,12.816100120544434
USDMXN,2013-08-16,12.904199600219727
USDMXN,2013-08-19,13.065099716186523
USDMXN,2013-08-20,12.971500396728516
USDMXN,2013-08-21,13.248600006103516
USDMXN,2013-08-22,13.0556001663208
USDMXN,2013-08-23,12.946200370788574
USDMXN,2013-08-26,13.176019668579102
USDMXN,2013-08-27,13.252059936523438
USDMXN,2013-08-28,13.312939643859863
USDMXN,2013-08-29,13.321319580078125
USDMXN,2013-08-30,13.366189956665039
USDMXN,2013-09-02,13.311300277709961
USDMXN,2013-09-03,13.38700008392334
USDMXN,2013-09-04,13.30739974975586
USDMXN,2013-09-05,13.375869750976562
USDMXN,2013-09-06,13.160320281982422
USDMXN,2013-09-09,13.097929954528809
USDMXN,2013-09-10,13.074569702148438
USDMXN,2013-09-11,13.03456974029541
USDMXN,2013-09-12,13.06365966796875
USDMXN,2013-09-13,13.03579044342041
USDMXN,2013-09-16,12.930350303649902
USDMXN,2013-09-17,12.918939590454102
USDMXN,2013-09-18,12.649580001831055
USDMXN,2013-09-19,12.70971965789795
USDMXN,2013-09-20,12.848259925842285
USDMXN,2013-09-23,12.807979583740234
USDMXN,2013-09-24,12.96310043334961
USDMXN,2013-09-25,13.00510025024414
USDMXN,2013-09-26,13.072999954223633
USDMXN,2013-09-27,13.136170387268066
USDMXN,2013-09-30,13.09004020690918
USDMXN,2013-10-01,13.162110328674316
USDMXN,2013-10-02,13.1074800491333
USDMXN,2013-10-03,13.170149803161621
USDMXN,2013-10-04,13.071590423583984
USDMXN,2013-10-07,13.134699821472168
USDMXN,2013-10-08,13.195699691772461
USDMXN,2013-10-09,13.188579559326172
USDMXN,2013-10-10,13.105330467224121
USDMXN,2013-10-11,12.983499526977539
USDMXN,2013-10-14,13.0
USDMXN,2013-10-15,12.989709854125977
USDMXN,2013-10-16,12.84574031829834
USDMXN,2013-10-17,12.778730392456055
USDMXN,2013-10-18,12.849020004272461
USDMXN,2013-10-21,12.986720085144043
USDMXN,2013-10-22,12.844470024108887
USDMXN,2013-10-23,12.985540390014648
USDMXN,2013-10-24,12.960689544677734
USDMXN,2013-10-25,12.877220153808594
USDMXN,2013-10-28,12.875519752502441
USDMXN,2013-10-29,12.92825984954834
USDMXN,2013-10-30,12.952349662780762
USDMXN,2013-10-31,13.01509952545166
USDMXN,2013-11-01,13.055700302124023
USDMXN,2013-11-04,12.983189582824707
USDMXN,2013-11-05,13.161399841308594
USDMXN,2013-11-06,13.166279792785645
USDMXN,2013-11-07,13.220250129699707
USDMXN,2013-11-08,13.16273021697998
USDMXN,2013-11-11,13.21697998046875
USDMXN,2013-11-12,13.173999786376953
USDMXN,2013-11-13,13.005510330200195
USDMXN,2013-11-14,12.956060409545898
USDMXN,2013-11-15,12.927300453186035
USDMXN,2013-11-18,12.887709617614746
USDMXN,2013-11-19,12.946100234985352
USDMXN,2013-11-20,13.082830429077148
USDMXN,2013-11-21,13.01990032196045
USDMXN,2013-11-22,12.960200309753418
USDMXN,2013-11-25,13.035869598388672
USDMXN,2013-11-26,13.05348014831543
USDMXN,2013-11-27,13.114959716796875
USDMXN,2013-11-28,13.06093978881836
USDMXN,2013-11-29,13.099169731140137
USDMXN,2013-12-02,13.200579643249512
USDMXN,2013-12-03,13.100810050964355
USDMXN,2013-12-04,13.04209041595459
USDMXN,2013-12-05,13.085840225219727
USDMXN,2013-12-06,12.923290252685547
USDMXN,2013-12-09,12.83749008178711
USDMXN,2013-12-10,12.849300384521484
USDMXN,2013-12-11,13.020389556884766
USDMXN,2013-12-12,12.960399627685547
USDMXN,2013-12-13,12.87289047241211
USDMXN,2013-12-16,12.926400184631348
USDMXN,2013-12-17,12.948260307312012
USDMXN,2013-12-18,12.901100158691406
USDMXN,2013-12-19,12.945300102233887
USDMXN,2013-12-20,12.969799995422363
USDMXN,2013-12-23,12.98134994506836
USDMXN,2013-12-24,13.01511001586914
USDMXN,2013-12-25,13.014140129089355
USDMXN,2013-12-26,13.065540313720703
USDMXN,2013-12-27,13.050000190734863
USDMXN,2013-12-30,13.062390327453613
USDMXN,2013-12-31,13.027310371398926
USDMXN,2014-01-01,13.026989936828613
USDMXN,2014-01-02,13.148460388183594
USDMXN,2014-01-03,13.093899726867676
USDMXN,2014-01-06,13.069169998168945
USDMXN,2014-01-07,13.00790023803711
USDMXN,2014-01-08,13.124699592590332
USDMXN,2014-01-09,13.084790229797363
USDMXN,2014-01-10,12.95930004119873
USDMXN,2014-01-13,13.07116985321045
USDMXN,2014-01-14,13.077280044555664
USDMXN,2014-01-15,13.195699691772461
USDMXN,2014-01-16,13.272199630737305
USDMXN,2014-01-17,13.233440399169922
USDMXN,2014-01-20,13.228449821472168
USDMXN,2014-01-21,13.273599624633789
USDMXN,2014-01-22,13.298600196838379
USDMXN,2014-01-23,13.393500328063965
USDMXN,2014-01-24,13.448450088500977
USDMXN,2014-01-27,13.373200416564941
USDMXN,2014-01-28,13.177200317382812
USDMXN,2014-01-29,13.394450187683105
USDMXN,2014-01-30,13.354499816894531
USDMXN,2014-01-31,13.34514045715332
USDMXN,2014-02-03,13.523929595947266
USDMXN,2014-02-04,13.310649871826172
USDMXN,2014-02-05,13.265520095825195
USDMXN,2014-02-06,13.256360054016113
USDMXN,2014-02-07,13.259530067443848
USDMXN,2014-02-10,13.30737018585205
USDMXN,2014-02-11,13.288869857788086
USDMXN,2014-02-12,13.314900398254395
USDMXN,2014-02-13,13.255999565124512
USDMXN,2014-02-14,13.233710289001465
USDMXN,2014-02-17,13.19281005859375
USDMXN,2014-02-18,13.237299919128418
USDMXN,2014-02-19,13.32155990600586
USDMXN,2014-02-20,13.273599624633789
USDMXN,2014-02-21,13.25745964050293
USDMXN,2014-02-24,13.248579978942871
USDMXN,2014-02-25,13.222000122070312
USDMXN,2014-02-26,13.339859962463379
USDMXN,2014-02-27,13.250100135803223
USDMXN,2014-02-28,13.244379997253418
USDMXN,2014-03-03,13.306690216064453
USDMXN,2014-03-04,13.275139808654785
USDMXN,2014-03-05,13.237299919128418
USDMXN,2014-03-06,13.149479866027832
USDMXN,2014-03-07,13.179659843444824
USDMXN,2014-03-10,13.21049976348877
USDMXN,2014-03-11,13.28439998626709
USDMXN,2014-03-12,13.239899635314941
USDMXN,2014-03-13,13.285909652709961
USDMXN,2014-03-14,13.201950073242188
USDMXN,2014-03-17,13.157340049743652
USDMXN,2014-03-18,13.147470474243164
USDMXN,2014-03-19,13.284799575805664
USDMXN,2014-03-20,13.25139045715332
USDMXN,2014-03-21,13.228690147399902
USDMXN,2014-03-24,13.18179988861084
USDMXN,2014-03-25,13.113909721374512
USDMXN,2014-03-26,13.121479988098145
USDMXN,2014-03-27,13.060199737548828
USDMXN,2014-03-28,13.066980361938477
USDMXN,2014-03-31,13.047710418701172
USDMXN,2014-04-01,13.05012035369873
USDMXN,2014-04-02,13.088210105895996
USDMXN,2014-04-03,13.118940353393555
USDMXN,2014-04-04,13.0
USDMXN,2014-04-07,13.006640434265137
USDMXN,2014-04-08,13.068730354309082
USDMXN,2014-04-09,12.985300064086914
USDMXN,2014-04-10,13.059100151062012
USDMXN,2014-04-11,13.036919593811035
USDMXN,2014-04-14,13.01848030090332
USDMXN,2014-04-15,13.091620445251465
USDMXN,2014-04-16,13.056920051574707
USDMXN,2014-04-17,13.042099952697754
USDMXN,2014-04-18,13.040989875793457
USDMXN,2014-04-21,13.020429611206055
USDMXN,2014-04-22,13.051679611206055
USDMXN,2014-04-23,13.065699577331543
USDMXN,2014-04-24,13.092840194702148
USDMXN,2014-04-25,13.127779960632324
USDMXN,2014-04-28,13.119059562683105
USDMXN,2014-04-29,13.104700088500977
USDMXN,2014-04-30,13.074780464172363
USDMXN,2014-05-01,13.039039611816406
USDMXN,2014-05-02,13.011240005493164
USDMXN,2014-05-05,13.044300079345703
USDMXN,2014-05-06,13.027429580688477
USDMXN,2014-05-07,12.964489936828613
USDMXN,2014-05-08,12.942859649658203
USDMXN,2014-05-09,12.942090034484863
USDMXN,2014-05-12,12.949009895324707
USDMXN,2014-05-13,12.905449867248535
USDMXN,2014-05-14,12.891300201416016
USDMXN,2014-05-15,12.953949928283691
USDMXN,2014-05-16,12.888999938964844
USDMXN,2014-05-19,12.896400451660156
USDMXN,2014-05-20,12.91193962097168
USDMXN,2014-05-21,12.921819686889648
USDMXN,2014-05-22,12.874239921569824
USDMXN,2014-05-23,12.85221004486084
USDMXN,2014-05-26,12.867799758911133
USDMXN,2014-05-27,12.856800079345703
USDMXN,2014-05-28,12.865309715270996
USDMXN,2014-05-29,12.837200164794922
USDMXN,2014-05-30,12.855669975280762
USDMXN,2014-06-02,12.909700393676758
USDMXN,2014-06-03,12.93871021270752
USDMXN,2014-06-04,12.924050331115723
USDMXN,2014-06-05,12.862859725952148
USDMXN,2014-06-06,12.925580024719238
USDMXN,2014-06-09,13.016500473022461
USDMXN,2014-06-10,13.019200325012207
USDMXN,2014-06-11,13.00314998626709
USDMXN,2014-06-12,12.9762601852417
USDMXN,2014-06-13,13.011899948120117
USDMXN,2014-06-16,13.041419982910156
USDMXN,2014-06-17,13.109299659729004
USDMXN,2014-06-18,12.986390113830566
USDMXN,2014-06-19,13.02079963684082
USDMXN,2014-06-20,12.983819961547852
USDMXN,2014-06-23,13.031100273132324
USDMXN,2014-06-24,13.058919906616211
USDMXN,2014-06-25,13.00220012664795
USDMXN,2014-06-26,13.011910438537598
USDMXN,2014-06-27,12.955909729003906
USDMXN,2014-06-30,12.970319747924805
USDMXN,2014-07-01,12.939000129699707
USDMXN,2014-07-02,12.987930297851562
USDMXN,2014-07-03,12.95479965209961
USDMXN,2014-07-04,12.970000267028809
USDMXN,2014-07-07,13.015990257263184
USDMXN,2014-07-08,12.983180046081543
USDMXN,2014-07-09,12.967599868774414
USDMXN,2014-07-10,12.990559577941895
USDMXN,2014-07-11,12.975000381469727
USDMXN,2014-07-14,12.944899559020996
USDMXN,2014-07-15,12.94262981414795
USDMXN,2014-07-16,12.924799919128418
USDMXN,2014-07-17,12.994799613952637
USDMXN,2014-07-18,12.942580223083496
USDMXN,2014-07-21,12.967909812927246
USDMXN,2014-07-22,12.9350004196167
USDMXN,2014-07-23,12.928739547729492
USDMXN,2014-07-24,12.954299926757812
USDMXN,2014-07-25,12.941570281982422
USDMXN,2014-07-28,13.0
USDMXN,2014-07-29,13.062999725341797
USDMXN,2014-07-30,13.155599594116211
USDMXN,2014-07-31,13.222800254821777
USDMXN,2014-08-01,13.175800323486328
USDMXN,2014-08-04,13.190360069274902
USDMXN,2014-08-05,13.297120094299316
USDMXN,2014-08-06,13.246789932250977
USDMXN,2014-08-07,13.281200408935547
USDMXN,2014-08-08,13.244810104370117
USDMXN,2014-08-11,13.174790382385254
USDMXN,2014-08-12,13.137049674987793
USDMXN,2014-08-13,13.129170417785645
USDMXN,2014-08-14,13.070699691772461
USDMXN,2014-08-15,13.068449974060059
USDMXN,2014-08-18,13.04563045501709
USDMXN,2014-08-19,13.047929763793945
USDMXN,2014-08-20,13.130399703979492
USDMXN,2014-08-21,13.110309600830078
USDMXN,2014-08-22,13.135040283203125
USDMXN,2014-08-25,13.1487398147583
USDMXN,2014-08-26,13.08942985534668
USDMXN,2014-08-27,13.083009719848633
USDMXN,2014-08-28,13.081870079040527
USDMXN,2014-08-29,13.0794095993042
USDMXN,2014-09-01,13.097399711608887
USDMXN,2014-09-02,13.102899551391602
USDMXN,2014-09-03,13.103899955749512
USDMXN,2014-09-04,13.151700019836426
USDMXN,2014-09-05,13.029549598693848
USDMXN,2014-09-08,13.139399528503418
USDMXN,2014-09-09,13.205679893493652
USDMXN,2014-09-10,13.183199882507324
USDMXN,2014-09-11,13.226980209350586
USDMXN,2014-09-12,13.25374984741211
USDMXN,2014-09-15,13.244879722595215
USDMXN,2014-09-16,13.161060333251953
USDMXN,2014-09-17,13.261500358581543
USDMXN,2014-09-18,13.238100051879883
USDMXN,2014-09-19,13.205300331115723
USDMXN,2014-09-22,13.275899887084961
USDMXN,2014-09-23,13.295889854431152
USDMXN,2014-09-24,13.280099868774414
USDMXN,2014-09-25,13.382060050964355
USDMXN,2014-09-26,13.437700271606445
USDMXN,2014-09-29,13.491120338439941
USDMXN,2014-09-30,13.42411994934082
USDMXN,2014-10-01,13.451569557189941
USDMXN,2014-10-02,13.369560241699219
USDMXN,2014-10-03,13.484999656677246
USDMXN,2014-10-06,13.397419929504395
USDMXN,2014-10-07,13.470990180969238
USDMXN,2014-10-08,13.34179973602295
USDMXN,2014-10-09,13.443280220031738
USDMXN,2014-10-10,13.472570419311523
USDMXN,2014-10-13,13.446490287780762
USDMXN,2014-10-14,13.45930004119873
USDMXN,2014-10-15,13.532079696655273
USDMXN,2014-10-16,13.549269676208496
USDMXN,2014-10-17,13.510000228881836
USDMXN,2014-10-20,13.552599906921387
USDMXN,2014-10-21,13.546520233154297
USDMXN,2014-10-22,13.550800323486328
USDMXN,2014-10-23,13.551400184631348
USDMXN,2014-10-24,13.554770469665527
USDMXN,2014-10-27,13.54796028137207
USDMXN,2014-10-28,13.431050300598145
USDMXN,2014-10-29,13.49839973449707
USDMXN,2014-10-30,13.430170059204102
USDMXN,2014-10-31,13.476630210876465
USDMXN,2014-11-03,13.60420036315918
USDMXN,2014-11-04,13.550089836120605
USDMXN,2014-11-05,13.573949813842773
USDMXN,2014-11-06,13.6381196975708
USDMXN,2014-11-07,13.535590171813965
USDMXN,2014-11-10,13.599430084228516
USDMXN,2014-11-11,13.599390029907227
USDMXN,2014-11-12,13.552889823913574
USDMXN,2014-11-13,13.606800079345703
USDMXN,2014-11-14,13.53141975402832
USDMXN,2014-11-17,13.58292007446289
USDMXN,2014-11-18,13.56488037109375
USDMXN,2014-11-19,13.630900382995605
USDMXN,2014-11-20,13.65585994720459
USDMXN,2014-11-21,13.61083984375
USDMXN,2014-11-24,13.65839958190918
USDMXN,2014-11-25,13.673299789428711
USDMXN,2014-11-26,13.725090026855469
USDMXN,2014-11-27,13.760479927062988
USDMXN,2014-11-28,13.922280311584473
USDMXN,2014-12-01,13.97700023651123
USDMXN,2014-12-02,14.101770401000977
USDMXN,2014-12-03,14.100500106811523
USDMXN,2014-12-04,14.14838981628418
USDMXN,2014-12-05,14.348690032958984
USDMXN,2014-12-08,14.380160331726074
USDMXN,2014-12-09,14.429289817810059
USDMXN,2014-12-10,14.555999755859375
USDMXN,2014-12-11,14.775179862976074
USDMXN,2014-12-12,14.757829666137695
USDMXN,2014-12-15,14.715290069580078
USDMXN,2014-12-16,14.749259948730469
USDMXN,2014-12-17,14.58473014831543
USDMXN,2014-12-18,14.54916000366211
USDMXN,2014-12-19,14.579509735107422
USDMXN,2014-12-22,14.670889854431152
USDMXN,2014-12-23,14.749710083007812
USDMXN,2014-12-24,14.699379920959473
USDMXN,2014-12-25,14.733699798583984
USDMXN,2014-12-26,14.697799682617188
USDMXN,2014-12-29,14.782190322875977
USDMXN,2014-12-30,14.740090370178223
USDMXN,2014-12-31,14.732159614562988
USDMXN,2015-01-01,14.752790451049805
USDMXN,2015-01-02,14.820429801940918
USDMXN,2015-01-05,14.939419746398926
USDMXN,2015-01-06,14.894669532775879
USDMXN,2015-01-07,14.710200309753418
USDMXN,2015-01-08,14.661700248718262
USDMXN,2015-01-09,14.593879699707031
USDMXN,2015-01-12,14.64799976348877
USDMXN,2015-01-13,14.604000091552734
USDMXN,2015-01-14,14.485199928283691
USDMXN,2015-01-15,14.656999588012695
USDMXN,2015-01-16,14.54778003692627
USDMXN,2015-01-19,14.635459899902344
USDMXN,2015-01-20,14.650369644165039
USDMXN,2015-01-21,14.758000373840332
USDMXN,2015-01-22,14.602629661560059
USDMXN,2015-01-23,14.64879035949707
USDMXN,2015-01-26,14.57409954071045
USDMXN,2015-01-27,14.617690086364746
USDMXN,2015-01-28,14.727999687194824
USDMXN,2015-01-29,14.784950256347656
USDMXN,2015-01-30,14.961770057678223
USDMXN,2015-02-02,14.858880043029785
USDMXN,2015-02-03,14.67588996887207
USDMXN,2015-02-04,14.881529808044434
USDMXN,2015-02-05,14.7916898727417
USDMXN,2015-02-06,14.83292007446289
USDMXN,2015-02-09,14.809700012207031
USDMXN,2015-02-10,14.94594955444336
USDMXN,2015-02-11,15.069000244140625
USDMXN,2015-02-12,14.92300033569336
USDMXN,2015-02-13,14.877479553222656
USDMXN,2015-02-16,14.91508960723877
USDMXN,2015-02-17,14.909000396728516
USDMXN,2015-02-18,14.861000061035156
USDMXN,2015-02-19,15.000080108642578
USDMXN,2015-02-20,15.017660140991211
USDMXN,2015-02-23,15.092740058898926
USDMXN,2015-02-24,14.92199993133545
USDMXN,2015-02-25,14.931900024414062
USDMXN,2015-02-26,14.983320236206055
USDMXN,2015-02-27,14.940250396728516
USDMXN,2015-03-02,15.022000312805176
USDMXN,2015-03-03,14.983599662780762
USDMXN,2015-03-04,15.04640007019043
USDMXN,2015-03-05,15.186100006103516
USDMXN,2015-03-06,15.49314022064209
USDMXN,2015-03-09,15.491379737854004
USDMXN,2015-03-10,15.614370346069336
USDMXN,2015-03-11,15.476699829101562
USDMXN,2015-03-12,15.38617992401123
USDMXN,2015-03-13,15.480850219726562
USDMXN,2015-03-16,15.406959533691406
USDMXN,2015-03-17,15.382949829101562
USDMXN,2015-03-18,15.11359977722168
USDMXN,2015-03-19,15.261520385742188
USDMXN,2015-03-20,15.052599906921387
USDMXN,2015-03-23,14.923299789428711
USDMXN,2015-03-24,14.944700241088867
USDMXN,2015-03-25,14.994000434875488
USDMXN,2015-03-26,15.146300315856934
USDMXN,2015-03-27,15.231269836425781
USDMXN,2015-03-30,15.260899543762207
USDMXN,2015-03-31,15.261500358581543
USDMXN,2015-04-01,15.134900093078613
USDMXN,2015-04-02,15.010100364685059
USDMXN,2015-04-03,14.81449031829834
USDMXN,2015-04-06,14.895299911499023
USDMXN,2015-04-07,14.917280197143555
USDMXN,2015-04-08,14.91057014465332
USDMXN,2015-04-09,15.075550079345703
USDMXN,2015-04-10,15.222040176391602
USDMXN,2015-04-13,15.38479995727539
USDMXN,2015-04-14,15.26144027709961
USDMXN,2015-04-15,15.269499778747559
USDMXN,2015-04-16,15.168999671936035
USDMXN,2015-04-17,15.326740264892578
USDMXN,2015-04-20,15.459099769592285
USDMXN,2015-04-21,15.433210372924805
USDMXN,2015-04-22,15.448240280151367
USDMXN,2015-04-23,15.337249755859375
USDMXN,2015-04-24,15.36279010772705
USDMXN,2015-04-27,15.359580039978027
USDMXN,2015-04-28,15.26099967956543
USDMXN,2015-04-29,15.232150077819824
USDMXN,2015-04-30,15.342659950256348
USDMXN,2015-05-01,15.548850059509277
USDMXN,2015-05-04,15.459850311279297
USDMXN,2015-05-05,15.352510452270508
USDMXN,2015-05-06,15.353650093078613
USDMXN,2015-05-07,15.296950340270996
USDMXN,2015-05-08,15.116419792175293
USDMXN,2015-05-11,15.333100318908691
USDMXN,2015-05-12,15.320929527282715
USDMXN,2015-05-13,15.265449523925781
USDMXN,2015-05-14,15.091529846191406
USDMXN,2015-05-15,15.00055980682373
USDMXN,2015-05-18,15.093000411987305
USDMXN,2015-05-19,15.196499824523926
USDMXN,2015-05-20,15.192500114440918
USDMXN,2015-05-21,15.221500396728516
USDMXN,2015-05-22,15.246820449829102
USDMXN,2015-05-25,15.25825023651123
USDMXN,2015-05-26,15.281959533691406
USDMXN,2015-05-27,15.292960166931152
USDMXN,2015-05-28,15.311320304870605
USDMXN,2015-05-29,15.37366008758545
USDMXN,2015-06-01,15.475769996643066
USDMXN,2015-06-02,15.432250022888184
USDMXN,2015-06-03,15.522749900817871
USDMXN,2015-06-04,15.53695011138916
USDMXN,2015-06-05,15.704239845275879
USDMXN,2015-06-08,15.631509780883789
USDMXN,2015-06-09,15.573349952697754
USDMXN,2015-06-10,15.47389030456543
USDMXN,2015-06-11,15.363499641418457
USDMXN,2015-06-12,15.395509719848633
USDMXN,2015-06-15,15.43729019165039
USDMXN,2015-06-16,15.387999534606934
USDMXN,2015-06-17,15.255940437316895
USDMXN,2015-06-18,15.331379890441895
USDMXN,2015-06-19,15.341300010681152
USDMXN,2015-06-22,15.345179557800293
USDMXN,2015-06-23,15.395150184631348
USDMXN,2015-06-24,15.506750106811523
USDMXN,2015-06-25,15.490300178527832
USDMXN,2015-06-26,15.550000190734863
USDMXN,2015-06-29,15.683420181274414
USDMXN,2015-06-30,15.711389541625977
USDMXN,2015-07-01,15.774860382080078
USDMXN,2015-07-02,15.669949531555176
USDMXN,2015-07-03,15.715660095214844
USDMXN,2015-07-06,15.720499992370605
USDMXN,2015-07-07,15.805370330810547
USDMXN,2015-07-08,15.840120315551758
USDMXN,2015-07-09,15.803210258483887
USDMXN,2015-07-10,15.700480461120605
USDMXN,2015-07-13,15.7322998046875
USDMXN,2015-07-14,15.66100025177002
USDMXN,2015-07-15,15.795999526977539
USDMXN,2015-07-16,15.825750350952148
USDMXN,2015-07-17,15.920829772949219
USDMXN,2015-07-20,16.002399444580078
USDMXN,2015-07-21,16.011199951171875
USDMXN,2015-07-22,16.10700035095215
USDMXN,2015-07-23,16.20598030090332
USDMXN,2015-07-24,16.263999938964844
USDMXN,2015-07-27,16.292999267578125
USDMXN,2015-07-28,16.279020309448242
USDMXN,2015-07-29,16.28268051147461
USDMXN,2015-07-30,16.259910583496094
USDMXN,2015-07-31,16.10494041442871
USDMXN,2015-08-03,16.176559448242188
USDMXN,2015-08-04,16.29132080078125
USDMXN,2015-08-05,16.359909057617188
USDMXN,2015-08-06,16.319889068603516
USDMXN,2015-08-07,16.150999069213867
USDMXN,2015-08-10,16.170650482177734
USDMXN,2015-08-11,16.307249069213867
USDMXN,2015-08-12,16.250659942626953
USDMXN,2015-08-13,16.39896011352539
USDMXN,2015-08-14,16.364240646362305
USDMXN,2015-08-17,16.431140899658203
USDMXN,2015-08-18,16.41699981689453
USDMXN,2015-08-19,16.597999572753906
USDMXN,2015-08-20,16.788249969482422
USDMXN,2015-08-21,16.97987937927246
USDMXN,2015-08-24,17.164329528808594
USDMXN,2015-08-25,17.274580001831055
USDMXN,2015-08-26,17.029190063476562
USDMXN,2015-08-27,16.872419357299805
USDMXN,2015-08-28,16.7473201751709
USDMXN,2015-08-31,16.744779586791992
USDMXN,2015-09-01,16.95400047302246
USDMXN,2015-09-02,16.85862922668457
USDMXN,2015-09-03,16.8022403717041
USDMXN,2015-09-04,16.932140350341797
USDMXN,2015-09-07,16.964950561523438
USDMXN,2015-09-08,16.822019577026367
USDMXN,2015-09-09,16.954540252685547
USDMXN,2015-09-10,16.750850677490234
USDMXN,2015-09-11,16.828310012817383
USDMXN,2015-09-14,16.719999313354492
USDMXN,2015-09-15,16.694150924682617
USDMXN,2015-09-16,16.533090591430664
USDMXN,2015-09-17,16.589649200439453
USDMXN,2015-09-18,16.64522933959961
USDMXN,2015-09-21,16.650419235229492
USDMXN,2015-09-22,16.89900016784668
USDMXN,2015-09-23,17.112680435180664
USDMXN,2015-09-24,16.866849899291992
USDMXN,2015-09-25,16.96221923828125
USDMXN,2015-09-28,17.082340240478516
USDMXN,2015-09-29,17.01013946533203
USDMXN,2015-09-30,16.913639068603516
USDMXN,2015-10-01,16.905820846557617
USDMXN,2015-10-02,16.74527931213379
USDMXN,2015-10-05,16.76685905456543
USDMXN,2015-10-06,16.64521026611328
USDMXN,2015-10-07,16.63800048828125
USDMXN,2015-10-08,16.45764923095703
USDMXN,2015-10-09,16.40884017944336
USDMXN,2015-10-12,16.463050842285156
USDMXN,2015-10-13,16.642120361328125
USDMXN,2015-10-14,16.43243980407715
USDMXN,2015-10-15,16.380210876464844
USDMXN,2015-10-16,16.40176010131836
USDMXN,2015-10-19,16.475770950317383
USDMXN,2015-10-20,16.564220428466797
USDMXN,2015-10-21,16.649999618530273
USDMXN,2015-10-22,16.510129928588867
USDMXN,2015-10-23,16.57210922241211
USDMXN,2015-10-26,16.519500732421875
USDMXN,2015-10-27,16.54854965209961
USDMXN,2015-10-28,16.63779067993164
USDMXN,2015-10-29,16.618310928344727
USDMXN,2015-10-30,16.479150772094727
USDMXN,2015-11-02,16.43947982788086
USDMXN,2015-11-03,16.394800186157227
USDMXN,2015-11-04,16.55164909362793
USDMXN,2015-11-05,16.596630096435547
USDMXN,2015-11-06,16.779890060424805
USDMXN,2015-11-09,16.759510040283203
USDMXN,2015-11-10,16.755050659179688
USDMXN,2015-11-11,16.722999572753906
USDMXN,2015-11-12,16.743999481201172
USDMXN,2015-11-13,16.672500610351562
USDMXN,2015-11-16,16.76544952392578
USDMXN,2015-11-17,16.71674919128418
USDMXN,2015-11-18,16.72507095336914
USDMXN,2015-11-19,16.630300521850586
USDMXN,2015-11-20,16.517799377441406
USDMXN,2015-11-23,16.553579330444336
USDMXN,2015-11-24,16.523550033569336
USDMXN,2015-11-25,16.503040313720703
USDMXN,2015-11-26,16.562549591064453
USDMXN,2015-11-27,16.618040084838867
USDMXN,2015-11-30,16.563199996948242
USDMXN,2015-12-01,16.516250610351562
USDMXN,2015-12-02,16.560760498046875
USDMXN,2015-12-03,16.702070236206055
USDMXN,2015-12-04,16.627290725708008
USDMXN,2015-12-07,16.884000778198242
USDMXN,2015-12-08,17.01099967956543
USDMXN,2015-12-09,17.084579467773438
USDMXN,2015-12-10,17.204050064086914
USDMXN,2015-12-11,17.385169982910156
USDMXN,2015-12-14,17.308000564575195
USDMXN,2015-12-15,17.10556983947754
USDMXN,2015-12-16,16.99894905090332
USDMXN,2015-12-17,17.038440704345703
USDMXN,2015-12-18,17.113239288330078
USDMXN,2015-12-21,17.143999099731445
USDMXN,2015-12-22,17.190570831298828
USDMXN,2015-12-23,17.21990966796875
USDMXN,2015-12-24,17.223039627075195
USDMXN,2015-12-25,17.223039627075195
USDMXN,2015-12-28,17.21904945373535
USDMXN,2015-12-29,17.255550384521484
USDMXN,2015-12-30,17.37554931640625
USDMXN,2015-12-31,17.269760131835938
USDMXN,2016-01-01,17.269760131835938
USDMXN,2016-01-04,17.288179397583008
USDMXN,2016-01-05,17.32546043395996
USDMXN,2016-01-06,17.528900146484375
USDMXN,2016-01-07,17.82678985595703
USDMXN,2016-01-08,17.92622947692871
USDMXN,2016-01-11,17.89109992980957
USDMXN,2016-01-12,17.902149200439453
USDMXN,2016-01-13,17.945999145507812
USDMXN,2016-01-14,17.85099983215332
USDMXN,2016-01-15,18.24846076965332
USDMXN,2016-01-18,18.193689346313477
USDMXN,2016-01-19,18.253969192504883
USDMXN,2016-01-20,18.475000381469727
USDMXN,2016-01-21,18.708999633789062
USDMXN,2016-01-22,18.43868064880371
USDMXN,2016-01-25,18.61400032043457
USDMXN,2016-01-26,18.44849967956543
USDMXN,2016-01-27,18.452999114990234
USDMXN,2016-01-28,18.343509674072266
USDMXN,2016-01-29,18.105449676513672
USDMXN,2016-02-01,18.241680145263672
USDMXN,2016-02-02,18.483049392700195
USDMXN,2016-02-03,18.195070266723633
USDMXN,2016-02-04,18.26613998413086
USDMXN,2016-02-05,18.44632911682129
USDMXN,2016-02-08,18.65026092529297
USDMXN,2016-02-09,18.789230346679688
USDMXN,2016-02-10,18.916000366210938
USDMXN,2016-02-11,19.140539169311523
USDMXN,2016-02-12,18.903240203857422
USDMXN,2016-02-15,18.850990295410156
USDMXN,2016-02-16,18.878599166870117
USDMXN,2016-02-17,18.333589553833008
USDMXN,2016-02-18,18.296009063720703
USDMXN,2016-02-19,18.2137508392334
USDMXN,2016-02-22,18.081710815429688
USDMXN,2016-02-23,18.206249237060547
USDMXN,2016-02-24,18.178279876708984
USDMXN,2016-02-25,18.128000259399414
USDMXN,2016-02-26,18.27659034729004
USDMXN,2016-02-29,18.138410568237305
USDMXN,2016-03-01,17.903940200805664
USDMXN,2016-03-02,17.84823989868164
USDMXN,2016-03-03,17.9377498626709
USDMXN,2016-03-04,17.759050369262695
USDMXN,2016-03-07,17.7403507232666
USDMXN,2016-03-08,17.920719146728516
USDMXN,2016-03-09,17.740999221801758
USDMXN,2016-03-10,17.840709686279297
USDMXN,2016-03-11,17.696720123291016
USDMXN,2016-03-14,17.743999481201172
USDMXN,2016-03-15,17.886310577392578
USDMXN,2016-03-16,17.614320755004883
USDMXN,2016-03-17,17.3393497467041
USDMXN,2016-03-18,17.389259338378906
USDMXN,2016-03-21,17.4189395904541
USDMXN,2016-03-22,17.34646987915039
USDMXN,2016-03-23,17.57624053955078
USDMXN,2016-03-24,17.589040756225586
USDMXN,2016-03-25,17.52342987060547
USDMXN,2016-03-28,17.43358039855957
USDMXN,2016-03-29,17.325340270996094
USDMXN,2016-03-30,17.265399932861328
USDMXN,2016-03-31,17.262910842895508
USDMXN,2016-04-01,17.32901954650879
USDMXN,2016-04-04,17.497440338134766
USDMXN,2016-04-05,17.681020736694336
USDMXN,2016-04-06,17.625429153442383
USDMXN,2016-04-07,17.880149841308594
USDMXN,2016-04-08,17.76786994934082
USDMXN,2016-04-11,17.650619506835938
USDMXN,2016-04-12,17.475149154663086
USDMXN,2016-04-13,17.424999237060547
USDMXN,2016-04-14,17.431650161743164
USDMXN,2016-04-15,17.545610427856445
USDMXN,2016-04-18,17.409189224243164
USDMXN,2016-04-19,17.335830688476562
USDMXN,2016-04-20,17.254850387573242
USDMXN,2016-04-21,17.452150344848633
USDMXN,2016-04-22,17.463409423828125
USDMXN,2016-04-25,17.565000534057617
USDMXN,2016-04-26,17.375839233398438
USDMXN,2016-04-27,17.29290008544922
USDMXN,2016-04-28,17.257509231567383
USDMXN,2016-04-29,17.17201042175293
USDMXN,2016-05-02,17.20319938659668
USDMXN,2016-05-03,17.599750518798828
USDMXN,2016-05-04,17.77083969116211
USDMXN,2016-05-05,17.874399185180664
USDMXN,2016-05-06,17.84804916381836
USDMXN,2016-05-09,18.190059661865234
USDMXN,2016-05-10,17.98335075378418
USDMXN,2016-05-11,17.988239288330078
USDMXN,2016-05-12,17.962169647216797
USDMXN,2016-05-13,18.157480239868164
USDMXN,2016-05-16,18.306520462036133
USDMXN,2016-05-17,18.293180465698242
USDMXN,2016-05-18,18.427919387817383
USDMXN,2016-05-19,18.415390014648438
USDMXN,2016-05-20,18.332529067993164
USDMXN,2016-05-23,18.521610260009766
USDMXN,2016-05-24,18.46647071838379
USDMXN,2016-05-25,18.492300033569336
USDMXN,2016-05-26,18.439979553222656
USDMXN,2016-05-27,18.448089599609375
USDMXN,2016-05-30,18.47825050354004
USDMXN,2016-05-31,18.46540069580078
USDMXN,2016-06-01,18.50218963623047
USDMXN,2016-06-02,18.67034912109375
USDMXN,2016-06-03,18.593690872192383
USDMXN,2016-06-06,18.675579071044922
USDMXN,2016-06-07,18.38602066040039
USDMXN,2016-06-08,18.117549896240234
USDMXN,2016-06-09,18.25054931640625
USDMXN,2016-06-10,18.629079818725586
USDMXN,2016-06-13,18.835969924926758
USDMXN,2016-06-14,18.920700073242188
USDMXN,2016-06-15,18.896820068359375
USDMXN,2016-06-16,18.907470703125
USDMXN,2016-06-17,18.838909149169922
USDMXN,2016-06-20,18.63068962097168
USDMXN,2016-06-21,18.632450103759766
USDMXN,2016-06-22,18.404640197753906
USDMXN,2016-06-23,18.433900833129883
USDMXN,2016-06-24,18.89742088317871
USDMXN,2016-06-27,19.11046028137207
USDMXN,2016-06-28,18.80817985534668
USDMXN,2016-06-29,18.510089874267578
USDMXN,2016-06-30,18.32295036315918
USDMXN,2016-07-01,18.347740173339844
USDMXN,2016-07-04,18.431119918823242
USDMXN,2016-07-05,18.82349967956543
USDMXN,2016-07-06,18.74747085571289
USDMXN,2016-07-07,18.810749053955078
USDMXN,2016-07-08,18.50528907775879
USDMXN,2016-07-11,18.46422004699707
USDMXN,2016-07-12,18.332599639892578
USDMXN,2016-07-13,18.377750396728516
USDMXN,2016-07-14,18.366050720214844
USDMXN,2016-07-15,18.59804916381836
USDMXN,2016-07-18,18.381580352783203
USDMXN,2016-07-19,18.490049362182617
USDMXN,2016-07-20,18.67205047607422
USDMXN,2016-07-21,18.56431007385254
USDMXN,2016-07-22,18.54121971130371
USDMXN,2016-07-25,18.77338981628418
USDMXN,2016-07-26,18.751449584960938
USDMXN,2016-07-27,18.822200775146484
USDMXN,2016-07-28,18.891820907592773
USDMXN,2016-07-29,18.74704933166504
USDMXN,2016-08-01,18.85984992980957
USDMXN,2016-08-02,18.93358039855957
USDMXN,2016-08-03,18.882949829101562
USDMXN,2016-08-04,18.898059844970703
USDMXN,2016-08-05,18.751510620117188
USDMXN,2016-08-08,18.549650192260742
USDMXN,2016-08-09,18.43684959411621
USDMXN,2016-08-10,18.40873908996582
USDMXN,2016-08-11,18.23200035095215
USDMXN,2016-08-12,18.25926971435547
USDMXN,2016-08-15,18.07784080505371
USDMXN,2016-08-16,18.055999755859375
USDMXN,2016-08-17,18.108600616455078
USDMXN,2016-08-18,18.172069549560547
USDMXN,2016-08-19,18.21500015258789
USDMXN,2016-08-22,18.298519134521484
USDMXN,2016-08-23,18.526649475097656
USDMXN,2016-08-24,18.465700149536133
USDMXN,2016-08-25,18.35968017578125
USDMXN,2016-08-26,18.588220596313477
USDMXN,2016-08-29,18.633089065551758
USDMXN,2016-08-30,18.79450035095215
USDMXN,2016-08-31,18.794200897216797
USDMXN,2016-09-01,18.74268913269043
USDMXN,2016-09-02,18.579200744628906
USDMXN,2016-09-05,18.587600708007812
USDMXN,2016-09-06,18.26020050048828
USDMXN,2016-09-07,18.39055061340332
USDMXN,2016-09-08,18.661699295043945
USDMXN,2016-09-09,18.895870208740234
USDMXN,2016-09-12,18.819660186767578
USDMXN,2016-09-13,19.109670639038086
USDMXN,2016-09-14,19.281349182128906
USDMXN,2016-09-15,19.34980010986328
USDMXN,2016-09-16,19.610679626464844
USDMXN,2016-09-19,19.666250228881836
USDMXN,2016-09-20,19.83131980895996
USDMXN,2016-09-21,19.720680236816406
USDMXN,2016-09-22,19.62434959411621
USDMXN,2016-09-23,19.781940460205078
USDMXN,2016-09-26,19.87771987915039
USDMXN,2016-09-27,19.37190055847168
USDMXN,2016-09-28,19.341400146484375
USDMXN,2016-09-29,19.54429054260254
USDMXN,2016-09-30,19.36893081665039
USDMXN,2016-10-03,19.296310424804688
USDMXN,2016-10-04,19.313289642333984
USDMXN,2016-10-05,19.208799362182617
USDMXN,2016-10-06,19.228099822998047
USDMXN,2016-10-07,19.291410446166992
USDMXN,2016-10-10,18.908649444580078
USDMXN,2016-10-11,18.874849319458008
USDMXN,2016-10-12,18.937850952148438
USDMXN,2016-10-13,18.951919555664062
USDMXN,2016-10-14,19.002309799194336
USDMXN,2016-10-17,18.85338020324707
USDMXN,2016-10-18,18.599729537963867
USDMXN,2016-10-19,18.52014923095703
USDMXN,2016-10-20,18.590200424194336
USDMXN,2016-10-21,18.58462905883789
USDMXN,2016-10-24,18.544660568237305
USDMXN,2016-10-25,18.528940200805664
USDMXN,2016-10-26,18.69264030456543
USDMXN,2016-10-27,18.823129653930664
USDMXN,2016-10-28,18.965700149536133
USDMXN,2016-10-31,18.86199951171875
USDMXN,2016-11-01,19.172399520874023
USDMXN,2016-11-02,19.341140747070312
USDMXN,2016-11-03,19.14590072631836
USDMXN,2016-11-04,19.010530471801758
USDMXN,2016-11-07,18.54986000061035
USDMXN,2016-11-08,18.300600051879883
USDMXN,2016-11-09,19.88340950012207
USDMXN,2016-11-10,20.507009506225586
USDMXN,2016-11-11,20.736839294433594
USDMXN,2016-11-14,20.719820022583008
USDMXN,2016-11-15,20.306650161743164
USDMXN,2016-11-16,20.206750869750977
USDMXN,2016-11-17,20.41349983215332
USDMXN,2016-11-18,20.619970321655273
USDMXN,2016-11-21,20.439170837402344
USDMXN,2016-11-22,20.60131072998047
USDMXN,2016-11-23,20.64080047607422
USDMXN,2016-11-24,20.70330047607422
USDMXN,2016-11-25,20.673500061035156
USDMXN,2016-11-28,20.612289428710938
USDMXN,2016-11-29,20.624549865722656
USDMXN,2016-11-30,20.562149047851562
USDMXN,2016-12-01,20.759849548339844
USDMXN,2016-12-02,20.60601043701172
USDMXN,2016-12-05,20.565000534057617
USDMXN,2016-12-06,20.39189910888672
USDMXN,2016-12-07,20.32529067993164
USDMXN,2016-12-08,20.302749633789062
USDMXN,2016-12-09,20.37363052368164
USDMXN,2016-12-12,20.193599700927734
USDMXN,2016-12-13,20.2679500579834
USDMXN,2016-12-14,20.478469848632812
USDMXN,2016-12-15,20.331649780273438
USDMXN,2016-12-16,20.409589767456055
USDMXN,2016-12-19,20.362199783325195
USDMXN,2016-12-20,20.44738006591797
USDMXN,2016-12-21,20.55760955810547
USDMXN,2016-12-22,20.746639251708984
USDMXN,2016-12-23,20.64341926574707
USDMXN,2016-12-26,20.624900817871094
USDMXN,2016-12-27,20.759349822998047
USDMXN,2016-12-28,20.705089569091797
USDMXN,2016-12-29,20.70199966430664
USDMXN,2016-12-30,20.718040466308594
USDMXN,2017-01-02,20.740510940551758
USDMXN,2017-01-03,21.120220184326172
USDMXN,2017-01-04,21.479650497436523
USDMXN,2017-01-05,21.385469436645508
USDMXN,2017-01-06,21.216529846191406
USDMXN,2017-01-09,21.359100341796875
USDMXN,2017-01-10,21.812129974365234
USDMXN,2017-01-11,21.90464973449707
USDMXN,2017-01-12,21.772050857543945
USDMXN,2017-01-13,21.47028923034668
USDMXN,2017-01-16,21.67721939086914
USDMXN,2017-01-17,21.511320114135742
USDMXN,2017-01-18,21.909170150756836
USDMXN,2017-01-19,21.92198944091797
USDMXN,2017-01-20,21.576650619506836
USDMXN,2017-01-23,21.325199127197266
USDMXN,2017-01-24,21.50670051574707
USDMXN,2017-01-25,21.055299758911133
USDMXN,2017-01-26,21.212160110473633
USDMXN,2017-01-27,20.859529495239258
USDMXN,2017-01-30,20.76749038696289
USDMXN,2017-01-31,20.805099487304688
USDMXN,2017-02-01,20.710180282592773
USDMXN,2017-02-02,20.528270721435547
USDMXN,2017-02-03,20.336259841918945
USDMXN,2017-02-06,20.544719696044922
USDMXN,2017-02-07,20.60887908935547
USDMXN,2017-02-08,20.51235008239746
USDMXN,2017-02-09,20.361589431762695
USDMXN,2017-02-10,20.324979782104492
USDMXN,2017-02-13,20.275999069213867
USDMXN,2017-02-14,20.27313995361328
USDMXN,2017-02-15,20.286550521850586
USDMXN,2017-02-16,20.397449493408203
USDMXN,2017-02-17,20.412490844726562
USDMXN,2017-02-20,20.357009887695312
USDMXN,2017-02-21,19.99925994873047
USDMXN,2017-02-22,19.889799118041992
USDMXN,2017-02-23,19.679759979248047
USDMXN,2017-02-24,19.91077995300293
USDMXN,2017-02-27,19.897199630737305
USDMXN,2017-02-28,20.11009979248047
USDMXN,2017-03-01,19.851459503173828
USDMXN,2017-03-02,20.00334930419922
USDMXN,2017-03-03,19.5032901763916
USDMXN,2017-03-06,19.602140426635742
USDMXN,2017-03-07,19.479679107666016
USDMXN,2017-03-08,19.678590774536133
USDMXN,2017-03-09,19.828079223632812
USDMXN,2017-03-10,19.594100952148438
USDMXN,2017-03-13,19.620010375976562
USDMXN,2017-03-14,19.653900146484375
USDMXN,2017-03-15,19.232200622558594
USDMXN,2017-03-16,19.234399795532227
USDMXN,2017-03-17,19.075990676879883
USDMXN,2017-03-20,19.006389617919922
USDMXN,2017-03-21,19.09480094909668
USDMXN,2017-03-22,19.01590919494629
USDMXN,2017-03-23,18.9425106048584
USDMXN,2017-03-24,18.74822998046875
USDMXN,2017-03-27,18.873449325561523
USDMXN,2017-03-28,18.98950958251953
USDMXN,2017-03-29,18.706499099731445
USDMXN,2017-03-30,18.72623062133789
USDMXN,2017-03-31,18.69158935546875
USDMXN,2017-04-03,18.697900772094727
USDMXN,2017-04-04,18.814790725708008
USDMXN,2017-04-05,18.799800872802734
USDMXN,2017-04-06,18.742900848388672
USDMXN,2017-04-07,18.651979446411133
USDMXN,2017-04-10,18.689830780029297
USDMXN,2017-04-11,18.753599166870117
USDMXN,2017-04-12,18.5545597076416
USDMXN,2017-04-13,18.56671905517578
USDMXN,2017-04-14,18.496549606323242
USDMXN,2017-04-17,18.49955940246582
USDMXN,2017-04-18,18.584030151367188
USDMXN,2017-04-19,18.85890007019043
USDMXN,2017-04-20,18.811710357666016
USDMXN,2017-04-21,18.797000885009766
USDMXN,2017-04-24,18.813100814819336
USDMXN,2017-04-25,18.866249084472656
USDMXN,2017-04-26,19.16316032409668
USDMXN,2017-04-27,19.05590057373047
USDMXN,2017-04-28,18.809139251708984
USDMXN,2017-05-01,18.72854995727539
USDMXN,2017-05-02,18.7531795501709
USDMXN,2017-05-03,18.827699661254883
USDMXN,2017-05-04,19.041000366210938
USDMXN,2017-05-05,18.946670532226562
USDMXN,2017-05-08,19.191850662231445
USDMXN,2017-05-09,19.167499542236328
USDMXN,2017-05-10,19.025880813598633
USDMXN,2017-05-11,18.814699172973633
USDMXN,2017-05-12,18.78200912475586
USDMXN,2017-05-15,18.686100006103516
USDMXN,2017-05-16,18.680500030517578
USDMXN,2017-05-17,18.941970825195312
USDMXN,2017-05-18,18.83768081665039
USDMXN,2017-05-19,18.70819091796875
USDMXN,2017-05-22,18.70462989807129
USDMXN,2017-05-23,18.648590087890625
USDMXN,2017-05-24,18.43851089477539
USDMXN,2017-05-25,18.491649627685547
USDMXN,2017-05-26,18.48349952697754
USDMXN,2017-05-29,18.47010040283203
USDMXN,2017-05-30,18.718769073486328
USDMXN,2017-05-31,18.63534927368164
USDMXN,2017-06-01,18.64514923095703
USDMXN,2017-06-02,18.665990829467773
USDMXN,2017-06-05,18.332000732421875
USDMXN,2017-06-06,18.2532901763916
USDMXN,2017-06-07,18.25326919555664
USDMXN,2017-06-08,18.215129852294922
USDMXN,2017-06-09,18.161500930786133
USDMXN,2017-06-12,18.125579833984375
USDMXN,2017-06-13,18.056339263916016
USDMXN,2017-06-14,17.94198989868164
USDMXN,2017-06-15,18.03104019165039
USDMXN,2017-06-16,17.89897918701172
USDMXN,2017-06-19,17.9781494140625
USDMXN,2017-06-20,18.20789909362793
USDMXN,2017-06-21,18.23369026184082
USDMXN,2017-06-22,18.11079978942871
USDMXN,2017-06-23,17.993270874023438
USDMXN,2017-06-26,17.90019989013672
USDMXN,2017-06-27,17.960899353027344
USDMXN,2017-06-28,17.830690383911133
USDMXN,2017-06-29,18.02720069885254
USDMXN,2017-06-30,18.113859176635742
USDMXN,2017-07-03,18.18065071105957
USDMXN,2017-07-04,18.21405029296875
USDMXN,2017-07-05,18.308420181274414
USDMXN,2017-07-06,18.272960662841797
USDMXN,2017-07-07,18.070980072021484
USDMXN,2017-07-10,17.937650680541992
USDMXN,2017-07-11,17.915990829467773
USDMXN,2017-07-12,17.77104949951172
USDMXN,2017-07-13,17.688800811767578
USDMXN,2017-07-14,17.55459976196289
USDMXN,2017-07-17,17.577299118041992
USDMXN,2017-07-18,17.491350173950195
USDMXN,2017-07-19,17.571430206298828
USDMXN,2017-07-20,17.48992919921875
USDMXN,2017-07-21,17.636810302734375
USDMXN,2017-07-24,17.726499557495117
USDMXN,2017-07-25,17.763240814208984
USDMXN,2017-07-26,17.57659912109375
USDMXN,2017-07-27,17.725709915161133
USDMXN,2017-07-28,17.767730712890625
USDMXN,2017-07-31,17.809650421142578
USDMXN,2017-08-01,17.88050079345703
USDMXN,2017-08-02,17.828569412231445
USDMXN,2017-08-03,17.85399055480957
USDMXN,2017-08-04,17.885210037231445
USDMXN,2017-08-07,17.92569923400879
USDMXN,2017-08-08,17.860559463500977
USDMXN,2017-08-09,17.950960159301758
USDMXN,2017-08-10,17.974700927734375
USDMXN,2017-08-11,17.811399459838867
USDMXN,2017-08-14,17.77461051940918
USDMXN,2017-08-15,17.805200576782227
USDMXN,2017-08-16,17.665769577026367
USDMXN,2017-08-17,17.89349937438965
USDMXN,2017-08-18,17.69470977783203
USDMXN,2017-08-21,17.659809112548828
USDMXN,2017-08-22,17.655120849609375
USDMXN,2017-08-23,17.683500289916992
USDMXN,2017-08-24,17.698699951171875
USDMXN,2017-08-25,17.599519729614258
USDMXN,2017-08-28,17.922800064086914
USDMXN,2017-08-29,17.851789474487305
USDMXN,2017-08-30,17.736570358276367
USDMXN,2017-08-31,17.877300262451172
USDMXN,2017-09-01,17.809070587158203
USDMXN,2017-09-04,17.88075065612793
USDMXN,2017-09-05,17.885820388793945
USDMXN,2017-09-06,17.764999389648438
USDMXN,2017-09-07,17.651390075683594
USDMXN,2017-09-08,17.70754051208496
USDMXN,2017-09-11,17.66724967956543
USDMXN,2017-09-12,17.725040435791016
USDMXN,2017-09-13,17.761659622192383
USDMXN,2017-09-14,17.668760299682617
USDMXN,2017-09-15,17.65506935119629
USDMXN,2017-09-18,17.73870086669922
USDMXN,2017-09-19,17.815990447998047
USDMXN,2017-09-20,17.797399520874023
USDMXN,2017-09-21,17.87468910217285
USDMXN,2017-09-22,17.73712921142578
USDMXN,2017-09-25,17.906600952148438
USDMXN,2017-09-26,17.948400497436523
USDMXN,2017-09-27,18.221099853515625
USDMXN,2017-09-28,18.144899368286133
USDMXN,2017-09-29,18.126399993896484
USDMXN,2017-10-02,18.245149612426758
USDMXN,2017-10-03,18.211109161376953
USDMXN,2017-10-04,18.26420021057129
USDMXN,2017-10-05,18.477800369262695
USDMXN,2017-10-06,18.477800369262695
USDMXN,2017-10-09,18.66568946838379
USDMXN,2017-10-10,18.812379837036133
USDMXN,2017-10-11,18.69141960144043
USDMXN,2017-10-12,18.879980087280273
USDMXN,2017-10-13,18.899999618530273
USDMXN,2017-10-16,19.042949676513672
USDMXN,2017-10-17,18.793949127197266
USDMXN,2017-10-18,18.88134002685547
USDMXN,2017-10-19,18.798900604248047
USDMXN,2017-10-20,18.980939865112305
USDMXN,2017-10-23,19.062599182128906
USDMXN,2017-10-24,19.234050750732422
USDMXN,2017-10-25,19.095539093017578
USDMXN,2017-10-26,19.178600311279297
USDMXN,2017-10-27,19.125
USDMXN,2017-10-30,19.226280212402344
USDMXN,2017-10-31,19.17115020751953
USDMXN,2017-11-01,19.11528968811035
USDMXN,2017-11-02,18.982250213623047
USDMXN,2017-11-03,19.201770782470703
USDMXN,2017-11-06,19.046449661254883
USDMXN,2017-11-07,19.133499145507812
USDMXN,2017-11-08,19.09040069580078
USDMXN,2017-11-09,19.025550842285156
USDMXN,2017-11-10,19.10148048400879
USDMXN,2017-11-13,19.10700035095215
USDMXN,2017-11-14,19.157489776611328
USDMXN,2017-11-15,19.235950469970703
USDMXN,2017-11-16,19.047950744628906
USDMXN,2017-11-17,18.901880264282227
USDMXN,2017-11-20,18.993850708007812
USDMXN,2017-11-21,18.80150032043457
USDMXN,2017-11-22,18.627099990844727
USDMXN,2017-11-23,18.6112003326416
USDMXN,2017-11-24,18.536609649658203
USDMXN,2017-11-27,18.56279945373535
USDMXN,2017-11-28,18.533550262451172
USDMXN,2017-11-29,18.551000595092773
USDMXN,2017-11-30,18.648170471191406
USDMXN,2017-12-01,18.611719131469727
USDMXN,2017-12-04,18.610450744628906
USDMXN,2017-12-05,18.77014923095703
USDMXN,2017-12-06,18.851200103759766
USDMXN,2017-12-07,18.952499389648438
USDMXN,2017-12-08,18.907970428466797
USDMXN,2017-12-11,19.053449630737305
USDMXN,2017-12-12,19.169599533081055
USDMXN,2017-12-13,19.012649536132812
USDMXN,2017-12-14,19.11338996887207
USDMXN,2017-12-15,19.102800369262695
USDMXN,2017-12-18,19.057510375976562
USDMXN,2017-12-19,19.219350814819336
USDMXN,2017-12-20,19.223989486694336
USDMXN,2017-12-21,19.468690872192383
USDMXN,2017-12-22,19.735889434814453
USDMXN,2017-12-25,19.740999221801758
USDMXN,2017-12-26,19.875179290771484
USDMXN,2017-12-27,19.707500457763672
USDMXN,2017-12-28,19.695600509643555
USDMXN,2017-12-29,19.6553897857666
USDMXN,2018-01-01,19.650850296020508
USDMXN,2018-01-02,19.497400283813477
USDMXN,2018-01-03,19.35110092163086
USDMXN,2018-01-04,19.306970596313477
USDMXN,2018-01-05,19.173999786376953
USDMXN,2018-01-08,19.192119598388672
USDMXN,2018-01-09,19.244680404663086
USDMXN,2018-01-10,19.26300048828125
USDMXN,2018-01-11,19.215370178222656
USDMXN,2018-01-12,19.033000946044922
USDMXN,2018-01-15,18.85870933532715
USDMXN,2018-01-16,18.752500534057617
USDMXN,2018-01-17,18.71685028076172
USDMXN,2018-01-18,18.58690071105957
USDMXN,2018-01-19,18.620540618896484
USDMXN,2018-01-22,18.707780838012695
USDMXN,2018-01-23,18.67329978942871
USDMXN,2018-01-24,18.535030364990234
USDMXN,2018-01-25,18.609479904174805
USDMXN,2018-01-26,18.476499557495117
USDMXN,2018-01-29,18.59779930114746
USDMXN,2018-01-30,18.765979766845703
USDMXN,2018-01-31,18.587099075317383
USDMXN,2018-02-01,18.333009719848633
USDMXN,2018-02-02,18.57659912109375
USDMXN,2018-02-05,18.815929412841797
USDMXN,2018-02-06,18.621299743652344
USDMXN,2018-02-07,18.777999877929688
USDMXN,2018-02-08,18.86910057067871
USDMXN,2018-02-09,18.689699172973633
USDMXN,2018-02-12,18.58810043334961
USDMXN,2018-02-13,18.634300231933594
USDMXN,2018-02-14,18.555099487304688
USDMXN,2018-02-15,18.50271987915039
USDMXN,2018-02-16,18.50510025024414
USDMXN,2018-02-19,18.51729965209961
USDMXN,2018-02-20,18.703399658203125
USDMXN,2018-02-21,18.83810043334961
USDMXN,2018-02-22,18.603900909423828
USDMXN,2018-02-23,18.520099639892578
USDMXN,2018-02-26,18.663799285888672
USDMXN,2018-02-27,18.82900047302246
USDMXN,2018-02-28,18.82509994506836
USDMXN,2018-03-01,18.84296989440918
USDMXN,2018-03-02,18.80830955505371
USDMXN,2018-03-05,18.784650802612305
USDMXN,2018-03-06,18.849950790405273
USDMXN,2018-03-07,18.698299407958984
USDMXN,2018-03-08,18.625
USDMXN,2018-03-09,18.60099983215332
USDMXN,2018-03-12,18.575899124145508
USDMXN,2018-03-13,18.599580764770508
USDMXN,2018-03-14,18.572500228881836
USDMXN,2018-03-15,18.687299728393555
USDMXN,2018-03-16,18.67460060119629
USDMXN,2018-03-19,18.69729995727539
USDMXN,2018-03-20,18.743900299072266
USDMXN,2018-03-21,18.44355010986328
USDMXN,2018-03-22,18.673940658569336
USDMXN,2018-03-23,18.510099411010742
USDMXN,2018-03-26,18.327739715576172
USDMXN,2018-03-27,18.38051986694336
USDMXN,2018-03-28,18.321550369262695
USDMXN,2018-03-29,18.16819953918457
USDMXN,2018-03-30,18.166839599609375
USDMXN,2018-04-02,18.225500106811523
USDMXN,2018-04-03,18.2232608795166
USDMXN,2018-04-04,18.2232608795166
USDMXN,2018-04-05,18.099000930786133
USDMXN,2018-04-06,18.21820068359375
USDMXN,2018-04-09,18.30344009399414
USDMXN,2018-04-10,18.331199645996094
USDMXN,2018-04-11,18.23859977722168
USDMXN,2018-04-12,18.193599700927734
USDMXN,2018-04-13,18.171199798583984
USDMXN,2018-04-16,18.053030014038086
USDMXN,2018-04-17,17.991899490356445
USDMXN,2018-04-18,18.02440071105957
USDMXN,2018-04-19,18.075849533081055
USDMXN,2018-04-20,18.446929931640625
USDMXN,2018-04-23,18.520099639892578
USDMXN,2018-04-24,18.926700592041016
USDMXN,2018-04-25,18.811630249023438
USDMXN,2018-04-26,18.846500396728516
USDMXN,2018-04-27,18.75830078125
USDMXN,2018-04-30,18.636999130249023
USDMXN,2018-05-01,18.697099685668945
USDMXN,2018-05-02,18.93549919128418
USDMXN,2018-05-03,19.09079933166504
USDMXN,2018-05-04,19.045900344848633
USDMXN,2018-05-07,19.254499435424805
USDMXN,2018-05-08,19.425100326538086
USDMXN,2018-05-09,19.548599243164062
USDMXN,2018-05-10,19.56719970703125
USDMXN,2018-05-11,19.236900329589844
USDMXN,2018-05-14,19.34239959716797
USDMXN,2018-05-15,19.57659912109375
USDMXN,2018-05-16,19.66939926147461
USDMXN,2018-05-17,19.562599182128906
USDMXN,2018-05-18,19.748699188232422
USDMXN,2018-05-21,19.889850616455078
USDMXN,2018-05-22,19.82360076904297
USDMXN,2018-05-23,19.762439727783203
USDMXN,2018-05-24,19.6343994140625
USDMXN,2018-05-25,19.5664005279541
USDMXN,2018-05-28,19.533050537109375
USDMXN,2018-05-29,19.586050033569336
USDMXN,2018-05-30,19.8398494720459
USDMXN,2018-05-31,19.77519989013672
USDMXN,2018-06-01,19.903499603271484
USDMXN,2018-06-04,19.942419052124023
USDMXN,2018-06-05,20.063310623168945
USDMXN,2018-06-06,20.39389991760254
USDMXN,2018-06-07,20.29360008239746
USDMXN,2018-06-08,20.417699813842773
USDMXN,2018-06-11,20.3257999420166
USDMXN,2018-06-12,20.561500549316406
USDMXN,2018-06-13,20.69219970703125
USDMXN,2018-06-14,20.654300689697266
USDMXN,2018-06-15,20.838600158691406
USDMXN,2018-06-18,20.682819366455078
USDMXN,2018-06-19,20.549699783325195
USDMXN,2018-06-20,20.510400772094727
USDMXN,2018-06-21,20.359500885009766
USDMXN,2018-06-22,20.310300827026367
USDMXN,2018-06-25,20.030500411987305
USDMXN,2018-06-26,19.905799865722656
USDMXN,2018-06-27,19.922590255737305
USDMXN,2018-06-28,20.15475082397461
USDMXN,2018-06-29,19.729299545288086
USDMXN,2018-07-02,19.794300079345703
USDMXN,2018-07-03,19.964000701904297
USDMXN,2018-07-04,19.49329948425293
USDMXN,2018-07-05,19.423900604248047
USDMXN,2018-07-06,19.25252914428711
USDMXN,2018-07-09,19.061100006103516
USDMXN,2018-07-10,19.17770004272461
USDMXN,2018-07-11,19.011899948120117
USDMXN,2018-07-12,19.0585994720459
USDMXN,2018-07-13,18.969690322875977
USDMXN,2018-07-16,18.902009963989258
USDMXN,2018-07-17,18.83300018310547
USDMXN,2018-07-18,18.88479995727539
USDMXN,2018-07-19,18.889400482177734
USDMXN,2018-07-20,19.03553009033203
USDMXN,2018-07-23,19.021060943603516
USDMXN,2018-07-24,18.90239906311035
USDMXN,2018-07-25,18.854700088500977
USDMXN,2018-07-26,18.65519905090332
USDMXN,2018-07-27,18.632400512695312
USDMXN,2018-07-30,18.606700897216797
USDMXN,2018-07-31,18.530580520629883
USDMXN,2018-08-01,18.66489028930664
USDMXN,2018-08-02,18.590099334716797
USDMXN,2018-08-03,18.634000778198242
USDMXN,2018-08-06,18.568649291992188
USDMXN,2018-08-07,18.52659034729004
USDMXN,2018-08-08,18.443300247192383
USDMXN,2018-08-09,18.457599639892578
USDMXN,2018-08-10,18.721500396728516
USDMXN,2018-08-13,19.067699432373047
USDMXN,2018-08-14,19.130699157714844
USDMXN,2018-08-15,18.87980079650879
USDMXN,2018-08-16,19.18400001525879
USDMXN,2018-08-17,19.00749969482422
USDMXN,2018-08-20,18.87820053100586
USDMXN,2018-08-21,19.0035400390625
USDMXN,2018-08-22,18.943769454956055
USDMXN,2018-08-23,18.767349243164062
USDMXN,2018-08-24,19.006200790405273
USDMXN,2018-08-27,18.76759910583496
USDMXN,2018-08-28,18.80014991760254
USDMXN,2018-08-29,19.065950393676758
USDMXN,2018-08-30,18.926300048828125
USDMXN,2018-08-31,19.09984016418457
USDMXN,2018-09-03,19.096900939941406
USDMXN,2018-09-04,19.184600830078125
USDMXN,2018-09-05,19.368099212646484
USDMXN,2018-09-06,19.33690071105957
USDMXN,2018-09-07,19.23253059387207
USDMXN,2018-09-10,19.313899993896484
USDMXN,2018-09-11,19.26569938659668
USDMXN,2018-09-12,19.201820373535156
USDMXN,2018-09-13,19.027099609375
USDMXN,2018-09-14,18.83009910583496
USDMXN,2018-09-17,18.875
USDMXN,2018-09-18,18.919540405273438
USDMXN,2018-09-19,18.788299560546875
USDMXN,2018-09-20,18.755699157714844
USDMXN,2018-09-21,18.835899353027344
USDMXN,2018-09-24,18.84416961669922
USDMXN,2018-09-25,18.965869903564453
USDMXN,2018-09-26,18.975299835205078
USDMXN,2018-09-27,18.848979949951172
USDMXN,2018-09-28,18.78660011291504
USDMXN,2018-10-01,18.674419403076172
USDMXN,2018-10-02,18.70789909362793
USDMXN,2018-10-03,18.787099838256836
USDMXN,2018-10-04,19.032499313354492
USDMXN,2018-10-05,19.103099822998047
USDMXN,2018-10-08,18.76519012451172
USDMXN,2018-10-09,18.943359375
USDMXN,2018-10-10,18.99165916442871
USDMXN,2018-10-11,19.16377067565918
USDMXN,2018-10-12,18.975969314575195
USDMXN,2018-10-15,18.867000579833984
USDMXN,2018-10-16,18.820100784301758
USDMXN,2018-10-17,18.752090454101562
USDMXN,2018-10-18,18.8656005859375
USDMXN,2018-10-19,19.140499114990234
USDMXN,2018-10-22,19.28019905090332
USDMXN,2018-10-23,19.392499923706055
USDMXN,2018-10-24,19.288970947265625
USDMXN,2018-10-25,19.597570419311523
USDMXN,2018-10-26,19.481769561767578
USDMXN,2018-10-29,19.369800567626953
USDMXN,2018-10-30,20.052900314331055
USDMXN,2018-10-31,20.061599731445312
USDMXN,2018-11-01,20.31509017944336
USDMXN,2018-11-02,20.161800384521484
USDMXN,2018-11-05,20.010499954223633
USDMXN,2018-11-06,19.868600845336914
USDMXN,2018-11-07,19.706600189208984
USDMXN,2018-11-08,19.86039924621582
USDMXN,2018-11-09,20.1643009185791
USDMXN,2018-11-12,20.10110092163086
USDMXN,2018-11-13,20.352819442749023
USDMXN,2018-11-14,20.45549964904785
USDMXN,2018-11-15,20.388700485229492
USDMXN,2018-11-16,20.24658966064453
USDMXN,2018-11-19,20.13990020751953
USDMXN,2018-11-20,20.367900848388672
USDMXN,2018-11-21,20.367399215698242
USDMXN,2018-11-22,20.243799209594727
USDMXN,2018-11-23,20.291500091552734
USDMXN,2018-11-26,20.404199600219727
USDMXN,2018-11-27,20.593700408935547
USDMXN,2018-11-28,20.455400466918945
USDMXN,2018-11-29,20.27359962463379
USDMXN,2018-11-30,20.22480010986328
USDMXN,2018-12-03,20.16069984436035
USDMXN,2018-12-04,20.334150314331055
USDMXN,2018-12-05,20.499399185180664
USDMXN,2018-12-06,20.50819969177246
USDMXN,2018-12-07,20.333599090576172
USDMXN,2018-12-10,20.274200439453125
USDMXN,2018-12-11,20.315099716186523
USDMXN,2018-12-12,20.179319381713867
USDMXN,2018-12-13,20.05190086364746
USDMXN,2018-12-14,20.2726993560791
USDMXN,2018-12-17,20.140100479125977
USDMXN,2018-12-18,20.069700241088867
USDMXN,2018-12-19,20.05624008178711
USDMXN,2018-12-20,20.0851993560791
USDMXN,2018-12-21,19.86815071105957
USDMXN,2018-12-24,19.9207706451416
USDMXN,2018-12-25,19.86039924621582
USDMXN,2018-12-26,19.95772933959961
USDMXN,2018-12-27,19.893299102783203
USDMXN,2018-12-28,19.68239974975586
USDMXN,2018-12-31,19.645370483398438
USDMXN,2019-01-01,19.633699417114258
USDMXN,2019-01-02,19.628299713134766
USDMXN,2019-01-03,19.60770034790039
USDMXN,2019-01-04,19.60449981689453
USDMXN,2019-01-07,19.381900787353516
USDMXN,2019-01-08,19.364620208740234
USDMXN,2019-01-09,19.327899932861328
USDMXN,2019-01-10,19.205900192260742
USDMXN,2019-01-11,19.13075065612793
USDMXN,2019-01-14,19.138900756835938
USDMXN,2019-01-15,18.973600387573242
USDMXN,2019-01-16,18.971519470214844
USDMXN,2019-01-17,18.881099700927734
USDMXN,2019-01-18,18.995399475097656
USDMXN,2019-01-21,19.088699340820312
USDMXN,2019-01-22,19.147199630737305
USDMXN,2019-01-23,19.15239906311035
USDMXN,2019-01-24,19.022499084472656
USDMXN,2019-01-25,19.0132999420166
USDMXN,2019-01-28,18.988849639892578
USDMXN,2019-01-29,19.03754997253418
USDMXN,2019-01-30,19.09086036682129
USDMXN,2019-01-31,19.10527992248535
USDMXN,2019-02-01,19.09309959411621
USDMXN,2019-02-04,19.086999893188477
USDMXN,2019-02-05,19.09510040283203
USDMXN,2019-02-06,19.02440071105957
USDMXN,2019-02-07,19.10919952392578
USDMXN,2019-02-08,19.074180603027344
USDMXN,2019-02-11,19.072370529174805
USDMXN,2019-02-12,19.288400650024414
USDMXN,2019-02-13,19.242700576782227
USDMXN,2019-02-14,19.413799285888672
USDMXN,2019-02-15,19.258459091186523
USDMXN,2019-02-18,19.26112937927246
USDMXN,2019-02-19,19.243200302124023
USDMXN,2019-02-20,19.14109992980957
USDMXN,2019-02-21,19.218170166015625
USDMXN,2019-02-22,19.274200439453125
USDMXN,2019-02-25,19.128599166870117
USDMXN,2019-02-26,19.121000289916992
USDMXN,2019-02-27,19.18501091003418
USDMXN,2019-02-28,19.16448974609375
USDMXN,2019-03-01,19.262699127197266
USDMXN,2019-03-04,19.265199661254883
USDMXN,2019-03-05,19.293420791625977
USDMXN,2019-03-06,19.257400512695312
USDMXN,2019-03-07,19.349199295043945
USDMXN,2019-03-08,19.552799224853516
USDMXN,2019-03-11,19.483200073242188
USDMXN,2019-03-12,19.39126968383789
USDMXN,2019-03-13,19.330400466918945
USDMXN,2019-03-14,19.290050506591797
USDMXN,2019-03-15,19.298599243164062
USDMXN,2019-03-18,19.203399658203125
USDMXN,2019-03-19,19.056379318237305
USDMXN,2019-03-20,18.99449920654297
USDMXN,2019-03-21,18.798999786376953
USDMXN,2019-03-22,18.850000381469727
USDMXN,2019-03-25,19.116649627685547
USDMXN,2019-03-26,19.015600204467773
USDMXN,2019-03-27,19.08810043334961
USDMXN,2019-03-28,19.363849639892578
USDMXN,2019-03-29,19.345300674438477
USDMXN,2019-04-01,19.32939910888672
USDMXN,2019-04-02,19.159299850463867
USDMXN,2019-04-03,19.216100692749023
USDMXN,2019-04-04,19.217670440673828
USDMXN,2019-04-05,19.146799087524414
USDMXN,2019-04-08,19.06130027770996
USDMXN,2019-04-09,18.98390007019043
USDMXN,2019-04-10,18.913820266723633
USDMXN,2019-04-11,18.806400299072266
USDMXN,2019-04-12,18.8169002532959
USDMXN,2019-04-15,18.757579803466797
USDMXN,2019-04-16,18.85930061340332
USDMXN,2019-04-17,18.865800857543945
USDMXN,2019-04-18,18.802000045776367
USDMXN,2019-04-19,18.787099838256836
USDMXN,2019-04-22,18.7677001953125
USDMXN,2019-04-23,18.826099395751953
USDMXN,2019-04-24,18.903400421142578
USDMXN,2019-04-25,19.068300247192383
USDMXN,2019-04-26,19.022680282592773
USDMXN,2019-04-29,18.928600311279297
USDMXN,2019-04-30,18.99839973449707
USDMXN,2019-05-01,18.93815040588379
USDMXN,2019-05-02,18.98270034790039
USDMXN,2019-05-03,19.11319923400879
USDMXN,2019-05-06,19.057899475097656
USDMXN,2019-05-07,18.992599487304688
USDMXN,2019-05-08,19.039939880371094
USDMXN,2019-05-09,19.07069969177246
USDMXN,2019-05-10,19.22551918029785
USDMXN,2019-05-13,19.122900009155273
USDMXN,2019-05-14,19.20669937133789
USDMXN,2019-05-15,19.143400192260742
USDMXN,2019-05-16,19.060800552368164
USDMXN,2019-05-17,19.099199295043945
USDMXN,2019-05-20,19.130599975585938
USDMXN,2019-05-21,19.046300888061523
USDMXN,2019-05-23,18.982799530029297
USDMXN,2019-05-24,19.030799865722656
USDMXN,2019-05-27,19.043109893798828
USDMXN,2019-05-28,19.05299949645996
USDMXN,2019-05-29,19.183210372924805
USDMXN,2019-05-30,19.135480880737305
USDMXN,2019-05-31,19.525039672851562
USDMXN,2019-06-03,19.61479949951172
USDMXN,2019-06-04,19.80331039428711
USDMXN,2019-06-05,19.566850662231445
USDMXN,2019-06-06,19.74924087524414
USDMXN,2019-06-07,19.674280166625977
USDMXN,2019-06-10,19.27910041809082
USDMXN,2019-06-11,19.204439163208008
USDMXN,2019-06-12,19.10610008239746
USDMXN,2019-06-13,19.159799575805664
USDMXN,2019-06-14,19.181100845336914
USDMXN,2019-06-17,19.131399154663086
USDMXN,2019-06-18,19.166200637817383
USDMXN,2019-06-19,19.122840881347656
USDMXN,2019-06-20,19.007400512695312
USDMXN,2019-06-21,18.98889923095703
USDMXN,2019-06-24,19.099069595336914
USDMXN,2019-06-25,19.194900512695312
USDMXN,2019-06-26,19.218000411987305
USDMXN,2019-06-27,19.136699676513672
USDMXN,2019-06-28,19.172849655151367
USDMXN,2019-07-01,19.136999130249023
USDMXN,2019-07-02,19.099899291992188
USDMXN,2019-07-03,19.04400062561035
USDMXN,2019-07-04,19.003799438476562
USDMXN,2019-07-05,19.00383949279785
USDMXN,2019-07-08,18.99489974975586
USDMXN,2019-07-09,18.933290481567383
USDMXN,2019-07-10,19.160459518432617
USDMXN,2019-07-11,19.12849998474121
USDMXN,2019-07-12,19.067289352416992
USDMXN,2019-07-15,18.987590789794922
USDMXN,2019-07-16,18.965999603271484
USDMXN,2019-07-17,19.089599609375
USDMXN,2019-07-18,19.057899475097656
USDMXN,2019-07-19,18.95669937133789
USDMXN,2019-07-22,19.01259994506836
USDMXN,2019-07-23,19.039199829101562
USDMXN,2019-07-24,19.168399810791016
USDMXN,2019-07-25,19.058399200439453
USDMXN,2019-07-26,19.026199340820312
USDMXN,2019-07-29,19.030960083007812
USDMXN,2019-07-30,19.04669952392578
USDMXN,2019-07-31,19.055400848388672
USDMXN,2019-08-01,19.136499404907227
USDMXN,2019-08-02,19.21030044555664
USDMXN,2019-08-05,19.338430404663086
USDMXN,2019-08-06,19.680299758911133
USDMXN,2019-08-07,19.595869064331055
USDMXN,2019-08-08,19.632299423217773
USDMXN,2019-08-09,19.427650451660156
USDMXN,2019-08-12,19.425600051879883
USDMXN,2019-08-13,19.58449935913086
USDMXN,2019-08-14,19.378740310668945
USDMXN,2019-08-15,19.654659271240234
USDMXN,2019-08-16,19.598600387573242
USDMXN,2019-08-19,19.622299194335938
USDMXN,2019-08-20,19.87310028076172
USDMXN,2019-08-21,19.750499725341797
USDMXN,2019-08-22,19.671899795532227
USDMXN,2019-08-23,19.799699783325195
USDMXN,2019-08-26,20.00429916381836
USDMXN,2019-08-27,19.93589973449707
USDMXN,2019-08-28,19.974000930786133
USDMXN,2019-08-29,20.139400482177734
USDMXN,2019-08-30,20.120800018310547
USDMXN,2019-09-02,20.093799591064453
USDMXN,2019-09-03,20.12445068359375
USDMXN,2019-09-04,19.9606990814209
USDMXN,2019-09-05,19.685699462890625
USDMXN,2019-09-06,19.705699920654297
USDMXN,2019-09-09,19.541139602661133
USDMXN,2019-09-10,19.555500030517578
USDMXN,2019-09-11,19.492000579833984
USDMXN,2019-09-12,19.499399185180664
USDMXN,2019-09-13,19.428499221801758
USDMXN,2019-09-16,19.398099899291992
USDMXN,2019-09-17,19.422399520874023
USDMXN,2019-09-18,19.352800369262695
USDMXN,2019-09-19,19.396699905395508
USDMXN,2019-09-20,19.42919921875
USDMXN,2019-09-23,19.418899536132812
USDMXN,2019-09-24,19.47599983215332
USDMXN,2019-09-25,19.435699462890625
USDMXN,2019-09-26,19.566999435424805
USDMXN,2019-09-27,19.65703010559082
USDMXN,2019-09-30,19.678699493408203
USDMXN,2019-10-01,19.734819412231445
USDMXN,2019-10-02,19.803800582885742
USDMXN,2019-10-03,19.783700942993164
USDMXN,2019-10-04,19.65304946899414
USDMXN,2019-10-07,19.52079963684082
USDMXN,2019-10-08,19.570899963378906
USDMXN,2019-10-09,19.625200271606445
USDMXN,2019-10-10,19.58489990234375
USDMXN,2019-10-11,19.43470001220703
USDMXN,2019-10-14,19.3080997467041
USDMXN,2019-10-15,19.269350051879883
USDMXN,2019-10-16,19.230649948120117
USDMXN,2019-10-17,19.194900512695312
USDMXN,2019-10-18,19.179800033569336
USDMXN,2019-10-21,19.117700576782227
USDMXN,2019-10-22,19.12179946899414
USDMXN,2019-10-23,19.140689849853516
USDMXN,2019-10-24,19.101600646972656
USDMXN,2019-10-25,19.117900848388672
USDMXN,2019-10-28,19.0393009185791
USDMXN,2019-10-29,19.110200881958008
USDMXN,2019-10-30,19.107200622558594
USDMXN,2019-10-31,19.092920303344727
USDMXN,2019-11-01,19.238800048828125
USDMXN,2019-11-04,19.084999084472656
USDMXN,2019-11-05,19.16790008544922
USDMXN,2019-11-06,19.186800003051758
USDMXN,2019-11-07,19.150699615478516
USDMXN,2019-11-08,19.121599197387695
USDMXN,2019-11-11,19.109500885009766
USDMXN,2019-11-12,19.111499786376953
USDMXN,2019-11-13,19.2987003326416
USDMXN,2019-11-14,19.365219116210938
USDMXN,2019-11-15,19.312700271606445
USDMXN,2019-11-18,19.19879913330078
USDMXN,2019-11-19,19.317190170288086
USDMXN,2019-11-20,19.358539581298828
USDMXN,2019-11-21,19.46969985961914
USDMXN,2019-11-22,19.386850357055664
USDMXN,2019-11-25,19.344999313354492
USDMXN,2019-11-26,19.44515037536621
USDMXN,2019-11-27,19.507299423217773
USDMXN,2019-11-28,19.554649353027344
USDMXN,2019-11-29,19.4914493560791
USDMXN,2019-12-02,19.53594970703125
USDMXN,2019-12-03,19.573999404907227
USDMXN,2019-12-04,19.54949951171875
USDMXN,2019-12-05,19.431100845336914
USDMXN,2019-12-06,19.363000869750977
USDMXN,2019-12-09,19.254749298095703
USDMXN,2019-12-10,19.229999542236328
USDMXN,2019-12-11,19.249900817871094
USDMXN,2019-12-12,19.101299285888672
USDMXN,2019-12-13,18.98200035095215
USDMXN,2019-12-16,19.03420066833496
USDMXN,2019-12-17,18.936189651489258
USDMXN,2019-12-18,18.91754913330078
USDMXN,2019-12-19,18.975500106811523
USDMXN,2019-12-20,18.909000396728516
USDMXN,2019-12-23,18.941299438476562
USDMXN,2019-12-24,18.934499740600586
USDMXN,2019-12-25,18.96269989013672
USDMXN,2019-12-26,18.95210075378418
USDMXN,2019-12-27,18.928499221801758
USDMXN,2019-12-30,18.827899932861328
USDMXN,2019-12-31,18.917699813842773
USDMXN,2020-01-01,18.917400360107422
USDMXN,2020-01-02,18.898799896240234
USDMXN,2020-01-03,18.830299377441406
USDMXN,2020-01-06,18.944759368896484
USDMXN,2020-01-07,18.841449737548828
USDMXN,2020-01-08,18.96419906616211
USDMXN,2020-01-09,18.81399917602539
USDMXN,2020-01-10,18.834800720214844
USDMXN,2020-01-13,18.79762077331543
USDMXN,2020-01-14,18.79010009765625
USDMXN,2020-01-15,18.793800354003906
USDMXN,2020-01-16,18.782699584960938
USDMXN,2020-01-17,18.76300048828125
USDMXN,2020-01-20,18.656299591064453
USDMXN,2020-01-21,18.65369987487793
USDMXN,2020-01-22,18.7593994140625
USDMXN,2020-01-23,18.700410842895508
USDMXN,2020-01-24,18.74920082092285
USDMXN,2020-01-27,18.862499237060547
USDMXN,2020-01-28,18.892000198364258
USDMXN,2020-01-29,18.724050521850586
USDMXN,2020-01-30,18.681900024414062
USDMXN,2020-01-31,18.780799865722656
USDMXN,2020-02-03,18.866409301757812
USDMXN,2020-02-04,18.81439971923828
USDMXN,2020-02-05,18.671289443969727
USDMXN,2020-02-06,18.587600708007812
USDMXN,2020-02-07,18.639699935913086
USDMXN,2020-02-10,18.800249099731445
USDMXN,2020-02-11,18.702699661254883
USDMXN,2020-02-12,18.642000198364258
USDMXN,2020-02-13,18.640399932861328
USDMXN,2020-02-14,18.59510040283203
USDMXN,2020-02-17,18.542999267578125
USDMXN,2020-02-18,18.549999237060547
USDMXN,2020-02-19,18.58894920349121
USDMXN,2020-02-20,18.550100326538086
USDMXN,2020-02-21,18.847400665283203
USDMXN,2020-02-24,19.007709503173828
USDMXN,2020-02-25,19.03660011291504
USDMXN,2020-02-26,19.059999465942383
USDMXN,2020-02-27,19.286619186401367
USDMXN,2020-02-28,19.458969116210938
USDMXN,2020-03-02,19.82309913635254
USDMXN,2020-03-03,19.405000686645508
USDMXN,2020-03-04,19.43160057067871
USDMXN,2020-03-05,19.517200469970703
USDMXN,2020-03-06,19.81450080871582
USDMXN,2020-03-09,21.0575008392334
USDMXN,2020-03-10,20.81222915649414
USDMXN,2020-03-11,20.789400100708008
USDMXN,2020-03-12,21.41659927368164
USDMXN,2020-03-13,21.967199325561523
USDMXN,2020-03-16,21.808610916137695
USDMXN,2020-03-17,22.600990295410156
USDMXN,2020-03-18,22.960599899291992
USDMXN,2020-03-19,23.64971923828125
USDMXN,2020-03-20,24.0457706451416
USDMXN,2020-03-23,24.7462100982666
USDMXN,2020-03-24,25.336200714111328
USDMXN,2020-03-25,24.768699645996094
USDMXN,2020-03-26,24.008100509643555
USDMXN,2020-03-27,23.23710060119629
USDMXN,2020-03-30,23.594600677490234
USDMXN,2020-03-31,23.83300018310547
USDMXN,2020-04-01,23.750999450683594
USDMXN,2020-04-02,24.215530395507812
USDMXN,2020-04-03,24.235300064086914
USDMXN,2020-04-06,25.261999130249023
USDMXN,2020-04-07,24.542400360107422
USDMXN,2020-04-08,24.31159019470215
USDMXN,2020-04-09,23.984500885009766
USDMXN,2020-04-10,23.67639923095703
USDMXN,2020-04-13,23.446800231933594
USDMXN,2020-04-14,23.5851993560791
USDMXN,2020-04-15,23.36199951171875
USDMXN,2020-04-16,24.239200592041016
USDMXN,2020-04-17,23.76020050048828
USDMXN,2020-04-20,24.026649475097656
USDMXN,2020-04-21,24.010719299316406
USDMXN,2020-04-22,24.368600845336914
USDMXN,2020-04-23,24.479299545288086
USDMXN,2020-04-24,24.766550064086914
USDMXN,2020-04-27,24.98579978942871
USDMXN,2020-04-28,24.74970054626465
USDMXN,2020-04-29,24.283599853515625
USDMXN,2020-04-30,23.742000579833984
USDMXN,2020-05-01,24.21430015563965
USDMXN,2020-05-04,24.834489822387695
USDMXN,2020-05-05,24.090200424194336
USDMXN,2020-05-06,23.973499298095703
USDMXN,2020-05-07,24.427499771118164
USDMXN,2020-05-08,24.02206039428711
USDMXN,2020-05-11,23.625099182128906
USDMXN,2020-05-12,23.920089721679688
USDMXN,2020-05-13,24.363279342651367
USDMXN,2020-05-14,24.185699462890625
USDMXN,2020-05-15,23.851299285888672
USDMXN,2020-05-18,23.934009552001953
USDMXN,2020-05-19,23.731300354003906
USDMXN,2020-05-20,23.665359497070312
USDMXN,2020-05-21,23.195499420166016
USDMXN,2020-05-22,22.870180130004883
USDMXN,2020-05-25,22.663789749145508
USDMXN,2020-05-26,22.545499801635742
USDMXN,2020-05-27,22.211999893188477
USDMXN,2020-05-28,22.31138038635254
USDMXN,2020-05-29,22.19890022277832
USDMXN,2020-06-01,22.182300567626953
USDMXN,2020-06-02,22.042400360107422
USDMXN,2020-06-03,21.723800659179688
USDMXN,2020-06-04,21.720800399780273
USDMXN,2020-06-05,21.90247917175293
USDMXN,2020-06-08,21.474899291992188
USDMXN,2020-06-09,21.472999572753906
USDMXN,2020-06-10,21.88743019104004
USDMXN,2020-06-11,21.976980209350586
USDMXN,2020-06-12,22.854660034179688
USDMXN,2020-06-15,22.488540649414062
USDMXN,2020-06-16,22.155460357666016
USDMXN,2020-06-17,22.26922035217285
USDMXN,2020-06-18,22.341400146484375
USDMXN,2020-06-19,22.67639923095703
USDMXN,2020-06-22,22.64150047302246
USDMXN,2020-06-23,22.399099349975586
USDMXN,2020-06-24,22.389150619506836
USDMXN,2020-06-25,22.790279388427734
USDMXN,2020-06-26,22.679399490356445
USDMXN,2020-06-29,23.05470085144043
USDMXN,2020-06-30,23.056570053100586
USDMXN,2020-07-01,23.004499435424805
USDMXN,2020-07-02,22.711599349975586
USDMXN,2020-07-03,22.477819442749023
USDMXN,2020-07-06,22.38545036315918
USDMXN,2020-07-07,22.31100082397461
USDMXN,2020-07-08,22.792699813842773
USDMXN,2020-07-09,22.67180061340332
USDMXN,2020-07-10,22.60260009765625
USDMXN,2020-07-13,22.488399505615234
USDMXN,2020-07-14,22.709800720214844
USDMXN,2020-07-15,22.395999908447266
USDMXN,2020-07-16,22.318199157714844
USDMXN,2020-07-17,22.411680221557617
USDMXN,2020-07-20,22.492469787597656
USDMXN,2020-07-21,22.488540649414062
USDMXN,2020-07-22,22.29680061340332
USDMXN,2020-07-23,22.37017059326172
USDMXN,2020-07-24,22.478200912475586
USDMXN,2020-07-27,22.287200927734375
USDMXN,2020-07-28,21.936100006103516
USDMXN,2020-07-29,21.933399200439453
USDMXN,2020-07-30,21.97249984741211
USDMXN,2020-07-31,21.995399475097656
USDMXN,2020-08-03,22.26059913635254
USDMXN,2020-08-04,22.625699996948242
USDMXN,2020-08-05,22.628400802612305
USDMXN,2020-08-06,22.371639251708984
USDMXN,2020-08-07,22.402849197387695
USDMXN,2020-08-10,22.404619216918945
USDMXN,2020-08-11,22.45709991455078
USDMXN,2020-08-12,22.411399841308594
USDMXN,2020-08-13,22.340900421142578
USDMXN,2020-08-14,22.153900146484375
USDMXN,2020-08-17,21.933500289916992
USDMXN,2020-08-18,22.142200469970703
USDMXN,2020-08-19,22.13129997253418
USDMXN,2020-08-20,22.174789428710938
USDMXN,2020-08-21,22.088300704956055
USDMXN,2020-08-24,21.95966911315918
USDMXN,2020-08-25,21.972999572753906
USDMXN,2020-08-26,21.894699096679688
USDMXN,2020-08-27,21.930870056152344
USDMXN,2020-08-28,22.13290023803711
USDMXN,2020-08-31,21.749900817871094
USDMXN,2020-09-01,21.91254997253418
USDMXN,2020-09-02,21.74530029296875
USDMXN,2020-09-03,21.726900100708008
USDMXN,2020-09-04,21.698699951171875
USDMXN,2020-09-07,21.552949905395508
USDMXN,2020-09-08,21.594200134277344
USDMXN,2020-09-09,21.872419357299805
USDMXN,2020-09-10,21.386999130249023
USDMXN,2020-09-11,21.436649322509766
USDMXN,2020-09-14,21.267499923706055
USDMXN,2020-09-15,21.064800262451172
USDMXN,2020-09-16,21.142000198364258
USDMXN,2020-09-17,20.97916030883789
USDMXN,2020-09-18,20.8927001953125
USDMXN,2020-09-21,21.111759185791016
USDMXN,2020-09-22,21.344839096069336
USDMXN,2020-09-23,21.67449951171875
USDMXN,2020-09-24,22.390399932861328
USDMXN,2020-09-25,22.138439178466797
USDMXN,2020-09-28,22.309370040893555
USDMXN,2020-09-29,22.34910011291504
USDMXN,2020-09-30,22.37350082397461
USDMXN,2020-10-01,22.081600189208984
USDMXN,2020-10-02,21.844730377197266
USDMXN,2020-10-05,21.594999313354492
USDMXN,2020-10-06,21.363250732421875
USDMXN,2020-10-07,21.688230514526367
USDMXN,2020-10-08,21.449800491333008
USDMXN,2020-10-09,21.35586929321289
USDMXN,2020-10-12,21.148590087890625
USDMXN,2020-10-13,21.19890022277832
USDMXN,2020-10-14,21.333480834960938
USDMXN,2020-10-15,21.326169967651367
USDMXN,2020-10-16,21.284099578857422
USDMXN,2020-10-19,21.08880043029785
USDMXN,2020-10-20,21.207250595092773
USDMXN,2020-10-21,21.092599868774414
USDMXN,2020-10-22,21.149269104003906
USDMXN,2020-10-23,20.954200744628906
USDMXN,2020-10-26,20.90243911743164
USDMXN,2020-10-27,20.963790893554688
USDMXN,2020-10-28,21.01930046081543
USDMXN,2020-10-29,21.235599517822266
USDMXN,2020-10-30,21.345600128173828
USDMXN,2020-11-02,21.274450302124023
USDMXN,2020-11-03,21.371950149536133
USDMXN,2020-11-04,21.035709381103516
USDMXN,2020-11-05,20.93440055847168
USDMXN,2020-11-06,20.75550079345703
USDMXN,2020-11-09,20.520360946655273
USDMXN,2020-11-10,20.33530044555664
USDMXN,2020-11-11,20.322099685668945
USDMXN,2020-11-12,20.46430015563965
USDMXN,2020-11-13,20.60325050354004
USDMXN,2020-11-16,20.34473991394043
USDMXN,2020-11-17,20.259950637817383
USDMXN,2020-11-18,20.279489517211914
USDMXN,2020-11-19,20.312679290771484
USDMXN,2020-11-20,20.233400344848633
USDMXN,2020-11-23,20.086719512939453
USDMXN,2020-11-24,20.10154914855957
USDMXN,2020-11-25,20.02511978149414
USDMXN,2020-11-26,19.957599639892578
USDMXN,2020-11-27,20.02910041809082
USDMXN,2020-11-30,20.038070678710938
USDMXN,2020-12-01,20.16160011291504
USDMXN,2020-12-02,20.028749465942383
USDMXN,2020-12-03,19.992399215698242
USDMXN,2020-12-04,19.899200439453125
USDMXN,2020-12-07,19.7810001373291
USDMXN,2020-12-08,19.891019821166992
USDMXN,2020-12-09,19.775999069213867
USDMXN,2020-12-10,19.87611961364746
USDMXN,2020-12-11,19.990699768066406
USDMXN,2020-12-14,20.077800750732422
USDMXN,2020-12-15,20.228239059448242
USDMXN,2020-12-16,19.928279876708984
USDMXN,2020-12-17,19.871240615844727
USDMXN,2020-12-18,19.821500778198242
USDMXN,2020-12-21,20.09394073486328
USDMXN,2020-12-22,19.98240089416504
USDMXN,2020-12-23,20.10379981994629
USDMXN,2020-12-24,20.048900604248047
USDMXN,2020-12-25,19.868000030517578
USDMXN,2020-12-28,19.869680404663086
USDMXN,2020-12-29,20.006250381469727
USDMXN,2020-12-30,19.934999465942383
USDMXN,2020-12-31,19.890899658203125
USDMXN,2021-01-01,19.874500274658203
USDMXN,2021-01-04,19.84749984741211
USDMXN,2021-01-05,19.94244956970215
USDMXN,2021-01-06,19.90220069885254
USDMXN,2021-01-07,19.65576934814453
USDMXN,2021-01-08,20.000099182128906
USDMXN,2021-01-11,20.05048942565918
USDMXN,2021-01-12,20.062400817871094
USDMXN,2021-01-13,19.794429779052734
USDMXN,2021-01-14,19.836349487304688
USDMXN,2021-01-15,19.723350524902344
USDMXN,2021-01-18,19.84351921081543
USDMXN,2021-01-19,19.695650100708008
USDMXN,2021-01-20,19.63599967956543
USDMXN,2021-01-21,19.585010528564453
USDMXN,2021-01-22,19.737060546875
USDMXN,2021-01-25,19.942880630493164
USDMXN,2021-01-26,20.10516929626465
USDMXN,2021-01-27,19.988300323486328
USDMXN,2021-01-28,20.33152961730957
USDMXN,2021-01-29,20.25225067138672
USDMXN,2021-02-01,20.50528907775879
USDMXN,2021-02-02,20.368160247802734
USDMXN,2021-02-03,20.137680053710938
USDMXN,2021-02-04,20.197080612182617
USDMXN,2021-02-05,20.387189865112305
USDMXN,2021-02-08,20.11138916015625
USDMXN,2021-02-09,20.103069305419922
USDMXN,2021-02-10,20.083850860595703
USDMXN,2021-02-11,20.02928924560547
USDMXN,2021-02-12,19.966279983520508
USDMXN,2021-02-15,19.936769485473633
USDMXN,2021-02-16,19.94930076599121
USDMXN,2021-02-17,20.225540161132812
USDMXN,2021-02-18,20.212539672851562
USDMXN,2021-02-19,20.308229446411133
USDMXN,2021-02-22,20.487449645996094
USDMXN,2021-02-23,20.742029190063477
USDMXN,2021-02-24,20.513269424438477
USDMXN,2021-02-25,20.377559661865234
USDMXN,2021-02-26,20.910900115966797
USDMXN,2021-03-01,20.789569854736328
USDMXN,2021-03-02,20.654029846191406
USDMXN,2021-03-03,20.603410720825195
USDMXN,2021-03-04,20.956090927124023
USDMXN,2021-03-05,21.13340950012207
USDMXN,2021-03-08,21.255300521850586
USDMXN,2021-03-09,21.492490768432617
USDMXN,2021-03-10,21.188819885253906
USDMXN,2021-03-11,20.90212059020996
USDMXN,2021-03-12,20.614999771118164
USDMXN,2021-03-15,20.711580276489258
USDMXN,2021-03-16,20.666690826416016
USDMXN,2021-03-17,20.599300384521484
USDMXN,2021-03-18,20.362770080566406
USDMXN,2021-03-19,20.48390007019043
USDMXN,2021-03-22,20.66080093383789
USDMXN,2021-03-23,20.575389862060547
USDMXN,2021-03-24,20.807910919189453
USDMXN,2021-03-25,20.882999420166016
USDMXN,2021-03-26,20.683029174804688
USDMXN,2021-03-29,20.632530212402344
USDMXN,2021-03-30,20.607379913330078
USDMXN,2021-03-31,20.576000213623047
USDMXN,2021-04-01,20.429100036621094
USDMXN,2021-04-02,20.29138946533203
USDMXN,2021-04-05,20.305219650268555
USDMXN,2021-04-06,20.30573081970215
USDMXN,2021-04-07,20.17445945739746
USDMXN,2021-04-08,20.211299896240234
USDMXN,2021-04-09,20.098939895629883
USDMXN,2021-04-12,20.160409927368164
USDMXN,2021-04-13,20.14443016052246
USDMXN,2021-04-14,20.0674991607666
USDMXN,2021-04-15,20.0860595703125
USDMXN,2021-04-16,19.93589973449707
USDMXN,2021-04-19,19.91830062866211
USDMXN,2021-04-20,19.81344985961914
USDMXN,2021-04-21,19.94700050354004
USDMXN,2021-04-22,19.886600494384766
USDMXN,2021-04-23,19.933000564575195
USDMXN,2021-04-26,19.8525390625
USDMXN,2021-04-27,19.858600616455078
USDMXN,2021-04-28,20.03260040283203
USDMXN,2021-04-29,19.89167022705078
USDMXN,2021-04-30,20.02429962158203
USDMXN,2021-05-03,20.19580078125
USDMXN,2021-05-04,20.18779945373535
USDMXN,2021-05-05,20.193899154663086
USDMXN,2021-05-06,20.251169204711914
USDMXN,2021-05-07,20.085100173950195
USDMXN,2021-05-10,19.89240074157715
USDMXN,2021-05-11,19.91295051574707
USDMXN,2021-05-12,19.96368980407715
USDMXN,2021-05-13,20.142000198364258
USDMXN,2021-05-14,19.95039939880371
USDMXN,2021-05-17,19.870399475097656
USDMXN,2021-05-18,19.76129913330078
USDMXN,2021-05-19,19.84787940979004
USDMXN,2021-05-20,19.933000564575195
USDMXN,2021-05-21,19.8887996673584
USDMXN,2021-05-24,19.937349319458008
USDMXN,2021-05-25,19.874000549316406
USDMXN,2021-05-26,19.905799865722656
USDMXN,2021-05-27,19.870800018310547
USDMXN,2021-05-28,19.95185089111328
USDMXN,2021-05-31,19.92609977722168
USDMXN,2021-06-01,19.917499542236328
USDMXN,2021-06-02,19.961200714111328
USDMXN,2021-06-03,19.894800186157227
USDMXN,2021-06-04,20.140399932861328
USDMXN,2021-06-07,19.943899154663086
USDMXN,2021-06-08,19.822399139404297
USDMXN,2021-06-09,19.70207977294922
USDMXN,2021-06-10,19.73027992248535
USDMXN,2021-06-11,19.70319938659668
USDMXN,2021-06-14,19.870899200439453
USDMXN,2021-06-15,19.943099975585938
USDMXN,2021-06-16,20.021299362182617
USDMXN,2021-06-17,20.39788055419922
USDMXN,2021-06-18,20.41069984436035
USDMXN,2021-06-21,20.621999740600586
USDMXN,2021-06-22,20.505849838256836
USDMXN,2021-06-23,20.33930015563965
USDMXN,2021-06-24,20.19586944580078
USDMXN,2021-06-25,19.846900939941406
USDMXN,2021-06-28,19.80820083618164
USDMXN,2021-06-29,19.817169189453125
USDMXN,2021-06-30,19.8031005859375
USDMXN,2021-07-01,19.934429168701172
USDMXN,2021-07-02,20.010099411010742
USDMXN,2021-07-05,19.79810905456543
USDMXN,2021-07-06,19.824899673461914
USDMXN,2021-07-07,20.011659622192383
USDMXN,2021-07-08,19.95039939880371
USDMXN,2021-07-09,19.98110008239746
USDMXN,2021-07-12,19.860700607299805
USDMXN,2021-07-13,19.82740020751953
USDMXN,2021-07-14,20.042200088500977
USDMXN,2021-07-15,19.900949478149414
USDMXN,2021-07-16,19.92938995361328
USDMXN,2021-07-19,19.904199600219727
USDMXN,2021-07-20,20.03809928894043
USDMXN,2021-07-21,20.136049270629883
USDMXN,2021-07-22,20.147140502929688
USDMXN,2021-07-23,20.102750778198242
USDMXN,2021-07-26,20.058300018310547
USDMXN,2021-07-27,20.02429962158203
USDMXN,2021-07-28,19.954099655151367
USDMXN,2021-07-29,19.913799285888672
USDMXN,2021-07-30,19.85140037536621
USDMXN,2021-08-02,19.865699768066406
USDMXN,2021-08-03,19.90169906616211
USDMXN,2021-08-04,19.862600326538086
USDMXN,2021-08-05,19.960399627685547
USDMXN,2021-08-06,19.928260803222656
USDMXN,2021-08-09,20.069799423217773
USDMXN,2021-08-10,20.069869995117188
USDMXN,2021-08-11,20.070499420166016
USDMXN,2021-08-12,19.929500579833984
USDMXN,2021-08-13,19.951379776000977
USDMXN,2021-08-16,19.85770034790039
USDMXN,2021-08-17,19.88010025024414
USDMXN,2021-08-18,19.997549057006836
USDMXN,2021-08-19,20.039039611816406
USDMXN,2021-08-20,20.167200088500977
USDMXN,2021-08-23,20.381500244140625
USDMXN,2021-08-24,20.317949295043945
USDMXN,2021-08-25,20.206100463867188
USDMXN,2021-08-26,20.216100692749023
USDMXN,2021-08-27,20.366500854492188
USDMXN,2021-08-30,20.1643009185791
USDMXN,2021-08-31,20.139249801635742
USDMXN,2021-09-01,20.059600830078125
USDMXN,2021-09-02,19.99774932861328
USDMXN,2021-09-03,19.962350845336914
USDMXN,2021-09-06,19.909000396728516
USDMXN,2021-09-07,19.888099670410156
USDMXN,2021-09-08,19.927799224853516
USDMXN,2021-09-09,19.927499771118164
USDMXN,2021-09-10,19.921600341796875
USDMXN,2021-09-13,19.86549949645996
USDMXN,2021-09-14,19.86199951171875
USDMXN,2021-09-15,19.897300720214844
USDMXN,2021-09-16,19.844499588012695
USDMXN,2021-09-17,19.940549850463867
USDMXN,2021-09-20,20.01849937438965
USDMXN,2021-09-21,20.118940353393555
USDMXN,2021-09-22,20.128700256347656
USDMXN,2021-09-23,20.086759567260742
USDMXN,2021-09-24,20.052900314331055
USDMXN,2021-09-27,20.053499221801758
USDMXN,2021-09-28,20.089500427246094
USDMXN,2021-09-29,20.329769134521484
USDMXN,2021-09-30,20.501100540161133
USDMXN,2021-10-01,20.615400314331055
USDMXN,2021-10-04,20.41819953918457
USDMXN,2021-10-05,20.50160026550293
USDMXN,2021-10-06,20.570199966430664
USDMXN,2021-10-07,20.5575008392334
USDMXN,2021-10-08,20.654130935668945
USDMXN,2021-10-11,20.7231502532959
USDMXN,2021-10-12,20.847000122070312
USDMXN,2021-10-13,20.780000686645508
USDMXN,2021-10-14,20.553699493408203
USDMXN,2021-10-15,20.541799545288086
USDMXN,2021-10-18,20.347000122070312
USDMXN,2021-10-19,20.397499084472656
USDMXN,2021-10-20,20.22209930419922
USDMXN,2021-10-21,20.221500396728516
USDMXN,2021-10-22,20.29319953918457
USDMXN,2021-10-25,20.188899993896484
USDMXN,2021-10-26,20.170499801635742
USDMXN,2021-10-27,20.196910858154297
USDMXN,2021-10-28,20.304800033569336
USDMXN,2021-10-29,20.378400802612305
USDMXN,2021-11-01,20.55270004272461
USDMXN,2021-11-02,20.839599609375
USDMXN,2021-11-03,20.78030014038086
USDMXN,2021-11-04,20.531700134277344
USDMXN,2021-11-05,20.545900344848633
USDMXN,2021-11-08,20.372800827026367
USDMXN,2021-11-09,20.332950592041016
USDMXN,2021-11-10,20.319150924682617
USDMXN,2021-11-11,20.606399536132812
USDMXN,2021-11-12,20.636430740356445
USDMXN,2021-11-15,20.52419090270996
USDMXN,2021-11-16,20.59480094909668
USDMXN,2021-11-17,20.753799438476562
USDMXN,2021-11-18,20.64539909362793
USDMXN,2021-11-19,20.75950050354004
USDMXN,2021-11-22,20.86083984375
USDMXN,2021-11-23,20.99370002746582
USDMXN,2021-11-24,21.265499114990234
USDMXN,2021-11-25,21.40089988708496
USDMXN,2021-11-26,21.624500274658203
USDMXN,2021-11-29,21.72960090637207
USDMXN,2021-11-30,21.68079948425293
USDMXN,2021-12-01,21.411800384521484
USDMXN,2021-12-02,21.471569061279297
USDMXN,2021-12-03,21.30854034423828
USDMXN,2021-12-06,21.22100067138672
USDMXN,2021-12-07,21.22369956970215
USDMXN,2021-12-08,21.028200149536133
USDMXN,2021-12-09,20.925800323486328
USDMXN,2021-12-10,20.950700759887695
USDMXN,2021-12-13,20.876300811767578
USDMXN,2021-12-14,20.993600845336914
USDMXN,2021-12-15,21.218900680541992
USDMXN,2021-12-16,21.033199310302734
USDMXN,2021-12-17,20.819400787353516
USDMXN,2021-12-20,20.829299926757812
USDMXN,2021-12-21,20.755399703979492
USDMXN,2021-12-22,20.822500228881836
USDMXN,2021-12-23,20.710399627685547
USDMXN,2021-12-24,20.62809944152832
USDMXN,2021-12-27,20.607200622558594
USDMXN,2021-12-28,20.6835994720459
USDMXN,2021-12-29,20.662200927734375
USDMXN,2021-12-30,20.558000564575195
USDMXN,2021-12-31,20.4591007232666
USDMXN,2022-01-03,20.481599807739258
USDMXN,2022-01-04,20.486000061035156
USDMXN,2022-01-05,20.52199935913086
USDMXN,2022-01-06,20.56369972229004
USDMXN,2022-01-07,20.493099212646484
USDMXN,2022-01-10,20.390470504760742
USDMXN,2022-01-11,20.358200073242188
USDMXN,2022-01-12,20.39051055908203
USDMXN,2022-01-13,20.362850189208984
USDMXN,2022-01-14,20.333669662475586
USDMXN,2022-01-17,20.301000595092773
USDMXN,2022-01-18,20.289499282836914
USDMXN,2022-01-19,20.398799896240234
USDMXN,2022-01-20,20.500499725341797
USDMXN,2022-01-21,20.530719757080078
USDMXN,2022-01-24,20.448150634765625
USDMXN,2022-01-25,20.573829650878906
USDMXN,2022-01-26,20.60700035095215
USDMXN,2022-01-27,20.71540069580078
USDMXN,2022-01-28,20.76740074157715
USDMXN,2022-01-31,20.82900047302246
USDMXN,2022-02-01,20.625900268554688
USDMXN,2022-02-02,20.545700073242188
USDMXN,2022-02-03,20.601200103759766
USDMXN,2022-02-04,20.564599990844727
USDMXN,2022-02-07,20.653600692749023
USDMXN,2022-02-08,20.580799102783203
USDMXN,2022-02-09,20.597620010375977
USDMXN,2022-02-10,20.48784065246582
USDMXN,2022-02-11,20.557199478149414
USDMXN,2022-02-14,20.510440826416016
USDMXN,2022-02-15,20.40899085998535
USDMXN,2022-02-16,20.383800506591797
USDMXN,2022-02-17,20.286399841308594
USDMXN,2022-02-18,20.29159927368164
USDMXN,2022-02-21,20.295249938964844
USDMXN,2022-02-22,20.322980880737305
USDMXN,2022-02-23,20.29439926147461
USDMXN,2022-02-24,20.231700897216797
USDMXN,2022-02-25,20.563369750976562
USDMXN,2022-02-28,20.573139190673828
USDMXN,2022-03-01,20.4606990814209
USDMXN,2022-03-02,20.64310073852539
USDMXN,2022-03-03,20.642549514770508
USDMXN,2022-03-04,20.63939094543457
USDMXN,2022-03-07,20.96925926208496
USDMXN,2022-03-08,21.305349349975586
USDMXN,2022-03-09,21.362390518188477
USDMXN,2022-03-10,20.905189514160156
USDMXN,2022-03-11,20.91200065612793
USDMXN,2022-03-14,20.887510299682617
USDMXN,2022-03-15,20.90036964416504
USDMXN,2022-03-16,20.812599182128906
USDMXN,2022-03-17,20.630699157714844
USDMXN,2022-03-18,20.514089584350586
USDMXN,2022-03-21,20.381149291992188
USDMXN,2022-03-22,20.381900787353516
USDMXN,2022-03-23,20.272199630737305
USDMXN,2022-03-24,20.226640701293945
USDMXN,2022-03-25,20.066299438476562
USDMXN,2022-03-28,20.030149459838867
USDMXN,2022-03-29,20.091249465942383
USDMXN,2022-03-30,19.965599060058594
USDMXN,2022-03-31,19.878150939941406
USDMXN,2022-04-01,19.875200271606445
USDMXN,2022-04-04,19.8572998046875
USDMXN,2022-04-05,19.8093204498291
USDMXN,2022-04-06,19.98259925842285
USDMXN,2022-04-07,20.161460876464844
USDMXN,2022-04-08,20.130319595336914
USDMXN,2022-04-11,20.064849853515625
USDMXN,2022-04-12,19.941940307617188
USDMXN,2022-04-13,19.80328941345215
USDMXN,2022-04-14,19.76129913330078
USDMXN,2022-04-15,19.962299346923828
USDMXN,2022-04-18,19.95359992980957
USDMXN,2022-04-19,19.79520034790039
USDMXN,2022-04-20,20.018110275268555
USDMXN,2022-04-21,19.97369956970215
USDMXN,2022-04-22,20.184650421142578
USDMXN,2022-04-25,20.23200035095215
USDMXN,2022-04-26,20.214599609375
USDMXN,2022-04-27,20.380319595336914
USDMXN,2022-04-28,20.372299194335938
USDMXN,2022-04-29,20.441299438476562
USDMXN,2022-05-02,20.41737937927246
USDMXN,2022-05-03,20.448200225830078
USDMXN,2022-05-04,20.280059814453125
USDMXN,2022-05-05,20.038259506225586
USDMXN,2022-05-06,20.21470069885254
USDMXN,2022-05-09,20.176300048828125
USDMXN,2022-05-10,20.3635196685791
USDMXN,2022-05-11,20.380359649658203
USDMXN,2022-05-12,20.319730758666992
USDMXN,2022-05-13,20.172700881958008
USDMXN,2022-05-16,20.09126091003418
USDMXN,2022-05-17,20.019100189208984
USDMXN,2022-05-18,19.93549919128418
USDMXN,2022-05-19,20.023000717163086
USDMXN,2022-05-20,19.923599243164062
USDMXN,2022-05-23,19.84942054748535
USDMXN,2022-05-24,19.917959213256836
USDMXN,2022-05-25,19.84269905090332
USDMXN,2022-05-26,19.818199157714844
USDMXN,2022-05-27,19.75189971923828
USDMXN,2022-05-30,19.56999969482422
USDMXN,2022-05-31,19.531299591064453
USDMXN,2022-06-01,19.648740768432617
USDMXN,2022-06-02,19.71306037902832
USDMXN,2022-06-03,19.52790069580078
USDMXN,2022-06-06,19.54521942138672
USDMXN,2022-06-07,19.555299758911133
USDMXN,2022-06-08,19.57670021057129
USDMXN,2022-06-09,19.587099075317383
USDMXN,2022-06-10,19.676300048828125
USDMXN,2022-06-13,20.019460678100586
USDMXN,2022-06-14,20.466800689697266
USDMXN,2022-06-15,20.560659408569336
USDMXN,2022-06-16,20.222150802612305
USDMXN,2022-06-17,20.397199630737305
USDMXN,2022-06-20,20.294309616088867
USDMXN,2022-06-21,20.26849937438965
USDMXN,2022-06-22,20.136999130249023
USDMXN,2022-06-23,20.04949951171875
USDMXN,2022-06-24,20.009899139404297
USDMXN,2022-06-27,19.892559051513672
USDMXN,2022-06-28,19.90290069580078
USDMXN,2022-06-29,20.1466007232666
USDMXN,2022-06-30,20.130359649658203
USDMXN,2022-07-01,20.102949142456055
USDMXN,2022-07-04,20.250200271606445
USDMXN,2022-07-05,20.268400192260742
USDMXN,2022-07-06,20.522899627685547
USDMXN,2022-07-07,20.64109992980957
USDMXN,2022-07-08,20.493999481201172
USDMXN,2022-07-11,20.46269989013672
USDMXN,2022-07-12,20.721200942993164
USDMXN,2022-07-13,20.8664608001709
USDMXN,2022-07-14,20.790800094604492
USDMXN,2022-07-15,20.805889129638672
USDMXN,2022-07-18,20.49959945678711
USDMXN,2022-07-19,20.44502067565918
USDMXN,2022-07-20,20.519800186157227
USDMXN,2022-07-21,20.54210090637207
USDMXN,2022-07-22,20.65410041809082
USDMXN,2022-07-25,20.53459930419922
USDMXN,2022-07-26,20.450700759887695
USDMXN,2022-07-27,20.453699111938477
USDMXN,2022-07-28,20.373300552368164
USDMXN,2022-07-29,20.281200408935547
USDMXN,2022-08-01,20.374500274658203
USDMXN,2022-08-02,20.383499145507812
USDMXN,2022-08-03,20.810909271240234
USDMXN,2022-08-04,20.492700576782227
USDMXN,2022-08-05,20.323699951171875
USDMXN,2022-08-08,20.42140007019043
USDMXN,2022-08-09,20.2406005859375
USDMXN,2022-08-10,20.239999771118164
USDMXN,2022-08-11,20.015100479125977
USDMXN,2022-08-12,19.93320083618164
USDMXN,2022-08-15,19.85363006591797
USDMXN,2022-08-16,19.808300018310547
USDMXN,2022-08-17,19.903539657592773
USDMXN,2022-08-18,19.970399856567383
USDMXN,2022-08-19,20.130159378051758
USDMXN,2022-08-22,20.189050674438477
USDMXN,2022-08-23,20.12689971923828
USDMXN,2022-08-24,19.983680725097656
USDMXN,2022-08-25,19.902599334716797
USDMXN,2022-08-26,19.919099807739258
USDMXN,2022-08-29,20.067800521850586
USDMXN,2022-08-30,19.984800338745117
USDMXN,2022-08-31,20.127300262451172
USDMXN,2022-09-01,20.186660766601562
USDMXN,2022-09-02,20.166900634765625
USDMXN,2022-09-05,19.970500946044922
USDMXN,2022-09-06,19.965599060058594
USDMXN,2022-09-07,20.131500244140625
USDMXN,2022-09-08,19.981800079345703
USDMXN,2022-09-09,19.933500289916992
USDMXN,2022-09-12,19.859100341796875
USDMXN,2022-09-13,19.830020904541016
USDMXN,2022-09-14,20.03190040588379
USDMXN,2022-09-15,19.95159912109375
USDMXN,2022-09-16,20.08099937438965
USDMXN,2022-09-19,20.03022003173828
USDMXN,2022-09-20,19.903099060058594
USDMXN,2022-09-21,19.976299285888672
USDMXN,2022-09-22,20.044099807739258
USDMXN,2022-09-23,19.919200897216797
USDMXN,2022-09-26,20.211259841918945
USDMXN,2022-09-27,20.37074089050293
USDMXN,2022-09-28,20.368629455566406
USDMXN,2022-09-29,20.18494987487793
USDMXN,2022-09-30,20.12455940246582
USDMXN,2022-10-03,20.117389678955078
USDMXN,2022-10-04,20.00670051574707
USDMXN,2022-10-05,19.965190887451172
USDMXN,2022-10-06,20.03380012512207
USDMXN,2022-10-07,20.100099563598633
USDMXN,2022-10-10,20.029800415039062
USDMXN,2022-10-11,19.94029998779297
USDMXN,2022-10-12,20.06555938720703
USDMXN,2022-10-13,19.97319984436035
USDMXN,2022-10-14,19.97570037841797
USDMXN,2022-10-17,20.015899658203125
USDMXN,2022-10-18,19.971799850463867
USDMXN,2022-10-19,20.01889991760254
USDMXN,2022-10-20,20.127410888671875
USDMXN,2022-10-21,20.042760848999023
USDMXN,2022-10-24,19.9325008392334
USDMXN,2022-10-25,19.908100128173828
USDMXN,2022-10-26,19.866600036621094
USDMXN,2022-10-27,19.943029403686523
USDMXN,2022-10-28,19.840309143066406
USDMXN,2022-10-31,19.820199966430664
USDMXN,2022-11-01,19.79319953918457
USDMXN,2022-11-02,19.724899291992188
USDMXN,2022-11-03,19.67840003967285
USDMXN,2022-11-04,19.670270919799805
USDMXN,2022-11-07,19.5633602142334
USDMXN,2022-11-08,19.443099975585938
USDMXN,2022-11-09,19.537620544433594
USDMXN,2022-11-10,19.56209945678711
USDMXN,2022-11-11,19.315509796142578
USDMXN,2022-11-14,19.514429092407227
USDMXN,2022-11-15,19.33919906616211
USDMXN,2022-11-16,19.34119987487793
USDMXN,2022-11-17,19.33333969116211
USDMXN,2022-11-18,19.399900436401367
USDMXN,2022-11-21,19.443199157714844
USDMXN,2022-11-22,19.531600952148438
USDMXN,2022-11-23,19.441909790039062
USDMXN,2022-11-24,19.334999084472656
USDMXN,2022-11-25,19.38129997253418
USDMXN,2022-11-28,19.34354019165039
USDMXN,2022-11-29,19.296300888061523
USDMXN,2022-11-30,19.23200035095215
USDMXN,2022-12-01,19.264850616455078
USDMXN,2022-12-02,19.128299713134766
USDMXN,2022-12-05,19.38298988342285
USDMXN,2022-12-06,19.721399307250977
USDMXN,2022-12-07,19.7544002532959
USDMXN,2022-12-08,19.666900634765625
USDMXN,2022-12-09,19.621559143066406
USDMXN,2022-12-12,19.786699295043945
USDMXN,2022-12-13,19.847299575805664
USDMXN,2022-12-14,19.542020797729492
USDMXN,2022-12-15,19.609399795532227
USDMXN,2022-12-16,19.74959945678711
USDMXN,2022-12-19,19.79690933227539
USDMXN,2022-12-20,19.787599563598633
USDMXN,2022-12-21,19.754199981689453
USDMXN,2022-12-22,19.659589767456055
USDMXN,2022-12-23,19.559499740600586
USDMXN,2022-12-26,19.337390899658203
USDMXN,2022-12-27,19.363069534301758
USDMXN,2022-12-28,19.462099075317383
USDMXN,2022-12-29,19.422300338745117
USDMXN,2022-12-30,19.457599639892578
USDMXN,2023-01-02,19.44659996032715
USDMXN,2023-01-03,19.458799362182617
USDMXN,2023-01-04,19.40760040283203
USDMXN,2023-01-05,19.38680076599121
USDMXN,2023-01-06,19.31855010986328
USDMXN,2023-01-09,19.124300003051758
USDMXN,2023-01-10,19.124500274658203
USDMXN,2023-01-11,19.059600830078125
USDMXN,2023-01-12,18.942399978637695
USDMXN,2023-01-13,18.844310760498047
USDMXN,2023-01-16,18.774200439453125
USDMXN,2023-01-17,18.77790069580078
USDMXN,2023-01-18,18.64150047302246
USDMXN,2023-01-19,18.874059677124023
USDMXN,2023-01-20,18.98270034790039
USDMXN,2023-01-23,18.857770919799805
USDMXN,2023-01-24,18.81325912475586
USDMXN,2023-01-25,18.783599853515625
USDMXN,2023-01-26,18.776199340820312
USDMXN,2023-01-27,18.79669952392578
USDMXN,2023-01-30,18.768749237060547
USDMXN,2023-01-31,18.75860023498535
USDMXN,2023-02-01,18.842870712280273
USDMXN,2023-02-02,18.58289909362793
USDMXN,2023-02-03,18.641399383544922
USDMXN,2023-02-06,18.990869522094727
USDMXN,2023-02-07,19.167999267578125
USDMXN,2023-02-08,18.881500244140625
USDMXN,2023-02-09,18.934450149536133
USDMXN,2023-02-10,18.77829933166504
USDMXN,2023-02-13,18.67840003967285
USDMXN,2023-02-14,18.565040588378906
USDMXN,2023-02-15,18.50480079650879
USDMXN,2023-02-16,18.584550857543945
USDMXN,2023-02-17,18.54871940612793
USDMXN,2023-02-20,18.36737060546875
USDMXN,2023-02-21,18.38520050048828
USDMXN,2023-02-22,18.429899215698242
USDMXN,2023-02-23,18.364580154418945
USDMXN,2023-02-24,18.36865997314453
USDMXN,2023-02-27,18.39133071899414
USDMXN,2023-02-28,18.366899490356445
USDMXN,2023-03-01,18.300939559936523
USDMXN,2023-03-02,18.115970611572266
USDMXN,2023-03-03,18.105300903320312
USDMXN,2023-03-06,17.97800064086914
USDMXN,2023-03-07,18.00135040283203
USDMXN,2023-03-08,18.100099563598633
USDMXN,2023-03-09,17.97075080871582
USDMXN,2023-03-10,18.329639434814453
USDMXN,2023-03-13,18.31702995300293
USDMXN,2023-03-14,18.91908073425293
USDMXN,2023-03-15,18.600500106811523
USDMXN,2023-03-16,18.991899490356445
USDMXN,2023-03-17,18.769390106201172
USDMXN,2023-03-20,18.843420028686523
USDMXN,2023-03-21,18.814599990844727
USDMXN,2023-03-22,18.62405014038086
USDMXN,2023-03-23,18.593360900878906
USDMXN,2023-03-24,18.567899703979492
USDMXN,2023-03-27,18.427059173583984
USDMXN,2023-03-28,18.318599700927734
USDMXN,2023-03-29,18.219200134277344
USDMXN,2023-03-30,18.094030380249023
USDMXN,2023-03-31,18.089550018310547
USDMXN,2023-04-03,18.03915023803711
USDMXN,2023-04-04,18.087570190429688
USDMXN,2023-04-05,18.112499237060547
USDMXN,2023-04-06,18.308799743652344
USDMXN,2023-04-07,18.227100372314453
USDMXN,2023-04-10,18.134700775146484
USDMXN,2023-04-11,18.14310073852539
USDMXN,2023-04-12,18.158899307250977
USDMXN,2023-04-13,18.055099487304688
USDMXN,2023-04-14,18.018999099731445
USDMXN,2023-04-17,17.99287986755371
USDMXN,2023-04-18,18.03219985961914
USDMXN,2023-04-19,18.043489456176758
USDMXN,2023-04-20,18.04050064086914
USDMXN,2023-04-21,17.997909545898438
USDMXN,2023-04-24,17.997140884399414
USDMXN,2023-04-25,17.965200424194336
USDMXN,2023-04-26,18.0403995513916
USDMXN,2023-04-27,18.158550262451172
USDMXN,2023-04-28,18.024499893188477
USDMXN,2023-05-01,17.99139976501465
USDMXN,2023-05-02,17.93769073486328
USDMXN,2023-05-03,17.97426986694336
USDMXN,2023-05-04,17.956100463867188
USDMXN,2023-05-05,17.89937973022461
USDMXN,2023-05-08,17.76626968383789
USDMXN,2023-05-09,17.787580490112305
USDMXN,2023-05-10,17.743499755859375
USDMXN,2023-05-11,17.537200927734375
USDMXN,2023-05-12,17.57469940185547
USDMXN,2023-05-15,17.596250534057617
USDMXN,2023-05-16,17.4330997467041
USDMXN,2023-05-17,17.480300903320312
USDMXN,2023-05-18,17.606769561767578
USDMXN,2023-05-19,17.715700149536133
USDMXN,2023-05-22,17.7460994720459
USDMXN,2023-05-23,17.879899978637695
USDMXN,2023-05-24,17.958200454711914
USDMXN,2023-05-25,17.799930572509766
USDMXN,2023-05-26,17.84630012512207
USDMXN,2023-05-29,17.60219955444336
USDMXN,2023-05-30,17.598819732666016
USDMXN,2023-05-31,17.65570068359375
USDMXN,2023-06-01,17.67650032043457
USDMXN,2023-06-02,17.538799285888672
USDMXN,2023-06-05,17.550399780273438
USDMXN,2023-06-06,17.445899963378906
USDMXN,2023-06-07,17.367700576782227
USDMXN,2023-06-08,17.355289459228516
USDMXN,2023-06-09,17.37220001220703
USDMXN,2023-06-12,17.27090072631836
USDMXN,2023-06-13,17.2841796875
USDMXN,2023-06-14,17.233789443969727
USDMXN,2023-06-15,17.127399444580078
USDMXN,2023-06-16,17.12636947631836
USDMXN,2023-06-19,17.0669002532959
USDMXN,2023-06-20,17.072999954223633
USDMXN,2023-06-21,17.20363998413086
USDMXN,2023-06-22,17.11750030517578
USDMXN,2023-06-23,17.170000076293945
USDMXN,2023-06-26,17.1471004486084
USDMXN,2023-06-27,17.117000579833984
USDMXN,2023-06-28,17.076499938964844
USDMXN,2023-06-29,17.08289909362793
USDMXN,2023-06-30,17.10610008239746
USDMXN,2023-07-03,17.12080955505371
USDMXN,2023-07-04,17.047000885009766
USDMXN,2023-07-05,17.035499572753906
USDMXN,2023-07-06,17.006080627441406
USDMXN,2023-07-07,17.231609344482422
USDMXN,2023-07-10,17.147850036621094
USDMXN,2023-07-11,17.0447998046875
USDMXN,2023-07-12,17.028900146484375
USDMXN,2023-07-13,16.89642906188965
USDMXN,2023-07-14,16.846630096435547
USDMXN,2023-07-17,16.73870086669922
USDMXN,2023-07-18,16.713699340820312
USDMXN,2023-07-19,16.75214958190918
USDMXN,2023-07-20,16.711870193481445
USDMXN,2023-07-21,16.86590003967285
USDMXN,2023-07-24,16.974300384521484
USDMXN,2023-07-25,16.826099395751953
USDMXN,2023-07-26,16.926700592041016
USDMXN,2023-07-27,16.86244010925293
USDMXN,2023-07-28,16.84709930419922
USDMXN,2023-07-31,16.68090057373047
USDMXN,2023-08-01,16.738100051879883
USDMXN,2023-08-02,16.8735294342041
USDMXN,2023-08-03,17.00079917907715
USDMXN,2023-08-04,17.318199157714844
USDMXN,2023-08-07,17.08099937438965
USDMXN,2023-08-08,17.064699172973633
USDMXN,2023-08-09,17.106399536132812
USDMXN,2023-08-10,17.059289932250977
USDMXN,2023-08-11,17.067699432373047
USDMXN,2023-08-14,16.993989944458008
USDMXN,2023-08-15,17.045299530029297
USDMXN,2023-08-16,17.12866973876953
USDMXN,2023-08-17,17.14409065246582
USDMXN,2023-08-18,17.09787940979004
USDMXN,2023-08-21,17.026100158691406
USDMXN,2023-08-22,17.012800216674805
USDMXN,2023-08-23,16.906450271606445
USDMXN,2023-08-24,16.77910041809082
USDMXN,2023-08-25,16.830610275268555
USDMXN,2023-08-28,16.718799591064453
USDMXN,2023-08-29,16.785999298095703
USDMXN,2023-08-30,16.786699295043945
USDMXN,2023-08-31,16.757129669189453
USDMXN,2023-09-01,16.998220443725586
USDMXN,2023-09-04,17.073270797729492
USDMXN,2023-09-05,17.17608070373535
USDMXN,2023-09-06,17.382600784301758
USDMXN,2023-09-07,17.578899383544922
USDMXN,2023-09-08,17.577299118041992
USDMXN,2023-09-11,17.543140411376953
USDMXN,2023-09-12,17.281030654907227
USDMXN,2023-09-13,17.21339988708496
USDMXN,2023-09-14,17.130599975585938
USDMXN,2023-09-15,17.106359481811523
USDMXN,2023-09-18,17.047399520874023
USDMXN,2023-09-19,17.11669921875
USDMXN,2023-09-20,17.06485939025879
USDMXN,2023-09-21,17.092159271240234
USDMXN,2023-09-22,17.21109962463379
USDMXN,2023-09-25,17.173599243164062
USDMXN,2023-09-26,17.3843994140625
USDMXN,2023-09-27,17.54500961303711
USDMXN,2023-09-28,17.68695068359375
USDMXN,2023-09-29,17.5389404296875
USDMXN,2023-10-02,17.39539909362793
USDMXN,2023-10-03,17.662500381469727
USDMXN,2023-10-04,18.0093994140625
USDMXN,2023-10-05,17.978099822998047
USDMXN,2023-10-06,18.278139114379883
USDMXN,2023-10-09,18.22800064086914
USDMXN,2023-10-10,18.207679748535156
USDMXN,2023-10-11,17.934030532836914
USDMXN,2023-10-12,17.837169647216797
USDMXN,2023-10-13,17.97064971923828
USDMXN,2023-10-16,18.049999237060547
USDMXN,2023-10-17,17.90700912475586
USDMXN,2023-10-18,18.001800537109375
USDMXN,2023-10-19,18.235200881958008
USDMXN,2023-10-20,18.308500289916992
USDMXN,2023-10-23,18.201099395751953
USDMXN,2023-10-24,18.132299423217773
USDMXN,2023-10-25,18.259069442749023
USDMXN,2023-10-26,18.32740020751953
USDMXN,2023-10-27,18.136199951171875
USDMXN,2023-10-30,18.10548973083496
USDMXN,2023-10-31,18.048099517822266
USDMXN,2023-11-01,18.04669952392578
USDMXN,2023-11-02,17.76235008239746
USDMXN,2023-11-03,17.527000427246094
USDMXN,2023-11-06,17.472129821777344
USDMXN,2023-11-07,17.53529930114746
USDMXN,2023-11-08,17.470199584960938
USDMXN,2023-11-09,17.52519989013672
USDMXN,2023-11-10,17.78936004638672
USDMXN,2023-11-13,17.656400680541992
USDMXN,2023-11-14,17.600099563598633
USDMXN,2023-11-15,17.332500457763672
USDMXN,2023-11-16,17.29616928100586
USDMXN,2023-11-17,17.225799560546875
USDMXN,2023-11-20,17.219680786132812
USDMXN,2023-11-21,17.110740661621094
USDMXN,2023-11-22,17.189599990844727
USDMXN,2023-11-23,17.1951904296875
USDMXN,2023-11-24,17.186500549316406
USDMXN,2023-11-27,17.113859176635742
USDMXN,2023-11-28,17.158599853515625
USDMXN,2023-11-29,17.121000289916992
USDMXN,2023-11-30,17.282800674438477
USDMXN,2023-12-01,17.376300811767578
USDMXN,2023-12-04,17.18876075744629
USDMXN,2023-12-05,17.454099655151367
USDMXN,2023-12-06,17.358299255371094
USDMXN,2023-12-07,17.287460327148438
USDMXN,2023-12-08,17.472049713134766
USDMXN,2023-12-11,17.34709930419922
USDMXN,2023-12-12,17.36989974975586
USDMXN,2023-12-13,17.303760528564453
USDMXN,2023-12-14,17.26226043701172
USDMXN,2023-12-15,17.190380096435547
USDMXN,2023-12-18,17.221200942993164
USDMXN,2023-12-19,17.162700653076172
USDMXN,2023-12-20,17.059799194335938
USDMXN,2023-12-21,17.133169174194336
USDMXN,2023-12-22,17.031269073486328
USDMXN,2023-12-25,16.978370666503906
USDMXN,2023-12-26,16.975200653076172
USDMXN,2023-12-27,16.973600387573242
USDMXN,2023-12-28,16.91360092163086
USDMXN,2023-12-29,16.951200485229492
USDMXN,2024-01-01,16.96343994140625
USDMXN,2024-01-02,16.962509155273438
USDMXN,2024-01-03,17.019399642944336
USDMXN,2024-01-04,17.012149810791016
USDMXN,2024-01-05,17.00860023498535
USDMXN,2024-01-08,16.880939483642578
USDMXN,2024-01-09,16.83370018005371
USDMXN,2024-01-10,16.966659545898438
USDMXN,2024-01-11,16.981660842895508
USDMXN,2024-01-12,16.901559829711914
USDMXN,2024-01-15,16.869070053100586
USDMXN,2024-01-16,16.88479995727539
USDMXN,2024-01-17,17.197900772094727
USDMXN,2024-01-18,17.19260025024414
USDMXN,2024-01-19,17.168359756469727
USDMXN,2024-01-22,17.093149185180664
USDMXN,2024-01-23,17.174699783325195
USDMXN,2024-01-24,17.306060791015625
USDMXN,2024-01-25,17.234159469604492
USDMXN,2024-01-26,17.18950080871582
USDMXN,2024-01-29,17.16861915588379
USDMXN,2024-01-30,17.219560623168945
USDMXN,2024-01-31,17.1527099609375
USDMXN,2024-02-01,17.217529296875
USDMXN,2024-02-02,17.0674991607666
USDMXN,2024-02-05,17.15069007873535
USDMXN,2024-02-06,17.109100341796875
USDMXN,2024-02-07,17.027999877929688
USDMXN,2024-02-08,17.045400619506836
USDMXN,2024-02-09,17.13170051574707
USDMXN,2024-02-12,17.075429916381836
USDMXN,2024-02-13,17.067760467529297
USDMXN,2024-02-14,17.202009201049805
USDMXN,2024-02-15,17.075199127197266
USDMXN,2024-02-16,17.040170669555664
USDMXN,2024-02-19,17.042930603027344
USDMXN,2024-02-20,17.03420066833496
USDMXN,2024-02-21,17.059799194335938
USDMXN,2024-02-22,17.033100128173828
USDMXN,2024-02-23,17.10733985900879
USDMXN,2024-02-26,17.113929748535156
USDMXN,2024-02-27,17.08169937133789
USDMXN,2024-02-28,17.066959381103516
USDMXN,2024-02-29,17.087299346923828
USDMXN,2024-03-01,17.050060272216797
USDMXN,2024-03-04,17.009370803833008
USDMXN,2024-03-05,16.95507049560547
USDMXN,2024-03-06,16.932100296020508
USDMXN,2024-03-07,16.867799758911133
USDMXN,2024-03-08,16.864700317382812
USDMXN,2024-03-11,16.803619384765625
USDMXN,2024-03-12,16.798969268798828
USDMXN,2024-03-13,16.784299850463867
USDMXN,2024-03-14,16.669330596923828
USDMXN,2024-03-15,16.701860427856445
USDMXN,2024-03-18,16.720399856567383
USDMXN,2024-03-19,16.830860137939453
USDMXN,2024-03-20,16.79990005493164
USDMXN,2024-03-21,16.667699813842773
USDMXN,2024-03-22,16.7268009185791
USDMXN,2024-03-25,16.75830078125
USDMXN,2024-03-26,16.670700073242188
USDMXN,2024-03-27,16.63159942626953
USDMXN,2024-03-28,16.55069923400879
USDMXN,2024-03-29,16.602840423583984
USDMXN,2024-04-01,16.555450439453125
USDMXN,2024-04-02,16.608800888061523
USDMXN,2024-04-03,16.54990005493164
USDMXN,2024-04-04,16.527000427246094
USDMXN,2024-04-05,16.573200225830078
USDMXN,2024-04-08,16.45199966430664
USDMXN,2024-04-09,16.314300537109375
USDMXN,2024-04-10,16.383310317993164
USDMXN,2024-04-11,16.452499389648438
USDMXN,2024-04-12,16.42609977722168
USDMXN,2024-04-15,16.611080169677734
USDMXN,2024-04-16,16.694400787353516
USDMXN,2024-04-17,17.033340454101562
USDMXN,2024-04-18,16.956300735473633
USDMXN,2024-04-19,17.074960708618164
USDMXN,2024-04-22,17.091999053955078
USDMXN,2024-04-23,17.136980056762695
USDMXN,2024-04-24,16.949199676513672
USDMXN,2024-04-25,17.070100784301758
USDMXN,2024-04-26,17.201810836791992
USDMXN,2024-04-29,17.16404914855957
USDMXN,2024-04-30,17.011560440063477
USDMXN,2024-05-01,17.149919509887695
USDMXN,2024-05-02,16.928600311279297
USDMXN,2024-05-03,16.961700439453125
USDMXN,2024-05-06,16.980260848999023
USDMXN,2024-05-07,16.88334083557129
USDMXN,2024-05-08,16.90406036376953
USDMXN,2024-05-09,16.9160099029541
USDMXN,2024-05-10,16.779499053955078
USDMXN,2024-05-13,16.767200469970703
USDMXN,2024-05-14,16.783199310302734
USDMXN,2024-05-15,16.844160079956055
USDMXN,2024-05-16,16.681060791015625
USDMXN,2024-05-17,16.678159713745117
USDMXN,2024-05-20,16.586299896240234
USDMXN,2024-05-21,16.552570343017578
USDMXN,2024-05-22,16.606599807739258
USDMXN,2024-05-23,16.661630630493164
USDMXN,2024-05-24,16.730369567871094
USDMXN,2024-05-27,16.673799514770508
USDMXN,2024-05-28,16.6623592376709
USDMXN,2024-05-29,16.781400680541992
USDMXN,2024-05-30,17.017580032348633
USDMXN,2024-05-31,17.00581932067871
USDMXN,2024-06-03,16.97260093688965
USDMXN,2024-06-04,17.700429916381836
USDMXN,2024-06-05,17.81191062927246
USDMXN,2024-06-06,17.50349998474121
USDMXN,2024-06-07,17.879959106445312
USDMXN,2024-06-10,18.325849533081055
USDMXN,2024-06-11,18.57221031188965
USDMXN,2024-06-12,18.58061981201172
USDMXN,2024-06-13,18.754140853881836
USDMXN,2024-06-14,18.415180206298828
USDMXN,2024-06-17,18.455799102783203
USDMXN,2024-06-18,18.52090072631836
USDMXN,2024-06-19,18.399099349975586
USDMXN,2024-06-20,18.427440643310547
USDMXN,2024-06-21,18.34238052368164
USDMXN,2024-06-24,18.129789352416992
USDMXN,2024-06-25,17.944719314575195
USDMXN,2024-06-26,18.111299514770508
USDMXN,2024-06-27,18.301000595092773
USDMXN,2024-06-28,18.42976951599121
USDMXN,2024-07-01,18.265300750732422
USDMXN,2024-07-02,18.36639976501465
USDMXN,2024-07-03,18.252199172973633
USDMXN,2024-07-04,18.174360275268555
USDMXN,2024-07-05,18.080400466918945
USDMXN,2024-07-08,18.088279724121094
USDMXN,2024-07-09,17.973600387573242
USDMXN,2024-07-10,17.895339965820312
USDMXN,2024-07-11,17.836530685424805
USDMXN,2024-07-12,17.753259658813477
USDMXN,2024-07-15,17.69873046875
USDMXN,2024-07-16,17.71579933166504
USDMXN,2024-07-17,17.650419235229492
USDMXN,2024-07-18,17.720199584960938
USDMXN,2024-07-19,17.958499908447266
USDMXN,2024-07-22,17.970619201660156
USDMXN,2024-07-23,17.930599212646484
USDMXN,2024-07-24,18.163150787353516
USDMXN,2024-07-25,18.360319137573242
USDMXN,2024-07-26,18.439899444580078
USDMXN,2024-07-29,18.42729949951172
USDMXN,2024-07-30,18.640899658203125
USDMXN,2024-07-31,18.75279998779297
USDMXN,2024-08-01,18.640039443969727
USDMXN,2024-08-02,18.923799514770508
USDMXN,2024-08-05,19.528430938720703
USDMXN,2024-08-06,19.19502067565918
USDMXN,2024-08-07,19.58378028869629
USDMXN,2024-08-08,19.33470916748047
USDMXN,2024-08-09,18.86026954650879
USDMXN,2024-08-12,18.822189331054688
USDMXN,2024-08-13,19.059799194335938
USDMXN,2024-08-14,18.998079299926758
USDMXN,2024-08-15,18.81170082092285
USDMXN,2024-08-16,18.636199951171875
USDMXN,2024-08-19,18.6258602142334
USDMXN,2024-08-20,18.665109634399414
USDMXN,2024-08-21,19.009849548339844
USDMXN,2024-08-22,19.277130126953125
USDMXN,2024-08-23,19.49020004272461
USDMXN,2024-08-26,19.212249755859375
USDMXN,2024-08-27,19.374500274658203
USDMXN,2024-08-28,19.77079963684082
USDMXN,2024-08-29,19.664400100708008
USDMXN,2024-08-30,19.834199905395508
USDMXN,2024-09-02,19.699800491333008
USDMXN,2024-09-03,19.83639907836914
USDMXN,2024-09-04,19.795400619506836
USDMXN,2024-09-05,19.948749542236328
USDMXN,2024-09-06,19.881380081176758
USDMXN,2024-09-09,19.940200805664062
USDMXN,2024-09-10,19.89137077331543
USDMXN,2024-09-11,20.08941078186035
USDMXN,2024-09-12,19.795900344848633
USDMXN,2024-09-13,19.52079963684082
USDMXN,2024-09-16,19.15220069885254
USDMXN,2024-09-17,19.20560073852539
USDMXN,2024-09-18,19.115530014038086
USDMXN,2024-09-19,19.243270874023438
USDMXN,2024-09-20,19.299999237060547
USDMXN,2024-09-23,19.37656021118164
USDMXN,2024-09-24,19.4153995513916
USDMXN,2024-09-25,19.30820083618164
USDMXN,2024-09-26,19.636600494384766
USDMXN,2024-09-27,19.61591911315918
USDMXN,2024-09-30,19.63050079345703
USDMXN,2024-10-01,19.66360092163086
USDMXN,2024-10-02,19.626440048217773
USDMXN,2024-10-03,19.408199310302734
USDMXN,2024-10-04,19.335500717163086
USDMXN,2024-10-07,19.27667999267578
USDMXN,2024-10-08,19.289670944213867
USDMXN,2024-10-09,19.345399856567383
USDMXN,2024-10-10,19.467449188232422
USDMXN,2024-10-11,19.438400268554688
USDMXN,2024-10-14,19.29953956604004
USDMXN,2024-10-15,19.425949096679688
USDMXN,2024-10-16,19.695100784301758
USDMXN,2024-10-17,19.898700714111328
USDMXN,2024-10-18,19.816810607910156
USDMXN,2024-10-21,19.868560791015625
USDMXN,2024-10-22,19.960800170898438
USDMXN,2024-10-23,19.936199188232422
USDMXN,2024-10-24,19.832460403442383
USDMXN,2024-10-25,19.814199447631836
USDMXN,2024-10-28,19.946569442749023
USDMXN,2024-10-29,20.02873992919922
USDMXN,2024-10-30,20.05377960205078
USDMXN,2024-10-31,20.1639404296875
USDMXN,2024-11-01,20.050689697265625
USDMXN,2024-11-04,20.081819534301758
USDMXN,2024-11-05,20.093900680541992
USDMXN,2024-11-06,20.13159942626953
USDMXN,2024-11-07,20.167009353637695
USDMXN,2024-11-08,19.793569564819336
USDMXN,2024-11-11,20.13759994506836
USDMXN,2024-11-12,20.339500427246094
USDMXN,2024-11-13,20.582700729370117
USDMXN,2024-11-14,20.518400192260742
USDMXN,2024-11-15,20.438600540161133
USDMXN,2024-11-18,20.356170654296875
USDMXN,2024-11-19,20.213289260864258
USDMXN,2024-11-20,20.10972023010254
USDMXN,2024-11-21,20.274620056152344
USDMXN,2024-11-22,20.414119720458984
USDMXN,2024-11-25,20.350839614868164
USDMXN,2024-11-26,20.580469131469727
USDMXN,2024-11-27,20.65250015258789
USDMXN,2024-11-28,20.598169326782227
USDMXN,2024-11-29,20.436199188232422
USDMXN,2024-12-02,20.378610610961914
USDMXN,2024-12-03,20.40690040588379
USDMXN,2024-12-04,20.30389976501465
USDMXN,2024-12-05,20.308639526367188
USDMXN,2024-12-06,20.19179916381836
USDMXN,2024-12-09,20.170900344848633
USDMXN,2024-12-10,20.245899200439453
USDMXN,2024-12-11,20.1607608795166
USDMXN,2024-12-12,20.114200592041016
USDMXN,2024-12-13,20.191099166870117
USDMXN,2024-12-16,20.105419158935547
USDMXN,2024-12-17,20.133819580078125
USDMXN,2024-12-18,20.173749923706055
USDMXN,2024-12-19,20.37470054626465
USDMXN,2024-12-20,20.333999633789062
USDMXN,2024-12-23,20.063430786132812
USDMXN,2024-12-24,20.169300079345703
USDMXN,2024-12-25,20.153799057006836
USDMXN,2024-12-26,20.156639099121094
USDMXN,2024-12-27,20.20479965209961
USDMXN,2024-12-30,20.313169479370117
USDMXN,2024-12-31,20.632200241088867
USDMXN,2025-01-02,20.83024024963379
USDMXN,2025-01-03,20.592899322509766
USDMXN,2025-01-06,20.620149612426758
USDMXN,2025-01-07,20.32080078125
USDMXN,2025-01-08,20.32733917236328
USDMXN,2025-01-09,20.410959243774414
USDMXN,2025-01-10,20.506359100341797
USDMXN,2025-01-13,20.70178985595703
USDMXN,2025-01-14,20.61046028137207
USDMXN,2025-01-15,20.503999710083008
USDMXN,2025-01-16,20.455310821533203
USDMXN,2025-01-17,20.83272933959961
USDMXN,2025-01-20,20.791290283203125
USDMXN,2025-01-21,20.49724006652832
USDMXN,2025-01-22,20.66119956970215
USDMXN,2025-01-23,20.48710060119629
USDMXN,2025-01-24,20.37883949279785
USDMXN,2025-01-27,20.436969757080078
USDMXN,2025-01-28,20.7283992767334
USDMXN,2025-01-29,20.540000915527344
USDMXN,2025-01-30,20.501800537109375
USDMXN,2025-01-31,20.674470901489258
USDMXN,2025-02-03,21.16939926147461
USDMXN,2025-02-04,20.385129928588867
USDMXN,2025-02-05,20.512420654296875
USDMXN,2025-02-06,20.573720932006836
USDMXN,2025-02-07,20.44339942932129
USDMXN,2025-02-10,20.600309371948242
USDMXN,2025-02-11,20.624610900878906
USDMXN,2025-02-12,20.546720504760742
USDMXN,2025-02-13,20.543489456176758
USDMXN,2025-02-14,20.415189743041992
USDMXN,2025-02-17,20.312389373779297
USDMXN,2025-02-18,20.272600173950195
USDMXN,2025-02-19,20.23780059814453
USDMXN,2025-02-20,20.45240020751953
USDMXN,2025-02-21,20.29400062561035
USDMXN,2025-02-24,20.382829666137695
USDMXN,2025-02-25,20.48111915588379
USDMXN,2025-02-26,20.457509994506836
USDMXN,2025-02-27,20.394800186157227
USDMXN,2025-02-28,20.457599639892578
USDMXN,2025-03-03,20.514450073242188
USDMXN,2025-03-04,20.72570037841797
USDMXN,2025-03-05,20.530500411987305
USDMXN,2025-03-06,20.402780532836914
USDMXN,2025-03-07,20.27794075012207
USDMXN,2025-03-10,20.26021957397461
USDMXN,2025-03-11,20.35137939453125
USDMXN,2025-03-12,20.270299911499023
USDMXN,2025-03-13,20.17443084716797
USDMXN,2025-03-14,20.082849502563477
USDMXN,2025-03-17,19.92527961730957
USDMXN,2025-03-18,19.95507049560547
USDMXN,2025-03-19,19.904159545898438
USDMXN,2025-03-20,20.0231990814209
USDMXN,2025-03-21,20.127500534057617
USDMXN,2025-03-24,20.21017074584961
USDMXN,2025-03-25,20.037870407104492
USDMXN,2025-03-26,20.031999588012695
USDMXN,2025-03-27,20.257049560546875
USDMXN,2025-03-28,20.281999588012695
USDMXN,2025-03-31,20.380090713500977
USDMXN,2025-04-01,20.474029541015625
USDMXN,2025-04-02,20.328340530395508
USDMXN,2025-04-03,20.25830078125
USDMXN,2025-04-04,19.93221092224121
USDMXN,2025-04-07,20.621700286865234
USDMXN,2025-04-08,20.696550369262695
USDMXN,2025-04-09,20.836240768432617
USDMXN,2025-04-10,20.33354949951172
USDMXN,2025-04-11,20.594459533691406
USDMXN,2025-04-14,20.276779174804688
USDMXN,2025-04-15,20.07990074157715
USDMXN,2025-04-16,20.125429153442383
USDMXN,2025-04-17,19.915300369262695
USDMXN,2025-04-22,19.70330047607422
USDMXN,2025-04-23,19.615190505981445
USDMXN,2025-04-24,19.624399185180664
USDMXN,2025-04-25,19.600000381469727
USDMXN,2025-04-28,19.535160064697266
USDMXN,2025-04-29,19.57309913635254
USDMXN,2025-04-30,19.540199279785156
USDMXN,2025-05-01,19.589000701904297
USDMXN,2025-05-02,19.600889205932617
USDMXN,2025-05-05,19.610090255737305
USDMXN,2025-05-06,19.673200607299805
USDMXN,2025-05-07,19.644620895385742
USDMXN,2025-05-08,19.60308074951172
USDMXN,2025-05-09,19.518699645996094
USDMXN,2025-05-12,19.441640853881836
USDMXN,2025-05-13,19.60740089416504
USDMXN,2025-05-14,19.39310073852539
USDMXN,2025-05-15,19.383060455322266
USDMXN,2025-05-16,19.471399307250977
USDMXN,2025-05-19,19.451169967651367
USDMXN,2025-05-20,19.284900665283203
USDMXN,2025-05-21,19.269319534301758
USDMXN,2025-05-22,19.36680030822754
USDMXN,2025-05-23,19.32110023498535
USDMXN,2025-05-26,19.20479965209961
USDMXN,2025-05-27,19.245559692382812
USDMXN,2025-05-28,19.252700805664062
USDMXN,2025-05-29,19.385150909423828
USDMXN,2025-05-30,19.300100326538086
USDMXN,2025-06-02,19.422500610351562
USDMXN,2025-06-03,19.19219970703125
USDMXN,2025-06-04,19.224300384521484
USDMXN,2025-06-05,19.199350357055664
USDMXN,2025-06-06,19.151159286499023
USDMXN,2025-06-09,19.09762954711914
USDMXN,2025-06-10,19.037799835205078
USDMXN,2025-06-11,19.058759689331055
USDMXN,2025-06-12,18.897050857543945
USDMXN,2025-06-13,18.883209228515625
USDMXN,2025-06-16,18.947799682617188
USDMXN,2025-06-17,18.923349380493164
USDMXN,2025-06-18,19.019420623779297
USDMXN,2025-06-19,19.00749969482422
USDMXN,2025-06-20,19.02050018310547
USDMXN,2025-06-23,19.210100173950195
USDMXN,2025-06-24,19.071199417114258
USDMXN,2025-06-25,18.99176025390625
USDMXN,2025-06-26,18.89859962463379
USDMXN,2025-06-27,18.87881088256836
USDMXN,2025-06-30,18.7992000579834
USDMXN,2025-07-01,18.738000869750977
USDMXN,2025-07-02,18.737899780273438
USDMXN,2025-07-03,18.763700485229492
USDMXN,2025-07-04,18.645910263061523
USDMXN,2025-07-07,18.60633087158203
USDMXN,2025-07-08,18.643329620361328
USDMXN,2025-07-09,18.612340927124023
USDMXN,2025-07-10,18.623769760131836
USDMXN,2025-07-11,18.601259231567383
USDMXN,2025-07-14,18.65760040283203
USDMXN,2025-07-15,18.748369216918945
USDMXN,2025-07-16,18.80171012878418
USDMXN,2025-07-17,18.718759536743164
USDMXN,2025-07-18,18.752620697021484
USDMXN,2025-07-21,18.705299377441406
USDMXN,2025-07-22,18.656099319458008
USDMXN,2025-07-23,18.643930435180664
USDMXN,2025-07-24,18.53668975830078
USDMXN,2025-07-25,18.538549423217773
USDMXN,2025-07-28,18.50309944152832
USDMXN,2025-07-29,18.746999740600586
USDMXN,2025-07-30,18.747159957885742
USDMXN,2025-07-31,18.842899322509766
USDMXN,2025-08-01,18.86471939086914
USDMXN,2025-08-04,18.868009567260742
USDMXN,2025-08-05,18.871400833129883
USDMXN,2025-08-06,18.733230590820312
USDMXN,2025-08-07,18.60154914855957
USDMXN,2025-08-08,18.60795021057129
USDMXN,2025-08-11,18.582210540771484
USDMXN,2025-08-12,18.656200408935547
USDMXN,2025-08-13,18.572799682617188
USDMXN,2025-08-14,18.619300842285156
USDMXN,2025-08-15,18.801259994506836
USDMXN,2025-08-18,18.72348976135254
USDMXN,2025-08-19,18.765499114990234
USDMXN,2025-08-20,18.818700790405273
USDMXN,2025-08-21,18.768699645996094
USDMXN,2025-08-22,18.736299514770508
USDMXN,2025-08-25,18.59326934814453
USDMXN,2025-08-26,18.683229446411133
USDMXN,2025-08-27,18.6585693359375
USDMXN,2025-08-28,18.651199340820312
USDMXN,2025-08-29,18.650239944458008
USDMXN,2025-09-01,18.65846061706543
USDMXN,2025-09-02,18.648099899291992
USDMXN,2025-09-03,18.728700637817383
USDMXN,2025-09-04,18.706600189208984
USDMXN,2025-09-05,18.725799560546875
USDMXN,2025-09-08,18.726360321044922
USDMXN,2025-09-09,18.652870178222656
USDMXN,2025-09-10,18.62350082397461
USDMXN,2025-09-11,18.580799102783203
USDMXN,2025-09-12,18.45400047302246
USDMXN,2025-09-15,18.446989059448242
USDMXN,2025-09-16,18.361520767211914
USDMXN,2025-09-17,18.28580093383789
USDMXN,2025-09-18,18.30780029296875
USDMXN,2025-09-19,18.364200592041016
USDMXN,2025-09-22,18.42020034790039
USDMXN,2025-09-23,18.357690811157227
USDMXN,2025-09-24,18.346500396728516
USDMXN,2025-09-25,18.418739318847656
USDMXN,2025-09-26,18.484119415283203
USDMXN,2025-09-29,18.358549118041992
USDMXN,2025-09-30,18.358999252319336
USDMXN,2025-10-01,18.31382942199707
USDMXN,2025-10-02,18.382360458374023
USDMXN,2025-10-03,18.41200065612793
USDMXN,2025-10-06,18.433330535888672
USDMXN,2025-10-07,18.337589263916016
USDMXN,2025-10-08,18.388530731201172
USDMXN,2025-10-09,18.334150314331055
USDMXN,2025-10-10,18.38343048095703
USDMXN,2025-10-13,18.522390365600586
USDMXN,2025-10-14,18.45829963684082
USDMXN,2025-10-15,18.504369735717773
USDMXN,2025-10-16,18.45509910583496
USDMXN,2025-10-17,18.430299758911133
USDMXN,2025-10-20,18.364700317382812
USDMXN,2025-10-21,18.399370193481445
USDMXN,2025-10-22,18.434099197387695
USDMXN,2025-10-23,18.43950080871582
USDMXN,2025-10-24,18.393600463867188
USDMXN,2025-10-27,18.418739318847656
USDMXN,2025-10-28,18.38932991027832
USDMXN,2025-10-29,18.425260543823242
USDMXN,2025-10-30,18.465700149536133
USDMXN,2025-10-31,18.525400161743164
USDMXN,2025-11-03,18.554079055786133
USDMXN,2025-11-04,18.491670608520508
USDMXN,2025-11-05,18.675500869750977
USDMXN,2025-11-06,18.590700149536133
USDMXN,2025-11-07,18.556299209594727
USDMXN,2025-11-10,18.443740844726562
USDMXN,2025-11-11,18.378599166870117
USDMXN,2025-11-12,18.316650390625
USDMXN,2025-11-13,18.287799835205078
USDMXN,2025-11-14,18.315000534057617
USDMXN,2025-11-17,18.30643081665039
USDMXN,2025-11-18,18.43269920349121
USDMXN,2025-11-19,18.34040069580078
USDMXN,2025-11-20,18.31679916381836
USDMXN,2025-11-21,18.36590003967285
USDMXN,2025-11-24,18.473880767822266
USDMXN,2025-11-25,18.493600845336914
USDMXN,2025-11-26,18.385700225830078
USDMXN,2025-11-27,18.338970184326172
USDMXN,2025-11-28,18.329599380493164
USDMXN,2025-12-01,18.284500122070312
USDMXN,2025-12-02,18.30590057373047
USDMXN,2025-12-03,18.27526092529297
USDMXN,2025-12-04,18.27519989013672
USDMXN,2025-12-05,18.218599319458008
USDMXN,2025-12-08,18.171600341796875
USDMXN,2025-12-09,18.26059913635254
USDMXN,2025-12-10,18.1825008392334
USDMXN,2025-12-11,18.157400131225586
USDMXN,2025-12-12,18.031539916992188
USDMXN,2025-12-15,18.00322914123535
USDMXN,2025-12-16,17.981300354003906
USDMXN,2025-12-17,17.956100463867188
USDMXN,2025-12-18,18.011760711669922
USDMXN,2025-12-19,17.99342918395996
USDMXN,2025-12-22,18.015600204467773
USDMXN,2025-12-23,17.964099884033203
USDMXN,2025-12-24,17.90428924560547
USDMXN,2025-12-26,17.932069778442383
USDMXN,2025-12-29,17.896459579467773
USDMXN,2025-12-30,17.97216033935547
USDMXN,2025-12-31,17.97879981994629
USDMXN,2026-01-02,17.98465919494629
USDMXN,2026-01-05,17.91115951538086
USDMXN,2026-01-06,17.915700912475586
USDMXN,2026-01-07,17.983400344848633
USDMXN,2026-01-08,17.978200912475586
USDMXN,2026-01-09,17.962299346923828
USDMXN,2026-01-12,17.974109649658203
USDMXN,2026-01-13,17.909099578857422
USDMXN,2026-01-14,17.82360076904297
USDMXN,2026-01-15,17.785499572753906
USDMXN,2026-01-16,17.65329933166504
USDMXN,2026-01-19,17.63265037536621
USDMXN,2026-01-20,17.57710075378418
USDMXN,2026-01-21,17.591999053955078
USDMXN,2026-01-22,17.482500076293945
USDMXN,2026-01-23,17.46809959411621
USDMXN,2026-01-26,17.370479583740234
USDMXN,2026-01-27,17.35540008544922
USDMXN,2026-01-28,17.162500381469727
USDMXN,2026-01-29,17.149900436401367
USDMXN,2026-01-30,17.22517967224121
USDMXN,2026-02-02,17.466890335083008
USDMXN,2026-02-03,17.37529945373535
USDMXN,2026-02-04,17.238399505615234
USDMXN,2026-02-05,17.32438087463379
USDMXN,2026-02-06,17.503599166870117
USDMXN,2026-02-09,17.251699447631836
USDMXN,2026-02-10,17.208799362182617
USDMXN,2026-02-11,17.183900833129883
USDMXN,2026-02-12,17.19301986694336
USDMXN,2026-02-13,17.207000732421875
USDMXN,2026-02-16,17.161109924316406
USDMXN,2026-02-17,17.166149139404297
USDMXN,2026-02-18,17.11840057373047
USDMXN,2026-02-19,17.20854949951172
USDMXN,2026-02-20,17.256729125976562
USDMXN,2026-02-23,17.09827995300293
USDMXN,2026-02-24,17.259559631347656
USDMXN,2026-02-25,17.17889976501465
USDMXN,2026-02-26,17.157529830932617
USDMXN,2026-02-27,17.202899932861328
USDMXN,2026-03-02,17.316999435424805
USDMXN,2026-03-03,17.30327033996582
USDMXN,2026-03-04,17.670869827270508
USDMXN,2026-03-05,17.593059539794922
USDMXN,2026-03-06,17.702600479125977
USDMXN,2026-03-09,17.992300033569336
USDMXN,2026-03-10,17.673099517822266
USDMXN,2026-03-11,17.589780807495117
USDMXN,2026-03-12,17.744600296020508
USDMXN,2026-03-13,17.834299087524414
USDMXN,2026-03-16,17.886369705200195
USDMXN,2026-03-17,17.6835994720459
USDMXN,2026-03-18,17.65298080444336
USDMXN,2026-03-19,17.842899322509766
USDMXN,2026-03-20,17.738100051879883
USDMXN,2026-03-23,17.938600540161133
USDMXN,2026-03-24,17.783649444580078
USDMXN,2026-03-25,17.72909927368164
USDMXN,2026-03-26,17.777240753173828
USDMXN,2026-03-27,17.91390037536621
USDMXN,2026-03-30,18.143220901489258
USDMXN,2026-03-31,18.13960075378418
USDMXN,2026-04-01,17.884580612182617
USDMXN,2026-04-02,17.823200225830078
USDMXN,2026-04-03,17.84712028503418
USDMXN,2026-04-06,17.880399703979492
USDMXN,2026-04-07,17.76650047302246
USDMXN,2026-04-08,17.51409912109375
USDMXN,2026-04-09,17.446399688720703
USDMXN,2026-04-10,17.371200561523438
USDMXN,2026-04-13,17.430500030517578
USDMXN,2026-04-14,17.277999877929688
USDMXN,2026-04-15,17.253999710083008
USDMXN,2026-04-16,17.243600845336914
USDMXN,2026-04-17,17.249399185180664
USDMXN,2026-04-20,17.372299194335938
USDMXN,2026-04-21,17.309799194335938
USDMXN,2026-04-22,17.32029914855957
USDMXN,2026-04-23,17.340700149536133
USDMXN,2026-04-24,17.41469955444336
USDMXN,2026-04-27,17.41345977783203
USDMXN,2026-04-28,17.37700080871582
USDMXN,2026-04-29,17.384599685668945
USDMXN,2026-04-30,17.52589988708496
USDMXN,2026-05-01,17.45989990234375
USDMXN,2026-05-04,17.44659996032715
USDMXN,2026-05-05,17.519899368286133
USDMXN,2026-05-06,17.33769989013672
USDMXN,2026-05-07,17.253999710083008
USDMXN,2026-05-08,17.27750015258789
USDMXN,2026-05-11,17.214599609375
USDMXN,2026-05-12,17.191600799560547
USDMXN,2026-05-13,17.228500366210938
USDMXN,2026-05-14,17.167400360107422
USDMXN,2026-05-15,17.230430603027344
USDMXN,2026-05-18,17.341899871826172
USDMXN,2026-05-19,17.27264976501465
USDMXN,2026-05-20,17.402799606323242
USDMXN,2026-05-21,17.304800033569336
USDMXN,2026-05-22,17.297700881958008
USDMXN,2026-05-25,17.25950050354004
USDMXN,2026-05-26,17.29170036315918
USDMXN,2026-05-27,17.296100616455078
USDMXN,2026-05-28,17.384199142456055
USDMXN,2026-05-29,17.308300018310547
USDMXN,2026-06-01,17.342500686645508
USDMXN,2026-06-02,17.352949142456055
USDMXN,2026-06-03,17.298250198364258
USDMXN,2026-06-04,17.3262996673584
USDMXN,2026-06-05,17.277700424194336
USDMXN,2026-06-08,17.46269989013672
USDMXN,2026-06-09,17.46769905090332
USDMXN,2026-06-10,17.45401954650879
USDMXN,2026-06-11,17.421100616455078
USDMXN,2026-06-12,17.246610641479492
USDMXN,2026-06-15,17.16629981994629
USDMXN,2026-06-16,17.21269989013672
USDMXN,2026-06-17,17.206510543823242
USDMXN,2026-06-18,17.297700881958008
USDMXN,2026-06-19,17.354740142822266
USDMXN,2026-06-22,17.347200393676758
USDMXN,2026-06-23,17.36389923095703
USDMXN,2026-06-24,17.553600311279297
USDMXN,2026-06-25,17.62070083618164
USDMXN,2026-06-26,17.509899139404297
USDMXN,2026-06-29,17.504899978637695
USDMXN,2026-06-30,17.472000122070312
USDMXN,2026-07-01,17.492900848388672
USDMXN,2026-07-02,17.554349899291992
USDMXN,2026-07-03,17.476299285888672
USDMXN,2026-07-06,17.476680755615234
USDMXN,2026-07-07,17.38129997253418
USDMXN,2026-07-08,17.524200439453125
USDMXN,2026-07-09,17.56800079345703
USDMXN,2026-07-10,17.53820037841797
USDMXN,2026-07-13,17.500520706176758
USDMXN,2026-07-14,17.518800735473633
USDMXN,2026-07-15,17.418800354003906
USDMXN,2026-07-16,17.3700008392334
USDMXN,2026-07-17,17.406700134277344
USDMXN,2026-07-20,17.54046058654785
USDMXN,2026-07-21,17.415000915527344
USDMXN,2026-07-22,17.403400421142578
USDMXN,2026-07-23,17.40089988708496
USDMXN,2026-07-24,17.513219833374023
USDMXN,2026-07-27,17.438199996948242
USDMXN,2026-07-28,17.44179916381836
USDMXN,2026-07-29,17.436800003051758
USDMXN,2026-07-30,17.442100524902344
USDMXN,2026-07-31,17.344600677490234
USDMXN,2026-08-03,17.302719116210938
USDMXN,2026-08-04,17.326799392700195
USDMXN,2026-08-05,17.2549991607666
USDMXN,2026-08-06,17.23200035095215
USDMXN,2026-08-07,17.204130172729492
USDMXN,2026-08-10,17.138399124145508
USDMXN,2026-08-11,17.13330078125
USDMXN,2026-08-12,17.072999954223633
USDMXN,2026-08-13,17.058900833129883
USDMXN,2026-08-14,17.030000686645508
USDMXN,2026-08-17,17.019060134887695
USDMXN,2026-08-18,17.030000686645508
USDMXN,2026-08-19,17.059829711914062
USDMXN,2026-08-20,16.951000213623047
USDMXN,2026-08-21,16.94540023803711
USDMXN,2026-08-24,16.915000915527344
USDMXN,2026-08-25,16.94420051574707
USDMXN,2026-08-26,16.943500518798828
USDMXN,2026-08-27,16.94300079345703
USDMXN,2026-08-28,16.963499069213867
USDMXN,2026-08-31,17.030649185180664
USDMXN,2026-09-01,16.998910903930664
USDMXN,2026-09-02,16.990070343017578
USDMXN,2026-09-03,16.987199783325195
USDMXN,2026-09-04,16.910160064697266
USDMXN,2026-09-07,16.885509490966797
USDMXN,2026-09-08,16.94729995727539
USDMXN,2026-09-09,16.909799575805664
USDMXN,2026-09-10,16.890390396118164
USDMXN,2026-09-11,16.984939575195312
USDMXN,2026-09-14,16.97559928894043
USDMXN,2026-09-15,17.118000030517578
