ds,y
2010-01-01,5.770500183105469
2010-01-04,5.704999923706055
2010-01-05,5.713799953460693
2010-01-06,5.6666998863220215
2010-01-07,5.707399845123291
2010-01-08,5.654399871826172
2010-01-11,5.6066999435424805
2010-01-12,5.665900230407715
2010-01-13,5.631100177764893
2010-01-14,5.6305999755859375
2010-01-15,5.673999786376953
2010-01-18,5.63700008392334
2010-01-19,5.686999797821045
2010-01-20,5.770599842071533
2010-01-21,5.815400123596191
2010-01-22,5.8024001121521
2010-01-25,5.811299800872803
2010-01-26,5.847400188446045
2010-01-27,5.845799922943115
2010-01-28,5.887400150299072
2010-01-29,5.922599792480469
2010-02-01,5.850299835205078
2010-02-02,5.827000141143799
2010-02-03,5.862299919128418
2010-02-04,5.95389986038208
2010-02-05,5.985000133514404
2010-02-08,5.975900173187256
2010-02-09,5.896900177001953
2010-02-10,5.900199890136719
2010-02-11,5.889750003814697
2010-02-12,5.8979997634887695
2010-02-15,5.911900043487549
2010-02-16,5.847710132598877
2010-02-17,5.880899906158447
2010-02-18,5.996699810028076
2010-02-19,5.935999870300293
2010-02-22,5.900300025939941
2010-02-23,5.944900035858154
2010-02-24,5.927199840545654
2010-02-25,5.93179988861084
2010-02-26,5.906300067901611
2010-03-01,5.934500217437744
2010-03-02,5.921199798583984
2010-03-03,5.868500232696533
2010-03-04,5.922999858856201
2010-03-05,5.896999835968018
2010-03-08,5.895999908447266
2010-03-09,5.8942999839782715
2010-03-10,5.875699996948242
2010-03-11,5.861000061035156
2010-03-12,5.820000171661377
2010-03-15,5.868000030517578
2010-03-16,5.826000213623047
2010-03-17,5.817399978637695
2010-03-18,5.863100051879883
2010-03-19,5.9070000648498535
2010-03-22,5.919899940490723
2010-03-23,5.950399875640869
2010-03-24,6.030799865722656
2010-03-25,6.079400062561035
2010-03-26,6.039100170135498
2010-03-29,5.948999881744385
2010-03-30,5.984499931335449
2010-03-31,5.939499855041504
2010-04-01,5.915900230407715
2010-04-02,5.929999828338623
2010-04-05,5.935699939727783
2010-04-06,5.9506001472473145
2010-04-07,5.961100101470947
2010-04-08,5.944799900054932
2010-04-09,5.901000022888184
2010-04-12,5.882299900054932
2010-04-13,5.873700141906738
2010-04-14,5.8460001945495605
2010-04-15,5.849999904632568
2010-04-16,5.888800144195557
2010-04-19,5.905799865722656
2010-04-20,5.898499965667725
2010-04-21,5.906700134277344
2010-04-22,5.932199954986572
2010-04-23,5.885000228881836
2010-04-26,5.848700046539307
2010-04-27,5.942500114440918
2010-04-28,5.951600074768066
2010-04-29,5.901700019836426
2010-04-30,5.9029998779296875
2010-05-03,5.929200172424316
2010-05-04,6.033100128173828
2010-05-05,6.085319995880127
2010-05-06,6.255899906158447
2010-05-07,6.218800067901611
2010-05-10,6.141499996185303
2010-05-11,6.198800086975098
2010-05-12,6.145999908447266
2010-05-13,6.178199768066406
2010-05-14,6.229000091552734
2010-05-17,6.216899871826172
2010-05-18,6.354300022125244
2010-05-19,6.407100200653076
2010-05-20,6.518199920654297
2010-05-21,6.441699981689453
2010-05-24,6.512400150299072
2010-05-25,6.556000232696533
2010-05-26,6.598100185394287
2010-05-27,6.447500228881836
2010-05-28,6.49399995803833
2010-05-31,6.461100101470947
2010-06-01,6.487599849700928
2010-06-02,6.468100070953369
2010-06-03,6.459239959716797
2010-06-04,6.5879998207092285
2010-06-07,6.69920015335083
2010-06-08,6.645100116729736
2010-06-09,6.615499973297119
2010-06-10,6.488100051879883
2010-06-11,6.453000068664551
2010-06-14,6.437600135803223
2010-06-15,6.367800235748291
2010-06-16,6.390399932861328
2010-06-17,6.364699840545654
2010-06-18,6.354000091552734
2010-06-21,6.413899898529053
2010-06-22,6.463200092315674
2010-06-23,6.475399971008301
2010-06-24,6.48799991607666
2010-06-25,6.441999912261963
2010-06-28,6.419899940490723
2010-06-29,6.5106000900268555
2010-06-30,6.520199775695801
2010-07-01,6.419000148773193
2010-07-02,6.432000160217285
2010-07-05,6.445000171661377
2010-07-06,6.377099990844727
2010-07-07,6.387800216674805
2010-07-08,6.357800006866455
2010-07-09,6.361000061035156
2010-07-12,6.356800079345703
2010-07-13,6.246799945831299
2010-07-14,6.223599910736084
2010-07-15,6.1620001792907715
2010-07-16,6.261000156402588
2010-07-19,6.2993998527526855
2010-07-20,6.249899864196777
2010-07-21,6.273799896240234
2010-07-22,6.163899898529053
2010-07-23,6.160999774932861
2010-07-26,6.157400131225586
2010-07-27,6.1656999588012695
2010-07-28,6.149899959564209
2010-07-29,6.083499908447266
2010-07-30,6.071000099182129
2010-08-02,5.965000152587891
2010-08-03,5.956299781799316
2010-08-04,5.956099987030029
2010-08-05,5.986599922180176
2010-08-06,5.986599922180176
2010-08-09,5.954599857330322
2010-08-10,5.978499889373779
2010-08-11,6.029399871826172
2010-08-12,6.190999984741211
2010-08-13,6.176199913024902
2010-08-16,6.193999767303467
2010-08-17,6.165800094604492
2010-08-18,6.134500026702881
2010-08-19,6.155200004577637
2010-08-20,6.189199924468994
2010-08-23,6.2332000732421875
2010-08-24,6.2530999183654785
2010-08-25,6.298699855804443
2010-08-26,6.30620002746582
2010-08-27,6.303899765014648
2010-08-30,6.228300094604492
2010-08-31,6.300000190734863
2010-09-01,6.287099838256836
2010-09-02,6.189199924468994
2010-09-03,6.140999794006348
2010-09-06,6.1006999015808105
2010-09-07,6.11870002746582
2010-09-08,6.21560001373291
2010-09-09,6.18779993057251
2010-09-10,6.18149995803833
2010-09-13,6.172699928283691
2010-09-14,6.102799892425537
2010-09-15,6.050000190734863
2010-09-16,6.084000110626221
2010-09-17,6.09060001373291
2010-09-20,6.098800182342529
2010-09-21,6.0473198890686035
2010-09-22,5.956099987030029
2010-09-23,5.886099815368652
2010-09-24,5.957200050354004
2010-09-27,5.878699779510498
2010-09-28,5.910099983215332
2010-09-29,5.850200176239014
2010-09-30,5.853300094604492
2010-10-01,5.880799770355225
2010-10-04,5.8302998542785645
2010-10-05,5.872099876403809
2010-10-06,5.812099933624268
2010-10-07,5.76230001449585
2010-10-08,5.816100120544434
2010-10-11,5.797900199890137
2010-10-12,5.841300010681152
2010-10-13,5.8506999015808105
2010-10-14,5.784200191497803
2010-10-15,5.733699798583984
2010-10-18,5.798900127410889
2010-10-19,5.850100040435791
2010-10-20,5.9309000968933105
2010-10-21,5.820799827575684
2010-10-22,5.854599952697754
2010-10-25,5.799900054931641
2010-10-26,5.80079984664917
2010-10-27,5.868199825286865
2010-10-28,5.900100231170654
2010-10-29,5.900100231170654
2010-11-01,5.841899871826172
2010-11-02,5.850399971008301
2010-11-03,5.838600158691406
2010-11-04,5.795499801635742
2010-11-05,5.719900131225586
2010-11-08,5.736100196838379
2010-11-09,5.831389904022217
2010-11-10,5.851500034332275
2010-11-11,5.856299877166748
2010-11-12,5.945000171661377
2010-11-15,5.952400207519531
2010-11-16,5.9903998374938965
2010-11-17,6.059299945831299
2010-11-18,6.015600204467773
2010-11-19,5.978700160980225
2010-11-22,5.963099956512451
2010-11-23,6.017099857330322
2010-11-24,6.096700191497803
2010-11-25,6.076300144195557
2010-11-26,6.092700004577637
2010-11-29,6.162499904632568
2010-11-30,6.160699844360352
2010-12-01,6.196800231933594
2010-12-02,6.14870023727417
2010-12-03,6.075200080871582
2010-12-06,5.953000068664551
2010-12-07,6.003699779510498
2010-12-08,6.00439977645874
2010-12-09,6.009699821472168
2010-12-10,6.0370001792907715
2010-12-13,6.012499809265137
2010-12-14,5.917600154876709
2010-12-15,5.900599956512451
2010-12-16,5.964900016784668
2010-12-17,5.946199893951416
2010-12-20,5.981299877166748
2010-12-21,5.981100082397461
2010-12-22,5.981100082397461
2010-12-23,5.976600170135498
2010-12-24,5.961900234222412
2010-12-27,5.982999801635742
2010-12-28,5.922399997711182
2010-12-29,5.965199947357178
2010-12-30,5.903900146484375
2010-12-31,5.870800018310547
2011-01-03,5.825399875640869
2011-01-04,5.824999809265137
2011-01-05,5.8506999015808105
2011-01-06,5.896100044250488
2011-01-07,5.9704999923706055
2011-01-10,5.98829984664917
2011-01-11,5.960100173950195
2011-01-12,5.947299957275391
2011-01-13,5.901599884033203
2011-01-14,5.8607001304626465
2011-01-17,5.838500022888184
2011-01-18,5.854499816894531
2011-01-19,5.829699993133545
2011-01-20,5.824900150299072
2011-01-21,5.870800018310547
2011-01-24,5.8105998039245605
2011-01-25,5.782020092010498
2011-01-26,5.755000114440918
2011-01-27,5.761000156402588
2011-01-28,5.7895002365112305
2011-01-31,5.829400062561035
2011-02-01,5.766499996185303
2011-02-02,5.695400238037109
2011-02-03,5.703199863433838
2011-02-04,5.737299919128418
2011-02-07,5.756899833679199
2011-02-08,5.764699935913086
2011-02-09,5.765200138092041
2011-02-10,5.758900165557861
2011-02-11,5.828499794006348
2011-02-14,5.866499900817871
2011-02-15,5.826300144195557
2011-02-16,5.821599960327148
2011-02-17,5.721700191497803
2011-02-18,5.697299957275391
2011-02-21,5.658199787139893
2011-02-22,5.67549991607666
2011-02-23,5.6620001792907715
2011-02-24,5.623300075531006
2011-02-25,5.609600067138672
2011-02-28,5.649199962615967
2011-03-01,5.585100173950195
2011-03-02,5.608099937438965
2011-03-03,5.539599895477295
2011-03-04,5.565700054168701
2011-03-07,5.55620002746582
2011-03-08,5.552299976348877
2011-03-09,5.58620023727417
2011-03-10,5.563600063323975
2011-03-11,5.649899959564209
2011-03-14,5.59499979019165
2011-03-15,5.601600170135498
2011-03-16,5.656199932098389
2011-03-17,5.680200099945068
2011-03-18,5.6442999839782715
2011-03-21,5.556519985198975
2011-03-22,5.536200046539307
2011-03-23,5.582900047302246
2011-03-24,5.591800212860107
2011-03-25,5.554699897766113
2011-03-28,5.622600078582764
2011-03-29,5.601399898529053
2011-03-30,5.589600086212158
2011-03-31,5.574100017547607
2011-04-01,5.535399913787842
2011-04-04,5.487299919128418
2011-04-05,5.486800193786621
2011-04-06,5.476200103759766
2011-04-07,5.456500053405762
2011-04-08,5.4608001708984375
2011-04-11,5.389200210571289
2011-04-12,5.457699775695801
2011-04-13,5.458799839019775
2011-04-14,5.450200080871582
2011-04-18,5.380300045013428
2011-04-19,5.474999904632568
2011-04-20,5.415800094604492
2011-04-21,5.351799964904785
2011-04-22,5.352799892425537
2011-04-25,5.350100040435791
2011-04-26,5.357500076293945
2011-04-27,5.295000076293945
2011-04-28,5.272299766540527
2011-04-29,5.230400085449219
2011-05-02,5.247000217437744
2011-05-03,5.241399765014648
2011-05-04,5.27269983291626
2011-05-05,5.320099830627441
2011-05-06,5.461900234222412
2011-05-09,5.519100189208984
2011-05-10,5.468200206756592
2011-05-11,5.416999816894531
2011-05-12,5.503900051116943
2011-05-13,5.506400108337402
2011-05-16,5.572400093078613
2011-05-17,5.563799858093262
2011-05-18,5.547500133514404
2011-05-19,5.533599853515625
2011-05-20,5.4899001121521
2011-05-23,5.54610013961792
2011-05-24,5.588500022888184
2011-05-25,5.554599761962891
2011-05-26,5.5432000160217285
2011-05-27,5.502200126647949
2011-05-30,5.427199840545654
2011-05-31,5.412600040435791
2011-06-01,5.359799861907959
2011-06-02,5.435699939727783
2011-06-03,5.366700172424316
2011-06-06,5.322500228881836
2011-06-07,5.377099990844727
2011-06-08,5.337600231170654
2011-06-09,5.3917999267578125
2011-06-10,5.413599967956543
2011-06-13,5.496799945831299
2011-06-14,5.426799774169922
2011-06-15,5.394999980926514
2011-06-16,5.54449987411499
2011-06-17,5.5121002197265625
2011-06-20,5.527200222015381
2011-06-21,5.532100200653076
2011-06-22,5.493599891662598
2011-06-23,5.4552001953125
2011-06-24,5.443900108337402
2011-06-27,5.497000217437744
2011-06-28,5.451099872589111
2011-06-29,5.423799991607666
2011-06-30,5.363500118255615
2011-07-01,5.381199836730957
2011-07-04,5.356500148773193
2011-07-05,5.335899829864502
2011-07-06,5.364999771118164
2011-07-07,5.403900146484375
2011-07-08,5.364699840545654
2011-07-11,5.43120002746582
2011-07-12,5.5131001472473145
2011-07-13,5.598700046539307
2011-07-14,5.5040998458862305
2011-07-15,5.534200191497803
2011-07-18,5.566999912261963
2011-07-19,5.566699981689453
2011-07-20,5.507599830627441
2011-07-21,5.461100101470947
2011-07-22,5.395299911499023
2011-07-25,5.40749979019165
2011-07-26,5.410299777984619
2011-07-27,5.344200134277344
2011-07-28,5.400100231170654
2011-07-29,5.399099826812744
2011-08-01,5.382400035858154
2011-08-02,5.359300136566162
2011-08-03,5.416600227355957
2011-08-04,5.354400157928467
2011-08-05,5.528600215911865
2011-08-08,5.469399929046631
2011-08-09,5.473680019378662
2011-08-10,5.446100234985352
2011-08-11,5.572199821472168
2011-08-12,5.532400131225586
2011-08-15,5.5167999267578125
2011-08-16,5.438600063323975
2011-08-17,5.438399791717529
2011-08-18,5.38700008392334
2011-08-19,5.4679999351501465
2011-08-22,5.473499774932861
2011-08-23,5.450300216674805
2011-08-24,5.426400184631348
2011-08-25,5.436500072479248
2011-08-26,5.422299861907959
2011-08-29,5.358699798583984
2011-08-30,5.334000110626221
2011-08-31,5.3592000007629395
2011-09-01,5.358799934387207
2011-09-02,5.400199890136719
2011-09-05,5.406700134277344
2011-09-06,5.451200008392334
2011-09-07,5.377200126647949
2011-09-08,5.38539981842041
2011-09-09,5.404200077056885
2011-09-12,5.5447998046875
2011-09-13,5.624499797821045
2011-09-14,5.609000205993652
2011-09-15,5.658699989318848
2011-09-16,5.564000129699707
2011-09-19,5.6092000007629395
2011-09-20,5.699999809265137
2011-09-21,5.637899875640869
2011-09-22,5.7357001304626465
2011-09-23,5.8404998779296875
2011-09-26,5.807199954986572
2011-09-27,5.760900020599365
2011-09-28,5.766200065612793
2011-09-29,5.796559810638428
2011-09-30,5.7972002029418945
2011-10-03,5.885200023651123
2011-10-04,5.912199974060059
2011-10-05,5.8780999183654785
2011-10-06,5.854700088500977
2011-10-07,5.824999809265137
2011-10-10,5.8302998542785645
2011-10-11,5.7058000564575195
2011-10-12,5.689000129699707
2011-10-13,5.627999782562256
2011-10-14,5.63640022277832
2011-10-17,5.56220006942749
2011-10-18,5.62939977645874
2011-10-19,5.6203999519348145
2011-10-20,5.610300064086914
2011-10-21,5.608699798583984
2011-10-24,5.569699764251709
2011-10-25,5.526000022888184
2011-10-26,5.532899856567383
2011-10-27,5.520699977874756
2011-10-28,5.412600040435791
2011-10-31,5.429699897766113
2011-11-01,5.551700115203857
2011-11-02,5.677599906921387
2011-11-03,5.681399822235107
2011-11-04,5.587399959564209
2011-11-07,5.610799789428711
2011-11-08,5.603499889373779
2011-11-09,5.5929999351501465
2011-11-10,5.734300136566162
2011-11-11,5.692699909210205
2011-11-14,5.617599964141846
2011-11-15,5.717100143432617
2011-11-16,5.76039981842041
2011-11-17,5.80079984664917
2011-11-18,5.815100193023682
2011-11-21,5.782899856567383
2011-11-22,5.797399997711182
2011-11-23,5.773399829864502
2011-11-24,5.860599994659424
2011-11-25,5.885799884796143
2011-11-28,5.883699893951416
2011-11-29,5.895999908447266
2011-11-30,5.844799995422363
2011-12-01,5.769999980926514
2011-12-02,5.806300163269043
2011-12-05,5.772200107574463
2011-12-06,5.7754998207092285
2011-12-07,5.746699810028076
2011-12-08,5.747200012207031
2011-12-09,5.785200119018555
2011-12-12,5.750199794769287
2011-12-13,5.846199989318848
2011-12-14,5.941299915313721
2011-12-15,5.979599952697754
2011-12-16,5.991600036621094
2011-12-19,5.960299968719482
2011-12-20,5.939700126647949
2011-12-21,5.894100189208984
2011-12-22,5.927199840545654
2011-12-23,5.935800075531006
2011-12-26,5.969200134277344
2011-12-27,5.972799777984619
2011-12-28,5.956600189208984
2011-12-29,6.016900062561035
2011-12-30,5.99459981918335
2012-01-02,5.971499919891357
2012-01-03,5.980400085449219
2012-01-04,5.911600112915039
2012-01-05,5.944900035858154
2012-01-06,6.012899875640869
2012-01-09,6.035200119018555
2012-01-10,5.99399995803833
2012-01-11,6.004499912261963
2012-01-12,6.037199974060059
2012-01-13,6.009399890899658
2012-01-16,6.064300060272217
2012-01-17,6.053500175476074
2012-01-18,6.032299995422363
2012-01-19,5.9679999351501465
2012-01-20,5.908100128173828
2012-01-23,5.937300205230713
2012-01-24,5.861599922180176
2012-01-25,5.881499767303467
2012-01-26,5.843400001525879
2012-01-27,5.83489990234375
2012-01-30,5.8003997802734375
2012-01-31,5.815899848937988
2012-02-01,5.867400169372559
2012-02-02,5.803100109100342
2012-02-03,5.828999996185303
2012-02-06,5.807499885559082
2012-02-07,5.818600177764893
2012-02-08,5.766600131988525
2012-02-09,5.762700080871582
2012-02-10,5.750500202178955
2012-02-13,5.732100009918213
2012-02-14,5.731400012969971
2012-02-15,5.733099937438965
2012-02-16,5.780749797821045
2012-02-17,5.728400230407715
2012-02-20,5.66349983215332
2012-02-21,5.684020042419434
2012-02-22,5.6860198974609375
2012-02-23,5.646599769592285
2012-02-24,5.615200042724609
2012-02-27,5.5605998039245605
2012-02-28,5.602700233459473
2012-02-29,5.55810022354126
2012-03-01,5.5879998207092285
2012-03-02,5.56879997253418
2012-03-05,5.61460018157959
2012-03-06,5.616799831390381
2012-03-07,5.6992998123168945
2012-03-08,5.654099941253662
2012-03-09,5.587299823760986
2012-03-12,5.699699878692627
2012-03-13,5.6697998046875
2012-03-14,5.6971001625061035
2012-03-15,5.825799942016602
2012-03-16,5.782899856567383
2012-03-19,5.7266998291015625
2012-03-20,5.717700004577637
2012-03-21,5.759399890899658
2012-03-22,5.749300003051758
2012-03-23,5.777900218963623
2012-03-26,5.742700099945068
2012-03-27,5.672100067138672
2012-03-28,5.702000141143799
2012-03-29,5.733099937438965
2012-03-30,5.73330020904541
2012-04-02,5.674300193786621
2012-04-03,5.6697001457214355
2012-04-04,5.726600170135498
2012-04-05,5.753600120544434
2012-04-06,5.791399955749512
2012-04-09,5.80810022354126
2012-04-10,5.773399829864502
2012-04-11,5.81220006942749
2012-04-12,5.804500102996826
2012-04-13,5.757299900054932
2012-04-16,5.800300121307373
2012-04-17,5.748600006103516
2012-04-18,5.738100051879883
2012-04-19,5.754899978637695
2012-04-20,5.745299816131592
2012-04-23,5.721099853515625
2012-04-24,5.738999843597412
2012-04-25,5.729100227355957
2012-04-26,5.713900089263916
2012-04-27,5.750699996948242
2012-04-30,5.732900142669678
2012-05-01,5.722099781036377
2012-05-02,5.715700149536133
2012-05-03,5.7428998947143555
2012-05-04,5.743800163269043
2012-05-07,5.835299968719482
2012-05-08,5.792870044708252
2012-05-09,5.8308000564575195
2012-05-10,5.833099842071533
2012-05-11,5.865799903869629
2012-05-14,5.867770195007324
2012-05-15,5.927199840545654
2012-05-16,5.99970006942749
2012-05-17,5.966700077056885
2012-05-18,5.984099864959717
2012-05-21,5.963600158691406
2012-05-22,5.927199840545654
2012-05-23,5.995800018310547
2012-05-24,5.996699810028076
2012-05-25,6.029799938201904
2012-05-28,5.994800090789795
2012-05-29,6.013500213623047
2012-05-30,6.031000137329102
2012-05-31,6.0854997634887695
2012-06-01,6.1132001876831055
2012-06-04,6.1289801597595215
2012-06-05,6.0644001960754395
2012-06-06,6.10368013381958
2012-06-07,6.06820011138916
2012-06-08,6.040900230407715
2012-06-11,5.992499828338623
2012-06-12,6.039299964904785
2012-06-13,6.006999969482422
2012-06-14,5.973959922790527
2012-06-15,5.939819812774658
2012-06-18,5.932260036468506
2012-06-19,5.977499961853027
2012-06-20,5.946199893951416
2012-06-21,5.906000137329102
2012-06-22,5.9653000831604
2012-06-25,5.971199989318848
2012-06-26,6.000539779663086
2012-06-27,6.016499996185303
2012-06-28,6.034319877624512
2012-06-29,6.060400009155273
2012-07-02,5.953499794006348
2012-07-03,5.969099998474121
2012-07-04,5.967100143432617
2012-07-05,5.990499973297119
2012-07-06,6.0482001304626465
2012-07-09,6.127600193023682
2012-07-10,6.0644001960754395
2012-07-11,6.096799850463867
2012-07-12,6.105899810791016
2012-07-13,6.106599807739258
2012-07-16,6.093200206756592
2012-07-17,6.085999965667725
2012-07-18,6.064899921417236
2012-07-19,6.093999862670898
2012-07-20,6.055099964141846
2012-07-23,6.0784502029418945
2012-07-24,6.076200008392334
2012-07-25,6.114200115203857
2012-07-26,6.078499794006348
2012-07-27,6.021200180053711
2012-07-30,6.0569000244140625
2012-07-31,6.040890216827393
2012-08-01,6.030670166015625
2012-08-02,6.038400173187256
2012-08-03,6.047399997711182
2012-08-06,5.9644598960876465
2012-08-07,5.9618000984191895
2012-08-08,5.928699970245361
2012-08-09,5.877600193023682
2012-08-10,5.917799949645996
2012-08-13,5.9226298332214355
2012-08-14,5.945799827575684
2012-08-15,5.9332098960876465
2012-08-16,5.943299770355225
2012-08-17,5.938600063323975
2012-08-20,5.910099983215332
2012-08-21,5.915599822998047
2012-08-22,5.879899978637695
2012-08-23,5.852220058441162
2012-08-24,5.826200008392334
2012-08-27,5.8302001953125
2012-08-28,5.826600074768066
2012-08-29,5.830599784851074
2012-08-30,5.821380138397217
2012-08-31,5.815299987792969
2012-09-03,5.795899868011475
2012-09-04,5.8094000816345215
2012-09-05,5.812099933624268
2012-09-06,5.827099800109863
2012-09-07,5.844200134277344
2012-09-10,5.722700119018555
2012-09-11,5.78849983215332
2012-09-12,5.765100002288818
2012-09-13,5.736770153045654
2012-09-14,5.707399845123291
2012-09-17,5.6923699378967285
2012-09-18,5.7129998207092285
2012-09-19,5.708000183105469
2012-09-20,5.698599815368652
2012-09-21,5.729800224304199
2012-09-24,5.745500087738037
2012-09-25,5.738379955291748
2012-09-26,5.726940155029297
2012-09-27,5.74429988861084
2012-09-28,5.707590103149414
2012-10-01,5.746799945831299
2012-10-02,5.729100227355957
2012-10-03,5.706600189208984
2012-10-04,5.750500202178955
2012-10-05,5.698699951171875
2012-10-08,5.680099964141846
2012-10-09,5.714700222015381
2012-10-10,5.742499828338623
2012-10-11,5.734889984130859
2012-10-12,5.704949855804443
2012-10-15,5.720300197601318
2012-10-16,5.6992998123168945
2012-10-17,5.645999908447266
2012-10-18,5.636199951171875
2012-10-19,5.633800029754639
2012-10-22,5.661230087280273
2012-10-23,5.666800022125244
2012-10-24,5.731599807739258
2012-10-25,5.747600078582764
2012-10-26,5.7733001708984375
2012-10-29,5.770699977874756
2012-10-30,5.763000011444092
2012-10-31,5.729700088500977
2012-11-01,5.696400165557861
2012-11-02,5.675000190734863
2012-11-05,5.733240127563477
2012-11-06,5.7266998291015625
2012-11-07,5.713900089263916
2012-11-08,5.742099761962891
2012-11-09,5.721049785614014
2012-11-12,5.738900184631348
2012-11-13,5.745140075683594
2012-11-14,5.764800071716309
2012-11-15,5.758200168609619
2012-11-16,5.754199981689453
2012-11-19,5.779540061950684
2012-11-20,5.749670028686523
2012-11-21,5.735599994659424
2012-11-22,5.6974101066589355
2012-11-23,5.684700012207031
2012-11-26,5.662559986114502
2012-11-27,5.642499923706055
2012-11-28,5.691299915313721
2012-11-29,5.664400100708008
2012-11-30,5.686500072479248
2012-12-03,5.6753997802734375
2012-12-04,5.629899978637695
2012-12-05,5.618319988250732
2012-12-06,5.624000072479248
2012-12-07,5.652160167694092
2012-12-10,5.683899879455566
2012-12-11,5.668099880218506
2012-12-12,5.641970157623291
2012-12-13,5.622000217437744
2012-12-14,5.623040199279785
2012-12-17,5.621310234069824
2012-12-18,5.611100196838379
2012-12-19,5.5970001220703125
2012-12-20,5.576519966125488
2012-12-21,5.557400226593018
2012-12-24,5.572700023651123
2012-12-25,5.597400188446045
2012-12-26,5.592529773712158
2012-12-27,5.587950229644775
2012-12-28,5.56850004196167
2012-12-31,5.575699806213379
2013-01-01,5.545000076293945
2013-01-02,5.557300090789795
2013-01-03,5.544529914855957
2013-01-04,5.589700222015381
2013-01-07,5.608550071716309
2013-01-08,5.576550006866455
2013-01-09,5.596290111541748
2013-01-10,5.59945011138916
2013-01-11,5.5218000411987305
2013-01-14,5.51669979095459
2013-01-15,5.5040998458862305
2013-01-16,5.567599773406982
2013-01-17,5.569119930267334
2013-01-18,5.568729877471924
2013-01-21,5.601900100708008
2013-01-22,5.60099983215332
2013-01-23,5.579929828643799
2013-01-24,5.561399936676025
2013-01-25,5.535900115966797
2013-01-28,5.521900177001953
2013-01-29,5.5365400314331055
2013-01-30,5.496099948883057
2013-01-31,5.46999979019165
2013-02-01,5.454599857330322
2013-02-04,5.449100017547607
2013-02-05,5.475800037384033
2013-02-06,5.474309921264648
2013-02-07,5.494800090789795
2013-02-08,5.523200035095215
2013-02-11,5.535799980163574
2013-02-12,5.499879837036133
2013-02-13,5.482669830322266
2013-02-14,5.478390216827393
2013-02-15,5.5417799949646
2013-02-18,5.549220085144043
2013-02-19,5.554800033569336
2013-02-20,5.532249927520752
2013-02-21,5.601099967956543
2013-02-22,5.675429821014404
2013-02-25,5.6616997718811035
2013-02-26,5.69350004196167
2013-02-27,5.692399978637695
2013-02-28,5.681049823760986
2013-03-01,5.731100082397461
2013-03-04,5.747590065002441
2013-03-05,5.709499835968018
2013-03-06,5.694859981536865
2013-03-07,5.716080188751221
2013-03-08,5.66510009765625
2013-03-11,5.730000019073486
2013-03-12,5.723899841308594
2013-03-13,5.704899787902832
2013-03-14,5.739170074462891
2013-03-15,5.788449764251709
2013-03-18,5.80649995803833
2013-03-19,5.793600082397461
2013-03-20,5.839369773864746
2013-03-21,5.842860221862793
2013-03-22,5.833899974822998
2013-03-25,5.786200046539307
2013-03-26,5.83620023727417
2013-03-27,5.826099872589111
2013-03-28,5.852499961853027
2013-03-29,5.838900089263916
2013-04-01,5.848299980163574
2013-04-02,5.818299770355225
2013-04-03,5.81328010559082
2013-04-04,5.8125901222229
2013-04-05,5.785820007324219
2013-04-08,5.7266998291015625
2013-04-09,5.733500003814697
2013-04-10,5.708549976348877
2013-04-11,5.753799915313721
2013-04-12,5.699699878692627
2013-04-15,5.718599796295166
2013-04-16,5.755300045013428
2013-04-17,5.723599910736084
2013-04-18,5.805099964141846
2013-04-19,5.818459987640381
2013-04-22,5.814499855041504
2013-04-23,5.84837007522583
2013-04-24,5.920599937438965
2013-04-25,5.893499851226807
2013-04-26,5.873499870300293
2013-04-29,5.84660005569458
2013-04-30,5.808899879455566
2013-05-01,5.767240047454834
2013-05-02,5.764599800109863
2013-05-03,5.8003997802734375
2013-05-06,5.799600124359131
2013-05-07,5.83620023727417
2013-05-08,5.840799808502197
2013-05-09,5.743470191955566
2013-05-10,5.782149791717529
2013-05-13,5.80079984664917
2013-05-14,5.792540073394775
2013-05-15,5.8256001472473145
2013-05-16,5.846749782562256
2013-05-17,5.826230049133301
2013-05-20,5.855599880218506
2013-05-21,5.827199935913086
2013-05-22,5.783299922943115
2013-05-23,5.827789783477783
2013-05-24,5.826099872589111
2013-05-27,5.822470188140869
2013-05-28,5.841400146484375
2013-05-29,5.895400047302246
2013-05-30,5.8917999267578125
2013-05-31,5.827899932861328
2013-06-03,5.8689799308776855
2013-06-04,5.804520130157471
2013-06-05,5.81220006942749
2013-06-06,5.805650234222412
2013-06-07,5.747739791870117
2013-06-10,5.767769813537598
2013-06-11,5.759220123291016
2013-06-12,5.7748799324035645
2013-06-13,5.752900123596191
2013-06-14,5.739449977874756
2013-06-17,5.7052001953125
2013-06-18,5.729700088500977
2013-06-19,5.734899997711182
2013-06-20,5.774630069732666
2013-06-21,5.988999843597412
2013-06-24,6.072700023651123
2013-06-25,6.112199783325195
2013-06-26,6.0858001708984375
2013-06-27,6.101590156555176
2013-06-28,6.039030075073242
2013-07-01,6.068840026855469
2013-07-02,6.104450225830078
2013-07-03,6.102499961853027
2013-07-04,6.1072001457214355
2013-07-05,6.104000091552734
2013-07-08,6.249959945678711
2013-07-09,6.139969825744629
2013-07-10,6.18271017074585
2013-07-11,5.967470169067383
2013-07-12,6.053899765014648
2013-07-15,6.0630998611450195
2013-07-16,6.059589862823486
2013-07-17,5.988699913024902
2013-07-18,5.986599922180176
2013-07-19,5.9778900146484375
2013-07-22,5.967100143432617
2013-07-23,5.9328999519348145
2013-07-24,5.871890068054199
2013-07-25,5.929500102996826
2013-07-26,5.904160022735596
2013-07-29,5.9011101722717285
2013-07-30,5.933499813079834
2013-07-31,5.9328999519348145
2013-08-01,5.8931097984313965
2013-08-02,5.94980001449585
2013-08-05,5.933619976043701
2013-08-06,5.91648006439209
2013-08-07,5.917900085449219
2013-08-08,5.899489879608154
2013-08-09,5.903540134429932
2013-08-12,5.847280025482178
2013-08-13,5.87352991104126
2013-08-14,5.890560150146484
2013-08-15,5.884099960327148
2013-08-16,5.908470153808594
2013-08-19,5.915800094604492
2013-08-20,5.91480016708374
2013-08-21,5.94890022277832
2013-08-22,6.078869819641113
2013-08-23,6.096439838409424
2013-08-26,6.015970230102539
2013-08-27,6.032919883728027
2013-08-28,6.008289813995361
2013-08-29,6.048099994659424
2013-08-30,6.090099811553955
2013-09-02,6.11221981048584
2013-09-03,6.081500053405762
2013-09-04,6.067619800567627
2013-09-05,6.058889865875244
2013-09-06,6.127289772033691
2013-09-09,6.0700201988220215
2013-09-10,6.005650043487549
2013-09-11,5.9186201095581055
2013-09-12,5.909999847412109
2013-09-13,5.880000114440918
2013-09-16,5.904069900512695
2013-09-17,5.906469821929932
2013-09-18,5.90500020980835
2013-09-19,5.8136701583862305
2013-09-20,5.8262200355529785
2013-09-23,5.9211201667785645
2013-09-24,5.924499988555908
2013-09-25,5.972430229187012
2013-09-26,6.006700038909912
2013-09-27,5.976319789886475
2013-09-30,6.000770092010498
2013-10-01,6.004879951477051
2013-10-02,5.99137020111084
2013-10-03,6.003200054168701
2013-10-04,5.9471001625061035
2013-10-07,5.962289810180664
2013-10-09,5.960239887237549
2013-10-10,6.000699996948242
2013-10-11,6.0335001945495605
2013-10-14,5.995719909667969
2013-10-15,5.974709987640381
2013-10-16,6.016200065612793
2013-10-17,5.9954400062561035
2013-10-18,5.932139873504639
2013-10-21,5.900899887084961
2013-10-22,5.916719913482666
2013-10-23,5.895150184631348
2013-10-24,5.9187798500061035
2013-10-25,5.893189907073975
2013-10-28,5.887499809265137
2013-10-29,5.897500038146973
2013-10-30,5.896500110626221
2013-10-31,5.90339994430542
2013-11-01,5.9430999755859375
2013-11-04,5.96189022064209
2013-11-05,5.947000026702881
2013-11-06,5.984499931335449
2013-11-07,5.953110218048096
2013-11-08,6.0483598709106445
2013-11-11,6.154069900512695
2013-11-12,6.144999980926514
2013-11-13,6.187950134277344
2013-11-14,6.162439823150635
2013-11-15,6.156949996948242
2013-11-18,6.110030174255371
2013-11-19,6.129049777984619
2013-11-20,6.079500198364258
2013-11-21,6.124599933624268
2013-11-22,6.094490051269531
2013-11-25,6.065470218658447
2013-11-26,6.093800067901611
2013-11-27,6.091639995574951
2013-11-28,6.104100227355957
2013-11-29,6.08512020111084
2013-12-02,6.12647008895874
2013-12-03,6.119959831237793
2013-12-04,6.097799777984619
2013-12-05,6.149789810180664
2013-12-06,6.1483001708984375
2013-12-09,6.142560005187988
2013-12-10,6.135200023651123
2013-12-11,6.105130195617676
2013-12-12,6.145249843597412
2013-12-13,6.196300029754639
2013-12-16,6.184289932250977
2013-12-17,6.146599769592285
2013-12-18,6.106780052185059
2013-12-19,6.14040994644165
2013-12-20,6.147200107574463
2013-12-23,6.148859977722168
2013-12-24,6.140429973602295
2013-12-25,6.147449970245361
2013-12-26,6.149240016937256
2013-12-27,6.133699893951416
2013-12-30,6.135819911956787
2013-12-31,6.069799900054932
2014-01-01,6.063079833984375
2014-01-02,6.064529895782471
2014-01-03,6.168829917907715
2014-01-06,6.148270130157471
2014-01-07,6.166259765625
2014-01-08,6.166230201721191
2014-01-09,6.203800201416016
2014-01-10,6.175389766693115
2014-01-13,6.143119812011719
2014-01-14,6.115200042724609
2014-01-15,6.084549903869629
2014-01-16,6.134099960327148
2014-01-17,6.179510116577148
2014-01-20,6.158070087432861
2014-01-21,6.178500175476074
2014-01-22,6.168600082397461
2014-01-23,6.163390159606934
2014-01-24,6.0884599685668945
2014-01-27,6.126999855041504
2014-01-28,6.145170211791992
2014-01-29,6.127620220184326
2014-01-30,6.168600082397461
2014-01-31,6.23960018157959
2014-02-03,6.273439884185791
2014-02-04,6.28380012512207
2014-02-05,6.284999847412109
2014-02-06,6.229100227355957
2014-02-07,6.206099987030029
2014-02-10,6.173940181732178
2014-02-11,6.12647008895874
2014-02-12,6.124120235443115
2014-02-13,6.117000102996826
2014-02-14,6.102260112762451
2014-02-17,6.073599815368652
2014-02-18,6.07958984375
2014-02-19,6.034090042114258
2014-02-20,6.0746002197265625
2014-02-21,6.094900131225586
2014-02-24,6.0721001625061035
2014-02-25,6.0313801765441895
2014-02-26,6.033050060272217
2014-02-27,6.050270080566406
2014-02-28,6.037290096282959
2014-03-03,6.008910179138184
2014-03-04,6.045989990234375
2014-03-05,6.009099960327148
2014-03-06,5.9954400062561035
2014-03-07,5.97189998626709
2014-03-10,5.981900215148926
2014-03-11,5.952439785003662
2014-03-12,5.952099800109863
2014-03-13,5.946589946746826
2014-03-14,5.964200019836426
2014-03-17,5.969900131225586
2014-03-18,5.9516401290893555
2014-03-19,5.951809883117676
2014-03-20,6.038300037384033
2014-03-21,6.059629917144775
2014-03-24,6.048999786376953
2014-03-25,6.019000053405762
2014-03-26,6.027919769287109
2014-03-27,6.044839859008789
2014-03-28,5.999730110168457
2014-03-31,6.000500202178955
2014-04-01,5.982729911804199
2014-04-02,5.979410171508789
2014-04-03,5.971159934997559
2014-04-04,6.001500129699707
2014-04-07,5.991199970245361
2014-04-08,5.989099979400635
2014-04-09,5.9730000495910645
2014-04-10,5.932499885559082
2014-04-11,5.9253997802734375
2014-04-14,5.943160057067871
2014-04-15,5.961699962615967
2014-04-16,5.951690196990967
2014-04-17,5.97353982925415
2014-04-18,5.984950065612793
2014-04-21,5.983139991760254
2014-04-22,5.9942498207092285
2014-04-23,5.98769998550415
2014-04-24,5.988450050354004
2014-04-25,5.992129802703857
2014-04-28,6.0038299560546875
2014-04-29,5.997459888458252
2014-04-30,6.004799842834473
2014-05-01,5.942619800567627
2014-05-02,5.9439802169799805
2014-05-05,5.931819915771484
2014-05-06,5.952139854431152
2014-05-07,5.916959762573242
2014-05-08,5.908390045166016
2014-05-09,5.8953399658203125
2014-05-12,5.905379772186279
2014-05-13,5.917329788208008
2014-05-14,5.915559768676758
2014-05-15,5.921030044555664
2014-05-16,5.9446001052856445
2014-05-19,5.9303998947143555
2014-05-20,5.93064022064209
2014-05-21,5.951129913330078
2014-05-22,5.946229934692383
2014-05-23,5.944620132446289
2014-05-26,5.963560104370117
2014-05-27,5.9567999839782715
2014-05-28,5.952469825744629
2014-05-29,5.9654998779296875
2014-05-30,5.964879989624023
2014-06-02,5.9766998291015625
2014-06-03,5.9917497634887695
2014-06-04,5.999509811401367
2014-06-05,6.000400066375732
2014-06-06,5.976840019226074
2014-06-09,5.944200038909912
2014-06-10,5.968319892883301
2014-06-11,5.979599952697754
2014-06-12,5.99806022644043
2014-06-13,5.984600067138672
2014-06-16,5.9926300048828125
2014-06-17,5.983719825744629
2014-06-18,5.997700214385986
2014-06-19,6.008039951324463
2014-06-20,6.121829986572266
2014-06-23,6.1286301612854
2014-06-24,6.108230113983154
2014-06-25,6.108699798583984
2014-06-26,6.131080150604248
2014-06-27,6.131309986114502
2014-06-30,6.126500129699707
2014-07-01,6.1305999755859375
2014-07-02,6.1624298095703125
2014-07-03,6.173590183258057
2014-07-04,6.1905999183654785
2014-07-07,6.188000202178955
2014-07-08,6.159900188446045
2014-07-09,6.185219764709473
2014-07-10,6.152029991149902
2014-07-11,6.169000148773193
2014-07-14,6.174620151519775
2014-07-15,6.179699897766113
2014-07-16,6.2084197998046875
2014-07-17,6.195499897003174
2014-07-18,6.213630199432373
2014-07-21,6.187759876251221
2014-07-22,6.194779872894287
2014-07-23,6.186500072479248
2014-07-24,6.196300029754639
2014-07-25,6.200439929962158
2014-07-28,6.215740203857422
2014-07-29,6.226950168609619
2014-07-30,6.246699810028076
2014-07-31,6.252120018005371
2014-08-01,6.282599925994873
2014-08-04,6.263999938964844
2014-08-05,6.260990142822266
2014-08-06,6.27869987487793
2014-08-07,6.263629913330078
2014-08-08,6.246079921722412
2014-08-11,6.231629848480225
2014-08-12,6.182499885559082
2014-08-13,6.1809000968933105
2014-08-14,6.154439926147461
2014-08-15,6.155129909515381
2014-08-18,6.138130187988281
2014-08-19,6.156929969787598
2014-08-20,6.1631999015808105
2014-08-21,6.188399791717529
2014-08-22,6.147640228271484
2014-08-25,6.179299831390381
2014-08-26,6.175839900970459
2014-08-27,6.17717981338501
2014-08-28,6.178080081939697
2014-08-29,6.17480993270874
2014-09-01,6.196100234985352
2014-09-02,6.187220096588135
2014-09-03,6.191199779510498
2014-09-04,6.217390060424805
2014-09-05,6.268099784851074
2014-09-08,6.281499862670898
2014-09-09,6.332499980926514
2014-09-10,6.338890075683594
2014-09-11,6.340400218963623
2014-09-12,6.376820087432861
2014-09-15,6.360020160675049
2014-09-16,6.396100044250488
2014-09-17,6.398029804229736
2014-09-18,6.440989971160889
2014-09-19,6.320529937744141
2014-09-22,6.353539943695068
2014-09-23,6.343570232391357
2014-09-24,6.348400115966797
2014-09-25,6.393129825592041
2014-09-26,6.39300012588501
2014-09-29,6.460100173950195
2014-09-30,6.440999984741211
2014-10-01,6.428549766540527
2014-10-02,6.443570137023926
2014-10-03,6.443230152130127
2014-10-06,6.52603006362915
2014-10-07,6.478270053863525
2014-10-08,6.458620071411133
2014-10-09,6.436759948730469
2014-10-10,6.473259925842285
2014-10-13,6.510469913482666
2014-10-14,6.487380027770996
2014-10-15,6.579400062561035
2014-10-16,6.548890113830566
2014-10-17,6.563310146331787
2014-10-20,6.545300006866455
2014-10-21,6.557700157165527
2014-10-22,6.567759990692139
2014-10-23,6.614560127258301
2014-10-24,6.567969799041748
2014-10-27,6.585239887237549
2014-10-28,6.584320068359375
2014-10-29,6.610599994659424
2014-10-30,6.700890064239502
2014-10-31,6.702199935913086
2014-11-03,6.761899948120117
2014-11-04,6.796899795532227
2014-11-05,6.8567399978637695
2014-11-06,6.829959869384766
2014-11-07,6.866789817810059
2014-11-10,6.800909996032715
2014-11-11,6.809700012207031
2014-11-12,6.793399810791016
2014-11-13,6.8084001541137695
2014-11-14,6.788249969482422
2014-11-17,6.745610237121582
2014-11-18,6.784599781036377
2014-11-19,6.735799789428711
2014-11-20,6.807300090789795
2014-11-21,6.7665300369262695
2014-11-24,6.794069766998291
2014-11-25,6.796299934387207
2014-11-26,6.79640007019043
2014-11-27,6.830399990081787
2014-11-28,6.931119918823242
2014-12-01,7.0542402267456055
2014-12-02,6.941299915313721
2014-12-03,7.02446985244751
2014-12-04,7.025179862976074
2014-12-05,7.05709981918335
2014-12-08,7.136940002441406
2014-12-09,7.1682000160217285
2014-12-10,7.103559970855713
2014-12-11,7.140520095825195
2014-12-12,7.31102991104126
2014-12-15,7.357439994812012
2014-12-16,7.4527201652526855
2014-12-17,7.443470001220703
2014-12-18,7.4342498779296875
2014-12-19,7.374100208282471
2014-12-22,7.365379810333252
2014-12-23,7.4280900955200195
2014-12-24,7.421299934387207
2014-12-25,7.443220138549805
2014-12-26,7.435100078582764
2014-12-29,7.464950084686279
2014-12-30,7.4497199058532715
2014-12-31,7.416319847106934
2015-01-01,7.452700138092041
2015-01-02,7.455780029296875
2015-01-05,7.603640079498291
2015-01-06,7.633800029754639
2015-01-07,7.7436699867248535
2015-01-08,7.697500228881836
2015-01-09,7.619900226593018
2015-01-12,7.644229888916016
2015-01-13,7.739799976348877
2015-01-14,7.736569881439209
2015-01-15,7.619900226593018
2015-01-16,7.599520206451416
2015-01-19,7.553199768066406
2015-01-20,7.637619972229004
2015-01-21,7.682499885559082
2015-01-22,7.574699878692627
2015-01-23,7.654369831085205
2015-01-26,7.787199974060059
2015-01-27,7.785439968109131
2015-01-28,7.731900215148926
2015-01-29,7.8180999755859375
2015-01-30,7.814300060272217
2015-02-02,7.717010021209717
2015-02-03,7.647449970245361
2015-02-04,7.530980110168457
2015-02-05,7.625800132751465
2015-02-06,7.510819911956787
2015-02-09,7.6072998046875
2015-02-10,7.594940185546875
2015-02-11,7.571700096130371
2015-02-12,7.672220230102539
2015-02-13,7.638840198516846
2015-02-16,7.5696001052856445
2015-02-17,7.579850196838379
2015-02-18,7.518700122833252
2015-02-19,7.5243000984191895
2015-02-20,7.584390163421631
2015-02-23,7.5387701988220215
2015-02-24,7.619900226593018
2015-02-25,7.5833001136779785
2015-02-26,7.537720203399658
2015-02-27,7.650310039520264
2015-03-02,7.674180030822754
2015-03-03,7.691100120544434
2015-03-04,7.700900077819824
2015-03-05,7.768089771270752
2015-03-06,7.7192702293396
2015-03-09,7.889200210571289
2015-03-10,7.941539764404297
2015-03-11,8.088319778442383
2015-03-12,8.200980186462402
2015-03-13,8.112319946289062
2015-03-16,8.207500457763672
2015-03-17,8.261199951171875
2015-03-18,8.310959815979004
2015-03-19,8.187620162963867
2015-03-20,8.083999633789062
2015-03-23,8.020649909973145
2015-03-24,7.882599830627441
2015-03-25,7.870460033416748
2015-03-26,7.842490196228027
2015-03-27,7.905300140380859
2015-03-30,7.969019889831543
2015-03-31,8.007699966430664
2015-04-01,8.06013011932373
2015-04-02,8.01941967010498
2015-04-03,7.990019798278809
2015-04-06,7.912519931793213
2015-04-07,7.938320159912109
2015-04-08,8.066100120544434
2015-04-09,8.05502986907959
2015-04-10,8.086299896240234
2015-04-13,8.1074800491333
2015-04-14,8.082799911499023
2015-04-15,7.952899932861328
2015-04-16,7.809820175170898
2015-04-17,7.750909805297852
2015-04-20,7.828100204467773
2015-04-21,7.877019882202148
2015-04-22,7.875639915466309
2015-04-23,7.895989894866943
2015-04-24,7.837850093841553
2015-04-27,7.7813801765441895
2015-04-28,7.731420040130615
2015-04-29,7.647600173950195
2015-04-30,7.523240089416504
2015-05-01,7.538269996643066
2015-05-04,7.603899955749512
2015-05-05,7.583640098571777
2015-05-06,7.579740047454834
2015-05-07,7.427700042724609
2015-05-08,7.4609198570251465
2015-05-11,7.4894700050354
2015-05-12,7.565430164337158
2015-05-13,7.477059841156006
2015-05-14,7.387549877166748
2015-05-15,7.3719000816345215
2015-05-18,7.316699981689453
2015-05-19,7.400629997253418
2015-05-20,7.532760143280029
2015-05-21,7.5706000328063965
2015-05-22,7.557030200958252
2015-05-25,7.651820182800293
2015-05-26,7.649199962615967
2015-05-27,7.747900009155273
2015-05-28,7.776800155639648
2015-05-29,7.791609764099121
2015-06-01,7.780109882354736
2015-06-02,7.957300186157227
2015-06-03,7.831299781799316
2015-06-04,7.766469955444336
2015-06-05,7.77209997177124
2015-06-08,7.9621500968933105
2015-06-09,7.8179497718811035
2015-06-10,7.765890121459961
2015-06-11,7.773399829864502
2015-06-12,7.851359844207764
2015-06-15,7.766739845275879
2015-06-16,7.7548298835754395
2015-06-17,7.762730121612549
2015-06-18,7.646299839019775
2015-06-19,7.775899887084961
2015-06-22,7.724999904632568
2015-06-23,7.7336201667785645
2015-06-24,7.822000026702881
2015-06-25,7.8343400955200195
2015-06-26,7.807559967041016
2015-06-29,7.9253997802734375
2015-06-30,7.871230125427246
2015-07-01,7.8526201248168945
2015-07-02,7.928040027618408
2015-07-03,7.954909801483154
2015-07-06,8.065019607543945
2015-07-07,8.083000183105469
2015-07-08,8.171259880065918
2015-07-09,8.22659969329834
2015-07-10,8.12279987335205
2015-07-13,8.012370109558105
2015-07-14,8.09060001373291
2015-07-15,8.118300437927246
2015-07-16,8.159729957580566
2015-07-17,8.160690307617188
2015-07-20,8.171529769897461
2015-07-21,8.219099998474121
2015-07-22,8.10420036315918
2015-07-23,8.15188980102539
2015-07-24,8.167380332946777
2015-07-27,8.206729888916016
2015-07-28,8.170929908752441
2015-07-29,8.155989646911621
2015-07-30,8.151280403137207
2015-07-31,8.157010078430176
2015-08-03,8.18019962310791
2015-08-04,8.242199897766113
2015-08-05,8.285619735717773
2015-08-06,8.250089645385742
2015-08-07,8.26846981048584
2015-08-10,8.264860153198242
2015-08-11,8.196100234985352
2015-08-12,8.269700050354004
2015-08-13,8.14877986907959
2015-08-14,8.20359992980957
2015-08-17,8.234399795532227
2015-08-18,8.206100463867188
2015-08-19,8.27715015411377
2015-08-20,8.291899681091309
2015-08-21,8.232049942016602
2015-08-24,8.213520050048828
2015-08-25,8.232009887695312
2015-08-26,8.1976900100708
2015-08-27,8.358070373535156
2015-08-28,8.299771308898926
2015-08-31,8.274359703063965
2015-09-01,8.258270263671875
2015-09-02,8.295929908752441
2015-09-03,8.243619918823242
2015-09-04,8.261409759521484
2015-09-07,8.304731369018555
2015-09-08,8.323969841003418
2015-09-09,8.228019714355469
2015-09-10,8.215129852294922
2015-09-11,8.166170120239258
2015-09-14,8.13263988494873
2015-09-15,8.18960952758789
2015-09-16,8.18416976928711
2015-09-17,8.144261360168457
2015-09-18,8.107600212097168
2015-09-21,8.163000106811523
2015-09-22,8.218230247497559
2015-09-23,8.293149948120117
2015-09-24,8.279990196228027
2015-09-25,8.470239639282227
2015-09-28,8.505889892578125
2015-09-29,8.53794002532959
2015-09-30,8.466170310974121
2015-10-01,8.51990032196045
2015-10-02,8.43416976928711
2015-10-05,8.379199981689453
2015-10-06,8.401800155639648
2015-10-07,8.279041290283203
2015-10-08,8.201910018920898
2015-10-09,8.1414213180542
2015-10-12,8.073860168457031
2015-10-13,8.096420288085938
2015-10-14,8.1427001953125
2015-10-15,8.081119537353516
2015-10-16,8.100179672241211
2015-10-19,8.115019798278809
2015-10-20,8.124850273132324
2015-10-21,8.122610092163086
2015-10-22,8.181599617004395
2015-10-23,8.296110153198242
2015-10-26,8.393500328063965
2015-10-27,8.323639869689941
2015-10-28,8.463459968566895
2015-10-29,8.571100234985352
2015-10-30,8.553190231323242
2015-11-02,8.46737003326416
2015-11-03,8.488129615783691
2015-11-04,8.502599716186523
2015-11-05,8.647500038146973
2015-11-06,8.55111026763916
2015-11-09,8.653300285339355
2015-11-10,8.650679588317871
2015-11-11,8.601070404052734
2015-11-12,8.604419708251953
2015-11-13,8.664999961853027
2015-11-16,8.72305965423584
2015-11-17,8.69968032836914
2015-11-18,8.678999900817871
2015-11-19,8.658960342407227
2015-11-20,8.602299690246582
2015-11-23,8.635669708251953
2015-11-24,8.645330429077148
2015-11-25,8.641500473022461
2015-11-26,8.64404010772705
2015-11-27,8.662220001220703
2015-11-30,8.704299926757812
2015-12-01,8.68556022644043
2015-12-02,8.62594985961914
2015-12-03,8.64663028717041
2015-12-04,8.499529838562012
2015-12-07,8.519869804382324
2015-12-08,8.663599967956543
2015-12-09,8.757829666137695
2015-12-10,8.672419548034668
2015-12-11,8.641759872436523
2015-12-14,8.68336009979248
2015-12-15,8.654800415039062
2015-12-16,8.68770980834961
2015-12-17,8.775489807128906
2015-12-18,8.759679794311523
2015-12-21,8.748530387878418
2015-12-22,8.77239990234375
2015-12-23,8.718600273132324
2015-12-24,8.713709831237793
2015-12-25,8.70833969116211
2015-12-28,8.65762996673584
2015-12-29,8.688300132751465
2015-12-30,8.694540023803711
2015-12-31,8.782259941101074
2016-01-01,8.858480453491211
2016-01-04,8.82863998413086
2016-01-05,8.878450393676758
2016-01-06,8.905850410461426
2016-01-07,8.946049690246582
2016-01-08,8.88578987121582
2016-01-11,8.871060371398926
2016-01-12,8.940299987792969
2016-01-13,8.874990463256836
2016-01-14,8.820059776306152
2016-01-15,8.76278018951416
2016-01-18,8.849349975585938
2016-01-19,8.893969535827637
2016-01-20,8.810580253601074
2016-01-21,8.877479553222656
2016-01-22,8.7808198928833
2016-01-25,8.734600067138672
2016-01-26,8.757699966430664
2016-01-27,8.705100059509277
2016-01-28,8.65287971496582
2016-01-29,8.614649772644043
2016-02-01,8.685449600219727
2016-02-02,8.680450439453125
2016-02-03,8.719679832458496
2016-02-04,8.563610076904297
2016-02-05,8.496109962463379
2016-02-08,8.56177043914795
2016-02-09,8.583160400390625
2016-02-10,8.581000328063965
2016-02-11,8.514100074768066
2016-02-12,8.554200172424316
2016-02-15,8.591329574584961
2016-02-16,8.60949993133545
2016-02-17,8.6274995803833
2016-02-18,8.54833984375
2016-02-19,8.589400291442871
2016-02-22,8.56410026550293
2016-02-23,8.60696029663086
2016-02-24,8.599780082702637
2016-02-25,8.666279792785645
2016-02-26,8.623220443725586
2016-02-29,8.691109657287598
2016-03-01,8.685839653015137
2016-03-02,8.640210151672363
2016-03-03,8.661239624023438
2016-03-04,8.58329963684082
2016-03-07,8.491080284118652
2016-03-08,8.503700256347656
2016-03-09,8.565600395202637
2016-03-10,8.529680252075195
2016-03-11,8.507340431213379
2016-03-14,8.410449981689453
2016-03-15,8.469690322875977
2016-03-16,8.551440238952637
2016-03-17,8.4476900100708
2016-03-18,8.319849967956543
2016-03-21,8.37697982788086
2016-03-22,8.406089782714844
2016-03-23,8.399299621582031
2016-03-24,8.479080200195312
2016-03-25,8.48501968383789
2016-03-28,8.485980033874512
2016-03-29,8.427470207214355
2016-03-30,8.39229965209961
2016-03-31,8.30862045288086
2016-04-01,8.272970199584961
2016-04-04,8.309470176696777
2016-04-05,8.331500053405762
2016-04-06,8.331399917602539
2016-04-07,8.316459655761719
2016-04-08,8.329440116882324
2016-04-11,8.223581314086914
2016-04-12,8.196040153503418
2016-04-13,8.170599937438965
2016-04-14,8.230231285095215
2016-04-15,8.231619834899902
2016-04-18,8.312100410461426
2016-04-19,8.215749740600586
2016-04-20,8.132530212402344
2016-04-21,8.107250213623047
2016-04-22,8.200369834899902
2016-04-25,8.234199523925781
2016-04-26,8.202449798583984
2016-04-27,8.158300399780273
2016-04-28,8.146260261535645
2016-04-29,8.134381294250488
2016-05-02,8.049469947814941
2016-05-03,8.022749900817871
2016-05-04,8.114899635314941
2016-05-05,8.153289794921875
2016-05-06,8.171730041503906
2016-05-09,8.20557975769043
2016-05-10,8.210410118103027
2016-05-11,8.2012300491333
2016-05-12,8.153329849243164
2016-05-13,8.125670433044434
2016-05-16,8.193811416625977
2016-05-17,8.16100025177002
2016-05-18,8.183199882507324
2016-05-19,8.307640075683594
2016-05-20,8.348799705505371
2016-05-23,8.323590278625488
2016-05-24,8.355449676513672
2016-05-25,8.355520248413086
2016-05-26,8.317770004272461
2016-05-27,8.27122974395752
2016-05-30,8.340100288391113
2016-05-31,8.329350471496582
2016-06-01,8.370711326599121
2016-06-02,8.30150032043457
2016-06-03,8.330699920654297
2016-06-06,8.176480293273926
2016-06-07,8.170490264892578
2016-06-08,8.122170448303223
2016-06-09,8.0908203125
2016-06-10,8.153800010681152
2016-06-13,8.272040367126465
2016-06-14,8.273969650268555
2016-06-15,8.35004997253418
2016-06-16,8.30700969696045
2016-06-17,8.36283016204834
2016-06-20,8.2849702835083
2016-06-21,8.275871276855469
2016-06-22,8.30636978149414
2016-06-23,8.23861026763916
2016-06-24,8.220959663391113
2016-06-27,8.53361988067627
2016-06-28,8.5658597946167
2016-06-29,8.46969985961914
2016-06-30,8.383041381835938
2016-07-01,8.352089881896973
2016-07-04,8.333869934082031
2016-07-05,8.29358959197998
2016-07-06,8.411029815673828
2016-07-07,8.433500289916992
2016-07-08,8.498820304870605
2016-07-11,8.527839660644531
2016-07-12,8.502019882202148
2016-07-13,8.439399719238281
2016-07-14,8.422240257263184
2016-07-15,8.37843132019043
2016-07-18,8.468029975891113
2016-07-19,8.434160232543945
2016-07-20,8.508399963378906
2016-07-21,8.49804973602295
2016-07-22,8.477879524230957
2016-07-25,8.55226993560791
2016-07-26,8.583250045776367
2016-07-27,8.572380065917969
2016-07-28,8.529080390930176
2016-07-29,8.553059577941895
2016-08-01,8.43982982635498
2016-08-02,8.495389938354492
2016-08-03,8.432000160217285
2016-08-04,8.453550338745117
2016-08-05,8.418780326843262
2016-08-08,8.50940990447998
2016-08-09,8.466819763183594
2016-08-10,8.405799865722656
2016-08-11,8.259400367736816
2016-08-12,8.237310409545898
2016-08-15,8.208900451660156
2016-08-16,8.217260360717773
2016-08-17,8.191559791564941
2016-08-18,8.196511268615723
2016-08-19,8.152899742126465
2016-08-22,8.240900039672852
2016-08-23,8.20680046081543
2016-08-24,8.21045970916748
2016-08-25,8.21399974822998
2016-08-26,8.21992015838623
2016-08-29,8.28320026397705
2016-08-30,8.269599914550781
2016-08-31,8.33899974822998
2016-09-01,8.333270072937012
2016-09-02,8.327659606933594
2016-09-05,8.306659698486328
2016-09-06,8.293000221252441
2016-09-07,8.176300048828125
2016-09-08,8.178730010986328
2016-09-09,8.182821273803711
2016-09-12,8.245800018310547
2016-09-13,8.221750259399414
2016-09-14,8.274700164794922
2016-09-15,8.233869552612305
2016-09-16,8.233169555664062
2016-09-19,8.31503963470459
2016-09-20,8.28557014465332
2016-09-21,8.29800033569336
2016-09-22,8.248419761657715
2016-09-23,8.128190040588379
2016-09-26,8.104869842529297
2016-09-27,8.108400344848633
2016-09-28,8.10552978515625
2016-09-29,8.024160385131836
2016-09-30,8.050000190734863
2016-10-03,7.994420051574707
2016-10-04,7.975979804992676
2016-10-05,8.008681297302246
2016-10-06,8.022741317749023
2016-10-07,8.060529708862305
2016-10-10,8.094539642333984
2016-10-11,8.079939842224121
2016-10-12,8.175620079040527
2016-10-13,8.217619895935059
2016-10-14,8.160320281982422
2016-10-17,8.231619834899902
2016-10-18,8.163599967956543
2016-10-19,8.15783977508545
2016-10-20,8.13129997253418
2016-10-21,8.183199882507324
2016-10-24,8.257519721984863
2016-10-25,8.258609771728516
2016-10-26,8.283329963684082
2016-10-27,8.267749786376953
2016-10-28,8.269269943237305
2016-10-31,8.25879955291748
2016-11-01,8.264530181884766
2016-11-02,8.216950416564941
2016-11-03,8.188920021057129
2016-11-04,8.190329551696777
2016-11-07,8.153539657592773
2016-11-08,8.233220100402832
2016-11-09,8.215950012207031
2016-11-10,8.318249702453613
2016-11-11,8.366399765014648
2016-11-14,8.426819801330566
2016-11-15,8.463210105895996
2016-11-16,8.43529987335205
2016-11-17,8.463239669799805
2016-11-18,8.54850959777832
2016-11-21,8.597399711608887
2016-11-22,8.533780097961426
2016-11-23,8.516630172729492
2016-11-24,8.621000289916992
2016-11-25,8.591099739074707
2016-11-28,8.572070121765137
2016-11-29,8.541000366210938
2016-11-30,8.527029991149902
2016-12-01,8.521180152893066
2016-12-02,8.408510208129883
2016-12-05,8.46654987335205
2016-12-06,8.380249977111816
2016-12-07,8.396510124206543
2016-12-08,8.353509902954102
2016-12-09,8.42609977722168
2016-12-12,8.478639602661133
2016-12-13,8.430100440979004
2016-12-14,8.428750038146973
2016-12-15,8.592570304870605
2016-12-16,8.658300399780273
2016-12-19,8.67770004272461
2016-12-20,8.681819915771484
2016-12-21,8.705710411071777
2016-12-22,8.678400039672852
2016-12-23,8.71127986907959
2016-12-26,8.691100120544434
2016-12-27,8.684100151062012
2016-12-28,8.704119682312012
2016-12-29,8.711179733276367
2016-12-30,8.588680267333984
2017-01-02,8.632200241088867
2017-01-03,8.654470443725586
2017-01-04,8.640250205993652
2017-01-05,8.581939697265625
2017-01-06,8.479809761047363
2017-01-09,8.535340309143066
2017-01-10,8.52791976928711
2017-01-11,8.600119590759277
2017-01-12,8.537599563598633
2017-01-13,8.522589683532715
2017-01-16,8.508779525756836
2017-01-17,8.528220176696777
2017-01-18,8.45775032043457
2017-01-19,8.49489974975586
2017-01-20,8.44435977935791
2017-01-23,8.38949966430664
2017-01-24,8.350350379943848
2017-01-25,8.351530075073242
2017-01-26,8.306699752807617
2017-01-27,8.337599754333496
2017-01-30,8.325429916381836
2017-01-31,8.304400444030762
2017-02-01,8.24402141571045
2017-02-02,8.232000350952148
2017-02-03,8.249130249023438
2017-02-06,8.206119537353516
2017-02-07,8.257200241088867
2017-02-08,8.323749542236328
2017-02-09,8.318619728088379
2017-02-10,8.33240032196045
2017-02-13,8.39430046081543
2017-02-14,8.389300346374512
2017-02-15,8.39739990234375
2017-02-16,8.33629035949707
2017-02-17,8.282999992370605
2017-02-20,8.339550018310547
2017-02-21,8.339300155639648
2017-02-22,8.350299835205078
2017-02-23,8.36970043182373
2017-02-24,8.335800170898438
2017-02-27,8.381999969482422
2017-02-28,8.371520042419434
2017-03-01,8.39661979675293
2017-03-02,8.422300338745117
2017-03-03,8.48157024383545
2017-03-06,8.422889709472656
2017-03-07,8.492600440979004
2017-03-08,8.449740409851074
2017-03-09,8.533100128173828
2017-03-10,8.588789939880371
2017-03-13,8.593299865722656
2017-03-14,8.564800262451172
2017-03-15,8.609219551086426
2017-03-16,8.498279571533203
2017-03-17,8.500300407409668
2017-03-20,8.460399627685547
2017-03-21,8.480090141296387
2017-03-22,8.467020034790039
2017-03-23,8.46304988861084
2017-03-24,8.487130165100098
2017-03-27,8.457189559936523
2017-03-28,8.488550186157227
2017-03-29,8.519499778747559
2017-03-30,8.503800392150879
2017-03-31,8.560489654541016
2017-04-03,8.581589698791504
2017-04-04,8.578100204467773
2017-04-05,8.592320442199707
2017-04-06,8.602160453796387
2017-04-07,8.620989799499512
2017-04-10,8.661520004272461
2017-04-11,8.618619918823242
2017-04-12,8.59391975402832
2017-04-13,8.540940284729004
2017-04-14,8.577300071716309
2017-04-17,8.585989952087402
2017-04-18,8.556289672851562
2017-04-19,8.50691032409668
2017-04-20,8.575750350952148
2017-04-21,8.622790336608887
2017-04-24,8.525070190429688
2017-04-25,8.5556001663208
2017-04-26,8.56820011138916
2017-04-27,8.57903003692627
2017-04-28,8.565890312194824
2017-05-01,8.565770149230957
2017-05-02,8.58141040802002
2017-05-03,8.58549976348877
2017-05-04,8.654239654541016
2017-05-05,8.678359985351562
2017-05-08,8.609589576721191
2017-05-09,8.63502025604248
2017-05-10,8.678030014038086
2017-05-11,8.632349967956543
2017-05-12,8.599579811096191
2017-05-15,8.56482982635498
2017-05-16,8.54384994506836
2017-05-17,8.463500022888184
2017-05-18,8.409500122070312
2017-05-19,8.474300384521484
2017-05-22,8.376070022583008
2017-05-23,8.346819877624512
2017-05-24,8.377699851989746
2017-05-25,8.331391334533691
2017-05-26,8.39680004119873
2017-05-29,8.38759994506836
2017-05-30,8.437520027160645
2017-05-31,8.449299812316895
2017-06-01,8.435830116271973
2017-06-02,8.452159881591797
2017-06-05,8.423399925231934
2017-06-06,8.442399978637695
2017-06-07,8.459589958190918
2017-06-08,8.497550010681152
2017-06-09,8.513839721679688
2017-06-12,8.498600006103516
2017-06-13,8.474169731140137
2017-06-14,8.434550285339355
2017-06-15,8.427359580993652
2017-06-16,8.500399589538574
2017-06-19,8.443400382995605
2017-06-20,8.507599830627441
2017-06-21,8.54520034790039
2017-06-22,8.527299880981445
2017-06-23,8.488499641418457
2017-06-26,8.441510200500488
2017-06-27,8.483710289001465
2017-06-28,8.417499542236328
2017-06-29,8.425700187683105
2017-06-30,8.375100135803223
2017-07-03,8.33899974822998
2017-07-04,8.349639892578125
2017-07-05,8.339599609375
2017-07-06,8.396439552307129
2017-07-07,8.351400375366211
2017-07-10,8.353989601135254
2017-07-12,8.274029731750488
2017-07-13,8.279041290283203
2017-07-14,8.25160026550293
2017-07-17,8.180939674377441
2017-07-18,8.159279823303223
2017-07-19,8.085749626159668
2017-07-20,8.049429893493652
2017-07-21,8.043499946594238
2017-07-24,8.02869987487793
2017-07-25,8.012700080871582
2017-07-26,7.973780155181885
2017-07-27,7.89408016204834
2017-07-28,7.94635009765625
2017-07-31,7.914999961853027
2017-08-01,7.8786702156066895
2017-08-02,7.921339988708496
2017-08-03,7.898849964141846
2017-08-04,7.894700050354004
2017-08-07,7.94297981262207
2017-08-08,7.919589996337891
2017-08-09,7.953149795532227
2017-08-10,7.947189807891846
2017-08-11,7.949699878692627
2017-08-14,7.927519798278809
2017-08-15,7.956099987030029
2017-08-16,7.949699878692627
2017-08-17,7.919300079345703
2017-08-18,7.9766998291015625
2017-08-21,7.91402006149292
2017-08-22,7.901519775390625
2017-08-23,7.90880012512207
2017-08-24,7.860610008239746
2017-08-25,7.842510223388672
2017-08-28,7.732600212097168
2017-08-29,7.775360107421875
2017-08-30,7.754590034484863
2017-08-31,7.802000045776367
2017-09-01,7.754469871520996
2017-09-04,7.786099910736084
2017-09-05,7.813049793243408
2017-09-06,7.768400192260742
2017-09-07,7.79472017288208
2017-09-08,7.729000091552734
2017-09-11,7.749300003051758
2017-09-12,7.833199977874756
2017-09-13,7.832900047302246
2017-09-14,7.878200054168701
2017-09-15,7.872759819030762
2017-09-18,7.856289863586426
2017-09-19,7.82420015335083
2017-09-20,7.802390098571777
2017-09-21,7.874770164489746
2017-09-22,7.7964301109313965
2017-09-25,7.815199851989746
2017-09-26,7.815899848937988
2017-09-27,7.8961100578308105
2017-09-28,7.947700023651123
2017-09-29,7.940299987792969
2017-10-02,7.965390205383301
2017-10-03,8.003580093383789
2017-10-04,7.975729942321777
2017-10-05,7.955999851226807
2017-10-06,8.00469970703125
2017-10-09,7.987500190734863
2017-10-10,7.980400085449219
2017-10-11,7.944699764251709
2017-10-12,7.913640022277832
2017-10-13,7.904399871826172
2017-10-16,7.889019966125488
2017-10-17,7.896900177001953
2017-10-18,7.934899806976318
2017-10-19,7.953519821166992
2017-10-20,7.92710018157959
2017-10-23,7.997129917144775
2017-10-24,7.9998297691345215
2017-10-25,8.006999969482422
2017-10-26,8.010109901428223
2017-10-27,8.183349609375
2017-10-30,8.159910202026367
2017-10-31,8.149189949035645
2017-11-01,8.163949966430664
2017-11-02,8.14109992980957
2017-11-03,8.131699562072754
2017-11-06,8.164509773254395
2017-11-07,8.13029956817627
2017-11-08,8.15820026397705
2017-11-09,8.15839958190918
2017-11-10,8.127449989318848
2017-11-13,8.136750221252441
2017-11-14,8.17020034790039
2017-11-15,8.18241024017334
2017-11-17,8.206740379333496
2017-11-20,8.267550468444824
2017-11-21,8.290399551391602
2017-11-22,8.215680122375488
2017-11-23,8.155489921569824
2017-11-24,8.132499694824219
2017-11-27,8.134499549865723
2017-11-28,8.146499633789062
2017-11-29,8.238800048828125
2017-11-30,8.25028133392334
2017-12-01,8.319169998168945
2017-12-04,8.304490089416504
2017-12-05,8.320079803466797
2017-12-06,8.260299682617188
2017-12-07,8.265740394592285
2017-12-08,8.315790176391602
2017-12-11,8.297200202941895
2017-12-12,8.377249717712402
2017-12-13,8.339790344238281
2017-12-14,8.317689895629883
2017-12-15,8.29662036895752
2017-12-18,8.39430046081543
2017-12-19,8.356399536132812
2017-12-20,8.353599548339844
2017-12-21,8.405170440673828
2017-12-22,8.369331359863281
2017-12-25,8.320799827575684
2017-12-26,8.313699722290039
2017-12-27,8.308521270751953
2017-12-28,8.262080192565918
2017-12-29,8.248430252075195
2018-01-01,8.20460033416748
2018-01-02,8.194470405578613
2018-01-03,8.119939804077148
2018-01-04,8.104900360107422
2018-01-05,8.065930366516113
2018-01-08,8.042031288146973
2018-01-09,8.073639869689941
2018-01-10,8.11244010925293
2018-01-11,8.068010330200195
2018-01-12,8.006959915161133
2018-01-15,7.925970077514648
2018-01-16,7.877399921417236
2018-01-17,7.866499900817871
2018-01-18,7.882019996643066
2018-01-19,7.843100070953369
2018-01-22,7.848599910736084
2018-01-23,7.855999946594238
2018-01-24,7.818329811096191
2018-01-25,7.759749889373779
2018-01-26,7.745999813079834
2018-01-29,7.685359954833984
2018-01-30,7.709000110626221
2018-01-31,7.718299865722656
2018-02-01,7.705900192260742
2018-02-02,7.640850067138672
2018-02-05,7.734769821166992
2018-02-06,7.840109825134277
2018-02-07,7.8112101554870605
2018-02-08,7.903029918670654
2018-02-09,7.9140801429748535
2018-02-12,7.973499774932861
2018-02-13,7.90723991394043
2018-02-14,7.867980003356934
2018-02-15,7.781990051269531
2018-02-16,7.765210151672363
2018-02-19,7.771389961242676
2018-02-20,7.782430171966553
2018-02-21,7.842020034790039
2018-02-22,7.864980220794678
2018-02-23,7.852980136871338
2018-02-26,7.850769996643066
2018-02-27,7.820700168609619
2018-02-28,7.869999885559082
2018-03-01,7.898220062255859
2018-03-02,7.839940071105957
2018-03-05,7.7843098640441895
2018-03-06,7.815700054168701
2018-03-07,7.776559829711914
2018-03-08,7.80994987487793
2018-03-09,7.839600086212158
2018-03-12,7.776599884033203
2018-03-13,7.743000030517578
2018-03-14,7.733500003814697
2018-03-15,7.724530220031738
2018-03-16,7.712699890136719
2018-03-19,7.7230000495910645
2018-03-20,7.722330093383789
2018-03-21,7.741209983825684
2018-03-22,7.687600135803223
2018-03-23,7.739590167999268
2018-03-26,7.756999969482422
2018-03-27,7.671899795532227
2018-03-28,7.709000110626221
2018-03-29,7.861410140991211
2018-03-30,7.838500022888184
2018-04-02,7.853509902954102
2018-04-03,7.894989967346191
2018-04-04,7.832119941711426
2018-04-05,7.81728982925415
2018-04-06,7.833010196685791
2018-04-09,7.83512020111084
2018-04-10,7.784299850463867
2018-04-11,7.793859958648682
2018-04-12,7.758590221405029
2018-04-13,7.765160083770752
2018-04-16,7.770140171051025
2018-04-17,7.767809867858887
2018-04-18,7.760270118713379
2018-04-19,7.759300231933594
2018-04-20,7.791200160980225
2018-04-23,7.829500198364258
2018-04-24,7.891180038452148
2018-04-25,7.894100189208984
2018-04-26,7.964469909667969
2018-04-27,7.985799789428711
2018-04-30,7.96835994720459
2018-05-01,8.010589599609375
2018-05-02,8.086529731750488
2018-05-03,8.120539665222168
2018-05-04,8.04539966583252
2018-05-07,8.054900169372559
2018-05-08,8.05780029296875
2018-05-09,8.129429817199707
2018-05-10,8.077199935913086
2018-05-11,7.998730182647705
2018-05-14,7.989419937133789
2018-05-15,8.033209800720215
2018-05-16,8.125160217285156
2018-05-17,8.065699577331543
2018-05-18,8.130229949951172
2018-05-21,8.116069793701172
2018-05-22,8.047100067138672
2018-05-23,8.049019813537598
2018-05-24,8.079649925231934
2018-05-25,8.098250389099121
2018-05-28,8.153300285339355
2018-05-29,8.188739776611328
2018-05-30,8.291210174560547
2018-05-31,8.184100151062012
2018-06-01,8.17743968963623
2018-06-04,8.179579734802246
2018-06-05,8.11851978302002
2018-06-06,8.102899551391602
2018-06-07,8.072010040283203
2018-06-08,8.06101131439209
2018-06-11,8.050149917602539
2018-06-12,8.047100067138672
2018-06-13,8.048580169677734
2018-06-14,8.008549690246582
2018-06-15,8.134200096130371
2018-06-18,8.149700164794922
2018-06-19,8.122220039367676
2018-06-20,8.18179988861084
2018-06-21,8.175840377807617
2018-06-22,8.123800277709961
2018-06-25,8.088399887084961
2018-06-26,8.107000350952148
2018-06-27,8.128629684448242
2018-06-28,8.184320449829102
2018-06-29,8.190469741821289
2018-07-02,8.152700424194336
2018-07-03,8.166810035705566
2018-07-04,8.137260437011719
2018-07-05,8.112059593200684
2018-07-06,8.060799598693848
2018-07-09,8.025899887084961
2018-07-10,8.017379760742188
2018-07-11,8.027799606323242
2018-07-12,8.106399536132812
2018-07-13,8.10949993133545
2018-07-16,8.116299629211426
2018-07-17,8.102470397949219
2018-07-18,8.152899742126465
2018-07-19,8.17024040222168
2018-07-20,8.222990036010742
2018-07-23,8.158499717712402
2018-07-24,8.19279956817627
2018-07-25,8.175299644470215
2018-07-26,8.126099586486816
2018-07-27,8.186019897460938
2018-07-30,8.18789005279541
2018-07-31,8.1316499710083
2018-08-01,8.156999588012695
2018-08-02,8.171270370483398
2018-08-03,8.238289833068848
2018-08-06,8.260180473327637
2018-08-07,8.249799728393555
2018-08-08,8.196900367736816
2018-08-09,8.21660041809082
2018-08-10,8.319230079650879
2018-08-13,8.370400428771973
2018-08-14,8.369290351867676
2018-08-15,8.415399551391602
2018-08-16,8.458279609680176
2018-08-17,8.478799819946289
2018-08-20,8.451899528503418
2018-08-21,8.437259674072266
2018-08-22,8.401220321655273
2018-08-23,8.350390434265137
2018-08-24,8.386549949645996
2018-08-27,8.311019897460938
2018-08-28,8.323089599609375
2018-08-29,8.341670036315918
2018-08-30,8.32759952545166
2018-08-31,8.346719741821289
2018-09-03,8.390899658203125
2018-09-04,8.35531997680664
2018-09-05,8.391940116882324
2018-09-06,8.398810386657715
2018-09-07,8.421199798583984
2018-09-10,8.436300277709961
2018-09-11,8.38757038116455
2018-09-12,8.32450008392334
2018-09-13,8.255999565124512
2018-09-14,8.214799880981445
2018-09-17,8.250709533691406
2018-09-18,8.182660102844238
2018-09-19,8.150930404663086
2018-09-20,8.147600173950195
2018-09-21,8.145400047302246
2018-09-24,8.140580177307129
2018-09-25,8.137299537658691
2018-09-26,8.130800247192383
2018-09-27,8.103019714355469
2018-09-28,8.155599594116211
2018-10-01,8.14363956451416
2018-10-02,8.150230407714844
2018-10-03,8.169449806213379
2018-10-04,8.2298002243042
2018-10-05,8.244669914245605
2018-10-08,8.259340286254883
2018-10-09,8.274299621582031
2018-10-10,8.257499694824219
2018-10-11,8.219389915466309
2018-10-12,8.21321964263916
2018-10-15,8.1697998046875
2018-10-16,8.146300315856934
2018-10-17,8.143199920654297
2018-10-18,8.213910102844238
2018-10-19,8.272100448608398
2018-10-22,8.224100112915039
2018-10-23,8.251799583435059
2018-10-24,8.285699844360352
2018-10-25,8.342949867248535
2018-10-26,8.344420433044434
2018-10-29,8.355899810791016
2018-10-30,8.38761043548584
2018-10-31,8.406399726867676
2018-11-01,8.431180000305176
2018-11-02,8.355400085449219
2018-11-05,8.355600357055664
2018-11-06,8.35319995880127
2018-11-07,8.354249954223633
2018-11-08,8.341150283813477
2018-11-09,8.379440307617188
2018-11-12,8.430700302124023
2018-11-13,8.51869010925293
2018-11-14,8.478599548339844
2018-11-15,8.506629943847656
2018-11-16,8.485589981079102
2018-11-19,8.431699752807617
2018-11-20,8.474100112915039
2018-11-21,8.581899642944336
2018-11-22,8.520730018615723
2018-11-23,8.52910041809082
2018-11-26,8.589790344238281
2018-11-27,8.581060409545898
2018-11-28,8.594249725341797
2018-11-29,8.55210018157959
2018-11-30,8.53009033203125
2018-12-03,8.553389549255371
2018-12-04,8.523039817810059
2018-12-05,8.508819580078125
2018-12-06,8.503199577331543
2018-12-07,8.51669979095459
2018-12-10,8.497200012207031
2018-12-11,8.557600021362305
2018-12-12,8.574569702148438
2018-12-13,8.570429801940918
2018-12-14,8.551600456237793
2018-12-17,8.616600036621094
2018-12-18,8.640279769897461
2018-12-19,8.72523021697998
2018-12-20,8.715539932250977
2018-12-21,8.670760154724121
2018-12-24,8.76990032196045
2018-12-25,8.7475004196167
2018-12-26,8.748970031738281
2018-12-27,8.748029708862305
2018-12-28,8.761980056762695
2018-12-31,8.707500457763672
2019-01-01,8.360580444335938
2019-01-02,8.64645004272461
2019-01-03,8.779809951782227
2019-01-04,8.69064998626709
2019-01-07,8.605770111083984
2019-01-08,8.526459693908691
2019-01-09,8.532400131225586
2019-01-10,8.459349632263184
2019-01-11,8.472599983215332
2019-01-14,8.538299560546875
2019-01-15,8.544099807739258
2019-01-16,8.536600112915039
2019-01-17,8.536319732666016
2019-01-18,8.54578971862793
2019-01-21,8.559000015258789
2019-01-22,8.555299758911133
2019-01-23,8.600000381469727
2019-01-24,8.562780380249023
2019-01-25,8.577400207519531
2019-01-28,8.50961971282959
2019-01-29,8.50570011138916
2019-01-30,8.4931001663208
2019-01-31,8.417499542236328
2019-02-01,8.430100440979004
2019-02-04,8.433199882507324
2019-02-05,8.45989990234375
2019-02-06,8.479740142822266
2019-02-07,8.54069995880127
2019-02-08,8.593799591064453
2019-02-11,8.640390396118164
2019-02-12,8.710479736328125
2019-02-13,8.641039848327637
2019-02-14,8.65719985961914
2019-02-15,8.648799896240234
2019-02-18,8.635149955749512
2019-02-19,8.606249809265137
2019-02-20,8.56941032409668
2019-02-21,8.587030410766602
2019-02-22,8.624199867248535
2019-02-25,8.59529972076416
2019-02-26,8.590259552001953
2019-02-27,8.557390213012695
2019-02-28,8.542900085449219
2019-03-01,8.558300018310547
2019-03-04,8.560600280761719
2019-03-05,8.654170036315918
2019-03-06,8.664290428161621
2019-03-07,8.658699989318848
2019-03-08,8.774100303649902
2019-03-11,8.740389823913574
2019-03-12,8.651320457458496
2019-03-13,8.635359764099121
2019-03-14,8.563750267028809
2019-03-15,8.567839622497559
2019-03-18,8.534299850463867
2019-03-19,8.546699523925781
2019-03-20,8.524900436401367
2019-03-21,8.49116039276123
2019-03-22,8.447500228881836
2019-03-25,8.559000015258789
2019-03-26,8.530200004577637
2019-03-27,8.5378999710083
2019-03-28,8.630419731140137
2019-03-29,8.63379955291748
2019-04-01,8.606900215148926
2019-04-02,8.588800430297852
2019-04-03,8.600500106811523
2019-04-04,8.562999725341797
2019-04-05,8.59570026397705
2019-04-08,8.606499671936035
2019-04-09,8.554730415344238
2019-04-10,8.553999900817871
2019-04-11,8.49370002746582
2019-04-12,8.530710220336914
2019-04-15,8.488300323486328
2019-04-16,8.487500190734863
2019-04-17,8.489100456237793
2019-04-18,8.492659568786621
2019-04-19,8.50979995727539
2019-04-22,8.5178804397583
2019-04-23,8.494170188903809
2019-04-24,8.5520601272583
2019-04-25,8.640000343322754
2019-04-26,8.66685962677002
2019-04-29,8.684499740600586
2019-04-30,8.652990341186523
2019-05-01,8.630419731140137
2019-05-02,8.667289733886719
2019-05-03,8.755220413208008
2019-05-06,8.744930267333984
2019-05-07,8.722999572753906
2019-05-08,8.746600151062012
2019-05-09,8.761199951171875
2019-05-10,8.78279972076416
2019-05-13,8.722399711608887
2019-05-14,8.756999969482422
2019-05-15,8.743399620056152
2019-05-16,8.714960098266602
2019-05-17,8.753000259399414
2019-05-20,8.779399871826172
2019-05-21,8.78380012512207
2019-05-23,8.756500244140625
2019-05-24,8.747300148010254
2019-05-27,8.682299613952637
2019-05-28,8.700300216674805
2019-05-29,8.712599754333496
2019-05-30,8.739689826965332
2019-05-31,8.77554988861084
2019-06-03,8.758399963378906
2019-06-04,8.698100090026855
2019-06-05,8.695280075073242
2019-06-06,8.731900215148926
2019-06-07,8.694109916687012
2019-06-10,8.616999626159668
2019-06-11,8.647899627685547
2019-06-12,8.627440452575684
2019-06-13,8.658539772033691
2019-06-14,8.674099922180176
2019-06-17,8.70559024810791
2019-06-18,8.726400375366211
2019-06-19,8.737569808959961
2019-06-20,8.691080093383789
2019-06-21,8.549980163574219
2019-06-24,8.491920471191406
2019-06-25,8.479780197143555
2019-06-26,8.541629791259766
2019-06-27,8.490870475769043
2019-06-28,8.508000373840332
2019-07-01,8.519700050354004
2019-07-02,8.583239555358887
2019-07-03,8.567540168762207
2019-07-04,8.524900436401367
2019-07-05,8.527600288391113
2019-07-08,8.61240005493164
2019-07-09,8.637900352478027
2019-07-10,8.648200035095215
2019-07-11,8.575400352478027
2019-07-12,8.541099548339844
2019-07-15,8.534290313720703
2019-07-16,8.535889625549316
2019-07-17,8.571800231933594
2019-07-18,8.583499908447266
2019-07-19,8.547809600830078
2019-07-22,8.570899963378906
2019-07-23,8.615799903869629
2019-07-24,8.682950019836426
2019-07-25,8.639599800109863
2019-07-26,8.673500061035156
2019-07-29,8.713939666748047
2019-07-30,8.697600364685059
2019-07-31,8.753769874572754
2019-08-01,8.858699798583984
2019-08-02,8.895039558410645
2019-08-05,8.913180351257324
2019-08-06,8.909500122070312
2019-08-07,8.89995002746582
2019-08-08,8.947600364685059
2019-08-09,8.923359870910645
2019-08-12,8.870200157165527
2019-08-13,8.907910346984863
2019-08-14,8.86596965789795
2019-08-15,8.977250099182129
2019-08-16,9.016500473022461
2019-08-19,9.001700401306152
2019-08-20,8.980199813842773
2019-08-21,8.985799789428711
2019-08-22,8.934430122375488
2019-08-23,8.976499557495117
2019-08-26,8.993499755859375
2019-08-27,9.002570152282715
2019-08-28,9.006999969482422
2019-08-29,9.038829803466797
2019-08-30,9.092659950256348
2019-09-02,9.111200332641602
2019-09-03,9.109089851379395
2019-09-04,9.103289604187012
2019-09-05,9.027000427246094
2019-09-06,9.007399559020996
2019-09-09,8.980230331420898
2019-09-10,8.922750473022461
2019-09-11,8.94948959350586
2019-09-12,8.951519966125488
2019-09-13,8.975179672241211
2019-09-16,8.924599647521973
2019-09-17,8.956199645996094
2019-09-18,8.92199993133545
2019-09-19,8.945300102233887
2019-09-20,8.972000122070312
2019-09-23,9.060700416564941
2019-09-24,9.040599822998047
2019-09-25,9.008299827575684
2019-09-26,9.044699668884277
2019-09-27,9.07960033416748
2019-09-30,9.06879997253418
2019-10-01,9.098039627075195
2019-10-02,9.123470306396484
2019-10-03,9.125
2019-10-04,9.115579605102539
2019-10-07,9.093799591064453
2019-10-08,9.134300231933594
2019-10-09,9.16012954711914
2019-10-10,9.17300033569336
2019-10-11,9.117500305175781
2019-10-14,9.08240032196045
2019-10-15,9.107720375061035
2019-10-16,9.127679824829102
2019-10-17,9.175589561462402
2019-10-18,9.180310249328613
2019-10-21,9.162139892578125
2019-10-22,9.133870124816895
2019-10-23,9.144160270690918
2019-10-24,9.12405014038086
2019-10-25,9.142200469970703
2019-10-28,9.193790435791016
2019-10-29,9.218999862670898
2019-10-30,9.226699829101562
2019-10-31,9.17372989654541
2019-11-01,9.190699577331543
2019-11-04,9.089699745178223
2019-11-05,9.135880470275879
2019-11-06,9.172380447387695
2019-11-07,9.167180061340332
2019-11-08,9.10509967803955
2019-11-11,9.135580062866211
2019-11-12,9.128629684448242
2019-11-13,9.162690162658691
2019-11-14,9.18278980255127
2019-11-15,9.166099548339844
2019-11-18,9.084400177001953
2019-11-19,9.112000465393066
2019-11-20,9.128000259399414
2019-11-21,9.128000259399414
2019-11-22,9.14050006866455
2019-11-25,9.156689643859863
2019-11-26,9.181400299072266
2019-11-27,9.164799690246582
2019-11-28,9.166299819946289
2019-11-29,9.163900375366211
2019-12-02,9.206729888916016
2019-12-03,9.168510437011719
2019-12-04,9.182600021362305
2019-12-05,9.15880012512207
2019-12-06,9.137499809265137
2019-12-09,9.127090454101562
2019-12-10,9.145500183105469
2019-12-11,9.175140380859375
2019-12-12,9.106900215148926
2019-12-13,9.038470268249512
2019-12-16,9.025739669799805
2019-12-17,9.01259994506836
2019-12-18,9.025569915771484
2019-12-19,9.00730037689209
2019-12-20,8.963500022888184
2019-12-23,8.967729568481445
2019-12-24,8.955039978027344
2019-12-25,8.914600372314453
2019-12-26,8.908889770507812
2019-12-27,8.879199981689453
2019-12-30,8.805800437927246
2019-12-31,8.816180229187012
2020-01-01,8.357110023498535
2020-01-02,8.769969940185547
2020-01-03,8.790900230407715
2020-01-06,8.834199905395508
2020-01-07,8.791500091552734
2020-01-08,8.858610153198242
2020-01-09,8.86536979675293
2020-01-10,8.877400398254395
2020-01-13,8.890899658203125
2020-01-14,8.888299942016602
2020-01-15,8.873100280761719
2020-01-16,8.855400085449219
2020-01-17,8.886199951171875
2020-01-20,8.908499717712402
2020-01-21,8.926600456237793
2020-01-22,8.983200073242188
2020-01-23,8.976900100708008
2020-01-24,8.992799758911133
2020-01-27,9.061400413513184
2020-01-28,9.141200065612793
2020-01-29,9.111390113830566
2020-01-30,9.160300254821777
2020-01-31,9.189499855041504
2020-02-03,9.206609725952148
2020-02-04,9.284070014953613
2020-02-05,9.21150016784668
2020-02-06,9.207300186157227
2020-02-07,9.218899726867676
2020-02-10,9.298689842224121
2020-02-11,9.285619735717773
2020-02-12,9.242890357971191
2020-02-13,9.239150047302246
2020-02-14,9.251299858093262
2020-02-17,9.239700317382812
2020-02-18,9.255160331726074
2020-02-19,9.326729774475098
2020-02-20,9.263400077819824
2020-02-21,9.320710182189941
2020-02-24,9.329110145568848
2020-02-25,9.34926986694336
2020-02-26,9.359789848327637
2020-02-27,9.399689674377441
2020-02-28,9.386910438537598
2020-03-02,9.414790153503418
2020-03-03,9.282489776611328
2020-03-04,9.272379875183105
2020-03-05,9.253580093383789
2020-03-06,9.288579940795898
2020-03-09,9.479000091552734
2020-03-10,9.542229652404785
2020-03-11,9.590129852294922
2020-03-12,9.69729995727539
2020-03-13,10.098719596862793
2020-03-16,10.131819725036621
2020-03-17,10.268719673156738
2020-03-18,10.370149612426758
2020-03-19,10.779120445251465
2020-03-20,7.735320091247559
2020-03-23,11.759900093078613
2020-03-24,11.47665023803711
2020-03-25,11.02455997467041
2020-03-26,10.711730003356934
2020-03-27,10.398730278015137
2020-03-30,10.48859977722168
2020-03-31,10.532620429992676
2020-04-01,10.409890174865723
2020-04-02,10.454299926757812
2020-04-03,10.38008975982666
2020-04-06,10.568699836730957
2020-04-07,10.404950141906738
2020-04-08,10.242630004882812
2020-04-09,10.224300384521484
2020-04-10,10.173100471496582
2020-04-13,10.225099563598633
2020-04-14,10.27655029296875
2020-04-15,10.295960426330566
2020-04-16,10.516400337219238
2020-04-17,10.360919952392578
2020-04-20,10.333900451660156
2020-04-21,10.426219940185547
2020-04-22,10.587929725646973
2020-04-23,10.786600112915039
2020-04-24,10.633999824523926
2020-04-27,10.62600040435791
2020-04-28,10.489299774169922
2020-04-29,10.406880378723145
2020-04-30,10.305100440979004
2020-05-01,10.245759963989258
2020-05-04,10.430649757385254
2020-05-05,10.317429542541504
2020-05-06,10.252099990844727
2020-05-07,10.271240234375
2020-05-08,10.232580184936523
2020-05-11,10.213600158691406
2020-05-12,10.287389755249023
2020-05-13,10.16349983215332
2020-05-14,10.154899597167969
2020-05-15,10.143400192260742
2020-05-18,10.23523998260498
2020-05-19,10.0181303024292
2020-05-20,9.971199989318848
2020-05-21,9.8985595703125
2020-05-22,9.94219970703125
2020-05-25,9.993020057678223
2020-05-26,10.053500175476074
2020-05-27,9.886899948120117
2020-05-28,9.85044002532959
2020-05-29,9.776000022888184
2020-06-01,9.726799964904785
2020-06-02,9.634320259094238
2020-06-03,9.520609855651855
2020-06-04,9.449600219726562
2020-06-05,9.347450256347656
2020-06-08,9.26140022277832
2020-06-09,9.240400314331055
2020-06-10,9.278599739074707
2020-06-11,9.331999778747559
2020-06-12,9.633500099182129
2020-06-15,9.685500144958496
2020-06-16,9.506609916687012
2020-06-17,9.555219650268555
2020-06-18,9.53225040435791
2020-06-19,9.525239944458008
2020-06-22,9.66569995880127
2020-06-23,9.555800437927246
2020-06-24,9.51377010345459
2020-06-25,9.672900199890137
2020-06-26,9.654540061950684
2020-06-29,9.70635986328125
2020-06-30,9.665650367736816
2020-07-01,9.621500015258789
2020-07-02,9.513819694519043
2020-07-03,9.525899887084961
2020-07-06,9.475299835205078
2020-07-07,9.385319709777832
2020-07-08,9.486519813537598
2020-07-09,9.36732006072998
2020-07-10,9.464599609375
2020-07-13,9.432880401611328
2020-07-14,9.44906997680664
2020-07-15,9.361599922180176
2020-07-16,9.275019645690918
2020-07-17,9.297030448913574
2020-07-20,9.274749755859375
2020-07-21,9.21660041809082
2020-07-22,9.093899726867676
2020-07-23,9.15880012512207
2020-07-24,9.214799880981445
2020-07-27,9.156929969787598
2020-07-28,9.066450119018555
2020-07-29,9.112910270690918
2020-07-30,9.031599998474121
2020-07-31,9.04990005493164
2020-08-03,9.06719970703125
2020-08-04,9.127900123596191
2020-08-05,9.084970474243164
2020-08-06,8.939900398254395
2020-08-07,8.971090316772461
2020-08-10,9.050399780273438
2020-08-11,9.013899803161621
2020-08-12,9.010600090026855
2020-08-13,8.933270454406738
2020-08-14,8.878899574279785
2020-08-17,8.875900268554688
2020-08-18,8.839119911193848
2020-08-19,8.818140029907227
2020-08-20,8.901280403137207
2020-08-21,8.902099609375
2020-08-24,9.022669792175293
2020-08-25,8.989259719848633
2020-08-26,8.953020095825195
2020-08-27,8.85420036315918
2020-08-28,8.90764045715332
2020-08-31,8.771200180053711
2020-09-01,8.724599838256836
2020-09-02,8.75059986114502
2020-09-03,8.84689998626709
2020-09-04,8.937020301818848
2020-09-07,8.925909996032715
2020-09-08,8.942500114440918
2020-09-09,9.157099723815918
2020-09-10,9.00691032409668
2020-09-11,9.064080238342285
2020-09-14,9.03279972076416
2020-09-15,9.033699989318848
2020-09-16,9.0314302444458
2020-09-17,9.036100387573242
2020-09-18,9.03950023651123
2020-09-21,9.098380088806152
2020-09-22,9.279919624328613
2020-09-23,9.33965015411377
2020-09-24,9.485699653625488
2020-09-25,9.485560417175293
2020-09-28,9.565890312194824
2020-09-29,9.462340354919434
2020-09-30,9.405960083007812
2020-10-01,9.325200080871582
2020-10-02,9.309100151062012
2020-10-05,9.30519962310791
2020-10-06,9.195899963378906
2020-10-07,9.34745979309082
2020-10-08,9.289649963378906
2020-10-09,9.25
2020-10-12,9.142499923706055
2020-10-13,9.132499694824219
2020-10-14,9.23324966430664
2020-10-15,9.2529296875
2020-10-16,9.33998966217041
2020-10-19,9.320899963378906
2020-10-20,9.337980270385742
2020-10-21,9.271309852600098
2020-10-22,9.234299659729004
2020-10-23,9.247679710388184
2020-10-26,9.255180358886719
2020-10-27,9.241239547729492
2020-10-28,9.197199821472168
2020-10-29,9.358139991760254
2020-10-30,9.522879600524902
2020-11-02,9.566399574279785
2020-11-03,9.555399894714355
2020-11-04,9.321599960327148
2020-11-05,9.311639785766602
2020-11-06,9.172750473022461
2020-11-09,9.129199981689453
2020-11-10,9.031359672546387
2020-11-11,8.998729705810547
2020-11-12,9.074299812316895
2020-11-13,9.169599533081055
2020-11-16,9.130419731140137
2020-11-17,9.05165958404541
2020-11-18,9.067020416259766
2020-11-19,9.018199920654297
2020-11-20,9.014300346374512
2020-11-23,8.994979858398438
2020-11-24,9.017359733581543
2020-11-25,8.89391040802002
2020-11-26,8.824179649353027
2020-11-27,8.878100395202637
2020-11-30,8.820329666137695
2020-12-01,8.882980346679688
2020-12-02,8.811400413513184
2020-12-03,8.793100357055664
2020-12-04,8.75430965423584
2020-12-07,8.797369956970215
2020-12-08,8.733209609985352
2020-12-09,8.755669593811035
2020-12-10,8.818619728088379
2020-12-11,8.763589859008789
2020-12-14,8.773690223693848
2020-12-15,8.728899955749512
2020-12-16,8.717869758605957
2020-12-17,8.666500091552734
2020-12-18,8.565710067749023
2020-12-21,8.63029956817627
2020-12-22,8.635080337524414
2020-12-23,8.726799964904785
2020-12-24,8.633899688720703
2020-12-25,8.568519592285156
2020-12-28,8.6154203414917
2020-12-29,8.628140449523926
2020-12-30,8.615400314331055
2020-12-31,8.530500411987305
2021-01-01,7.649779796600342
2021-01-04,8.548500061035156
2021-01-05,8.553899765014648
2021-01-06,8.4610595703125
2021-01-07,8.39739990234375
2021-01-08,8.4266996383667
2021-01-11,8.460599899291992
2021-01-12,8.524049758911133
2021-01-13,8.445079803466797
2021-01-14,8.46129035949707
2021-01-15,8.466300010681152
2021-01-18,8.571000099182129
2021-01-19,8.591540336608887
2021-01-20,8.51492977142334
2021-01-21,8.477499961853027
2021-01-22,8.406579971313477
2021-01-25,8.465700149536133
2021-01-26,8.529589653015137
2021-01-27,8.54601001739502
2021-01-28,8.661020278930664
2021-01-29,8.597900390625
2021-02-01,8.602299690246582
2021-02-02,8.585249900817871
2021-02-03,8.600600242614746
2021-02-04,8.5770902633667
2021-02-05,8.631210327148438
2021-02-08,8.525979995727539
2021-02-09,8.492349624633789
2021-02-10,8.446080207824707
2021-02-11,8.45989990234375
2021-02-12,8.471269607543945
2021-02-15,8.450300216674805
2021-02-16,8.386710166931152
2021-02-17,8.458900451660156
2021-02-18,8.492799758911133
2021-02-19,8.463199615478516
2021-02-22,8.44828987121582
2021-02-23,8.485779762268066
2021-02-24,8.466569900512695
2021-02-25,8.36771011352539
2021-02-26,8.500900268554688
2021-03-01,8.630200386047363
2021-03-02,8.5520601272583
2021-03-03,8.47599983215332
2021-03-04,8.51710033416748
2021-03-05,8.57964038848877
2021-03-08,8.51941967010498
2021-03-09,8.533040046691895
2021-03-10,8.467599868774414
2021-03-11,8.432999610900879
2021-03-12,8.409899711608887
2021-03-15,8.419349670410156
2021-03-16,8.449729919433594
2021-03-17,8.477999687194824
2021-03-18,8.39840030670166
2021-03-19,8.508580207824707
2021-03-22,8.556650161743164
2021-03-23,8.496479988098145
2021-03-24,8.660479545593262
2021-03-25,8.572959899902344
2021-03-26,8.627099990844727
2021-03-29,8.580499649047852
2021-03-30,8.544899940490723
2021-03-31,8.544309616088867
2021-04-01,8.544750213623047
2021-04-02,8.524209976196289
2021-04-05,8.525199890136719
2021-04-06,8.494400024414062
2021-04-07,8.477470397949219
2021-04-08,8.471779823303223
2021-04-09,8.456270217895508
2021-04-12,8.503299713134766
2021-04-13,8.47819995880127
2021-04-14,8.46438980102539
2021-04-15,8.38659954071045
2021-04-16,8.377670288085938
2021-04-19,8.383319854736328
2021-04-20,8.284589767456055
2021-04-21,8.359649658203125
2021-04-22,8.335100173950195
2021-04-23,8.355380058288574
2021-04-26,8.302900314331055
2021-04-27,8.291879653930664
2021-04-28,8.269949913024902
2021-04-29,8.169139862060547
2021-04-30,8.179309844970703
2021-05-03,8.314189910888672
2021-05-04,8.286589622497559
2021-05-05,8.32444953918457
2021-05-06,8.341890335083008
2021-05-07,8.300450325012207
2021-05-10,8.204910278320312
2021-05-11,8.251310348510742
2021-05-12,8.252429962158203
2021-05-13,8.340539932250977
2021-05-14,8.353560447692871
2021-05-17,8.218299865722656
2021-05-18,8.25409984588623
2021-05-19,8.230469703674316
2021-05-20,8.32446002960205
2021-05-21,8.30420970916748
2021-05-24,8.378299713134766
2021-05-25,8.33036994934082
2021-05-26,8.305500030517578
2021-05-27,8.367170333862305
2021-05-28,8.346449851989746
2021-05-31,8.360400199890137
2021-06-01,8.307100296020508
2021-06-02,8.313779830932617
2021-06-03,8.29740047454834
2021-06-04,8.375800132751465
2021-06-07,8.303799629211426
2021-06-08,8.262800216674805
2021-06-09,8.265569686889648
2021-06-10,8.272629737854004
2021-06-11,8.27196979522705
2021-06-14,8.348099708557129
2021-06-15,8.31029987335205
2021-06-16,8.315560340881348
2021-06-17,8.472399711608887
2021-06-18,8.538999557495117
2021-06-21,8.663599967956543
2021-06-22,8.577899932861328
2021-06-23,8.537400245666504
2021-06-24,8.534979820251465
2021-06-25,8.501629829406738
2021-06-28,8.486809730529785
2021-06-29,8.518600463867188
2021-06-30,8.55640983581543
2021-07-01,8.606800079345703
2021-07-02,8.626500129699707
2021-07-05,8.60830020904541
2021-07-06,8.558839797973633
2021-07-07,8.700699806213379
2021-07-08,8.731499671936035
2021-07-09,8.782819747924805
2021-07-12,8.677570343017578
2021-07-13,8.684120178222656
2021-07-14,8.772299766540527
2021-07-15,8.736319541931152
2021-07-16,8.823599815368652
2021-07-19,8.845800399780273
2021-07-20,8.952170372009277
2021-07-21,8.999460220336914
2021-07-22,8.88129997253418
2021-07-23,8.849679946899414
2021-07-26,8.852700233459473
2021-07-27,8.815999984741211
2021-07-28,8.873740196228027
2021-07-29,8.793499946594238
2021-07-30,8.72838020324707
2021-08-02,8.826290130615234
2021-08-03,8.827939987182617
2021-08-04,8.813400268554688
2021-08-05,8.841099739074707
2021-08-06,8.807900428771973
2021-08-09,8.92199993133545
2021-08-10,8.943070411682129
2021-08-11,8.924650192260742
2021-08-12,8.8503999710083
2021-08-13,8.846799850463867
2021-08-16,8.799860000610352
2021-08-17,8.822970390319824
2021-08-18,8.91450023651123
2021-08-19,8.910120010375977
2021-08-20,9.038769721984863
2021-08-23,9.027219772338867
2021-08-24,8.915499687194824
2021-08-25,8.830900192260742
2021-08-26,8.810090065002441
2021-08-27,8.828200340270996
2021-08-30,8.709710121154785
2021-08-31,8.668319702148438
2021-09-01,8.68610954284668
2021-09-02,8.690369606018066
2021-09-03,8.641969680786133
2021-09-06,8.670249938964844
2021-09-07,8.654600143432617
2021-09-08,8.680700302124023
2021-09-09,8.706299781799316
2021-09-10,8.675169944763184
2021-09-13,8.659870147705078
2021-09-14,8.640549659729004
2021-09-15,8.642720222473145
2021-09-16,8.56509017944336
2021-09-17,8.63051986694336
2021-09-20,8.697790145874023
2021-09-21,8.709659576416016
2021-09-22,8.678799629211426
2021-09-23,8.659090042114258
2021-09-24,8.572230339050293
2021-09-27,8.563799858093262
2021-09-28,8.59939956665039
2021-09-29,8.655590057373047
2021-09-30,8.767210006713867
2021-10-01,8.747289657592773
2021-10-04,8.610899925231934
2021-10-05,8.571809768676758
2021-10-06,8.52910041809082
2021-10-07,8.576399803161621
2021-10-08,8.57229995727539
2021-10-11,8.549579620361328
2021-10-12,8.580519676208496
2021-10-13,8.55720043182373
2021-10-14,8.487099647521973
2021-10-15,8.449790000915527
2021-10-18,8.429550170898438
2021-10-19,8.413419723510742
2021-10-20,8.349800109863281
2021-10-21,8.314399719238281
2021-10-22,8.363100051879883
2021-10-25,8.354399681091309
2021-10-26,8.347060203552246
2021-10-27,8.360340118408203
2021-10-28,8.41903018951416
2021-10-29,8.329259872436523
2021-11-01,8.453900337219238
2021-11-02,8.419500350952148
2021-11-03,8.52299976348877
2021-11-04,8.488459587097168
2021-11-05,8.546879768371582
2021-11-08,8.543880462646484
2021-11-09,8.499300003051758
2021-11-10,8.504130363464355
2021-11-11,8.636249542236328
2021-11-12,8.679450035095215
2021-11-15,8.68970012664795
2021-11-16,8.718400001525879
2021-11-17,8.746990203857422
2021-11-18,8.73701000213623
2021-11-19,8.81089973449707
2021-11-22,8.932100296020508
2021-11-23,8.92959976196289
2021-11-24,8.898799896240234
2021-11-25,8.956049919128418
2021-11-26,8.977519989013672
2021-11-29,9.057999610900879
2021-11-30,9.011099815368652
2021-12-01,9.0518798828125
2021-12-02,9.097900390625
2021-12-03,9.091870307922363
2021-12-06,9.15857982635498
2021-12-07,9.093199729919434
2021-12-08,9.009400367736816
2021-12-09,8.871000289916992
2021-12-10,8.994400024414062
2021-12-13,8.942230224609375
2021-12-14,9.046099662780762
2021-12-15,9.096599578857422
2021-12-16,8.99374008178711
2021-12-17,8.983830451965332
2021-12-20,9.042309761047363
2021-12-21,9.05270004272461
2021-12-22,8.933509826660156
2021-12-23,8.868820190429688
2021-12-24,8.82411003112793
2021-12-27,7.999100208282471
2021-12-28,8.829719543457031
2021-12-29,8.798100471496582
2021-12-30,8.772359848022461
2021-12-31,8.801630020141602
2022-01-03,8.794050216674805
2022-01-04,8.863570213317871
2022-01-05,8.851799964904785
2022-01-06,8.8503999710083
2022-01-07,8.88722038269043
2022-01-10,8.836950302124023
2022-01-11,8.853340148925781
2022-01-12,8.767990112304688
2022-01-13,8.651579856872559
2022-01-14,8.704560279846191
2022-01-17,8.774200439453125
2022-01-18,8.712800025939941
2022-01-19,8.805410385131836
2022-01-20,8.775799751281738
2022-01-21,8.8341703414917
2022-01-24,8.898099899291992
2022-01-25,8.960909843444824
2022-01-26,8.915619850158691
2022-01-27,8.938699722290039
2022-01-28,8.935990333557129
2022-01-31,8.989999771118164
2022-02-01,8.903300285339355
2022-02-02,8.827010154724121
2022-02-03,8.815790176391602
2022-02-04,8.717479705810547
2022-02-07,8.780579566955566
2022-02-08,8.770569801330566
2022-02-09,8.81840991973877
2022-02-10,8.812219619750977
2022-02-11,8.825200080871582
2022-02-14,8.858799934387207
2022-02-15,8.883139610290527
2022-02-16,8.900239944458008
2022-02-17,8.89579963684082
2022-02-18,8.914999961853027
2022-02-21,8.975899696350098
2022-02-22,9.00236988067627
2022-02-23,8.88976001739502
2022-02-24,8.89225959777832
2022-02-25,8.959759712219238
2022-02-28,8.925189971923828
2022-03-01,8.80601978302002
2022-03-02,8.8720703125
2022-03-03,8.849780082702637
2022-03-04,8.905240058898926
2022-03-07,8.968689918518066
2022-03-08,9.042280197143555
2022-03-09,8.97661018371582
2022-03-10,8.908610343933105
2022-03-11,8.925880432128906
2022-03-14,8.99155044555664
2022-03-15,9.037400245666504
2022-03-16,8.99407958984375
2022-03-17,8.895139694213867
2022-03-18,8.782699584960938
2022-03-21,8.750929832458496
2022-03-22,8.733400344848633
2022-03-23,8.753800392150879
2022-03-24,8.670849800109863
2022-03-25,8.661109924316406
2022-03-28,8.623970031738281
2022-03-29,8.701899528503418
2022-03-30,8.662579536437988
2022-03-31,8.560290336608887
2022-04-01,8.782520294189453
2022-04-04,8.754850387573242
2022-04-05,8.709989547729492
2022-04-06,8.763899803161621
2022-04-07,8.802000045776367
2022-04-08,8.809720039367676
2022-04-11,8.70580005645752
2022-04-12,8.813220024108887
2022-04-13,8.763019561767578
2022-04-14,8.744400024414062
2022-04-15,8.76099967956543
2022-04-18,8.799200057983398
2022-04-19,8.837050437927246
2022-04-20,8.825039863586426
2022-04-21,8.804169654846191
2022-04-22,8.89175033569336
2022-04-25,8.94279956817627
2022-04-26,9.118419647216797
2022-04-27,9.230779647827148
2022-04-28,9.320980072021484
2022-04-29,9.411499977111816
2022-05-02,9.390199661254883
2022-05-03,9.428689956665039
2022-05-04,9.393400192260742
2022-05-05,9.228050231933594
2022-05-06,9.482999801635742
2022-05-09,9.523300170898438
2022-05-10,9.655380249023438
2022-05-11,9.730500221252441
2022-05-12,9.748800277709961
2022-05-13,9.862449645996094
2022-05-16,9.765049934387207
2022-05-17,9.763799667358398
2022-05-18,9.656740188598633
2022-05-19,9.878620147705078
2022-05-20,9.694000244140625
2022-05-23,9.72439956665039
2022-05-24,9.60785961151123
2022-05-25,9.558300018310547
2022-05-26,9.565950393676758
2022-05-27,9.518269538879395
2022-05-30,9.455400466918945
2022-05-31,9.403169631958008
2022-06-01,9.350799560546875
2022-06-02,9.48069953918457
2022-06-03,9.362299919128418
2022-06-06,9.428580284118652
2022-06-07,9.42553997039795
2022-06-08,9.457859992980957
2022-06-09,9.474800109863281
2022-06-10,9.581259727478027
2022-06-13,9.779589653015137
2022-06-14,9.903209686279297
2022-06-15,9.989729881286621
2022-06-16,9.92549991607666
2022-06-17,9.956990242004395
2022-06-20,9.987890243530273
2022-06-21,9.884360313415527
2022-06-22,9.844900131225586
2022-06-23,9.911149978637695
2022-06-24,9.974869728088379
2022-06-27,9.83899974822998
2022-06-28,9.792460441589355
2022-06-29,9.815380096435547
2022-06-30,9.88539981842041
2022-07-01,9.840239524841309
2022-07-04,9.966699600219727
2022-07-05,9.816929817199707
2022-07-06,10.063340187072754
2022-07-07,10.131400108337402
2022-07-08,10.070329666137695
2022-07-11,10.038100242614746
2022-07-12,10.195300102233887
2022-07-13,10.257909774780273
2022-07-14,10.228919982910156
2022-07-15,10.225000381469727
2022-07-18,10.168120384216309
2022-07-19,10.079839706420898
2022-07-20,9.901029586791992
2022-07-21,9.969200134277344
2022-07-22,9.9447603225708
2022-07-25,9.90999984741211
2022-07-26,9.832900047302246
2022-07-27,9.886679649353027
2022-07-28,9.727250099182129
2022-07-29,9.730389595031738
2022-08-01,9.685529708862305
2022-08-02,9.635430335998535
2022-08-03,9.780389785766602
2022-08-04,9.716690063476562
2022-08-05,9.721309661865234
2022-08-08,9.831299781799316
2022-08-09,9.718040466308594
2022-08-10,9.722990036010742
2022-08-11,9.513899803161621
2022-08-12,9.51990032196045
2022-08-15,9.588170051574707
2022-08-16,9.701000213623047
2022-08-17,9.663649559020996
2022-08-18,9.708200454711914
2022-08-19,9.72976016998291
2022-08-22,9.815799713134766
2022-08-23,9.81935977935791
2022-08-24,9.700940132141113
2022-08-25,9.699999809265137
2022-08-26,9.662449836730957
2022-08-29,9.791290283203125
2022-08-30,9.732999801635742
2022-08-31,9.807609558105469
2022-09-01,9.950130462646484
2022-09-02,10.045129776000977
2022-09-05,10.060859680175781
2022-09-06,9.94102954864502
2022-09-07,10.032119750976562
2022-09-08,10.013299942016602
2022-09-09,10.026260375976562
2022-09-12,9.865400314331055
2022-09-13,9.8371000289917
2022-09-14,10.093310356140137
2022-09-15,10.08584976196289
2022-09-16,10.184020042419434
2022-09-19,10.179900169372559
2022-09-20,10.203700065612793
2022-09-21,10.332090377807617
2022-09-22,10.365050315856934
2022-09-23,10.397600173950195
2022-09-26,10.588910102844238
2022-09-27,10.784899711608887
2022-09-28,10.791449546813965
2022-09-29,10.696599960327148
2022-09-30,10.67590045928955
2022-10-03,10.87339973449707
2022-10-04,10.638299942016602
2022-10-05,10.440400123596191
2022-10-06,10.482830047607422
2022-10-07,10.72208023071289
2022-10-10,10.703849792480469
2022-10-11,10.674200057983398
2022-10-12,10.753910064697266
2022-10-13,10.762619972229004
2022-10-14,10.579110145568848
2022-10-17,10.640299797058105
2022-10-18,10.51550006866455
2022-10-19,10.53672981262207
2022-10-20,10.623530387878418
2022-10-21,10.6664400100708
2022-10-24,10.497249603271484
2022-10-25,10.496760368347168
2022-10-26,10.3996000289917
2022-10-27,10.23114013671875
2022-10-28,10.270159721374512
2022-10-31,10.316120147705078
2022-11-01,10.381420135498047
2022-11-02,10.345990180969238
2022-11-03,10.461629867553711
2022-11-04,10.57841968536377
2022-11-07,10.256369590759277
2022-11-08,10.220800399780273
2022-11-09,10.227999687194824
2022-11-10,10.36989974975586
2022-11-11,10.099969863891602
2022-11-14,9.925299644470215
2022-11-15,10.036860466003418
2022-11-16,9.97931957244873
2022-11-17,9.999750137329102
2022-11-18,10.118229866027832
2022-11-21,10.150050163269043
2022-11-22,10.249320030212402
2022-11-23,10.096540451049805
2022-11-24,9.931320190429688
2022-11-25,9.90719985961914
2022-11-28,9.90880012512207
2022-11-29,10.011560440063477
2022-11-30,10.007550239562988
2022-12-01,9.822739601135254
2022-12-02,9.71481990814209
2022-12-05,9.753239631652832
2022-12-06,9.942689895629883
2022-12-07,10.007940292358398
2022-12-08,10.014599800109863
2022-12-09,9.960399627685547
2022-12-12,9.968649864196777
2022-12-13,9.98069953918457
2022-12-14,9.777190208435059
2022-12-15,9.717720031738281
2022-12-16,9.853099822998047
2022-12-19,9.827099800109863
2022-12-20,9.892459869384766
2022-12-21,9.879500389099121
2022-12-22,9.831310272216797
2022-12-23,9.862540245056152
2022-12-26,9.832779884338379
2022-12-27,9.813030242919922
2022-12-28,9.819430351257324
2022-12-29,9.87594985961914
2022-12-30,9.879690170288086
2023-01-02,9.768489837646484
2023-01-03,9.842809677124023
2023-01-04,10.089249610900879
2023-01-05,10.08178997039795
2023-01-06,10.245659828186035
2023-01-09,9.985950469970703
2023-01-10,9.875020027160645
2023-01-11,9.98270034790039
2023-01-12,9.988069534301758
2023-01-13,9.88290023803711
2023-01-16,9.899900436401367
2023-01-17,9.857629776000977
2023-01-18,9.877010345458984
2023-01-19,9.913100242614746
2023-01-20,9.896849632263184
2023-01-23,9.845450401306152
2023-01-24,9.817520141601562
2023-01-25,9.860340118408203
2023-01-26,9.888299942016602
2023-01-27,9.852580070495605
2023-01-30,9.888699531555176
2023-01-31,9.977060317993164
2023-02-01,9.98052978515625
2023-02-02,9.88029956817627
2023-02-03,10.043840408325195
2023-02-06,10.22249984741211
2023-02-07,10.336819648742676
2023-02-08,10.314399719238281
2023-02-09,10.311079978942871
2023-02-10,10.177029609680176
2023-02-13,10.130180358886719
2023-02-14,10.08806037902832
2023-02-15,10.135869979858398
2023-02-16,10.20680046081543
2023-02-17,10.25492000579834
2023-02-20,10.287810325622559
2023-02-21,10.234720230102539
2023-02-22,10.2946195602417
2023-02-23,10.351499557495117
2023-02-24,10.302940368652344
2023-02-27,10.351200103759766
2023-02-28,10.334600448608398
2023-03-01,10.382329940795898
2023-03-02,10.37732982635498
2023-03-03,10.442760467529297
2023-03-06,10.388500213623047
2023-03-07,10.41331958770752
2023-03-08,10.686380386352539
2023-03-09,10.673199653625488
2023-03-10,10.660209655761719
2023-03-13,10.622400283813477
2023-03-14,10.557330131530762
2023-03-15,10.548410415649414
2023-03-16,10.75016975402832
2023-03-17,10.746700286865234
2023-03-20,10.659390449523926
2023-03-21,10.646289825439453
2023-03-22,10.53201961517334
2023-03-23,10.441200256347656
2023-03-24,10.398110389709473
2023-03-27,10.458109855651855
2023-03-28,10.455499649047852
2023-03-29,10.354559898376465
2023-03-30,10.41720962524414
2023-03-31,10.394519805908203
2023-04-03,10.449870109558105
2023-04-04,10.274999618530273
2023-04-05,10.30150032043457
2023-04-06,10.44983959197998
2023-04-07,10.441069602966309
2023-04-10,10.491299629211426
2023-04-11,10.51533031463623
2023-04-12,10.555740356445312
2023-04-13,10.433159828186035
2023-04-14,10.30348014831543
2023-04-17,10.383399963378906
2023-04-18,10.478170394897461
2023-04-19,10.462340354919434
2023-04-20,10.583620071411133
2023-04-21,10.58117961883545
2023-04-24,10.584500312805176
2023-04-25,10.522700309753418
2023-04-26,10.665410041809082
2023-04-27,10.624699592590332
2023-04-28,10.607919692993164
2023-05-01,10.672539710998535
2023-05-02,10.737640380859375
2023-05-03,10.803199768066406
2023-05-04,10.762680053710938
2023-05-05,10.678000450134277
2023-05-08,10.570899963378906
2023-05-09,10.500419616699219
2023-05-10,10.565779685974121
2023-05-11,10.49899959564209
2023-05-12,10.671839714050293
2023-05-15,10.674799919128418
2023-05-16,10.593689918518066
2023-05-17,10.719670295715332
2023-05-18,10.771100044250488
2023-05-19,10.914299964904785
2023-05-22,10.868800163269043
2023-05-23,10.902939796447754
2023-05-24,10.955499649047852
2023-05-25,10.950650215148926
2023-05-26,11.053509712219238
2023-05-29,11.076800346374512
2023-05-30,11.114500045776367
2023-05-31,11.181699752807617
2023-06-01,11.063199996948242
2023-06-02,11.05208969116211
2023-06-05,10.996500015258789
2023-06-06,11.03197956085205
2023-06-07,11.091400146484375
2023-06-08,11.043290138244629
2023-06-09,10.899399757385254
2023-06-12,10.752599716186523
2023-06-13,10.788820266723633
2023-06-14,10.642580032348633
2023-06-15,10.635499954223633
2023-06-16,10.49779987335205
2023-06-19,10.5649995803833
2023-06-20,10.68632984161377
2023-06-21,10.7221097946167
2023-06-22,10.64330005645752
2023-06-23,10.64540958404541
2023-06-26,10.81151008605957
2023-06-27,10.726590156555176
2023-06-28,10.790160179138184
2023-06-29,10.763199806213379
2023-06-30,10.798620223999023
2023-07-03,10.746199607849121
2023-07-04,10.685330390930176
2023-07-05,10.640910148620605
2023-07-06,10.678099632263184
2023-07-07,10.757450103759766
2023-07-10,10.631640434265137
2023-07-11,10.474510192871094
2023-07-12,10.340510368347168
2023-07-13,10.107430458068848
2023-07-14,9.943519592285156
2023-07-17,10.050800323486328
2023-07-18,10.062600135803223
2023-07-19,10.05027961730957
2023-07-20,10.037969589233398
2023-07-21,10.068460464477539
2023-07-24,10.090499877929688
2023-07-25,10.05465030670166
2023-07-26,10.062859535217285
2023-07-27,10.12362003326416
2023-07-28,10.171199798583984
2023-07-31,10.189200401306152
2023-08-01,10.112890243530273
2023-08-02,10.156590461730957
2023-08-03,10.287300109863281
2023-08-04,10.226719856262207
2023-08-07,10.136730194091797
2023-08-08,10.146730422973633
2023-08-09,10.264860153198242
2023-08-10,10.196149826049805
2023-08-11,10.313949584960938
2023-08-14,10.430500030517578
2023-08-15,10.47642993927002
2023-08-16,10.527179718017578
2023-08-17,10.614950180053711
2023-08-18,10.583580017089844
2023-08-21,10.642009735107422
2023-08-22,10.617679595947266
2023-08-23,10.6243896484375
2023-08-24,10.590200424194336
2023-08-25,10.725600242614746
2023-08-28,10.679499626159668
2023-08-29,10.703049659729004
2023-08-30,10.580269813537598
2023-08-31,10.596570014953613
2023-09-01,10.625280380249023
2023-09-04,10.666399955749512
2023-09-05,10.641050338745117
2023-09-06,10.717399597167969
2023-09-07,10.711810111999512
2023-09-08,10.704110145568848
2023-09-11,10.650670051574707
2023-09-12,10.642550468444824
2023-09-13,10.674360275268555
2023-09-14,10.711529731750488
2023-09-15,10.744819641113281
2023-09-18,10.765700340270996
2023-09-19,10.808759689331055
2023-09-20,10.767160415649414
2023-09-21,10.782959938049316
2023-09-22,10.76688003540039
2023-09-25,10.75059986114502
2023-09-26,10.805060386657715
2023-09-27,10.82371997833252
2023-09-28,10.756170272827148
2023-09-29,10.72467041015625
2023-10-02,10.682900428771973
2023-10-03,10.855690002441406
2023-10-04,10.95425033569336
2023-10-05,11.004899978637695
2023-10-06,10.953630447387695
2023-10-09,10.884300231933594
2023-10-10,10.772330284118652
2023-10-11,10.80286979675293
2023-10-12,10.848420143127441
2023-10-13,10.96243953704834
2023-10-16,10.918299674987793
2023-10-17,10.925919532775879
2023-10-18,10.951430320739746
2023-10-19,11.056839942932129
2023-10-20,10.992899894714355
2023-10-23,11.063790321350098
2023-10-24,11.074029922485352
2023-10-25,11.157130241394043
2023-10-26,11.201809883117676
2023-10-27,11.182720184326172
2023-10-30,11.176480293273926
2023-10-31,11.137319564819336
2023-11-01,11.163200378417969
2023-11-02,11.13644027709961
2023-11-03,11.152790069580078
2023-11-06,11.022709846496582
2023-11-07,11.054980278015137
2023-11-08,11.185819625854492
2023-11-09,11.17434024810791
2023-11-10,11.216699600219727
2023-11-13,11.096650123596191
2023-11-14,11.073780059814453
2023-11-15,10.871700286865234
2023-11-16,10.800359725952148
2023-11-17,10.933650016784668
2023-11-20,10.815899848937988
2023-11-21,10.694869995117188
2023-11-22,10.655440330505371
2023-11-23,10.75
2023-11-24,10.772089958190918
2023-11-27,10.703760147094727
2023-11-28,10.630279541015625
2023-11-29,10.605509757995605
2023-11-30,10.652230262756348
2023-12-01,10.805120468139648
2023-12-04,10.67300033569336
2023-12-05,10.837599754333496
2023-12-06,10.92549991607666
2023-12-07,10.971400260925293
2023-12-08,10.866669654846191
2023-12-11,10.897000312805176
2023-12-12,10.954440116882324
2023-12-13,10.954879760742188
2023-12-14,10.772390365600586
2023-12-15,10.498900413513184
2023-12-18,10.46560001373291
2023-12-19,10.393199920654297
2023-12-20,10.259249687194824
2023-12-21,10.342700004577637
2023-12-22,10.27001953125
2023-12-25,10.173999786376953
2023-12-26,10.171199798583984
2023-12-27,10.136549949645996
2023-12-28,10.098340034484863
2023-12-29,10.180330276489258
2024-01-01,10.162910461425781
2024-01-02,10.13821029663086
2024-01-03,10.343620300292969
2024-01-04,10.330769538879395
2024-01-05,10.291399955749512
2024-01-08,10.300000190734863
2024-01-09,10.359020233154297
2024-01-10,10.359199523925781
2024-01-11,10.344969749450684
2024-01-12,10.289790153503418
2024-01-15,10.28711986541748
2024-01-16,10.350090026855469
2024-01-17,10.461159706115723
2024-01-18,10.503210067749023
2024-01-19,10.524459838867188
2024-01-22,10.480279922485352
2024-01-23,10.518950462341309
2024-01-24,10.497770309448242
2024-01-25,10.465239524841309
2024-01-26,10.433159828186035
2024-01-29,10.42471981048584
2024-01-30,10.416589736938477
2024-01-31,10.437270164489746
2024-02-01,10.51393985748291
2024-02-02,10.429129600524902
2024-02-05,10.617500305175781
2024-02-06,10.688579559326172
2024-02-07,10.58810043334961
2024-02-08,10.581700325012207
2024-02-09,10.612839698791504
2024-02-12,10.53242015838623
2024-02-13,10.497750282287598
2024-02-14,10.669059753417969
2024-02-15,10.577300071716309
2024-02-16,10.523260116577148
2024-02-19,10.495200157165527
2024-02-20,10.48904037475586
2024-02-21,10.484450340270996
2024-02-22,10.474610328674316
2024-02-23,10.496310234069824
2024-02-26,10.531720161437988
2024-02-27,10.498270034790039
2024-02-28,10.525270462036133
2024-02-29,10.590479850769043
2024-03-01,10.618359565734863
2024-03-04,10.512900352478027
2024-03-05,10.567540168762207
2024-03-06,10.569299697875977
2024-03-07,10.479049682617188
2024-03-08,10.396010398864746
2024-03-11,10.422829627990723
2024-03-12,10.440799713134766
2024-03-13,10.509550094604492
2024-03-14,10.46854019165039
2024-03-15,10.56527042388916
2024-03-18,10.62279987335205
2024-03-19,10.641169548034668
2024-03-20,10.638669967651367
2024-03-21,10.546380043029785
2024-03-22,10.660940170288086
2024-03-25,10.750539779663086
2024-03-26,10.71306037902832
2024-03-27,10.754599571228027
2024-03-28,10.797900199890137
2024-03-29,10.84060001373291
2024-04-01,10.845000267028809
2024-04-02,10.962949752807617
2024-04-03,10.831520080566406
2024-04-04,10.708490371704102
2024-04-05,10.729530334472656
2024-04-08,10.750900268554688
2024-04-09,10.674420356750488
2024-04-10,10.664899826049805
2024-04-11,10.836580276489258
2024-04-12,10.820159912109375
2024-04-15,10.865699768066406
2024-04-16,10.931400299072266
2024-04-17,10.968589782714844
2024-04-18,11.003299713134766
2024-04-19,11.05303955078125
2024-04-22,11.012999534606934
2024-04-23,10.979880332946777
2024-04-24,10.90386962890625
2024-04-25,10.99020004272461
2024-04-26,10.955780029296875
2024-04-29,11.015390396118164
2024-04-30,10.987279891967773
2024-05-01,11.11497974395752
2024-05-02,11.017459869384766
2024-05-03,10.974140167236328
2024-05-06,10.862799644470215
2024-05-07,10.8300199508667
2024-05-08,10.919300079345703
2024-05-09,10.901729583740234
2024-05-10,10.834759712219238
2024-05-13,10.84945011138916
2024-05-14,10.808500289916992
2024-05-15,10.800169944763184
2024-05-16,10.648280143737793
2024-05-17,10.688559532165527
2024-05-20,10.6670503616333
2024-05-21,10.692500114440918
2024-05-22,10.663800239562988
2024-05-23,10.704489707946777
2024-05-24,10.667900085449219
2024-05-27,10.588899612426758
2024-05-28,10.476900100708008
2024-05-29,10.514519691467285
2024-05-30,10.58584976196289
2024-05-31,10.551300048828125
2024-06-03,10.492500305175781
2024-06-04,10.446999549865723
2024-06-05,10.550939559936523
2024-06-06,10.567279815673828
2024-06-07,10.550239562988281
2024-06-10,10.71500015258789
2024-06-11,10.643850326538086
2024-06-12,10.690159797668457
2024-06-13,10.579500198364258
2024-06-14,10.648750305175781
2024-06-17,10.675200462341309
2024-06-18,10.648209571838379
2024-06-19,10.574250221252441
2024-06-20,10.5625
2024-06-21,10.54010009765625
2024-06-24,10.579970359802246
2024-06-25,10.532400131225586
2024-06-26,10.614899635314941
2024-06-27,10.683819770812988
2024-06-28,10.65526008605957
2024-07-01,10.661399841308594
2024-07-02,10.658470153808594
2024-07-03,10.66586971282959
2024-07-04,10.547430038452148
2024-07-05,10.566100120544434
2024-07-08,10.563400268554688
2024-07-09,10.60116958618164
2024-07-10,10.602519989013672
2024-07-11,10.711739540100098
2024-07-12,10.713029861450195
2024-07-15,10.739100456237793
2024-07-16,10.804699897766113
2024-07-17,10.771820068359375
2024-07-18,10.714460372924805
2024-07-19,10.808150291442871
2024-07-22,10.878780364990234
2024-07-23,10.957229614257812
2024-07-24,11.017060279846191
2024-07-25,11.025799751281738
2024-07-26,11.024749755859375
2024-07-29,11.004599571228027
2024-07-30,10.99841022491455
2024-07-31,10.945549964904785
2024-08-01,10.89783000946045
2024-08-02,10.951979637145996
2024-08-05,10.956219673156738
2024-08-06,10.996700286865234
2024-08-07,10.896430015563965
2024-08-08,10.820670127868652
2024-08-09,10.83506965637207
2024-08-12,10.811630249023438
2024-08-13,10.799969673156738
2024-08-14,10.723219871520996
2024-08-15,10.714489936828613
2024-08-16,10.740739822387695
2024-08-19,10.680899620056152
2024-08-20,10.529939651489258
2024-08-21,10.491640090942383
2024-08-22,10.500499725341797
2024-08-23,10.580479621887207
2024-08-26,10.465299606323242
2024-08-27,10.536479949951172
2024-08-28,10.460419654846191
2024-08-29,10.503600120544434
2024-08-30,10.5001802444458
2024-09-02,10.605629920959473
2024-09-03,10.590559959411621
2024-09-04,10.676190376281738
2024-09-05,10.632360458374023
2024-09-06,10.627809524536133
2024-09-09,10.70779037475586
2024-09-10,10.840189933776855
2024-09-11,10.811059951782227
2024-09-12,10.856120109558105
2024-09-13,10.707429885864258
2024-09-16,10.618840217590332
2024-09-17,10.590299606323242
2024-09-18,10.579090118408203
2024-09-19,10.587039947509766
2024-09-20,10.50100040435791
2024-09-23,10.472800254821777
2024-09-24,10.48069953918457
2024-09-25,10.39054012298584
2024-09-26,10.574299812316895
2024-09-27,10.529399871826172
2024-09-30,10.484600067138672
2024-10-01,10.535479545593262
2024-10-02,10.607580184936523
2024-10-03,10.57190990447998
2024-10-04,10.598259925842285
2024-10-07,10.669699668884277
2024-10-08,10.640999794006348
2024-10-09,10.705920219421387
2024-10-10,10.774299621582031
2024-10-11,10.729439735412598
2024-10-14,10.731639862060547
2024-10-15,10.801799774169922
2024-10-16,10.826189994812012
2024-10-17,10.91234016418457
2024-10-18,10.916399955749512
2024-10-21,10.918600082397461
2024-10-22,10.94849967956543
2024-10-23,10.921699523925781
2024-10-24,10.986200332641602
2024-10-25,10.936180114746094
2024-10-28,10.985199928283691
2024-10-29,10.983920097351074
2024-10-30,10.953709602355957
2024-10-31,10.961199760437012
2024-11-01,10.993339538574219
2024-11-04,11.00885009765625
2024-11-05,11.004110336303711
2024-11-06,10.939499855041504
2024-11-07,11.076499938964844
2024-11-08,10.871199607849121
2024-11-11,10.993570327758789
2024-11-12,11.020279884338379
2024-11-13,11.079950332641602
2024-11-14,11.133099555969238
2024-11-15,11.1496000289917
2024-11-18,11.081950187683105
2024-11-19,10.998769760131836
2024-11-20,10.955080032348633
2024-11-21,11.061079978942871
2024-11-22,11.072649955749512
2024-11-25,11.01338005065918
2024-11-26,11.108790397644043
2024-11-27,11.142849922180176
2024-11-28,11.067700386047363
2024-11-29,11.037599563598633
2024-12-02,11.055520057678223
2024-12-03,11.092229843139648
2024-12-04,11.055919647216797
2024-12-05,11.053019523620605
2024-12-06,11.034520149230957
2024-12-09,11.151630401611328
2024-12-10,11.121230125427246
2024-12-11,11.144700050354004
2024-12-12,11.134570121765137
2024-12-13,11.149169921875
2024-12-16,11.133399963378906
2024-12-17,11.14330005645752
2024-12-18,11.188420295715332
2024-12-19,11.386099815368652
2024-12-20,11.433629989624023
2024-12-23,11.314760208129883
2024-12-24,11.351180076599121
2024-12-25,11.35669994354248
2024-12-26,11.34214973449707
2024-12-27,11.38815975189209
2024-12-30,11.344900131225586
2024-12-31,11.327619552612305
2025-01-02,11.387040138244629
2025-01-03,11.382180213928223
2025-01-06,11.353050231933594
2025-01-07,11.297699928283691
2025-01-08,11.268219947814941
2025-01-09,11.404789924621582
2025-01-10,11.401599884033203
2025-01-13,11.4483003616333
2025-01-14,11.394000053405762
2025-01-15,11.374679565429688
2025-01-16,11.305899620056152
2025-01-17,11.354789733886719
2025-01-20,11.42080020904541
2025-01-21,11.261460304260254
2025-01-22,11.2846097946167
2025-01-23,11.264320373535156
2025-01-24,11.265970230102539
2025-01-27,11.216890335083008
2025-01-28,11.249919891357422
2025-01-29,11.28341007232666
2025-01-30,11.286890029907227
2025-01-31,11.316539764404297
2025-02-03,11.451499938964844
2025-02-04,11.342499732971191
2025-02-05,11.248700141906738
2025-02-06,11.22311019897461
2025-02-07,11.207850456237793
2025-02-10,11.26321029663086
2025-02-11,11.220060348510742
2025-02-12,11.197870254516602
2025-02-13,11.25802993774414
2025-02-14,11.149259567260742
2025-02-17,11.117340087890625
2025-02-18,11.105799674987793
2025-02-19,11.151399612426758
2025-02-20,11.13047981262207
2025-02-21,11.093299865722656
2025-02-24,11.113659858703613
2025-02-25,11.128310203552246
2025-02-26,11.101340293884277
2025-02-27,11.152250289916992
2025-02-28,11.245220184326172
2025-03-03,11.225150108337402
2025-03-04,11.1951904296875
2025-03-05,11.089400291442871
2025-03-06,10.907739639282227
2025-03-07,10.883549690246582
2025-03-10,10.823840141296387
2025-03-11,10.75979995727539
2025-03-12,10.657540321350098
2025-03-13,10.631699562072754
2025-03-14,10.681180000305176
2025-03-17,10.631400108337402
2025-03-18,10.54010009765625
2025-03-19,10.560830116271973
2025-03-20,10.552499771118164
2025-03-21,10.545999526977539
2025-03-24,10.527640342712402
2025-03-25,10.518400192260742
2025-03-26,10.519399642944336
2025-03-27,10.57349967956543
2025-03-28,10.483050346374512
2025-03-31,10.484210014343262
2025-04-01,10.509929656982422
2025-04-02,10.463709831237793
2025-04-03,10.380599975585938
2025-04-04,10.329059600830078
2025-04-07,10.76159954071045
2025-04-08,10.965439796447754
2025-04-09,10.936479568481445
2025-04-10,10.764240264892578
2025-04-11,10.774270057678223
2025-04-14,10.647480010986328
2025-04-15,10.568699836730957
2025-04-16,10.643770217895508
2025-04-17,10.56410026550293
2025-04-22,10.361100196838379
2025-04-23,10.433799743652344
2025-04-24,10.515569686889648
2025-04-25,10.418800354003906
2025-04-28,10.451299667358398
2025-04-29,10.33590030670166
2025-04-30,10.371000289916992
2025-05-01,10.40149974822998
2025-05-02,10.410750389099121
2025-05-05,10.404899597167969
2025-05-06,10.394100189208984
2025-05-07,10.26259994506836
2025-05-08,10.3574800491333
2025-05-09,10.432999610900879
2025-05-12,10.365400314331055
2025-05-13,10.447150230407715
2025-05-14,10.362799644470215
2025-05-15,10.381400108337402
2025-05-16,10.412240028381348
2025-05-19,10.373499870300293
2025-05-20,10.30659008026123
2025-05-21,10.245980262756348
2025-05-22,10.17199993133545
2025-05-23,10.202699661254883
2025-05-26,10.106780052185059
2025-05-27,10.09179973602295
2025-05-28,10.14999008178711
2025-05-29,10.218099594116211
2025-05-30,10.118800163269043
2025-06-02,10.208900451660156
2025-06-03,10.061249732971191
2025-06-04,10.128800392150879
2025-06-05,10.106300354003906
2025-06-06,10.06760025024414
2025-06-09,10.09451961517334
2025-06-10,10.059599876403809
2025-06-11,10.097570419311523
2025-06-12,10.044500350952148
2025-06-13,9.917400360107422
2025-06-16,9.914999961853027
2025-06-17,9.870710372924805
2025-06-18,9.935999870300293
2025-06-19,9.973299980163574
2025-06-20,10.029899597167969
2025-06-23,10.100899696350098
2025-06-24,10.055310249328613
2025-06-25,10.11382007598877
2025-06-26,10.111249923706055
2025-06-27,10.056489944458008
2025-06-30,10.06879997253418
2025-07-01,10.079299926757812
2025-07-02,10.063650131225586
2025-07-03,10.053199768066406
2025-07-04,10.050700187683105
2025-07-07,10.070369720458984
2025-07-08,10.107099533081055
2025-07-09,10.092100143432617
2025-07-10,10.086700439453125
2025-07-11,10.07390022277832
2025-07-14,10.13798999786377
2025-07-15,10.1358003616333
2025-07-16,10.245070457458496
2025-07-17,10.251179695129395
2025-07-18,10.280770301818848
2025-07-21,10.173480033874512
2025-07-22,10.159799575805664
2025-07-23,10.069600105285645
2025-07-24,10.097450256347656
2025-07-25,10.119440078735352
2025-07-28,10.133779525756836
2025-07-29,10.183699607849121
2025-07-30,10.201000213623047
2025-07-31,10.296099662780762
2025-08-01,10.32409954071045
2025-08-04,10.248900413513184
2025-08-05,10.252849578857422
2025-08-06,10.254409790039062
2025-08-07,10.17926025390625
2025-08-08,10.209309577941895
2025-08-11,10.281900405883789
2025-08-12,10.221039772033691
2025-08-13,10.210860252380371
2025-08-14,10.18220043182373
2025-08-15,10.215609550476074
2025-08-18,10.172769546508789
2025-08-19,10.202400207519531
2025-08-20,10.283610343933105
2025-08-21,10.231599807739258
2025-08-22,10.175800323486328
2025-08-25,10.06663990020752
2025-08-26,10.13010025024414
2025-08-27,10.126999855041504
2025-08-28,10.073249816894531
2025-08-29,10.064000129699707
2025-09-01,10.058489799499512
2025-09-02,9.987119674682617
2025-09-03,10.035980224609375
2025-09-04,10.036089897155762
2025-09-05,10.071649551391602
2025-09-08,10.019200325012207
2025-09-09,9.97350025177002
2025-09-10,9.976099967956543
2025-09-11,9.923800468444824
2025-09-12,9.854299545288086
2025-09-15,9.860400199890137
2025-09-16,9.820890426635742
2025-09-17,9.754630088806152
2025-09-18,9.808440208435059
2025-09-19,9.868880271911621
2025-09-22,9.921380043029785
2025-09-23,9.910900115966797
2025-09-24,9.880550384521484
2025-09-25,9.936070442199707
2025-09-26,10.030269622802734
2025-09-29,9.959369659423828
2025-09-30,9.983599662780762
2025-10-01,9.988140106201172
2025-10-02,9.913969993591309
2025-10-03,9.975099563598633
2025-10-06,9.961660385131836
2025-10-07,9.922679901123047
2025-10-08,9.964349746704102
2025-10-09,9.972909927368164
2025-10-10,10.064909934997559
2025-10-13,10.103679656982422
2025-10-14,10.086009979248047
2025-10-15,10.156399726867676
2025-10-16,10.095789909362793
2025-10-17,10.058300018310547
2025-10-20,10.056619644165039
2025-10-21,10.045510292053223
2025-10-22,10.05935001373291
2025-10-23,10.022339820861816
2025-10-24,9.96677017211914
2025-10-27,9.986749649047852
2025-10-28,9.986729621887207
2025-10-29,9.97562026977539
2025-10-30,10.012800216674805
2025-10-31,10.050009727478027
2025-11-03,10.115280151367188
2025-11-04,10.124879837036133
2025-11-05,10.224749565124512
2025-11-06,10.207300186157227
2025-11-07,10.193779945373535
2025-11-10,10.167949676513672
2025-11-11,10.128549575805664
2025-11-12,10.046480178833008
2025-11-13,10.073180198669434
2025-11-14,10.022379875183105
2025-11-17,10.079259872436523
2025-11-18,10.102160453796387
2025-11-19,10.106499671936035
2025-11-20,10.170339584350586
2025-11-21,10.203100204467773
2025-11-24,10.238490104675293
2025-11-25,10.225509643554688
2025-11-26,10.226380348205566
2025-11-27,10.195500373840332
2025-11-28,10.16018009185791
2025-12-01,10.11890983581543
2025-12-02,10.128470420837402
2025-12-03,10.124919891357422
2025-12-04,10.06171989440918
2025-12-05,10.11460018157959
2025-12-08,10.109219551086426
2025-12-09,10.122469902038574
2025-12-10,10.146300315856934
2025-12-11,10.080789566040039
2025-12-12,10.064900398254395
2025-12-15,10.113570213317871
2025-12-16,10.139430046081543
2025-12-17,10.183659553527832
2025-12-18,10.196749687194824
2025-12-19,10.151049613952637
2025-12-22,10.131509780883789
2025-12-23,10.102310180664062
2025-12-24,10.02649974822998
2025-12-26,9.989029884338379
2025-12-29,10.007610321044922
2025-12-30,10.038450241088867
2025-12-31,10.051210403442383
2026-01-02,10.051090240478516
2026-01-05,10.054610252380371
2026-01-06,10.036800384521484
2026-01-07,10.049869537353516
2026-01-08,10.077939987182617
2026-01-09,10.078300476074219
2026-01-12,10.082050323486328
2026-01-13,10.065580368041992
2026-01-14,10.085229873657227
2026-01-15,10.053810119628906
2026-01-16,10.106900215148926
2026-01-19,10.071680068969727
2026-01-20,10.061779975891113
2026-01-21,9.993260383605957
2026-01-22,9.965239524841309
2026-01-23,9.847800254821777
2026-01-26,9.740229606628418
2026-01-27,9.7716703414917
2026-01-28,9.588350296020508
2026-01-29,9.567660331726074
2026-01-30,9.533720016479492
2026-02-02,9.63683032989502
2026-02-03,9.688309669494629
2026-02-04,9.616310119628906
2026-02-05,9.668899536132812
2026-02-06,9.798999786376953
2026-02-09,9.678560256958008
2026-02-10,9.577549934387207
2026-02-11,9.514320373535156
2026-02-12,9.481949806213379
2026-02-13,9.531390190124512
2026-02-16,9.47638988494873
2026-02-17,9.499019622802734
2026-02-18,9.531000137329102
2026-02-19,9.523619651794434
2026-02-20,9.553779602050781
2026-02-23,9.487970352172852
2026-02-24,9.559639930725098
2026-02-25,9.559009552001953
2026-02-26,9.541720390319824
2026-02-27,9.549690246582031
2026-03-02,9.512290000915527
2026-03-03,9.573169708251953
2026-03-04,9.657429695129395
2026-03-05,9.62285041809082
2026-03-06,9.666950225830078
2026-03-09,9.634249687194824
2026-03-10,9.589859962463379
2026-03-11,9.629599571228027
2026-03-12,9.665249824523926
2026-03-13,9.688199996948242
2026-03-16,9.760669708251953
2026-03-17,9.673190116882324
2026-03-18,9.581290245056152
2026-03-19,9.600549697875977
2026-03-20,9.490050315856934
2026-03-23,9.566550254821777
2026-03-24,9.728249549865723
2026-03-25,9.686420440673828
2026-03-26,9.679630279541016
2026-03-27,9.690449714660645
2026-03-30,9.736530303955078
2026-03-31,9.728699684143066
2026-04-01,9.676460266113281
2026-04-02,9.71500015258789
2026-04-03,9.711509704589844
2026-04-06,9.758620262145996
2026-04-07,9.7052001953125
2026-04-08,9.58215045928955
2026-04-09,9.567449569702148
2026-04-10,9.496299743652344
2026-04-13,9.535550117492676
2026-04-14,9.437150001525879
2026-04-15,9.432609558105469
2026-04-16,9.379549980163574
2026-04-17,9.353759765625
2026-04-20,9.379599571228027
2026-04-21,9.302289962768555
2026-04-22,9.331620216369629
2026-04-23,9.296250343322754
2026-04-24,9.327079772949219
2026-04-27,9.285030364990234
2026-04-28,9.276820182800293
2026-04-29,9.313899993896484
2026-04-30,9.320549964904785
2026-05-01,9.259289741516113
2026-05-04,9.283900260925293
2026-05-05,9.270649909973145
2026-05-06,9.246359825134277
2026-05-07,9.292130470275879
2026-05-08,9.294580459594727
2026-05-11,9.20695972442627
2026-05-12,9.17965030670166
2026-05-13,9.182649612426758
2026-05-14,9.162210464477539
2026-05-15,9.273550033569336
2026-05-18,9.31760025024414
2026-05-19,9.254899978637695
2026-05-20,9.266449928283691
2026-05-21,9.254679679870605
2026-05-22,9.227350234985352
2026-05-25,9.24960994720459
2026-05-26,9.245420455932617
2026-05-27,9.260149955749512
2026-05-28,9.276450157165527
2026-05-29,9.244460105895996
2026-06-01,9.2389497756958
2026-06-02,9.26865005493164
2026-06-03,9.285050392150879
2026-06-04,9.30858039855957
2026-06-05,9.336600303649902
2026-06-08,9.454339981079102
2026-06-09,9.470149993896484
2026-06-10,9.510049819946289
2026-06-11,9.466850280761719
2026-06-12,9.48805046081543
2026-06-15,9.494050025939941
2026-06-16,9.531900405883789
2026-06-17,9.4693603515625
2026-06-18,9.610750198364258
2026-06-19,9.740699768066406
2026-06-22,9.697879791259766
2026-06-23,9.691180229187012
2026-06-24,9.789810180664062
2026-06-25,9.848250389099121
2026-06-26,9.867950439453125
2026-06-29,9.932499885559082
2026-06-30,9.925580024719238
2026-07-01,9.908679962158203
2026-07-02,9.909549713134766
2026-07-03,9.853039741516113
2026-07-06,9.828160285949707
2026-07-07,9.780980110168457
2026-07-08,9.805870056152344
2026-07-09,9.759349822998047
2026-07-10,9.712019920349121
2026-07-13,9.779829978942871
2026-07-14,9.778249740600586
2026-07-15,9.68490982055664
2026-07-16,9.649709701538086
2026-07-17,9.664939880371094
2026-07-20,9.644319534301758
2026-07-21,9.669580459594727
2026-07-22,9.631799697875977
2026-07-23,9.591329574584961
2026-07-24,9.612279891967773
2026-07-27,9.576009750366211
2026-07-28,9.659760475158691
2026-07-29,9.68185043334961
2026-07-30,9.593159675598145
2026-07-31,9.530550003051758
2026-08-03,9.483739852905273
2026-08-04,9.538399696350098
2026-08-05,9.535750389099121
2026-08-06,9.522549629211426
2026-08-07,9.533650398254395
2026-08-10,9.49685001373291
2026-08-11,9.489450454711914
2026-08-12,9.488550186157227
2026-08-13,9.491849899291992
2026-08-14,9.504150390625
2026-08-17,9.43970012664795
2026-08-18,9.415840148925781
2026-08-19,9.4058198928833
2026-08-20,9.329919815063477
2026-08-21,9.343759536743164
2026-08-24,9.304149627685547
2026-08-25,9.29761028289795
2026-08-26,9.314800262451172
2026-08-27,9.345930099487305
2026-08-28,9.317999839782715
2026-08-31,9.361300468444824
2026-09-01,9.339909553527832
2026-09-02,9.325889587402344
2026-09-03,9.316129684448242
2026-09-04,9.282899856567383
2026-09-07,9.297900199890137
2026-09-08,9.265089988708496
2026-09-09,9.21636962890625
2026-09-10,9.195119857788086
2026-09-11,9.272150039672852
2026-09-14,9.291130065917969
2026-09-15,9.326109886169434
2026-09-16,9.348429679870605
2026-09-17,9.419260025024414
2026-09-18,9.417389869689941
2026-09-21,9.407790184020996
2026-09-22,9.439949989318848
2026-09-23,9.458829879760742
