ds,y,y_next,vol_realizada,posicion_cruda,pos,ventana,seed
2025-07-15,0.0010330792166959,0.0010342972696862,0.0103752241068805,0.15895553,0.14476686708269473,1,42
2025-07-16,0.0010342972696862,0.0010336665263334,0.0102125430556687,0.21223381,0.19636842734776563,1,42
2025-07-17,0.0010336665263334,0.0010368603736253,0.0101798419721349,0.15857968,0.14719650648109311,1,42
2025-07-18,0.0010368603736253,0.0010380012090585,0.010195644442041,0.0695743,0.06448001624808061,1,42
2025-07-21,0.0010380012090585,0.0010486357302911,0.0101950399258468,0.0233833,0.021672443480741727,1,42
2025-07-22,0.0010486357302911,0.0010523768146177,0.0103349267207608,-0.054621853,-0.049940174454795615,1,42
2025-07-23,0.0010523768146177,0.0010547855648114,0.0098856370154179,-0.06781052,-0.06481617746503461,1,42
2025-07-24,0.0010547855648114,0.0010529086601737,0.0099069771213738,-0.053022962,-0.05057243026191042,1,42
2025-07-25,0.0010529086601737,0.0010673468223109,0.0097622966596328,0.05465317,0.052899843329870314,1,42
2025-07-28,0.0010673468223109,0.0010432315165946,0.0098401061026245,-0.1792961,-0.17217182270529427,1,42
2025-07-29,0.0010432315165946,0.0010414063256789,0.0106844576126209,0.12499927,0.11054675352837515,1,42
2025-07-30,0.0010414063256789,0.0010189213774418,0.0106273087626153,0.041755613,0.037126377186441996,1,42
2025-07-31,0.0010189213774418,0.0010285949263977,0.0114778744857806,0.27467284,0.22612327171607635,1,42
2025-08-01,0.0010285949263977,0.001056062792421,0.0118061321131562,-0.1213228,-0.09710146984017883,1,42
2025-08-04,0.001056062792421,0.0010348966859303,0.0134358590735313,-0.56130844,-0.3947545452974235,1,42
2025-08-05,0.0010348966859303,0.0010348217780971,0.0139245899051566,0.014295455,0.009700778075824385,1,42
2025-08-06,0.0010348217780971,0.0010263252681857,0.0139247520082229,-0.057458922,-0.038990700047754755,1,42
2025-08-07,0.0010263252681857,0.0010311085266268,0.0139737109966559,0.050168175,0.03392403891289617,1,42
2025-08-08,0.0010311085266268,0.0010332926592074,0.0140372206500102,-0.020596331,-0.013864357571680868,1,42
2025-08-11,0.0010332926592074,0.001032321999277,0.0136996956724895,0.19429594,0.13401204317048473,1,42
2025-08-12,0.001032321999277,0.0010456423124675,0.0117279733505573,-0.012278556,-0.00989271084427296,1,42
2025-08-13,0.0010456423124675,0.001049736521515,0.0120752476352777,-0.13135661,-0.10278906062697218,1,42
2025-08-14,0.001049736521515,0.0010357220431539,0.0120947368685996,0.04811572,0.037590800419470875,1,42
2025-08-15,0.0010357220431539,0.0010377750366711,0.0124864902101161,0.44747984,0.3386289814589341,1,42
2025-08-18,0.0010377750366711,0.0010376780888736,0.0124923266520225,-0.002867607,-0.0021690386490690597,1,42
2025-08-19,0.0010376780888736,0.0010383784918756,0.0122596936391838,0.15458284,0.11914413507942558,1,42
2025-08-20,0.0010383784918756,0.0010354432005306,0.0122259989837858,-0.16383888,-0.12662621500727078,1,42
2025-08-21,0.0010354432005306,0.0010304710360844,0.0122144243532942,-0.2298856,-0.17784012629990892,1,42
2025-08-22,0.0010304710360844,0.0010421877393329,0.0122443903733964,0.24641456,0.19016045129725864,1,42
2025-08-25,0.0010421877393329,0.0010393605800931,0.0121084213324472,-0.49981558,-0.39004369786315524,1,42
2025-08-26,0.0010393605800931,0.0010351431216148,0.0109989218851824,-0.13786958,-0.1184429893326407,1,42
2025-08-27,0.0010351431216148,0.0010328764758789,0.0110284009295025,0.050793655,0.043519903108017025,1,42
2025-08-28,0.0010328764758789,0.0010332499766818,0.0098189461288071,0.14666027,0.14113625646137767,1,42
2025-08-29,0.0010332499766818,0.0010352395308843,0.0095996154256529,-0.07761373,-0.07639690010523123,1,42
2025-09-01,0.0010352395308843,0.0010341689183384,0.0074029168887196,0.25479156,0.3252169578017443,1,42
2025-09-02,0.0010341689183384,0.0010276013574072,0.0058590188170589,0.16955218,0.2734446766563491,1,42
2025-09-03,0.0010276013574072,0.0010331539376035,0.0060279587059093,0.08520961,0.13357012104141175,1,42
2025-09-04,0.0010331539376035,0.0010290818635124,0.0058566669610098,-0.07125116,-0.11495620425898337,1,42
2025-09-05,0.0010290818635124,0.0010344363638223,0.0058385817183217,-0.16218485,-0.2624786199742523,1,42
2025-09-08,0.0010344363638223,0.0010308853476674,0.0059395175720854,-0.26031613,-0.4141340143356911,1,42
2025-09-09,0.0010308853476674,0.0010344792097397,0.0059876415217971,-0.2707801,-0.4273187446236313,1,42
2025-09-10,0.0010344792097397,0.0010401605849481,0.0052478694709792,-0.2898708,-0.5219302053665521,1,42
2025-09-11,0.0010401605849481,0.0010500451223308,0.0053289168090619,-0.3793493,-0.6726534186317217,1,42
2025-09-12,0.0010500451223308,0.0010640642813286,0.0048293365439033,-0.09230205,-0.18059880485125188,1,42
2025-09-15,0.0010640642813286,0.0010514473091349,0.0055877875950711,-0.09632244,-0.16288405731445,1,42
2025-09-16,0.0010514473091349,0.0010556763609681,0.0063167318844184,-0.069530986,-0.1040104477038982,1,42
2025-09-17,0.0010556763609681,0.0010508175198679,0.006361143875818,-0.059759397,-0.08876913648172728,1,42
2025-09-18,0.0010508175198679,0.0010470546379874,0.0064272161527856,-0.122932695,-0.18073219367328733,1,42
2025-09-19,0.0010470546379874,0.0010471862079747,0.0063771361841159,-0.23859556,-0.35353115441070676,1,42
2025-09-22,0.0010471862079747,0.0010462549545287,0.0058780468285471,-0.30164954,-0.48490942175612295,1,42
2025-09-23,0.0010462549545287,0.0010547521560971,0.0058437960456638,-0.2646389,-0.42790724400476815,1,42
2025-09-24,0.0010547521560971,0.0010504091235828,0.0059926340328929,-0.30751556,-0.4848867648891817,1,42
2025-09-25,0.0010504091235828,0.0010426115280609,0.0060610197164845,-0.1527186,-0.23808786329962847,1,42
2025-09-26,0.0010426115280609,0.0010421986116062,0.0063389753562969,0.31673172,0.4721320682782851,1,42
2025-09-29,0.0010421986116062,0.001036333862696,0.0063318293722169,0.032456607,0.048435624733334494,1,42
2025-09-30,0.001036333862696,0.0010403012606795,0.0064667151240447,0.08753617,0.12790715229340263,1,42
2025-10-01,0.0010403012606795,0.0010421551901637,0.0063297016335028,-0.033217058,-0.04958712641973128,1,42
2025-10-02,0.0010421551901637,0.0010400740849646,0.0062371914848019,-0.060892627,-0.09225005194813442,1,42
2025-10-03,0.0010400740849646,0.0010555915458611,0.0061800452083701,-0.09688538,-0.14813497886904017,1,42
2025-10-07,0.0010401173331579,0.0010426332905224,0.0076982013952328,0.3346725,0.41079182046491364,2,42
2025-10-08,0.0010426332905224,0.0010521110932733,0.0076797808765722,0.10919147,0.13434790295101412,2,42
2025-10-09,0.0010521110932733,0.001052122106014,0.0078440367386742,-0.11726825,-0.14126410449643975,2,42
2025-10-10,0.001052122106014,0.0010559327255361,0.007560022502344,0.011574791,0.01446708619083299,2,42
2025-10-13,0.0010559327255361,0.0010454236712785,0.0069598460563538,-0.30914485,-0.41971392429423143,2,42
2025-10-14,0.0010454236712785,0.0010407451999883,0.0068032680745564,0.275111,0.3821038025307382,2,42
2025-10-15,0.0010407451999883,0.0010426224091781,0.0067858765601946,-0.2019937,-0.28126965257921493,2,42
2025-10-16,0.0010426224091781,0.0010471533458415,0.0067432644622304,-0.0032397953,-0.004539817531268863,2,42
2025-10-17,0.0010471533458415,0.0010409618222931,0.006778292326276,-0.059335362,-0.08271500332395634,2,42
2025-10-20,0.0010409618222931,0.0010520225267919,0.0069066534148497,0.3134463,0.42883132829466203,2,42
2025-10-21,0.0010520225267919,0.0010515799854496,0.0073180464416293,-0.02591991,-0.03346796808322296,2,42
2025-10-22,0.0010515799854496,0.0010529086601737,0.0070834465933902,-0.054575004,-0.07280147161930008,2,42
2025-10-23,0.0010529086601737,0.0010560331144758,0.0070265290630199,-0.15464292,-0.20796019897113402,2,42
2025-10-24,0.0010560331144758,0.0010741670943491,0.0068188335236646,0.31435633,0.43561529562044937,2,42
2025-10-27,0.0010741670943491,0.0010639429450205,0.0077313470488472,-0.15673092,-0.19155368454981733,2,42
2025-10-28,0.0010639429450205,0.0010614584714091,0.0079683532909591,-0.0059197634,-0.007019833022335443,2,42
2025-10-29,0.0010614584714091,0.001063252904931,0.007985383884065,0.044374604,0.05250851017154749,2,42
2025-10-30,0.001063252904931,0.0010615485650693,0.0079849437862448,-0.06710224,-0.07940651463834923,2,42
2025-10-31,0.0010615485650693,0.0010766696001707,0.007977620931039,-0.18766508,-0.2222803530816459,2,42
2025-11-03,0.0010766696001707,0.0010654960084219,0.007918248439241,-0.33796337,-0.4033030500027521,2,42
2025-11-04,0.0010654960084219,0.0010566468205726,0.0075131624322125,-0.08151401,-0.1025180868609088,2,42
2025-11-05,0.0010566468205726,0.0010599733078743,0.007801370693525,-0.12104194,-0.14660742698915738,2,42
2025-11-06,0.0010599733078743,0.0010615711252653,0.0075759290461642,-0.106001824,-0.13221126468851857,2,42
2025-11-07,0.0010615711252653,0.0010752738276289,0.0075795520450992,-0.108344585,-0.13506869018523954,2,42
2025-11-10,0.0010752738276289,0.0010667349349245,0.0080475100757059,-0.22640632,-0.2658385908368068,2,42
2025-11-11,0.0010667349349245,0.0010687985579569,0.007914402535057,0.1394902,0.16653923470602258,2,42
2025-11-12,0.0010687985579569,0.0010758240586408,0.0078093211712836,0.32202002,0.38963735739810645,2,42
2025-11-13,0.0010758240586408,0.0010759861356454,0.0078961724413671,0.06291982,0.07529425166981332,2,42
2025-11-14,0.0010759861356454,0.0010890194285346,0.0078743608255268,0.17439267,0.20926852401392715,2,42
2025-11-17,0.0010890194285346,0.0010829894898989,0.0080228080162131,-0.2220534,-0.2615303068545908,2,42
2025-11-18,0.0010829894898989,0.0010730764822425,0.0079532407259698,-0.20809627,-0.2472356838057216,2,42
2025-11-19,0.0010730764822425,0.0010730189247294,0.0082965236350352,-0.16950741,-0.19305611589323696,2,42
2025-11-20,0.0010730189247294,0.0010750953864995,0.0082996491608771,-0.099288225,-0.11303918793189088,2,42
2025-11-21,0.0010750953864995,0.0010654506240306,0.0082896654414487,0.060319614,0.06875630754194666,2,42
2025-11-24,0.0010654506240306,0.0010631059538475,0.0076421900852244,0.18580554,0.22973746652748445,2,42
2025-11-25,0.0010631059538475,0.0010695644482104,0.0073496647245227,0.195485,0.25132570654154207,2,42
2025-11-26,0.0010695644482104,0.0010802635700693,0.0074505012102273,0.10507778,0.13326509450647608,2,42
2025-11-27,0.0010802635700693,0.0010788883077981,0.0077500666719677,0.06040954,0.07365311231492813,2,42
2025-11-28,0.0010788883077981,0.0010780857424279,0.0077450377495881,0.2685358,0.327619439088849,2,42
2025-12-01,0.0010780857424279,0.0010760787831009,0.0070832352737206,-0.11664939,-0.15561154301228228,2,42
2025-12-02,0.0010760787831009,0.0010828839107337,0.0066614246264272,-0.04756173,-0.06746547039833299,2,42
2025-12-03,0.0010828839107337,0.001088790883237,0.006440452365981,0.03838243,0.05631279436356136,2,42
2025-12-04,0.001088790883237,0.0010902391126475,0.0064966632002248,-0.18168727,-0.2642561775420675,2,42
2025-12-05,0.0010902391126475,0.001085328523194,0.0064965470524936,0.07180514,0.1044393018483623,2,42
2025-12-08,0.001085328523194,0.0010837876181101,0.0060217093824209,0.008267427,0.012973034794156272,2,42
2025-12-09,0.0010837876181101,0.0010802869327545,0.0057085646528065,0.01716686,0.028415477331970456,2,42
2025-12-10,0.0010802869327545,0.0010830363808075,0.0057708843759892,0.106152266,0.17381125942107428,2,42
2025-12-11,0.0010830363808075,0.00109439124487,0.005618474298842,-0.057616,-0.0968982034448118,2,42
2025-12-12,0.00109439124487,0.0010992030777686,0.0060540672790533,-0.15810032,-0.24676099541154425,2,42
2025-12-15,0.0010992030777686,0.0010942954174175,0.0055284789858144,-0.21007061,-0.35904643765781236,2,42
2025-12-16,0.0010942954174175,0.0010947626525302,0.0054716989255972,-0.2122064,-0.3664605763748991,2,42
2025-12-17,0.0010947626525302,0.0010900133184671,0.0049728317010441,0.18472585,0.35100630722110693,2,42
2025-12-18,0.0010900133184671,0.0010981287708799,0.005111498341759,0.27910128,0.5159464116465069,2,42
2025-12-19,0.0010981287708799,0.0010987320455152,0.0053191981244264,0.05051229,0.08973087841746441,2,42
2025-12-22,0.0010987320455152,0.0010996866188462,0.00476743003973,-0.10771346,-0.21348956896885274,2,42
2025-12-23,0.0010996866188462,0.0011021469734246,0.0046894102254871,0.112585686,0.2268589624646961,2,42
2025-12-24,0.0011021469734246,0.0011063783006153,0.0045787295245333,-0.0015459458,-0.0031903642032332325,2,42
2025-12-26,0.0011063783006153,0.0011044841760934,0.0041703012904675,-0.008098943,-0.018350669582807247,2,42
2025-12-29,0.0011044841760934,0.0010937927262783,0.0041851264588453,-0.24110664,-0.5443667504141961,2,42
2025-12-31,0.0011111851871093,0.0011115557153055,0.0058409659319591,0.026602907,0.04303635229494949,3,42
2026-01-02,0.0011115557153055,0.001103679670987,0.0057398693962797,-0.23266391,-0.3830169797380413,3,42
2026-01-05,0.001103679670987,0.0011067823383911,0.0059465539169918,0.21573128,0.34279838254728406,3,42
2026-01-06,0.0011067823383911,0.0011192818779287,0.0059642166338857,-0.118368424,-0.1875311704846689,3,42
2026-01-07,0.0011192818779287,0.0011175181820085,0.0062639322872898,-0.2606466,-0.3931841712928579,3,42
2026-01-08,0.0011175181820085,0.0011154614227634,0.0062679148935032,-0.290924,-0.438578630212064,3,42
2026-01-09,0.0011154614227634,0.001117780528869,0.0062196981976883,0.08716353,0.13242089335357998,3,42
2026-01-12,0.001117780528869,0.001131644187694,0.0062168687608034,-0.006256264,-0.009508990084902767,3,42
2026-01-13,0.001131644187694,0.0011292417297551,0.0063715463994237,-0.32782075,-0.48616375995545436,3,42
2026-01-14,0.0011292417297551,0.0011346358607674,0.0063919498636048,-0.20925665,-0.30934059446630546,3,42
2026-01-15,0.0011346358607674,0.0011331316233632,0.0062819201003446,-0.06403615,-0.09632163391404572,3,42
2026-01-16,0.0011331316233632,0.0011284261808924,0.006314393449983,-0.14637777,-0.21904558878975072,3,42
2026-01-19,0.0011284261808924,0.0011270272681578,0.0063050921367872,-0.16250084,-0.24353152628452612,3,42
2026-01-20,0.0011270272681578,0.0011304416822771,0.0061903344128405,-0.31472102,-0.4803996246232983,3,42
2026-01-21,0.0011304416822771,0.0011437067855235,0.0061993038969895,-0.19426878,-0.29610864510919793,3,42
2026-01-22,0.0011437067855235,0.0011477761836441,0.00660537925451,-0.27331054,-0.3909755633814138,3,42
2026-01-23,0.0011477761836441,0.0011493724716734,0.0066147945770402,-0.28000516,-0.39998219993014894,3,42
2026-01-26,0.0011493724716734,0.0011566175516007,0.0066022784547232,-0.067779295,-0.09700502139276097,3,42
2026-01-27,0.0011566175516007,0.0011631288165164,0.0066136792025568,-0.073419,-0.1048953752657218,3,42
2026-01-28,0.0011631288165164,0.0011595009475084,0.0060063497228358,-0.2906705,-0.4572791072394418,3,42
2026-01-29,0.0011595009475084,0.0011639275935306,0.0053539437678069,0.025702398,0.04536186045894227,3,42
2026-01-30,0.0011639275935306,0.0011548277672077,0.0053490492413519,-0.10256039,-0.1811732528300859,3,42
2026-02-02,0.0011548277672077,0.0011559223878263,0.0054194921462621,-0.32389045,-0.5647166211754993,3,42
2026-02-03,0.0011559223878263,0.0011627366466076,0.0054256520907437,-0.15189639,-0.2645370453677088,3,42
2026-02-04,0.0011627366466076,0.0011652159429476,0.0050760785775837,-0.099159494,-0.1845852400863736,3,42
2026-02-05,0.0011652159429476,0.0011544544332593,0.0050095082471052,-0.30779192,-0.5805680333015915,3,42
2026-02-06,0.0011544544332593,0.0011622636048473,0.0055621955356485,-0.120726764,-0.20509181703543952,3,42
2026-02-09,0.0011622636048473,0.0011731994388921,0.0056747007070978,-0.23477629,-0.39093293484360153,3,42
2026-02-10,0.0011731994388921,0.0011693718501847,0.0054227671115099,-0.0019269749,-0.00335773248605191,3,42
2026-02-11,0.0011693718501847,0.0011707682380523,0.0054721267462411,-0.2455201,-0.4239570806381635,3,42
2026-02-12,0.0011707682380523,0.0011673924155688,0.0054264944154149,0.008181285,0.014246007629074672,3,42
2026-02-13,0.0011673924155688,0.0011595546981569,0.0054812588836392,-0.23252897,-0.4008554026419582,3,42
2026-02-16,0.0011595546981569,0.0011596622964866,0.005648678301715,-0.015406507,-0.025772013594487095,3,42
2026-02-17,0.0011596622964866,0.0011551079261667,0.0056241801200006,-0.022735935,-0.0381983495710856,3,42
2026-02-18,0.0011551079261667,0.0011606448181041,0.0057343670805987,-0.31491348,-0.5189156455741971,3,42
2026-02-19,0.0011606448181041,0.0011560426087501,0.0052517414082193,0.121657446,0.21889022506217465,3,42
2026-02-20,0.0011560426087501,0.0011542012601815,0.0053085666865755,-0.22696918,-0.4039993191510119,3,42
2026-02-23,0.0011542012601815,0.0011618990439933,0.0053199841537365,0.095045425,0.16881533295250836,3,42
2026-02-25,0.0011618990439933,0.0011675013902558,0.0053424009338885,0.13798478,0.24405388628741692,3,42
2026-02-26,0.0011675013902558,0.0011558422272537,0.0053026322763705,-0.0005107931,-0.0009102161267503129,3,42
2026-02-27,0.0011558422272537,0.001145265507761,0.0057373185157382,0.10834214,0.17843475989661936,3,42
2026-03-02,0.001145265507761,0.0011329518748541,0.0059949262153915,0.14366406,0.22644112853963783,3,42
2026-03-03,0.0011329518748541,0.0011112099064254,0.0062106415573903,-0.029334899,-0.044631260141416426,3,42
2026-03-04,0.0011112099064254,0.0011180929745081,0.0074265476724471,-0.20540024,-0.2613394574214694,3,42
2026-03-05,0.0011180929745081,0.0011041549558557,0.0074433679461118,0.054609027,0.06932437566668874,3,42
2026-03-06,0.0011041549558557,0.0010978273819215,0.0077366948271327,-0.14271562,-0.17430387405604716,3,42
2026-03-09,0.0010978273819215,0.0010931112043831,0.0076178307177285,0.014879466,0.018456400997759536,3,42
2026-03-10,0.0010931112043831,0.0011252517719933,0.0073054403671493,-0.02004787,-0.02593061573624094,3,42
2026-03-11,0.0011252517719933,0.0011149017741187,0.0099132236535232,0.13999166,0.133437613407344,3,42
2026-03-12,0.0011149017741187,0.0010920607040178,0.0100398414450679,-0.1377328,-0.1296288136455807,3,42
2026-03-13,0.0010920607040178,0.0010908574969521,0.0107943248235966,0.069950745,0.06123332565325154,3,42
2026-03-16,0.0010908574969521,0.0010996019647599,0.0108068524833614,-0.17813104,-0.15575119827468542,3,42
2026-03-17,0.0010996019647599,0.0011026452785966,0.0110651744353027,0.014319667,0.012228287260539589,3,42
2026-03-18,0.0011026452785966,0.0010927409162243,0.0111160788849193,-0.13266699,-0.1127722583110396,3,42
2026-03-19,0.0010927409162243,0.0010959024325769,0.01120798611117,-0.31134313,-0.26248392847786917,3,42
2026-03-20,0.0010959024325769,0.001078109011008,0.0111486458113727,-0.124977335,-0.10592541081405324,3,42
2026-03-23,0.001078109011008,0.0010980805640209,0.0115505634023041,0.1616323,0.13222573964228507,3,42
2026-03-24,0.0010980805640209,0.0010900846079707,0.0125417182371407,-0.0190596,-0.014359778401514367,3,42
2026-03-25,0.0010900846079707,0.0010908813201155,0.0123938161500129,0.06798961,0.05183564676794697,3,42
2026-03-27,0.0010775397867294,0.0010837524186649,0.0123631367737504,0.48085555,0.36751659290954053,4,42
2026-03-30,0.0010837524186649,0.001075014546553,0.0124526298331172,0.463896,0.35200641739589855,4,42
2026-03-31,0.001075014546553,0.0010797853557538,0.0123748220521112,0.56793624,0.43366224807129555,4,42
2026-04-01,0.0010797853557538,0.0010959384257055,0.0118106764503514,0.517101,0.4137057769953381,4,42
2026-04-02,0.0010959384257055,0.0010911074740861,0.0122556601142186,-0.19184126,-0.14790957983614308,4,42
2026-04-03,0.0010911074740861,0.0010877013664912,0.0119845160209982,0.13901554,0.10960587687852184,4,42
2026-04-06,0.0010877013664912,0.0010917388473252,0.0119394548686496,0.41345847,0.32721890364706707,4,42
2026-04-07,0.0010917388473252,0.0010911550706243,0.0119381488332257,0.34958243,0.27669647857385504,4,42
2026-04-08,0.0010911550706243,0.0011145414461937,0.0097902194904149,0.16777399,0.16192847178310868,4,42
2026-04-09,0.0011145414461937,0.0011215540313994,0.0108403999349031,-0.028619098,-0.02494604132729253,4,42
2026-04-10,0.0011215540313994,0.0011180179746774,0.0097552292369008,0.086425506,0.08371349412704998,4,42
2026-04-13,0.0011180179746774,0.001117455758396,0.0097929837784812,0.17859295,0.1723218287964559,4,42
2026-04-14,0.001117455758396,0.0011283752773417,0.0096679752062222,0.04157131,0.04063022194569494,4,42
2026-04-15,0.0011283752773417,0.0011300073294603,0.0098654525048614,-0.12193877,-0.1167927265994076,4,42
2026-04-16,0.0011300073294603,0.0011285153314566,0.0095704181254419,-0.23956232,-0.23652583405055852,4,42
2026-04-17,0.0011285153314566,0.0011231916521851,0.0095886364852033,-0.24507965,-0.2415135065539273,4,42
2026-04-20,0.0011231916521851,0.0011347904419393,0.0087671068221079,-0.22044243,-0.23759095224089202,4,42
2026-04-21,0.0011347904419393,0.0011211516439029,0.0081397651534792,-0.07696237,-0.08934238363216913,4,42
2026-04-22,0.0011211516439029,0.0011239364997829,0.0084798177574697,0.039320253,0.04381479720457098,4,42
2026-04-23,0.0011239364997829,0.0011179805166784,0.0084815221722745,0.16616605,0.18512263417448957,4,42
2026-04-24,0.0011179805166784,0.0011159344459348,0.0080140607505508,0.1264635,0.1491089081932471,4,42
2026-04-27,0.0011159344459348,0.001119144106129,0.0079988145398594,0.07135552,0.0842932846193891,4,42
2026-04-28,0.001119144106129,0.001122183326016,0.0076785663253018,-0.15440369,-0.1900065366693271,4,42
2026-04-29,0.001122183326016,0.0011056199015901,0.0076597058774494,0.026728004,0.032972011017209736,4,42
2026-04-30,0.0011056199015901,0.0011105312031884,0.0078996388132854,0.11685552,0.13977612999481476,4,42
2026-05-01,0.0011105312031884,0.0011120378092855,0.0078609958118007,0.026579633,0.03194938113775021,4,42
2026-05-04,0.0011120378092855,0.0010968280087457,0.0078043801653295,0.057851203,0.07004304095510717,4,42
2026-05-05,0.0010968280087457,0.0011051921839761,0.0084498331002461,0.101781614,0.1138183295940071,4,42
2026-05-06,0.0011051921839761,0.001115921980816,0.008605175919706,0.24970275,0.274191869199578,4,42
2026-05-07,0.001115921980816,0.0011230024963226,0.0074645456642553,0.23378049,0.2959346922740369,4,42
2026-05-08,0.0011230024963226,0.0011208500618814,0.007466864728016,-0.114101514,-0.14439233245837782,4,42
2026-05-11,0.0011208500618814,0.0011145538804896,0.0074438232302399,0.18190444,0.23090761474080146,4,42
2026-05-12,0.0011145538804896,0.0010953382140866,0.0075542287704477,0.009340525,0.011683478119067182,4,42
2026-05-13,0.0010953382140866,0.0011278789171316,0.0081056626431728,0.025045538,0.029196638753824854,4,42
2026-05-14,0.0011278789171316,0.0011181930153749,0.0106308377345395,-0.48596877,-0.4319484071191392,4,42
2026-05-15,0.0011181930153749,0.0011139206908048,0.0107993104460822,-0.18758512,-0.16413203090970666,4,42
2026-05-18,0.0011139206908048,0.0011104941699056,0.0107824382035235,-0.16521384,-0.14478395793977966,4,42
2026-05-19,0.0011104941699056,0.0011049357122181,0.0104954016730229,0.08980948,0.0808563437990633,4,42
2026-05-20,0.0011049357122181,0.0011139206908048,0.0102204557330624,0.11668049,0.10787454176597902,4,42
2026-05-21,0.0011139206908048,0.001113164247507,0.0103891119403944,-0.046622667,-0.04240428042005855,4,42
2026-05-22,0.001113164247507,0.0011152872361556,0.010326368542208,0.1413607,0.12935168366637886,4,42
2026-05-25,0.0011152872361556,0.0011151877145301,0.0103294004546029,0.003949361,0.003612789979503711,4,42
2026-05-26,0.0011151877145301,0.0011187809548574,0.0103068260777756,0.2975319,0.27277187436328915,4,42
2026-05-27,0.0011187809548574,0.0011185306614213,0.0103148905361131,0.37300244,0.34169456151700156,4,42
2026-05-28,0.0011185306614213,0.0011223722828849,0.0097175828560068,0.20250043,0.19690588548005905,4,42
2026-05-29,0.0011223722828849,0.0011241007502741,0.0096992190643533,0.30786595,0.2999272298591783,4,42
2026-06-01,0.0011241007502741,0.0011211516439029,0.0097001255226434,-0.067143716,-0.06540621704234391,4,42
2026-06-02,0.0011211516439029,0.0011238480711607,0.0091385814221723,0.16074729,0.1662095124333346,4,42
2026-06-03,0.0011238480711607,0.0011173683465724,0.0090171261421727,0.518897,0.5437559544461137,4,42
2026-06-04,0.0011173683465724,0.0011165324905911,0.0088819034184752,0.2398963,0.25521635186086367,4,42
2026-06-05,0.0011165324905911,0.0010937807509007,0.0087594930002971,0.20633906,0.22258377066235002,4,42
2026-06-08,0.0010937807509007,0.0010835175513773,0.0098670135996382,0.35560992,0.3405486317893052,4,42
2026-06-09,0.0010835175513773,0.001091190825259,0.0099919731864604,0.30255786,0.2861199785997595,4,42
2026-06-10,0.001091190825259,0.0010926812299253,0.0094129301767103,0.020392604,0.02047099100356545,4,42
2026-06-11,0.0010926812299253,0.0011037283707233,0.0064019920655564,-0.20602362,-0.3040835234603031,4,42
2026-06-12,0.0011037283707233,0.0011122109822959,0.0066779681363526,-0.27487984,-0.3889462277665316,4,42
2026-06-15,0.0011122109822959,0.0011236334178893,0.0068810531261362,-0.08279817,-0.1136990471970201,4,42
2026-06-16,0.0011236334178893,0.0011296116270571,0.007210146232362,-0.0054819817,-0.0071843009988840556,4,42
2026-06-17,0.0011296116270571,0.0011282225165504,0.0071570417536358,0.026149986,0.03452462300223206,4,42
2026-06-19,0.001110888942363,0.0011096192625677,0.0078559550616716,0.081791356,0.09837832876179453,5,42
2026-06-22,0.0011096192625677,0.0011038136613783,0.0078445199642463,-0.24505596,-0.29518203214627453,5,42
2026-06-23,0.0011038136613783,0.0010947267365891,0.0079231408223711,-0.13510227,-0.16112252765779417,5,42
2026-06-24,0.0010947267365891,0.0010890636578447,0.0080536553356073,-0.077857904,-0.09134834543296652,5,42
2026-06-25,0.0010890636578447,0.0010871573893226,0.0081019735803832,-0.008297572,-0.00967723284954564,5,42
2026-06-26,0.0010871573893226,0.0010846104736406,0.0080241032106573,0.078545034,0.0924939318933468,5,42
2026-06-29,0.0010846104736406,0.0010848810855379,0.0079912282298692,0.030243348,0.035760810443908914,5,42
2026-06-30,0.0010848810855379,0.0010851047582413,0.0080012146086096,-0.012369075,-0.014607379024975692,5,42
2026-07-01,0.0010851047582413,0.0010810109643041,0.0079577120483373,0.064373404,0.07643799153145542,5,42
2026-07-02,0.0010810109643041,0.0010813850493764,0.007916853670035,0.23697798,0.2828436104873503,5,42
2026-07-03,0.0010813850493764,0.0010859649568175,0.0079272172132855,0.11646604,0.13882560304483044,5,42
2026-07-06,0.0010859649568175,0.0010780741085145,0.0066355002120129,-0.14627224,-0.20829519275794695,5,42
2026-07-07,0.0010780741085145,0.0010793424759473,0.0064976760709463,0.020664679,0.030051186634461782,5,42
2026-07-08,0.0010793424759473,0.0010699078046914,0.0062789039036526,-0.15961896,-0.24021031137989138,5,42
2026-07-09,0.0010699078046914,0.0010787951759471,0.0065214820633362,-0.22162184,-0.3211125231965672,5,42
2026-07-10,0.0010787951759471,0.001078899959291,0.0063717413309762,0.046509564,0.06897236894734701,5,42
2026-07-13,0.001078899959291,0.0010746910263299,0.0060378151173879,0.009925295,0.015532973245241666,5,42
2026-07-14,0.0010746910263299,0.0010810226616897,0.005383179651776,-0.08893998,-0.15611662683075692,5,42
2026-07-15,0.0010810226616897,0.0010816891886538,0.0054263367498133,-0.04305465,-0.07497290795208043,5,42
2026-07-16,0.0010816891886538,0.0010820988331904,0.0054592883602121,-0.08267225,-0.14309180051876583,5,42
2026-07-17,0.0010820988331904,0.001070686760864,0.0044775802903485,-0.10699328,-0.2257896910895367,5,42
2026-07-20,0.001070686760864,0.0010709160279996,0.0049349222980112,-0.22454755,-0.4299510461455364,5,42
2026-07-21,0.0010709160279996,0.0010704689920401,0.004884204215358,-0.06472833,-0.1252251514782947,5,42
2026-07-22,0.0010704689920401,0.0010684445556248,0.0046212486554411,0.0018766221,0.003837147496245346,5,42
2026-07-23,0.0010684445556248,0.0010616950858888,0.0045264387045802,-0.07086424,-0.14793178185087258,5,42
2026-07-24,0.0010616950858888,0.001057093637695,0.0046823229196247,-0.19536324,-0.39425072463249816,5,42
2026-07-27,0.001057093637695,0.0010637845446727,0.0047294628391623,-0.06690397,-0.133669115932409,5,42
2026-07-28,0.0010637845446727,0.001070228381145,0.0050182507316101,-0.12938571,-0.2436267441494256,5,42
2026-07-29,0.001070228381145,0.0010696217055387,0.0052548559933261,-0.2482939,-0.44647409525374043,5,42
2026-07-30,0.0010696217055387,0.0010810226616897,0.0052042997226446,-0.21849962,-0.3967156980294812,5,42
2026-07-31,0.0010810226616897,0.001083482297821,0.0057697304540274,-0.059103597,-0.09679421332127124,5,42
2026-08-03,0.001083482297821,0.0010814786289486,0.0057103480767427,0.0010263115,0.0016982734786768258,5,42
2026-08-04,0.0010814786289486,0.0010935415173676,0.0054751134055422,0.011474584,0.01980317618400777,5,42
2026-08-05,0.0010935415173676,0.0010946667600269,0.0059963761595998,-0.11572714,-0.1823632711723681,5,42
2026-08-06,0.0010946667600269,0.0010924424770759,0.0055702343292846,-0.1823069,-0.3092577820083045,5,42
2026-08-07,0.0010924424770759,0.0010958904109589,0.0053483653135679,-0.22866191,-0.40398363277618515,5,42
2026-08-10,0.0010958904109589,0.0010929081308789,0.0053759217170737,-0.21093848,-0.3707608873883075,5,42
2026-08-11,0.0010929081308789,0.0010946667600269,0.0053278706813426,-0.096741915,-0.17157421491489006,5,42
2026-08-12,0.0010946667600269,0.001093984148848,0.0051995799368095,-0.20723914,-0.3766123114374473,5,42
2026-08-13,0.001093984148848,0.0010940919037199,0.0052071041027338,-0.2223946,-0.4035701128486361,5,42
2026-08-14,0.0010940919037199,0.0010951703282636,0.0052080088553141,-0.26411888,-0.4792021190553239,5,42
2026-08-17,0.0010951703282636,0.0010931470873308,0.0044980783392046,-0.21251328,-0.4464265899774566,5,42
2026-08-18,0.0010931470873308,0.0010834940487515,0.0045436303669033,-0.15974322,-0.3322082822403055,5,42
2026-08-19,0.0010834940487515,0.0010855877688501,0.0050499549769623,-0.10510977,-0.1966738335247872,5,42
2026-08-20,0.0010855877688501,0.0010842811528322,0.0050227237653344,-0.27649358,-0.5201597520395502,5,42
2026-08-21,0.0010842811528322,0.0010856230876196,0.004763517728973,-0.19671658,-0.390215200577718,5,42
2026-08-24,0.0010856230876196,0.0010962628370444,0.0045911302920847,-0.2584306,-0.5318820476617246,5,42
2026-08-25,0.0010962628370444,0.0010955662199702,0.0048451618368822,-0.19873933,-0.3875846374216347,5,42
2026-08-26,0.0010955662199702,0.0010878788884831,0.0047451626187485,0.14488918,0.28851994803988074,5,42
2026-08-27,0.0010878788884831,0.0010838111334736,0.0050790064981404,0.07281971,0.13547563444893315,5,42
2026-08-28,0.0010838111334736,0.0010735257694671,0.0046211299899929,0.016899778,0.03455602664704061,5,42
2026-08-31,0.0010735257694671,0.0010706293894563,0.005065723322464,-0.22680233,-0.42305524192618127,5,42
2026-09-01,0.0010706293894563,0.0010687871236201,0.0050815494145557,-0.20818608,-0.38712082425644206,5,42
2026-09-02,0.0010687871236201,0.0010665529287957,0.0042883947496978,-0.18065262,-0.398052642747382,5,42
2026-09-03,0.0010665529287957,0.0010722250646482,0.0042618511563651,-0.20792015,-0.4609876749743403,5,42
2026-09-04,0.0010722250646482,0.0010746217359692,0.0045043864964603,-0.22105703,-0.46372412066568997,5,42
2026-09-07,0.0010746217359692,0.0010707899049294,0.0044650552349744,-0.120423436,-0.25484444308487403,5,42
2026-09-08,0.0010707899049294,0.0010817476801087,0.0044864464084577,-0.19789879,-0.4168037853895667,5,42
2026-09-09,0.0010817476801087,0.001079692068975,0.0051163533289228,-0.029769795,-0.054980203183420534,5,42
2025-07-15,0.0010330792166959,0.0010342972696862,0.0103752241068805,0.32588974,0.2968002199296606,1,7
2025-07-16,0.0010342972696862,0.0010336665263334,0.0102125430556687,0.14908408,0.13793940915959402,1,7
2025-07-17,0.0010336665263334,0.0010368603736253,0.0101798419721349,0.1930422,0.17918523907062028,1,7
2025-07-18,0.0010368603736253,0.0010380012090585,0.010195644442041,-0.071421586,-0.06619204699970468,1,7
2025-07-21,0.0010380012090585,0.0010486357302911,0.0101950399258468,-0.048802894,-0.04523219330762033,1,7
2025-07-22,0.0010486357302911,0.0010523768146177,0.0103349267207608,-0.11253023,-0.10288518375913834,1,7
2025-07-23,0.0010523768146177,0.0010547855648114,0.0098856370154179,-0.027430112,-0.026218867690393905,1,7
2025-07-24,0.0010547855648114,0.0010529086601737,0.0099069771213738,0.030235892,0.02883849779858147,1,7
2025-07-25,0.0010529086601737,0.0010673468223109,0.0097622966596328,0.16414097,0.15887515546705683,1,7
2025-07-28,0.0010673468223109,0.0010432315165946,0.0098401061026245,-0.013728568,-0.013183067228627644,1,7
2025-07-29,0.0010432315165946,0.0010414063256789,0.0106844576126209,0.062150996,0.05496504901778946,1,7
2025-07-30,0.0010414063256789,0.0010189213774418,0.0106273087626153,0.043771718,0.03891896697563621,1,7
2025-07-31,0.0010189213774418,0.0010285949263977,0.0114778744857806,0.27709365,0.22811617933794376,1,7
2025-08-01,0.0010285949263977,0.001056062792421,0.0118061321131562,-0.08564636,-0.06854760682738562,1,7
2025-08-04,0.001056062792421,0.0010348966859303,0.0134358590735313,0.0569047,0.04001968930040162,1,7
2025-08-05,0.0010348966859303,0.0010348217780971,0.0139245899051566,0.04763024,0.03232148950887877,1,7
2025-08-06,0.0010348217780971,0.0010263252681857,0.0139247520082229,0.052687306,0.03575275659715255,1,7
2025-08-07,0.0010263252681857,0.0010311085266268,0.0139737109966559,0.0947334,0.06405932867468458,1,7
2025-08-08,0.0010311085266268,0.0010332926592074,0.0140372206500102,0.4075964,0.2743722803110043,1,7
2025-08-11,0.0010332926592074,0.001032321999277,0.0136996956724895,0.26814082,0.1849451821821265,1,7
2025-08-12,0.001032321999277,0.0010456423124675,0.0117279733505573,0.16643046,0.1340913719068578,1,7
2025-08-13,0.0010456423124675,0.001049736521515,0.0120752476352777,0.1739373,0.1361092724669072,1,7
2025-08-14,0.001049736521515,0.0010357220431539,0.0120947368685996,0.11896571,0.09294293722044984,1,7
2025-08-15,0.0010357220431539,0.0010377750366711,0.0124864902101161,0.48499966,0.3670219579636116,1,7
2025-08-18,0.0010377750366711,0.0010376780888736,0.0124923266520225,0.20483437,0.15493534624522012,1,7
2025-08-19,0.0010376780888736,0.0010383784918756,0.0122596936391838,0.20932347,0.1613352579949716,1,7
2025-08-20,0.0010383784918756,0.0010354432005306,0.0122259989837858,0.016829846,0.013007288901268222,1,7
2025-08-21,0.0010354432005306,0.0010304710360844,0.0122144243532942,-0.07776794,-0.06016149200380083,1,7
2025-08-22,0.0010304710360844,0.0010421877393329,0.0122443903733964,0.19174047,0.1479679418087462,1,7
2025-08-25,0.0010421877393329,0.0010393605800931,0.0121084213324472,-0.31464326,-0.24553981819502127,1,7
2025-08-26,0.0010393605800931,0.0010351431216148,0.0109989218851824,-0.037330147,-0.03207011887108317,1,7
2025-08-27,0.0010351431216148,0.0010328764758789,0.0110284009295025,0.093065724,0.07973853103023289,1,7
2025-08-28,0.0010328764758789,0.0010332499766818,0.0098189461288071,0.08765247,0.08435100998111136,1,7
2025-08-29,0.0010332499766818,0.0010352395308843,0.0095996154256529,0.114573866,0.11277757448589935,1,7
2025-09-01,0.0010352395308843,0.0010341689183384,0.0074029168887196,0.22799128,0.29100897037331536,1,7
2025-09-02,0.0010341689183384,0.0010276013574072,0.0058590188170589,0.3904657,0.6297222240327346,1,7
2025-09-03,0.0010276013574072,0.0010331539376035,0.0060279587059093,0.3354991,0.5259108236621314,1,7
2025-09-04,0.0010331539376035,0.0010290818635124,0.0058566669610098,0.032093726,0.05177982881374189,1,7
2025-09-05,0.0010290818635124,0.0010344363638223,0.0058385817183217,-0.06857713,-0.110984664762578,1,7
2025-09-08,0.0010344363638223,0.0010308853476674,0.0059395175720854,-0.199365,-0.31716755206369873,1,7
2025-09-09,0.0010308853476674,0.0010344792097397,0.0059876415217971,-0.2640332,-0.4166714481314742,1,7
2025-09-10,0.0010344792097397,0.0010401605849481,0.0052478694709792,-0.24907611,-0.44847686451357244,1,7
2025-09-11,0.0010401605849481,0.0010500451223308,0.0053289168090619,-0.31034437,-0.5502954524609899,1,7
2025-09-12,0.0010500451223308,0.0010640642813286,0.0048293365439033,-0.07117009,-0.1392518768920138,1,7
2025-09-15,0.0010640642813286,0.0010514473091349,0.0055877875950711,-0.14769056,-0.24974906948678446,1,7
2025-09-16,0.0010514473091349,0.0010556763609681,0.0063167318844184,0.110804036,0.1657502321447676,1,7
2025-09-17,0.0010556763609681,0.0010508175198679,0.006361143875818,-0.03805729,-0.05653190992515686,1,7
2025-09-18,0.0010508175198679,0.0010470546379874,0.0064272161527856,-0.039053533,-0.05741540436582929,1,7
2025-09-19,0.0010470546379874,0.0010471862079747,0.0063771361841159,-0.06372295,-0.09441939034071806,1,7
2025-09-22,0.0010471862079747,0.0010462549545287,0.0058780468285471,-0.21095918,-0.33912233870042835,1,7
2025-09-23,0.0010462549545287,0.0010547521560971,0.0058437960456638,-0.16194946,-0.26186378320079534,1,7
2025-09-24,0.0010547521560971,0.0010504091235828,0.0059926340328929,-0.29463166,-0.46457160257661423,1,7
2025-09-25,0.0010504091235828,0.0010426115280609,0.0060610197164845,-0.1117916,-0.17428277910407783,1,7
2025-09-26,0.0010426115280609,0.0010421986116062,0.0063389753562969,0.31413198,0.46825681267587,1,7
2025-09-29,0.0010421986116062,0.001036333862696,0.0063318293722169,0.07846503,0.11709488978890345,1,7
2025-09-30,0.001036333862696,0.0010403012606795,0.0064667151240447,0.08430617,0.1231875016405694,1,7
2025-10-01,0.0010403012606795,0.0010421551901637,0.0063297016335028,0.15872546,0.2369487191961594,1,7
2025-10-02,0.0010421551901637,0.0010400740849646,0.0062371914848019,0.12299627,0.1863347499194712,1,7
2025-10-03,0.0010400740849646,0.0010555915458611,0.0061800452083701,0.13744493,0.21014935981111318,1,7
2025-10-07,0.0010401173331579,0.0010426332905224,0.0076982013952328,0.073976316,0.0908017945627765,2,7
2025-10-08,0.0010426332905224,0.0010521110932733,0.0076797808765722,-0.11450278,-0.14088287344305997,2,7
2025-10-09,0.0010521110932733,0.001052122106014,0.0078440367386742,-0.17290756,-0.20828854474886052,2,7
2025-10-10,0.001052122106014,0.0010559327255361,0.007560022502344,0.008977284,0.011220516574562254,2,7
2025-10-13,0.0010559327255361,0.0010454236712785,0.0069598460563538,-0.1392257,-0.189021320598804,2,7
2025-10-14,0.0010454236712785,0.0010407451999883,0.0068032680745564,-0.03243384,-0.04504761571537883,2,7
2025-10-15,0.0010407451999883,0.0010426224091781,0.0067858765601946,-0.0764129,-0.10640248015658052,2,7
2025-10-16,0.0010426224091781,0.0010471533458415,0.0067432644622304,-0.16133006,-0.22606644731421288,2,7
2025-10-17,0.0010471533458415,0.0010409618222931,0.006778292326276,-0.10788896,-0.15039995908280057,2,7
2025-10-20,0.0010409618222931,0.0010520225267919,0.0069066534148497,-0.008032284,-0.01098910633457729,2,7
2025-10-21,0.0010520225267919,0.0010515799854496,0.0073180464416293,0.017336493,0.02238499969046121,2,7
2025-10-22,0.0010515799854496,0.0010529086601737,0.0070834465933902,-0.082546,-0.11011397340670766,2,7
2025-10-23,0.0010529086601737,0.0010560331144758,0.0070265290630199,-0.014584922,-0.019613462886254075,2,7
2025-10-24,0.0010560331144758,0.0010741670943491,0.0068188335236646,0.0743269,0.10299756337857652,2,7
2025-10-27,0.0010741670943491,0.0010639429450205,0.0077313470488472,-0.26365557,-0.3222350609765151,2,7
2025-10-28,0.0010639429450205,0.0010614584714091,0.0079683532909591,0.06791839,0.08053966411920138,2,7
2025-10-29,0.0010614584714091,0.001063252904931,0.007985383884065,0.059304047,0.0701745362126845,2,7
2025-10-30,0.001063252904931,0.0010615485650693,0.0079849437862448,0.02360026,0.02792774824110851,2,7
2025-10-31,0.0010615485650693,0.0010766696001707,0.007977620931039,-0.018185355,-0.021539686850017618,2,7
2025-11-03,0.0010766696001707,0.0010654960084219,0.007918248439241,-0.28627095,-0.34161674153775284,2,7
2025-11-04,0.0010654960084219,0.0010566468205726,0.0075131624322125,-0.14837116,-0.18660260515002033,2,7
2025-11-05,0.0010566468205726,0.0010599733078743,0.007801370693525,0.05536009,0.06705279430551425,2,7
2025-11-06,0.0010599733078743,0.0010615711252653,0.0075759290461642,-0.010456583,-0.013042021871271013,2,7
2025-11-07,0.0010615711252653,0.0010752738276289,0.0075795520450992,-0.094355986,-0.11762968315396738,2,7
2025-11-10,0.0010752738276289,0.0010667349349245,0.0080475100757059,-0.24938637,-0.2928209808050765,2,7
2025-11-11,0.0010667349349245,0.0010687985579569,0.007914402535057,0.11391258,0.136001769947096,2,7
2025-11-12,0.0010687985579569,0.0010758240586408,0.0078093211712836,0.05362637,0.06488676647057451,2,7
2025-11-13,0.0010758240586408,0.0010759861356454,0.0078961724413671,-0.0057512037,-0.006882292738515117,2,7
2025-11-14,0.0010759861356454,0.0010890194285346,0.0078743608255268,0.08339356,0.10007098891754032,2,7
2025-11-17,0.0010890194285346,0.0010829894898989,0.0080228080162131,-0.20105024,-0.23679317930922497,2,7
2025-11-18,0.0010829894898989,0.0010730764822425,0.0079532407259698,-0.16314432,-0.1938290435484027,2,7
2025-11-19,0.0010730764822425,0.0010730189247294,0.0082965236350352,-0.0005849152,-0.0006661741544246052,2,7
2025-11-20,0.0010730189247294,0.0010750953864995,0.0082996491608771,0.033275835,0.03788438376206185,2,7
2025-11-21,0.0010750953864995,0.0010654506240306,0.0082896654414487,0.056635935,0.06455740552227493,2,7
2025-11-24,0.0010654506240306,0.0010631059538475,0.0076421900852244,-0.013772831,-0.017029283704986544,2,7
2025-11-25,0.0010631059538475,0.0010695644482104,0.0073496647245227,0.0024173958,0.0031079301951086884,2,7
2025-11-26,0.0010695644482104,0.0010802635700693,0.0074505012102273,-0.06912282,-0.08766514778227127,2,7
2025-11-27,0.0010802635700693,0.0010788883077981,0.0077500666719677,0.007672711,0.0093547976355634,2,7
2025-11-28,0.0010788883077981,0.0010780857424279,0.0077450377495881,0.18685219,0.2279636733865727,2,7
2025-12-01,0.0010780857424279,0.0010760787831009,0.0070832352737206,-0.034681555,-0.04626556701451713,2,7
2025-12-02,0.0010760787831009,0.0010828839107337,0.0066614246264272,0.094233096,0.13366796796949781,2,7
2025-12-03,0.0010828839107337,0.001088790883237,0.006440452365981,0.02069204,0.030358332750912372,2,7
2025-12-04,0.001088790883237,0.0010902391126475,0.0064966632002248,-0.08879341,-0.1291461340587841,2,7
2025-12-05,0.0010902391126475,0.001085328523194,0.0064965470524936,0.009794049,0.014245270676490973,2,7
2025-12-08,0.001085328523194,0.0010837876181101,0.0060217093824209,-0.038990695,-0.06118319800565769,2,7
2025-12-09,0.0010837876181101,0.0010802869327545,0.0057085646528065,-0.11854933,-0.19622900975753263,2,7
2025-12-10,0.0010802869327545,0.0010830363808075,0.0057708843759892,0.05601036,0.09171007147296503,2,7
2025-12-11,0.0010830363808075,0.00109439124487,0.005618474298842,-0.11303068,-0.19009423566428738,2,7
2025-12-12,0.00109439124487,0.0010992030777686,0.0060540672790533,-0.20535621,-0.3205173939598713,2,7
2025-12-15,0.0010992030777686,0.0010942954174175,0.0055284789858144,-0.07869526,-0.13450359952288854,2,7
2025-12-16,0.0010942954174175,0.0010947626525302,0.0054716989255972,-0.25898692,-0.44724617521556237,2,7
2025-12-17,0.0010947626525302,0.0010900133184671,0.0049728317010441,-0.019790791,-0.03760541738444837,2,7
2025-12-18,0.0010900133184671,0.0010981287708799,0.005111498341759,-0.050004642,-0.0924385439708229,2,7
2025-12-19,0.0010981287708799,0.0010987320455152,0.0053191981244264,-0.23185192,-0.41186562581760067,2,7
2025-12-22,0.0010987320455152,0.0010996866188462,0.00476743003973,-0.05687173,-0.11272055909987225,2,7
2025-12-23,0.0010996866188462,0.0011021469734246,0.0046894102254871,-0.089150876,-0.17963807339875176,2,7
2025-12-24,0.0011021469734246,0.0011063783006153,0.0045787295245333,-0.05571205,-0.1149728114769903,2,7
2025-12-26,0.0011063783006153,0.0011044841760934,0.0041703012904675,-0.07285714,-0.16508046524700407,2,7
2025-12-29,0.0011044841760934,0.0010937927262783,0.0041851264588453,-0.07846832,-0.1771645426724651,2,7
2025-12-31,0.0011111851871093,0.0011115557153055,0.0058409659319591,-0.20894974,-0.33802448542523333,3,7
2026-01-02,0.0011115557153055,0.001103679670987,0.0057398693962797,0.03143495,0.05174897413517688,3,7
2026-01-05,0.001103679670987,0.0011067823383911,0.0059465539169918,0.14583234,0.23172852727267557,3,7
2026-01-06,0.0011067823383911,0.0011192818779287,0.0059642166338857,0.011448584,0.018137997984700803,3,7
2026-01-07,0.0011192818779287,0.0011175181820085,0.0062639322872898,-0.104143,-0.15709922356225556,3,7
2026-01-08,0.0011175181820085,0.0011154614227634,0.0062679148935032,-0.09510938,-0.1433808927804024,3,7
2026-01-09,0.0011154614227634,0.001117780528869,0.0062196981976883,-0.010673557,-0.016215520697391392,3,7
2026-01-12,0.001117780528869,0.001131644187694,0.0062168687608034,0.0057042143,0.008669921042299245,3,7
2026-01-13,0.001131644187694,0.0011292417297551,0.0063715463994237,-0.16431709,-0.24368504491907145,3,7
2026-01-14,0.0011292417297551,0.0011346358607674,0.0063919498636048,-0.261709,-0.38688003568394097,3,7
2026-01-15,0.0011346358607674,0.0011331316233632,0.0062819201003446,-0.11147487,-0.16767780891228903,3,7
2026-01-16,0.0011331316233632,0.0011284261808924,0.006314393449983,-0.1266127,-0.18946832000075714,3,7
2026-01-19,0.0011284261808924,0.0011270272681578,0.0063050921367872,-0.2223897,-0.33328380931828266,3,7
2026-01-20,0.0011270272681578,0.0011304416822771,0.0061903344128405,-0.27816033,-0.4245922858701217,3,7
2026-01-21,0.0011304416822771,0.0011437067855235,0.0061993038969895,-0.23128302,-0.35252655569011765,3,7
2026-01-22,0.0011437067855235,0.0011477761836441,0.00660537925451,-0.30849227,-0.4413036658790898,3,7
2026-01-23,0.0011477761836441,0.0011493724716734,0.0066147945770402,-0.33126056,-0.4731996271848673,3,7
2026-01-26,0.0011493724716734,0.0011566175516007,0.0066022784547232,-0.11073879,-0.1584882101067502,3,7
2026-01-27,0.0011566175516007,0.0011631288165164,0.0066136792025568,-0.09087897,-0.1298408259953665,3,7
2026-01-28,0.0011631288165164,0.0011595009475084,0.0060063497228358,-0.26053503,-0.4098703474113679,3,7
2026-01-29,0.0011595009475084,0.0011639275935306,0.0053539437678069,-0.05913179,-0.10436100099664282,3,7
2026-01-30,0.0011639275935306,0.0011548277672077,0.0053490492413519,-0.16377528,-0.289309541406742,3,7
2026-02-02,0.0011548277672077,0.0011559223878263,0.0054194921462621,-0.20610021,-0.3593443772915331,3,7
2026-02-03,0.0011559223878263,0.0011627366466076,0.0054256520907437,-0.18194444,-0.316867630516268,3,7
2026-02-04,0.0011627366466076,0.0011652159429476,0.0050760785775837,-0.05013005,-0.0933170081382991,3,7
2026-02-05,0.0011652159429476,0.0011544544332593,0.0050095082471052,-0.22783957,-0.4297590719090979,3,7
2026-02-06,0.0011544544332593,0.0011622636048473,0.0055621955356485,-0.12718074,-0.21605587736266918,3,7
2026-02-09,0.0011622636048473,0.0011731994388921,0.0056747007070978,-0.16852278,-0.28061226491104535,3,7
2026-02-10,0.0011731994388921,0.0011693718501847,0.0054227671115099,0.033449218,0.05828489685530204,3,7
2026-02-11,0.0011693718501847,0.0011707682380523,0.0054721267462411,-0.1673187,-0.2889211532339779,3,7
2026-02-12,0.0011707682380523,0.0011673924155688,0.0054264944154149,0.07901432,0.1375870214344959,3,7
2026-02-13,0.0011673924155688,0.0011595546981569,0.0054812588836392,-0.14767683,-0.2545792657226441,3,7
2026-02-16,0.0011595546981569,0.0011596622964866,0.005648678301715,-0.11081131,-0.18536522686932125,3,7
2026-02-17,0.0011596622964866,0.0011551079261667,0.0056241801200006,-0.03287022,-0.0552248288756423,3,7
2026-02-18,0.0011551079261667,0.0011606448181041,0.0057343670805987,-0.096704625,-0.15935025742562883,3,7
2026-02-19,0.0011606448181041,0.0011560426087501,0.0052517414082193,0.16868389,0.3035017923560152,3,7
2026-02-20,0.0011560426087501,0.0011542012601815,0.0053085666865755,-0.13516863,-0.24059667952321745,3,7
2026-02-23,0.0011542012601815,0.0011618990439933,0.0053199841537365,0.08771593,0.15579701792818795,3,7
2026-02-25,0.0011618990439933,0.0011675013902558,0.0053424009338885,0.11721752,0.20732279797858885,3,7
2026-02-26,0.0011675013902558,0.0011558422272537,0.0053026322763705,0.03557025,0.06338498806581451,3,7
2026-02-27,0.0011558422272537,0.001145265507761,0.0057373185157382,0.09534564,0.15703009310861285,3,7
2026-03-02,0.001145265507761,0.0011329518748541,0.0059949262153915,0.14951253,0.23565939803587588,3,7
2026-03-03,0.0011329518748541,0.0011112099064254,0.0062106415573903,0.08067212,0.12273770941870174,3,7
2026-03-04,0.0011112099064254,0.0011180929745081,0.0074265476724471,0.06710872,0.08538527358986457,3,7
2026-03-05,0.0011180929745081,0.0011041549558557,0.0074433679461118,0.17650285,0.22406460454242877,3,7
2026-03-06,0.0011041549558557,0.0010978273819215,0.0077366948271327,0.08131534,0.09931344113777096,3,7
2026-03-09,0.0010978273819215,0.0010931112043831,0.0076178307177285,0.13563456,0.16824030780770377,3,7
2026-03-10,0.0010931112043831,0.0011252517719933,0.0073054403671493,0.14197852,0.18363998452419683,3,7
2026-03-11,0.0011252517719933,0.0011149017741187,0.0099132236535232,0.20776796,0.19804080478500188,3,7
2026-03-12,0.0011149017741187,0.0010920607040178,0.0100398414450679,0.10469689,0.09853668685746443,3,7
2026-03-13,0.0010920607040178,0.0010908574969521,0.0107943248235966,0.22994237,0.20128644112638977,3,7
2026-03-16,0.0010908574969521,0.0010996019647599,0.0108068524833614,0.08239285,0.0720412619862145,3,7
2026-03-17,0.0010996019647599,0.0011026452785966,0.0110651744353027,0.109427765,0.09344590465892683,3,7
2026-03-18,0.0011026452785966,0.0010927409162243,0.0111160788849193,0.012275511,0.010434676512690694,3,7
2026-03-19,0.0010927409162243,0.0010959024325769,0.01120798611117,-0.14798568,-0.12476223085252956,3,7
2026-03-20,0.0010959024325769,0.001078109011008,0.0111486458113727,-0.117635004,-0.0997023631149994,3,7
2026-03-23,0.001078109011008,0.0010980805640209,0.0115505634023041,0.019433688,0.015898021335546603,3,7
2026-03-24,0.0010980805640209,0.0010900846079707,0.0125417182371407,0.15593098,0.11748066276677083,3,7
2026-03-25,0.0010900846079707,0.0010908813201155,0.0123938161500129,0.185486,0.14141553236162344,3,7
2026-03-27,0.0010775397867294,0.0010837524186649,0.0123631367737504,0.27829027,0.21269650952263805,4,7
2026-03-30,0.0010837524186649,0.001075014546553,0.0124526298331172,0.2020611,0.1533248852522639,4,7
2026-03-31,0.001075014546553,0.0010797853557538,0.0123748220521112,0.4282048,0.32696675135123204,4,7
2026-04-01,0.0010797853557538,0.0010959384257055,0.0118106764503514,0.2699367,0.21596241915084702,4,7
2026-04-02,0.0010959384257055,0.0010911074740861,0.0122556601142186,-0.09925535,-0.07652586204927134,4,7
2026-04-03,0.0010911074740861,0.0010877013664912,0.0119845160209982,0.20264119,0.15977110549719423,4,7
2026-04-06,0.0010877013664912,0.0010917388473252,0.0119394548686496,0.27493507,0.21758884459179792,4,7
2026-04-07,0.0010917388473252,0.0010911550706243,0.0119381488332257,0.18271686,0.14462142945290068,4,7
2026-04-08,0.0010911550706243,0.0011145414461937,0.0097902194904149,-0.074573636,-0.07197536671380379,4,7
2026-04-09,0.0011145414461937,0.0011215540313994,0.0108403999349031,-0.07570314,-0.06598718047611124,4,7
2026-04-10,0.0011215540313994,0.0011180179746774,0.0097552292369008,-0.1636438,-0.15850870474356024,4,7
2026-04-13,0.0011180179746774,0.001117455758396,0.0097929837784812,0.13425294,0.12953876988870366,4,7
2026-04-14,0.001117455758396,0.0011283752773417,0.0096679752062222,0.05420953,0.05298233636079534,4,7
2026-04-15,0.0011283752773417,0.0011300073294603,0.0098654525048614,-0.034723993,-0.03325857783752611,4,7
2026-04-16,0.0011300073294603,0.0011285153314566,0.0095704181254419,-0.19441971,-0.1919554263861124,4,7
2026-04-17,0.0011285153314566,0.0011231916521851,0.0095886364852033,-0.16855498,-0.16610233079744446,4,7
2026-04-20,0.0011231916521851,0.0011347904419393,0.0087671068221079,-0.043684274,-0.04708253358197578,4,7
2026-04-21,0.0011347904419393,0.0011211516439029,0.0081397651534792,-0.21186565,-0.24594594745559237,4,7
2026-04-22,0.0011211516439029,0.0011239364997829,0.0084798177574697,-0.20816602,-0.23196065730435547,4,7
2026-04-23,0.0011239364997829,0.0011179805166784,0.0084815221722745,0.035397734,0.03943598358771841,4,7
2026-04-24,0.0011179805166784,0.0011159344459348,0.0080140607505508,-0.20177875,-0.23791060766518918,4,7
2026-04-27,0.0011159344459348,0.001119144106129,0.0079988145398594,-0.19927615,-0.2354077223651645,4,7
2026-04-28,0.001119144106129,0.001122183326016,0.0076785663253018,-0.16970347,-0.20883418273121485,4,7
2026-04-29,0.001122183326016,0.0011056199015901,0.0076597058774494,-0.12901618,-0.1591560193034107,4,7
2026-04-30,0.0011056199015901,0.0011105312031884,0.0078996388132854,0.10381243,0.12417469606907013,4,7
2026-05-01,0.0011105312031884,0.0011120378092855,0.0078609958118007,-0.124406405,-0.1495395823645879,4,7
2026-05-04,0.0011120378092855,0.0010968280087457,0.0078043801653295,-0.12750615,-0.15437740193718905,4,7
2026-05-05,0.0010968280087457,0.0011051921839761,0.0084498331002461,-0.055105478,-0.06162226505293285,4,7
2026-05-06,0.0011051921839761,0.001115921980816,0.008605175919706,0.03528856,0.038749420918245694,4,7
2026-05-07,0.001115921980816,0.0011230024963226,0.0074645456642553,0.046627752,0.05902447178803791,4,7
2026-05-08,0.0011230024963226,0.0011208500618814,0.007466864728016,0.019699305,0.024928929120105435,4,7
2026-05-11,0.0011208500618814,0.0011145538804896,0.0074438232302399,0.1282187,0.16275949179087784,4,7
2026-05-12,0.0011145538804896,0.0010953382140866,0.0075542287704477,0.116950564,0.14628614807126492,4,7
2026-05-13,0.0010953382140866,0.0011278789171316,0.0081056626431728,0.1903755,0.22192873746806088,4,7
2026-05-14,0.0011278789171316,0.0011181930153749,0.0106308377345395,0.029798133,0.026485768336188542,4,7
2026-05-15,0.0011181930153749,0.0011139206908048,0.0107993104460822,0.08334021,0.07292048923235238,4,7
2026-05-18,0.0011139206908048,0.0011104941699056,0.0107824382035235,-0.03753668,-0.032895001134189465,4,7
2026-05-19,0.0011104941699056,0.0011049357122181,0.0104954016730229,-0.2173931,-0.19572112809069558,4,7
2026-05-20,0.0011049357122181,0.0011139206908048,0.0102204557330624,-0.13818963,-0.12776037707478408,4,7
2026-05-21,0.0011139206908048,0.001113164247507,0.0103891119403944,0.064662755,0.05881211267216006,4,7
2026-05-22,0.001113164247507,0.0011152872361556,0.010326368542208,-0.15166017,-0.13877618345165563,4,7
2026-05-25,0.0011152872361556,0.0011151877145301,0.0103294004546029,0.29313052,0.2681494575235345,4,7
2026-05-26,0.0011151877145301,0.0011187809548574,0.0103068260777756,0.18450859,0.1691541483996073,4,7
2026-05-27,0.0011187809548574,0.0011185306614213,0.0103148905361131,0.40416893,0.3702450824579822,4,7
2026-05-28,0.0011185306614213,0.0011223722828849,0.0097175828560068,0.19575994,0.1903516167552576,4,7
2026-05-29,0.0011223722828849,0.0011241007502741,0.0096992190643533,0.17412847,0.16963834140064674,4,7
2026-06-01,0.0011241007502741,0.0011211516439029,0.0097001255226434,-0.046944473,-0.045729676054877634,4,7
2026-06-02,0.0011211516439029,0.0011238480711607,0.0091385814221723,0.2235769,0.23117410146831077,4,7
2026-06-03,0.0011238480711607,0.0011173683465724,0.0090171261421727,0.5559287,0.58256176226315,4,7
2026-06-04,0.0011173683465724,0.0011165324905911,0.0088819034184752,0.25791758,0.2743885023735924,4,7
2026-06-05,0.0011165324905911,0.0010937807509007,0.0087594930002971,0.1823962,0.19675593000969013,4,7
2026-06-08,0.0010937807509007,0.0010835175513773,0.0098670135996382,0.50785726,0.48634780900942287,4,7
2026-06-09,0.0010835175513773,0.001091190825259,0.0099919731864604,0.21614331,0.20440031781027787,4,7
2026-06-10,0.001091190825259,0.0010926812299253,0.0094129301767103,-0.07705938,-0.07735558342019609,4,7
2026-06-11,0.0010926812299253,0.0011037283707233,0.0064019920655564,-0.01930047,-0.028486806979961643,4,7
2026-06-12,0.0011037283707233,0.0011122109822959,0.0066779681363526,-0.1485595,-0.2102069496862218,4,7
2026-06-15,0.0011122109822959,0.0011236334178893,0.0068810531261362,0.080314904,0.11028900826891463,4,7
2026-06-16,0.0011236334178893,0.0011296116270571,0.007210146232362,-0.020618027,-0.02702054023771281,4,7
2026-06-17,0.0011296116270571,0.0011282225165504,0.0071570417536358,-0.04296169,-0.05672034003489515,4,7
2026-06-19,0.001110888942363,0.0011096192625677,0.0078559550616716,0.29556093,0.35549952460684164,5,7
2026-06-22,0.0011096192625677,0.0011038136613783,0.0078445199642463,-0.0445386,-0.05364894290825921,5,7
2026-06-23,0.0011038136613783,0.0010947267365891,0.0079231408223711,0.2168061,0.25856225604558564,5,7
2026-06-24,0.0010947267365891,0.0010890636578447,0.0080536553356073,0.0310279,0.036404105784503565,5,7
2026-06-25,0.0010890636578447,0.0010871573893226,0.0081019735803832,0.21367185,0.2491996755241566,5,7
2026-06-26,0.0010871573893226,0.0010846104736406,0.0080241032106573,0.2806019,0.330434280035349,5,7
2026-06-29,0.0010846104736406,0.0010848810855379,0.0079912282298692,0.051518347,0.060917124677015294,5,7
2026-06-30,0.0010848810855379,0.0010851047582413,0.0080012146086096,0.022184895,0.026199468696793102,5,7
2026-07-01,0.0010851047582413,0.0010810109643041,0.0079577120483373,0.30287865,0.3596428703605732,5,7
2026-07-02,0.0010810109643041,0.0010813850493764,0.007916853670035,0.34909078,0.4166551630193897,5,7
2026-07-03,0.0010813850493764,0.0010859649568175,0.0079272172132855,0.19642513,0.23413550958685858,5,7
2026-07-06,0.0010859649568175,0.0010780741085145,0.0066355002120129,0.09367855,0.1334005110997786,5,7
2026-07-07,0.0010780741085145,0.0010793424759473,0.0064976760709463,0.11193402,0.16277774869318684,5,7
2026-07-08,0.0010793424759473,0.0010699078046914,0.0062789039036526,0.0028425155,0.0042776969450984016,5,7
2026-07-09,0.0010699078046914,0.0010787951759471,0.0065214820633362,-0.09260141,-0.13417212936735048,5,7
2026-07-10,0.0010787951759471,0.001078899959291,0.0063717413309762,0.0044842507,0.006650016673280355,5,7
2026-07-13,0.001078899959291,0.0010746910263299,0.0060378151173879,-0.041905694,-0.065581933886099,5,7
2026-07-14,0.0010746910263299,0.0010810226616897,0.005383179651776,-0.12700549,-0.22293312811538502,5,7
2026-07-15,0.0010810226616897,0.0010816891886538,0.0054263367498133,-0.17004268,-0.296102592628854,5,7
2026-07-16,0.0010816891886538,0.0010820988331904,0.0054592883602121,-0.16823097,-0.2911795688857919,5,7
2026-07-17,0.0010820988331904,0.001070686760864,0.0044775802903485,-0.18169264,-0.3834290127843698,5,7
2026-07-20,0.001070686760864,0.0010709160279996,0.0049349222980112,-0.08360604,-0.16008415443639712,5,7
2026-07-21,0.0010709160279996,0.0010704689920401,0.004884204215358,-0.016132342,-0.031210058790362212,5,7
2026-07-22,0.0010704689920401,0.0010684445556248,0.0046212486554411,-0.030529166,-0.06242328282026834,5,7
2026-07-23,0.0010684445556248,0.0010616950858888,0.0045264387045802,-0.07496199,-0.15648599196040316,5,7
2026-07-24,0.0010616950858888,0.001057093637695,0.0046823229196247,-0.10254551,-0.20694087966634056,5,7
2026-07-27,0.001057093637695,0.0010637845446727,0.0047294628391623,-0.028859891,-0.057659898873495916,5,7
2026-07-28,0.0010637845446727,0.001070228381145,0.0050182507316101,-0.1546614,-0.2912196013268662,5,7
2026-07-29,0.001070228381145,0.0010696217055387,0.0052548559933261,-0.3090757,-0.5557699354271068,5,7
2026-07-30,0.0010696217055387,0.0010810226616897,0.0052042997226446,-0.11687189,-0.2121967697620899,5,7
2026-07-31,0.0010810226616897,0.001083482297821,0.0057697304540274,-0.0471244,-0.07717583431720841,5,7
2026-08-03,0.001083482297821,0.0010814786289486,0.0057103480767427,0.009037569,0.014954781458086881,5,7
2026-08-04,0.0010814786289486,0.0010935415173676,0.0054751134055422,0.20486726,0.3535659476915071,5,7
2026-08-05,0.0010935415173676,0.0010946667600269,0.0059963761595998,-0.1736523,-0.27364195303599526,5,7
2026-08-06,0.0010946667600269,0.0010924424770759,0.0055702343292846,-0.055336446,-0.09387043102538299,5,7
2026-08-07,0.0010924424770759,0.0010958904109589,0.0053483653135679,-0.048943922,-0.08647064479970448,5,7
2026-08-10,0.0010958904109589,0.0010929081308789,0.0053759217170737,0.027940756,0.04911071192631727,5,7
2026-08-11,0.0010929081308789,0.0010946667600269,0.0053278706813426,-0.041753143,-0.07405024397303069,5,7
2026-08-12,0.0010946667600269,0.001093984148848,0.0051995799368095,-0.13421626,-0.24390904564311439,5,7
2026-08-13,0.001093984148848,0.0010940919037199,0.0052071041027338,-0.18990251,-0.34460808306285906,5,7
2026-08-14,0.0010940919037199,0.0010951703282636,0.0052080088553141,-0.20485276,-0.3716730871743345,5,7
2026-08-17,0.0010951703282636,0.0010931470873308,0.0044980783392046,0.043600243,0.09159102180783563,5,7
2026-08-18,0.0010931470873308,0.0010834940487515,0.0045436303669033,0.0714007,0.14848769884743543,5,7
2026-08-19,0.0010834940487515,0.0010855877688501,0.0050499549769623,-0.06691293,-0.1252026556824522,5,7
2026-08-20,0.0010855877688501,0.0010842811528322,0.0050227237653344,-0.21791157,-0.40995104409946415,5,7
2026-08-21,0.0010842811528322,0.0010856230876196,0.004763517728973,-0.08615348,-0.17089762239236544,5,7
2026-08-24,0.0010856230876196,0.0010962628370444,0.0045911302920847,-0.031371377,-0.0645661600489829,5,7
2026-08-25,0.0010962628370444,0.0010955662199702,0.0048451618368822,0.035702225,0.06962705020652195,5,7
2026-08-26,0.0010955662199702,0.0010878788884831,0.0047451626187485,0.25657156,0.510914727406717,5,7
2026-08-27,0.0010878788884831,0.0010838111334736,0.0050790064981404,0.27494088,0.5115069460817928,5,7
2026-08-28,0.0010838111334736,0.0010735257694671,0.0046211299899929,0.29872268,0.610816846871711,5,7
2026-08-31,0.0010735257694671,0.0010706293894563,0.005065723322464,0.08269829,0.15425742861519623,5,7
2026-09-01,0.0010706293894563,0.0010687871236201,0.0050815494145557,0.078747764,0.14643102259261312,5,7
2026-09-02,0.0010687871236201,0.0010665529287957,0.0042883947496978,-0.1622963,-0.35760606210237783,5,7
2026-09-03,0.0010665529287957,0.0010722250646482,0.0042618511563651,-0.09695518,-0.21496300963245873,5,7
2026-09-04,0.0010722250646482,0.0010746217359692,0.0045043864964603,-0.009277785,-0.0194625473972213,5,7
2026-09-07,0.0010746217359692,0.0010707899049294,0.0044650552349744,-0.022665784,-0.04796615691824034,5,7
2026-09-08,0.0010707899049294,0.0010817476801087,0.0044864464084577,-0.11278954,-0.2375512688870563,5,7
2026-09-09,0.0010817476801087,0.001079692068975,0.0051163533289228,-0.08183215,-0.1511313092706809,5,7
2025-07-15,0.0010330792166959,0.0010342972696862,0.0103752241068805,0.39715412,0.3617034066244597,1,123
2025-07-16,0.0010342972696862,0.0010336665263334,0.0102125430556687,-0.1891009,-0.17496481239756376,1,123
2025-07-17,0.0010336665263334,0.0010368603736253,0.0101798419721349,0.026760489,0.024839566001301203,1,123
2025-07-18,0.0010368603736253,0.0010380012090585,0.010195644442041,0.013657307,0.01265731027847907,1,123
2025-07-21,0.0010380012090585,0.0010486357302911,0.0101950399258468,-0.11726609,-0.10868622557521515,1,123
2025-07-22,0.0010486357302911,0.0010523768146177,0.0103349267207608,0.12749481,0.11656713577047784,1,123
2025-07-23,0.0010523768146177,0.0010547855648114,0.0098856370154179,0.11710754,0.11193636447160825,1,123
2025-07-24,0.0010547855648114,0.0010529086601737,0.0099069771213738,0.05991121,0.057142327929351325,1,123
2025-07-25,0.0010529086601737,0.0010673468223109,0.0097622966596328,0.01564906,0.015147021346138387,1,123
2025-07-28,0.0010673468223109,0.0010432315165946,0.0098401061026245,-0.2851969,-0.27386466931135633,1,123
2025-07-29,0.0010432315165946,0.0010414063256789,0.0106844576126209,0.05277643,0.046674375529194574,1,123
2025-07-30,0.0010414063256789,0.0010189213774418,0.0106273087626153,0.06768484,0.06018095502834176,1,123
2025-07-31,0.0010189213774418,0.0010285949263977,0.0114778744857806,0.3946094,0.3248605236894708,1,123
2025-08-01,0.0010285949263977,0.001056062792421,0.0118061321131562,-0.24296099,-0.1944553585022594,1,123
2025-08-04,0.001056062792421,0.0010348966859303,0.0134358590735313,-0.5268039,-0.3704883493472615,1,123
2025-08-05,0.0010348966859303,0.0010348217780971,0.0139245899051566,0.16988987,0.11528586902366839,1,123
2025-08-06,0.0010348217780971,0.0010263252681857,0.0139247520082229,0.18353656,0.1245449534443976,1,123
2025-08-07,0.0010263252681857,0.0010311085266268,0.0139737109966559,0.35378188,0.23922956266900855,1,123
2025-08-08,0.0010311085266268,0.0010332926592074,0.0140372206500102,0.28714103,0.19328809954952333,1,123
2025-08-11,0.0010332926592074,0.001032321999277,0.0136996956724895,0.38248703,0.26381337427165197,1,123
2025-08-12,0.001032321999277,0.0010456423124675,0.0117279733505573,0.114195734,0.09200637864917975,1,123
2025-08-13,0.0010456423124675,0.001049736521515,0.0120752476352777,-0.2915997,-0.22818233726350545,1,123
2025-08-14,0.001049736521515,0.0010357220431539,0.0120947368685996,-0.3135202,-0.2449402196225984,1,123
2025-08-15,0.0010357220431539,0.0010377750366711,0.0124864902101161,0.38050824,0.28794841318093467,1,123
2025-08-18,0.0010377750366711,0.0010376780888736,0.0124923266520225,0.052282553,0.03954617331133192,1,123
2025-08-19,0.0010376780888736,0.0010383784918756,0.0122596936391838,0.026959082,0.020778610994986145,1,123
2025-08-20,0.0010383784918756,0.0010354432005306,0.0122259989837858,-0.29247972,-0.2260489148723063,1,123
2025-08-21,0.0010354432005306,0.0010304710360844,0.0122144243532942,-0.05597026,-0.043298748096279135,1,123
2025-08-22,0.0010304710360844,0.0010421877393329,0.0122443903733964,0.5818596,0.4490265538491901,1,123
2025-08-25,0.0010421877393329,0.0010393605800931,0.0121084213324472,-0.65857905,-0.5139387803088686,1,123
2025-08-26,0.0010393605800931,0.0010351431216148,0.0109989218851824,0.07706522,0.066206299082917,1,123
2025-08-27,0.0010351431216148,0.0010328764758789,0.0110284009295025,0.16486444,0.1412555289833638,1,123
2025-08-28,0.0010328764758789,0.0010332499766818,0.0098189461288071,0.24155094,0.232452844617999,1,123
2025-08-29,0.0010332499766818,0.0010352395308843,0.0095996154256529,0.047442794,0.04669898284560953,1,123
2025-09-01,0.0010352395308843,0.0010341689183384,0.0074029168887196,0.26363936,0.33651030868631965,1,123
2025-09-02,0.0010341689183384,0.0010276013574072,0.0058590188170589,0.3760508,0.6064746266665788,1,123
2025-09-03,0.0010276013574072,0.0010331539376035,0.0060279587059093,0.31918022,0.5003301995775109,1,123
2025-09-04,0.0010331539376035,0.0010290818635124,0.0058566669610098,-0.052511018,-0.08472097141008066,1,123
2025-09-05,0.0010290818635124,0.0010344363638223,0.0058385817183217,0.15148382,0.24516015769747618,1,123
2025-09-08,0.0010344363638223,0.0010308853476674,0.0059395175720854,-0.3184172,-0.5065663510484101,1,123
2025-09-09,0.0010308853476674,0.0010344792097397,0.0059876415217971,-0.3687004,-0.58184704804843,1,123
2025-09-10,0.0010344792097397,0.0010401605849481,0.0052478694709792,-0.38963285,-0.7015579267155008,1,123
2025-09-11,0.0010401605849481,0.0010500451223308,0.0053289168090619,-0.37954605,-0.6730022823045029,1,123
2025-09-12,0.0010500451223308,0.0010640642813286,0.0048293365439033,0.13363904,0.2614790297946578,1,123
2025-09-15,0.0010640642813286,0.0010514473091349,0.0055877875950711,-0.2181974,-0.36897817748751216,1,123
2025-09-16,0.0010514473091349,0.0010556763609681,0.0063167318844184,-0.18725273,-0.2801087755343489,1,123
2025-09-17,0.0010556763609681,0.0010508175198679,0.006361143875818,-0.25178748,-0.3740157939804172,1,123
2025-09-18,0.0010508175198679,0.0010470546379874,0.0064272161527856,0.024712732,0.03633196270477771,1,123
2025-09-19,0.0010470546379874,0.0010471862079747,0.0063771361841159,-0.27192962,-0.402922781755383,1,123
2025-09-22,0.0010471862079747,0.0010462549545287,0.0058780468285471,-0.39432263,-0.6338838241585598,1,123
2025-09-23,0.0010462549545287,0.0010547521560971,0.0058437960456638,-0.25530237,-0.41281057867728227,1,123
2025-09-24,0.0010547521560971,0.0010504091235828,0.0059926340328929,-0.41287,-0.6510083505912634,1,123
2025-09-25,0.0010504091235828,0.0010426115280609,0.0060610197164845,-0.09684319,-0.1509782516367308,1,123
2025-09-26,0.0010426115280609,0.0010421986116062,0.0063389753562969,0.32533473,0.4849560364709827,1,123
2025-09-29,0.0010421986116062,0.001036333862696,0.0063318293722169,-0.0086324625,-0.012882392164121901,1,123
2025-09-30,0.001036333862696,0.0010403012606795,0.0064667151240447,0.10747381,0.15703987337467157,1,123
2025-10-01,0.0010403012606795,0.0010421551901637,0.0063297016335028,0.015782705,0.023560753584637214,1,123
2025-10-02,0.0010421551901637,0.0010400740849646,0.0062371914848019,0.16380684,0.2481612523655005,1,123
2025-10-03,0.0010400740849646,0.0010555915458611,0.0061800452083701,0.24030364,0.3674173875775405,1,123
2025-10-07,0.0010401173331579,0.0010426332905224,0.0076982013952328,0.26281348,0.32258887015256366,2,123
2025-10-08,0.0010426332905224,0.0010521110932733,0.0076797808765722,0.054748215,0.06736156394936765,2,123
2025-10-09,0.0010521110932733,0.001052122106014,0.0078440367386742,-0.19536828,-0.23534524205474835,2,123
2025-10-10,0.001052122106014,0.0010559327255361,0.007560022502344,0.05664447,0.07079872601135884,2,123
2025-10-13,0.0010559327255361,0.0010454236712785,0.0069598460563538,-0.16507542,-0.22411647134331034,2,123
2025-10-14,0.0010454236712785,0.0010407451999883,0.0068032680745564,0.12232178,0.16989367231065913,2,123
2025-10-15,0.0010407451999883,0.0010426224091781,0.0067858765601946,0.058493443,0.08145021688407965,2,123
2025-10-16,0.0010426224091781,0.0010471533458415,0.0067432644622304,-0.20707461,-0.2901667656514171,2,123
2025-10-17,0.0010471533458415,0.0010409618222931,0.006778292326276,-0.23575903,-0.32865410192193434,2,123
2025-10-20,0.0010409618222931,0.0010520225267919,0.0069066534148497,0.24630973,0.3369806058308698,2,123
2025-10-21,0.0010520225267919,0.0010515799854496,0.0073180464416293,-0.100033395,-0.12916381465291185,2,123
2025-10-22,0.0010515799854496,0.0010529086601737,0.0070834465933902,-0.16862406,-0.22493959492499094,2,123
2025-10-23,0.0010529086601737,0.0010560331144758,0.0070265290630199,-0.17024109,-0.22893624350398645,2,123
2025-10-24,0.0010560331144758,0.0010741670943491,0.0068188335236646,0.31567204,0.43743854184272685,2,123
2025-10-27,0.0010741670943491,0.0010639429450205,0.0077313470488472,-0.16484624,-0.2014720828445566,2,123
2025-10-28,0.0010639429450205,0.0010614584714091,0.0079683532909591,0.107845604,0.12788655731995685,2,123
2025-10-29,0.0010614584714091,0.001063252904931,0.007985383884065,0.2412239,0.2854404798965465,2,123
2025-10-30,0.001063252904931,0.0010615485650693,0.0079849437862448,0.15883158,0.18795591870122708,2,123
2025-10-31,0.0010615485650693,0.0010766696001707,0.007977620931039,0.0941213,0.11148219860773334,2,123
2025-11-03,0.0010766696001707,0.0010654960084219,0.007918248439241,-0.48110437,-0.5741180445875487,2,123
2025-11-04,0.0010654960084219,0.0010566468205726,0.0075131624322125,-0.22714217,-0.2856708917890826,2,123
2025-11-05,0.0010566468205726,0.0010599733078743,0.007801370693525,-0.14919095,-0.18070182802514326,2,123
2025-11-06,0.0010599733078743,0.0010615711252653,0.0075759290461642,-0.24230672,-0.3022181780920127,2,123
2025-11-07,0.0010615711252653,0.0010752738276289,0.0075795520450992,-0.19025539,-0.23718347451631522,2,123
2025-11-10,0.0010752738276289,0.0010667349349245,0.0080475100757059,-0.33634272,-0.3949221573497955,2,123
2025-11-11,0.0010667349349245,0.0010687985579569,0.007914402535057,0.2805361,0.33493581819215795,2,123
2025-11-12,0.0010687985579569,0.0010758240586408,0.0078093211712836,0.48224258,0.5835032511861039,2,123
2025-11-13,0.0010758240586408,0.0010759861356454,0.0078961724413671,0.04573974,0.05473537138648651,2,123
2025-11-14,0.0010759861356454,0.0010890194285346,0.0078743608255268,0.28200862,0.3384060083399102,2,123
2025-11-17,0.0010890194285346,0.0010829894898989,0.0080228080162131,-0.37276965,-0.43904106686808697,2,123
2025-11-18,0.0010829894898989,0.0010730764822425,0.0079532407259698,-0.20871876,-0.2479752756195352,2,123
2025-11-19,0.0010730764822425,0.0010730189247294,0.0082965236350352,-0.20173171,-0.22975714643524503,2,123
2025-11-20,0.0010730189247294,0.0010750953864995,0.0082996491608771,-0.12982751,-0.14780802744164684,2,123
2025-11-21,0.0010750953864995,0.0010654506240306,0.0082896654414487,-0.025139742,-0.028655950356868885,2,123
2025-11-24,0.0010654506240306,0.0010631059538475,0.0076421900852244,-0.05592681,-0.06915016768791073,2,123
2025-11-25,0.0010631059538475,0.0010695644482104,0.0073496647245227,-4.2866915e-05,-5.511194108391098e-05,2,123
2025-11-26,0.0010695644482104,0.0010802635700693,0.0074505012102273,0.21680419,0.2749623197835682,2,123
2025-11-27,0.0010802635700693,0.0010788883077981,0.0077500666719677,0.33832872,0.41250045064312024,2,123
2025-11-28,0.0010788883077981,0.0010780857424279,0.0077450377495881,0.35007152,0.4270947709153633,2,123
2025-12-01,0.0010780857424279,0.0010760787831009,0.0070832352737206,-0.06576841,-0.08773577362772654,2,123
2025-12-02,0.0010760787831009,0.0010828839107337,0.0066614246264272,0.06938406,0.09842005773386639,2,123
2025-12-03,0.0010828839107337,0.001088790883237,0.006440452365981,0.11679295,0.1713528219448149,2,123
2025-12-04,0.001088790883237,0.0010902391126475,0.0064966632002248,-0.2905472,-0.42258818284909416,2,123
2025-12-05,0.0010902391126475,0.001085328523194,0.0064965470524936,0.17617598,0.25624484152191596,2,123
2025-12-08,0.001085328523194,0.0010837876181101,0.0060217093824209,0.044086013,0.06917864115913376,2,123
2025-12-09,0.0010837876181101,0.0010802869327545,0.0057085646528065,0.06135577,0.10155925330770314,2,123
2025-12-10,0.0010802869327545,0.0010830363808075,0.0057708843759892,0.28723797,0.4703167975735753,2,123
2025-12-11,0.0010830363808075,0.00109439124487,0.005618474298842,-0.27200568,-0.45745732955410895,2,123
2025-12-12,0.00109439124487,0.0010992030777686,0.0060540672790533,-0.33464417,-0.5223084349458056,2,123
2025-12-15,0.0010992030777686,0.0010942954174175,0.0055284789858144,-0.1538388,-0.2629367106770853,2,123
2025-12-16,0.0010942954174175,0.0010947626525302,0.0054716989255972,-0.3456893,-0.596973071764434,2,123
2025-12-17,0.0010947626525302,0.0010900133184671,0.0049728317010441,0.27119127,0.51530331796848,2,123
2025-12-18,0.0010900133184671,0.0010981287708799,0.005111498341759,0.4035536,0.7460089053580929,2,123
2025-12-19,0.0010981287708799,0.0010987320455152,0.0053191981244264,-0.18582241,-0.3300980348784336,2,123
2025-12-22,0.0010987320455152,0.0010996866188462,0.00476743003973,-0.37200192,-0.737312927440278,2,123
2025-12-23,0.0010996866188462,0.0011021469734246,0.0046894102254871,0.17469427,0.35200710442554123,2,123
2025-12-24,0.0011021469734246,0.0011063783006153,0.0045787295245333,0.13458295,0.2777384811015305,2,123
2025-12-26,0.0011063783006153,0.0011044841760934,0.0041703012904675,-0.11606998,-0.26299257877516075,2,123
2025-12-29,0.0011044841760934,0.0010937927262783,0.0041851264588453,-0.4065816,-0.9179735369030081,2,123
2025-12-31,0.0011111851871093,0.0011115557153055,0.0058409659319591,-0.33668375,-0.5446637735593705,3,123
2026-01-02,0.0011115557153055,0.001103679670987,0.0057398693962797,-0.030551067,-0.0502939078509531,3,123
2026-01-05,0.001103679670987,0.0011067823383911,0.0059465539169918,0.13354547,0.21220460249828968,3,123
2026-01-06,0.0011067823383911,0.0011192818779287,0.0059642166338857,-0.0019976788,-0.003164923623705175,3,123
2026-01-07,0.0011192818779287,0.0011175181820085,0.0062639322872898,-0.5293166,-0.7984715747108367,3,123
2026-01-08,0.0011175181820085,0.0011154614227634,0.0062679148935032,0.110072345,0.16593810064595638,3,123
2026-01-09,0.0011154614227634,0.001117780528869,0.0062196981976883,0.05690566,0.08645242615095826,3,123
2026-01-12,0.001117780528869,0.001131644187694,0.0062168687608034,-0.20426708,-0.3104686087562529,3,123
2026-01-13,0.001131644187694,0.0011292417297551,0.0063715463994237,-0.29672945,-0.4400548359952788,3,123
2026-01-14,0.0011292417297551,0.0011346358607674,0.0063919498636048,-0.2432613,-0.3596090936505977,3,123
2026-01-15,0.0011346358607674,0.0011331316233632,0.0062819201003446,-0.44974834,-0.6765005387177099,3,123
2026-01-16,0.0011331316233632,0.0011284261808924,0.006314393449983,0.08749021,0.13092386544762452,3,123
2026-01-19,0.0011284261808924,0.0011270272681578,0.0063050921367872,0.025453178,0.038145348830583244,3,123
2026-01-20,0.0011270272681578,0.0011304416822771,0.0061903344128405,-0.54369104,-0.8299063290737189,3,123
2026-01-21,0.0011304416822771,0.0011437067855235,0.0061993038969895,-0.4191105,-0.6388172142279215,3,123
2026-01-22,0.0011437067855235,0.0011477761836441,0.00660537925451,-0.42889658,-0.6135441647233878,3,123
2026-01-23,0.0011477761836441,0.0011493724716734,0.0066147945770402,-0.4839195,-0.6912701083287122,3,123
2026-01-26,0.0011493724716734,0.0011566175516007,0.0066022784547232,-0.24880895,-0.35609277969944453,3,123
2026-01-27,0.0011566175516007,0.0011631288165164,0.0066136792025568,0.17151186,0.24504285382749585,3,123
2026-01-28,0.0011631288165164,0.0011595009475084,0.0060063497228358,0.2004129,0.3152869969405602,3,123
2026-01-29,0.0011595009475084,0.0011639275935306,0.0053539437678069,-0.11129518,-0.19642354871586123,3,123
2026-01-30,0.0011639275935306,0.0011548277672077,0.0053490492413519,-0.30349693,-0.5361282750374391,3,123
2026-02-02,0.0011548277672077,0.0011559223878263,0.0054194921462621,-0.024880916,-0.04338092293302866,3,123
2026-02-03,0.0011559223878263,0.0011627366466076,0.0054256520907437,-0.36703044,-0.6392064443735425,3,123
2026-02-04,0.0011627366466076,0.0011652159429476,0.0050760785775837,-0.33501592,-0.623631592020705,3,123
2026-02-05,0.0011652159429476,0.0011544544332593,0.0050095082471052,0.023389876,0.04411881264251331,3,123
2026-02-06,0.0011544544332593,0.0011622636048473,0.0055621955356485,-0.34435746,-0.584997808947655,3,123
2026-02-09,0.0011622636048473,0.0011731994388921,0.0056747007070978,-0.33656618,-0.5604263160783849,3,123
2026-02-10,0.0011731994388921,0.0011693718501847,0.0054227671115099,0.096041575,0.1673513907727756,3,123
2026-02-11,0.0011693718501847,0.0011707682380523,0.0054721267462411,0.053930026,0.09312482865192032,3,123
2026-02-12,0.0011707682380523,0.0011673924155688,0.0054264944154149,-0.08829312,-0.1537441187838187,3,123
2026-02-13,0.0011673924155688,0.0011595546981569,0.0054812588836392,0.12407253,0.21388795035303315,3,123
2026-02-16,0.0011595546981569,0.0011596622964866,0.005648678301715,-0.23082069,-0.38611698070826755,3,123
2026-02-17,0.0011596622964866,0.0011551079261667,0.0056241801200006,-0.21420826,-0.3598885185151944,3,123
2026-02-18,0.0011551079261667,0.0011606448181041,0.0057343670805987,-0.25112274,-0.413801040956014,3,123
2026-02-19,0.0011606448181041,0.0011560426087501,0.0052517414082193,-0.15181361,-0.2731482193356498,3,123
2026-02-20,0.0011560426087501,0.0011542012601815,0.0053085666865755,-0.22373967,-0.39825084139699396,3,123
2026-02-23,0.0011542012601815,0.0011618990439933,0.0053199841537365,0.12707329,0.2257017496178272,3,123
2026-02-25,0.0011618990439933,0.0011675013902558,0.0053424009338885,0.34307623,0.6067994123403246,3,123
2026-02-26,0.0011675013902558,0.0011558422272537,0.0053026322763705,0.08645549,0.1540607628492755,3,123
2026-02-27,0.0011558422272537,0.001145265507761,0.0057373185157382,0.19559672,0.32213922639918396,3,123
2026-03-02,0.001145265507761,0.0011329518748541,0.0059949262153915,0.15206926,0.2396892556727199,3,123
2026-03-03,0.0011329518748541,0.0011112099064254,0.0062106415573903,-0.010271965,-0.01562816726047088,3,123
2026-03-04,0.0011112099064254,0.0011180929745081,0.0074265476724471,-0.067173414,-0.08546758889746792,3,123
2026-03-05,0.0011180929745081,0.0011041549558557,0.0074433679461118,-0.056065414,-0.07117320696793804,3,123
2026-03-06,0.0011041549558557,0.0010978273819215,0.0077366948271327,-0.06855983,-0.08373466215119174,3,123
2026-03-09,0.0010978273819215,0.0010931112043831,0.0076178307177285,-0.06863739,-0.08513741376020402,3,123
2026-03-10,0.0010931112043831,0.0011252517719933,0.0073054403671493,-0.049968116,-0.06463050792009997,3,123
2026-03-11,0.0011252517719933,0.0011149017741187,0.0099132236535232,0.23770468,0.22657596248393522,3,123
2026-03-12,0.0011149017741187,0.0010920607040178,0.0100398414450679,0.0018854799,0.001774541121963063,3,123
2026-03-13,0.0010920607040178,0.0010908574969521,0.0107943248235966,0.17618534,0.15422873137789905,3,123
2026-03-16,0.0010908574969521,0.0010996019647599,0.0108068524833614,-0.05018764,-0.04388221639143814,3,123
2026-03-17,0.0010996019647599,0.0011026452785966,0.0110651744353027,-0.053370334,-0.0455756263970402,3,123
2026-03-18,0.0011026452785966,0.0010927409162243,0.0111160788849193,-0.17678161,-0.15027144575857598,3,123
2026-03-19,0.0010927409162243,0.0010959024325769,0.01120798611117,-0.21903466,-0.18466146671577957,3,123
2026-03-20,0.0010959024325769,0.001078109011008,0.0111486458113727,-0.20644626,-0.17497495706057356,3,123
2026-03-23,0.001078109011008,0.0010980805640209,0.0115505634023041,-0.055539377,-0.04543482233291357,3,123
2026-03-24,0.0010980805640209,0.0010900846079707,0.0125417182371407,-0.11822108,-0.0890694720486233,3,123
2026-03-25,0.0010900846079707,0.0010908813201155,0.0123938161500129,0.045965385,0.035044255994578825,3,123
2026-03-27,0.0010775397867294,0.0010837524186649,0.0123631367737504,0.3145653,0.24042142330055452,4,123
2026-03-30,0.0010837524186649,0.001075014546553,0.0124526298331172,0.25004038,0.18973178013482478,4,123
2026-03-31,0.001075014546553,0.0010797853557538,0.0123748220521112,0.37858385,0.28907739377201547,4,123
2026-04-01,0.0010797853557538,0.0010959384257055,0.0118106764503514,0.28182626,0.2254746233665641,4,123
2026-04-02,0.0010959384257055,0.0010911074740861,0.0122556601142186,-0.08855081,-0.06827266282480665,4,123
2026-04-03,0.0010911074740861,0.0010877013664912,0.0119845160209982,0.24834855,0.19580877090947782,4,123
2026-04-06,0.0010877013664912,0.0010917388473252,0.0119394548686496,0.27196804,0.21524068859112902,4,123
2026-04-07,0.0010917388473252,0.0010911550706243,0.0119381488332257,0.17204393,0.13617374395744414,4,123
2026-04-08,0.0010911550706243,0.0011145414461937,0.0097902194904149,-0.20579748,-0.19862716126759106,4,123
2026-04-09,0.0011145414461937,0.0011215540313994,0.0108403999349031,-0.08943529,-0.07795690918159323,4,123
2026-04-10,0.0011215540313994,0.0011180179746774,0.0097552292369008,-0.29718736,-0.287861679699421,4,123
2026-04-13,0.0011180179746774,0.001117455758396,0.0097929837784812,0.105735034,0.10202224646618724,4,123
2026-04-14,0.001117455758396,0.0011283752773417,0.0096679752062222,0.007672584,0.007498892836955244,4,123
2026-04-15,0.0011283752773417,0.0011300073294603,0.0098654525048614,0.0010276806,0.000984310546278033,4,123
2026-04-16,0.0011300073294603,0.0011285153314566,0.0095704181254419,-0.39666116,-0.3916334548359967,4,123
2026-04-17,0.0011285153314566,0.0011231916521851,0.0095886364852033,-0.37391552,-0.3684746722939753,4,123
2026-04-20,0.0011231916521851,0.0011347904419393,0.0087671068221079,-0.17323032,-0.18670615264343723,4,123
2026-04-21,0.0011347904419393,0.0011211516439029,0.0081397651534792,-0.26037616,-0.3022597592583111,4,123
2026-04-22,0.0011211516439029,0.0011239364997829,0.0084798177574697,-0.277346,-0.30904831258712234,4,123
2026-04-23,0.0011239364997829,0.0011179805166784,0.0084815221722745,-0.03338498,-0.0371936085156585,4,123
2026-04-24,0.0011179805166784,0.0011159344459348,0.0080140607505508,-0.08225378,-0.09698269266581662,4,123
2026-04-27,0.0011159344459348,0.001119144106129,0.0079988145398594,-0.10352936,-0.12230068840827583,4,123
2026-04-28,0.001119144106129,0.001122183326016,0.0076785663253018,-0.23658654,-0.29113935176917355,4,123
2026-04-29,0.001122183326016,0.0011056199015901,0.0076597058774494,0.05235038,0.0645801039737224,4,123
2026-04-30,0.0011056199015901,0.0011105312031884,0.0078996388132854,0.056071155,0.06706922273436088,4,123
2026-05-01,0.0011105312031884,0.0011120378092855,0.0078609958118007,-0.12281502,-0.1476267018405414,4,123
2026-05-04,0.0011120378092855,0.0010968280087457,0.0078043801653295,-0.06160479,-0.07458767269521685,4,123
2026-05-05,0.0010968280087457,0.0011051921839761,0.0084498331002461,0.01818603,0.020336715461132478,4,123
2026-05-06,0.0011051921839761,0.001115921980816,0.008605175919706,0.3255582,0.3574866992279126,4,123
2026-05-07,0.001115921980816,0.0011230024963226,0.0074645456642553,0.10066325,0.12742615461695497,4,123
2026-05-08,0.0011230024963226,0.0011208500618814,0.007466864728016,-0.13141246,-0.16629886600291235,4,123
2026-05-11,0.0011208500618814,0.0011145538804896,0.0074438232302399,0.44103846,0.5598496356664674,4,123
2026-05-12,0.0011145538804896,0.0010953382140866,0.0075542287704477,-0.04257573,-0.05325531670696708,4,123
2026-05-13,0.0010953382140866,0.0011278789171316,0.0081056626431728,0.44259527,0.5159519348746059,4,123
2026-05-14,0.0011278789171316,0.0011181930153749,0.0106308377345395,-0.5671003,-0.5040613214858801,4,123
2026-05-15,0.0011181930153749,0.0011139206908048,0.0107993104460822,0.14387582,0.12588755446578098,4,123
2026-05-18,0.0011139206908048,0.0011104941699056,0.0107824382035235,0.17710252,0.15520251708601548,4,123
2026-05-19,0.0011104941699056,0.0011049357122181,0.0104954016730229,0.17492057,0.1574826965199265,4,123
2026-05-20,0.0011049357122181,0.0011139206908048,0.0102204557330624,-0.24425057,-0.22581683405556627,4,123
2026-05-21,0.0011139206908048,0.001113164247507,0.0103891119403944,-0.19838509,-0.1804353398169884,4,123
2026-05-22,0.001113164247507,0.0011152872361556,0.010326368542208,-0.06857128,-0.06274594096712914,4,123
2026-05-25,0.0011152872361556,0.0011151877145301,0.0103294004546029,0.035978206,0.03291208546140486,4,123
2026-05-26,0.0011151877145301,0.0011187809548574,0.0103068260777756,0.4152876,0.38072819975214084,4,123
2026-05-27,0.0011187809548574,0.0011185306614213,0.0103148905361131,0.1983926,0.18174055505929806,4,123
2026-05-28,0.0011185306614213,0.0011223722828849,0.0097175828560068,0.19164728,0.18635258019349335,4,123
2026-05-29,0.0011223722828849,0.0011241007502741,0.0096992190643533,0.18910836,0.1842319540728388,4,123
2026-06-01,0.0011241007502741,0.0011211516439029,0.0097001255226434,-0.16115923,-0.1569888606762024,4,123
2026-06-02,0.0011211516439029,0.0011238480711607,0.0091385814221723,-0.1687961,-0.1745318377102623,4,123
2026-06-03,0.0011238480711607,0.0011173683465724,0.0090171261421727,0.54700935,0.573215070886868,4,123
2026-06-04,0.0011173683465724,0.0011165324905911,0.0088819034184752,0.25859416,0.2751082708023543,4,123
2026-06-05,0.0011165324905911,0.0010937807509007,0.0087594930002971,0.090100035,0.09719344966865297,4,123
2026-06-08,0.0010937807509007,0.0010835175513773,0.0098670135996382,0.48662075,0.466010710180279,4,123
2026-06-09,0.0010835175513773,0.001091190825259,0.0099919731864604,0.31397513,0.29691695094790993,4,123
2026-06-10,0.001091190825259,0.0010926812299253,0.0094129301767103,-0.06128616,-0.06152173332495579,4,123
2026-06-11,0.0010926812299253,0.0011037283707233,0.0064019920655564,-0.20354375,-0.30042333319016135,4,123
2026-06-12,0.0011037283707233,0.0011122109822959,0.0066779681363526,-0.34474057,-0.48779691265155534,4,123
2026-06-15,0.0011122109822959,0.0011236334178893,0.0068810531261362,0.093852594,0.1288790653718187,4,123
2026-06-16,0.0011236334178893,0.0011296116270571,0.007210146232362,-0.1735637,-0.22746042049391682,4,123
2026-06-17,0.0011296116270571,0.0011282225165504,0.0071570417536358,-0.22259992,-0.2938884094606431,4,123
2026-06-19,0.001110888942363,0.0011096192625677,0.0078559550616716,0.25113466,0.3020638090133714,5,123
2026-06-22,0.0011096192625677,0.0011038136613783,0.0078445199642463,-0.02933528,-0.03533579726057634,5,123
2026-06-23,0.0011038136613783,0.0010947267365891,0.0079231408223711,-0.25099978,-0.2993415147367313,5,123
2026-06-24,0.0010947267365891,0.0010890636578447,0.0080536553356073,-0.29668206,-0.34808815827168144,5,123
2026-06-25,0.0010890636578447,0.0010871573893226,0.0081019735803832,-0.10720654,-0.1250320779738797,5,123
2026-06-26,0.0010871573893226,0.0010846104736406,0.0080241032106573,0.06449641,0.07595040053286162,5,123
2026-06-29,0.0010846104736406,0.0010848810855379,0.0079912282298692,0.02094947,0.02477139803893725,5,123
2026-06-30,0.0010848810855379,0.0010851047582413,0.0080012146086096,0.06316651,0.07459709726086694,5,123
2026-07-01,0.0010851047582413,0.0010810109643041,0.0079577120483373,0.3386388,0.4021050372583605,5,123
2026-07-02,0.0010810109643041,0.0010813850493764,0.007916853670035,0.30994174,0.3699290549807424,5,123
2026-07-03,0.0010813850493764,0.0010859649568175,0.0079272172132855,0.35906276,0.4279968911066867,5,123
2026-07-06,0.0010859649568175,0.0010780741085145,0.0066355002120129,0.3297083,0.46951259241251014,5,123
2026-07-07,0.0010780741085145,0.0010793424759473,0.0064976760709463,0.27903637,0.4057829295971198,5,123
2026-07-08,0.0010793424759473,0.0010699078046914,0.0062789039036526,0.36360705,0.5471916456951661,5,123
2026-07-09,0.0010699078046914,0.0010787951759471,0.0065214820633362,0.32693687,0.47370570214573815,5,123
2026-07-10,0.0010787951759471,0.001078899959291,0.0063717413309762,0.19600765,0.2906738110634145,5,123
2026-07-13,0.001078899959291,0.0010746910263299,0.0060378151173879,0.18851988,0.29503148270702767,5,123
2026-07-14,0.0010746910263299,0.0010810226616897,0.005383179651776,0.08931946,0.15678273434299397,5,123
2026-07-15,0.0010810226616897,0.0010816891886538,0.0054263367498133,0.121816486,0.21212426475646826,5,123
2026-07-16,0.0010816891886538,0.0010820988331904,0.0054592883602121,0.10362481,0.17935716506322336,5,123
2026-07-17,0.0010820988331904,0.001070686760864,0.0044775802903485,-0.021240715,-0.04482463439563433,5,123
2026-07-20,0.001070686760864,0.0010709160279996,0.0049349222980112,0.11644796,0.22296802320254908,5,123
2026-07-21,0.0010709160279996,0.0010704689920401,0.004884204215358,-0.03341973,-0.06465469823829299,5,123
2026-07-22,0.0010704689920401,0.0010684445556248,0.0046212486554411,0.17133264,0.3503255162976903,5,123
2026-07-23,0.0010684445556248,0.0010616950858888,0.0045264387045802,0.0793806,0.16571000788494022,5,123
2026-07-24,0.0010616950858888,0.001057093637695,0.0046823229196247,0.09557355,0.192871199638888,5,123
2026-07-27,0.001057093637695,0.0010637845446727,0.0047294628391623,-0.022242745,-0.044439337289090594,5,123
2026-07-28,0.0010637845446727,0.001070228381145,0.0050182507316101,-0.031251315,-0.05884464719691357,5,123
2026-07-29,0.001070228381145,0.0010696217055387,0.0052548559933261,-0.21325098,-0.3834610218091178,5,123
2026-07-30,0.0010696217055387,0.0010810226616897,0.0052042997226446,-0.05296511,-0.09616533820436486,5,123
2026-07-31,0.0010810226616897,0.001083482297821,0.0057697304540274,0.16628955,0.2723331083757778,5,123
2026-08-03,0.001083482297821,0.0010814786289486,0.0057103480767427,0.10157248,0.1680755200007944,5,123
2026-08-04,0.0010814786289486,0.0010935415173676,0.0054751134055422,0.295264,0.5095753436575855,5,123
2026-08-05,0.0010935415173676,0.0010946667600269,0.0059963761595998,-0.17772365,-0.28005759350231474,5,123
2026-08-06,0.0010946667600269,0.0010924424770759,0.0055702343292846,0.060157605,0.10204884279601721,5,123
2026-08-07,0.0010924424770759,0.0010958904109589,0.0053483653135679,-0.4065938,-0.7183410446869191,5,123
2026-08-10,0.0010958904109589,0.0010929081308789,0.0053759217170737,-0.16955777,-0.2980270902927452,5,123
2026-08-11,0.0010929081308789,0.0010946667600269,0.0053278706813426,0.00276042,0.004895674092004568,5,123
2026-08-12,0.0010946667600269,0.001093984148848,0.0051995799368095,-0.2256138,-0.41000430237341534,5,123
2026-08-13,0.001093984148848,0.0010940919037199,0.0052071041027338,-0.39137468,-0.7102111373635935,5,123
2026-08-14,0.0010940919037199,0.0010951703282636,0.0052080088553141,-0.36615026,-0.6643219883762451,5,123
2026-08-17,0.0010951703282636,0.0010931470873308,0.0044980783392046,-0.082284644,-0.17285533283649934,5,123
2026-08-18,0.0010931470873308,0.0010834940487515,0.0045436303669033,0.11994185,0.2494357844600201,5,123
2026-08-19,0.0010834940487515,0.0010855877688501,0.0050499549769623,0.03643261,0.06817007351642929,5,123
2026-08-20,0.0010855877688501,0.0010842811528322,0.0050227237653344,-0.2044363,-0.3846003916739199,5,123
2026-08-21,0.0010842811528322,0.0010856230876196,0.004763517728973,-0.12415881,-0.24628657697564282,5,123
2026-08-24,0.0010856230876196,0.0010962628370444,0.0045911302920847,-0.15655482,-0.3222091256980506,5,123
2026-08-25,0.0010962628370444,0.0010955662199702,0.0048451618368822,-0.05194371,-0.10130144993340937,5,123
2026-08-26,0.0010955662199702,0.0010878788884831,0.0047451626187485,0.31942037,0.6360664662107399,5,123
2026-08-27,0.0010878788884831,0.0010838111334736,0.0050790064981404,0.23190995,0.4314511228056179,5,123
2026-08-28,0.0010838111334736,0.0010735257694671,0.0046211299899929,0.1621667,0.3315923444440174,5,123
2026-08-31,0.0010735257694671,0.0010706293894563,0.005065723322464,0.23130986,0.43146314769898275,5,123
2026-09-01,0.0010706293894563,0.0010687871236201,0.0050815494145557,0.21033527,0.39111723899324685,5,123
2026-09-02,0.0010687871236201,0.0010665529287957,0.0042883947496978,-0.046083674,-0.10154144625177458,5,123
2026-09-03,0.0010665529287957,0.0010722250646482,0.0042618511563651,0.14257297,0.3161039369470195,5,123
2026-09-04,0.0010722250646482,0.0010746217359692,0.0045043864964603,0.19392999,0.40681815634683,5,123
2026-09-07,0.0010746217359692,0.0010707899049294,0.0044650552349744,0.032967433,0.06976688069872274,5,123
2026-09-08,0.0010707899049294,0.0010817476801087,0.0044864464084577,0.09681862,0.20391417351847224,5,123
2026-09-09,0.0010817476801087,0.001079692068975,0.0051163533289228,0.09715266,0.1794259075657614,5,123
2025-07-15,0.0010330792166959,0.0010342972696862,0.0103752241068805,0.6247472,0.5689810982557753,1,2024
2025-07-16,0.0010342972696862,0.0010336665263334,0.0102125430556687,0.4192759,0.3879332438970535,1,2024
2025-07-17,0.0010336665263334,0.0010368603736253,0.0101798419721349,0.2247555,0.20862208988166475,1,2024
2025-07-18,0.0010368603736253,0.0010380012090585,0.010195644442041,0.19315776,0.17901461286633594,1,2024
2025-07-21,0.0010380012090585,0.0010486357302911,0.0101950399258468,0.15343766,0.142211279249897,1,2024
2025-07-22,0.0010486357302911,0.0010523768146177,0.0103349267207608,0.13974108,0.12776375764026282,1,2024
2025-07-23,0.0010523768146177,0.0010547855648114,0.0098856370154179,0.21769099,0.20807829568721062,1,2024
2025-07-24,0.0010547855648114,0.0010529086601737,0.0099069771213738,0.18914416,0.18040260467193203,1,2024
2025-07-25,0.0010529086601737,0.0010673468223109,0.0097622966596328,0.22773777,0.22043170502288598,1,2024
2025-07-28,0.0010673468223109,0.0010432315165946,0.0098401061026245,-0.14077386,-0.1351802490109824,1,2024
2025-07-29,0.0010432315165946,0.0010414063256789,0.0106844576126209,0.07836184,0.06930158089293083,1,2024
2025-07-30,0.0010414063256789,0.0010189213774418,0.0106273087626153,0.47925988,0.4261267249633989,1,2024
2025-07-31,0.0010189213774418,0.0010285949263977,0.0114778744857806,0.38690856,0.3185208554316979,1,2024
2025-08-01,0.0010285949263977,0.001056062792421,0.0118061321131562,-0.14605738,-0.11689794119921033,1,2024
2025-08-04,0.001056062792421,0.0010348966859303,0.0134358590735313,0.03513757,0.024711396536392823,1,2024
2025-08-05,0.0010348966859303,0.0010348217780971,0.0139245899051566,0.23285607,0.1580142113019297,1,2024
2025-08-06,0.0010348217780971,0.0010263252681857,0.0139247520082229,-0.17681682,-0.11998504591117835,1,2024
2025-08-07,0.0010263252681857,0.0010311085266268,0.0139737109966559,0.3477216,0.23513156471637833,1,2024
2025-08-08,0.0010311085266268,0.0010332926592074,0.0140372206500102,0.25797445,0.17365471663644,1,2024
2025-08-11,0.0010332926592074,0.001032321999277,0.0136996956724895,0.4053116,0.2795562066956533,1,2024
2025-08-12,0.001032321999277,0.0010456423124675,0.0117279733505573,0.242357,0.195264636080394,1,2024
2025-08-13,0.0010456423124675,0.001049736521515,0.0120752476352777,0.19211069,0.15033029061761732,1,2024
2025-08-14,0.001049736521515,0.0010357220431539,0.0120947368685996,-0.12743202,-0.09955730770431777,1,2024
2025-08-15,0.0010357220431539,0.0010377750366711,0.0124864902101161,0.27319226,0.20673738797214378,1,2024
2025-08-18,0.0010377750366711,0.0010376780888736,0.0124923266520225,0.10975383,0.08301706021561867,1,2024
2025-08-19,0.0010376780888736,0.0010383784918756,0.0122596936391838,0.17940323,0.1382743572186869,1,2024
2025-08-20,0.0010383784918756,0.0010354432005306,0.0122259989837858,-0.11394129,-0.08806184543382736,1,2024
2025-08-21,0.0010354432005306,0.0010304710360844,0.0122144243532942,0.16815874,0.130088063199003,1,2024
2025-08-22,0.0010304710360844,0.0010421877393329,0.0122443903733964,0.44251457,0.3414926766603942,1,2024
2025-08-25,0.0010421877393329,0.0010393605800931,0.0121084213324472,-0.097403154,-0.07601101130926406,1,2024
2025-08-26,0.0010393605800931,0.0010351431216148,0.0109989218851824,0.06171262,0.05301696323185152,1,2024
2025-08-27,0.0010351431216148,0.0010328764758789,0.0110284009295025,0.16162504,0.138480016965494,1,2024
2025-08-28,0.0010328764758789,0.0010332499766818,0.0098189461288071,0.13545997,0.13035782346032654,1,2024
2025-08-29,0.0010332499766818,0.0010352395308843,0.0095996154256529,0.382658,0.3766586741531601,1,2024
2025-09-01,0.0010352395308843,0.0010341689183384,0.0074029168887196,0.39847037,0.5086091470574815,1,2024
2025-09-02,0.0010341689183384,0.0010276013574072,0.0058590188170589,0.28961185,0.4670705102543084,1,2024
2025-09-03,0.0010276013574072,0.0010331539376035,0.0060279587059093,0.47010276,0.7369084505607012,1,2024
2025-09-04,0.0010331539376035,0.0010290818635124,0.0058566669610098,0.16935946,0.273243567577429,1,2024
2025-09-05,0.0010290818635124,0.0010344363638223,0.0058385817183217,-0.24494012,-0.39640904497472995,1,2024
2025-09-08,0.0010344363638223,0.0010308853476674,0.0059395175720854,-0.012220792,-0.019441921300192632,1,2024
2025-09-09,0.0010308853476674,0.0010344792097397,0.0059876415217971,0.009412878,0.014854487227660817,1,2024
2025-09-10,0.0010344792097397,0.0010401605849481,0.0052478694709792,-0.10708069,-0.19280538872278966,1,2024
2025-09-11,0.0010401605849481,0.0010500451223308,0.0053289168090619,-0.11040944,-0.1957754717834645,1,2024
2025-09-12,0.0010500451223308,0.0010640642813286,0.0048293365439033,0.094118476,0.18415283737504853,1,2024
2025-09-15,0.0010640642813286,0.0010514473091349,0.0055877875950711,-0.31137186,-0.5265389368047071,1,2024
2025-09-16,0.0010514473091349,0.0010556763609681,0.0063167318844184,0.09090207,0.13597914720612353,1,2024
2025-09-17,0.0010556763609681,0.0010508175198679,0.006361143875818,-0.11542636,-0.17145920445461177,1,2024
2025-09-18,0.0010508175198679,0.0010470546379874,0.0064272161527856,-0.05952408,-0.08751063066975302,1,2024
2025-09-19,0.0010470546379874,0.0010471862079747,0.0063771361841159,-0.10608722,-0.15719126085273297,1,2024
2025-09-22,0.0010471862079747,0.0010462549545287,0.0058780468285471,-0.061635725,-0.09908102334569073,1,2024
2025-09-23,0.0010462549545287,0.0010547521560971,0.0058437960456638,-0.18382533,-0.2972359232621814,1,2024
2025-09-24,0.0010547521560971,0.0010504091235828,0.0059926340328929,-0.31637514,-0.49885644939999263,1,2024
2025-09-25,0.0010504091235828,0.0010426115280609,0.0060610197164845,-0.12256522,-0.19107881156600906,1,2024
2025-09-26,0.0010426115280609,0.0010421986116062,0.0063389753562969,0.1211138,0.18053673365927425,1,2024
2025-09-29,0.0010421986116062,0.001036333862696,0.0063318293722169,0.063628145,0.09495351467282014,1,2024
2025-09-30,0.001036333862696,0.0010403012606795,0.0064667151240447,0.34452364,0.5034151897405335,1,2024
2025-10-01,0.0010403012606795,0.0010421551901637,0.0063297016335028,0.2677416,0.39969030428911606,1,2024
2025-10-02,0.0010421551901637,0.0010400740849646,0.0062371914848019,0.29012802,0.4395331331438435,1,2024
2025-10-03,0.0010400740849646,0.0010555915458611,0.0061800452083701,0.39315957,0.6011297310291577,1,2024
2025-10-07,0.0010401173331579,0.0010426332905224,0.0076982013952328,0.47847736,0.5873042318494812,2,2024
2025-10-08,0.0010426332905224,0.0010521110932733,0.0076797808765722,0.35045275,0.4311929441743571,2,2024
2025-10-09,0.0010521110932733,0.001052122106014,0.0078440367386742,-0.008416525,-0.010138744805545332,2,2024
2025-10-10,0.001052122106014,0.0010559327255361,0.007560022502344,0.24335192,0.3041604190621148,2,2024
2025-10-13,0.0010559327255361,0.0010454236712785,0.0069598460563538,-0.009540164,-0.01295230926630474,2,2024
2025-10-14,0.0010454236712785,0.0010407451999883,0.0068032680745564,0.38813168,0.5390791135965266,2,2024
2025-10-15,0.0010407451999883,0.0010426224091781,0.0067858765601946,0.1199029,0.16696088014412408,2,2024
2025-10-16,0.0010426224091781,0.0010471533458415,0.0067432644622304,0.18500315,0.2592387593922443,2,2024
2025-10-17,0.0010471533458415,0.0010409618222931,0.006778292326276,-0.020659465,-0.028799821637971436,2,2024
2025-10-20,0.0010409618222931,0.0010520225267919,0.0069066534148497,0.025709039,0.03517298186677388,2,2024
2025-10-21,0.0010520225267919,0.0010515799854496,0.0073180464416293,0.09433882,0.12181093631148178,2,2024
2025-10-22,0.0010515799854496,0.0010529086601737,0.0070834465933902,0.15758456,0.2102132388501745,2,2024
2025-10-23,0.0010529086601737,0.0010560331144758,0.0070265290630199,-0.12947556,-0.17411571440290344,2,2024
2025-10-24,0.0010560331144758,0.0010741670943491,0.0068188335236646,0.5312779,0.7362115992898945,2,2024
2025-10-27,0.0010741670943491,0.0010639429450205,0.0077313470488472,-0.086408205,-0.1056065408903153,2,2024
2025-10-28,0.0010639429450205,0.0010614584714091,0.0079683532909591,-0.019890686,-0.023586972849012556,2,2024
2025-10-29,0.0010614584714091,0.001063252904931,0.007985383884065,0.21450421,0.2538230419142493,2,2024
2025-10-30,0.001063252904931,0.0010615485650693,0.0079849437862448,0.023334773,0.027613581205008404,2,2024
2025-10-31,0.0010615485650693,0.0010766696001707,0.007977620931039,-0.13283198,-0.1573331512303852,2,2024
2025-11-03,0.0010766696001707,0.0010654960084219,0.007918248439241,-0.3303283,-0.39419185043001675,2,2024
2025-11-04,0.0010654960084219,0.0010566468205726,0.0075131624322125,0.15634502,0.19663113974785845,2,2024
2025-11-05,0.0010566468205726,0.0010599733078743,0.007801370693525,0.07471333,0.09049366230248694,2,2024
2025-11-06,0.0010599733078743,0.0010615711252653,0.0075759290461642,0.03763461,0.04693994000788766,2,2024
2025-11-07,0.0010615711252653,0.0010752738276289,0.0075795520450992,-0.1360478,-0.16960512596746077,2,2024
2025-11-10,0.0010752738276289,0.0010667349349245,0.0080475100757059,-0.2991275,-0.35122530620565434,2,2024
2025-11-11,0.0010667349349245,0.0010687985579569,0.007914402535057,0.08733215,0.10426703574823032,2,2024
2025-11-12,0.0010687985579569,0.0010758240586408,0.0078093211712836,0.3227144,0.3904775293921206,2,2024
2025-11-13,0.0010758240586408,0.0010759861356454,0.0078961724413671,-0.043792784,-0.052405509342188225,2,2024
2025-11-14,0.0010759861356454,0.0010890194285346,0.0078743608255268,0.26928082,0.32313284178867296,2,2024
2025-11-17,0.0010890194285346,0.0010829894898989,0.0080228080162131,-0.2401231,-0.2828124518420064,2,2024
2025-11-18,0.0010829894898989,0.0010730764822425,0.0079532407259698,0.04818488,0.05724764987643946,2,2024
2025-11-19,0.0010730764822425,0.0010730189247294,0.0082965236350352,0.00087817735,0.0010001775544274361,2,2024
2025-11-20,0.0010730189247294,0.0010750953864995,0.0082996491608771,0.033632297,0.038290216038039386,2,2024
2025-11-21,0.0010750953864995,0.0010654506240306,0.0082896654414487,0.27136695,0.30932210203709176,2,2024
2025-11-24,0.0010654506240306,0.0010631059538475,0.0076421900852244,0.0062382864,0.007713268898623262,2,2024
2025-11-25,0.0010631059538475,0.0010695644482104,0.0073496647245227,0.07186439,0.09239260187511565,2,2024
2025-11-26,0.0010695644482104,0.0010802635700693,0.0074505012102273,-0.017241003,-0.02186593445441819,2,2024
2025-11-27,0.0010802635700693,0.0010788883077981,0.0077500666719677,0.24657932,0.3006368469883191,2,2024
2025-11-28,0.0010788883077981,0.0010780857424279,0.0077450377495881,0.37142175,0.45314251427586844,2,2024
2025-12-01,0.0010780857424279,0.0010760787831009,0.0070832352737206,-0.0022582747,-0.0030125628832503018,2,2024
2025-12-02,0.0010760787831009,0.0010828839107337,0.0066614246264272,0.216751,0.30745742020601546,2,2024
2025-12-03,0.0010828839107337,0.001088790883237,0.006440452365981,0.13596803,0.1994855395840086,2,2024
2025-12-04,0.001088790883237,0.0010902391126475,0.0064966632002248,-0.06339313,-0.09220253529398602,2,2024
2025-12-05,0.0010902391126475,0.001085328523194,0.0064965470524936,0.36541963,0.5314963437355166,2,2024
2025-12-08,0.001085328523194,0.0010837876181101,0.0060217093824209,0.339285,0.532397332192711,2,2024
2025-12-09,0.0010837876181101,0.0010802869327545,0.0057085646528065,0.117201746,0.19399841477861005,2,2024
2025-12-10,0.0010802869327545,0.0010830363808075,0.0057708843759892,0.14756732,0.2416232917162905,2,2024
2025-12-11,0.0010830363808075,0.00109439124487,0.005618474298842,-0.010932911,-0.018386895864797886,2,2024
2025-12-12,0.00109439124487,0.0010992030777686,0.0060540672790533,0.18353973,0.28646650775939525,2,2024
2025-12-15,0.0010992030777686,0.0010942954174175,0.0055284789858144,-0.21048911,-0.35976172389104494,2,2024
2025-12-16,0.0010942954174175,0.0010947626525302,0.0054716989255972,-0.12951706,-0.22366385282674797,2,2024
2025-12-17,0.0010947626525302,0.0010900133184671,0.0049728317010441,0.22793017,0.43310086186798885,2,2024
2025-12-18,0.0010900133184671,0.0010981287708799,0.005111498341759,0.35017574,0.6473346135796085,2,2024
2025-12-19,0.0010981287708799,0.0010987320455152,0.0053191981244264,-0.12439655,-0.2209801094126787,2,2024
2025-12-22,0.0010987320455152,0.0010996866188462,0.00476743003973,-0.055690445,-0.11037922697809562,2,2024
2025-12-23,0.0010996866188462,0.0011021469734246,0.0046894102254871,-0.06292783,-0.1267989038938665,2,2024
2025-12-24,0.0011021469734246,0.0011063783006153,0.0045787295245333,-0.13637319,-0.2814329902971346,2,2024
2025-12-26,0.0011063783006153,0.0011044841760934,0.0041703012904675,-0.11458848,-0.25963575650066667,2,2024
2025-12-29,0.0011044841760934,0.0010937927262783,0.0041851264588453,-0.26035756,-0.5878311470752436,2,2024
2025-12-31,0.0011111851871093,0.0011115557153055,0.0058409659319591,-0.36894163,-0.5968483546221922,3,2024
2026-01-02,0.0011115557153055,0.001103679670987,0.0057398693962797,-0.009530442,-0.015689244109417223,3,2024
2026-01-05,0.001103679670987,0.0011067823383911,0.0059465539169918,0.3175276,0.504553370216772,3,2024
2026-01-06,0.0011067823383911,0.0011192818779287,0.0059642166338857,0.05240345,0.08302282173666002,3,2024
2026-01-07,0.0011192818779287,0.0011175181820085,0.0062639322872898,-0.32095504,-0.48415914372015467,3,2024
2026-01-08,0.0011175181820085,0.0011154614227634,0.0062679148935032,-0.2764251,-0.4167209995885058,3,2024
2026-01-09,0.0011154614227634,0.001117780528869,0.0062196981976883,-0.11825242,-0.17965186437393585,3,2024
2026-01-12,0.001117780528869,0.001131644187694,0.0062168687608034,0.06803984,0.10341477733559903,3,2024
2026-01-13,0.001131644187694,0.0011292417297551,0.0063715463994237,-0.3573831,-0.5300052492816131,3,2024
2026-01-14,0.0011292417297551,0.0011346358607674,0.0063919498636048,-0.12364037,-0.182775481475835,3,2024
2026-01-15,0.0011346358607674,0.0011331316233632,0.0062819201003446,-0.19685817,-0.2961092877719263,3,2024
2026-01-16,0.0011331316233632,0.0011284261808924,0.006314393449983,0.03398853,0.05086180592859168,3,2024
2026-01-19,0.0011284261808924,0.0011270272681578,0.0063050921367872,-0.037817918,-0.05667573545297425,3,2024
2026-01-20,0.0011270272681578,0.0011304416822771,0.0061903344128405,-0.36612636,-0.5588662604952743,3,2024
2026-01-21,0.0011304416822771,0.0011437067855235,0.0061993038969895,-0.14235677,-0.21698325142582806,3,2024
2026-01-22,0.0011437067855235,0.0011477761836441,0.00660537925451,-0.34346715,-0.49133586157027426,3,2024
2026-01-23,0.0011477761836441,0.0011493724716734,0.0066147945770402,-0.4192326,-0.5988660891284175,3,2024
2026-01-26,0.0011493724716734,0.0011566175516007,0.0066022784547232,-0.24579278,-0.35177607037619735,3,2024
2026-01-27,0.0011566175516007,0.0011631288165164,0.0066136792025568,-0.064796284,-0.09257590414085348,3,2024
2026-01-28,0.0011631288165164,0.0011595009475084,0.0060063497228358,-0.06848969,-0.10774710861419153,3,2024
2026-01-29,0.0011595009475084,0.0011639275935306,0.0053539437678069,-0.00986829,-0.017416429504349566,3,2024
2026-01-30,0.0011639275935306,0.0011548277672077,0.0053490492413519,-0.15076834,-0.26633274569496906,3,2024
2026-02-02,0.0011548277672077,0.0011559223878263,0.0054194921462621,-0.20302974,-0.3539908820150042,3,2024
2026-02-03,0.0011559223878263,0.0011627366466076,0.0054256520907437,-0.21764381,-0.379040312000817,3,2024
2026-02-04,0.0011627366466076,0.0011652159429476,0.0050760785775837,-0.33039898,-0.6150371917428128,3,2024
2026-02-05,0.0011652159429476,0.0011544544332593,0.0050095082471052,-0.19708882,-0.37175592971323723,3,2024
2026-02-06,0.0011544544332593,0.0011622636048473,0.0055621955356485,0.022093965,0.037533443576212716,3,2024
2026-02-09,0.0011622636048473,0.0011731994388921,0.0056747007070978,-0.42493343,-0.70756921624213,3,2024
2026-02-10,0.0011731994388921,0.0011693718501847,0.0054227671115099,-0.078160256,-0.13619338995001712,3,2024
2026-02-11,0.0011693718501847,0.0011707682380523,0.0054721267462411,0.0533603,0.09214103990748469,3,2024
2026-02-12,0.0011707682380523,0.0011673924155688,0.0054264944154149,-0.16585459,-0.28880129179688724,3,2024
2026-02-13,0.0011673924155688,0.0011595546981569,0.0054812588836392,-0.007798048,-0.013443012632021146,3,2024
2026-02-16,0.0011595546981569,0.0011596622964866,0.005648678301715,0.18337747,0.3067539332446448,3,2024
2026-02-17,0.0011596622964866,0.0011551079261667,0.0056241801200006,0.092883006,0.156051537484987,3,2024
2026-02-18,0.0011551079261667,0.0011606448181041,0.0057343670805987,-0.35167027,-0.5794836295782015,3,2024
2026-02-19,0.0011606448181041,0.0011560426087501,0.0052517414082193,-0.022345712,-0.0402051671656872,3,2024
2026-02-20,0.0011560426087501,0.0011542012601815,0.0053085666865755,0.0683457,0.12165358943281103,3,2024
2026-02-23,0.0011542012601815,0.0011618990439933,0.0053199841537365,-0.13222337,-0.23484908058301585,3,2024
2026-02-25,0.0011618990439933,0.0011675013902558,0.0053424009338885,0.3400538,0.6014536409420822,3,2024
2026-02-26,0.0011675013902558,0.0011558422272537,0.0053026322763705,0.06979653,0.12437507268412532,3,2024
2026-02-27,0.0011558422272537,0.001145265507761,0.0057373185157382,0.17135459,0.2822135055050292,3,2024
2026-03-02,0.001145265507761,0.0011329518748541,0.0059949262153915,0.14282677,0.22512139488670418,3,2024
2026-03-03,0.0011329518748541,0.0011112099064254,0.0062106415573903,0.061770566,0.0939801433446621,3,2024
2026-03-04,0.0011112099064254,0.0011180929745081,0.0074265476724471,-0.0721769,-0.09183373787133442,3,2024
2026-03-05,0.0011180929745081,0.0011041549558557,0.0074433679461118,0.12372618,0.15706634802842262,3,2024
2026-03-06,0.0011041549558557,0.0010978273819215,0.0077366948271327,-0.039301302,-0.04800013703395924,3,2024
2026-03-09,0.0010978273819215,0.0010931112043831,0.0076178307177285,0.12859659,0.15951045493228116,3,2024
2026-03-10,0.0010931112043831,0.0011252517719933,0.0073054403671493,-0.019645331,-0.025409959286868806,3,2024
2026-03-11,0.0011252517719933,0.0011149017741187,0.0099132236535232,0.10392811,0.09906246850455562,3,2024
2026-03-12,0.0011149017741187,0.0010920607040178,0.0100398414450679,0.12972504,0.12209220701343537,3,2024
2026-03-13,0.0010920607040178,0.0010908574969521,0.0107943248235966,0.14400415,0.12605803053552403,3,2024
2026-03-16,0.0010908574969521,0.0010996019647599,0.0108068524833614,-0.07209069,-0.06303343464524415,3,2024
2026-03-17,0.0010996019647599,0.0011026452785966,0.0110651744353027,0.18386534,0.1570119096178501,3,2024
2026-03-18,0.0011026452785966,0.0010927409162243,0.0111160788849193,0.087288946,0.07419909765969367,3,2024
2026-03-19,0.0010927409162243,0.0010959024325769,0.01120798611117,-0.27846023,-0.2347613449607487,3,2024
2026-03-20,0.0010959024325769,0.001078109011008,0.0111486458113727,-0.16747215,-0.1419421901525453,3,2024
2026-03-23,0.001078109011008,0.0010980805640209,0.0115505634023041,-0.08706517,-0.07122496877392637,3,2024
2026-03-24,0.0010980805640209,0.0010900846079707,0.0125417182371407,-0.0247376,-0.01863766609770181,3,2024
2026-03-25,0.0010900846079707,0.0010908813201155,0.0123938161500129,0.12733743,0.09708273567627275,3,2024
2026-03-27,0.0010775397867294,0.0010837524186649,0.0123631367737504,0.5339779,0.4081178921619334,4,2024
2026-03-30,0.0010837524186649,0.001075014546553,0.0124526298331172,0.48630044,0.36900697177806197,4,2024
2026-03-31,0.001075014546553,0.0010797853557538,0.0123748220521112,0.56597704,0.4321662472421134,4,2024
2026-04-01,0.0010797853557538,0.0010959384257055,0.0118106764503514,0.5231619,0.4185547884873096,4,2024
2026-04-02,0.0010959384257055,0.0010911074740861,0.0122556601142186,-0.1795871,-0.13846162754989,4,2024
2026-04-03,0.0010911074740861,0.0010877013664912,0.0119845160209982,0.19623296,0.15471857769989408,4,2024
2026-04-06,0.0010877013664912,0.0010917388473252,0.0119394548686496,0.21848606,0.1729140307864914,4,2024
2026-04-07,0.0010917388473252,0.0010911550706243,0.0119381488332257,0.19710971,0.15601344733867975,4,2024
2026-04-08,0.0010911550706243,0.0011145414461937,0.0097902194904149,-0.07567251,-0.0730359538253884,4,2024
2026-04-09,0.0011145414461937,0.0011215540313994,0.0108403999349031,0.09793164,0.0853628134431803,4,2024
2026-04-10,0.0011215540313994,0.0011180179746774,0.0097552292369008,-0.016930891,-0.016399603355269323,4,2024
2026-04-13,0.0011180179746774,0.001117455758396,0.0097929837784812,0.09152983,0.08831584711094088,4,2024
2026-04-14,0.001117455758396,0.0011283752773417,0.0096679752062222,-0.0033456222,-0.0032698841792106977,4,2024
2026-04-15,0.0011283752773417,0.0011300073294603,0.0098654525048614,-0.05133059,-0.049164344192432076,4,2024
2026-04-16,0.0011300073294603,0.0011285153314566,0.0095704181254419,-0.06984164,-0.06895639122174059,4,2024
2026-04-17,0.0011285153314566,0.0011231916521851,0.0095886364852033,-0.09101281,-0.089688484257979,4,2024
2026-04-20,0.0011231916521851,0.0011347904419393,0.0087671068221079,-0.016635355,-0.01792944183325868,4,2024
2026-04-21,0.0011347904419393,0.0011211516439029,0.0081397651534792,-0.026574489,-0.030849208910354923,4,2024
2026-04-22,0.0011211516439029,0.0011239364997829,0.0084798177574697,-0.10800587,-0.12035159628789296,4,2024
2026-04-23,0.0011239364997829,0.0011179805166784,0.0084815221722745,0.21854763,0.24347999978862528,4,2024
2026-04-24,0.0011179805166784,0.0011159344459348,0.0080140607505508,0.20481178,0.2414867545921866,4,2024
2026-04-27,0.0011159344459348,0.001119144106129,0.0079988145398594,0.039712593,0.04691304462766484,4,2024
2026-04-28,0.001119144106129,0.001122183326016,0.0076785663253018,-0.082460545,-0.10147453484121426,4,2024
2026-04-29,0.001122183326016,0.0011056199015901,0.0076597058774494,-0.23005278,-0.28379608971614234,4,2024
2026-04-30,0.0011056199015901,0.0011105312031884,0.0078996388132854,0.0567678,0.06790250707983204,4,2024
2026-05-01,0.0011105312031884,0.0011120378092855,0.0078609958118007,0.030477593,0.03663482268041971,4,2024
2026-05-04,0.0011120378092855,0.0010968280087457,0.0078043801653295,-0.05439615,-0.06585984815077398,4,2024
2026-05-05,0.0010968280087457,0.0011051921839761,0.0084498331002461,0.06793926,0.0759737704310295,4,2024
2026-05-06,0.0011051921839761,0.001115921980816,0.008605175919706,0.2346088,0.25761760127739547,4,2024
2026-05-07,0.001115921980816,0.0011230024963226,0.0074645456642553,0.20391983,0.25813510844068166,4,2024
2026-05-08,0.0011230024963226,0.0011208500618814,0.007466864728016,0.015387606,0.019472592554622144,4,2024
2026-05-11,0.0011208500618814,0.0011145538804896,0.0074438232302399,0.071786,0.09112440539705167,4,2024
2026-05-12,0.0011145538804896,0.0010953382140866,0.0075542287704477,-0.058629323,-0.07333575397066228,4,2024
2026-05-13,0.0010953382140866,0.0011278789171316,0.0081056626431728,0.15685923,0.18285742020582324,4,2024
2026-05-14,0.0011278789171316,0.0011181930153749,0.0106308377345395,-0.27578223,-0.2451262412257491,4,2024
2026-05-15,0.0011181930153749,0.0011139206908048,0.0107993104460822,0.033125233,0.028983706795044757,4,2024
2026-05-18,0.0011139206908048,0.0011104941699056,0.0107824382035235,-0.051936682,-0.04551433797723241,4,2024
2026-05-19,0.0011104941699056,0.0011049357122181,0.0104954016730229,0.022047054,0.01984917720792209,4,2024
2026-05-20,0.0011049357122181,0.0011139206908048,0.0102204557330624,0.083010085,0.07674526990301606,4,2024
2026-05-21,0.0011139206908048,0.001113164247507,0.0103891119403944,0.012669727,0.011523379064589447,4,2024
2026-05-22,0.001113164247507,0.0011152872361556,0.010326368542208,0.06492703,0.05941127861753874,4,2024
2026-05-25,0.0011152872361556,0.0011151877145301,0.0103294004546029,0.23091982,0.2112404711186613,4,2024
2026-05-26,0.0011151877145301,0.0011187809548574,0.0103068260777756,0.4912371,0.45035733292380875,4,2024
2026-05-27,0.0011187809548574,0.0011185306614213,0.0103148905361131,0.5152857,0.47203525832353743,4,2024
2026-05-28,0.0011185306614213,0.0011223722828849,0.0097175828560068,0.18711282,0.18194339470457138,4,2024
2026-05-29,0.0011223722828849,0.0011241007502741,0.0096992190643533,0.46495917,0.4529696042133367,4,2024
2026-06-01,0.0011241007502741,0.0011211516439029,0.0097001255226434,0.026162826,0.025485800515757814,4,2024
2026-06-02,0.0011211516439029,0.0011238480711607,0.0091385814221723,0.3740151,0.38672418839764666,4,2024
2026-06-03,0.0011238480711607,0.0011173683465724,0.0090171261421727,0.463916,0.4861409523684618,4,2024
2026-06-04,0.0011173683465724,0.0011165324905911,0.0088819034184752,0.07292713,0.07758434278999415,4,2024
2026-06-05,0.0011165324905911,0.0010937807509007,0.0087594930002971,0.29918396,0.32273818048781133,4,2024
2026-06-08,0.0010937807509007,0.0010835175513773,0.0098670135996382,0.33105472,0.3170334272208736,4,2024
2026-06-09,0.0010835175513773,0.001091190825259,0.0099919731864604,0.28221616,0.26688343862686775,4,2024
2026-06-10,0.001091190825259,0.0010926812299253,0.0094129301767103,0.028362678,0.028471702005603342,4,2024
2026-06-11,0.0010926812299253,0.0011037283707233,0.0064019920655564,-0.09218453,-0.1360610783127901,4,2024
2026-06-12,0.0011037283707233,0.0011122109822959,0.0066779681363526,-0.2477463,-0.350553121379472,4,2024
2026-06-15,0.0011122109822959,0.0011236334178893,0.0068810531261362,0.06443636,0.0884844814550051,4,2024
2026-06-16,0.0011236334178893,0.0011296116270571,0.007210146232362,0.11691826,0.15322487028738202,4,2024
2026-06-17,0.0011296116270571,0.0011282225165504,0.0071570417536358,0.11767144,0.15535617003444974,4,2024
2026-06-19,0.001110888942363,0.0011096192625677,0.0078559550616716,0.26870146,0.32319306315008733,5,2024
2026-06-22,0.0011096192625677,0.0011038136613783,0.0078445199642463,0.011593835,0.013965348270125048,5,2024
2026-06-23,0.0011038136613783,0.0010947267365891,0.0079231408223711,0.19755208,0.23559998206024269,5,2024
2026-06-24,0.0010947267365891,0.0010890636578447,0.0080536553356073,-0.28530845,-0.33474384420613285,5,2024
2026-06-25,0.0010890636578447,0.0010871573893226,0.0081019735803832,-0.2566371,-0.2993088954409639,5,2024
2026-06-26,0.0010871573893226,0.0010846104736406,0.0080241032106573,0.28685185,0.3377941875994652,5,2024
2026-06-29,0.0010846104736406,0.0010848810855379,0.0079912282298692,0.020886308,0.024696712697657778,5,2024
2026-06-30,0.0010848810855379,0.0010851047582413,0.0080012146086096,0.040260907,0.04754651173007582,5,2024
2026-07-01,0.0010851047582413,0.0010810109643041,0.0079577120483373,0.08593546,0.1020411127939648,5,2024
2026-07-02,0.0010810109643041,0.0010813850493764,0.007916853670035,0.22520548,0.2687926294477431,5,2024
2026-07-03,0.0010813850493764,0.0010859649568175,0.0079272172132855,0.11894413,0.1417794428911302,5,2024
2026-07-06,0.0010859649568175,0.0010780741085145,0.0066355002120129,-0.009075534,-0.012923778028390075,5,2024
2026-07-07,0.0010780741085145,0.0010793424759473,0.0064976760709463,0.025654817,0.037307992382078506,5,2024
2026-07-08,0.0010793424759473,0.0010699078046914,0.0062789039036526,-0.005582092,-0.008400481037180439,5,2024
2026-07-09,0.0010699078046914,0.0010787951759471,0.0065214820633362,-0.03943923,-0.05714432909892775,5,2024
2026-07-10,0.0010787951759471,0.001078899959291,0.0063717413309762,-0.007728259,-0.011460789203464588,5,2024
2026-07-13,0.001078899959291,0.0010746910263299,0.0060378151173879,-0.01907797,-0.029856806565079427,5,2024
2026-07-14,0.0010746910263299,0.0010810226616897,0.005383179651776,-0.06062477,-0.10641484915017865,5,2024
2026-07-15,0.0010810226616897,0.0010816891886538,0.0054263367498133,-0.100839324,-0.17559583089819633,5,2024
2026-07-16,0.0010816891886538,0.0010820988331904,0.0054592883602121,-0.047153287,-0.08161442569394067,5,2024
2026-07-17,0.0010820988331904,0.001070686760864,0.0044775802903485,-0.10472727,-0.2210076986490906,5,2024
2026-07-20,0.001070686760864,0.0010709160279996,0.0049349222980112,-0.024665546,-0.04722820100208364,5,2024
2026-07-21,0.0010709160279996,0.0010704689920401,0.004884204215358,-0.0687722,-0.1330485320756169,5,2024
2026-07-22,0.0010704689920401,0.0010684445556248,0.0046212486554411,-0.050430156,-0.10311503216611649,5,2024
2026-07-23,0.0010684445556248,0.0010616950858888,0.0045264387045802,-0.037839994,-0.07899242208085351,5,2024
2026-07-24,0.0010616950858888,0.001057093637695,0.0046823229196247,-0.09711577,-0.195983448765889,5,2024
2026-07-27,0.001057093637695,0.0010637845446727,0.0047294628391623,-0.034142137,-0.06821342664259025,5,2024
2026-07-28,0.0010637845446727,0.001070228381145,0.0050182507316101,-0.08933156,-0.16820680258906673,5,2024
2026-07-29,0.001070228381145,0.0010696217055387,0.0052548559933261,-0.17752388,-0.31921771045260017,5,2024
2026-07-30,0.0010696217055387,0.0010810226616897,0.0052042997226446,-0.07193407,-0.13060605880490428,5,2024
2026-07-31,0.0010810226616897,0.001083482297821,0.0057697304540274,-0.21996534,-0.36023818451844997,5,2024
2026-08-03,0.001083482297821,0.0010814786289486,0.0057103480767427,-0.092929944,-0.1537744234928649,5,2024
2026-08-04,0.0010814786289486,0.0010935415173676,0.0054751134055422,-0.0063410033,-0.01094349070185159,5,2024
2026-08-05,0.0010935415173676,0.0010946667600269,0.0059963761595998,-0.108953826,-0.17168984391274347,5,2024
2026-08-06,0.0010946667600269,0.0010924424770759,0.0055702343292846,-0.04329475,-0.07344340200682502,5,2024
2026-08-07,0.0010924424770759,0.0010958904109589,0.0053483653135679,-0.14427505,-0.2548949150032577,5,2024
2026-08-10,0.0010958904109589,0.0010929081308789,0.0053759217170737,-0.17670864,-0.3105959999053285,5,2024
2026-08-11,0.0010929081308789,0.0010946667600269,0.0053278706813426,-0.1339637,-0.23758799091802518,5,2024
2026-08-12,0.0010946667600269,0.001093984148848,0.0051995799368095,-0.11573243,-0.21031867379805913,5,2024
2026-08-13,0.001093984148848,0.0010940919037199,0.0052071041027338,-0.03782047,-0.06863120832028581,5,2024
2026-08-14,0.0010940919037199,0.0010951703282636,0.0052080088553141,-0.22123091,-0.40138864171916305,5,2024
2026-08-17,0.0010951703282636,0.0010931470873308,0.0044980783392046,-0.18427959,-0.3871160867283199,5,2024
2026-08-18,0.0010931470873308,0.0010834940487515,0.0045436303669033,-0.06963102,-0.14480740184459612,5,2024
2026-08-19,0.0010834940487515,0.0010855877688501,0.0050499549769623,-0.07734841,-0.14472877731199837,5,2024
2026-08-20,0.0010855877688501,0.0010842811528322,0.0050227237653344,-0.16295688,-0.30656630423082276,5,2024
2026-08-21,0.0010842811528322,0.0010856230876196,0.004763517728973,-0.0082682725,-0.01640128911845343,5,2024
2026-08-24,0.0010856230876196,0.0010962628370444,0.0045911302920847,-0.14113179,-0.2904666150128394,5,2024
2026-08-25,0.0010962628370444,0.0010955662199702,0.0048451618368822,-0.037293267,-0.07272992263157513,5,2024
2026-08-26,0.0010955662199702,0.0010878788884831,0.0047451626187485,-0.029419849,-0.05858417809315382,5,2024
2026-08-27,0.0010878788884831,0.0010838111334736,0.0050790064981404,-0.03656343,-0.06802353220113477,5,2024
2026-08-28,0.0010838111334736,0.0010735257694671,0.0046211299899929,0.010646086,0.021768715016760292,5,2024
2026-08-31,0.0010735257694671,0.0010706293894563,0.005065723322464,0.0045808866,0.008544744240054981,5,2024
2026-09-01,0.0010706293894563,0.0010687871236201,0.0050815494145557,-0.024232822,-0.04506079360510964,5,2024
2026-09-02,0.0010687871236201,0.0010665529287957,0.0042883947496978,-0.10908886,-0.24036800991177315,5,2024
2026-09-03,0.0010665529287957,0.0010722250646482,0.0042618511563651,-0.045214254,-0.10024623953243426,5,2024
2026-09-04,0.0010722250646482,0.0010746217359692,0.0045043864964603,-0.06973,-0.14627665522960384,5,2024
2026-09-07,0.0010746217359692,0.0010707899049294,0.0044650552349744,-0.06977503,-0.14766045960829716,5,2024
2026-09-08,0.0010707899049294,0.0010817476801087,0.0044864464084577,-0.08654744,-0.18228157166098863,5,2024
2026-09-09,0.0010817476801087,0.001079692068975,0.0051163533289228,-0.1347981,-0.2489512077264448,5,2024
2025-07-15,0.0010330792166959,0.0010342972696862,0.0103752241068805,0.46000686,0.4189458005478891,1,99
2025-07-16,0.0010342972696862,0.0010336665263334,0.0102125430556687,0.044737875,0.04139352983441205,1,99
2025-07-17,0.0010336665263334,0.0010368603736253,0.0101798419721349,0.30260158,0.28088021243083,1,99
2025-07-18,0.0010368603736253,0.0010380012090585,0.010195644442041,-0.05546609,-0.05140482136329751,1,99
2025-07-21,0.0010380012090585,0.0010486357302911,0.0101950399258468,0.11077246,0.1026677089429618,1,99
2025-07-22,0.0010486357302911,0.0010523768146177,0.0103349267207608,0.2626809,0.2401663067052087,1,99
2025-07-23,0.0010523768146177,0.0010547855648114,0.0098856370154179,0.26863694,0.25677460142777636,1,99
2025-07-24,0.0010547855648114,0.0010529086601737,0.0099069771213738,0.21032812,0.20060750793767115,1,99
2025-07-25,0.0010529086601737,0.0010673468223109,0.0097622966596328,0.15913366,0.154028483637312,1,99
2025-07-28,0.0010673468223109,0.0010432315165946,0.0098401061026245,-0.21513748,-0.20658906406272917,1,99
2025-07-29,0.0010432315165946,0.0010414063256789,0.0106844576126209,-0.11674545,-0.10324725117353013,1,99
2025-07-30,0.0010414063256789,0.0010189213774418,0.0106273087626153,0.09027383,0.08026561867223993,1,99
2025-07-31,0.0010189213774418,0.0010285949263977,0.0114778744857806,0.41725627,0.34350449610023215,1,99
2025-08-01,0.0010285949263977,0.001056062792421,0.0118061321131562,-0.33130875,-0.26516504812435426,1,99
2025-08-04,0.001056062792421,0.0010348966859303,0.0134358590735313,-0.13976833,-0.09829565919299191,1,99
2025-08-05,0.0010348966859303,0.0010348217780971,0.0139245899051566,0.06290561,0.04268722936425094,1,99
2025-08-06,0.0010348217780971,0.0010263252681857,0.0139247520082229,0.06980531,0.047368755437333585,1,99
2025-08-07,0.0010263252681857,0.0010311085266268,0.0139737109966559,0.3427842,0.23179284650603998,1,99
2025-08-08,0.0010311085266268,0.0010332926592074,0.0140372206500102,0.3731597,0.2511913166416989,1,99
2025-08-11,0.0010332926592074,0.001032321999277,0.0136996956724895,0.32718405,0.2256691678787712,1,99
2025-08-12,0.001032321999277,0.0010456423124675,0.0117279733505573,0.11508229,0.09272065882986193,1,99
2025-08-13,0.0010456423124675,0.001049736521515,0.0120752476352777,0.13934809,0.1090425465656464,1,99
2025-08-14,0.001049736521515,0.0010357220431539,0.0120947368685996,-0.034751236,-0.027149687389568872,1,99
2025-08-15,0.0010357220431539,0.0010377750366711,0.0124864902101161,0.40447575,0.30608574236309205,1,99
2025-08-18,0.0010377750366711,0.0010376780888736,0.0124923266520225,-0.063363366,-0.047927626391748794,1,99
2025-08-19,0.0010376780888736,0.0010383784918756,0.0122596936391838,0.16054328,0.12373812106022865,1,99
2025-08-20,0.0010383784918756,0.0010354432005306,0.0122259989837858,-0.22605892,-0.17471424297743393,1,99
2025-08-21,0.0010354432005306,0.0010304710360844,0.0122144243532942,0.015890475,0.012292915101611143,1,99
2025-08-22,0.0010304710360844,0.0010421877393329,0.0122443903733964,0.3172215,0.2448028367004433,1,99
2025-08-25,0.0010421877393329,0.0010393605800931,0.0121084213324472,-0.384258,-0.29986542244332953,1,99
2025-08-26,0.0010393605800931,0.0010351431216148,0.0109989218851824,0.033721466,0.028969922730269045,1,99
2025-08-27,0.0010351431216148,0.0010328764758789,0.0110284009295025,0.11343719,0.09719276623420699,1,99
2025-08-28,0.0010328764758789,0.0010332499766818,0.0098189461288071,0.15271826,0.1469660724671681,1,99
2025-08-29,0.0010332499766818,0.0010352395308843,0.0095996154256529,0.2627697,0.2586499828191152,1,99
2025-09-01,0.0010352395308843,0.0010341689183384,0.0074029168887196,0.39634976,0.5059023933979775,1,99
2025-09-02,0.0010341689183384,0.0010276013574072,0.0058590188170589,0.3217532,0.5189063708701825,1,99
2025-09-03,0.0010276013574072,0.0010331539376035,0.0060279587059093,0.22570226,0.35379904667555073,1,99
2025-09-04,0.0010331539376035,0.0010290818635124,0.0058566669610098,0.11740762,0.1894247714371724,1,99
2025-09-05,0.0010290818635124,0.0010344363638223,0.0058385817183217,-0.086593226,-0.14014176017314423,1,99
2025-09-08,0.0010344363638223,0.0010308853476674,0.0059395175720854,-0.16994046,-0.27035638060203654,1,99
2025-09-09,0.0010308853476674,0.0010344792097397,0.0059876415217971,-0.21252744,-0.3353900746585386,1,99
2025-09-10,0.0010344792097397,0.0010401605849481,0.0052478694709792,-0.24406569,-0.43945530207199296,1,99
2025-09-11,0.0010401605849481,0.0010500451223308,0.0053289168090619,-0.36529094,-0.6477254754268235,1,99
2025-09-12,0.0010500451223308,0.0010640642813286,0.0048293365439033,0.19009401,0.3719392051780068,1,99
2025-09-15,0.0010640642813286,0.0010514473091349,0.0055877875950711,-0.043208748,-0.07306725873758058,1,99
2025-09-16,0.0010514473091349,0.0010556763609681,0.0063167318844184,0.02426233,0.03629368355573261,1,99
2025-09-17,0.0010556763609681,0.0010508175198679,0.006361143875818,-0.14041062,-0.20857187287809814,1,99
2025-09-18,0.0010508175198679,0.0010470546379874,0.0064272161527856,-0.078671984,-0.115661340596627,1,99
2025-09-19,0.0010470546379874,0.0010471862079747,0.0063771361841159,-0.089491166,-0.13260059987315395,1,99
2025-09-22,0.0010471862079747,0.0010462549545287,0.0058780468285471,-0.2568605,-0.4129098834615489,1,99
2025-09-23,0.0010462549545287,0.0010547521560971,0.0058437960456638,-0.18931192,-0.30610745994061117,1,99
2025-09-24,0.0010547521560971,0.0010504091235828,0.0059926340328929,-0.26383543,-0.4160124851751449,1,99
2025-09-25,0.0010504091235828,0.0010426115280609,0.0060610197164845,0.15179811,0.23665281525438903,1,99
2025-09-26,0.0010426115280609,0.0010421986116062,0.0063389753562969,0.32688925,0.48727325266450733,1,99
2025-09-29,0.0010421986116062,0.001036333862696,0.0063318293722169,0.18516335,0.27632286932642863,1,99
2025-09-30,0.001036333862696,0.0010403012606795,0.0064667151240447,0.22910158,0.3347614092677682,1,99
2025-10-01,0.0010403012606795,0.0010421551901637,0.0063297016335028,0.25565735,0.3816506879877475,1,99
2025-10-02,0.0010421551901637,0.0010400740849646,0.0062371914848019,0.2992823,0.4534015250094845,1,99
2025-10-03,0.0010400740849646,0.0010555915458611,0.0061800452083701,0.25193942,0.3852081467028701,1,99
2025-10-07,0.0010401173331579,0.0010426332905224,0.0076982013952328,0.0071720965,0.008803347504918922,2,99
2025-10-08,0.0010426332905224,0.0010521110932733,0.0076797808765722,-0.028600326,-0.03518950436311873,2,99
2025-10-09,0.0010521110932733,0.001052122106014,0.0078440367386742,-0.21344204,-0.25711732895065376,2,99
2025-10-10,0.001052122106014,0.0010559327255361,0.007560022502344,-0.06801558,-0.08501123949025673,2,99
2025-10-13,0.0010559327255361,0.0010454236712785,0.0069598460563538,-0.3352501,-0.45515603198933763,2,99
2025-10-14,0.0010454236712785,0.0010407451999883,0.0068032680745564,0.088816814,0.1233583692956112,2,99
2025-10-15,0.0010407451999883,0.0010426224091781,0.0067858765601946,-0.14157449,-0.19713786349954135,2,99
2025-10-16,0.0010426224091781,0.0010471533458415,0.0067432644622304,-0.23664986,-0.33160956565724187,2,99
2025-10-17,0.0010471533458415,0.0010409618222931,0.006778292326276,-0.1608679,-0.22425395220138253,2,99
2025-10-20,0.0010409618222931,0.0010520225267919,0.0069066534148497,0.05293333,0.0724190068709489,2,99
2025-10-21,0.0010520225267919,0.0010515799854496,0.0073180464416293,0.039469693,0.05096354249911194,2,99
2025-10-22,0.0010515799854496,0.0010529086601737,0.0070834465933902,-0.28132567,-0.3752802757771873,2,99
2025-10-23,0.0010529086601737,0.0010560331144758,0.0070265290630199,-0.25941414,-0.3488540656319729,2,99
2025-10-24,0.0010560331144758,0.0010741670943491,0.0068188335236646,0.25645703,0.3553820684626288,2,99
2025-10-27,0.0010741670943491,0.0010639429450205,0.0077313470488472,-0.22691764,-0.27733461400997794,2,99
2025-10-28,0.0010639429450205,0.0010614584714091,0.0079683532909591,0.020166427,0.02391395333193117,2,99
2025-10-29,0.0010614584714091,0.001063252904931,0.007985383884065,0.09143464,0.10819470103431321,2,99
2025-10-30,0.001063252904931,0.0010615485650693,0.0079849437862448,-0.024602335,-0.029113570008783406,2,99
2025-10-31,0.0010615485650693,0.0010766696001707,0.007977620931039,-0.21216732,-0.25130208886939465,2,99
2025-11-03,0.0010766696001707,0.0010654960084219,0.007918248439241,-0.32279363,-0.3852005019158092,2,99
2025-11-04,0.0010654960084219,0.0010566468205726,0.0075131624322125,-0.13485575,-0.16960462936210866,2,99
2025-11-05,0.0010566468205726,0.0010599733078743,0.007801370693525,-0.082902916,-0.10041299144872164,2,99
2025-11-06,0.0010599733078743,0.0010615711252653,0.0075759290461642,-0.13160987,-0.1641510121815918,2,99
2025-11-07,0.0010615711252653,0.0010752738276289,0.0075795520450992,-0.16829914,-0.20981152899483263,2,99
2025-11-10,0.0010752738276289,0.0010667349349245,0.0080475100757059,-0.28532046,-0.3350135759341208,2,99
2025-11-11,0.0010667349349245,0.0010687985579569,0.007914402535057,0.050883982,0.06075107582141334,2,99
2025-11-12,0.0010687985579569,0.0010758240586408,0.0078093211712836,0.19340064,0.23401064829242577,2,99
2025-11-13,0.0010758240586408,0.0010759861356454,0.0078961724413671,0.060269076,0.07212219508300645,2,99
2025-11-14,0.0010759861356454,0.0010890194285346,0.0078743608255268,0.1589537,0.19074199885453963,2,99
2025-11-17,0.0010890194285346,0.0010829894898989,0.0080228080162131,-0.20177658,-0.2376486543668466,2,99
2025-11-18,0.0010829894898989,0.0010730764822425,0.0079532407259698,-0.28925347,-0.3436572205954924,2,99
2025-11-19,0.0010730764822425,0.0010730189247294,0.0082965236350352,-0.14997968,-0.17081550434622922,2,99
2025-11-20,0.0010730189247294,0.0010750953864995,0.0082996491608771,-0.09727229,-0.11074405575936976,2,99
2025-11-21,0.0010750953864995,0.0010654506240306,0.0082896654414487,-0.023579547,-0.026877536319037557,2,99
2025-11-24,0.0010654506240306,0.0010631059538475,0.0076421900852244,0.030630153,0.03787235602173578,2,99
2025-11-25,0.0010631059538475,0.0010695644482104,0.0073496647245227,-0.038123347,-0.0490133622303529,2,99
2025-11-26,0.0010695644482104,0.0010802635700693,0.0074505012102273,-0.069121175,-0.08766306108117586,2,99
2025-11-27,0.0010802635700693,0.0010788883077981,0.0077500666719677,0.11954835,0.14575690821283774,2,99
2025-11-28,0.0010788883077981,0.0010780857424279,0.0077450377495881,0.21317182,0.2600742070695958,2,99
2025-12-01,0.0010780857424279,0.0010760787831009,0.0070832352737206,-0.019260371,-0.025693542454818887,2,99
2025-12-02,0.0010760787831009,0.0010828839107337,0.0066614246264272,-0.04259609,-0.060421797032064614,2,99
2025-12-03,0.0010828839107337,0.001088790883237,0.006440452365981,-0.04682464,-0.06869878925849265,2,99
2025-12-04,0.001088790883237,0.0010902391126475,0.0064966632002248,-0.10484019,-0.15248547370261759,2,99
2025-12-05,0.0010902391126475,0.001085328523194,0.0064965470524936,-0.02604869,-0.03788735786630476,2,99
2025-12-08,0.001085328523194,0.0010837876181101,0.0060217093824209,-0.018290559,-0.028701076004705416,2,99
2025-12-09,0.0010837876181101,0.0010802869327545,0.0057085646528065,-0.08422196,-0.1394085583467038,2,99
2025-12-10,0.0010802869327545,0.0010830363808075,0.0057708843759892,-0.0145495245,-0.023823053487289934,2,99
2025-12-11,0.0010830363808075,0.00109439124487,0.005618474298842,-0.28382492,-0.4773348276304612,2,99
2025-12-12,0.00109439124487,0.0010992030777686,0.0060540672790533,-0.17678724,-0.2759273127592004,2,99
2025-12-15,0.0010992030777686,0.0010942954174175,0.0055284789858144,-0.25460792,-0.43516828441065136,2,99
2025-12-16,0.0010942954174175,0.0010947626525302,0.0054716989255972,-0.29279274,-0.5056256571598204,2,99
2025-12-17,0.0010947626525302,0.0010900133184671,0.0049728317010441,-0.065556526,-0.12456704901638171,2,99
2025-12-18,0.0010900133184671,0.0010981287708799,0.005111498341759,0.1270526,0.23486936459118837,2,99
2025-12-19,0.0010981287708799,0.0010987320455152,0.0053191981244264,-0.30881593,-0.5485857542354051,2,99
2025-12-22,0.0010987320455152,0.0010996866188462,0.00476743003973,-0.11858178,-0.2350307351303047,2,99
2025-12-23,0.0010996866188462,0.0011021469734246,0.0046894102254871,-0.041380044,-0.083380354552794,2,99
2025-12-24,0.0011021469734246,0.0011063783006153,0.0045787295245333,-0.11205769,-0.23125317615332655,2,99
2025-12-26,0.0011063783006153,0.0011044841760934,0.0041703012904675,-0.1198399,-0.2715345008887228,2,99
2025-12-29,0.0011044841760934,0.0010937927262783,0.0041851264588453,-0.23361906,-0.5274613999898372,2,99
2025-12-31,0.0011111851871093,0.0011115557153055,0.0058409659319591,-0.17758408,-0.2872832955298866,3,99
2026-01-02,0.0011115557153055,0.001103679670987,0.0057398693962797,-0.24413998,-0.4019091795749156,3,99
2026-01-05,0.001103679670987,0.0011067823383911,0.0059465539169918,0.069227375,0.11000274523011642,3,99
2026-01-06,0.0011067823383911,0.0011192818779287,0.0059642166338857,0.11037237,0.17486302386329938,3,99
2026-01-07,0.0011192818779287,0.0011175181820085,0.0062639322872898,-0.19287658,-0.29095339978983653,3,99
2026-01-08,0.0011175181820085,0.0011154614227634,0.0062679148935032,-0.12875102,-0.19409689661800522,3,99
2026-01-09,0.0011154614227634,0.001117780528869,0.0062196981976883,-0.08517947,-0.12940666489920336,3,99
2026-01-12,0.001117780528869,0.001131644187694,0.0062168687608034,-0.1604178,-0.24382142162148837,3,99
2026-01-13,0.001131644187694,0.0011292417297551,0.0063715463994237,-0.13728787,-0.20360025682255464,3,99
2026-01-14,0.0011292417297551,0.0011346358607674,0.0063919498636048,-0.14916404,-0.22050668563103426,3,99
2026-01-15,0.0011346358607674,0.0011331316233632,0.0062819201003446,-0.11528638,-0.17341098367634977,3,99
2026-01-16,0.0011331316233632,0.0011284261808924,0.006314393449983,-0.158277,-0.23685208221271145,3,99
2026-01-19,0.0011284261808924,0.0011270272681578,0.0063050921367872,-0.14976549,-0.22444572042851949,3,99
2026-01-20,0.0011270272681578,0.0011304416822771,0.0061903344128405,-0.16224389,-0.24765393649290685,3,99
2026-01-21,0.0011304416822771,0.0011437067855235,0.0061993038969895,-0.19378808,-0.29537595332925903,3,99
2026-01-22,0.0011437067855235,0.0011477761836441,0.00660537925451,-0.18899502,-0.2703607302828997,3,99
2026-01-23,0.0011477761836441,0.0011493724716734,0.0066147945770402,-0.18346414,-0.2620751512522016,3,99
2026-01-26,0.0011493724716734,0.0011566175516007,0.0066022784547232,-0.15291628,-0.21885219008630874,3,99
2026-01-27,0.0011566175516007,0.0011631288165164,0.0066136792025568,-0.09175305,-0.13108964868254083,3,99
2026-01-28,0.0011631288165164,0.0011595009475084,0.0060063497228358,-0.18179247,-0.28599357857438124,3,99
2026-01-29,0.0011595009475084,0.0011639275935306,0.0053539437678069,-0.035067394,-0.06189003150708906,3,99
2026-01-30,0.0011639275935306,0.0011548277672077,0.0053490492413519,-0.10275683,-0.18152025507587216,3,99
2026-02-02,0.0011548277672077,0.0011559223878263,0.0054194921462621,-0.04664135,-0.08132115253145267,3,99
2026-02-03,0.0011559223878263,0.0011627366466076,0.0054256520907437,-0.06697051,-0.11663332791289176,3,99
2026-02-04,0.0011627366466076,0.0011652159429476,0.0050760785775837,-0.05634327,-0.10488290536868018,3,99
2026-02-05,0.0011652159429476,0.0011544544332593,0.0050095082471052,-0.11269886,-0.21257658089278678,3,99
2026-02-06,0.0011544544332593,0.0011622636048473,0.0055621955356485,-0.16860831,-0.28643344442294133,3,99
2026-02-09,0.0011622636048473,0.0011731994388921,0.0056747007070978,-0.07751489,-0.12907233474141647,3,99
2026-02-10,0.0011731994388921,0.0011693718501847,0.0054227671115099,0.038151685,0.06647889018206067,3,99
2026-02-11,0.0011693718501847,0.0011707682380523,0.0054721267462411,-0.15035887,-0.25963540233527904,3,99
2026-02-12,0.0011707682380523,0.0011673924155688,0.0054264944154149,0.15681465,0.2730601184413453,3,99
2026-02-13,0.0011673924155688,0.0011595546981569,0.0054812588836392,-0.0414191,-0.07140216242240582,3,99
2026-02-16,0.0011595546981569,0.0011596622964866,0.005648678301715,-0.11387621,-0.1904921858441499,3,99
2026-02-17,0.0011596622964866,0.0011551079261667,0.0056241801200006,-0.13220784,-0.22212068088990763,3,99
2026-02-18,0.0011551079261667,0.0011606448181041,0.0057343670805987,-0.13843147,-0.22810791293825036,3,99
2026-02-19,0.0011606448181041,0.0011560426087501,0.0052517414082193,-0.19237179,-0.3461218753259492,3,99
2026-02-20,0.0011560426087501,0.0011542012601815,0.0053085666865755,-0.16474693,-0.2932452834793028,3,99
2026-02-23,0.0011542012601815,0.0011618990439933,0.0053199841537365,0.19325523,0.34325108067798976,3,99
2026-02-25,0.0011618990439933,0.0011675013902558,0.0053424009338885,0.14912531,0.2637581354893308,3,99
2026-02-26,0.0011675013902558,0.0011558422272537,0.0053026322763705,-0.17215155,-0.3067682776285935,3,99
2026-02-27,0.0011558422272537,0.001145265507761,0.0057373185157382,0.12990907,0.21395453477889587,3,99
2026-03-02,0.001145265507761,0.0011329518748541,0.0059949262153915,0.21095744,0.3325079390274363,3,99
2026-03-03,0.0011329518748541,0.0011112099064254,0.0062106415573903,0.18528856,0.281905251878267,3,99
2026-03-04,0.0011112099064254,0.0011180929745081,0.0074265476724471,-0.06992021,-0.08896245828610906,3,99
2026-03-05,0.0011180929745081,0.0011041549558557,0.0074433679461118,-0.04498922,-0.05711234469778559,3,99
2026-03-06,0.0011041549558557,0.0010978273819215,0.0077366948271327,-0.04386682,-0.05357617589654415,3,99
2026-03-09,0.0010978273819215,0.0010931112043831,0.0076178307177285,-0.06543289,-0.08116256991125242,3,99
2026-03-10,0.0010931112043831,0.0011252517719933,0.0073054403671493,-0.05263923,-0.06808542392973946,3,99
2026-03-11,0.0011252517719933,0.0011149017741187,0.0099132236535232,0.006163273,0.005874724444002631,3,99
2026-03-12,0.0011149017741187,0.0010920607040178,0.0100398414450679,-0.14101928,-0.13272191813388431,3,99
2026-03-13,0.0010920607040178,0.0010908574969521,0.0107943248235966,0.02405377,0.021056134728746866,3,99
2026-03-16,0.0010908574969521,0.0010996019647599,0.0108068524833614,-0.08884905,-0.07768632542252867,3,99
2026-03-17,0.0010996019647599,0.0011026452785966,0.0110651744353027,-0.06993871,-0.05972420161859776,3,99
2026-03-18,0.0011026452785966,0.0010927409162243,0.0111160788849193,-0.1980229,-0.1683273962734048,3,99
2026-03-19,0.0010927409162243,0.0010959024325769,0.01120798611117,-0.10461386,-0.08819676251437342,3,99
2026-03-20,0.0010959024325769,0.001078109011008,0.0111486458113727,-0.122192115,-0.10356477351058438,3,99
2026-03-23,0.001078109011008,0.0010980805640209,0.0115505634023041,-0.008420737,-0.006888710972348108,3,99
2026-03-24,0.0010980805640209,0.0010900846079707,0.0125417182371407,-0.18383045,-0.1385005259848612,3,99
2026-03-25,0.0010900846079707,0.0010908813201155,0.0123938161500129,-0.012287818,-0.009368298306441898,3,99
2026-03-27,0.0010775397867294,0.0010837524186649,0.0123631367737504,0.19348589,0.14788074033906834,4,99
2026-03-30,0.0010837524186649,0.001075014546553,0.0124526298331172,0.14946258,0.11341288393975171,4,99
2026-03-31,0.001075014546553,0.0010797853557538,0.0123748220521112,0.2438285,0.1861815017337467,4,99
2026-04-01,0.0010797853557538,0.0010959384257055,0.0118106764503514,0.19702478,0.15762934380013796,4,99
2026-04-02,0.0010959384257055,0.0010911074740861,0.0122556601142186,-0.07837823,-0.06042960392571631,4,99
2026-04-03,0.0010911074740861,0.0010877013664912,0.0119845160209982,-0.031332284,-0.02470373273385001,4,99
2026-04-06,0.0010877013664912,0.0010917388473252,0.0119394548686496,0.058329895,0.04616339312956622,4,99
2026-04-07,0.0010917388473252,0.0010911550706243,0.0119381488332257,0.03295547,0.026084442128371313,4,99
2026-04-08,0.0010911550706243,0.0011145414461937,0.0097902194904149,-0.2330105,-0.2248920240689712,4,99
2026-04-09,0.0011145414461937,0.0011215540313994,0.0108403999349031,0.033044886,0.028803810683525007,4,99
2026-04-10,0.0011215540313994,0.0011180179746774,0.0097552292369008,-0.19175883,-0.18574147467901642,4,99
2026-04-13,0.0011180179746774,0.001117455758396,0.0097929837784812,-0.021831239,-0.021064654928580326,4,99
2026-04-14,0.001117455758396,0.0011283752773417,0.0096679752062222,-0.15883067,-0.15523507741884462,4,99
2026-04-15,0.0011283752773417,0.0011300073294603,0.0098654525048614,-0.22607218,-0.21653152457827796,4,99
2026-04-16,0.0011300073294603,0.0011285153314566,0.0095704181254419,-0.28847668,-0.28482021580771655,4,99
2026-04-17,0.0011285153314566,0.0011231916521851,0.0095886364852033,-0.27495968,-0.27095875287331794,4,99
2026-04-20,0.0011231916521851,0.0011347904419393,0.0087671068221079,-0.23487787,-0.253149355519791,4,99
2026-04-21,0.0011347904419393,0.0011211516439029,0.0081397651534792,-0.265712,-0.308453903475431,4,99
2026-04-22,0.0011211516439029,0.0011239364997829,0.0084798177574697,-0.17139588,-0.1909874666846326,4,99
2026-04-23,0.0011239364997829,0.0011179805166784,0.0084815221722745,-0.04862394,-0.05417106550208675,4,99
2026-04-24,0.0011179805166784,0.0011159344459348,0.0080140607505508,-0.02205383,-0.0260029378457008,4,99
2026-04-27,0.0011159344459348,0.001119144106129,0.0079988145398594,-0.042520937,-0.050230581074493574,4,99
2026-04-28,0.001119144106129,0.001122183326016,0.0076785663253018,-0.17719218,-0.218049666963586,4,99
2026-04-29,0.001122183326016,0.0011056199015901,0.0076597058774494,0.024655024,0.03041475656472457,4,99
2026-04-30,0.0011056199015901,0.0011105312031884,0.0078996388132854,0.05923584,0.07085464275505049,4,99
2026-05-01,0.0011105312031884,0.0011120378092855,0.0078609958118007,-0.046834663,-0.0562964260834686,4,99
2026-05-04,0.0011120378092855,0.0010968280087457,0.0078043801653295,-0.033879273,-0.04101915087199436,4,99
2026-05-05,0.0010968280087457,0.0011051921839761,0.0084498331002461,-0.0687377,-0.07686663572710115,4,99
2026-05-06,0.0011051921839761,0.001115921980816,0.008605175919706,0.25337565,0.2782249956934243,4,99
2026-05-07,0.001115921980816,0.0011230024963226,0.0074645456642553,0.41118985,0.5205111240226078,4,99
2026-05-08,0.0011230024963226,0.0011208500618814,0.007466864728016,0.060354453,0.07637689878607884,4,99
2026-05-11,0.0011208500618814,0.0011145538804896,0.0074438232302399,0.15647605,0.19862908774668617,4,99
2026-05-12,0.0011145538804896,0.0010953382140866,0.0075542287704477,0.15708457,0.19648726258760976,4,99
2026-05-13,0.0010953382140866,0.0011278789171316,0.0081056626431728,0.28519753,0.33246677339893177,4,99
2026-05-14,0.0011278789171316,0.0011181930153749,0.0106308377345395,-0.22561972,-0.2005397927815942,4,99
2026-05-15,0.0011181930153749,0.0011139206908048,0.0107993104460822,-0.012935304,-0.011318050331389152,4,99
2026-05-18,0.0011139206908048,0.0011104941699056,0.0107824382035235,-0.28683686,-0.25136742104853244,4,99
2026-05-19,0.0011104941699056,0.0011049357122181,0.0104954016730229,0.13759041,0.12387398679120344,4,99
2026-05-20,0.0011049357122181,0.0011139206908048,0.0102204557330624,-0.08590945,-0.07942581568392044,4,99
2026-05-21,0.0011139206908048,0.001113164247507,0.0103891119403944,0.16926216,0.15394743475989583,4,99
2026-05-22,0.001113164247507,0.0011152872361556,0.010326368542208,0.14040115,0.12847365234592154,4,99
2026-05-25,0.0011152872361556,0.0011151877145301,0.0103294004546029,-0.06673423,-0.06104703354186368,4,99
2026-05-26,0.0011151877145301,0.0011187809548574,0.0103068260777756,0.31507334,0.2888535570344197,4,99
2026-05-27,0.0011187809548574,0.0011185306614213,0.0103148905361131,0.27778685,0.25447085539294223,4,99
2026-05-28,0.0011185306614213,0.0011223722828849,0.0097175828560068,-0.1222993,-0.11892050076239881,4,99
2026-05-29,0.0011223722828849,0.0011241007502741,0.0096992190643533,0.25718033,0.25054859684504527,4,99
2026-06-01,0.0011241007502741,0.0011211516439029,0.0097001255226434,-0.21678811,-0.21117822230715436,4,99
2026-06-02,0.0011211516439029,0.0011238480711607,0.0091385814221723,0.06654486,0.06880606520522595,4,99
2026-06-03,0.0011238480711607,0.0011173683465724,0.0090171261421727,0.41944885,0.4395435024401013,4,99
2026-06-04,0.0011173683465724,0.0011165324905911,0.0088819034184752,0.171551,0.18250645065357102,4,99
2026-06-05,0.0011165324905911,0.0010937807509007,0.0087594930002971,0.19608012,0.2115171493416319,4,99
2026-06-08,0.0010937807509007,0.0010835175513773,0.0098670135996382,0.13228986,0.12668693590200214,4,99
2026-06-09,0.0010835175513773,0.001091190825259,0.0099919731864604,0.18633883,0.1762150929933002,4,99
2026-06-10,0.001091190825259,0.0010926812299253,0.0094129301767103,0.1410839,0.1416261978501331,4,99
2026-06-11,0.0010926812299253,0.0011037283707233,0.0064019920655564,-0.12653492,-0.1867610321271267,4,99
2026-06-12,0.0011037283707233,0.0011122109822959,0.0066779681363526,-0.1955821,-0.2767424471803059,4,99
2026-06-15,0.0011122109822959,0.0011236334178893,0.0068810531261362,0.1756345,0.24118257810833968,4,99
2026-06-16,0.0011236334178893,0.0011296116270571,0.007210146232362,0.18894884,0.24762310365879844,4,99
2026-06-17,0.0011296116270571,0.0011282225165504,0.0071570417536358,-0.070907556,-0.09361597869135818,4,99
2026-06-19,0.001110888942363,0.0011096192625677,0.0078559550616716,0.21312837,0.25634997412598426,5,99
2026-06-22,0.0011096192625677,0.0011038136613783,0.0078445199642463,-0.27413642,-0.3302108833892457,5,99
2026-06-23,0.0011038136613783,0.0010947267365891,0.0079231408223711,-0.14438598,-0.17219424867575311,5,99
2026-06-24,0.0010947267365891,0.0010890636578447,0.0080536553356073,-0.07139802,-0.08376915139627172,5,99
2026-06-25,0.0010890636578447,0.0010871573893226,0.0081019735803832,-0.012979814,-0.015138004685224273,5,99
2026-06-26,0.0010871573893226,0.0010846104736406,0.0080241032106573,0.041132677,0.04843747189947367,5,99
2026-06-29,0.0010846104736406,0.0010848810855379,0.0079912282298692,-0.075007185,-0.08869115902073821,5,99
2026-06-30,0.0010848810855379,0.0010851047582413,0.0080012146086096,-0.13925876,-0.16445898585554342,5,99
2026-07-01,0.0010851047582413,0.0010810109643041,0.0079577120483373,0.1811021,0.21504347608159333,5,99
2026-07-02,0.0010810109643041,0.0010813850493764,0.007916853670035,0.15086327,0.18006193640813623,5,99
2026-07-03,0.0010813850493764,0.0010859649568175,0.0079272172132855,-0.026336962,-0.03139322581359267,5,99
2026-07-06,0.0010859649568175,0.0010780741085145,0.0066355002120129,-0.24990618,-0.35587241154651034,5,99
2026-07-07,0.0010780741085145,0.0010793424759473,0.0064976760709463,0.14754856,0.21456946868980536,5,99
2026-07-08,0.0010793424759473,0.0010699078046914,0.0062789039036526,-0.16890694,-0.25418777776091506,5,99
2026-07-09,0.0010699078046914,0.0010787951759471,0.0065214820633362,-0.1795257,-0.26011856236905306,5,99
2026-07-10,0.0010787951759471,0.001078899959291,0.0063717413309762,0.19103886,0.2833052330411524,5,99
2026-07-13,0.001078899959291,0.0010746910263299,0.0060378151173879,0.08628081,0.13502848259754247,5,99
2026-07-14,0.0010746910263299,0.0010810226616897,0.005383179651776,-0.016318519,-0.028643947176434946,5,99
2026-07-15,0.0010810226616897,0.0010816891886538,0.0054263367498133,0.0379906,0.06615465440194032,5,99
2026-07-16,0.0010816891886538,0.0010820988331904,0.0054592883602121,-0.0068621007,-0.011877145297645941,5,99
2026-07-17,0.0010820988331904,0.001070686760864,0.0044775802903485,-0.0333658,-0.07041240357299644,5,99
2026-07-20,0.001070686760864,0.0010709160279996,0.0049349222980112,-0.097821884,-0.1873038541718562,5,99
2026-07-21,0.0010709160279996,0.0010704689920401,0.004884204215358,0.056466345,0.10924130472897263,5,99
2026-07-22,0.0010704689920401,0.0010684445556248,0.0046212486554411,0.12979515,0.26539339655174293,5,99
2026-07-23,0.0010684445556248,0.0010616950858888,0.0045264387045802,0.044080187,0.09201906163139009,5,99
2026-07-24,0.0010616950858888,0.001057093637695,0.0046823229196247,-0.114775516,-0.2316215210649146,5,99
2026-07-27,0.001057093637695,0.0010637845446727,0.0047294628391623,0.02911955,0.0581786779544775,5,99
2026-07-28,0.0010637845446727,0.001070228381145,0.0050182507316101,-0.08953415,-0.1685882762672822,5,99
2026-07-29,0.001070228381145,0.0010696217055387,0.0052548559933261,-0.26022613,-0.4679301982638167,5,99
2026-07-30,0.0010696217055387,0.0010810226616897,0.0052042997226446,-0.15177827,-0.275574035573852,5,99
2026-07-31,0.0010810226616897,0.001083482297821,0.0057697304540274,0.09529343,0.1560624591217741,5,99
2026-08-03,0.001083482297821,0.0010814786289486,0.0057103480767427,-0.030551728,-0.05055501113676216,5,99
2026-08-04,0.0010814786289486,0.0010935415173676,0.0054751134055422,0.1188119,0.20504907388257496,5,99
2026-08-05,0.0010935415173676,0.0010946667600269,0.0059963761595998,-0.07968042,-0.12556071230696292,5,99
2026-08-06,0.0010946667600269,0.0010924424770759,0.0055702343292846,-0.07622483,-0.1293046016078807,5,99
2026-08-07,0.0010924424770759,0.0010958904109589,0.0053483653135679,-0.18357843,-0.3243333513295016,5,99
2026-08-10,0.0010958904109589,0.0010929081308789,0.0053759217170737,-0.124054946,-0.21804801900698997,5,99
2026-08-11,0.0010929081308789,0.0010946667600269,0.0053278706813426,-0.0515851,-0.09148747079066331,5,99
2026-08-12,0.0010946667600269,0.001093984148848,0.0051995799368095,-0.107346244,-0.19507859245947748,5,99
2026-08-13,0.001093984148848,0.0010940919037199,0.0052071041027338,-0.12585172,-0.2283778183582138,5,99
2026-08-14,0.0010940919037199,0.0010951703282636,0.0052080088553141,-0.1399356,-0.2538911073176766,5,99
2026-08-17,0.0010951703282636,0.0010931470873308,0.0044980783392046,-0.10555823,-0.22174615579778728,5,99
2026-08-18,0.0010931470873308,0.0010834940487515,0.0045436303669033,-0.043106455,-0.08964587953306125,5,99
2026-08-19,0.0010834940487515,0.0010855877688501,0.0050499549769623,-0.063131556,-0.11812722014264179,5,99
2026-08-20,0.0010855877688501,0.0010842811528322,0.0050227237653344,-0.18039669,-0.33937533813685694,5,99
2026-08-21,0.0010842811528322,0.0010856230876196,0.004763517728973,-0.14436999,-0.28637833377341226,5,99
2026-08-24,0.0010856230876196,0.0010962628370444,0.0045911302920847,-0.17337008,-0.3568169874005771,5,99
2026-08-25,0.0010962628370444,0.0010955662199702,0.0048451618368822,-0.102927975,-0.2007317801892669,5,99
2026-08-26,0.0010955662199702,0.0010878788884831,0.0047451626187485,0.26502022,0.5277386685565834,5,99
2026-08-27,0.0010878788884831,0.0010838111334736,0.0050790064981404,0.1526491,0.2839922545489141,5,99
2026-08-28,0.0010838111334736,0.0010735257694671,0.0046211299899929,0.10192328,0.20840887710834835,5,99
2026-08-31,0.0010735257694671,0.0010706293894563,0.005065723322464,-0.13342287,-0.2488741637484651,5,99
2026-09-01,0.0010706293894563,0.0010687871236201,0.0050815494145557,-0.11549403,-0.21476048762042005,5,99
2026-09-02,0.0010687871236201,0.0010665529287957,0.0042883947496978,-0.15752189,-0.3470860647501948,5,99
2026-09-03,0.0010665529287957,0.0010722250646482,0.0042618511563651,-0.13792588,-0.3058007006920542,5,99
2026-09-04,0.0010722250646482,0.0010746217359692,0.0045043864964603,-0.10561585,-0.22155648016338855,5,99
2026-09-07,0.0010746217359692,0.0010707899049294,0.0044650552349744,-0.004512354,-0.00954920742141291,5,99
2026-09-08,0.0010707899049294,0.0010817476801087,0.0044864464084577,-0.1048589,-0.22084816864000092,5,99
2026-09-09,0.0010817476801087,0.001079692068975,0.0051163533289228,0.054547776,0.10074129847231245,5,99
