ds,y,y_next,nhits_h1,nhits_h2,vol_garch,macd,rsi,precio_min_ventana,precio_max_ventana,copper_ret_1d,copper_mom_5d,dias_desde_refit
2020-12-11,0.7849786120996974,0.7842767828919635,0.78252906,0.7831054,0.0040421375725827316,0.0011321092027688313,84.3026351398094,0.747171965802526,0.7849786120996974,-0.013108925112561077,0.002845757153371549,1
2020-12-14,0.7842767828919635,0.7836806686026823,0.7831054,0.7831081,0.003959739527894527,0.0010609428514959905,82.10975013795864,0.747171965802526,0.7849786120996974,-0.0005676568532849705,0.0038477910283128596,2
2020-12-15,0.7836806686026823,0.7874263472270343,0.7831081,0.78286713,0.0038790701184832676,0.0008809519707486634,77.11680077556741,0.747171965802526,0.7849786120996974,0.004532594732826386,0.012593059330743893,3
2020-12-16,0.7874263472270343,0.7844982852735151,0.78286713,0.78219754,0.003939603801951987,0.0009172626153863351,80.86752410732618,0.747171965802526,0.7874263472270343,0.004512075897879891,0.013112886307093197,4
2020-12-17,0.7844982852735151,0.7854842396257441,0.78219754,0.78186196,0.0039390098358054295,0.0006592502420375516,76.14177764635949,0.747171965802526,0.7874263472270343,0.012026430542292521,0.00742192617644431,5
2020-12-18,0.7854842396257441,0.7806035746223587,0.785768,0.7853909,0.0038662339389558065,0.0004785681500782471,75.15592736480437,0.747171965802526,0.7874263472270343,0.008719203163225152,0.029653818787127317,1
2020-12-21,0.7806035746223587,0.7780163430948078,0.7853909,0.78548324,0.004018245408761151,-1.9657861220196034e-05,65.75955432670784,0.747171965802526,0.7874263472270343,-0.015413769301266707,0.014480374434948994,2
2020-12-22,0.7780163430948078,0.7755966243096599,0.78548324,0.78502494,0.003996229661616529,-0.0005443900477298015,57.13192291225159,0.747171965802526,0.7874263472270343,-0.015512951902100029,-0.005652973075548363,3
2020-12-23,0.7755966243096599,0.7784827665056917,0.78502494,0.7853416,0.003967536839484968,-0.0010462974161386893,52.04253740922956,0.7480606719912337,0.7874263472270343,0.00961822368998747,-0.0005627054297451403,4
2020-12-24,0.7784827665056917,0.778319165852265,0.7853416,0.7852225,0.003968807772366651,-0.0011665954413219229,51.65833301899506,0.7480606719912337,0.7874263472270343,0.002249690773362123,-0.010286333630522511,5
2020-12-25,0.778319165852265,0.7788404715524253,0.7806508,0.78091663,0.003884961401151148,-0.0012333704588178007,43.000202172995394,0.7480606719912337,0.7874263472270343,0.0,-0.01887833602031982,1
2020-12-28,0.7788404715524253,0.7788161756602676,0.78091663,0.78133154,0.003807154891082484,-0.0012165776110700799,46.05548620043913,0.7480606719912337,0.7874263472270343,0.0028050483012747717,-0.0008396364453597725,2
2020-12-29,0.7788161756602676,0.7799034525705151,0.78133154,0.7811311,0.0037288249547009484,-0.0011803325457269585,47.43150984482016,0.7480606719912337,0.7874263472270343,-0.004773267568748166,0.009948859280917885,3
2020-12-30,0.7799034525705151,0.7842706970097967,0.7811311,0.7808691,0.0036666800314452347,-0.001060167037423412,50.24326849312043,0.7480606719912337,0.7874263472270343,-0.0028184884850533864,-0.002533801471429239,4
2020-12-31,0.7842706970097967,0.8097231551778709,0.7808691,0.78050655,0.003797007354794665,-0.0006819648955620149,48.731113001639784,0.7480606719912337,0.7874263472270343,-0.00821884864248363,-0.012921349593837747,5
2021-01-01,0.8097231551778709,0.7860337510873007,0.7815219,0.7803522,0.007811895908915009,0.0011853070451993287,74.16754725065681,0.7480606719912337,0.8097231551778709,0.0,-0.012921349593837747,1
2021-01-04,0.7860337510873007,0.7824113835030239,0.7803522,0.77928627,0.010257533761028588,0.0007491932076650124,51.55341455183127,0.7480606719912337,0.8097231551778709,0.011037337127536937,-0.004761893631251935,2
2021-01-05,0.7824113835030239,0.7889733076794514,0.77928627,0.77955455,0.009985091110827037,0.0001711474230093931,46.68391490368917,0.7480606719912337,0.8097231551778709,0.024328744190622302,0.02462710273713657,3
2021-01-06,0.7889733076794514,0.7895526079890005,0.77955455,0.7800601,0.009865096786560033,0.00018399118699275298,52.823372610102915,0.7480606719912337,0.8097231551778709,0.0026061400085380447,0.030200427053907554,4
2021-01-07,0.7895526079890005,0.7884072311289637,0.7800601,0.77962816,0.009558995761069233,0.00018430334948229838,52.580046227822166,0.7480606719912337,0.8097231551778709,0.01238864164946358,0.051650529650207104,5
2021-01-08,0.7884072311289637,0.7854965962876646,0.7930891,0.7912642,0.00927127267362081,6.625965044257734e-05,55.19498132871126,0.7480606719912337,0.8097231551778709,-0.0059709326787447245,0.04538990462171073,1
2021-01-11,0.7854965962876646,0.7829995014667109,0.7912642,0.78601164,0.009029593305145559,-0.00023258482345387159,54.958338199384414,0.7480606719912337,0.8097231551778709,-0.030261423589353787,0.003095952171877183,2
2021-01-12,0.7829995014667109,0.7869244917748992,0.78601164,0.78076017,0.008789197345465953,-0.0006021645333455423,54.90202053348374,0.7480606719912337,0.8097231551778709,0.011438296923926266,-0.00975142121178066,3
2021-01-13,0.7869244917748992,0.7875194166545093,0.78076017,0.77810097,0.0086064292403158,-0.0005854908151388498,55.51405996899632,0.7480606719912337,0.8097231551778709,0.003323205417966472,-0.009041093563939735,4
2021-01-14,0.7875194166545093,0.7906575705536275,0.77810097,0.7790584,0.008358119121588367,-0.0005387775390444413,55.975849732297085,0.7480606719912337,0.8097231551778709,0.014001568268525182,-0.007441459866258496,5
2021-01-15,0.7906575705536275,0.7834105324657544,0.7971386,0.79841006,0.008167465825333215,-0.0003121539195785313,57.42322546069102,0.7480606719912337,0.8097231551778709,-0.017879738594029113,-0.0191915432830798,1
2021-01-18,0.7834105324657544,0.7844368094887157,0.79841006,0.79879814,0.008191247750838508,-0.000646693195922963,52.645964422049445,0.7480606719912337,0.8097231551778709,0.0,0.010942770909641162,2
2021-01-19,0.7844368094887157,0.7859967051997016,0.79879814,0.7983884,0.007963788236367363,-0.0007859638151563771,52.612669304378635,0.7480606719912337,0.8097231551778709,0.009117342638361609,0.008599139735508151,3
2021-01-20,0.7859967051997016,0.7920165084007336,0.7983884,0.7968321,0.007752397167544301,-0.000759697358543302,51.027999680690776,0.7480606719912337,0.8097231551778709,0.0031578581146133864,0.0084323843742432,4
2021-01-21,0.7920165084007336,0.7907200998112797,0.7968321,0.7968147,0.00772428884108798,-0.0003447000200257947,36.27757351817815,0.7480606719912337,0.8097231551778709,0.0021908531376899996,-0.0034078647061656746,5
2021-01-22,0.7907200998112797,0.7859843327984505,0.7899153,0.7880482,0.0075166374422980875,-0.00017392644532763634,55.562538640529155,0.7480606719912337,0.8097231551778709,-0.005486224494399296,0.009020269020598558,1
2021-01-25,0.7859843327984505,0.7850834474420142,0.7880482,0.7912261,0.007424850406190625,-0.00038427523342735243,54.13176280007536,0.756401057910892,0.8097231551778709,0.0013744131974424212,0.010408033257109529,2
2021-01-26,0.7850834474420142,0.7877799653751286,0.7912261,0.795558,0.007223554650248629,-0.0005768682745885619,44.82408557433172,0.7612667802555069,0.8097231551778709,-0.0034395156780045112,-0.0022001917446712693,3
2021-01-27,0.7877799653751286,0.7802746576081497,0.795558,0.79655546,0.007066745694179628,-0.0005173436388567878,47.76710214248754,0.7612667802555069,0.8097231551778709,-0.015695844799481936,-0.020836182154799314,4
2021-01-28,0.7802746576081497,0.7793685583999538,0.79655546,0.79393524,0.007185432211788177,-0.0009527944593985408,41.17055348286636,0.7612667802555069,0.8097231551778709,0.0032147296487249717,-0.019833125906013445,5
2021-01-29,0.7793685583999538,0.7811157263663506,0.7821839,0.7874889,0.006992456484150098,-0.0012523415705325898,43.044092827902425,0.7612667802555069,0.8097231551778709,-0.0026549381584333254,-0.017054060519955155,1
2021-02-01,0.7811157263663506,0.7784524247666529,0.7874889,0.78978723,0.00682026023530006,-0.0012788244626302178,47.824701734544924,0.7612667802555069,0.8097231551778709,-0.0032232896853065453,-0.021562980619232078,2
2021-02-02,0.7784524247666529,0.7821604993007406,0.78978723,0.7914148,0.006675760659663172,-0.0014113188798211282,39.92321464497743,0.7612667802555069,0.8097231551778709,-0.006477983976974251,-0.0245314184492475,3
2021-02-03,0.7821604993007406,0.7822278188093319,0.7914148,0.7925833,0.006580617133011485,-0.0011934906695008746,44.065521017057044,0.7612667802555069,0.8097231551778709,0.011099516193104106,0.0019599522214916905,4
2021-02-04,0.7822278188093319,0.7798548020810983,0.7925833,0.7923053,0.006402478097222184,-0.0009971302114683317,39.98362750800135,0.7612667802555069,0.8097231551778709,-0.003499212095570062,-0.0047446163014563765,5
2021-02-05,0.7798548020810983,0.7837973143152613,0.77366805,0.7784231,0.006264272892034645,-0.0009779827604635726,45.22154293488031,0.7619860123751075,0.8097231551778709,0.020264386695531118,0.018329375257908852,1
2021-02-08,0.7837973143152613,0.7850711037750779,0.7784231,0.77892697,0.006199141738579725,-0.0006656414054091922,49.203063231406595,0.7630675164834925,0.8097231551778709,0.010932047306130873,0.03284667697582702,2
2021-02-09,0.7850711037750779,0.7875814505151064,0.77892697,0.7790692,0.006043698747347057,-0.0003546997627852753,48.83823413978954,0.7630675164834925,0.8097231551778709,0.014705183351721931,0.054959018817618895,3
2021-02-10,0.7875814505151064,0.787649632489676,0.7790692,0.77870417,0.005925293868864022,1.8787121798761094e-05,43.89556370901485,0.7641929580368406,0.8097231551778709,0.013831859146124684,0.057845470250245355,4
2021-02-11,0.787649632489676,0.7873644116994172,0.77870417,0.78174335,0.005766191485758627,0.00025600128305272287,45.625901583035414,0.7641929580368406,0.8097231551778709,0.000528153994474969,0.06211439171036102,5
2021-02-12,0.7873644116994172,0.788152487620946,0.7843202,0.78674275,0.005611689430979885,0.00037223036550832796,52.251518088913585,0.7643974086363904,0.8097231551778709,0.0038211104503456115,0.044792555522243364,1
2021-02-15,0.788152487620946,0.7914146974718642,0.78674275,0.7839719,0.005466108624655819,0.00047418232431356154,55.0254576335383,0.7648534292181646,0.8097231551778709,0.0,0.03343303840023268,2
2021-02-16,0.7914146974718642,0.7868439619918504,0.7839719,0.78291684,0.005402707352118377,0.0007186538583717505,55.843503435183386,0.7680255711638837,0.8097231551778709,0.012026289584637934,0.030668285967424096,3
2021-02-17,0.7868439619918504,0.7874077951100902,0.78291684,0.7821282,0.0054158059167606805,0.0005381200700067774,61.66174156128943,0.7680255711638837,0.8097231551778709,-0.0031233976197787097,0.01334035541278491,4
2021-02-18,0.7874077951100902,0.7885875547943081,0.7821282,0.7796968,0.005274558779423122,0.0004271147469342843,64.44669811854298,0.7680255711638837,0.8097231551778709,0.02076827313014467,0.03405945615005395,5
2021-02-19,0.7885875547943081,0.7937326537324494,0.7855815,0.78551036,0.0051463254009204654,0.00040384111499912594,63.70656902933074,0.7697043991455689,0.8097231551778709,0.043346586160945506,0.07574963265228313,1
2021-02-22,0.7937326537324494,0.7930842919049623,0.78551036,0.784832,0.005226329275189254,0.0006889143015077169,75.6912688571274,0.7697043991455689,0.8097231551778709,0.015165591889079963,0.09218834891937815,2
2021-02-23,0.7930842919049623,0.7941171431008406,0.784832,0.7840943,0.005091930567807856,0.0007810139861205128,70.47305519207647,0.7732157850313582,0.8097231551778709,0.008393297899842403,0.08822763670312699,3
2021-02-24,0.7941171431008406,0.7993604817312961,0.7840943,0.7821275,0.004967738659030646,0.0008528445992817856,71.5043533792739,0.7741615634124613,0.8097231551778709,0.026743684145325672,0.12122006171784441,4
2021-02-25,0.7993604817312961,0.7930276856075434,0.7821275,0.7801299,0.005067219744283697,0.0011749651379519025,81.96152217342842,0.7755966243096599,0.8097231551778709,-0.008171009534660136,0.08923776184952181,5
2021-02-26,0.7930276856075434,0.787649632489676,0.8003791,0.8003834,0.005246861340927869,0.000895636602820906,64.02595893360436,0.7755966243096599,0.8097231551778709,-0.04103194619546087,0.0011002230058880643,1
2021-03-01,0.787649632489676,0.7910453517713634,0.8003834,0.80197746,0.005328817947175101,0.0003128624348115866,53.48366374723744,0.7755966243096599,0.8097231551778709,0.006087210099527751,-0.007947017738226802,2
2021-03-02,0.7910453517713634,0.7914146974718642,0.80197746,0.80219966,0.005281220121208043,0.00012965298834174402,54.570485683095775,0.7755966243096599,0.8097231551778709,0.026824739620605623,0.010507498214493937,3
2021-03-03,0.7914146974718642,0.7892223449268856,0.80219966,0.804298,0.005147154651026458,1.305551322363166e-05,54.92868907723161,0.7755966243096599,0.8097231551778709,-0.018725640031191874,-0.0344106571161761,4
2021-03-04,0.7892223449268856,0.7887741910126316,0.804298,0.8039146,0.005052566572857858,-0.00021918999001345474,52.31647873822565,0.7755966243096599,0.8097231551778709,-0.03978912495984579,-0.06446316695449032,5
2021-03-05,0.7887741910126316,0.7916465261901063,0.7911233,0.7920796,0.004925784102144617,-0.00039993648358204186,50.781768853874965,0.7755966243096599,0.8097231551778709,0.023769368152198076,-0.001831767381264405,1
2021-03-08,0.7916465261901063,0.790020470482047,0.7920796,0.79240173,0.004872299553835834,-0.0003261119730187637,50.29440261109973,0.7755966243096599,0.8097231551778709,0.004029062680954104,-0.003884032096423542,2
2021-03-09,0.790020470482047,0.7909452572229103,0.79240173,0.79370725,0.004771299580216518,-0.00038293081385966984,54.35997542748783,0.7755966243096599,0.8097231551778709,-0.020682779387527755,-0.05010052288125251,3
2021-03-10,0.7909452572229103,0.7923867617524836,0.79370725,0.7940124,0.004660440028014036,-0.000354994256211965,54.80777037601796,0.7755966243096599,0.8097231551778709,0.00558211193960872,-0.026727682229187005,4
2021-03-11,0.7923867617524836,0.7979954528590862,0.7940124,0.7948581,0.004564624598640942,-0.00024161431144500392,55.127030635495004,0.7755966243096599,0.8097231551778709,0.024680619799534884,0.03808574072280796,5
2021-03-12,0.7979954528590862,0.8019696353931695,0.7916009,0.7904631,0.004732480338852233,0.00018586712892616937,55.68155869244463,0.7755966243096599,0.8097231551778709,0.0006032592635764687,0.014313748824532789,1
2021-03-15,0.8019696353931695,0.801571072452645,0.7904631,0.7915368,0.004750569809263945,0.0006830778707291997,60.87819209846722,0.7755966243096599,0.8097231551778709,0.00024117884471256955,0.010478913710657739,2
2021-03-16,0.801571072452645,0.803684109122581,0.7915368,0.7910638,0.004635206564537496,0.0009173137058029563,59.26970099049839,0.7755966243096599,0.8097231551778709,-0.016412772188325007,0.014802891084194535,3
2021-03-17,0.803684109122581,0.8071025262460089,0.7910638,0.7938162,0.00456216652352623,0.0011326366105743522,55.83082968255299,0.778319165852265,0.8097231551778709,0.011941116105170712,0.021276588214642324,4
2021-03-18,0.8071025262460089,0.8005828523153854,0.7938162,0.7916489,0.004554763838933536,0.0014055424975549496,70.60062561837792,0.778319165852265,0.8097231551778709,-0.0026682077001745565,-0.006275651001248662,5
2021-03-19,0.8005828523153854,0.7985370734043029,0.8076178,0.8060575,0.004797030568639186,0.0010628048351247741,68.31754601204354,0.7784524247666529,0.8097231551778709,0.0015775180322680441,-0.005307034575667284,1
2021-03-22,0.7985370734043029,0.7986710346019997,0.8060575,0.81046975,0.004713404057971181,0.0006352517786431186,61.032528282591386,0.7784524247666529,0.8097231551778709,0.00616509596797972,0.0006029319073336323,2
2021-03-23,0.7986710346019997,0.79427489369011,0.81046975,0.812172,0.004599924516910727,0.00031460916820621977,60.76049326065799,0.7784524247666529,0.8097231551778709,-0.014811572761879678,0.002206380125604916,3
2021-03-24,0.79427489369011,0.7951211083192473,0.812172,0.8130883,0.004652199356704271,-0.00021203302179604363,57.03280696965079,0.7784524247666529,0.8097231551778709,-0.004044370217164056,-0.013687006059690358,4
2021-03-25,0.7951211083192473,0.7935374333705794,0.8130883,0.8143201,0.004547672940559427,-0.0005051461538834452,58.73765456326629,0.7784524247666529,0.8097231551778709,-0.021474152909001003,-0.03206223089596623,5
2021-03-26,0.7935374333705794,0.7946472620569603,0.8050009,0.80515313,0.004461045895077462,-0.0007904408678741644,52.69893002202104,0.7784524247666529,0.8071025262460089,0.023191937333871187,-0.010913078139776489,1
2021-03-29,0.7946472620569603,0.7942559422617402,0.80515313,0.806408,0.004368443193829179,-0.0008821848444343417,56.70268673460902,0.7784524247666529,0.8071025262460089,-0.008742177867836775,-0.025548310992055703,2
2021-03-30,0.7942559422617402,0.7923428279752688,0.806408,0.80946755,0.004268246370404302,-0.0009415947090540655,54.87137844127167,0.7784524247666529,0.8071025262460089,-0.014951731127624176,-0.02568487897748763,3
2021-03-31,0.7923428279752688,0.795905841333799,0.80946755,0.81108993,0.00420386002251802,-0.001072595099887227,49.93624025446009,0.7784524247666529,0.8071025262460089,0.0050087114359113295,-0.01682427727224071,4
2021-04-01,0.795905841333799,0.7970667636607988,0.81108993,0.8102627,0.004232830883398524,-0.000889681454388753,46.77597943555135,0.7784524247666529,0.8071025262460089,0.00012494902745103476,0.004642431651793275,5
2021-04-02,0.7970667636607988,0.7959248715800744,0.7963833,0.7968216,0.004150485766969112,-0.0006708692819019876,41.71634772562043,0.7784524247666529,0.8071025262460089,0.0,-0.01838906780756846,1
2021-04-05,0.7959248715800744,0.7987092848937488,0.7968216,0.7989359,0.004069264921651402,-0.0005864582927307368,40.6941969434993,0.7784524247666529,0.8071025262460089,0.03569840708627201,0.026218140191296254,2
2021-04-06,0.7987092848937488,0.7954563277482527,0.7989359,0.797533,0.004058050897344642,-0.0003388080302301837,41.97825466042757,0.7784524247666529,0.8071025262460089,-0.005437760323936038,0.036028141652599405,3
2021-04-07,0.7954563277482527,0.7928516204644481,0.797533,0.7925308,0.0040707656787265685,-0.00038634345593152163,31.120133949079076,0.7784524247666529,0.8071025262460089,-0.01526187929104689,0.015238658618763608,4
2021-04-08,0.7928516204644481,0.7960389210905322,0.7925308,0.7923233,0.00404653383340299,-0.0005741533201083248,35.64459038880976,0.7784524247666529,0.8071025262460089,0.009672498938159392,0.02497812039807774,5
2021-04-09,0.7960389210905322,0.7980336384661627,0.79219717,0.792048,0.004061516420108817,-0.0004690981561543924,45.55005286672402,0.7784524247666529,0.8071025262460089,-0.012999931559483379,0.011739710631842884,1
2021-04-12,0.7980336384661627,0.7962417229087901,0.792048,0.7928338,0.0040135379723380046,-0.0002610267389617975,48.93519625874655,0.7784524247666529,0.8071025262460089,-0.005073881548938817,-0.028681598752523248,2
2021-04-13,0.7962417229087901,0.7976326063181084,0.7928338,0.7916352,0.003957385265612294,-0.00024035331228768216,53.59882499571181,0.7784524247666529,0.8071025262460089,0.0032206173632353353,-0.02023504321405221,3
2021-04-14,0.7976326063181084,0.7989134497921481,0.7916352,0.79036695,0.0038934034412549,-0.00013455444248286063,54.505630618983204,0.7784524247666529,0.8071025262460089,0.023708710203915604,0.018700722037502584,4
2021-04-15,0.7989134497921481,0.7972129599869535,0.79036695,0.7859301,0.0038290137266046875,1.2337439538726556e-05,59.750525651151165,0.7784524247666529,0.8071025262460089,0.021624486094410433,0.030949271427430983,5
2021-04-16,0.7972129599869535,0.798875179943401,0.79710025,0.7950013,0.003778348825908027,-1.3004534131899246e-05,54.55581592745728,0.7784524247666529,0.8071025262460089,-0.012009036212427845,0.03197134056168487,1
2021-04-19,0.798875179943401,0.7986136280183013,0.7950013,0.79422355,0.0037314526374161872,6.965903735788558e-05,57.848001065761146,0.7784524247666529,0.8071025262460089,0.016607777466976493,0.05459051581590679,2
2021-04-20,0.7986136280183013,0.7929270887950641,0.79422355,0.79736805,0.0036557945600327545,9.275563689134362e-05,61.28741981673199,0.7784524247666529,0.8071025262460089,-0.006136441950969237,0.044768673251099865,3
2021-04-21,0.7929270887950641,0.7997632536755171,0.79736805,0.7962587,0.003924857535006733,-0.0002691153739728294,45.01903394034688,0.7784524247666529,0.8071025262460089,0.014688002811719945,0.03538650129247061,4
2021-04-22,0.7997632536755171,0.7998144198910145,0.7962587,0.7996352,0.004298181058405323,-5.3523659668145394e-05,53.789696476906116,0.7784524247666529,0.8071025262460089,-0.0014007337467382489,0.01181886568555778,5
2021-04-23,0.7998144198910145,0.8007943976711822,0.7981387,0.7962924,0.004201014145762968,7.982805699163276e-05,55.63933618226603,0.7784524247666529,0.8071025262460089,0.014495528570305756,0.03899524246543073,1
2021-04-26,0.8007943976711822,0.8067118795197546,0.7962924,0.79564697,0.004117469155572462,0.00021373545893523416,53.19005698382495,0.7784524247666529,0.8071025262460089,0.02388920803618793,0.04658822452320772,2
2021-04-27,0.8067118795197546,0.8060485775301898,0.79564697,0.79893357,0.004351300130578252,0.0006555843347585335,65.92197803512852,0.7798548020810983,0.8071025262460089,0.0642153066728483,0.12286933149100794,3
2021-04-28,0.8060485775301898,0.8128164539024135,0.79893357,0.800478,0.004255469126403198,0.0008458180524516241,69.75323041193576,0.7798548020810983,0.8071025262460089,-0.04440381313038143,0.05843933360936106,4
2021-04-29,0.8128164539024135,0.8145843139018043,0.800478,0.7990248,0.004560040571122267,0.0013406845498255878,72.68145724618527,0.7798548020810983,0.8128164539024135,-0.009745403319025842,0.04964375624035088,5
2021-04-30,0.8145843139018043,0.81439190653307,0.8134663,0.8101231,0.0044789970274146575,0.001678402197019206,72.51285811132342,0.7837973143152613,0.8145843139018043,-0.003120809214669029,0.03131479586307801,1
2021-05-03,0.81439190653307,0.8143255775123419,0.8101231,0.8112621,0.0043746303259289705,0.0017709931702767387,75.8117485248971,0.7850711037750779,0.8145843139018043,0.014187807813497627,0.021357973922324427,2
2021-05-04,0.8143255775123419,0.8129948800929159,0.8112621,0.80833435,0.004274474192342434,0.001709099295343821,74.66877645972285,0.7868439619918504,0.8145843139018043,-0.0015421186716272925,-0.04364331736302519,3
2021-05-05,0.8129948800929159,0.8151886192057463,0.80833435,0.80803394,0.004193516335972453,0.0014690374692136934,70.77883925304016,0.7868439619918504,0.8145843139018043,0.0006612142306960406,0.00044078795734489855,4
2021-05-06,0.8151886192057463,0.8227744084310021,0.80803394,0.80927616,0.004145380347660402,0.0013514609327832591,76.14465412121311,0.7868439619918504,0.8151886192057463,0.0174714913257196,0.02804360709212753,5
2021-05-07,0.8227744084310021,0.8254911454089565,0.81374884,0.8111821,0.004549635792425153,0.0016578471478523706,79.65099902968991,0.7868439619918504,0.8227744084310021,0.031329113091163485,0.06407673511659143,1
2021-05-10,0.8254911454089565,0.8268767919663524,0.8111821,0.81000096,0.004503341600781499,0.0018993936219381478,81.43123187384077,0.7868439619918504,0.8254911454089565,-0.006842448062350475,0.041932593723215304,2
2021-05-11,0.8268767919663524,0.8266922211811026,0.81000096,0.8106264,0.004414280280289718,0.001998361353979401,94.14191766899347,0.7868439619918504,0.8268767919663524,0.009461819095785704,0.05346126922578398,3
2021-05-12,0.8266922211811026,0.8250416818457563,0.8106264,0.81209725,0.004312949434870137,0.001898013168420084,92.33637681000829,0.7874077951100902,0.8268767919663524,-0.005455899067965582,0.04703679693176985,4
2021-05-13,0.8250416818457563,0.8218074731251794,0.81209725,0.81090736,0.004238181602909786,0.001580117400767642,87.76202265104595,0.787649632489676,0.8268767919663524,-0.009938743351079252,0.018727033693980797,5
2021-05-14,0.8218074731251794,0.8256956606774604,0.8232818,0.82201016,0.0042330068665956495,0.0010378641570881596,79.46541575168553,0.787649632489676,0.8268767919663524,-0.00885860766012958,-0.021401545128546938,1
2021-05-17,0.8256956606774604,0.8290842386577478,0.82201016,0.82379264,0.0042708138498158375,0.0008355829935912645,78.22624451167148,0.787649632489676,0.8268767919663524,0.01225307234489491,-0.002535139730362111,2
2021-05-18,0.8290842386577478,0.8283151062250952,0.82379264,0.8236773,0.0042740913108635864,0.0008232052780744225,81.68315636738822,0.787649632489676,0.8290842386577478,0.0029607591243407698,-0.008998685891298293,3
2021-05-19,0.8283151062250952,0.8242460115446998,0.8236773,0.82250893,0.00418314066009715,0.0006632926082806448,75.52947981262477,0.787649632489676,0.8290842386577478,-0.0313162130068712,-0.03429776009447427,4
2021-05-20,0.8242460115446998,0.8290155768128855,0.82250893,0.824127,0.0042325671183178195,0.00020718311440491924,64.79329843656228,0.787649632489676,0.8290842386577478,-0.00163553912768276,-0.02624595554850256,5
2021-05-21,0.8290155768128855,0.8287064117252075,0.8196365,0.8175257,0.004333552045726773,0.00015292361980544754,69.63814749554302,0.787649632489676,0.8290842386577478,-0.018947464727376417,-0.03602063036358731,1
2021-05-24,0.8287064117252075,0.8298892819178273,0.8175257,0.8172779,0.004236121270438587,2.8919041656730662e-05,69.18690373232351,0.7887741910126316,0.8290842386577478,0.010069303102651882,-0.03812344199780583,2
2021-05-25,0.8298892819178273,0.8289124415502465,0.8172779,0.8211588,0.004154540176328039,-3.714758520307216e-05,72.62977057841503,0.7887741910126316,0.8298892819178273,-0.004303036537704567,-0.045085002481607454,3
2021-05-26,0.8289124415502465,0.8243955435943222,0.8211588,0.8212875,0.004071753719804183,-0.00020117952050307392,69.00231340290766,0.7887741910126316,0.8298892819178273,0.0024296326940673584,-0.012310700217634096,4
2021-05-27,0.8243955435943222,0.8284866557934851,0.8212875,0.82420504,0.004162373177395417,-0.0006434750643780022,52.45314070028867,0.7887741910126316,0.8298892819178273,0.029025375367174044,0.018441797661603785,5
2021-05-28,0.8284866557934851,0.827965355497403,0.8238548,0.824536,0.0042181904635178345,-0.0006861852759273614,54.351863633550515,0.790020470482047,0.8298892819178273,0.0034227852531662456,0.04148133457138478,1
2021-05-31,0.827965355497403,0.8291393074480333,0.824536,0.8271541,0.004127015477608558,-0.0007689936375298405,51.622200601773216,0.790020470482047,0.8298892819178273,0.0,0.031046964915537406,2
2021-06-01,0.8291393074480333,0.8285690608384199,0.8271541,0.8274903,0.004050117172316374,-0.0007626540615876956,53.54224662054668,0.7909452572229103,0.8298892819178273,-0.0043875518245004505,0.030959829367792343,3
2021-06-02,0.8285690608384199,0.8307028000815194,0.8274903,0.8305738,0.00396631561129758,-0.0008103430509950448,55.27085718256615,0.7923428279752688,0.8298892819178273,-0.013388296308474998,0.014780479235545775,4
2021-06-03,0.8307028000815194,0.8259684240624934,0.8305738,0.8270324,0.003925756134761296,-0.0007149871669841368,63.74403513322879,0.7923428279752688,0.8307028000815194,-0.028332377874284862,-0.041787242652017706,5
2021-06-04,0.8259684240624934,0.8281025062895394,0.8338129,0.8322829,0.004045889869246231,-0.0009716497110412352,50.410703241089784,0.7923428279752688,0.8307028000815194,0.014652273684639288,-0.03096636080519646,1
2021-06-07,0.8281025062895394,0.8273556747228712,0.8322829,0.8308446,0.004001674100550334,-0.0009949523658775586,48.463756790131534,0.7923428279752688,0.8307028000815194,-0.0005511286529771498,-0.0315002758679964,2
2021-06-08,0.8273556747228712,0.8256683536128099,0.8308446,0.83358115,0.003921935841653681,-0.0010523534896848766,48.49760524775369,0.7923428279752688,0.8307028000815194,0.006155296333228396,-0.02123551550932761,3
2021-06-09,0.8256683536128099,0.825450287002275,0.83358115,0.83254546,0.003866424851350917,-0.0011857391305176452,52.40680862116468,0.7923428279752688,0.8307028000815194,-0.005824561671397553,-0.013804332355920799,4
2021-06-10,0.825450287002275,0.826924638990949,0.83254546,0.8315073,0.003787668091668694,-0.0012632911698130982,42.86850795735266,0.7923428279752688,0.8307028000815194,-0.010303133803955268,0.004137280903106027,5
2021-06-11,0.826924638990949,0.8225036695241728,0.82633084,0.8272437,0.003733572985624004,-0.001190896885976526,46.59472989719705,0.7923428279752688,0.8307028000815194,0.01140472334101938,0.0008815839127802555,1
2021-06-14,0.8225036695241728,0.8236553803881916,0.8272437,0.8268595,0.0038468206934701298,-0.0014018255275723432,37.43947213456382,0.7923428279752688,0.8307028000815194,-0.0020940166441878005,-0.0006614735751243036,2
2021-06-15,0.8236553803881916,0.8206407695072462,0.8268595,0.8258933,0.0037819841688636257,-0.0014204477781653243,41.11231004456781,0.7923428279752688,0.8307028000815194,-0.043288974204270095,-0.04887136526633857,3
2021-06-16,0.8206407695072462,0.8144648888449603,0.8258933,0.82285166,0.0037930722656851334,-0.0015802073319864016,43.312403221712415,0.7923428279752688,0.8307028000815194,0.012024140439162556,-0.03174254472220675,4
2021-06-17,0.8144648888449603,0.8100314564522807,0.82285166,0.82360923,0.0040737699675534225,-0.0020181973933754245,26.75239147767411,0.7923428279752688,0.8307028000815194,-0.048511249256526764,-0.06803999315223574,5
2021-06-18,0.8100314564522807,0.803219308651418,0.8150847,0.81623775,0.004162696697446228,-0.002491817925936809,23.68047467714291,0.7923428279752688,0.8307028000815194,-0.005271442057981501,-0.08345264324118647,1
2021-06-21,0.803219308651418,0.8084074448273961,0.81623775,0.8139603,0.004477386435511578,-0.0031090676797555857,17.36155106896271,0.7923428279752688,0.8307028000815194,0.005988064755717649,-0.07601501763466256,2
2021-06-22,0.8084074448273961,0.8123477200520298,0.8139603,0.8153504,0.0046049201641440414,-0.003011067912153537,27.257397440171005,0.7923428279752688,0.8307028000815194,0.011161344012827815,-0.024308805885532716,3
2021-06-23,0.8123477200520298,0.8127900708048906,0.8153504,0.8139345,0.004625688015607755,-0.002542673648801395,30.10599665900088,0.7928516204644481,0.8307028000815194,0.02253318671770442,-0.014001155047797701,4
2021-06-24,0.8127900708048906,0.8115368414698162,0.8139345,0.813736,0.0045164919288323046,-0.002084111392940134,34.251553023728306,0.7928516204644481,0.8307028000815194,-0.004512539660794791,0.03035006534645816,5
2021-06-25,0.8115368414698162,0.8135438838163538,0.8070039,0.806335,0.004422852197548228,-0.0017592080886780067,29.77790291701966,0.7928516204644481,0.8307028000815194,-0.002903500398113391,0.03279276513435352,1
2021-06-28,0.8135438838163538,0.8107669939686903,0.806335,0.8099937,0.004356610027541735,-0.00132303908074397,33.64288714009538,0.7928516204644481,0.8307028000815194,-0.004896805697030001,0.021611911147388273,2
2021-06-29,0.8107669939686903,0.8066988463734744,0.8099937,0.8107457,0.004322605631725769,-0.0011422794882618255,32.79650051804573,0.7928516204644481,0.8307028000815194,-0.00035061145826322903,0.00991859591752164,3
2021-06-30,0.8066988463734744,0.8069266767669481,0.8107457,0.8065032,0.004366725604719234,-0.0012108828526336732,30.118990105410973,0.7928516204644481,0.8307028000815194,0.004665815048149154,-0.007965746113655919,4
2021-07-01,0.8069266767669481,0.8038132559398146,0.8065032,0.80321,0.004267825335244418,-0.0011552666596682452,28.221731270772636,0.7929270887950641,0.8307028000815194,-0.012765905292922918,-0.016119672576616055,5
2021-07-02,0.8038132559398146,0.811029981763783,0.79815835,0.7983433,0.0042571179963905095,-0.001235305308156492,29.04901967754266,0.7929270887950641,0.8307028000815194,0.009385324889507184,-0.00395434342215364,1
2021-07-05,0.811029981763783,0.810379368780707,0.7983433,0.8048624,0.0046137617958592015,-0.0007341126881445833,37.541574196361104,0.7929270887950641,0.8307028000815194,0.0,0.0009350600828209919,2
2021-07-06,0.810379368780707,0.8026905984070598,0.8048624,0.8053099,0.004506993003365437,-0.00039529090649573044,39.37877822996791,0.7929270887950641,0.8307028000815194,-0.0056206630299764915,-0.004326043982302,3
2021-07-07,0.8026905984070598,0.8011729054710279,0.8053099,0.8052775,0.004880039083078479,-0.0006242594326697696,38.18293459135454,0.7929270887950641,0.8307028000815194,0.016537025296375227,0.007564247325372619,4
2021-07-08,0.8011729054710279,0.7982120128861742,0.8052775,0.80755794,0.004776360566575857,-0.0008018584565380122,40.55657470692692,0.7929270887950641,0.8307028000815194,-0.013371488070429429,0.006954268484942704,5
2021-07-09,0.7982120128861742,0.8034064723741297,0.8013398,0.80041224,0.004729824204979871,-0.0010282240696427307,44.184597969051076,0.7929270887950641,0.8307028000815194,0.018785304387606946,0.016464244730375985,1
2021-07-12,0.8034064723741297,0.8028775157852867,0.80041224,0.8021683,0.0048383495856246204,-0.0007504901290841699,44.192794713189045,0.7929270887950641,0.8307028000815194,-0.00680078879935816,0.009574938989454905,2
2021-07-13,0.8028775157852867,0.7986582599727935,0.8021683,0.80304563,0.004721172890154488,-0.0005349001506834844,38.05685292544531,0.7929270887950641,0.8307028000815194,-0.0019681857282249364,0.01326913090770513,3
2021-07-14,0.7986582599727935,0.7990092546149727,0.80304563,0.80316144,0.004750481041018037,-0.0006038495163468768,33.72808284596674,0.7982120128861742,0.8307028000815194,-0.00872959171829475,-0.012012022596948148,4
2021-07-15,0.7990092546149727,0.7943442395609492,0.80316144,0.79941475,0.004636575184919952,-0.000554489188472322,35.26918121787068,0.7982120128861742,0.8307028000815194,0.013008367366183172,0.014397769141162885,5
2021-07-16,0.7943442395609492,0.7925877067294115,0.796077,0.7987228,0.004705349943927384,-0.0007524084141553216,28.75189615016467,0.7943442395609492,0.8307028000815194,-0.00011544681092663539,-0.004595055968248396,1
2021-07-19,0.7925877067294115,0.784559844072083,0.7987228,0.79800344,0.004617042006634333,-0.0009076149888840902,29.416245306344763,0.7925877067294115,0.8307028000815194,-0.028563388889063745,-0.026023639122399016,2
2021-07-20,0.784559844072083,0.7889483754982886,0.79800344,0.79614705,0.005036119067543115,-0.0014260668967231577,26.995582076779726,0.784559844072083,0.8307028000815194,0.014851806274035205,-0.009502813941660197,3
2021-07-21,0.7889483754982886,0.7956145354348124,0.79614705,0.79667264,0.005066732773574606,-0.0013493802780419999,32.8056654826721,0.784559844072083,0.8307028000815194,0.0021037466339359693,0.001285910649166152,4
2021-07-22,0.7956145354348124,0.7959248715800744,0.79667264,0.7957548,0.005287133857658317,-0.0007552639587791263,42.65774780109601,0.784559844072083,0.8307028000815194,0.015179078440340365,0.0034617737945363465,5
2021-07-23,0.7959248715800744,0.7957032105549571,0.8042235,0.8005501,0.0051502832006314345,-0.00027186971331581537,34.563332886226775,0.784559844072083,0.8307028000815194,0.013364711728005902,0.017080180512443935,1
2021-07-26,0.7957032105549571,0.7974481986182749,0.8005501,0.7957257,0.005018895263805581,8.34545857135837e-05,34.86904194391822,0.784559844072083,0.8307028000815194,0.04058149206515783,0.08989442651452573,2
2021-07-27,0.7974481986182749,0.7942054847331973,0.7957257,0.79710275,0.0049181591338135645,0.0004651971770358466,43.840201628864406,0.784559844072083,0.8307028000815194,-0.009414458188131294,0.06376507320373762,3
2021-07-28,0.7942054847331973,0.7987411502600481,0.79710275,0.8005159,0.004878867232766828,0.0005241229000914858,42.132250702501324,0.784559844072083,0.8307028000815194,-0.01484789860388056,0.04588448592832043,4
2021-07-29,0.7987411502600481,0.803257995849943,0.8005159,0.8005658,0.004926260491806899,0.0008728277005950885,50.57699151431966,0.784559844072083,0.8307028000815194,0.009112161958738268,0.039558401419895584,5
2021-07-30,0.803257995849943,0.8021368877240834,0.7993008,0.79914844,0.004966990703294646,0.0013816903357454337,49.83566705279047,0.784559844072083,0.8307028000815194,-0.008777292901011693,0.01679345532458257,1
2021-08-02,0.8021368877240834,0.7999295868865303,0.79914844,0.8037972,0.004852697683122779,0.0016013111920752813,49.190882942560876,0.784559844072083,0.8307028000815194,-0.010883711128238811,-0.03421225913048556,2
2021-08-03,0.7999295868865303,0.7978744673375504,0.8037972,0.80305374,0.004771792970616603,0.0015551600233551077,51.452755248132064,0.784559844072083,0.8307028000815194,-0.011117587657581399,-0.035855720781950005,3
2021-08-04,0.7978744673375504,0.7971303108117264,0.80305374,0.7993227,0.004689744527173007,0.0013510147487624125,48.75187939386874,0.784559844072083,0.8307028000815194,-0.012165873542960521,-0.033266390891058414,4
2021-08-05,0.7971303108117264,0.7999167719651972,0.7993227,0.79802775,0.004581775772971041,0.0011391268236862558,53.353562254331266,0.784559844072083,0.8307028000815194,0.003573300745128146,-0.0386061923212971,5
2021-08-06,0.7999167719651972,0.7954880095133015,0.7950939,0.79461944,0.004541775617830098,0.0011562129421208772,58.60847172124001,0.784559844072083,0.8307028000815194,0.0,-0.030130615381177037,1
2021-08-09,0.7954880095133015,0.795304516600257,0.79461944,0.7945681,0.004599650402509209,0.0008528259149124524,64.02132236903657,0.784559844072083,0.8307028000815194,-0.013553595701871597,-0.032716601011901575,2
2021-08-10,0.795304516600257,0.7987858725322324,0.7945681,0.7934477,0.00449128742792395,0.0006334559993776746,59.14164078449325,0.784559844072083,0.8307028000815194,0.01493339169938163,-0.007186827152890446,3
2021-08-11,0.7987858725322324,0.7995650559349963,0.7934477,0.79615283,0.004494443449197782,0.0007106844323983277,55.02112149879985,0.784559844072083,0.8307028000815194,0.0028684109943628113,0.007852175632893968,4
2021-08-12,0.7995650559349963,0.798722061155319,0.79615283,0.79792136,0.004395868742856302,0.0007957003905312951,55.67912473052269,0.784559844072083,0.8307028000815194,-0.0018348393211124997,0.0024162821866453993,5
2021-08-13,0.798722061155319,0.7989772917547291,0.8030267,0.80283415,0.0043012007717681275,0.0007758035574846646,54.620197209292535,0.784559844072083,0.8307028000815194,0.007091448503645414,0.009550130393647702,1
2021-08-16,0.7989772917547291,0.7955702430116429,0.80283415,0.7996859,0.004205103396526374,0.0007595104090936363,52.45201082164376,0.784559844072083,0.8307028000815194,-0.01492737705102726,0.008164181466840701,2
2021-08-17,0.7955702430116429,0.7919851025446295,0.7996859,0.801068,0.004217479614297672,0.0005108809044501708,52.17701420132518,0.784559844072083,0.8307028000815194,-0.028633784386797412,-0.03481563228124527,3
2021-08-18,0.7919851025446295,0.7896960605984724,0.801068,0.8003308,0.004241146134841884,0.00011713124359706692,38.885959364815655,0.784559844072083,0.8307028000815194,-0.020202619271785523,-0.056828523604368936,4
2021-08-19,0.7896960605984724,0.7793442295498517,0.8003308,0.8037956,0.004194272023591113,-0.00026448889798024074,25.925328599870184,0.784559844072083,0.8307028000815194,-0.01900856626589939,-0.07288799778089004,5
2021-08-20,0.7793442295498517,0.7796662753437072,0.7877022,0.7870459,0.005024693976350342,-0.0011324468741188989,19.526185490705217,0.7793442295498517,0.8307028000815194,0.023493114300061776,-0.05755642862779377,1
2021-08-23,0.7796662753437072,0.7904513462894637,0.7870459,0.7865137,0.004900708924993719,-0.0015759692322285367,21.46966039611543,0.7793442295498517,0.8307028000815194,0.023898832525376987,-0.020245278766039883,2
2021-08-24,0.7904513462894637,0.7939027990048731,0.7865137,0.7847543,0.005676791957843883,-0.0010588956184180635,41.61074114791186,0.7793442295498517,0.8307028000815194,0.004829547756957162,0.013095311350836587,3
2021-08-25,0.7939027990048731,0.7943631952032577,0.7847543,0.7776904,0.005611104723802075,-0.00043244585798844467,46.562755281161245,0.7793442295498517,0.8307028000815194,0.00234736071800499,0.036200117749578944,4
2021-08-26,0.7943631952032577,0.788338917935713,0.7776904,0.77663666,0.0054633039588028835,3.982261289504907e-05,43.77723282173161,0.7793442295498517,0.8281025062895394,-0.004464830380560233,0.05138046045575173,5
2021-08-27,0.788338917935713,0.792958494448464,0.794727,0.8005064,0.005580211440146682,-2.3231330157435972e-05,42.26599535792471,0.7793442295498517,0.8281025062895394,0.01646761273866541,0.044019871578625656,1
2021-08-30,0.792958494448464,0.7930905903237103,0.8005064,0.79858726,0.005588577468890008,0.0002608092317159909,47.68429717634224,0.7793442295498517,0.8273556747228712,0.010256470859227965,0.0298736879799198,2
2021-08-31,0.7930905903237103,0.7926379588992013,0.79858726,0.79539543,0.005440734929510062,0.00046053706162297627,43.980302609808085,0.7793442295498517,0.826924638990949,-0.00022931487279600338,0.024676854582713147,3
2021-09-01,0.7926379588992013,0.7922863274684027,0.79539543,0.7936524,0.005300391462206221,0.0005585836543026872,42.62742771671317,0.7793442295498517,0.826924638990949,-0.022498947515922945,-0.0004688992037769529,4
2021-09-02,0.7922863274684027,0.7966984806936663,0.7936524,0.7966404,0.005165474290650116,0.0005929311114849212,43.07799117393245,0.7793442295498517,0.826924638990949,0.006313583580268056,0.010362729795147558,5
2021-09-03,0.7966984806936663,0.7980655258683209,0.78844774,0.7900035,0.005185102715209582,0.0008882148318722235,47.75018427576268,0.7793442295498517,0.8236553803881916,0.008241019236161445,0.0020849818450598004,1
2021-09-06,0.7980655258683209,0.7978108014878074,0.7900035,0.79229754,0.005069131077859371,0.001135212983173729,52.56693156250389,0.7793442295498517,0.8236553803881916,0.0,-0.008140346043159174,2
2021-09-07,0.7978108014878074,0.7907388828785484,0.79229754,0.7930831,0.004943323442998664,0.0012329136997027944,56.43382768979729,0.7793442295498517,0.8206407695072462,-0.011158980827595135,-0.01892201339453035,3
2021-09-08,0.7907388828785484,0.7877737510235011,0.7930831,0.79163444,0.005203051942927894,0.0007940485743009845,51.04163792520192,0.7793442295498517,0.8144648888449603,-0.0106940976464112,-0.007271906461618859,4
2021-09-09,0.7877737510235011,0.7897272108240895,0.79163444,0.7956441,0.005137218771373604,0.0003021561483792269,59.87753874230766,0.7793442295498517,0.8135438838163538,0.012095813030311571,-0.0015150972870077322,5
2021-09-10,0.7897272108240895,0.7886745962143354,0.78800136,0.7906708,0.005039369353173385,0.00011601740533524751,61.3550564026014,0.7793442295498517,0.8135438838163538,0.03768406881650757,0.028320412080785947,1
2021-09-13,0.7886745962143354,0.7906388658679606,0.7906708,0.78951496,0.004922664069135016,-6.082822548888469e-05,47.430147720858756,0.7793442295498517,0.8135438838163538,-0.01918003193451112,0.008785136218006135,2
2021-09-14,0.7906388658679606,0.7880220314539662,0.78951496,0.7887915,0.004834809026247542,-2.99094278923117e-05,45.06689372447278,0.7793442295498517,0.8135438838163538,-0.010482219734218319,0.009468073816507494,3
2021-09-15,0.7880220314539662,0.7925123778570253,0.7887915,0.7878671,0.004772503061937703,-0.00016267591575335047,41.002471472194216,0.7793442295498517,0.8135438838163538,0.019607402467313417,0.04052462454988069,4
2021-09-16,0.7925123778570253,0.7885502677990711,0.7878671,0.78705454,0.004826208067312132,6.285711664376554e-05,56.191262549369824,0.7793442295498517,0.8135438838163538,-0.02879719785590884,-0.0011672964197084075,5
2021-09-17,0.7885502677990711,0.7834534812447564,0.7915344,0.7900237,0.00483501142667208,-3.84167562565191e-05,43.33036120859593,0.7793442295498517,0.8135438838163538,-0.007742880476100124,-0.0455260495884921,1
2021-09-20,0.7834534812447564,0.7811035071500988,0.7900237,0.792021,0.0049265034062163605,-0.00041154276595885297,37.323482203728624,0.7793442295498517,0.811029981763783,-0.03073485131819312,-0.056491350653917645,2
2021-09-21,0.7811035071500988,0.7799824953669813,0.792021,0.79135513,0.0048498770294636345,-0.0007592674030367009,35.54905951921799,0.7793442295498517,0.811029981763783,0.002668207700174605,-0.04400186759386724,3
2021-09-22,0.7799824953669813,0.7821115668228974,0.79135513,0.7888718,0.0047422672807825575,-0.0009926826241586626,34.87669381725405,0.7793442295498517,0.811029981763783,0.02971408323821386,-0.034290909535865874,4
2021-09-23,0.7821115668228974,0.7897646835639078,0.7888718,0.786384,0.004669382876147216,-0.0009325396622817048,31.004296998569288,0.7793442295498517,0.811029981763783,-0.005068699628163132,-0.011102052734611177,5
2021-09-24,0.7897646835639078,0.7905513158596584,0.7821753,0.7786278,0.005043186997511274,-0.00033689580046979964,40.7110701532635,0.7793442295498517,0.811029981763783,0.013265431133486612,0.009892784366166004,1
2021-09-27,0.7905513158596584,0.7920039457594038,0.7786278,0.77647275,0.004923844790375872,0.0001257298732934278,41.97195392968726,0.7793442295498517,0.810379368780707,0.001398448442729701,0.0428709835272861,2
2021-09-28,0.7920039457594038,0.7888301916883936,0.77647275,0.7725624,0.004821711291278219,0.0005229465688882267,51.5975440881855,0.7793442295498517,0.8034064723741297,-0.011360445887335986,0.028343049699533662,3
2021-09-29,0.7888301916883936,0.7840800294391925,0.7725624,0.7742335,0.004786024566939559,0.0005619065106482598,51.32709967537467,0.7793442295498517,0.8034064723741297,-0.01065731292806011,-0.012345737154354736,4
2021-09-30,0.7840800294391925,0.7883948568200893,0.7742335,0.7753457,0.004853746573855514,0.00027239232941101907,43.371746142007865,0.7793442295498517,0.8034064723741297,-0.02653947251399646,-0.03332540670907974,5
2021-10-01,0.7883948568200893,0.792079178004532,0.7863283,0.78827554,0.004890707056873372,0.00037005936676638164,49.69501735745163,0.7793442295498517,0.8034064723741297,0.024990710086426587,-0.02192416670827986,1
2021-10-04,0.792079178004532,0.7942937708134293,0.78827554,0.78833604,0.004883234617306124,0.0006642033508711689,51.51351865512011,0.7793442295498517,0.803257995849943,0.012559400382500427,-0.010946764159792594,2
2021-10-05,0.7942937708134293,0.7947419710635601,0.78833604,0.7880644,0.004805588221808474,0.0009707672799459622,56.64670145971455,0.7793442295498517,0.803257995849943,-0.010534481818709952,-0.010129504257835799,3
2021-10-06,0.7947419710635601,0.7945209683209147,0.7880644,0.7904125,0.004692201481472049,0.0011541055806962152,52.5843050553224,0.7793442295498517,0.803257995849943,-0.010766960141821892,-0.010238034849531757,4
2021-10-07,0.7945209683209147,0.7970033023644427,0.7904125,0.78799593,0.004581615528731234,0.0012052601365235,57.57778437552656,0.7793442295498517,0.803257995849943,0.02236055645606652,0.03936424668126014,5
2021-10-08,0.7970033023644427,0.8010189047003644,0.79987097,0.7950155,0.0045287098495068005,0.0013406564820681141,68.41927716492,0.7793442295498517,0.803257995849943,0.00749946452518983,0.021342541913286477,1
2021-10-11,0.8010189047003644,0.8012563951157086,0.7950155,0.7979623,0.004562452078493073,0.0016165502223243952,75.899632305128,0.7793442295498517,0.803257995849943,0.02113848449465271,0.03014241895733405,2
2021-10-12,0.8012563951157086,0.8015325475736909,0.7979623,0.7991251,0.00445710989793291,0.001721247480577908,78.31706980258018,0.7793442295498517,0.803257995849943,-0.010455613767918948,0.030223667485868792,3
2021-10-13,0.8015325475736909,0.8040653542347056,0.7991251,0.79821235,0.0043559445398133265,0.0017116979473161945,77.19201261941647,0.7793442295498517,0.803257995849943,0.04328608012221442,0.08744289453571237,4
2021-10-14,0.8040653542347056,0.8081069174737757,0.79821235,0.7970424,0.004315615778854489,0.0017711544341933662,73.3743589652695,0.7793442295498517,0.8040653542347056,0.024258091768928465,0.08950831481303463,5
2021-10-15,0.8081069174737757,0.8081656970280386,0.8029899,0.80711615,0.004363601399761208,0.001962994251193234,75.93495866661335,0.7793442295498517,0.8081069174737757,0.021889815135657773,0.10530007341265997,1
2021-10-18,0.8081656970280386,0.8082636559967795,0.80711615,0.80626464,0.004265283390519401,0.0019691068033885584,74.90132466585676,0.7793442295498517,0.8081656970280386,-0.0007396026716169423,0.08138082978280663,2
2021-10-19,0.8082636559967795,0.8094544529601905,0.80626464,0.8048523,0.00417072279696528,0.0018565010200401878,83.07734271822902,0.7793442295498517,0.8082636559967795,-0.0034940996754851796,0.0889351418852152,3
2021-10-20,0.8094544529601905,0.8113985299158791,0.8048523,0.8056039,0.0040931063768930775,0.001740898891559605,99.14394534351891,0.7793442295498517,0.8094544529601905,0.008870135393080384,0.0520959737456351,4
2021-10-21,0.8113985299158791,0.8083878130011102,0.8056039,0.8052792,0.004040884700104134,0.0016735834751837233,99.05738389323564,0.7793442295498517,0.8113985299158791,-0.03628974508804447,-0.009715988711575948,5
2021-10-22,0.8083878130011102,0.8083224583555723,0.8156044,0.8155648,0.004038363505522366,0.001320044215064057,85.80840896081398,0.7793442295498517,0.8113985299158791,-0.013278690294991742,-0.04393751036219276,1
2021-10-25,0.8083224583555723,0.8078196824462567,0.8155648,0.8109419,0.003952307759348006,0.0009905959983098293,84.01250788551468,0.7793442295498517,0.8113985299158791,0.005618262331948899,-0.03783962990866056,2
2021-10-26,0.8078196824462567,0.807011292336642,0.8109419,0.81181574,0.0038716655357590286,0.000663344828910146,81.6231825931965,0.7793442295498517,0.8113985299158791,-0.014383974458996975,-0.04826059139336282,3
2021-10-27,0.807011292336642,0.8084270776072293,0.81181574,0.807471,0.003797956453894314,0.00033361029194665156,79.36854449789637,0.7793442295498517,0.8113985299158791,-0.022427198827258542,-0.07758619738912609,4
2021-10-28,0.8084270776072293,0.8099724051936054,0.807471,0.80695415,0.003742234203110297,0.00016078576894063522,78.2791207551163,0.7793442295498517,0.8113985299158791,0.011445513487450607,-0.0324866809972524,5
2021-10-29,0.8099724051936054,0.8075653025854368,0.8067879,0.8064527,0.003692968852000551,0.00010326977457424807,75.2524616153078,0.7793442295498517,0.8113985299158791,-0.014070309600734762,-0.033252280147623554,1
2021-11-01,0.8075653025854368,0.808152616864387,0.8064527,0.8060984,0.0036798096962329103,-0.00013142821859691341,65.8534479631901,0.7793442295498517,0.8113985299158791,0.006038126637894827,-0.03284629206321449,2
2021-11-02,0.808152616864387,0.8059316420051332,0.8060984,0.8054341,0.0036114348928701578,-0.00027348095768351885,66.37921543952656,0.7793442295498517,0.8113985299158791,-0.006381033013645503,-0.025075163101379208,3
2021-11-03,0.8059316420051332,0.8078980273134108,0.8054341,0.8044732,0.003594159413411852,-0.000528613940735387,54.68989162846205,0.7793442295498517,0.8113985299158791,-0.011034561912988544,-0.013904688655884444,4
2021-11-04,0.8078980273134108,0.8031483277189789,0.8044732,0.8037146,0.003568786515305168,-0.0005728165758640529,49.413945660887165,0.7793442295498517,0.8113985299158791,0.0,-0.02512671242297535,5
2021-11-05,0.8031483277189789,0.8031612463913981,0.81024057,0.81073666,0.0037403135583480747,-0.0009097942637861667,38.85656045298555,0.7793442295498517,0.8113985299158791,0.005302551440579939,-0.006056501849535243,1
2021-11-08,0.8031612463913981,0.8037163726850517,0.81073666,0.81131357,0.0036663248756643035,-0.0011065999789684603,38.62471880897078,0.7793442295498517,0.8113985299158791,0.012794378665092953,0.0006815673405753802,2
2021-11-09,0.8037163726850517,0.8041170724169587,0.81131357,0.81467557,0.0035988320345454942,-0.001168107147538421,36.834403216334444,0.7793442295498517,0.8113985299158791,-0.005691556501315152,0.001371751683183903,3
2021-11-10,0.8041170724169587,0.8008649631221159,0.81467557,0.81498957,0.0035323282714526615,-0.0011487802907770022,32.01982446747331,0.7793442295498517,0.8113985299158791,-0.011943193107045617,0.0004622873191744523,4
2021-11-11,0.8008649631221159,0.7943758328007418,0.81498957,0.8135492,0.0035817890228055983,-0.0013102968145228605,31.642598739983598,0.7793442295498517,0.8113985299158791,0.017521189890522815,0.018146044875158175,5
2021-11-12,0.7943758328007418,0.7971112986233058,0.80122733,0.80042094,0.003951203543260332,-0.0017802881907399031,24.09013827477895,0.7796662753437072,0.8113985299158791,0.011512569024587669,0.024488422472680817,1
2021-11-15,0.7971112986233058,0.7991050062948297,0.80042094,0.7995919,0.003945423715670591,-0.0018262380913000383,31.630024819658104,0.7799824953669813,0.8113985299158791,-0.010945115749440501,0.0004539965825769881,2
2021-11-16,0.7991050062948297,0.7958171965452956,0.7995919,0.8015925,0.0039043665929554775,-0.001647173146548148,36.96697892165767,0.7799824953669813,0.8113985299158791,-0.011066238230316975,-0.004908700927959923,3
2021-11-17,0.7958171965452956,0.7929459768612297,0.8015925,0.7989073,0.003929621919633474,-0.0016697599987454885,30.421732673303993,0.7799824953669813,0.8113985299158791,-0.019811861032998198,-0.012708018554341697,4
2021-11-18,0.7929459768612297,0.7934304032827554,0.7989073,0.7943853,0.003928719704105776,-0.0017871627249685215,24.609903058165145,0.7799824953669813,0.8113985299158791,0.008621789527720714,-0.021455344462745427,5
2021-11-19,0.7934304032827554,0.7902951851354629,0.7915868,0.7922083,0.0038501470192396007,-0.0017396169588206642,27.63959755527766,0.7799824953669813,0.8113985299158791,0.022596648836052977,-0.010548744250369307,1
2021-11-22,0.7902951851354629,0.7873209591742476,0.7922083,0.7899966,0.003870559644486611,-0.001818209422160091,23.858163638242587,0.7799824953669813,0.8113985299158791,-0.0029532077089218837,-0.0026094580383847956,2
2021-11-23,0.7873209591742476,0.788898590054128,0.7899966,0.7940275,0.00388031377111069,-0.0019573247249751995,23.34334999665782,0.7799824953669813,0.8113985299158791,0.006349919772657603,0.01491340074878258,3
2021-11-24,0.788898590054128,0.7897833469096929,0.7940275,0.79372364,0.0038281781833663085,-0.0018321319083950392,22.4800492932294,0.7799824953669813,0.8113985299158791,0.007769024297896241,0.043295209421133275,4
2021-11-25,0.7897833469096929,0.789658594370259,0.79372364,0.7956206,0.0037600119440970915,-0.0015878804997238472,28.200583001777588,0.7799824953669813,0.8113985299158791,0.0,0.034338803315733135,5
2021-11-26,0.789658594370259,0.7858669616545704,0.7904714,0.7903529,0.0036856961454165118,-0.0013426149648639541,28.056085598078653,0.7799824953669813,0.8113985299158791,-0.040396892628020986,-0.0288080585854751,1
2021-11-29,0.7858669616545704,0.7850525890024425,0.7903529,0.78953373,0.003766156038772665,-0.0013405226552351398,23.75301668317401,0.7799824953669813,0.8113985299158791,0.01287945681614314,-0.013309131493576936,2
2021-11-30,0.7850525890024425,0.7828217240613445,0.78953373,0.7903988,0.003697897824977483,-0.00129789919033566,22.30324657821049,0.7799824953669813,0.8113985299158791,-0.013697258099476054,-0.032892546874164375,3
2021-12-01,0.7828217240613445,0.7805852699682001,0.7903988,0.7910682,0.0036786548195549018,-0.0013195450288987312,22.985292346525412,0.7799824953669813,0.8113985299158791,-0.007155021033390666,-0.047218535594427014,4
2021-12-02,0.7805852699682001,0.780171175080676,0.7910682,0.7903723,0.003660969681105712,-0.0013776880877320275,26.339461633679036,0.7799824953669813,0.8113985299158791,0.012051826730420677,-0.03566630556254375,5
2021-12-03,0.780171175080676,0.7802137694028998,0.7821539,0.78326344,0.0035920422137076503,-0.001336220204972479,18.420234256490474,0.7799824953669813,0.8113985299158791,-0.00758856972241096,-0.003503413982650099,1
2021-12-06,0.7802137694028998,0.7835762075381144,0.78326344,0.7833371,0.0035244797930491963,-0.0012023015741500637,12.020112610879309,0.7799824953669813,0.8113985299158791,0.016389022124856982,0.0,2
2021-12-07,0.7835762075381144,0.7907763771454664,0.7833371,0.78302443,0.003593912864354396,-0.0008028518765557432,25.46373032261937,0.7799824953669813,0.8113985299158791,0.0002305308491431459,0.014025232466480745,3
2021-12-08,0.7907763771454664,0.7903763484677675,0.78302443,0.7820612,0.004076992227111781,-1.1167344969312959e-05,46.29427652851917,0.7799824953669813,0.8113985299158791,0.012143573592484372,0.033784544593284,4
2021-12-09,0.7903763484677675,0.7868810877908227,0.7820612,0.7828458,0.003990416491239054,0.000499859523904609,44.76852532081077,0.7799824953669813,0.8113985299158791,-0.013989420272332785,0.007211011600265139,5
2021-12-10,0.7868810877908227,0.7861697386887343,0.7909029,0.7913619,0.00402540796525623,0.0006095169780028255,44.223044186526096,0.7799824953669813,0.8113985299158791,-0.010913827542635871,0.003867337677266016,1
2021-12-13,0.7861697386887343,0.7807863776986044,0.7913619,0.7934907,0.0039443875253265745,0.0006381289542900098,47.89048668588457,0.7799824953669813,0.8113985299158791,-0.0007006382375670685,-0.01314265270553694,2
2021-12-14,0.7807863776986044,0.7771758837974649,0.7934907,0.79213804,0.004147551714126442,0.00031483199913081607,36.9545568214137,0.7799824953669813,0.8113985299158791,-0.006093297896441775,-0.019363678483354393,3
2021-12-15,0.7771758837974649,0.7790285267407606,0.79213804,0.79215884,0.004181891593722272,-9.966422596908e-05,31.359760179315188,0.7771758837974649,0.8113985299158791,-0.01766811391749457,-0.048166636513674074,4
2021-12-16,0.7790285267407606,0.7824910084885912,0.79215884,0.7909778,0.004125215981346204,-0.0002007220241430326,35.047346950005036,0.7771758837974649,0.8113985299158791,0.028539628694199994,-0.00681293490743192,5
2021-12-17,0.7824910084885912,0.7752839498094555,0.78231275,0.78369325,0.0041564091892810785,3.1685658624675678e-06,45.20687328443528,0.7771758837974649,0.8113985299158791,-0.0022114952662112626,0.0018678255936082667,1
2021-12-20,0.7752839498094555,0.7730365093204139,0.78369325,0.78347874,0.004550010628826288,-0.0002934057497540705,38.26146930412097,0.7752839498094555,0.8113985299158791,-0.0006993315504947428,0.001869134722199476,2
2021-12-21,0.7730365093204139,0.7738141382975368,0.78347874,0.78086144,0.0044864371086796705,-0.0005709348795346425,38.24623347012001,0.7730365093204139,0.8113985299158791,0.011592922396493514,0.01974603434370721,3
2021-12-22,0.7738141382975368,0.7781374439165714,0.78086144,0.7824166,0.004387389604127532,-0.0006276241779261289,41.571284389029984,0.7730365093204139,0.8113985299158791,0.011801986464597361,0.05024525253543991,4
2021-12-23,0.7781374439165714,0.7797939793819493,0.7824166,0.7844183,0.004465028970182715,-0.00031521631928864945,47.69294009175142,0.7730365093204139,0.8113985299158791,-0.0005697162249116147,0.02011397966160029,5
2021-12-24,0.7797939793819493,0.7803964625335444,0.7805446,0.7789897,0.00438761658911794,4.2688951203391154e-05,49.540612574704824,0.7730365093204139,0.8113985299158791,0.0,0.0223724532800141,1
2021-12-27,0.7803964625335444,0.7820442673215424,0.7789897,0.7759443,0.004290876350323582,0.00034298467936276673,46.296613992244396,0.7730365093204139,0.8113985299158791,0.017623607188597904,0.04127799472187539,2
2021-12-28,0.7820442673215424,0.780457379258141,0.7759443,0.7711524,0.004221704036686362,0.0006573581174954667,38.31914631954014,0.7730365093204139,0.8113985299158791,-0.010129535152001214,0.01890277984642941,3
2021-12-29,0.780457379258141,0.7823134618853134,0.7711524,0.7718664,0.004151516734821461,0.0007561464233409075,37.139845101987625,0.7730365093204139,0.8113985299158791,-0.004080741511985847,0.0028476612058794593,4
2021-12-30,0.7823134618853134,0.7846583288886927,0.7718664,0.77236384,0.004096544110041728,0.0009326304340280074,43.81508860940039,0.7730365093204139,0.8113985299158791,-0.003983371511130091,-0.0005698785440239056,5
2021-12-31,0.7846583288886927,0.7899643006841247,0.77999103,0.78032696,0.004064627671456505,0.0011776284474167864,48.04013734539739,0.7730365093204139,0.8113985299158791,0.015951443469743472,0.015500305101864023,1
2022-01-03,0.7899643006841247,0.7842337438015153,0.78032696,0.77795094,0.004251381366996613,0.0016390132463670846,61.92505334117631,0.7730365093204139,0.8113985299158791,-0.009132412861813816,-0.011310171187203606,2
2022-01-04,0.7842337438015153,0.7871288796340284,0.77795094,0.7794923,0.004454301811253535,0.0015037774172194517,58.691571559489674,0.7730365093204139,0.8113985299158791,0.011598540419919987,0.01040724050241806,3
2022-01-05,0.7871288796340284,0.7836928953690732,0.7794923,0.7808405,0.004428933936975397,0.001548724767444332,59.72565794824601,0.7730365093204139,0.8113985299158791,-0.013866424055518837,0.0005679366761977919,4
2022-01-06,0.7836928953690732,0.7855335950465152,0.7808405,0.7795668,0.004431502268635345,0.0012966840784115257,51.443959685698026,0.7730365093204139,0.8113985299158791,-0.012910766635443492,-0.008324775205729485,5
2022-01-07,0.7855335950465152,0.79070757826217,0.78220385,0.78298813,0.004361693743263462,0.0012054996659840718,64.1369017206824,0.7730365093204139,0.8113985299158791,0.01257011838481521,-0.011672288814117006,1
2022-01-10,0.79070757826217,0.7895775783750489,0.78298813,0.7864511,0.0045066685326716725,0.0014298916796678049,72.55232745943363,0.7730365093204139,0.8113985299158791,-0.01337540682525785,-0.015856873464956206,2
2022-01-11,0.7895775783750489,0.7950705408097152,0.7864511,0.78410816,0.004412001811394066,0.0014347533966186884,69.93842794756394,0.7730365093204139,0.8113985299158791,0.017342074765997032,-0.010188149945531019,3
2022-01-12,0.7950705408097152,0.7998976266274516,0.78410816,0.78441083,0.004579009999087379,0.0017211548070670232,70.80235329005066,0.7730365093204139,0.8113985299158791,0.03194669342781295,0.03621299166625708,4
2022-01-13,0.7998976266274516,0.799501120011498,0.78441083,0.7857922,0.004670313760600126,0.0021225886578354974,72.91248646796305,0.7730365093204139,0.8099724051936054,-0.006594926000907652,0.04277825855079889,5
2022-01-14,0.799501120011498,0.7973082815963258,0.79982334,0.80161273,0.004559109726461828,0.002236883513091976,71.8766329977661,0.7730365093204139,0.8099724051936054,-0.02738977192518855,0.001930524510058539,1
2022-01-17,0.7973082815963258,0.7989964691640005,0.80161273,0.7960721,0.004491826573907265,0.0020454776747237573,67.2632496231075,0.7730365093204139,0.8099724051936054,0.0,0.015421777249824582,2
2022-01-18,0.7989964691640005,0.8001600204050817,0.7960721,0.79558015,0.004413222195108963,0.0019155143283910692,70.91935143371548,0.7730365093204139,0.8099724051936054,-0.008079713934942308,-0.010066706506473249,3
2022-01-19,0.8001600204050817,0.7993029759967314,0.79558015,0.7961622,0.004324824895167867,0.0017930279297563283,70.45763587607534,0.7730365093204139,0.8099724051936054,0.01957411991982976,-0.022239270694094763,4
2022-01-20,0.7993029759967314,0.7999807743878226,0.7961622,0.7969792,0.004233707800822927,0.0015486125092905906,67.38009791912204,0.7730365093204139,0.8099724051936054,0.025225332029441428,0.009373625898631402,5
2022-01-21,0.7999807743878226,0.796114921887597,0.7984144,0.7917969,0.0041448775076551045,0.0013350074809440203,63.35446685738266,0.7730365093204139,0.808152616864387,-0.014083219115167165,0.022894669087008435,1
2022-01-24,0.796114921887597,0.7920478419629731,0.7917969,0.79323035,0.00419142590140675,0.0008589034008526066,66.66942778768907,0.7730365093204139,0.808152616864387,-0.024565182341617964,-0.001926804766231232,2
2022-01-25,0.7920478419629731,0.7926505416619736,0.79323035,0.7929255,0.004250100206660474,0.0002284286844722685,56.68163434953529,0.7730365093204139,0.8078980273134108,0.009043688843895115,0.015310766309797925,3
2022-01-26,0.7926505416619736,0.7899830478610461,0.7929255,0.7897167,0.004159825231777212,-0.0001682582386902812,63.182201980761015,0.7730365093204139,0.8078980273134108,0.013747089738331865,0.009411723472707979,4
2022-01-27,0.7899830478610461,0.7845783356098298,0.7897167,0.7874804,0.0041350524707215305,-0.0006059291331158021,56.39232549743408,0.7730365093204139,0.8041170724169587,-0.020522123140248878,-0.03572595527889426,5
2022-01-28,0.7845783356098298,0.7837543278312872,0.7910341,0.7899436,0.004316117198298797,-0.0012196464070296739,41.25238999785593,0.7730365093204139,0.8041170724169587,-0.02524230684042503,-0.04642655840956916,1
2022-01-31,0.7837543278312872,0.7863242735745203,0.7899436,0.7902112,0.0042250596272415805,-0.00161642438844762,41.61587107705243,0.7730365093204139,0.8041170724169587,0.003479847337282577,-0.019305028504098203,2
2022-02-01,0.7863242735745203,0.7880469051203178,0.7902112,0.789882,0.004196639752098403,-0.0016361509236953401,36.25008474723318,0.7730365093204139,0.8041170724169587,0.025381507559161062,-0.003151010459079471,3
2022-02-02,0.7880469051203178,0.7882456547208058,0.789882,0.79027075,0.0041344067830432485,-0.0014688593132952525,29.35439540721663,0.7730365093204139,0.8008649631221159,0.013901630631165696,-0.0029969446217859275,4
2022-02-03,0.7882456547208058,0.788736812205391,0.79027075,0.7910227,0.004045738701407779,-0.0012870208131889316,30.255365988902653,0.7730365093204139,0.8001600204050817,-0.005470372576170145,0.01212320356764538,5
2022-02-04,0.788736812205391,0.7846029189640064,0.7883819,0.7889381,0.003962911415375258,-0.0010840027102684937,34.00899676261881,0.7730365093204139,0.8001600204050817,0.0037989316585365146,0.04194748585584403,1
2022-02-07,0.7846029189640064,0.7895401977001649,0.7889381,0.788989,0.0040472093166380564,-0.0011710414579696319,25.392795174367237,0.7730365093204139,0.8001600204050817,-0.004918922281595184,0.0332330554396653,2
2022-02-08,0.7895401977001649,0.7870669170436426,0.788989,0.7876078,0.004199855390752371,-0.0008537494612711136,33.91927360094776,0.7730365093204139,0.8001600204050817,-0.0004484546376708192,0.006886415857565109,3
2022-02-09,0.7870669170436426,0.7888862003164908,0.7876078,0.7886879,0.0041639937493597266,-0.0007706424782429176,32.33650886601225,0.7730365093204139,0.8001600204050817,0.031128401116122112,0.024382081286345426,4
2022-02-10,0.7888862003164908,0.7854225356860095,0.7886879,0.7885623,0.004106591577830785,-0.000562976878390696,34.49528546583849,0.7730365093204139,0.8001600204050817,0.012313761988536048,0.042762788102695994,5
2022-02-11,0.7854225356860095,0.7859472915687779,0.79120165,0.7937074,0.004131427211586426,-0.0006239887795865228,34.88746188713503,0.7730365093204139,0.8001600204050817,-0.03329086198279706,0.004795385437253877,1
2022-02-14,0.7859472915687779,0.7856323244977019,0.7937074,0.79478014,0.004045474252741568,-0.000594250312486408,40.418050193024385,0.7730365093204139,0.8001600204050817,0.000554797715444434,0.010310434177770956,2
2022-02-15,0.7856323244977019,0.7859349207231089,0.79478014,0.7936514,0.003960736635709839,-0.000561424952752636,38.87615413556502,0.7730365093204139,0.8001600204050817,0.00531026602842403,0.016145314351660226,3
2022-02-16,0.7859349207231089,0.7876869083210348,0.7936514,0.7914374,0.0038798778917837045,-0.0004876945002447765,43.06374410690424,0.7730365093204139,0.8001600204050817,0.0019841940669003784,-0.013042047904901643,4
2022-02-17,0.7876869083210348,0.7871040638855483,0.7914374,0.79041773,0.00383418446854595,-0.000298582274435602,56.08850756434427,0.7730365093204139,0.8001600204050817,-0.0034195760465945794,-0.02844867435168828,5
2022-02-18,0.7871040638855483,0.7839079145037872,0.786559,0.78695196,0.0037603149970272783,-0.00019538756018626412,56.62342561186987,0.7730365093204139,0.8001600204050817,-0.001216278926307887,0.003218571351454909,1
2022-02-21,0.7839079145037872,0.7839448370114764,0.78695196,0.78716123,0.0037920865781701897,-0.00031778360386786086,45.33759751219502,0.7730365093204139,0.8001600204050817,0.0,0.002662142347020437,2
2022-02-22,0.7839448370114764,0.7832632107729168,0.78716123,0.78552586,0.0037168579804940246,-0.0003681079732880568,41.534283548180085,0.7730365093204139,0.8001600204050817,-0.0021041150368183927,-0.004744485146335293,3
2022-02-23,0.7832632107729168,0.7853053322561288,0.78552586,0.78537685,0.0036490485395141896,-0.0004156382367325763,39.91832899643102,0.7730365093204139,0.8001600204050817,-0.006339359251972713,-0.012994166529529824,4
2022-02-24,0.7853053322561288,0.7806706263813485,0.78537685,0.7846987,0.0036276447972917684,-0.0002841550536838897,43.4666779162919,0.7730365093204139,0.8001600204050817,-0.006155277033755284,-0.015690629322818537,5
2022-02-25,0.7806706263813485,0.7839939991609218,0.786484,0.78596544,0.0037894035189943403,-0.0004728141530160471,42.65326667016402,0.7730365093204139,0.8001600204050817,0.004033195170668777,-0.010509936719237804,1
2022-02-28,0.7839939991609218,0.789484096173049,0.78596544,0.7862028,0.003834096926855675,-0.0003432987837331265,38.97300536672426,0.7730365093204139,0.8001600204050817,-0.006168393316155891,-0.01659471466683435,2
2022-03-01,0.789484096173049,0.7859472915687779,0.7862028,0.78675705,0.004065265407448519,0.00011791049477110033,54.29109005568867,0.7730365093204139,0.8001600204050817,0.031449872730158694,0.01696229159256836,3
2022-03-02,0.7859472915687779,0.7907575922969127,0.78675705,0.7822457,0.004097683522616602,0.0001864972225659753,45.08257781924598,0.7730365093204139,0.8001600204050817,0.014932059853336425,0.03882623688511656,4
2022-03-03,0.7907575922969127,0.7892472944271777,0.7822457,0.781956,0.004233469549185573,0.0005376680093934565,58.54176180905628,0.7730365093204139,0.8001600204050817,0.024611441643241864,0.07128426464141129,5
2022-03-04,0.7892472944271777,0.786528349722841,0.78696984,0.7863244,0.004160024216004925,0.0006429567663340854,55.12187487197602,0.7730365093204139,0.8001600204050817,0.03247536354111995,0.10219136097339607,1
2022-03-07,0.786528349722841,0.7811645343109661,0.7863244,0.78480184,0.004138117872869873,0.0005100135739557079,51.29413203847284,0.7730365093204139,0.8001600204050817,-0.0429036430863589,0.06243675430156579,2
2022-03-08,0.7811645343109661,0.7758553698794413,0.78480184,0.78416115,0.004317386811963843,6.476841913164594e-05,43.98892699258839,0.7730365093204139,0.8001600204050817,-0.004563576043598594,0.024855519334022833,3
2022-03-09,0.7758553698794413,0.781341559738305,0.78416115,0.7843157,0.004477546246523185,-0.0005495409911475844,36.31786130335651,0.7730365093204139,0.8001600204050817,-0.02946942805330367,-0.01965413096874814,4
2022-03-10,0.781341559738305,0.7839509911009134,0.7843157,0.78462726,0.004648261940695891,-0.0005474266810660342,44.01491197150703,0.7730365093204139,0.8001600204050817,0.017268899777085688,-0.026825999461753142,5
2022-03-11,0.7839509911009134,0.7852128588849737,0.7808312,0.7800476,0.0045981312747091245,-0.00034140107126188796,50.0452924916365,0.7730365093204139,0.8001600204050817,-0.005939792974359469,-0.0635016700426106,1
2022-03-14,0.7852128588849737,0.7799642923490008,0.7800476,0.7806066,0.00450354738537633,-0.00010358824944603842,51.299768987229605,0.7730365093204139,0.8001600204050817,-0.022677285829660453,-0.044366858828737706,2
2022-03-15,0.7799642923490008,0.783158934077324,0.7806066,0.7815613,0.004638778369697256,-0.00027356297021719194,46.90797980582517,0.7738141382975368,0.8001600204050817,-0.002440578011937699,-0.04233589644929026,3
2022-03-16,0.783158934077324,0.788220842570312,0.7815613,0.7818692,0.004619667652727284,-0.00015077133489320915,48.030762344646696,0.7758553698794413,0.8001600204050817,0.0190334568099788,0.005258477284727984,4
2022-03-17,0.788220842570312,0.7916653532970548,0.7818692,0.7822087,0.004733692551534796,0.0002685918811927996,56.87315498360607,0.7758553698794413,0.8001600204050817,0.022094980037891683,0.01012166099736859,5
2022-03-18,0.7916653532970548,0.7932856658809093,0.7894242,0.7864873,0.004720881960693192,0.0007480259836684115,56.96806189972471,0.7758553698794413,0.8001600204050817,0.008491811707014074,0.024805034970467293,1
2022-03-21,0.7932856658809093,0.7944073533227647,0.7864873,0.7864171,0.004629535730069744,0.0011218576597411113,53.71415652713862,0.7758553698794413,0.8001600204050817,-0.006149358180897094,0.041883687022357084,2
2022-03-22,0.7944073533227647,0.794735646388355,0.7864171,0.7856685,0.004530550307335847,0.0013755248743978587,58.67491517186907,0.7758553698794413,0.8001600204050817,-0.002662225985065833,0.04165278120574175,3
2022-03-23,0.794735646388355,0.7962290258737643,0.7856685,0.7880621,0.0044255940094439635,0.0014868100030459431,54.491968329357725,0.7758553698794413,0.8001600204050817,0.015553332635634952,0.038034000735626315,4
2022-03-24,0.7962290258737643,0.7986965090409072,0.7880621,0.78935254,0.004344706156742314,0.0015739834009604321,57.88669613376068,0.7758553698794413,0.8001600204050817,-0.007058917381914071,0.008208146418343323,5
2022-03-25,0.7986965090409072,0.8008264296336236,0.8020609,0.79843986,0.004302471689455388,0.001700051854336548,63.823918593396755,0.7758553698794413,0.8001600204050817,-0.009134470614113594,-0.009407113174252548,1
2022-03-28,0.8008264296336236,0.7988369137609111,0.79843986,0.8014795,0.004248069071151121,0.0018184730413560676,74.10883961707371,0.7758553698794413,0.8008264296336236,0.005957539850870366,0.0026587868264541935,2
2022-03-29,0.7988369137609111,0.8001344525246953,0.8014795,0.8030311,0.004188891228789129,0.0016588557563005108,80.67665465904642,0.7758553698794413,0.8008264296336236,0.000530105600709956,0.0058647206206186315,3
2022-03-30,0.8001344525246953,0.8011344188548237,0.8030311,0.8040275,0.004113537489638148,0.0015393280252078657,78.24380090686088,0.7758553698794413,0.8008264296336236,0.0048646967103835375,-0.004829346857720597,4
2022-03-31,0.8011344188548237,0.8000959892992533,0.8040275,0.80430704,0.004034884201438967,0.0014286946735738238,77.13779041095064,0.7758553698794413,0.8011344188548237,0.0007381987602404795,0.0029604437923042982,5
2022-04-01,0.8000959892992533,0.7983075735702071,0.8014554,0.7982204,0.003959190683175723,0.001196093782259983,73.67199602723113,0.7758553698794413,0.8011344188548237,-0.012837722433705689,-0.0007469024409056691,1
2022-04-04,0.7983075735702071,0.8008841547943019,0.7982204,0.7982362,0.003907135233974157,0.000848650817894776,82.78395571706788,0.7758553698794413,0.8011344188548237,0.01987597695162795,0.013258378662701454,2
2022-04-05,0.8008841547943019,0.8009996300849239,0.7982362,0.7973564,0.0038942098757152105,0.0007240702625582215,82.39501722859953,0.7758553698794413,0.8011344188548237,0.0030310269629588347,0.015795629597449748,3
2022-04-06,0.8009996300849239,0.7959375589165065,0.7973564,0.7977514,0.003814552951929358,0.0005869939325341212,78.50943022571921,0.7758553698794413,0.8011344188548237,-0.012074247417858537,-0.001265965165886409,4
2022-04-07,0.7959375589165065,0.7944894387823864,0.7977514,0.79878527,0.003989873221540964,0.00011751446351471791,58.88966067201023,0.7758553698794413,0.8011344188548237,-0.008166738169883227,-0.010120147279645539,5
2022-04-08,0.7944894387823864,0.7951654261196701,0.79769915,0.7935619,0.003926010023975544,-0.0003053318908366751,52.52290536611392,0.7758553698794413,0.8011344188548237,0.005310605923722223,0.008008522274227657,1
2022-04-11,0.7951654261196701,0.7911330112444409,0.7935619,0.79299766,0.0038501278093631065,-0.0005405317180682055,51.619040285117016,0.7758553698794413,0.8011344188548237,-0.019575916918115405,-0.030985079734576468,2
2022-04-12,0.7911330112444409,0.7914898924876466,0.79299766,0.7948641,0.003933451465185927,-0.0009450360222180987,43.35682215049329,0.7758553698794413,0.8011344188548237,0.016180371556952136,-0.018159026340501153,3
2022-04-13,0.7914898924876466,0.7957854885543927,0.7948641,0.79511744,0.003853788542945776,-0.0011521837561542236,40.878845150905676,0.7758553698794413,0.8011344188548237,0.0006375056286456698,-0.005598441965941124,4
2022-04-14,0.7957854885543927,0.7934618488193949,0.79511744,0.79785717,0.0039639015444852925,-0.0009707875504787467,44.765653485881444,0.7758553698794413,0.8011344188548237,0.002122290505525724,0.004685800886825676,5
2022-04-15,0.7934618488193949,0.7927070941292236,0.79472417,0.79670554,0.003933211957851038,-0.0009755801635740191,36.84926028547846,0.7758553698794413,0.8011344188548237,0.0,-0.0006355471812709671,1
2022-04-18,0.7927070941292236,0.7936381851184893,0.79670554,0.8000117,0.0038572068524868734,-0.0009944749616085603,38.549187564592174,0.7758553698794413,0.8011344188548237,0.01660923204110943,0.03618883431472056,2
2022-04-19,0.7936381851184893,0.7934177957485045,0.8000117,0.80174106,0.003788708792726055,-0.0009113648970052247,37.69619497109327,0.7758553698794413,0.8011344188548237,-0.017245385702313175,0.002125898998712925,3
2022-04-20,0.7934177957485045,0.8008841547943019,0.80174106,0.8029333,0.003713732207103612,-0.0008400845290912394,34.94014624052325,0.7758553698794413,0.8011344188548237,-0.013777188294921696,-0.01221582499720908,4
2022-04-21,0.8008841547943019,0.7943379964323666,0.8029333,0.8030118,0.004193302702830836,-0.0002874903717314625,51.2296726502012,0.7758553698794413,0.8011344188548237,0.011547204670620877,-0.002862033835321452,5
2022-04-22,0.7943379964323666,0.7861017390068997,0.80116445,0.7982281,0.004480002885434558,-0.0003557768310472691,44.60736162900362,0.7758553698794413,0.8011344188548237,-0.026062172064567013,-0.028513891559325235,1
2022-04-25,0.7861017390068997,0.7852005111483278,0.7982281,0.800305,0.00494526502702514,-0.0009166868298943487,32.59466896106886,0.7758553698794413,0.8011344188548237,-0.029565371325842638,-0.07235198536161626,2
2022-04-26,0.7852005111483278,0.780877884037613,0.800305,0.8010366,0.004826308700962279,-0.0012867661249116988,31.735523084287777,0.7758553698794413,0.8011344188548237,-0.0020249359120116427,-0.058124767663280556,3
2022-04-27,0.780877884037613,0.7803964625335444,0.8010366,0.79928416,0.004861406842496998,-0.0017332491705763437,32.287529991132416,0.7758553698794413,0.8011344188548237,0.0032604763781424375,-0.04193992887490836,4
2022-04-28,0.7803964625335444,0.7809693391204788,0.79928416,0.8011706,0.004742195928146516,-0.0019551280344086205,33.03882273517833,0.7758553698794413,0.8011344188548237,-0.009246878261905584,-0.061656208048009954,5
2022-04-29,0.7809693391204788,0.7780284659128957,0.7816931,0.77931225,0.00463015797608906,-0.0019528591182874908,32.87221716427061,0.7758553698794413,0.8011344188548237,-0.004200460650535515,-0.04091653044853702,1
2022-05-02,0.7780284659128957,0.776759355577215,0.77931225,0.7779115,0.0045939864101785565,-0.002030005998660499,33.761467685053304,0.7758553698794413,0.8011344188548237,-0.03225530051190937,-0.043492930345010825,2
2022-05-03,0.776759355577215,0.779192425773089,0.7779115,0.7792259,0.0044988682423123625,-0.0020415701995471903,32.150161850029036,0.7758553698794413,0.8011344188548237,0.0036357441380119823,-0.038063096080001246,3
2022-05-04,0.779192425773089,0.7851018901914113,0.7792259,0.77794415,0.004450093366785466,-0.0017705045689531459,28.942736991644793,0.7758553698794413,0.8011344188548237,0.013373043660184394,-0.028286092433934318,4
2022-05-05,0.7851018901914113,0.7796055545007294,0.77794415,0.78013897,0.004660359911045903,-0.0011106110478724049,40.27587976509767,0.7758553698794413,0.8011344188548237,-0.010100497643645998,-0.029115212332185943,5
2022-05-06,0.7796055545007294,0.7741016254955903,0.78304535,0.78578866,0.00480327716550653,-0.0009669606563761975,36.27457447611259,0.7758553698794413,0.8011344188548237,-0.005499333209514505,-0.03037544932002153,1
2022-05-09,0.7741016254955903,0.7687340368432247,0.78578866,0.7852106,0.004937956828080813,-0.0011526925367629157,31.322636496598065,0.7741016254955903,0.8011344188548237,-0.01620475325248406,-0.014686876360731162,2
2022-05-10,0.7687340368432247,0.7673890255039559,0.7852106,0.7848283,0.005052591301741163,-0.0015238103296384363,28.516171200859787,0.7687340368432247,0.8011344188548237,-0.00922434401865177,-0.027276961675287176,3
2022-05-11,0.7673890255039559,0.7695622574134949,0.7848283,0.78489095,0.004938578066023035,-0.0017314852543702085,17.37018195887603,0.7673890255039559,0.8011344188548237,0.013864232358316693,-0.026799053750572017,4
2022-05-12,0.7695622574134949,0.7678663357672358,0.78489095,0.78494984,0.004857680009525746,-0.0015973582230237463,23.616461461088733,0.7673890255039559,0.8011344188548237,-0.025850570766837735,-0.042006962601721556,5
2022-05-13,0.7678663357672358,0.7747734035172237,0.7732777,0.76929736,0.004761892153868897,-0.0014993071464094567,27.43851809558437,0.7673890255039559,0.8011344188548237,0.018225116357163194,-0.01900735737992101,1
2022-05-16,0.7747734035172237,0.7782101369459655,0.76929736,0.76788735,0.00505632667922252,-0.0008765678693897971,38.768377869170166,0.7673890255039559,0.8011344188548237,0.0038199388179227,0.0008347209336865393,2
2022-05-17,0.7782101369459655,0.7807559287962739,0.76788735,0.7682963,0.005027418196510624,-0.00017707996874737845,47.070511016585996,0.7673890255039559,0.8011344188548237,0.010194545833625966,0.0204597515924605,3
2022-05-18,0.7807559287962739,0.7761444478883794,0.7682963,0.76723623,0.004955559749158635,0.0004773899616479279,50.37761436360452,0.7673890255039559,0.8011344188548237,-0.013655709241902486,-0.007240340524546897,4
2022-05-19,0.7761444478883794,0.780055533547954,0.76723623,0.7677836,0.0050039515954623595,0.0006114866102008114,45.32794209214401,0.7673890255039559,0.8011344188548237,0.02433087712236187,0.0438489226558517,5
2022-05-20,0.780055533547954,0.7805182328702948,0.78026307,0.77779967,0.0050063427414663575,0.0009548903854900677,51.926657095702375,0.7673890255039559,0.8011344188548237,-0.0009338571984142075,0.024040211954999256,1
2022-05-23,0.7805182328702948,0.7820381431315075,0.77779967,0.77833676,0.0048829237764604645,0.001189237671190167,53.628301137195315,0.7673890255039559,0.8011344188548237,0.015414272906901085,0.03598237321630625,2
2022-05-24,0.7820381431315075,0.7798851807360753,0.77833676,0.7813138,0.004783046256512555,0.0014077038091049755,52.79615540094674,0.7673890255039559,0.8011344188548237,-0.005073188864434374,0.02028540269822681,3
2022-05-25,0.7798851807360753,0.7800190490129448,0.7813138,0.7820413,0.004705141165423362,0.0013671610011320463,44.46558757960875,0.7673890255039559,0.8011344188548237,-0.011275925634071683,0.022716352594954314,4
2022-05-26,0.7800190490129448,0.7829014325927138,0.7820413,0.78145593,0.004592636848681119,0.0013092258792846605,50.49499810426564,0.7673890255039559,0.8011344188548237,-0.005157028728977165,-0.007001104793343108,5
2022-05-27,0.7829014325927138,0.7859349207231089,0.7888384,0.785033,0.004559515873756517,0.0014158464818564568,61.23980256358126,0.7673890255039559,0.8011344188548237,0.011450010894338128,0.005372521081748666,1
2022-05-30,0.7859349207231089,0.7901890278129581,0.785033,0.7830312,0.0045355041012757205,0.001626434335235783,73.36337845194606,0.7673890255039559,0.8011344188548237,0.0,-0.010005738498215714,2
2022-05-31,0.7901890278129581,0.7912018095590397,0.7830312,0.78645116,0.004589290875661401,0.0019653375615469233,78.7003801811971,0.7673890255039559,0.8011344188548237,-0.002093226615656373,-0.007051192941729739,3
2022-06-01,0.7912018095590397,0.7895588504374449,0.78645116,0.79298407,0.004490708738435735,0.002155567297633703,78.05938001237973,0.7673890255039559,0.8011344188548237,0.008115951194897815,0.012391857356007398,4
2022-06-02,0.7895588504374449,0.7955576428315095,0.79298407,0.792767,0.004409558617646788,0.002068243061448557,78.16674198643322,0.7673890255039559,0.8011344188548237,0.05043842146787454,0.07027021817512688,5
2022-06-03,0.7955576428315095,0.7946030772629178,0.7973979,0.7970602,0.004624034029165561,0.002294495838219628,77.63931873315397,0.7673890255039559,0.8011344188548237,-0.01694109942939782,0.04031135339993543,1
2022-06-06,0.7946030772629178,0.7949125493740138,0.7970602,0.79830134,0.004521899851178527,0.0022564553862832195,73.3405445505056,0.7673890255039559,0.8011344188548237,-0.008523121594769303,0.031482332097146265,2
2022-06-07,0.7949125493740138,0.7976644616792226,0.79830134,0.7964904,0.004417695495067891,0.0021302802155888324,71.5273432945925,0.7673890255039559,0.8011344188548237,0.0,0.03364371971612258,3
2022-06-08,0.7976644616792226,0.7966857690874706,0.7964904,0.7978129,0.004384835326245378,0.00210649370925264,84.68621601792398,0.7673890255039559,0.8011344188548237,0.00427064122011487,0.029676671363824778,4
2022-06-09,0.7966857690874706,0.7872342162674458,0.7978129,0.79642177,0.004293134876896711,0.0019052497476915032,79.6031816509911,0.7673890255039559,0.8011344188548237,-0.015710969258667343,-0.03623187647048353,5
2022-06-10,0.7872342162674458,0.7813965099593355,0.79477835,0.79276127,0.004947031702756739,0.001058267836933024,59.05669576578873,0.7673890255039559,0.8011344188548237,-0.020253815503193908,-0.03941928422135979,1
2022-06-13,0.7813965099593355,0.7757951694066615,0.79276127,0.7916682,0.005093092964290984,7.916531629406035e-05,49.224991685796155,0.7673890255039559,0.8011344188548237,-0.019842227404011686,-0.05023089466661978,2
2022-06-14,0.7757951694066615,0.7725109898484053,0.7916682,0.7873186,0.005209691916856781,-0.000916517794445309,45.43969566614455,0.7673890255039559,0.8011344188548237,-0.013129773188470176,-0.06261963892486455,3
2022-06-15,0.7725109898484053,0.7767955358051507,0.7873186,0.7846835,0.0051602102577462785,-0.0017204332130877594,42.17811652644671,0.7673890255039559,0.8011344188548237,0.0014407595155047006,-0.06526856461798695,4
2022-06-16,0.7767955358051507,0.7719742491442686,0.7846835,0.7884936,0.00517843136346896,-0.001875070187083924,43.81945411626155,0.7673890255039559,0.8011344188548237,-0.013406814849765658,-0.06311231584894181,5
2022-06-17,0.7719742491442686,0.7692011726074929,0.7748951,0.77493554,0.005227834970188979,-0.0021914849854147156,36.36224183651783,0.7673890255039559,0.8011344188548237,-0.02324972573064061,-0.0659149469320502,1
2022-06-20,0.7692011726074929,0.7703092115527355,0.77493554,0.77573735,0.005153852251363346,-0.0024570051806003246,28.88667430959387,0.7673890255039559,0.8011344188548237,0.0,-0.04719551545742972,2
2022-06-21,0.7703092115527355,0.773281573560038,0.77573735,0.7756588,0.00503412920682964,-0.0024234228822672677,29.022704666435146,0.7673890255039559,0.8011344188548237,0.006327245744323865,-0.02847525087375268,3
2022-06-22,0.773281573560038,0.7713787367961081,0.7756588,0.77098614,0.004983528134638483,-0.002079629161766938,34.081688782179484,0.7673890255039559,0.8011344188548237,-0.022891807166630616,-0.051829653058205145,4
2022-06-23,0.7713787367961081,0.7699948477970592,0.77098614,0.773355,0.004889023963364821,-0.0018658070672681144,24.295024904948136,0.7673890255039559,0.8009996300849239,-0.05007527019268089,-0.08596787216867789,5
2022-06-24,0.7699948477970592,0.7753680790381844,0.78008384,0.7825541,0.004784895415999042,-0.00170728699177792,24.075256102256617,0.7673890255039559,0.8009996300849239,0.00039898684129586245,-0.06409457078601756,1
2022-06-27,0.7753680790381844,0.7770611284540494,0.7825541,0.78355736,0.004917553008656191,-0.0011566241544573035,31.394954681477785,0.7673890255039559,0.8009996300849239,0.005040481110548134,-0.05936524813098821,2
2022-06-28,0.7770611284540494,0.7768197057874338,0.78355736,0.787583,0.004822062715332046,-0.0006212649130521667,29.98346680132346,0.7673890255039559,0.8009996300849239,0.0013221940432880405,-0.06406141162189975,3
2022-06-29,0.7768197057874338,0.776198669509808,0.787583,0.7901638,0.004705727324458705,-0.00024559958577913916,30.41923565495776,0.7673890255039559,0.8008841547943019,-0.0013221940432880527,-0.043654282616796554,4
2022-06-30,0.776198669509808,0.7767774812343311,0.7901638,0.7889896,0.004596656152176523,-1.3386589984470346e-05,36.83046176455108,0.7673890255039559,0.8008841547943019,-0.017215369716929715,-0.01170683719890485,5
2022-07-01,0.7767774812343311,0.7760360273683665,0.78250736,0.7832821,0.004492330701507412,0.0001933422817996227,43.696586701266575,0.7673890255039559,0.8008841547943019,-0.02604633327227293,-0.03750000871876455,1
2022-07-04,0.7760360273683665,0.7777682691135355,0.7832821,0.7835252,0.004393140575486647,0.0002885641975280506,50.37895511124365,0.7673890255039559,0.8008841547943019,0.0,-0.04233926540706707,2
2022-07-05,0.7777682691135355,0.7671770780299172,0.7835252,0.7827037,0.004322556858161231,0.00046611180200214217,58.69624851616635,0.7673890255039559,0.8008841547943019,-0.05509627519484512,-0.09487314354525148,3
2022-07-06,0.7671770780299172,0.7672241595534984,0.7827037,0.78260124,0.005180408819533975,-0.00010156284197021092,36.83626656201369,0.7671770780299172,0.8008841547943019,-0.002045878120812058,-0.09552793248066674,4
2022-07-07,0.7672241595534984,0.7712478884849764,0.78260124,0.7833055,0.005050491417609155,-0.0004274287239319514,42.52183398888093,0.7671770780299172,0.8008841547943019,0.04686572875972961,-0.03567100148385011,5
2022-07-08,0.7712478884849764,0.7723796860450738,0.7649285,0.77048284,0.005060217411482767,-0.00032989658655926523,53.10010998911027,0.7671770780299172,0.8008841547943019,-0.014057007328479318,-0.02403976076187497,1
2022-07-11,0.7723796860450738,0.7695386075259604,0.77048284,0.7724327,0.004946630662437776,-0.00015590397204594177,53.13384105135177,0.7671770780299172,0.8008841547943019,-0.027119838109684272,-0.050151964670569295,2
2022-07-12,0.7695386075259604,0.7673831286928436,0.7724327,0.7727805,0.004891230949415805,-0.00019629272543258882,44.312094548146455,0.7671770780299172,0.8008841547943019,-0.041883173257640245,-0.037518244242400196,3
2022-07-13,0.7673831286928436,0.7691775449078462,0.7727805,0.77311385,0.004810918623921619,-0.0003247335606681549,43.97444010688543,0.7671770780299172,0.8008841547943019,0.008758752448604084,-0.027062601478739276,4
2022-07-14,0.7691775449078462,0.7628929152592716,0.77311385,0.7701531,0.0047252100290007095,-0.0002488174463653428,48.78254422347044,0.7671770780299172,0.7976644616792226,-0.03519335333759035,-0.10371301325472843,5
2022-07-15,0.7628929152592716,0.768674936379074,0.76718926,0.7653937,0.004945081680261632,-0.0005638127308993353,31.908210505830922,0.7628929152592716,0.7976644616792226,0.007447646427040558,-0.08422993432958804,1
2022-07-18,0.768674936379074,0.7703388510624543,0.7653937,0.7627416,0.005103906189917322,-0.00033596062828910927,39.127589933742684,0.7628929152592716,0.7976644616792226,0.034488832166270904,-0.026036349209872158,2
2022-07-19,0.7703388510624543,0.77694647895464,0.7627416,0.7605852,0.005001105564458316,-4.184889374023518e-05,41.89667922127991,0.7628929152592716,0.7976644616792226,-0.0170197516986835,-0.0015167226062545254,3
2022-07-20,0.77694647895464,0.7762166971837997,0.7605852,0.76544625,0.0052288209875573964,0.0005939668809884701,50.81326997898483,0.7628929152592716,0.7976644616792226,0.011478714797717558,0.0012028111525550541,4
2022-07-21,0.7762166971837997,0.7765181203588053,0.76544625,0.762549,0.005101082433019142,0.0009410155008109538,49.392123032588316,0.7628929152592716,0.7976644616792226,-0.008293771177248261,0.028500247255772822,5
2022-07-22,0.7765181203588053,0.7737183566778639,0.7744671,0.77319664,0.004975845380244792,0.0011525419260529318,50.52761090435602,0.7628929152592716,0.7976644616792226,0.013984128994097221,0.03524504079025386,1
2022-07-25,0.7737183566778639,0.7781677611060832,0.77319664,0.7716308,0.00491664754621985,0.0010674997240975618,45.66890736882576,0.7628929152592716,0.7976644616792226,0.0007463414598675229,0.0008960636010747351,2
2022-07-26,0.7781677611060832,0.7767774812343311,0.7716308,0.7715954,0.0049615190362564034,0.0012612240304001232,63.531275274107934,0.7628929152592716,0.7976644616792226,0.009356231511626789,0.027646920601218986,3
2022-07-27,0.7767774812343311,0.7802076738484656,0.7715954,0.7713191,0.004855869156406913,0.0012439688410818147,61.385106448416174,0.7628929152592716,0.7976644616792226,0.013799446663093596,0.030034583046752456,4
2022-07-28,0.7802076738484656,0.7808230067325744,0.7713191,0.7735689,0.0048383449982063184,0.0014001763727260596,60.83098800663434,0.7628929152592716,0.7976644616792226,0.013179943583044093,0.052392445929093076,5
2022-07-29,0.7808230067325744,0.7802990445843283,0.77789927,0.77705115,0.004726268380387609,0.001474089263284216,60.33571955140531,0.7628929152592716,0.7976644616792226,0.030885074406484785,0.0703300272766233,1
2022-08-01,0.7802990445843283,0.7786282229674408,0.77705115,0.77965724,0.004617016562355763,0.0014164799362907745,63.96435463988797,0.7628929152592716,0.7976644616792226,-0.008968687961960311,0.059982086234383176,2
2022-08-02,0.7786282229674408,0.7759216083685423,0.77965724,0.7817679,0.004533103775553247,0.0012030366711455924,64.77923044235303,0.7628929152592716,0.7976644616792226,-0.00777228609106147,0.04198077243110068,3
2022-08-03,0.7759216083685423,0.7779921707459605,0.7817679,0.7817047,0.0044922905275946575,0.0008342649089955558,58.65605202730558,0.7628929152592716,0.7976644616792226,-0.015728041877474796,0.01166349632649768,4
2022-08-04,0.7779921707459605,0.7769887218832071,0.7817047,0.7827987,0.004429945306879709,0.0006904346950643199,71.73073603608849,0.7628929152592716,0.7976644616792226,0.0038834928349346684,0.0023021973068511003,5
2022-08-05,0.7769887218832071,0.7725288466302483,0.7763432,0.7779888,0.004338494519861328,0.0004973834469695384,63.873359252402544,0.7628929152592716,0.7976644616792226,0.019898306639490177,-0.00864959162171594,1
2022-08-08,0.7725288466302483,0.7777864418877182,0.7779888,0.7748586,0.004422019866605157,6.188677879142299e-05,53.34257680736396,0.7628929152592716,0.7976644616792226,0.009663298145692585,0.0099943832020153,2
2022-08-09,0.7777864418877182,0.7760420579128905,0.7748586,0.7748295,0.00457317562325242,0.00011726468692886856,51.337134846016276,0.7628929152592716,0.7976644616792226,0.0013927233381699987,0.019293539583505704,3
2022-08-10,0.7760420579128905,0.7828401337562927,0.7748295,0.77892494,0.004493608779310506,3.0293041580987923e-05,49.730691620094795,0.7628929152592716,0.7976644616792226,0.017384534003716742,0.0536099918788567,4
2022-08-11,0.7828401337562927,0.7835209503341818,0.77892494,0.78219175,0.004790426908514599,0.0004037494361268756,58.12174009309905,0.7628929152592716,0.7976644616792226,0.014933773931209706,0.06531724353625883,5
2022-08-12,0.7835209503341818,0.7825031981613814,0.7854668,0.7851816,0.004681082402357675,0.000654906582868361,63.31824690151467,0.7628929152592716,0.7976644616792226,-0.009341402279006945,0.03461867320093284,1
2022-08-15,0.7825031981613814,0.7749775413226729,0.7851816,0.7864951,0.004580048637656404,0.0007063515036872189,56.49606563655481,0.7628929152592716,0.7976644616792226,-0.012868122622951974,0.011567903005143867,2
2022-08-16,0.7749775413226729,0.7784887628911615,0.7864951,0.78709364,0.00494138534103843,0.0002129946525251732,47.721888666546825,0.7628929152592716,0.7976644616792226,0.0020645340532498197,0.012247713487828573,3
2022-08-17,0.7784887628911615,0.7741256281240091,0.78709364,0.7877539,0.004923985807694902,0.00010789152451056664,47.82889689821108,0.7628929152592716,0.7976644616792226,-0.010643498782088992,-0.015729691308753988,4
2022-08-18,0.7741256281240091,0.7723737122858644,0.7877539,0.7878767,0.004956397099651064,-0.0002511209439313649,42.27236040332662,0.7628929152592716,0.7976644616792226,0.013389684468500692,-0.017248319969877204,5
2022-08-19,0.7723737122858644,0.7692130222690653,0.7743681,0.77568924,0.004860373219264526,-0.0005832445938828319,41.10749693427655,0.7628929152592716,0.7976644616792226,0.0100955673417733,0.0020402429275102473,1
2022-08-22,0.7692130222690653,0.7663950796397436,0.77568924,0.7753839,0.004825467104185892,-0.0009696797273092056,39.77758506923662,0.7628929152592716,0.7976644616792226,-0.003535497640372084,0.011435682596212025,2
2022-08-23,0.7663950796397436,0.7717240489797661,0.7753839,0.77393514,0.004776061974897392,-0.0013458152443483517,39.68165644033506,0.7628929152592716,0.7976644616792226,0.009220382581036387,0.01869932088893004,3
2022-08-24,0.7717240489797661,0.770992206447704,0.77393514,0.7733649,0.004905439557012058,-0.0011727932416511191,43.65850445945729,0.7628929152592716,0.7976644616792226,-0.011948522410051805,0.017370761294765398,4
2022-08-25,0.770992206447704,0.7729409200997527,0.7733649,0.7745932,0.004791516601221492,-0.0010487538653042733,43.899765027796604,0.7628929152592716,0.7976644616792226,0.013566875289911354,0.017551046027566717,5
2022-08-26,0.7729409200997527,0.7656205435019016,0.769599,0.7694041,0.0047117927723514036,-0.0007884610436741277,50.4417719321441,0.7628929152592716,0.7976644616792226,0.00026944961898488136,0.007601432750977542,1
2022-08-29,0.7656205435019016,0.7691538481357669,0.7694041,0.76685697,0.0050421630307511,-0.0010461468052873097,37.50972732159319,0.7628929152592716,0.7976644616792226,-0.023168122718755138,-0.011987508048778482,2
2022-08-30,0.7691538481357669,0.7639711526166757,0.76685697,0.7666905,0.005022813394791572,-0.0009199422343229035,43.17869535355527,0.7628929152592716,0.7976644616792226,-0.022729784336666843,-0.0430557120735055,3
2022-08-31,0.7639711526166757,0.7609654816313816,0.7666905,0.7684262,0.005113979114780346,-0.001113876525402448,30.69670739504248,0.7628929152592716,0.7966857690874706,-0.007503393602892206,-0.0387925032159316,4
2022-09-01,0.7609654816313816,0.7607455455219431,0.7684262,0.76775914,0.005059268940496794,-0.0013568299273549668,27.973126520352665,0.7609654816313816,0.7872342162674458,-0.03000371904235822,-0.07977361640278688,5
2022-09-02,0.7607455455219431,0.7608786513723123,0.76038224,0.7612818,0.004935669575997296,-0.0014368999578973467,28.415914073028176,0.7607455455219431,0.7835209503341818,0.0020479730731946338,-0.0781355159281152,1
2022-09-05,0.7608786513723123,0.7616726637534285,0.7612818,0.7613666,0.004817065526687963,-0.0013848751447412462,33.60957069822565,0.7607455455219431,0.7835209503341818,0.0,-0.05652831376030598,2
2022-09-06,0.7616726637534285,0.7602365987877516,0.7613666,0.764726,0.004709044596843641,-0.0012074491479494285,29.132371931631667,0.7607455455219431,0.7835209503341818,0.013787355194825272,-0.02143863852435258,3
2022-09-07,0.7602365987877516,0.7616204525121212,0.764726,0.7612967,0.004616291107954907,-0.0011002913881687825,31.414505907692856,0.7602365987877516,0.7835209503341818,-0.008976500708669724,-0.02287910297967991,4
2022-09-08,0.7616204525121212,0.7644792613121152,0.7612967,0.7618441,0.004528440253894469,-0.0008603253752679928,35.46745984070914,0.7602365987877516,0.7835209503341818,0.028106252131502352,0.03558354527065715,5
2022-09-09,0.7644792613121152,0.7678722400069422,0.759983,0.76048493,0.004502352137671925,-0.0004536080944377856,43.549907956867635,0.7602365987877516,0.7835209503341818,0.012645967498656327,0.04661701697555643,1
2022-09-12,0.7678722400069422,0.7704219811873796,0.76048493,0.76031613,0.00450745102705301,7.142819806493783e-05,51.98168384495716,0.7602365987877516,0.7835209503341818,0.012350083783838168,0.05962297183065138,2
2022-09-13,0.7704219811873796,0.7597283325796677,0.76031613,0.75990874,0.004465967207990628,0.0005891250373058379,48.112458605287024,0.7602365987877516,0.7835209503341818,-0.012350083783838062,0.032285957132354604,3
2022-09-14,0.7597283325796677,0.7598495193946863,0.75990874,0.75920767,0.005311616635848496,0.00022857819323055797,37.33055559608423,0.7597283325796677,0.7835209503341818,-0.009962910990771172,0.03126820169490785,4
2022-09-15,0.7598495193946863,0.7548879003425816,0.75920767,0.76027083,0.005178750219103536,2.612223951399973e-05,34.64365688836618,0.7597283325796677,0.7835209503341818,-0.006224401018000892,-0.0035350813451689458,5
2022-09-16,0.7548879003425816,0.7542502174111635,0.7644442,0.76526934,0.005244676228068328,-0.00039106466516501594,36.67302941191218,0.7548879003425816,0.7835209503341818,0.010586630784932173,-0.005585026647819549,1
2022-09-19,0.7542502174111635,0.7550931110488813,0.76526934,0.76695424,0.005117329558521947,-0.0006441363257702606,30.05990141475253,0.7542502174111635,0.7835209503341818,-0.0009834160131192236,-0.01875605540780757,2
2022-09-20,0.7550931110488813,0.7483349460739215,0.76695424,0.76594543,0.004998991108530943,-0.0006851222414735224,36.56112922967079,0.7542502174111635,0.7835209503341818,-0.002673926948828699,-0.009215300626779192,3
2022-09-21,0.7483349460739215,0.7419113161842308,0.76594543,0.7668665,0.005249430970588764,-0.0010745486426567289,32.83134059572683,0.7483349460739215,0.7835209503341818,-0.010198392195087953,-0.009448584332964268,4
2022-09-22,0.7419113161842308,0.7423298583463315,0.7668665,0.7665035,0.005447436540888183,-0.0016381580529555633,28.09330983092896,0.7419113161842308,0.7835209503341818,-0.003851363389370319,-0.007095177293159109,5
2022-09-23,0.7423298583463315,0.7363336315145508,0.7427861,0.7435469,0.005310987475094773,-0.0018410115329224926,28.567620881674472,0.7419113161842308,0.7835209503341818,-0.03697658256135126,-0.05321541355646259,1
2022-09-26,0.7363336315145508,0.7293626755619046,0.7435469,0.745171,0.005466410443243121,-0.002212295803579338,23.86383688033908,0.7363336315145508,0.7835209503341818,-0.01735274304609566,-0.06858748162685718,2
2022-09-27,0.7293626755619046,0.728730208412332,0.745171,0.74166274,0.005712769384666895,-0.0027268485615188735,21.418291631460008,0.7293626755619046,0.7835209503341818,0.0028629649246226284,-0.0634160475993138,3
2022-09-28,0.728730208412332,0.7337887777467826,0.74166274,0.7405959,0.0055664845489763635,-0.0028935029388830937,19.12209762555112,0.728730208412332,0.7835209503341818,0.017599265856016143,-0.03701597703143894,4
2022-09-29,0.7337887777467826,0.7312881647130739,0.7405959,0.74459547,0.005634350799360421,-0.0024635815217648608,22.330129509124944,0.728730208412332,0.7835209503341818,0.017004246566302488,-0.016721466251386062,5
2022-09-30,0.7312881647130739,0.7253051412867751,0.7368168,0.74014103,0.005537137393788778,-0.0021590695038440025,16.477188652448532,0.728730208412332,0.7835209503341818,0.000581184279762811,0.02091054328462235,1
2022-10-03,0.7253051412867751,0.7337779943613056,0.74014103,0.7380471,0.005680884138443892,-0.0021664430304930444,11.10565198525778,0.7253051412867751,0.7835209503341818,0.004637698966480462,0.04360948251906449,2
2022-10-04,0.7337779943613056,0.7404445399306621,0.7380471,0.7429587,0.006097911930501508,-0.00144143581318781,26.73801590947582,0.7253051412867751,0.7835209503341818,0.01720224306202251,0.05868189465213416,3
2022-10-05,0.7404445399306621,0.7354131064296554,0.7429587,0.74155766,0.006264046610311711,-0.000407381611819543,34.43212424038646,0.7253051412867751,0.7835209503341818,0.0041132293482632675,0.044500313567666754,4
2022-10-06,0.7354131064296554,0.7277490880805804,0.74155766,0.74318826,0.006272541056558908,2.0561231434776395e-05,34.393596895887,0.7253051412867751,0.7835209503341818,-0.016411392102800407,0.010174374078467156,5
2022-10-07,0.7277490880805804,0.7282207630311511,0.73484623,0.7345664,0.006520785370803236,-0.00012188053124476649,30.91245071731987,0.7253051412867751,0.7835209503341818,-0.01814931900831225,-0.008570600924277232,1
2022-10-10,0.7282207630311511,0.7259527829115416,0.7345664,0.73655087,0.0063412800676910805,-9.488255185916873e-05,30.54102326708491,0.7253051412867751,0.7835209503341818,0.011943086371317376,-0.0013013048970335777,2
2022-10-11,0.7259527829115416,0.7250842737006845,0.73655087,0.7342063,0.006204026315590706,-0.0001377204331484659,32.66521712708479,0.7253051412867751,0.7835209503341818,0.00706917560844575,-0.011370086166157839,3
2022-10-12,0.7250842737006845,0.7238142210212064,0.7342063,0.7362281,0.006041032597923312,-0.0001324595897373073,35.74061929356253,0.7250842737006845,0.7835209503341818,-0.009678647353026296,-0.024911552276031694,4
2022-10-13,0.7238142210212064,0.7267389356212111,0.7362281,0.7311954,0.0058911293948171375,-0.00012265084350568216,34.53290361050706,0.7238142210212064,0.7835209503341818,0.006655117764567944,-0.002158254229820148,5
2022-10-14,0.7267389356212111,0.721761120923567,0.7310424,0.7350552,0.005805471943582131,0.0001574740435379661,41.551497406882376,0.7238142210212064,0.7835209503341818,-0.004914713560715287,0.011135562746811269,1
2022-10-17,0.721761120923567,0.729240367083495,0.7350552,0.73178065,0.0058461986423375,8.766336806013963e-05,43.06304323697292,0.721761120923567,0.7835209503341818,0.001447980587636241,0.0005790806494070534,2
2022-10-18,0.729240367083495,0.7285337601159455,0.73178065,0.7319614,0.006130442260384355,0.0005969601717537801,50.41384092998359,0.721761120923567,0.7835209503341818,-0.014281731075751121,-0.020557741820916364,3
2022-10-19,0.7285337601159455,0.7260687748832342,0.7319614,0.7277974,0.005968975301507554,0.0009187695282589295,45.41327597929899,0.721761120923567,0.7835209503341818,-0.01359559953264893,-0.024386666555919177,4
2022-10-20,0.7260687748832342,0.7258316152900559,0.7277974,0.7291396,0.00585594958223033,0.0009918859522757336,45.44153782142872,0.721761120923567,0.7835209503341818,0.026574235556435358,-0.004758470460401795,5
2022-10-21,0.7258316152900559,0.732804752787173,0.7306975,0.7259574,0.005702145216846961,0.0010452074994105106,50.511104133887315,0.721761120923567,0.7835209503341818,0.020648862969661265,0.02101144478272712,1
2022-10-24,0.732804752787173,0.7301828649957705,0.7259574,0.72629726,0.005940346235930795,0.001541088874014833,49.026833926584374,0.721761120923567,0.7835209503341818,-0.012424278700876038,0.006945498083716214,2
2022-10-25,0.7301828649957705,0.7343923177695703,0.72629726,0.7293849,0.005834280972135067,0.0016725187021475784,38.83610880097954,0.721761120923567,0.7835209503341818,-0.008369469804456653,0.01291645649461232,3
2022-10-26,0.7343923177695703,0.7378984367151931,0.7293849,0.7318701,0.005821810539059851,0.0020007757799596106,48.86923896321802,0.721761120923567,0.7835209503341818,0.05057572217400336,0.08004755459026167,4
2022-10-27,0.7378984367151931,0.7372184955311785,0.7318701,0.73523164,0.0057665943919166665,0.002385747291739019,62.383494137028315,0.721761120923567,0.7835209503341818,-0.001102673735418754,0.05056505065479429,5
2022-10-28,0.7372184955311785,0.7348564234218244,0.7365219,0.7332838,0.005619107817603797,0.0025135032904668045,60.922863764680734,0.721761120923567,0.7835209503341818,-0.04499098542763021,-0.01617937035703842,1
2022-10-31,0.7348564234218244,0.7347160490626524,0.7332838,0.7324924,0.005517018188546539,0.0023602659598270246,60.784004329387486,0.721761120923567,0.7835209503341818,-0.015263035855571663,-0.0189682378767118,2
2022-11-01,0.7347160490626524,0.7343222446572475,0.7324924,0.7342131,0.005375581316372699,0.0021753444447405023,61.87537453133152,0.721761120923567,0.7835209503341818,0.027735406246531834,0.017098975529084716,3
2022-11-02,0.7343222446572475,0.7291180362453525,0.7342131,0.734308,0.005240137883760995,0.0019591264245481287,63.24185279079012,0.721761120923567,0.7835209503341818,-0.0011403988240251282,-0.03416444057258297,4
2022-11-03,0.7291180362453525,0.7276749114609253,0.734308,0.7353715,0.005336781536940661,0.0014231728760459895,52.83517814728813,0.721761120923567,0.7835209503341818,-0.014076654119052961,-0.0466142358416485,5
2022-11-04,0.7276749114609253,0.7400554754357414,0.73573434,0.73797613,0.005218729985029258,0.0009516907350046321,57.6958149422487,0.721761120923567,0.7825031981613814,0.07198753440505058,0.07169644101465344,1
2022-11-07,0.7400554754357414,0.7410975789033257,0.73797613,0.7401109,0.0062911304197207155,0.0014253603223266637,62.4818214388261,0.721761120923567,0.7784887628911615,-0.023149192689883615,0.0632781125602481,2
2022-11-08,0.7410975789033257,0.7454120008854014,0.7401109,0.73861176,0.006130792301641025,0.0017397594145302717,64.3885998621922,0.721761120923567,0.7784887628911615,0.020723298470771447,0.055848371355531515,3
2022-11-09,0.7454120008854014,0.7392895174176518,0.73861176,0.7386509,0.0061039413596617135,0.00214271598528179,71.25238220811232,0.721761120923567,0.7741256281240091,0.009668401989680267,0.06732272638763452,4
2022-11-10,0.7392895174176518,0.7501031227620035,0.7386509,0.7396371,0.006205647302944086,0.0019091124121997317,63.092950494370484,0.721761120923567,0.7729409200997527,0.014461307722984953,0.09822072766190723,5
2022-11-11,0.7501031227620035,0.7544892137358531,0.7398543,0.74139106,0.006834459837959344,0.0023652415273302373,65.65912203132993,0.721761120923567,0.7729409200997527,0.040020823400885835,0.06366941121361316,1
2022-11-14,0.7544892137358531,0.7504859061930192,0.74139106,0.74190503,0.006769933989597205,0.002814190871997223,71.32196970485768,0.721761120923567,0.7729409200997527,-0.024597693190473145,0.06212980087137904,2
2022-11-15,0.7504859061930192,0.7533807847399179,0.74190503,0.74108946,0.006683907269288204,0.0026932994847121785,64.16883171088239,0.721761120923567,0.7729409200997527,-0.004028875090579742,0.03616247929078336,3
2022-11-16,0.7533807847399179,0.7498781581009041,0.74108946,0.7359047,0.006556656587755371,0.002655667839076144,63.77899412927281,0.721761120923567,0.7729409200997527,-0.013503933351268576,0.012428225905735614,4
2022-11-17,0.7498781581009041,0.7506718688477646,0.7359047,0.7386269,0.006457508902295085,0.0022578678601260964,60.727861017740096,0.721761120923567,0.7729409200997527,-0.02634723067351903,-0.02805582461738392,5
2022-11-18,0.7506718688477646,0.7475573587044776,0.7506325,0.75296605,0.006287570632650131,0.0019242107570710243,63.76805217902221,0.721761120923567,0.7704219811873796,-0.015707520511022276,-0.08073905535915317,1
2022-11-21,0.7475573587044776,0.7436990084909235,0.75296605,0.755902,0.006184594973516518,0.0013944488302213938,60.62856198484608,0.721761120923567,0.7704219811873796,-0.01679775910019108,-0.07354084428749706,2
2022-11-22,0.7436990084909235,0.7483629854093177,0.755902,0.75794685,0.006123004752861303,0.0007188948281041958,57.34004904481903,0.721761120923567,0.7704219811873796,0.011967852886423014,-0.05860135630646501,3
2022-11-23,0.7483629854093177,0.7494229423832192,0.75794685,0.7543206,0.006117971222833671,0.0005296113358822531,65.193279824668,0.721761120923567,0.7704219811873796,0.0008296518546003267,-0.04501056896691484,4
2022-11-24,0.7494229423832192,0.7498162913402585,0.7543206,0.7559095,0.005964577275226246,0.00042382810750218967,67.2738905077176,0.721761120923567,0.7704219811873796,0.0,-0.01951484615233005,5
2022-11-25,0.7498162913402585,0.7457343848955105,0.7504235,0.75023395,0.00580938901409757,0.00033241920215250093,59.576305037604676,0.721761120923567,0.7704219811873796,0.0024847678648594,-0.0015143387245341122,1
2022-11-28,0.7457343848955105,0.7412953595163301,0.75023395,0.75078076,0.005779933539587173,-3.154634546666214e-05,54.29308647245114,0.721761120923567,0.7704219811873796,-0.0044216719910320414,0.010919791024767169,2
2022-11-29,0.7412953595163301,0.7361818381272077,0.75078076,0.75102466,0.005775988988112649,-0.0005699840363280308,46.19729323925953,0.721761120923567,0.7704219811873796,0.005386385951892888,0.004288302246022378,3
2022-11-30,0.7361818381272077,0.7456009576562593,0.75102466,0.7493092,0.005822164581052106,-0.0012312973436996535,47.074784876623916,0.721761120923567,0.7704219811873796,0.027041511441138335,0.03096060441992118,4
2022-12-01,0.7456009576562593,0.7442968439593793,0.7493092,0.74913657,0.006319856995623946,-0.001004714002451753,45.647923258624374,0.721761120923567,0.7704219811873796,0.02240428742869569,0.0543192317616381,5
2022-12-02,0.7442968439593793,0.7438262154909114,0.74575865,0.74641097,0.006161957918401942,-0.0009155338630316722,39.52315305227014,0.721761120923567,0.7704219811873796,0.008875067017934285,0.061078220033170316,1
2022-12-05,0.7438262154909114,0.7359434505122235,0.74641097,0.74578154,0.006000105282373456,-0.0008618725918754697,42.618334267658724,0.721761120923567,0.7704219811873796,-0.015319461924328762,0.04957759202194217,2
2022-12-06,0.7359434505122235,0.7326329108772294,0.74578154,0.74365705,0.006283643352084838,-0.0013043477257412323,32.59662340715555,0.721761120923567,0.7598495193946863,0.0057887476955071826,0.04999998686399055,3
2022-12-07,0.7326329108772294,0.7326544107044335,0.74365705,0.74337256,0.006192684230561189,-0.0017398346566508437,32.722088357100915,0.721761120923567,0.7598495193946863,0.011477864376372472,0.033784669701573074,4
2022-12-08,0.7326544107044335,0.7354184576653927,0.74337256,0.7403697,0.006028581457325297,-0.0019315041634645727,31.664704106163285,0.721761120923567,0.7550931110488813,0.006463335625930137,0.017435812484469817,5
2022-12-09,0.7354184576653927,0.7323163824446769,0.7295044,0.7260075,0.005929355233040339,-0.0017808807604398269,37.55821601537047,0.721761120923567,0.7550931110488813,-0.001160356135408776,0.007276475459677466,1
2022-12-12,0.7323163824446769,0.7336595905307749,0.7260075,0.7288382,0.005845578222884121,-0.0017939139463389589,38.14964627011231,0.721761120923567,0.7550931110488813,-0.020197407299658264,0.0023750001179665896,2
2022-12-13,0.7336595905307749,0.7377133633755908,0.7288382,0.7263329,0.005708733670516712,-0.0016210644020758329,33.555366978343244,0.721761120923567,0.7544892137358531,0.010735868843074823,0.007346156997833926,3
2022-12-14,0.7377133633755908,0.7379964619558198,0.7263329,0.72854215,0.005692897065314752,-0.0011640915782167832,37.72569788413417,0.721761120923567,0.7544892137358531,0.009203525932870658,0.005057714240165767,4
2022-12-15,0.7379964619558198,0.7321608727479153,0.72854215,0.7279652,0.005547226660457423,-0.0007909734800330059,37.58142675095415,0.721761120923567,0.7544892137358531,-0.029329148152795206,-0.030279619736966037,5
2022-12-16,0.7321608727479153,0.7305348942725791,0.7354937,0.7359899,0.005672682544705251,-0.0008786509383316757,36.24575816115059,0.721761120923567,0.7544892137358531,-0.000398732072796037,-0.029540776036496498,1
2022-12-19,0.7305348942725791,0.7329766112826528,0.7359899,0.73536277,0.00554709580086973,-0.0009798997813403913,38.437056510960325,0.721761120923567,0.7544892137358531,0.005699561054415408,-0.004080576126231864,2
2022-12-20,0.7329766112826528,0.7353265303904171,0.73536277,0.7376508,0.005456424988155699,-0.000822523060892258,46.34591671070769,0.721761120923567,0.7544892137358531,0.0038255842291201646,-0.010938938886725983,3
2022-12-21,0.7353265303904171,0.7346081498113697,0.7376508,0.73978156,0.005365684935970127,-0.0005152784266512912,36.03598814410676,0.721761120923567,0.7544892137358531,0.002235839507275352,-0.01780645308956023,4
2022-12-22,0.7346081498113697,0.7333098646893096,0.73978156,0.740561,0.005234343232844456,-0.0003248430530339182,36.61901562849005,0.721761120923567,0.7544892137358531,-0.014423036346991203,-0.0030561042062156605,5
2022-12-23,0.7333098646893096,0.7358513919504499,0.73354423,0.73339665,0.0051172584949914866,-0.0002538721681138241,35.80056423050199,0.721761120923567,0.7544892137358531,0.013634490901053129,0.011032857332827783,1
2022-12-26,0.7358513919504499,0.7376263097897408,0.73339665,0.73600507,0.005049695165418127,-1.587323954084811e-05,49.85474974183857,0.721761120923567,0.7544892137358531,0.0,0.005286804379288604,2
2022-12-27,0.7376263097897408,0.7393715550497497,0.73600507,0.7350121,0.004954899810167895,0.00026545228977313583,58.279823974695006,0.721761120923567,0.7544892137358531,0.007987978209936256,0.009479924778386864,3
2022-12-28,0.7393715550497497,0.7353265303904171,0.7350121,0.73632044,0.004862759275720576,0.0005566878897878774,60.53578422316961,0.721761120923567,0.7544892137358531,-0.0003913355462330034,0.006831324994028573,4
2022-12-29,0.7353265303904171,0.7378984367151931,0.73632044,0.7373801,0.004892776519847804,0.00046807757529776116,49.86138303650212,0.721761120923567,0.7544892137358531,-0.0028746701664194908,0.018525978919132217,5
2022-12-30,0.7378984367151931,0.7392020914695405,0.735413,0.73502016,0.004837338049221289,0.0005672425331133516,58.553936334462236,0.721761120923567,0.7544892137358531,-0.004064797677231731,0.000657390806735002,1
2023-01-02,0.7392020914695405,0.7375174892743294,0.73502016,0.7335285,0.004737400814777758,0.0006966732900155902,58.503633193848856,0.721761120923567,0.7544892137358531,0.0,0.000657390806735002,2
2023-01-03,0.7375174892743294,0.7313095856857832,0.7335285,0.73123837,0.004649830422075624,0.0006459976525301397,49.67591810557052,0.721761120923567,0.7544892137358531,-0.010433957899771593,-0.017607898169920345,3
2023-01-04,0.7313095856857832,0.7415591875688752,0.73123837,0.73279315,0.004901580263322745,0.00019495242994985998,40.74983986034333,0.721761120923567,0.7544892137358531,-0.007061513953980213,-0.024138823323434276,4
2023-01-05,0.7415591875688752,0.7374685370002942,0.73279315,0.7337466,0.005671028118550253,0.0005664430592081727,61.58607542774374,0.721761120923567,0.7544892137358531,0.020774820894930334,-0.0007851402520186023,5
2023-01-06,0.7374685370002942,0.7443134201925901,0.73698616,0.73270464,0.0056529938893109455,0.0005175566242536843,58.05800217702065,0.721761120923567,0.7544892137358531,0.02342691166842184,0.02706606879185705,1
2023-01-09,0.7443134201925901,0.7466196725542813,0.73270464,0.7325751,0.005868131434252715,0.0009044492981896511,61.95197658657277,0.7258316152900559,0.7544892137358531,0.027755004194320008,0.05597157246120396,2
2023-01-10,0.7466196725542813,0.7444409035480226,0.7325751,0.73433036,0.005757124548545513,0.0012524920824145659,61.916912552174914,0.7258316152900559,0.7544892137358531,0.0119969437033643,0.07992561796214906,3
2023-01-11,0.7444409035480226,0.7446016079850161,0.73433036,0.7399467,0.005643976143057915,0.0012688612618697334,60.06562725395096,0.7258316152900559,0.7544892137358531,0.021286480607387536,0.11097739183657855,4
2023-01-12,0.7446016079850161,0.7476076595533823,0.7399467,0.74237317,0.005500963486815038,0.0012228934902366341,61.83480874288409,0.7258316152900559,0.7544892137358531,0.007553507080328285,0.09638548574162632,5
2023-01-13,0.7476076595533823,0.7464803484247942,0.744133,0.74515575,0.005435598988068526,0.001319060016920217,62.202851037480094,0.7276749114609253,0.7544892137358531,0.0051230495099683585,0.07649994323948066,1
2023-01-16,0.7464803484247942,0.7463912135799188,0.74515575,0.74360895,0.005309324287136128,0.0012324844043258324,59.315616059129624,0.7276749114609253,0.7544892137358531,0.0,0.047032508820924114,2
2023-01-17,0.7463912135799188,0.7468259969911896,0.74360895,0.74355686,0.005178233523967638,0.0010993528996012833,57.65228009979354,0.7276749114609253,0.7544892137358531,0.0017809851053655899,0.03639051967513167,3
2023-01-18,0.7468259969911896,0.7409712379488279,0.74355686,0.7436962,0.005053657145727074,0.0009749496285981452,63.60683648725478,0.7276749114609253,0.7544892137358531,0.003197666423112939,0.01781198257515709,4
2023-01-19,0.7409712379488279,0.7427323663873683,0.7436962,0.7459056,0.005215483963377343,0.0004589324571418114,53.37380822075025,0.7276749114609253,0.7544892137358531,-0.0004730585681476769,0.009675146986824212,5
2023-01-20,0.7427323663873683,0.7478872023913538,0.7415464,0.7413317,0.0051151562011479065,0.00020949189953631156,53.83754435704786,0.7276749114609253,0.7544892137358531,0.005191713423161991,0.009744477613699455,1
2023-01-23,0.7478872023913538,0.7479375476398922,0.7413317,0.7421122,0.0052152603593537275,0.00035631349934799224,60.48149416970881,0.7276749114609253,0.7544892137358531,0.0012938117847990998,0.011051742413415949,2
2023-01-24,0.7479375476398922,0.747674760096064,0.7421122,0.74155396,0.005087860493413148,0.00041723912615049394,69.19679615279676,0.7276749114609253,0.7544892137358531,-0.002000141594498202,0.007236046037013875,3
2023-01-25,0.747674760096064,0.747373002349849,0.74155396,0.74155706,0.004965368135064141,0.0004001986234796204,59.176369521971054,0.7276749114609253,0.7544892137358531,-0.0012964038611068427,0.0027196126392917664,4
2023-01-26,0.747373002349849,0.7509706496320528,0.74155706,0.74147886,0.004847324996420958,0.00033178463172829414,66.76818530970522,0.7276749114609253,0.7544892137358531,0.006347835431552937,0.009582435514727459,5
2023-01-27,0.7509706496320528,0.7516988390105571,0.74702036,0.7461677,0.004849100416318687,0.0004828518216913307,62.662941394582845,0.7305348942725791,0.7544892137358531,-0.010128509708496632,-0.005766716237829345,1
2023-01-30,0.7516988390105571,0.747171965802526,0.7461677,0.74748766,0.004739802068489912,0.0005793437557615176,60.27829913124333,0.7305348942725791,0.7544892137358531,-0.004865078397412996,-0.011871271907578336,2
2023-01-31,0.747171965802526,0.7515406452066058,0.74748766,0.7454673,0.004809065818291392,0.0002998844510102563,55.046997034975846,0.7305348942725791,0.7544892137358531,0.0059298314901479595,-0.0040042864239617434,3
2023-02-01,0.7515406452066058,0.7532956766674057,0.7454673,0.74566907,0.004866934806454792,0.0003664458004390518,61.097386983560064,0.7305348942725791,0.7544892137358531,-0.028180971315559473,-0.030424461567597743,4
2023-02-02,0.7532956766674057,0.7509424145542646,0.74566907,0.7475456,0.004780242640859092,0.0004787648265637571,59.475838894339766,0.7305348942725791,0.7544892137358531,-0.004143869067426235,-0.04054378431003555,5
2023-02-03,0.7509424145542646,0.7462853686981245,0.7550568,0.75374013,0.004716197220689957,0.0003506030289703219,57.14177054612217,0.7305348942725791,0.7544892137358531,-0.007600786928514156,-0.03811547722662296,1
2023-02-06,0.7462853686981245,0.7439922633250815,0.75374013,0.7524465,0.004797711437319674,-6.939022847683631e-05,49.85220137272751,0.7305348942725791,0.7533807847399179,-0.004811026420657321,-0.03806348406160235,2
2023-02-07,0.7439922633250815,0.7468204119678467,0.7524465,0.74973845,0.004731264809474239,-0.0004992617372819082,46.238284941375376,0.7305348942725791,0.7533807847399179,0.0110675198721468,-0.03310863666744213,3
2023-02-08,0.7468204119678467,0.7437709486284636,0.74973845,0.75001967,0.004696555486379235,-0.0005848257822488366,58.44308644202844,0.7305348942725791,0.7532956766674057,-0.011067519872146717,-0.016419390279435155,4
2023-02-09,0.7437709486284636,0.7435663085344287,0.75001967,0.75090855,0.004671104084849697,-0.000823861699872456,51.445399353630584,0.7305348942725791,0.7532956766674057,0.015216951712487221,0.0028090764453617277,5
2023-02-10,0.7435663085344287,0.7486487058142531,0.7433088,0.74090827,0.004563947414469501,-0.0009631324352868582,43.025636587993475,0.7305348942725791,0.7532956766674057,-0.01918171810292671,-0.00873739793860361,1
2023-02-13,0.7486487058142531,0.7500131207019642,0.74090827,0.7402773,0.004703289433766238,-0.0006929699378228332,50.987472030766824,0.7305348942725791,0.7532956766674057,0.014665304492188851,0.010757993611667398,2
2023-02-14,0.7500131207019642,0.7495914986686512,0.7402773,0.7390388,0.004612877262586409,-0.00041603851828788535,53.1505244770522,0.7305348942725791,0.7532956766674057,0.005611882545715784,0.005258679345935938,3
2023-02-15,0.7495914986686512,0.7467925545869974,0.7390388,0.73879164,0.004509149918232763,-0.0002624141400070447,52.979405468643755,0.7305348942725791,0.7532956766674057,-0.014212463309734498,0.002102163792357256,4
2023-02-16,0.7467925545869974,0.7422251621221501,0.73879164,0.73437136,0.004480139059028005,-0.0003452465144528419,44.265870643269125,0.7305348942725791,0.7532956766674057,0.027625758127863238,0.014614526743646643,5
2023-02-17,0.7422251621221501,0.7417297337349654,0.7452965,0.7451985,0.004574644450325216,-0.0006840145483917371,38.23760010022418,0.7305348942725791,0.7532956766674057,-0.012440602597921168,0.0214772657311858,1
2023-02-20,0.7417297337349654,0.7433286481384369,0.7451985,0.7448778,0.004473152017246693,-0.0009040170731729848,42.491313702216765,0.7305348942725791,0.7532956766674057,0.0,0.006606300737598383,2
2023-02-21,0.7433286481384369,0.7388307292201083,0.7448778,0.7445451,0.004399720451598414,-0.0009023302798917358,37.732232471921854,0.7305348942725791,0.7532956766674057,0.028869487950406024,0.030291920626919024,3
2023-02-22,0.7388307292201083,0.738258011626633,0.7445451,0.74348336,0.004496454874541708,-0.0011488104074282534,30.027796468946946,0.7305348942725791,0.7532956766674057,-0.007585686633612644,0.03714210735661347,4
2023-02-23,0.738258011626633,0.7383779044896249,0.74348336,0.7438447,0.00439881354811428,-0.0012848003077015465,31.58058429168085,0.7305348942725791,0.7532956766674057,-0.031299737103105005,-0.02220626723462047,5
2023-02-24,0.7383779044896249,0.735634893366103,0.7372881,0.7387013,0.0043022580040038855,-0.0012972791577355528,36.77460426034399,0.7305348942725791,0.7532956766674057,-0.0293992354981824,-0.038648499255246056,1
2023-02-27,0.735634893366103,0.7367025518201241,0.7387013,0.73882073,0.004283613375566809,-0.0014114365948877333,36.2293692259374,0.7305348942725791,0.7532956766674057,0.013561207960721376,-0.025522611343045405,2
2023-02-28,0.7367025518201241,0.7328584659155092,0.73882073,0.7391725,0.004203963661963853,-0.0013369348995882783,32.30178959278405,0.7305348942725791,0.7532956766674057,0.02183520450674725,-0.03235330880738346,3
2023-03-01,0.7328584659155092,0.7358568141165495,0.7391725,0.7369355,0.004265514897858722,-0.001458499722146268,31.428114611303158,0.7305348942725791,0.7532956766674057,0.01705936313808211,-0.008209315009926495,4
2023-03-02,0.7358568141165495,0.7355753543996503,0.7369355,0.73751223,0.004270050389766682,-0.0012565902354426057,38.01859456593958,0.7305348942725791,0.7532956766674057,-0.020359430144531593,0.002700750436095859,5
2023-03-03,0.7355753543996503,0.7351319859753153,0.7355457,0.7346825,0.0041788386223658314,-0.0010689634031301805,26.118948881300383,0.7305348942725791,0.7532956766674057,-0.001470238400068026,0.031099910829641097,1
2023-03-06,0.7351319859753153,0.7344193219878383,0.7346825,0.7351481,0.004092108076199735,-0.0009080206221128645,21.870121537258782,0.7305348942725791,0.7532956766674057,0.005502254552679114,0.02282371820718736,2
2023-03-07,0.7344193219878383,0.7273785453448806,0.7351481,0.7353449,0.0040117912424787235,-0.0007873560250624976,21.63210009392928,0.7305348942725791,0.7532956766674057,-0.028195284362454855,-0.027089646552807715,3
2023-03-08,0.7273785453448806,0.724669171207183,0.7353449,0.7354186,0.004446927456622517,-0.0011003132733715896,18.670545054551823,0.7273785453448806,0.7532956766674057,0.013702273664630739,-0.030350317414737333,4
2023-03-09,0.724669171207183,0.7230135032033348,0.7354186,0.7366162,0.004420557273707848,-0.0013897227321469433,19.861600090238753,0.724669171207183,0.7532956766674057,0.0032114679606452434,-0.007223312152376789,5
2023-03-10,0.7230135032033348,0.7265435593134609,0.7272693,0.7262249,0.004350186108699328,-0.0015787890475523593,19.100709809701456,0.7230135032033348,0.7532956766674057,-0.0022222975731185043,-0.007969658283858653,1
2023-03-13,0.7265435593134609,0.7280563718497983,0.7262249,0.7268687,0.004388182595309905,-0.0013605118782401646,23.949950674177657,0.7230135032033348,0.7532956766674057,0.00591503105341583,-0.007560086945883955,2
2023-03-14,0.7280563718497983,0.7305188624447687,0.7268687,0.72735715,0.0043176673185055655,-0.0010239970446194913,31.570887125674233,0.7230135032033348,0.7532956766674057,-0.014604223875148894,0.006020300835024324,3
2023-03-15,0.7305188624447687,0.7264854828184519,0.72735715,0.7296749,0.004289965666171396,-0.000568073665818561,37.56630026235766,0.7230135032033348,0.7532956766674057,-0.03915589726406634,-0.04577512730602055,4
2023-03-16,0.7264854828184519,0.728910801357094,0.7296749,0.73102564,0.004361757310601089,-0.0004744640883122143,33.02787272883309,0.7230135032033348,0.7532956766674057,0.00749165073918125,-0.04168211727218339,5
2023-03-17,0.728910801357094,0.7294052300164148,0.72583777,0.7270689,0.004330089946902315,-0.00019959252318547775,40.31597956948896,0.7230135032033348,0.7532956766674057,0.00718046840986544,-0.03262878198893262,1
2023-03-20,0.7294052300164148,0.7314753856491583,0.7270689,0.72643965,0.004239882628451437,5.1711353052210154e-05,39.31397549174246,0.7230135032033348,0.7532956766674057,0.015718420931151944,-0.02309862719641554,2
2023-03-21,0.7314753856491583,0.729458445926116,0.72643965,0.72726405,0.004197226821356917,0.0003755110476484375,47.86365861356503,0.7230135032033348,0.7532956766674057,0.010758108421719634,0.0019947380861452912,3
2023-03-22,0.729458445926116,0.7290383214492245,0.72726405,0.7277343,0.004150371833903928,0.00046609085862812276,39.80791019605791,0.7230135032033348,0.7532956766674057,0.012365729819804586,0.05497216038767177,4
2023-03-23,0.7290383214492245,0.7290223552389774,0.7277343,0.7287421,0.004065512832314386,0.0005065873246197956,39.63282671919519,0.7230135032033348,0.7532956766674057,0.018869600463035117,0.06704412747205492,5
2023-03-24,0.7290223552389774,0.7284700510916793,0.7314776,0.73128384,0.0039824159587399975,0.0005382074499890397,40.177491463000095,0.7230135032033348,0.7532956766674057,-0.010791223100072961,0.048038829786683154,1
2023-03-27,0.7284700510916793,0.7323807660437429,0.73128384,0.7300923,0.0039053410802510923,0.0005271519599917632,40.3857299500803,0.7230135032033348,0.7532956766674057,0.0007311193639447331,0.0324486747873515,2
2023-03-28,0.7323807660437429,0.7356565052341569,0.7300923,0.7282214,0.004005354874979401,0.0007735457346469471,58.993650956642725,0.7230135032033348,0.7532956766674057,0.0018256371744921763,0.023267423364606306,3
2023-03-29,0.7356565052341569,0.7372945658877617,0.7282214,0.7272712,0.004045369712330171,0.0011261016150604648,69.36019157957625,0.7230135032033348,0.7532956766674057,0.000729253137918563,0.011429206999362302,4
2023-03-30,0.7372945658877617,0.7395410311494534,0.7272712,0.72709477,0.003993901343449093,0.0014196368531682823,75.17951794090685,0.7230135032033348,0.7532956766674057,-0.005971596378464641,-0.013386404183101578,5
2023-03-31,0.7395410311494534,0.7406419720909109,0.73805743,0.73903775,0.003970948409537487,0.0016963828150657178,74.00280654454994,0.7230135032033348,0.7532956766674057,0.003416706066053802,0.0007313866968537584,1
2023-04-03,0.7406419720909109,0.7443965766628533,0.73903775,0.736634,0.0039059648667214724,0.0018711270177310768,73.60122029986499,0.7230135032033348,0.7532956766674057,-0.011024021312221891,-0.010963479465040846,2
2023-04-04,0.7443965766628533,0.7441583853110872,0.736634,0.7380865,0.00398656322070412,0.002137864050449253,74.82139766512114,0.7230135032033348,0.7532956766674057,-0.01889903608714559,-0.03124999637617685,3
2023-04-05,0.7441583853110872,0.7432567935330359,0.7380865,0.736354,0.0039070724067123445,0.0021885940782619137,86.57478458992188,0.7230135032033348,0.7532956766674057,0.003633381905590772,-0.02843253246316824,4
2023-04-06,0.7432567935330359,0.7410152232787,0.736354,0.7348797,0.003838484587513063,0.0020539508342731112,81.68812502859605,0.7230135032033348,0.7532956766674057,0.006979120201193603,-0.015768208523734242,5
2023-04-07,0.7410152232787,0.7405213429124496,0.7397558,0.7381466,0.0038191648078271826,0.0017199817707881954,73.80719660392808,0.7230135032033348,0.7532956766674057,0.0,-0.01912530089128879,1
2023-04-10,0.7405213429124496,0.7405542259955067,0.7381466,0.7355767,0.0037480686583260237,0.0013861996547546629,69.83145531662436,0.7230135032033348,0.7532956766674057,-0.009859673722404379,-0.017982556652820742,2
2023-04-11,0.7405542259955067,0.7428040538506303,0.7355767,0.73365796,0.0036774246944405835,0.0011004895071400273,76.64303949034651,0.7230135032033348,0.7532956766674057,0.009486993831041722,0.010292428601610957,3
2023-04-12,0.7428040538506303,0.7440476290788715,0.73365796,0.7315316,0.003671687419272667,0.0009988593340461923,80.38425379508084,0.7230135032033348,0.7532956766674057,0.014798628628832805,0.021635800762927544,4
2023-04-13,0.7440476290788715,0.7496251922294488,0.7315316,0.7326487,0.0036234438041349215,0.0009514412500410026,81.45949299185543,0.7230135032033348,0.7532956766674057,0.009624302089538152,0.024341790619454812,5
2023-04-14,0.7496251922294488,0.7482229432161532,0.74446875,0.7444937,0.0039172012386292495,0.001214904444684009,86.5934884857195,0.7230135032033348,0.7532956766674057,-0.004008994226112893,0.02024343093453213,1
2023-04-17,0.7482229432161532,0.7467144453314324,0.7444937,0.7448607,0.003860384270833089,0.0012112065068332466,80.00737116241959,0.7230135032033348,0.7532956766674057,-0.010154878050209506,0.01994229510879201,2
2023-04-18,0.7467144453314324,0.7467758012680559,0.7448607,0.7462742,0.0038095445609742794,0.001030709859530608,72.44820212702383,0.7230135032033348,0.7532956766674057,0.005762989613076451,0.016151089314345217,3
2023-04-19,0.7467758012680559,0.7425007592201546,0.7462742,0.7463633,0.0037367526276366964,0.0008466963459644178,70.5638192244686,0.7230135032033348,0.7532956766674057,-0.004288415260551209,-0.003060303529715846,4
2023-04-20,0.7425007592201546,0.7417957176516987,0.7463633,0.7475361,0.0038697496980867763,0.0003914562402086317,55.90015709022081,0.7230135032033348,0.7532956766674057,-0.012355035239129451,-0.024733325586464024,5
2023-04-21,0.7417957176516987,0.7386397246485882,0.7412034,0.74170995,0.0037995001572631824,1.701788206442045e-05,52.33685377427898,0.7230135032033348,0.7532956766674057,-0.010497426478094585,-0.03104079241685562,1
2023-04-24,0.7386397246485882,0.7388962634183895,0.74170995,0.7454137,0.0038373935627540635,-0.0004435996104889279,38.050007739310054,0.7230135032033348,0.7532956766674057,-0.006807022403893281,-0.027791420683896603,2
2023-04-25,0.7388962634183895,0.7343006468345165,0.7454137,0.74661195,0.0037644390711084625,-0.0007152953261342588,39.08527536557975,0.7230135032033348,0.7532956766674057,-0.027441165924599584,-0.059542730708092136,3
2023-04-26,0.7343006468345165,0.7336380316697364,0.74661195,0.7464023,0.003929568817281378,-0.001162358710081187,33.8916108420959,0.7230135032033348,0.7532956766674057,0.0010394877687441904,-0.05451869366760972,4
2023-04-27,0.7336380316697364,0.735310352021409,0.7464023,0.7468431,0.003856183080154985,-0.0014422591367800636,35.93249353982998,0.7230135032033348,0.7509424145542646,0.003759195881210624,-0.0391595715104606,5
2023-04-28,0.735310352021409,0.7375121074481126,0.73383176,0.7326381,0.0038153582285046445,-0.001450414887342857,40.49058699828004,0.7230135032033348,0.7500131207019642,0.0014221580602516819,-0.027638224368655026,1
2023-05-01,0.7375121074481126,0.7378984367151931,0.7326381,0.73194015,0.0038003781298132666,-0.0012507257030028483,44.855723464498865,0.7230135032033348,0.7500131207019642,0.01207159133459514,-0.00910701055555569,2
2023-05-02,0.7378984367151931,0.7342413236392727,0.73194015,0.72980565,0.003730032626257741,-0.001044236976572824,41.14653160198685,0.7230135032033348,0.7500131207019642,-0.017772523114037694,0.0005200451073577131,3
2023-05-03,0.7342413236392727,0.733573426838219,0.72980565,0.7310653,0.003812450438838012,-0.001099973925950313,33.72020840275849,0.7230135032033348,0.7500131207019642,-0.004297160324024852,-0.004805156281834185,4
2023-05-04,0.733573426838219,0.7394808582398581,0.7310653,0.72845405,0.0037439848996959264,-0.0011238751633944216,18.161827516194478,0.7230135032033348,0.7500131207019642,0.004816738162005003,-0.0037521389499391854,5
2023-05-05,0.7394808582398581,0.7473841224281131,0.730185,0.7273934,0.00407091187035376,-0.0007043858274329424,35.289395283346394,0.7230135032033348,0.7500131207019642,0.005568909257022228,0.00038763042482372424,1
2023-05-08,0.7473841224281131,0.7478089306590315,0.7273934,0.72829217,0.004614626558699679,9.999662946781416e-05,50.927317049949764,0.7230135032033348,0.7500131207019642,0.011939282355043677,0.00025527891412603583,2
2023-05-09,0.7478089306590315,0.7476635647294867,0.72829217,0.7267276,0.004509972283440035,0.0006259700796785156,51.41634133420064,0.7230135032033348,0.7496251922294488,-0.007429275661692721,0.010654856768553432,3
2023-05-10,0.7476635647294867,0.7478256636984324,0.7267276,0.7286051,0.004408185029925078,0.00091205586546219,57.98155831486958,0.7230135032033348,0.7496251922294488,-0.015809547951148546,-0.0009134763649813484,4
2023-05-11,0.7478256636984324,0.7411250130204319,0.7286051,0.7288285,0.004311234264133309,0.0010503305526747108,59.48130152008162,0.7230135032033348,0.7496251922294488,-0.03468557850457871,-0.03961036829788316,5
2023-05-12,0.7411250130204319,0.7377896007878332,0.74757993,0.74809676,0.004644164495147016,0.0006483529536646193,53.51587553069323,0.7230135032033348,0.7496251922294488,0.005125463963486874,-0.040036154146678875,1
2023-05-15,0.7377896007878332,0.7426661499898055,0.74809676,0.74861586,0.004639335850053522,0.00014211194629814715,48.559883538196814,0.7230135032033348,0.7496251922294488,0.005634548971556217,-0.04606943116600621,2
2023-05-16,0.7426661499898055,0.7419938711219632,0.74861586,0.75203365,0.004757889989081246,0.0001208029368645802,60.80713524737804,0.7230135032033348,0.7496251922294488,-0.02245763893263928,-0.06029826048232537,3
2023-05-17,0.7419938711219632,0.7425724019794476,0.75203365,0.7542591,0.004649627255166933,5.016838385697839e-05,60.79195642035217,0.7230135032033348,0.7496251922294488,0.02392815004955149,-0.022204816254516438,4
2023-05-18,0.7425724019794476,0.7408669900114734,0.7542591,0.75439197,0.004546178553601929,3.202972637438386e-05,59.651979464016286,0.7230135032033348,0.7496251922294488,-0.01656717064687948,-0.004327256921215604,5
2023-05-19,0.7408669900114734,0.7413997935756018,0.74280167,0.7441792,0.0044701027102059115,-9.808356004895318e-05,54.51858653727782,0.7230135032033348,0.7496251922294488,0.011075242204644457,0.0016144334429831172,1
2023-05-22,0.7413997935756018,0.7405816852803637,0.7441792,0.7463398,0.004374009617876829,-0.00014849838245416746,54.69733423544909,0.7230135032033348,0.7496251922294488,-0.013114515091443305,-0.016989947379504006,2
2023-05-23,0.7405816852803637,0.7407736956444374,0.7463398,0.74752116,0.0042847446189346935,-0.00023219050436823886,59.20744857957023,0.7230135032033348,0.7496251922294488,-0.00888530991358293,-0.0035572612989332613,3
2023-05-24,0.7407736956444374,0.7359163986574097,0.74752116,0.74545854,0.004193726238291632,-0.00026736029145788865,60.60274948409341,0.7230135032033348,0.7496251922294488,-0.024462668056277986,-0.05062786318863031,4
2023-05-25,0.7359163986574097,0.7329658517541586,0.74545854,0.7456616,0.0043410270725974445,-0.0005918991916178687,44.58364388332037,0.7230135032033348,0.7496251922294488,0.0075694084632956645,-0.027434489127555722,5
2023-05-26,0.7329658517541586,0.7348078237521064,0.7331009,0.733796,0.00433245733505644,-0.000957762786600226,24.20875758723055,0.7230135032033348,0.7496251922294488,0.02564247865789359,-0.01316320313384186,1
2023-05-29,0.7348078237521064,0.735240039174901,0.733796,0.74119616,0.00427527807100334,-0.0010223184302924093,27.86596307470822,0.7230135032033348,0.7496251922294488,0.0,-0.000136081588732107,2
2023-05-30,0.735240039174901,0.735310352021409,0.74119616,0.74099046,0.004186517678596092,-0.0009822732745867107,29.053862317548905,0.7230135032033348,0.7496251922294488,-0.0042283548101820076,0.0045310987786865466,3
2023-05-31,0.735310352021409,0.7371369349663524,0.74099046,0.74248827,0.0040991565084198,-0.0008996225749683097,28.833599538074964,0.7230135032033348,0.7496251922294488,-0.007408443894296499,0.021809513515384894,4
2023-06-01,0.7371369349663524,0.7438815565329403,0.74248827,0.7419992,0.004052480680231799,-0.000680468755541484,41.923708359751046,0.7230135032033348,0.7496251922294488,0.02057994553461066,0.035190663287100125,5
2023-06-02,0.7438815565329403,0.7446959352030108,0.7357392,0.73316634,0.004436482571504871,-7.183716913557214e-05,60.84007139964496,0.7264854828184519,0.7496251922294488,0.0043074591099826285,0.013338784260622932,1
2023-06-05,0.7446959352030108,0.7436049995567768,0.73316634,0.73433834,0.004346033927039701,0.0003707155466117993,54.22219743744662,0.7264854828184519,0.7496251922294488,0.010688134115109844,0.024227571844242925,2
2023-06-06,0.7436049995567768,0.7463466541394859,0.73433834,0.73600763,0.004263233340763542,0.0005635362548459265,53.29396947937169,0.7264854828184519,0.7496251922294488,0.0011952753285475503,0.029797694861238944,3
2023-06-07,0.7463466541394859,0.7478536648815347,0.73600763,0.73600197,0.004249812012689911,0.0008330243404022005,57.089434574676744,0.7264854828184519,0.7496251922294488,-0.0033238208879205174,0.03401263257313856,4
2023-06-08,0.7478536648815347,0.7483909600781811,0.73600197,0.7346482,0.004183830260400997,0.00105574832548399,63.22209638549853,0.7284700510916793,0.7496251922294488,0.011124483941375437,0.02428164383448844,5
2023-06-09,0.7483909600781811,0.749805031749546,0.7434426,0.7400731,0.0041000300410241435,0.001173194674362716,63.228347783392906,0.7284700510916793,0.7496251922294488,-0.00197744003290699,0.017864324235938003,1
2023-06-12,0.749805031749546,0.7483349460739215,0.7400731,0.7414655,0.004037872186710507,0.00127177818708812,67.06705656991225,0.7284700510916793,0.749805031749546,-0.010212986332559824,-0.0031893910355502535,2
2023-06-13,0.7483349460739215,0.7510495846606465,0.7414655,0.7406733,0.003978038348505027,0.001166412105197875,63.3595808070943,0.7284700510916793,0.749805031749546,0.020583935275454008,0.01632600826471336,3
2023-06-14,0.7510495846606465,0.7503901737141845,0.7406733,0.7392126,0.003978688303008634,0.0012031386697001142,78.92835189305703,0.7284700510916793,0.7510495846606465,0.009747274464701498,0.029697703396231304,4
2023-06-15,0.7503901737141845,0.7563209258687908,0.7392126,0.7405194,0.003903780924031113,0.001108934729758987,86.50573181663448,0.7284700510916793,0.7510495846606465,0.007858378187557228,0.026340087950802935,5
2023-06-16,0.7563209258687908,0.7576905481161401,0.7491279,0.7470255,0.004192116951434613,0.0013556457390984586,88.4795159547153,0.7284700510916793,0.7563209258687908,-0.003084460410103486,0.0252045372143775,1
2023-06-19,0.7576905481161401,0.7570309067865411,0.7470255,0.7465927,0.0041240328008150876,0.0015089321893383134,88.85330851166975,0.7323807660437429,0.7576905481161401,0.0,0.035728586651725215,2
2023-06-20,0.7570309067865411,0.7561093906793107,0.7465927,0.74853325,0.004043304198035741,0.0014626843844173674,86.83859833779954,0.7329658517541586,0.7576905481161401,-0.0015458052679607943,0.01305993258268679,3
2023-06-21,0.7561093906793107,0.7598206815481574,0.74853325,0.7468698,0.003970004927493522,0.001273750770233519,83.19690993939844,0.7329658517541586,0.7576905481161401,0.008344622172603903,0.01163995784443688,4
2023-06-22,0.7598206815481574,0.7606934613033866,0.7468698,0.7449521,0.004034538874929625,0.0012980404498134411,81.2014232343377,0.7329658517541586,0.7598206815481574,-0.005769626410965113,-0.0020531592954239016,5
2023-06-23,0.7606934613033866,0.7596071156300294,0.7592381,0.75946534,0.003961715050884332,0.0012705954092192585,81.24430710260043,0.7329658517541586,0.7606934613033866,-0.021444705405699288,-0.02020852925352061,1
2023-06-26,0.7596071156300294,0.7604562406740265,0.75946534,0.75744736,0.003895089456789607,0.0010842400107358178,81.25887607754676,0.7329658517541586,0.7606934613033866,-0.005136663843470601,-0.025228484725805553,2
2023-06-27,0.7604562406740265,0.7577077947468859,0.75744736,0.7596146,0.0038276433059599045,0.0009290977537243193,79.7625568871395,0.7329658517541586,0.7606934613033866,-0.0013213204804728195,-0.025009638786476784,3
2023-06-28,0.7577077947468859,0.7546144368832545,0.7596146,0.75679916,0.003833547428568723,0.0005699459260470633,69.75169672656173,0.7329658517541586,0.7606934613033866,-0.016262717242044696,-0.04870877533380267,4
2023-06-29,0.7546144368832545,0.7547169539715406,0.75679916,0.7561314,0.003860743498122626,7.844168801252223e-05,61.31496641869628,0.7329658517541586,0.7606934613033866,-0.011624889717818434,-0.05426256063088443,5
2023-06-30,0.7547169539715406,0.7547169539715406,0.75448924,0.75312996,0.003786735229338098,-0.00026647852360088715,59.377645110980076,0.7329658517541586,0.7606934613033866,0.017119762454237415,-0.017078312485071433,1
2023-07-03,0.7547169539715406,0.7548309096151001,0.75312996,0.7538753,0.003715392210197143,-0.0005073764624292558,62.908882584164736,0.7329658517541586,0.7606934613033866,0.010106497435022531,-0.0019807033640914067,2
2023-07-04,0.7548309096151001,0.7562294256138014,0.7538753,0.75038487,0.003647025063102067,-0.000662018191363415,58.54777764090984,0.7329658517541586,0.7606934613033866,0.0,-0.0006611284288313783,3
2023-07-05,0.7562294256138014,0.7526776306657476,0.75038487,0.75062215,0.0036045408589525916,-0.0006710031097636932,62.772959592690576,0.7329658517541586,0.7606934613033866,-0.006770702010279596,0.008869773535351826,4
2023-07-06,0.7526776306657476,0.7482005867080044,0.75062215,0.7496302,0.003682126907941834,-0.0009026100848691975,41.10476223882709,0.7329658517541586,0.7606934613033866,-0.008965057989726697,0.011556769262616557,5
2023-07-07,0.7482005867080044,0.7531254505811161,0.7520227,0.7495028,0.0038350837390369544,-0.001318601031149539,29.882496926179485,0.7329658517541586,0.7606934613033866,0.012555242100977429,0.006950019600544154,1
2023-07-10,0.7531254505811161,0.7533524357977045,0.7495028,0.7492755,0.004023644255243031,-0.0012253401939847771,42.98879986937024,0.7329658517541586,0.7606934613033866,0.0011939115667481735,-0.001984634335997325,2
2023-07-11,0.7533524357977045,0.7559893257141477,0.7492755,0.74895793,0.003943453632944344,-0.0011147939345889195,44.92404782822483,0.7329658517541586,0.7606934613033866,-0.004784095677998842,-0.0067478324508565305,3
2023-07-12,0.7559893257141477,0.7585642002818819,0.74895793,0.7479432,0.003940605608439796,-0.000842873196154956,42.65534731375197,0.7329658517541586,0.7606934613033866,0.023304332366448292,0.023578000066059764,4
2023-07-13,0.7585642002818819,0.7626310938562827,0.7479432,0.7474793,0.003933880298062464,-0.00048609719120521096,46.16828719233824,0.7329658517541586,0.7606934613033866,0.0225191512031186,0.056317223864340855,5
2023-07-14,0.7626310938562827,0.7561436727494503,0.75974333,0.75830007,0.004028158962945861,1.4867443562257242e-06,54.91459826846294,0.7329658517541586,0.7626310938562827,-0.0019105072686509909,0.041146794010585866,1
2023-07-17,0.7561436727494503,0.7574896690250267,0.75830007,0.7569159,0.004353452516448209,-0.00012805649368591212,44.076722218621704,0.7329658517541586,0.7626310938562827,-0.02321484567832466,0.01604133760183599,2
2023-07-18,0.7574896690250267,0.7595205950704095,0.7569159,0.75804466,0.0042770201993182775,-0.0001374099540981436,49.68840170830566,0.7329658517541586,0.7626310938562827,-0.004184115000889452,0.016651125683782075,3
2023-07-19,0.7595205950704095,0.7597052144440394,0.75804466,0.75650984,0.004226725708035121,-2.6916663635549384e-05,57.22797475559975,0.7329658517541586,0.7626310938562827,-0.004333273471702537,-0.011061951845156256,4
2023-07-20,0.7597052144440394,0.7590593702833689,0.75650984,0.7574656,0.004137978592775069,3.513637762944232e-05,57.331196403368196,0.7329658517541586,0.7626310938562827,0.004726311972921368,-0.028502350329623765,5
2023-07-21,0.7590593702833689,0.7562008618875075,0.7589205,0.75801104,0.004056268126878649,1.0496760623209412e-05,56.26310803923707,0.7329658517541586,0.7626310938562827,-0.0038055661640326076,-0.030341652249292708,1
2023-07-24,0.7562008618875075,0.759036361522324,0.75801104,0.75498164,0.00405463457340063,-0.0002084194721766186,51.83093979824117,0.7329658517541586,0.7626310938562827,0.009812374827090159,0.0022181887119131455,2
2023-07-25,0.759036361522324,0.758316857469092,0.75498164,0.75399286,0.0040556336889923765,-0.0001737752529141325,53.612701132928656,0.7329658517541586,0.7626310938562827,0.015886632740097148,0.022536678724215796,3
2023-07-26,0.758316857469092,0.7573118677281144,0.75399286,0.7522451,0.003978417729646977,-0.00020849632308369377,57.828808216407445,0.7329658517541586,0.7626310938562827,-0.002951527767644946,0.023950540961372488,4
2023-07-27,0.7573118677281144,0.7560293204196398,0.7522451,0.7507705,0.00390934649563391,-0.00030261790131890735,63.998482904149704,0.7329658517541586,0.7626310938562827,-0.006964162724217499,0.012049771430441484,5
2023-07-28,0.7560293204196398,0.7546600569426571,0.7580363,0.75708544,0.0038497355987168543,-0.00044605990669292577,55.02373562230392,0.7329658517541586,0.7626310938562827,0.013752529805071608,0.029976356249394237,1
2023-07-31,0.7546600569426571,0.7580351504737105,0.75708544,0.7581316,0.0037952252681543795,-0.0006174128958871135,52.176192955846446,0.7329658517541586,0.7626310938562827,0.019592326557728506,0.04009889357765986,2
2023-08-01,0.7580351504737105,0.7536646624005822,0.7581316,0.75855994,0.0038486084338332444,-0.0004930963527239108,53.32308817817499,0.7329658517541586,0.7626310938562827,-0.02560987630344337,-0.002178334410962627,3
2023-08-02,0.7536646624005822,0.7494341905013332,0.75855994,0.75893664,0.003972336302595511,-0.0006831578099228352,42.48020315995491,0.7329658517541586,0.7626310938562827,-0.01709664310155804,-0.01619328175002482,4
2023-08-03,0.7494341905013332,0.7490300059066218,0.75893664,0.75929564,0.004075040031446444,-0.0010498094116355228,29.84662412008001,0.7329658517541586,0.7626310938562827,0.012591799371307437,0.003235358841086416,5
2023-08-04,0.7490300059066218,0.7477754001685671,0.7512144,0.75193715,0.0039935745454922605,-0.001261346367110555,36.65750661943077,0.7329658517541586,0.7626310938562827,-0.008030064930524057,-0.01838142090532226,1
2023-08-07,0.7477754001685671,0.7478760006618775,0.75193715,0.7515318,0.003929682800531917,-0.0014159683777541909,31.717102315690113,0.7329658517541586,0.7626310938562827,-0.008357339027301281,-0.045437466914907694,2
2023-08-08,0.7478760006618775,0.7448789730436933,0.7515318,0.75277776,0.003853032190680385,-0.0014370982882738622,26.36692198637141,0.7329658517541586,0.7626310938562827,-0.01719393193101052,-0.037370021768439385,3
2023-08-09,0.7448789730436933,0.7452231398644606,0.75277776,0.74963725,0.003874392346978815,-0.001567858223539965,22.99274664631656,0.7329658517541586,0.7626310938562827,0.005189291827776515,-0.015676075650851443,4
2023-08-10,0.7452231398644606,0.7437819617751444,0.74963725,0.7507157,0.0038013588971138536,-0.001543676793062306,24.5160511288357,0.7329658517541586,0.7626310938562827,-0.004389179490860506,-0.032249742605117926,5
2023-08-11,0.7437819617751444,0.7440587164178919,0.74524283,0.74487525,0.003751553922995684,-0.0015340669363984609,25.86653126859865,0.7329658517541586,0.7626310938562827,-0.009778385518049592,-0.03394020214050885,1
2023-08-14,0.7440587164178919,0.7430082745352992,0.74487525,0.745572,0.003682886572596253,-0.0014209631220544429,17.68001983913372,0.7329658517541586,0.7626310938562827,0.0026885324997722154,-0.023210077033650276,2
2023-08-15,0.7430082745352992,0.7412843543782269,0.745572,0.74561733,0.0036276016599158883,-0.0013303803081784879,17.43106086893947,0.7329658517541586,0.7626310938562827,-0.017059705490878745,-0.02307895719985653,3
2023-08-16,0.7412843543782269,0.7387379469522796,0.74561733,0.74417603,0.0035960840119117713,-0.0012986093261546975,16.913664719796003,0.7329658517541586,0.7626310938562827,-0.0027348548463458165,-0.0307896322247001,4
2023-08-17,0.7387379469522796,0.7382689270890823,0.74417603,0.74372804,0.003607293094365258,-0.00135489537102134,16.074863932153065,0.7329658517541586,0.7626310938562827,0.009268137866743572,-0.01746201606144195,5
2023-08-18,0.7382689270890823,0.7384652005890744,0.7369527,0.73417366,0.003545187713540979,-0.0013277611451984082,16.66350211957034,0.7348078237521064,0.7626310938562827,0.003656304592353999,-0.00417285472378181,1
2023-08-21,0.7384652005890744,0.7383888234977235,0.73417366,0.73360175,0.0034840157696655067,-0.0012042794263608012,4.287653675591329,0.735240039174901,0.7626310938562827,0.0035083052685989068,-0.003356168044612107,2
2023-08-22,0.7383888234977235,0.7380019157802723,0.73360175,0.73732793,0.0034244115872516983,-0.0010415372085727554,5.3636397814787955,0.735310352021409,0.7626310938562827,0.010318368615644781,0.02430697451997884,3
2023-08-23,0.7380019157802723,0.7394425951884005,0.73732793,0.73855424,0.003368541402888122,-0.0008801619517417453,6.91743104796916,0.7371369349663524,0.7626310938562827,0.014032524141701211,0.04162671531280616,4
2023-08-24,0.7394425951884005,0.7360084734862251,0.73855424,0.73784494,0.003342305451712162,-0.0006094646292751473,16.487803656099132,0.7380019157802723,0.7626310938562827,-0.009510047638679794,0.02224936080465751,5
2023-08-25,0.7360084734862251,0.7356186369171359,0.74054533,0.74231434,0.003437522230747961,-0.000594146080201616,14.307768427547728,0.7360084734862251,0.7626310938562827,-0.001992676402528614,0.016490973416875446,1
2023-08-28,0.7356186369171359,0.7352346260943798,0.74231434,0.7399375,0.0033811097931307236,-0.000544063678148301,13.461272457624219,0.7356186369171359,0.7626310938562827,-0.0015970304193956549,0.011314670399150616,2
2023-08-29,0.7352346260943798,0.737522936021797,0.7399375,0.7414752,0.003326869012737468,-0.0004732055521115457,15.945332719874344,0.7352346260943798,0.7626310938562827,0.010335333734980575,0.011331827618756833,3
2023-08-30,0.737522936021797,0.7388088653808672,0.7414752,0.7420009,0.0033456956845494996,-0.00022142030640871866,26.092617792558357,0.7352346260943798,0.7626310938562827,-0.002111348615072487,-0.004863902072552222,4
2023-08-31,0.7388088653808672,0.7402088706032547,0.7420009,0.7413751,0.0033146563064171772,6.710262966381705e-05,34.40936895450406,0.7352346260943798,0.7626310938562827,-0.0033079877942261316,0.0013271704159714907,5
2023-09-01,0.7402088706032547,0.7355916089356503,0.7374857,0.736754,0.00328925175868319,0.0003706543038907474,38.724837313763125,0.7352346260943798,0.7626310938562827,0.010547220161808302,0.013962768529229388,1
2023-09-04,0.7355916089356503,0.7353644331021153,0.736754,0.7358546,0.003508744751108396,0.0002828603080585776,32.03245340674377,0.7352346260943798,0.7626310938562827,0.0,0.0155833916624755,2
2023-09-05,0.7353644331021153,0.7331969308300511,0.7358546,0.7349582,0.0034481384218212423,0.0002339010602236541,34.5370820279487,0.7352346260943798,0.7626310938562827,-0.0003934915141578225,0.0047456171807207185,3
2023-09-06,0.7331969308300511,0.7331916118750252,0.7349582,0.73474073,0.0034473493618383606,8.748899657181654e-05,35.23451803310843,0.7331969308300511,0.7626310938562827,-0.0165358614550924,-0.009643322664233506,4
2023-09-07,0.7331916118750252,0.7308071610426123,0.73474073,0.7350263,0.0033887423561568364,2.5456641170569852e-05,36.12733425631829,0.7331916118750252,0.7626310938562827,-0.006020497844491621,-0.0123260350178588,5
2023-09-08,0.7308071610426123,0.7338372427075617,0.7303222,0.73021835,0.003404200412261776,-0.0001323249683957456,31.31081208069618,0.7308071610426123,0.7626310938562827,-0.01228667031147108,-0.034622942815061473,1
2023-09-11,0.7338372427075617,0.7364475338038542,0.73021835,0.72953844,0.003470436198911653,3.995227209704737e-06,40.291655961163876,0.7308071610426123,0.7626310938562827,0.0240263755923222,-0.011147545986488218,2
2023-09-12,0.7364475338038542,0.7379528991802261,0.72953844,0.7290376,0.0035003584265154808,0.00029070744737083294,46.97178361511016,0.7308071610426123,0.7626310938562827,-0.004785940347257476,-0.015481504480623815,3
2023-09-13,0.7379528991802261,0.737871240949132,0.7290376,0.72876006,0.00346967322219497,0.0005854761873813376,47.10509984811243,0.7308071610426123,0.7626310938562827,0.0010655164645383217,0.0020007824530545656,4
2023-09-14,0.737871240949132,0.7399295547795738,0.72876006,0.72959304,0.0034100221144512948,0.0007672277758065589,54.1622000150612,0.7308071610426123,0.7626310938562827,0.007030601726295184,0.01516370289001577,5
2023-09-15,0.7399295547795738,0.7395410311494534,0.73705506,0.73570865,0.003409524602520297,0.0010034340348356197,58.964019196898285,0.7308071610426123,0.7626310938562827,-0.005035805340189019,0.022551268577280258,1
2023-09-18,0.7395410311494534,0.7414547086032565,0.73570865,0.7364062,0.0033536458084165144,0.0011029506244122928,58.95295511452257,0.7308071610426123,0.7626310938562827,-0.005862794874404328,-0.0075597029848361984,2
2023-09-19,0.7414547086032565,0.7438981802419427,0.7364062,0.7356578,0.003348462761455462,0.0012559832004637628,58.30344317345774,0.7308071610426123,0.7626310938562827,-0.007377114694002764,-0.010127959985331293,3
2023-09-20,0.7438981802419427,0.7420214372748523,0.7356578,0.73572594,0.0033733515011916547,0.0014654839269600127,60.24703990129663,0.7308071610426123,0.7626310938562827,0.008712615559420978,-0.0025292935561095522,4
2023-09-21,0.7420214372748523,0.7419773980416684,0.73572594,0.73552924,0.0033608486582303748,0.0014203492842805982,53.58075554306686,0.7308071610426123,0.7626310938562827,-0.0215845213732607,-0.030667531045628558,5
2023-09-22,0.7419773980416684,0.7420048973373349,0.7419393,0.7443784,0.0033051721441193587,0.001331701765301317,65.39737733779573,0.7308071610426123,0.7626310938562827,-0.00027282213398609857,-0.026039604154837446,1
2023-09-25,0.7420048973373349,0.7434723331436381,0.7443784,0.74362975,0.003251680991898685,0.00122195847195539,66.16712464050033,0.7308071610426123,0.7626310938562827,-0.004374588745683959,-0.024589071246342516,2
2023-09-26,0.7434723331436381,0.739666884812022,0.74362975,0.7434297,0.0032309207900380684,0.0011938539743288094,75.89975713824836,0.7308071610426123,0.7626310938562827,-0.006735854335471202,-0.023963378289850734,3
2023-09-27,0.739666884812022,0.7406858529366578,0.7434297,0.7425462,0.0033691530939618736,0.0008791681944965845,63.69732433185934,0.7308071610426123,0.7626310938562827,0.0005515977620020256,-0.03189641567116119,4
2023-09-28,0.7406858529366578,0.7412349007972115,0.7425462,0.74035853,0.00332763336280351,0.0007072343529210929,72.17786070852418,0.7308071610426123,0.7626310938562827,0.018439332917652356,0.0076366772754749256,5
2023-09-29,0.7412349007972115,0.736718791510432,0.7409959,0.7410506,0.0032776537076143935,0.0006021865731793503,68.68993833059406,0.7308071610426123,0.7626310938562827,0.008490072133495771,0.01650529155265818,1
2023-10-02,0.736718791510432,0.7311919133316226,0.7410506,0.7421003,0.0034861726478146015,0.00021994945837181104,50.625124314389495,0.7308071610426123,0.7626310938562827,-0.025551838783158306,-0.004795156656592168,2
2023-10-03,0.7311919133316226,0.7294424613090039,0.7421003,0.7410691,0.0037924527611048814,-0.0003809932790858939,36.85544214002985,0.7308071610426123,0.7626310938562827,-0.004553301089427976,-0.002620697021484375,3
2023-10-04,0.7294424613090039,0.7275796088129282,0.7410691,0.7395162,0.0037529454240815474,-0.0008455791791984338,34.610931872173964,0.7294424613090039,0.7626310938562827,-0.0087506252678274,-0.011855522946193589,4
2023-10-05,0.7275796088129282,0.7296234709503396,0.7395162,0.73928297,0.003720405071131496,-0.001205654602057716,27.289666229448983,0.7275796088129282,0.7626310938562827,-0.010377369546376294,-0.039924222321116046,5
2023-10-06,0.7296234709503396,0.7320054929592337,0.7254276,0.72717416,0.0037028944390722833,-0.0012292838019879065,32.80916362395929,0.7275796088129282,0.7597052144440394,0.021614201324313763,-0.02724101782335615,1
2023-10-09,0.7320054929592337,0.7363499195805814,0.72717416,0.72807014,0.0037042964910481264,-0.0010164139862887684,33.88266589320759,0.7275796088129282,0.7597052144440394,0.004953880384421103,0.0028909565836614123,2
2023-10-10,0.7363499195805814,0.7361818381272077,0.72807014,0.7280748,0.0038600959864104507,-0.0005389174659240505,37.9091577701602,0.7275796088129282,0.7597052144440394,-0.002886785805103314,0.0045636831163507734,3
2023-10-11,0.7361818381272077,0.7355916089356503,0.7280748,0.72768223,0.003783856263834749,-0.0002073386317398738,40.104428196322964,0.7275796088129282,0.7597052144440394,-0.0049682374726279415,0.008370527473150303,4
2023-10-12,0.7355916089356503,0.7307911809271402,0.72768223,0.72685933,0.0037142727045635523,-1.1068002508843322e-05,39.37554466241599,0.7275796088129282,0.7590593702833689,-0.00554939837534599,0.013250682453870887,5
2023-10-13,0.7307911809271402,0.7329068080604819,0.7357027,0.73505974,0.00390687074359197,-0.00017855459198240498,33.90001631284889,0.7275796088129282,0.759036361522324,-0.003903037387205174,-0.012277586450168083,1
2023-10-16,0.7329068080604819,0.7345164249890505,0.73505974,0.73290527,0.003882099271777222,-0.0001234837911927131,35.10783390180036,0.7275796088129282,0.759036361522324,0.0019533896712972216,-0.015236796617722292,2
2023-10-17,0.7345164249890505,0.7324397250075024,0.73290527,0.7325691,0.0038364276272144205,3.618382318494552e-05,42.261371616090244,0.7275796088129282,0.758316857469092,-0.00321113906573755,-0.015556155978267148,3
2023-10-18,0.7324397250075024,0.7291925073859291,0.7325691,0.7326349,0.003808944058328637,1.7706050211174556e-05,37.99177533118593,0.7275796088129282,0.7580351504737105,0.0018162787238428498,-0.00885447264074299,4
2023-10-19,0.7291925073859291,0.7291127129336333,0.7326349,0.7346377,0.0038538115829216775,-0.00018620122182615444,33.741217528912884,0.7275796088129282,0.7580351504737105,0.002648646316544683,-0.0006956196856256845,5
2023-10-20,0.7291127129336333,0.7297671752105932,0.7306853,0.72878987,0.00377810471815592,-0.0002930810181347354,38.33322904762698,0.7275796088129282,0.7580351504737105,-0.013878399770406624,-0.010614488604124455,1
2023-10-23,0.7297671752105932,0.7305402383715532,0.72878987,0.72876316,0.003711490656438635,-0.0002860165168302158,47.43056840312036,0.7275796088129282,0.7580351504737105,0.008714011252535694,-0.003902966094710328,2
2023-10-24,0.7305402383715532,0.7277172691933663,0.72876316,0.72865266,0.0036499478127080247,-0.00019968354924093526,52.052043750010796,0.7275796088129282,0.7536646624005822,0.010302177055933804,0.009648967568538589,3
2023-10-25,0.7277172691933663,0.7244854177217639,0.72865266,0.729693,0.003676293783473953,-0.0002972276231858464,50.248408213491246,0.7275796088129282,0.7494341905013332,-0.010582072795597842,-0.00279173378429189,4
2023-10-26,0.7244854177217639,0.7239032922181808,0.729693,0.7286409,0.0037306525621747886,-0.0005303253137998168,41.10955462153712,0.7244854177217639,0.7490300059066218,-0.0009803193019683053,-0.0064040099196466665,5
2023-10-27,0.7239032922181808,0.7213237618968305,0.7264306,0.72495544,0.0036635955147854803,-0.0006658579794145848,35.04941055502091,0.7239032922181808,0.7478760006618775,0.01818863610653167,0.025974027722385735,1
2023-10-30,0.7213237618968305,0.7231390303846376,0.72495544,0.7233241,0.0036746531638363416,-0.0008590860153634763,20.341193739322193,0.7213237618968305,0.7478760006618775,0.004256155347682994,0.02141056253706744,2
2023-10-31,0.7231390303846376,0.720637606378263,0.7233241,0.7221022,0.0036496545115795812,-0.0007959232350008448,25.827747584042427,0.7213237618968305,0.7452231398644606,-0.002194459013838501,0.008725790029044262,3
2023-11-01,0.720637606378263,0.722835820278194,0.7221022,0.719574,0.0036569205201398497,-0.0008490379157544267,24.11913827011405,0.720637606378263,0.7452231398644606,0.0009606765995697496,0.020436717155070994,4
2023-11-02,0.722835820278194,0.7274314659291825,0.719574,0.71989834,0.0036523471727505047,-0.0006703936560119241,34.86875822126849,0.720637606378263,0.7440587164178919,0.006017543945370837,0.02760263757690561,5
2023-11-03,0.7274314659291825,0.7320322580476262,0.724389,0.72404915,0.0038439457663014447,-0.0002013257533110828,40.4835852148211,0.720637606378263,0.7440587164178919,0.0020431616991153164,0.011144723421003443,1
2023-11-06,0.7320322580476262,0.7300708921606444,0.72404915,0.72361845,0.004013146574232764,0.0004259720454432565,46.0890418551925,0.720637606378263,0.7438981802419427,0.00948005082811503,0.016440658433805024,2
2023-11-07,0.7300708921606444,0.7262955249221743,0.72361845,0.72466165,0.003971666044336677,0.0006998088204849037,46.25702581010157,0.720637606378263,0.7438981802419427,-0.01070543384542201,0.007826467153232814,3
2023-11-08,0.7262955249221743,0.7249949116616936,0.72466165,0.724508,0.00404603793126925,0.0006203877630271571,45.49764726960431,0.720637606378263,0.7438981802419427,-0.011510144819098731,-0.004663912218007072,4
2023-11-09,0.7249949116616936,0.7242703017772778,0.724508,0.7184495,0.003980113685006231,0.00048023395116440076,43.834277848947245,0.720637606378263,0.7438981802419427,0.0019275703259737918,-0.008726496964047948,5
2023-11-10,0.7242703017772778,0.7246954650897994,0.7228659,0.72153807,0.0039047097553944286,0.0003450257593362871,41.78660056664903,0.720637606378263,0.7438981802419427,-0.014269157458469892,-0.02476529606533104,1
2023-11-13,0.7246954650897994,0.7245589454821004,0.72153807,0.7208093,0.003829928269878798,0.0002925946790212964,41.175020636119044,0.720637606378263,0.7438981802419427,0.021805997400871528,-0.012670216689994464,2
2023-11-14,0.7245589454821004,0.7299589536621043,0.7208093,0.7205893,0.0037557905848374148,0.0002582830381780356,44.81025242505996,0.720637606378263,0.7438981802419427,0.005445889973388243,0.003405942508251873,3
2023-11-15,0.7299589536621043,0.7308125091257823,0.7205893,0.72125864,0.004024040045823172,0.0005898665736576662,58.395857218151235,0.720637606378263,0.7438981802419427,0.009459553378394794,0.024669225438631367,4
2023-11-16,0.7308125091257823,0.7271616451247207,0.72125864,0.72137445,0.00395077817231904,0.0008419155439907083,60.510527951655966,0.720637606378263,0.7438981802419427,-0.003503105593846559,0.019119661530883528,5
2023-11-17,0.7271616451247207,0.7289161217208646,0.731085,0.7306985,0.004016087341130083,0.0007415205432931029,58.600448646688065,0.720637606378263,0.7438981802419427,0.008868639896387446,0.04297475870056515,1
2023-11-20,0.7289161217208646,0.7286451986126516,0.7306985,0.73099244,0.0039703606400517365,0.0007687494950994432,58.526161172549514,0.720637606378263,0.7438981802419427,0.01986821597491017,0.040955658504646573,2
2023-11-21,0.7286451986126516,0.7298737204643567,0.73099244,0.7305532,0.0038911103399162134,0.0007435348681706895,62.650976878782025,0.720637606378263,0.7438981802419427,0.0005244771158837516,0.03584527141973299,3
2023-11-22,0.7298737204643567,0.7303267897150835,0.7305532,0.72999805,0.0038331424057770325,0.0007807678224993155,61.47043878534093,0.720637606378263,0.7438981802419427,-0.012663431778597542,0.013180907914631196,4
2023-11-23,0.7303267897150835,0.7301934794130917,0.72999805,0.73011273,0.0037618709740981954,0.0008039227967625868,55.45549475902954,0.720637606378263,0.7438981802419427,0.003313248705167273,0.0201106990764907,5
2023-11-24,0.7301934794130917,0.7336488109418745,0.7312408,0.7315284,0.0036906864585907273,0.0007777864680085026,45.83390434853906,0.720637606378263,0.7438981802419427,0.0046201451544259815,0.015785957461276718,1
2023-11-27,0.7336488109418745,0.7349158460569778,0.7315284,0.73130393,0.003766096474844845,0.0009493714202235827,57.59245421975546,0.720637606378263,0.7438981802419427,-0.008995938382002399,-0.013114741591156507,2
2023-11-28,0.7349158460569778,0.737300009343027,0.73130393,0.7316543,0.003714559603469863,0.001094073699760334,70.47193059748344,0.720637606378263,0.7438981802419427,0.010180578370415694,-0.0035391204282871373,3
2023-11-29,0.737300009343027,0.7358243468628769,0.7316543,0.731623,0.003713701580354793,0.0012831398030481722,77.79236377598099,0.720637606378263,0.7438981802419427,-0.0039541648051622256,0.005177224793810262,4
2023-11-30,0.7358243468628769,0.7376535523692545,0.731623,0.7326592,0.003668392774672326,0.0012408515357361872,75.23973293277763,0.720637606378263,0.7438981802419427,0.011293615185232465,0.01323100072396232,5
2023-12-01,0.7376535523692545,0.7413612661688205,0.73645145,0.73730046,0.0036421414717553563,0.0012638524543392825,76.6708022076575,0.720637606378263,0.7438981802419427,0.020677894818539374,0.029632543995026277,1
2023-12-04,0.7413612661688205,0.7386070113625237,0.73730046,0.7365442,0.0037389062880983327,0.0014435710589906989,80.15076242824465,0.720637606378263,0.7438981802419427,-0.022900289170939624,0.015415242148678267,2
2023-12-05,0.7386070113625237,0.7357810401354904,0.7365442,0.7374699,0.003752755146095936,0.0012964181963674268,67.14653785505402,0.720637606378263,0.7438981802419427,-0.012643355374770926,-0.007498047677441814,3
2023-12-06,0.7357810401354904,0.7357377385054135,0.7374699,0.7407664,0.0037706981590399837,0.0009445710530893467,59.136519165232585,0.720637606378263,0.7438981802419427,-0.014955544784657965,-0.018357096998765914,4
2023-12-07,0.7357377385054135,0.7353698480941907,0.7407664,0.74135554,0.0036989285273387514,0.0006583005132918341,68.18283302071237,0.720637606378263,0.7438981802419427,0.01813137003665527,-0.011621862778246046,5
2023-12-08,0.7353698480941907,0.7363336315145508,0.7369659,0.7352005,0.0036312995527937246,0.0004059239951172361,64.53780716675607,0.720637606378263,0.7438981802419427,0.009336658119057371,-0.02276796839919933,1
2023-12-11,0.7363336315145508,0.7364854875113828,0.7352005,0.7344705,0.003577258348460255,0.0002720807171786759,66.79488141264586,0.720637606378263,0.7438981802419427,-0.010526403080123783,-0.010600687529182173,2
2023-12-12,0.7364854875113828,0.7361059971968925,0.7344705,0.7333659,0.003513613929628167,0.0001671126252948663,65.15587912169659,0.720637606378263,0.7438981802419427,0.0015860542510079912,0.003578522218146465,3
2023-12-13,0.7361059971968925,0.7402965348726055,0.7333659,0.7334638,0.003453355954356292,5.1455377709850756e-05,63.29227541256408,0.720637606378263,0.7434723331436381,0.0,0.018700381719912295,4
2023-12-14,0.7402965348726055,0.7458790015513124,0.7334638,0.7336164,0.003613370367066198,0.0002266925511495172,69.58245120772293,0.720637606378263,0.7434723331436381,0.026713416462568893,0.027480537653599736,5
2023-12-15,0.7458790015513124,0.7472947716319386,0.73976463,0.73965293,0.0039050707136874772,0.0006633834689204988,71.89959002211185,0.720637606378263,0.7458790015513124,-0.0009004914113787476,0.017015722082822246,1
2023-12-18,0.7472947716319386,0.7463912135799188,0.73965293,0.74063116,0.003850624383128272,0.0009736356410894953,72.04847515631181,0.720637606378263,0.7472947716319386,-0.009569435673899764,0.01798943881375036,2
2023-12-19,0.7463912135799188,0.749951231670752,0.74063116,0.74026895,0.003783850685087422,0.0010381413098840726,67.09421657545889,0.720637606378263,0.7472947716319386,0.012396816590175663,0.029054383176943418,3
2023-12-20,0.749951231670752,0.7486038764304143,0.74026895,0.74195963,0.003853143953042596,0.0012277252051851174,74.63205227574949,0.720637606378263,0.749951231670752,0.0014107288714222278,0.030507124376599574,4
2023-12-21,0.7486038764304143,0.7527909712552149,0.74195963,0.74137896,0.0037967968343785696,0.0011697920730660556,69.41962246114002,0.720637606378263,0.749951231670752,0.0017925663016952,0.005143366607700988,5
2023-12-22,0.7527909712552149,0.7543298434168629,0.7475473,0.74571383,0.00391595751264458,0.001310286494790835,69.93088652792787,0.720637606378263,0.7527909712552149,-0.0033316308647010615,0.002702690926488464,1
2023-12-25,0.7543298434168629,0.7547169539715406,0.74571383,0.74889493,0.0038643985719875036,0.0013957967217448968,78.6307299057957,0.720637606378263,0.7543298434168629,0.0,0.012344047422991241,2
2023-12-26,0.7547169539715406,0.7578513418091857,0.74889493,0.7498646,0.0037907457906301277,0.001365677295140393,87.84290792153388,0.720637606378263,0.7547169539715406,0.0,-0.00012832745691085886,3
2023-12-27,0.7578513418091857,0.7574610100192873,0.7498646,0.750886,0.0038257510616884617,0.0014368745151712263,89.33378296214842,0.720637606378263,0.7578513418091857,0.012246637907082969,0.010765104564100873,4
2023-12-28,0.7574610100192873,0.755880741332984,0.750886,0.7500504,0.0037531760508256688,0.001339628470649553,89.26252147474946,0.720637606378263,0.7578513418091857,-0.007764293971769715,0.0011513753949217605,5
2023-12-29,0.755880741332984,0.7553326419257029,0.75718164,0.75567234,0.003708451195638866,0.0010629109724574507,83.99601655422993,0.720637606378263,0.7578513418091857,-0.008340339060424478,-0.003850562623176049,1
2024-01-01,0.7553326419257029,0.7551729151315763,0.75567234,0.755998,0.003642209079516879,0.0007516582754942616,82.33302575820122,0.720637606378263,0.7578513418091857,0.0,-0.003850562623176049,2
2024-01-02,0.7551729151315763,0.7506380139636469,0.755998,0.7602875,0.003575794573055989,0.0004581478173025398,82.95855459467461,0.720637606378263,0.7578513418091857,-0.002967966591667373,-0.006802717757627788,3
2024-01-03,0.7506380139636469,0.7491927649014518,0.7602875,0.75809133,0.003740647239760494,-8.911346501057956e-05,67.66568626694443,0.720637606378263,0.7578513418091857,-0.005572455833696384,-0.024343845596417543,4
2024-01-04,0.7491927649014518,0.7487832261863042,0.75809133,0.7582395,0.00369239108218136,-0.0005693550201774471,56.592522056206,0.720637606378263,0.7578513418091857,-0.0042977199205602975,-0.020955792212577862,5
2024-01-05,0.7487832261863042,0.7485141669774096,0.7468227,0.74669325,0.0036254599278307586,-0.0009150205628735671,53.08468652788103,0.720637606378263,0.7578513418091857,-0.009573209599656254,-0.022162083219848337,1
2024-01-08,0.7485141669774096,0.7491197721583579,0.74669325,0.74596846,0.0035602128651065186,-0.0011471655183344677,54.51845771696144,0.720637606378263,0.7578513418091857,0.0013167965968514327,-0.0208736214438968,2
2024-01-09,0.7491197721583579,0.7468706136885193,0.74596846,0.74477416,0.003501734792163595,-0.001237554886560746,47.975762779452246,0.720637606378263,0.7578513418091857,-0.013513687151423264,-0.031144960099858503,3
2024-01-10,0.7468706136885193,0.747467966484711,0.74477416,0.74497306,0.0034992705876384493,-0.0014137199479533208,45.9577636740616,0.720637606378263,0.7578513418091857,0.008632709208340604,-0.017283998813949042,4
2024-01-11,0.747467966484711,0.7473897158859766,0.74497306,0.74615264,0.0034431031932342913,-0.0014495328356978758,35.08934000994732,0.720637606378263,0.7578513418091857,-0.001190846936655388,-0.014226077191731546,5
2024-01-12,0.7473897158859766,0.7457455225618786,0.74731845,0.7460218,0.003384142510155819,-0.0014353099811081466,28.826925138289525,0.720637606378263,0.7578513418091857,-0.009712037259593223,-0.014362920379632372,1
2024-01-15,0.7457455225618786,0.7442802024281224,0.7460218,0.7465966,0.003359906645570454,-0.0014871347227412997,24.57959635179941,0.720637606378263,0.7578513418091857,0.0,-0.015659949782439515,2
2024-01-16,0.7442802024281224,0.7412898569064331,0.7465966,0.7492982,0.003329966357766392,-0.001562835329562863,7.529284664108218,0.720637606378263,0.7578513418091857,0.007060573294444214,0.004801890608076558,3
2024-01-17,0.7412898569064331,0.7405871119990607,0.7492982,0.7488607,0.003386415575086227,-0.0017432940549084739,6.475499298585831,0.720637606378263,0.7578513418091857,-0.009067916399167259,-0.012827247795101129,4
2024-01-18,0.7405871119990607,0.7414986858091699,0.7488607,0.75032413,0.0033350883534544688,-0.001829990548129779,6.796547355043359,0.720637606378263,0.7578513418091857,0.0033433155392109354,-0.008341083331350049,5
2024-01-19,0.7414986858091699,0.7445129212177283,0.74357164,0.7424738,0.003291861356492225,-0.001746180949462915,11.70641356438962,0.720637606378263,0.7578513418091857,0.011152546895434285,0.012566826528235877,1
2024-01-22,0.7445129212177283,0.7419553475731027,0.7424738,0.7408944,0.00335914398367103,-0.0014217280226913407,24.518992497159076,0.720637606378263,0.7578513418091857,-0.006091927798664638,0.00641709341361039,2
2024-01-23,0.7419553475731027,0.7431628963569319,0.7408944,0.7389678,0.003383635928278521,-0.0013157923097166194,27.07873720451066,0.720637606378263,0.7578513418091857,0.0070157113821105385,0.006371944630932478,3
2024-01-24,0.7431628963569319,0.7393496591905043,0.7389678,0.7390298,0.003346494813960861,-0.001109092003889819,33.87951241253333,0.722835820278194,0.7578513418091857,0.02398134195657936,0.040187502714746116,4
2024-01-25,0.7393496591905043,0.7419663726435562,0.7390298,0.7402301,0.0034705929581380596,-0.0011679569598362755,28.663073161126263,0.7242703017772778,0.7578513418091857,-0.004388225975928769,0.0321762593912731,5
2024-01-26,0.7419663726435562,0.7432733893299798,0.74068063,0.7413001,0.003497375351071865,-0.0009771808415845002,36.611937430663815,0.7242703017772778,0.7578513418091857,-0.0038879951335731126,0.016767934230467983,1
2024-01-29,0.7432733893299798,0.7456342934204943,0.7413001,0.74021554,0.0034580696365685126,-0.0007212899288925175,38.37940507283879,0.7242703017772778,0.7578513418091857,0.005826338664611392,0.028958546584102605,2
2024-01-30,0.7456342934204943,0.7461739784726442,0.74021554,0.7406455,0.003468800061419381,-0.00036909995130568403,47.553489209637405,0.7242703017772778,0.7578513418091857,0.008612481930482765,0.030602869740803996,3
2024-01-31,0.7461739784726442,0.7442968439593793,0.7406455,0.74220276,0.0034123908377290024,-9.039865693556356e-05,47.43351495999619,0.7242703017772778,0.7578513418091857,-0.0010245069182320638,0.0051513152016488106,4
2024-02-01,0.7442968439593793,0.7472166238482358,0.74220276,0.74312925,0.0033962968633674878,-2.6398369584920787e-05,44.27420395954152,0.7242703017772778,0.7578513418091857,-0.012895073103420765,-0.003363086672848506,5
2024-02-02,0.7472166238482358,0.7423849769446347,0.74727494,0.7480417,0.0034472198507169228,0.00020586452309808264,52.60060636662344,0.7245589454821004,0.7578513418091857,-0.00807924613882932,-0.007531500601108183,1
2024-02-05,0.7423849769446347,0.7383888234977235,0.7480417,0.74792254,0.003662286144761553,3.626839634579863e-05,47.005976128953876,0.7245589454821004,0.7578513418091857,-0.013037647679487865,-0.026077933021060186,2
2024-02-06,0.7383888234977235,0.7413283113777429,0.74792254,0.7471547,0.00377455342942683,-0.000323078091747628,45.55818524941815,0.7271616451247207,0.7578513418091857,0.0027797897522733395,-0.03174198624611986,3
2024-02-07,0.7413283113777429,0.7427213185411348,0.7471547,0.7472871,0.0038026669962902713,-0.0003391661066715181,51.06211267060605,0.7271616451247207,0.7578513418091857,-0.011968248285595201,-0.042280580520691634,4
2024-02-08,0.7427213185411348,0.7429420747341305,0.7472871,0.7473144,0.0037517905039640294,-0.00023718275861873484,51.728145591879056,0.7271616451247207,0.7578513418091857,-0.008598753918678276,-0.03815706056902598,5
2024-02-09,0.7429420747341305,0.7430634939292977,0.74158466,0.74218994,0.0036806859526469443,-0.00014081043415377793,47.589294978574884,0.7286451986126516,0.7578513418091857,-0.0052762832972284785,-0.035457268609672514,1
2024-02-12,0.7430634939292977,0.743201545406961,0.74218994,0.74347997,0.003611999356367273,-5.902550673579144e-05,51.838057868751775,0.7286451986126516,0.7578513418091857,0.011464089588562928,-0.011532392405875388,2
2024-02-13,0.743201545406961,0.7371478173025263,0.74347997,0.74354553,0.0035462273660681765,1.0524986261787987e-05,50.066464418206984,0.7298737204643567,0.7578513418091857,-0.0038965189956569586,-0.018109726753085535,3
2024-02-14,0.7371478173025263,0.7386233351251663,0.74354553,0.743614,0.0038987970388679057,-0.00032640767536046625,46.48441984072209,0.7301934794130917,0.7578513418091857,-0.0036415105876551235,-0.009899649857991832,4
2024-02-15,0.7386233351251663,0.7426496470456585,0.743614,0.74333656,0.0038466686908331395,-0.00041921070204203046,44.46045342962928,0.7301934794130917,0.7578513418091857,0.015019725602353009,0.013763357118999996,5
2024-02-16,0.7426496470456585,0.741960860067373,0.7392061,0.73930055,0.003952693349434515,-0.00019039192891895807,49.051878489558554,0.7336488109418745,0.7578513418091857,0.02146373864108183,0.04123709873187334,1
2024-02-19,0.741960860067373,0.7408505014994776,0.73930055,0.7420788,0.0038774081113344115,-7.245455539118054e-05,44.117135163350206,0.7349158460569778,0.7578513418091857,0.0,0.029368425104719497,2
2024-02-20,0.7408505014994776,0.7395410311494534,0.7420788,0.7410079,0.0038134372112934023,-5.6936542395649714e-05,41.62768381767728,0.7353698480941907,0.7578513418091857,0.007398266423897814,0.04106082787224886,3
2024-02-21,0.7395410311494534,0.7409054006216512,0.7410079,0.74191415,0.003757591827867635,-0.00011900355914932223,42.38447936433285,0.7353698480941907,0.7578513418091857,0.0020669521599391153,0.04702067943721747,4
2024-02-22,0.7409054006216512,0.741762724225923,0.74191415,0.74094886,0.0037085148820370207,-5.5536269838745225e-05,39.363966937634885,0.7353698480941907,0.7578513418091857,0.005918700162107859,0.0375349480128178,5
2024-02-23,0.741762724225923,0.7403458633172416,0.73885065,0.7391631,0.003648204905633276,5.105452598227339e-05,48.78914387535013,0.7353698480941907,0.7578513418091857,-0.003984854851828057,0.011464280791233981,1
2024-02-26,0.7403458633172416,0.7406694378834141,0.7391631,0.7395333,0.003603117834521726,3.383712829385112e-05,54.23318570512963,0.7353698480941907,0.7578513418091857,-0.01505351262094677,-0.0036477793558462998,2
2024-02-27,0.7406694378834141,0.7390054261161341,0.7395333,0.73977596,0.0035393002582221763,5.0915122285029226e-05,48.39295512858177,0.7353698480941907,0.7578513418091857,0.0018289248539391089,-0.00918138163277236,3
2024-02-28,0.7390054261161341,0.7365125812218883,0.73977596,0.739516,0.0035081732408508547,-3.83656155960243e-05,41.05489732346039,0.7353698480941907,0.7578513418091857,-0.0009140131607922762,-0.012130579660818576,4
2024-02-29,0.7365125812218883,0.736718791510432,0.739516,0.7393934,0.003519729259549801,-0.0002424364531533553,36.04869840023738,0.7353698480941907,0.7578513418091857,0.0018271916643559571,-0.016164198369149646,5
2024-03-01,0.736718791510432,0.7378766929229578,0.7350518,0.7351372,0.0034582511107805105,-0.0003349578128211085,36.2831603772333,0.7361059971968925,0.7578513418091857,0.005331944340947728,-0.006955165023490556,1
2024-03-04,0.7378766929229578,0.7368110672454741,0.7351372,0.7354233,0.003416454349142795,-0.0002912138574430365,38.974214602785096,0.7361059971968925,0.7578513418091857,-0.0007785185222983851,0.007322206384455706,2
2024-03-05,0.7368110672454741,0.735835190477853,0.7354233,0.7347731,0.0033714224088524473,-0.00030559114194856165,49.12117777505615,0.7361059971968925,0.7578513418091857,-0.0020789760346844135,0.0033933727851452843,3
2024-03-06,0.735835190477853,0.7400445723676375,0.7347731,0.73383045,0.0033259719437545394,-0.00034921994282171307,42.52889791617767,0.735835190477853,0.7578513418091857,0.00687020292499271,0.011234482470363995,4
2024-03-07,0.7400445723676375,0.7433839151639593,0.73383045,0.7347983,0.0034998606255344394,-7.71888969274871e-05,43.08727279479521,0.735835190477853,0.7578513418091857,0.012580403026815255,0.02216717603286776,5
2024-03-08,0.7433839151639593,0.7415922284504304,0.74071026,0.7419386,0.003575471607459506,0.00032308337537236475,53.31048473677342,0.735835190477853,0.7578513418091857,-0.008841141992994045,0.007782093707221492,1
2024-03-11,0.7415922284504304,0.7419773980416684,0.7419386,0.7412774,0.00354737643001855,0.00045456514134151584,51.672478709461906,0.735835190477853,0.7578513418091857,0.00960619751598691,0.018302153955888478,2
2024-03-12,0.7419773980416684,0.7411195129391873,0.7412774,0.7381885,0.003486060501113646,0.000548567571775441,55.7325793289723,0.735835190477853,0.7578513418091857,0.0006371602048168774,0.021071760951267778,3
2024-03-13,0.7411195129391873,0.7425944891407854,0.7381885,0.7379978,0.003433173203349652,0.0005335717750456784,50.51609008766006,0.735835190477853,0.7578513418091857,0.03196757906286835,0.04702226566450993,4
2024-03-14,0.7425944891407854,0.7386779046526467,0.7379978,0.73799026,0.0034026462222515375,0.00059870574605141,51.9468923318311,0.735835190477853,0.7578513418091857,-0.0038320318658366615,0.029978329731760442,5
2024-03-15,0.7386779046526467,0.7382198750150925,0.7430077,0.74151546,0.0035298832242288474,0.0003652076936619873,46.504853902576784,0.735835190477853,0.7578513418091857,0.018529276188101282,0.05855861025226895,1
2024-03-18,0.7382198750150925,0.7388361953821152,0.74151546,0.74217474,0.003469052918272471,0.00017665773675767308,44.895792776271996,0.735835190477853,0.7578513418091857,0.00048616871846409864,0.04894841448449586,2
2024-03-19,0.7388361953821152,0.7367513377461434,0.74217474,0.7429815,0.003413911371610685,9.432434431734863e-05,49.63127081942139,0.735835190477853,0.7578513418091857,-0.013703930026624763,0.03401270379245908,3
2024-03-20,0.7367513377461434,0.7422857824968284,0.7429815,0.74417967,0.003408137483396779,-8.971636476003695e-05,50.52963205035644,0.735835190477853,0.7574610100192873,-0.00494010682405259,-0.0034546427527572428,4
2024-03-21,0.7422857824968284,0.7392622190183189,0.74417967,0.74516064,0.0037230289756465165,0.0001585930285553271,59.988112530045484,0.735835190477853,0.755880741332984,0.001979066521667773,0.0023532391084879647,5
2024-03-22,0.7392622190183189,0.734672872690279,0.74153596,0.74069923,0.003753658180878014,0.00011836074361590038,52.329888298291024,0.735835190477853,0.7553326419257029,-0.01255848718644402,-0.028328300020244564,1
2024-03-25,0.734672872690279,0.7361277013524884,0.74069923,0.7425783,0.003913892927928508,-0.00020080920399448063,46.785391630010515,0.734672872690279,0.7551729151315763,0.0027489503641431926,-0.026127129687189266,2
2024-03-26,0.7361277013524884,0.7363227732041825,0.7425783,0.7434993,0.003860426954884659,-0.00029189764621115593,50.43352391135608,0.734672872690279,0.7506380139636469,-0.0027489503641432724,-0.015399720206958028,3
2024-03-27,0.7363227732041825,0.7360518069911606,0.7434993,0.74262446,0.003784945675118168,-0.000314983455707709,43.73900530050263,0.734672872690279,0.7491927649014518,-0.0008762558461157091,-0.011390310092347132,4
2024-03-28,0.7360518069911606,0.7387706718380388,0.74262446,0.7453318,0.0037126731740759434,-0.00032325988569381343,36.24562511186302,0.734672872690279,0.7491197721583579,0.0027513568915070647,-0.010626521453959085,5
2024-03-29,0.7387706718380388,0.7395410311494534,0.7366933,0.7382676,0.003730294492756242,-0.00013027941125160814,44.884946329124695,0.734672872690279,0.7491197721583579,0.0,0.0018768601466823153,1
2024-04-01,0.7395410311494534,0.736718791510432,0.7382676,0.7379392,0.0036672398114323936,5.467649845862076e-05,45.64407087472983,0.734672872690279,0.7491197721583579,0.010559764969196424,0.009732975949414087,2
2024-04-02,0.736718791510432,0.7372293154845604,0.7379392,0.73832434,0.0036887408564317157,-4.488818806051148e-06,42.64842171247171,0.734672872690279,0.747467966484711,0.005914301943359764,0.018518548350672678,3
2024-04-03,0.7372293154845604,0.7394371200500397,0.73832434,0.73753446,0.0036233833574498865,-8.636292536694972e-07,40.738843062785435,0.734672872690279,0.747467966484711,0.02977338834622253,0.05021910323682551,4
2024-04-04,0.7394371200500397,0.7383070687690053,0.73753446,0.7381601,0.003616492543499774,0.00015024584565956692,51.39268671245979,0.734672872690279,0.7473897158859766,0.01267868785322154,0.06069689807511909,5
2024-04-05,0.7383070687690053,0.7350725283838532,0.7376018,0.737922,0.003564505068351233,0.00017251760206143116,50.15609759671808,0.734672872690279,0.7472166238482358,-0.0016497692716825132,0.0589484356025073,1
2024-04-08,0.7350725283838532,0.7368762436301016,0.737922,0.73709124,0.0036217764900056725,-2.182793043741904e-05,43.839640614804225,0.734672872690279,0.7472166238482358,0.008806469090440208,0.05709341235206255,2
2024-04-09,0.7368762436301016,0.7367622087000849,0.73709124,0.7368369,0.0035959244763696307,-2.017761470968953e-05,50.20634467909614,0.734672872690279,0.7472166238482358,0.002102026889271717,0.0530711533565644,3
2024-04-10,0.7367622087000849,0.7306202819704205,0.7368369,0.73668945,0.0035307120559951934,-1.810775783127089e-05,38.88434024298584,0.734672872690279,0.7472166238482358,-0.000933639226970129,0.021225907099426636,4
2024-04-11,0.7306202819704205,0.7306256273187495,0.73668945,0.7375437,0.003899512610267876,-0.0004005281471615033,34.54825421353216,0.7306202819704205,0.7472166238482358,-0.007030778924386207,0.001295146535488632,5
2024-04-12,0.7306256273187495,0.7268498256700627,0.7297556,0.7295013,0.003822272864705971,-0.0006106750377381405,41.34474312115894,0.7306202819704205,0.7472166238482358,0.001292747486602454,0.004245813348425959,1
2024-04-15,0.7268498256700627,0.7253577605882409,0.7295013,0.7300154,0.0039051157420386825,-0.0009417401054958056,31.950533267963976,0.7268498256700627,0.7472166238482358,0.028138256630377733,0.02384854750851167,2
2024-04-16,0.7253577605882409,0.7236518130960443,0.7300154,0.7302863,0.003851310916059971,-0.0011833502175580901,29.693096771331085,0.7253577605882409,0.7472166238482358,-0.016927148262715064,0.0045497565582635294,3
2024-04-17,0.7236518130960443,0.7261215050469491,0.7302863,0.730496,0.0038076786770080404,-0.0013671784763537092,28.194531456950173,0.7236518130960443,0.7472166238482358,0.008556985206100346,0.014128945362502582,4
2024-04-18,0.7261215050469491,0.7262533325322155,0.730496,0.7309251,0.003807576027314657,-0.001235557977351403,27.559705089650862,0.7236518130960443,0.7472166238482358,0.022316666301241708,0.044332063487079305,5
2024-04-19,0.7262533325322155,0.7278549816752276,0.7228172,0.7230406,0.0037346210560563957,-0.0010595010342310334,25.880468650505037,0.7236518130960443,0.7472166238482358,0.01375477653638138,0.057427991432051406,1
2024-04-22,0.7278549816752276,0.7299003933937143,0.7230406,0.7234001,0.0036961157266336055,-0.0007686059830950562,33.164605887753254,0.7236518130960443,0.7472166238482358,-0.00033316364718428856,0.027746063044642694,2
2024-04-23,0.7299003933937143,0.7320322580476262,0.7234001,0.72265816,0.0036787334180187576,-0.0003909101305356491,36.8467852078028,0.7236518130960443,0.7472166238482358,-0.002224498456326981,0.04296828277046873,3
2024-04-24,0.7320322580476262,0.7297033137681243,0.72265816,0.7225725,0.0036662079646113165,2.7799529670566748e-05,36.67417250077795,0.7236518130960443,0.7472166238482358,-0.005247004104412529,0.02867007295470909,4
2024-04-25,0.7297033137681243,0.7321716086559314,0.7225725,0.7218293,0.003659970313650991,0.00016552463204852009,35.15711893541484,0.7236518130960443,0.7472166238482358,0.022905541498675425,0.02927600964004672,5
2024-04-26,0.7321716086559314,0.732284226852334,0.72820157,0.72771305,0.0036668839483476132,0.00042568561202231594,44.85953677728092,0.7236518130960443,0.7433839151639593,-0.00032827392489267614,0.014882255535155991,1
2024-04-29,0.732284226852334,0.7317055257470064,0.72771305,0.72670555,0.0035994437885518153,0.000597644952857778,41.344121669154994,0.7236518130960443,0.7433839151639593,0.01950650398856371,0.035218244771028646,2
2024-04-30,0.7317055257470064,0.7258474420447893,0.72670555,0.7273286,0.0035377288635209947,0.0006598262857080688,40.63233393202803,0.7236518130960443,0.7433839151639593,-0.02049186837508004,0.01647920770168736,3
2024-05-01,0.7258474420447893,0.7287036209375741,0.7273286,0.7256564,0.0038709753544436177,0.0003115195003813506,41.064188127329984,0.7236518130960443,0.7433839151639593,-0.002632464921645256,0.01914030968048815,4
2024-05-02,0.7287036209375741,0.7317323327319455,0.7256564,0.72594273,0.0038898427075376375,0.0002795993970456214,46.74865317264493,0.7236518130960443,0.7433839151639593,-0.012933317917676535,-0.016737761883553245,5
2024-05-03,0.7317323327319455,0.7303801401848612,0.7301872,0.7306895,0.003917957375921551,0.00045803102424354187,58.47363535496384,0.7236518130960443,0.7433839151639593,0.017535645885979678,0.0009849834380221767,1
2024-05-06,0.7303801401848612,0.7314807435170373,0.7306895,0.7319172,0.0038593635651385156,0.00047833033437291706,58.75890992674681,0.7236518130960443,0.7433839151639593,0.01324951378365935,-0.005258616357531054,2
2024-05-07,0.7314807435170373,0.728162418101771,0.7319172,0.73195684,0.0037989767738155563,0.0005538927395634329,63.9479664216756,0.7236518130960443,0.7433839151639593,-0.0019438071566325993,0.013364081295802015,3
2024-05-08,0.728162418101771,0.7284806790323407,0.73195684,0.7316455,0.003847121725952452,0.00037686373314029355,53.52935412277526,0.7236518130960443,0.7433839151639593,-0.013823437394735733,0.0020867714839110266,4
2024-05-09,0.7284806790323407,0.731111744439709,0.7316455,0.7312815,0.0037740602419942195,0.00028201497265262546,53.82707680571957,0.7236518130960443,0.7433839151639593,0.009924347576340845,0.025255923301156197,5
2024-05-10,0.731111744439709,0.7311545032427594,0.72824,0.72968334,0.0037840079132510605,0.0003906023363842632,55.404651663432055,0.7236518130960443,0.7433839151639593,0.01849315461480506,0.026238084936127178,1
2024-05-13,0.7311545032427594,0.7317590778480096,0.72968334,0.72839195,0.0037120474182422212,0.00045493725005826715,52.229401479415905,0.7236518130960443,0.7433839151639593,0.023374418437470987,0.03668142740628882,2
2024-05-14,0.7317590778480096,0.7324504690949348,0.72839195,0.72737026,0.003647688007210911,0.0005229799208404044,49.48649013908405,0.7236518130960443,0.7433839151639593,0.030541355672711972,0.07091116149403265,3
2024-05-15,0.7324504690949348,0.7354563698547868,0.72737026,0.7275535,0.0035873111922165306,0.0005941280909337716,55.50272743475859,0.7236518130960443,0.7433839151639593,0.003224888630024549,0.08932492001061543,4
2024-05-16,0.7354563698547868,0.734505620206862,0.7275535,0.72843987,0.0036325771000968276,0.0008098454750885647,56.44086818414414,0.7236518130960443,0.7433839151639593,-0.015717986101867597,0.061747176854992245,5
2024-05-17,0.734505620206862,0.7348672385273796,0.7351434,0.73589194,0.0035760997323182357,0.0008505177928922768,54.217168499621096,0.7236518130960443,0.7433839151639593,0.0331721954064959,0.0774475583265764,1
2024-05-20,0.7348672385273796,0.7341604847068424,0.73589194,0.7345087,0.0035139953390976543,0.0008611568999097114,56.05218701790743,0.7236518130960443,0.7433839151639593,0.00601311573402973,0.05890310881543807,2
2024-05-21,0.7341604847068424,0.7331217036275794,0.7345087,0.73280495,0.0034576364089710515,0.0007822702877770041,69.82213924557173,0.7236518130960443,0.7433839151639593,0.006172529764052082,0.033410754196908386,3
2024-05-22,0.7331217036275794,0.7305135822745733,0.73280495,0.7311886,0.003410364488039544,0.0006284338996458463,61.53444739928162,0.7236518130960443,0.7433839151639593,-0.05037867628083627,-0.02052525106754622,4
2024-05-23,0.7305135822745733,0.7282207630311511,0.7311886,0.7326772,0.003435388561310331,0.00033410084362408925,46.74671899920456,0.7236518130960443,0.7433839151639593,-0.01053286097353198,-0.015433362302261722,5
2024-05-24,0.7282207630311511,0.731742992245552,0.73028463,0.7293385,0.003440285128418058,-1.3503016173623038e-05,44.51146946363756,0.7236518130960443,0.7433839151639593,-0.007920855535350033,-0.05507219127647332,1
2024-05-27,0.731742992245552,0.733734928166889,0.7293385,0.73073167,0.0035391033232673756,-5.140431362421512e-06,50.59350150684838,0.7236518130960443,0.7433839151639593,0.0,-0.06073710259782753,2
2024-05-28,0.733734928166889,0.732815507586467,0.73073167,0.73027694,0.0035264937695633253,0.0001282486173631225,63.41676868035039,0.7236518130960443,0.7433839151639593,0.02009599827290059,-0.04756783704930668,3
2024-05-29,0.732815507586467,0.7290223552389774,0.73027694,0.73057944,0.003473491623562427,0.00014692108213211694,60.143214642798554,0.7236518130960443,0.7433839151639593,-0.014461603129634713,-0.012737503853637878,4
2024-05-30,0.7290223552389774,0.7308178572872279,0.73057944,0.7321516,0.003584950067361473,-9.101713762927732e-05,45.36313801737203,0.7236518130960443,0.7433839151639593,-0.02817387080286396,-0.030001089998319956,5
2024-05-31,0.7308178572872279,0.7342737156152541,0.7306364,0.7305965,0.003561201633422968,-0.00012045853453708988,49.306826491598244,0.7236518130960443,0.7425944891407854,-0.013359344858423529,-0.03526209977387032,1
2024-06-03,0.7342737156152541,0.7337457102866176,0.7305965,0.7299005,0.0036431660954757777,8.855981278731058e-05,54.63369958307612,0.7236518130960443,0.7425944891407854,0.014429002560831695,-0.021240982030069928,2
2024-06-04,0.7337457102866176,0.7311972670475683,0.7299005,0.729401,0.0035789868795781947,0.0001816403036467898,52.40118737092517,0.7236518130960443,0.7425944891407854,-0.0279693436772657,-0.06717266531470713,3
2024-06-05,0.7311972670475683,0.730460212309226,0.729401,0.72968113,0.0035895973621573336,6.782013669932963e-05,41.96801553601562,0.7236518130960443,0.7425944891407854,0.015598963957449268,-0.038705622540649486,4
2024-06-06,0.730460212309226,0.7316252441953696,0.72968113,0.72999483,0.003530513352382232,-5.4270706428326853e-05,42.309021433363085,0.7236518130960443,0.7422857824968284,0.015359267282059677,0.004066792312715365,5
2024-06-07,0.7316252441953696,0.7267969896774236,0.73103166,0.7318366,0.0034858217345283254,-5.363482674236522e-05,44.019146813267845,0.7236518130960443,0.7422857824968284,-0.04279131341481485,-0.025054223416923954,1
2024-06-10,0.7267969896774236,0.7266808278883145,0.7318366,0.7340852,0.0037005027964199864,-0.0003584648409522545,38.2088277955841,0.7236518130960443,0.7422857824968284,0.013700313066128967,-0.025764397382646267,2
2024-06-11,0.7266808278883145,0.7270136723784122,0.7340852,0.7339203,0.0036313532312758834,-0.0005372435030166929,39.372190365345865,0.7236518130960443,0.7422857824968284,-0.007379337539937879,-0.005496942863520457,3
2024-06-12,0.7270136723784122,0.7287620526317802,0.7339203,0.7309848,0.0035666182463755165,-0.0005977647282987238,43.75611793620019,0.7236518130960443,0.7422857824968284,0.012851028875042267,-0.008226021321262612,4
2024-06-13,0.7287620526317802,0.7277490880805804,0.7309848,0.72915184,0.0035419203085384067,-0.0004892932484034521,50.98479766846116,0.7236518130960443,0.7395410311494534,-0.01628375290112501,-0.039117419244663915,5
2024-06-14,0.7277490880805804,0.728173037067901,0.7287739,0.72856116,0.003490425396802769,-0.00045569404518820385,42.00355871825998,0.7236518130960443,0.7395410311494534,0.009604300840204132,0.012570910229002774,1
2024-06-17,0.728173037067901,0.7292190671575296,0.72856116,0.72856253,0.0034321205877200912,-0.00037804557618868783,38.118167884958986,0.7236518130960443,0.7395410311494534,-0.006503193353933149,-0.007681300940289606,2
2024-06-18,0.7292190671575296,0.7290648699898131,0.72856253,0.7284444,0.0033884026911701953,-0.00023629693683150396,42.35828535381462,0.7236518130960443,0.7395410311494534,0.008917257879037289,0.008622603663855404,3
2024-06-19,0.7290648699898131,0.7296181402557027,0.7284444,0.72798234,0.003331258164579939,-0.000137859381521226,50.10686030328933,0.7236518130960443,0.7395410311494534,0.0,-0.004256303690364653,4
2024-06-20,0.7296181402557027,0.7307431174614911,0.72798234,0.72839594,0.0032807506189480706,-2.6265505669890435e-05,46.783677304106114,0.7236518130960443,0.7395410311494534,0.01220063799655793,0.024514665479307807,5
2024-06-21,0.7307431174614911,0.7298577811443233,0.7281581,0.7298492,0.0032455901872660326,0.00012426942733714417,39.182927793359596,0.7236518130960443,0.7395410311494534,-0.02721855311482856,-0.01252475472119591,1
2024-06-24,0.7298577811443233,0.7321769767280084,0.7298492,0.73114663,0.003202996364040995,0.00016274382288214678,38.3433665978729,0.7236518130960443,0.7394371200500397,0.007316293073440092,0.0012163750189434393,2
2024-06-25,0.7321769767280084,0.7320054929592337,0.73114663,0.7306347,0.003228074269406593,0.0003330987665784566,52.97826683112348,0.7236518130960443,0.7394371200500397,-0.0327824390894477,-0.03967552912777993,3
2024-06-26,0.7320054929592337,0.7296873184177545,0.7306347,0.7307201,0.0031766986661209144,0.0004174750581976577,54.86485697772128,0.7236518130960443,0.7394371200500397,-0.0030862946880555733,-0.04263480449414338,4
2024-06-27,0.7296873184177545,0.7299642893379857,0.7307201,0.72969145,0.003198012505570106,0.00030559015158927624,44.31200233640495,0.7236518130960443,0.7383070687690053,-0.008969709638196547,-0.06268952676442138,5
2024-06-28,0.7299642893379857,0.7313844414382085,0.72755754,0.728649,0.00314880081044297,0.0002414773386918082,62.68550110298689,0.7236518130960443,0.7368762436301016,0.014222117373647194,-0.023030683208763957,1
2024-07-01,0.7313844414382085,0.727918583157282,0.728649,0.72696114,0.0031298620239225907,0.00028307282475325597,67.05700141973365,0.7236518130960443,0.7368762436301016,0.00816603727846639,-0.02220015637562485,2
2024-07-02,0.727918583157282,0.7311652096574102,0.72696114,0.728869,0.0032435514018409727,7.628477243839128e-05,52.67393766860368,0.7236518130960443,0.7367622087000849,0.0006775653866961057,0.011070545667796774,3
2024-07-03,0.7311652096574102,0.7334981223616683,0.728869,0.7273048,0.0033352936239886112,0.00015285613037258408,56.523515721806454,0.7236518130960443,0.7354563698547868,0.024860493631748855,0.03972525881040615,4
2024-07-04,0.7334981223616683,0.7344732077674806,0.7273048,0.7277834,0.0033524701811848564,0.00034435821006480183,64.5625288194334,0.7236518130960443,0.7354563698547868,0.0,0.04909324372885023,5
2024-07-05,0.7344732077674806,0.7332453176396876,0.734057,0.73341894,0.0033091494644433865,0.0005104195560453939,65.5251025124904,0.7236518130960443,0.7354563698547868,0.025546321916446516,0.061040911443722354,1
2024-07-08,0.7332453176396876,0.7337026478815785,0.73341894,0.73194593,0.0032726202118696923,0.0005100778314270737,59.83349145190738,0.7236518130960443,0.7354563698547868,-0.007865990774347974,0.04416590551180254,2
2024-07-09,0.7337026478815785,0.7336756963401,0.73194593,0.7318118,0.0032222189006941835,0.0005118400561448268,61.161778497233875,0.7236518130960443,0.7354563698547868,-0.009565322367084766,0.033525220050735605,3
2024-07-10,0.7336756963401,0.7343653798257628,0.7318118,0.73221415,0.003170328710317137,0.0004827562977478792,60.019178866795336,0.7258474420447893,0.7354563698547868,0.006423190591299147,0.014644392983972663,4
2024-07-11,0.7343653798257628,0.7339772814272496,0.73221415,0.7320874,0.0031276657675406837,0.0004804971673824292,59.140824851756136,0.7258474420447893,0.7354563698547868,-0.021720901163740036,-0.007156967844835652,5
2024-07-12,0.7339772814272496,0.732815507586467,0.73416954,0.73448277,0.0030808203222120172,0.00042529294934229734,60.66321204352251,0.7258474420447893,0.7354563698547868,0.01976558846027169,-0.012879771838777561,1
2024-07-15,0.732815507586467,0.7312079747146595,0.73448277,0.7346964,0.003051887360250664,0.0002894541844566535,51.75816714786087,0.7258474420447893,0.7354563698547868,-0.015228992799344712,-0.020121247860706418,2
2024-07-16,0.7312079747146595,0.7315556343142747,0.7346964,0.7351736,0.003041464160427599,8.108911565459843e-05,47.964999802342774,0.7258474420447893,0.7354563698547868,-0.01894630220224455,-0.029270489154923328,3
2024-07-17,0.7315556343142747,0.7310636387998631,0.7351736,0.7346898,0.0029980100731622217,-3.722019681771504e-05,55.30032947976336,0.7258474420447893,0.7354563698547868,-0.010177538893199707,-0.045252285403101514,4
2024-07-18,0.7310636387998631,0.7298204439488846,0.7346898,0.7347143,0.0029567810035008944,-0.0001463823316682454,53.081213999464765,0.7258474420447893,0.7354563698547868,-0.030700708760375874,-0.05378735717889246,5
2024-07-19,0.7298204439488846,0.7295542414442526,0.7308809,0.7303887,0.0029357969536524114,-0.00029169488508213606,45.57257120433281,0.7258474420447893,0.7354563698547868,-0.011078471169803832,-0.08252689590867787,1
2024-07-22,0.7295542414442526,0.7266808278883145,0.7303887,0.72982097,0.0028942616780669424,-0.0003890340955754091,55.65465444708278,0.7258474420447893,0.7354563698547868,-0.009167236684088352,-0.07694850737539423,2
2024-07-23,0.7266808278883145,0.7253841044650347,0.72982097,0.73008984,0.002977233844153158,-0.0006167012928412294,34.086339930210016,0.7258474420447893,0.7354563698547868,-0.008286871976554549,-0.06705667742125507,3
2024-07-24,0.7253841044650347,0.7240972509173349,0.73008984,0.73094195,0.002957160938271625,-0.0008120945888378487,18.92022861529209,0.7253841044650347,0.7354563698547868,-0.011400955993048967,-0.06819735832874815,4
2024-07-25,0.7240972509173349,0.723625657312519,0.73094195,0.73062295,0.0029376315286999514,-0.0009745355890804908,11.183235207995864,0.7240972509173349,0.7354563698547868,0.0032881265324324637,-0.035982093456063576,5
2024-07-26,0.723625657312519,0.7231703878189967,0.72479224,0.7263928,0.0028976210429903417,-0.0010535581543880007,11.854013003253499,0.723625657312519,0.7354563698547868,-0.001947274275511693,-0.027139144229286913,1
2024-07-29,0.7231703878189967,0.7217194537045107,0.7263928,0.7264577,0.0028587822816092284,-0.0010727101285165205,8.22834543825796,0.7231703878189967,0.7354563698547868,-0.010408474810337234,-0.028345947095199987,2
2024-07-30,0.7217194537045107,0.7220424850060945,0.7264577,0.7282235,0.0028504823618403486,-0.0011144284645350768,7.393260272432514,0.7217194537045107,0.7354563698547868,0.0002462533816531066,-0.02001922530176685,3
2024-07-31,0.7220424850060945,0.7242020843560033,0.7282235,0.7271829,0.0028126482609209247,-0.0010523536784495572,4.908352778191613,0.7217194537045107,0.7354563698547868,0.023593370826798465,0.01488164689946495,4
2024-08-01,0.7242020843560033,0.7204299662372312,0.7271829,0.72670734,0.0028544136556248,-0.000808873427907723,18.33590978904627,0.7217194537045107,0.7354563698547868,-0.022732313002838966,-0.011185410743160967,5
2024-08-02,0.7204299662372312,0.7203002441699236,0.7243653,0.7239105,0.0030329624796704142,-0.0008411601488350615,15.683648123434253,0.7204299662372312,0.7354563698547868,0.00429420279958116,-0.0049944468711952935,1
2024-08-05,0.7203002441699236,0.7243594852653871,0.7239105,0.7237684,0.002986201460301559,-0.0008102333608914756,17.082551402416883,0.7203002441699236,0.7354563698547868,-0.02479059580656718,-0.019202322532810838,2
2024-08-06,0.7243594852653871,0.7253472862927082,0.7237684,0.7234786,0.0031925513456021177,-0.00047213027497585575,32.257921155892475,0.7203002441699236,0.7354563698547868,0.006878875148857098,-0.012675441267994792,3
2024-08-07,0.7253472862927082,0.7270241948560959,0.7234786,0.723162,0.0031549598598568083,-0.00015415500824362237,36.24269448894868,0.7203002441699236,0.7354563698547868,-0.018619202580670492,-0.05348554220513352,4
2024-08-08,0.7270241948560959,0.7280457562860346,0.723162,0.7229692,0.00314602347530887,0.00017886432597075813,43.40799942176639,0.7203002441699236,0.7348672385273796,0.0019029332241082232,-0.029878334708595813,5
2024-08-09,0.7280457562860346,0.7280192819132779,0.7274354,0.72779787,0.003111247345269694,0.000461625175417485,46.56612586747939,0.7203002441699236,0.7348672385273796,0.008832886712819966,-0.02546525189412581,1
2024-08-12,0.7280192819132779,0.7276802137982562,0.72779787,0.7290719,0.0030614471556717694,0.0006301268556350205,53.50053829129702,0.7203002441699236,0.7344732077674806,0.01866882114543386,0.017821250336697538,2
2024-08-13,0.7276802137982562,0.7294424613090039,0.7290719,0.7290285,0.0030147563502803927,0.0006967947767138087,56.321825591566906,0.7203002441699236,0.7344732077674806,-0.004696598507653004,0.006107414660529139,3
2024-08-14,0.7294424613090039,0.7290914838326469,0.7290285,0.72903126,0.003017137727202464,0.000828653345762745,64.34141897546647,0.7203002441699236,0.7344732077674806,-0.0027291121621621237,0.022222246442522322,4
2024-08-15,0.7290914838326469,0.7281411810986236,0.72903126,0.729143,0.002972060315431951,0.0008577101555387781,64.76057274927746,0.7203002441699236,0.7344732077674806,0.02792926345594375,0.04917617465270208,5
2024-08-16,0.7281411810986236,0.7310849829051114,0.72916615,0.72959197,0.002939716940978853,0.000780607175468232,63.074162563015484,0.7203002441699236,0.7344732077674806,-0.0027822873448715467,0.037060310914598826,1
2024-08-19,0.7310849829051114,0.7336756963401,0.72959197,0.7290262,0.0030307256264986925,0.0008877406541844595,72.83957335387117,0.7203002441699236,0.7344732077674806,0.009404466138288877,0.027496983460981842,2
2024-08-20,0.7336756963401,0.7343599796165969,0.7290262,0.72764903,0.003084362578737444,0.0010801772465183694,75.54443771275209,0.7203002441699236,0.7344732077674806,-0.004088557498111929,0.028121933742551633,3
2024-08-21,0.7343599796165969,0.7361981194783658,0.72764903,0.72729194,0.0030426437337950766,0.0011918664723265802,73.85017569605598,0.7203002441699236,0.7344732077674806,0.007682204488819919,0.0388819525373482,4
2024-08-22,0.7361981194783658,0.7351103404949402,0.72729194,0.72837615,0.003045920907519582,0.001318009806230935,90.72092227437842,0.7203002441699236,0.7361981194783658,-0.009732768985843696,0.00048317348900567183,5
2024-08-23,0.7351103404949402,0.7403020227454283,0.7392127,0.7388756,0.00301404181287778,0.0012568707368873252,86.44342214615777,0.7203002441699236,0.7361981194783658,0.01283688121007074,0.016232564829346596,1
2024-08-26,0.7403020227454283,0.7417242246745134,0.7388756,0.7401133,0.003344663751157192,0.0014794275798272662,87.15907626463674,0.7203002441699236,0.7403020227454283,0.004044782599055961,0.010800450091235947,2
2024-08-27,0.7417242246745134,0.7436216109073618,0.7401133,0.73931086,0.003312885440710045,0.0016242013843881173,87.41394571193915,0.7203002441699236,0.7417242246745134,0.004501323054126366,0.019520503711044603,3
2024-08-28,0.7436216109073618,0.7420048973373349,0.73931086,0.7394285,0.003303226931154724,0.0017392562739902695,87.53947118759487,0.7203002441699236,0.7436216109073618,-0.020417457696083448,-0.008728919640821823,4
2024-08-29,0.7420048973373349,0.7413393178210693,0.7394285,0.7402211,0.0032783043749099842,0.0016014267993099685,80.74460734875825,0.7203002441699236,0.7436216109073618,0.0006029682943513182,0.0015697281970487912,5
2024-08-30,0.7413393178210693,0.7413448211652923,0.7403529,0.7399332,0.0032270510238983693,0.001369368730774223,78.53370950910917,0.7203002441699236,0.7436216109073618,-0.000602968294351396,-0.011801165553951888,1
2024-09-02,0.7413448211652923,0.7408889103999203,0.7399332,0.73980236,0.003172582226129,0.0011301207445838022,79.6962274651082,0.7203002441699236,0.7436216109073618,0.0,-0.01579014229368231,2
2024-09-03,0.7408889103999203,0.7383670507956719,0.73980236,0.73871225,0.003122582714367699,0.000866885887770113,76.3731214726379,0.7203002441699236,0.7436216109073618,-0.02764023713283298,-0.04692120222696072,3
2024-09-04,0.7383670507956719,0.7402965348726055,0.73871225,0.7372806,0.003157011796954813,0.00046859589456675404,69.42782843134103,0.7203002441699236,0.7436216109073618,-0.003105085111750596,-0.030277491617961977,4
2024-09-05,0.7402965348726055,0.7407352332798073,0.7372806,0.73639256,0.003157961624675648,0.00028954130766555095,74.45643005887274,0.7203002441699236,0.7436216109073618,0.014326561027738912,-0.016877678364688273,5
2024-09-06,0.7407352332798073,0.7373489392455501,0.73875296,0.73838025,0.0031090718379156272,0.00016148718155449895,71.59285405885907,0.7203002441699236,0.7436216109073618,-0.01557118096774766,-0.03148367681139164,1
2024-09-09,0.7373489392455501,0.7372456432010805,0.73838025,0.73849994,0.0032124450682951456,-0.0001723581785728263,57.93647859725413,0.7203002441699236,0.7436216109073618,0.017286439839061352,-0.014595933712157162,2
2024-09-10,0.7372456432010805,0.7347754489968957,0.73849994,0.7373917,0.003158490413681795,-0.0004077826707317091,56.39538113891293,0.7203002441699236,0.7436216109073618,-0.01083079435184659,0.002108159485470008,3
2024-09-11,0.7347754489968957,0.7364638269094808,0.7373917,0.7375055,0.003187465049382683,-0.0007192980205322948,46.93291927911212,0.7203002441699236,0.7436216109073618,0.010463569894938275,0.015798086292642198,4
2024-09-12,0.7364638269094808,0.7366048699856677,0.7375055,0.7378869,0.0031751598175559638,-0.0007951457133893811,52.84427366771169,0.7203002441699236,0.7436216109073618,0.01217145342574411,0.013611289352515344,5
2024-09-13,0.7366048699856677,0.7365017822964407,0.73651695,0.73543715,0.0031229462234343653,-0.0008162404196038267,40.13700324601088,0.7203002441699236,0.7436216109073618,0.01011089337881664,0.03998008318548353,1
2024-09-16,0.7365017822964407,0.7360355966922564,0.73543715,0.7353961,0.0030722660105349914,-0.0008156306732653162,35.01316091532199,0.7203002441699236,0.7436216109073618,0.00906053645250728,0.03146039659731232,2
2024-09-17,0.7360355966922564,0.7357214775107263,0.7353961,0.73520756,0.0030259362571230125,-0.0008227620338422392,26.282184425586053,0.7203002441699236,0.7436216109073618,0.0001187212220558712,0.042816446438048404,3
2024-09-18,0.7357214775107263,0.7347160490626524,0.73520756,0.73573965,0.00297969938721328,-0.0008227917676166818,28.612741279942043,0.7203002441699236,0.7436216109073618,0.005797778381147515,0.03796221553272156,4
2024-09-19,0.7347160490626524,0.7373163401911029,0.73573965,0.7349301,0.002947733348718292,-0.0008606112140932432,27.96574564123445,0.7203002441699236,0.7436216109073618,0.011262404495693233,0.03701908583172897,5
2024-09-20,0.7373163401911029,0.7372347579763757,0.7352611,0.7322947,0.003005851706114123,-0.000688063855709178,38.571211931747555,0.7203002441699236,0.7436216109073618,-0.0010504611301073035,0.025508902292358842,1
2024-09-23,0.7372347579763757,0.7391256270063343,0.7322947,0.73022926,0.002959038006607955,-0.0005622905318765456,39.40821800236776,0.7203002441699236,0.7436216109073618,0.001750230130358872,0.01803945332479335,2
2024-09-24,0.7391256270063343,0.7451009477320435,0.73022926,0.7290891,0.0029685965917865364,-0.00034526870791088066,52.28226260577529,0.7203002441699236,0.7436216109073618,0.032233120582951455,0.05126381367872481,3
2024-09-25,0.7451009477320435,0.7417187156958958,0.7290891,0.7291384,0.0034105293556169276,0.00017901636796186881,61.62463638391157,0.7203002441699236,0.7451009477320435,-0.0003387253064925078,0.04483248253491049,4
2024-09-26,0.7417187156958958,0.7420765100799381,0.7291384,0.72931767,0.0034867050125695514,0.00027081903660826833,52.082914753560985,0.7203002441699236,0.7451009477320435,0.03396927361253579,0.06882876616543135,5
2024-09-27,0.7420765100799381,0.740258187365464,0.74129885,0.7418151,0.0034239197392473917,0.0003248001607820388,61.48593731281574,0.7203002441699236,0.7451009477320435,-0.008770054674294606,0.06060960762030686,1
2024-09-30,0.740258187365464,0.7392512741642651,0.7418151,0.74060786,0.003401398258484302,0.00021263069918890784,56.756144103697146,0.7203002441699236,0.7451009477320435,-0.009959156737551753,0.048262946395565824,2
2024-10-01,0.7392512741642651,0.7410371524398522,0.74060786,0.74096286,0.0033522017971612493,5.3499008999081466e-05,60.74289104828741,0.7203002441699236,0.7451009477320435,0.008747270990222236,0.023930453579292812,3
2024-10-02,0.7410371524398522,0.7404719910817902,0.74096286,0.7413652,0.003335139556824234,5.138174240223721e-05,60.92577460652017,0.7203002441699236,0.7451009477320435,0.013251060309858634,0.037940429599268334,4
2024-10-03,0.7404719910817902,0.738105423872161,0.7413652,0.73957264,0.0032802112137150165,-2.365901094705412e-06,59.055138417482226,0.7203002441699236,0.7451009477320435,-0.020664692030848586,-0.017245142709215823,5
2024-10-04,0.738105423872161,0.7364203802297925,0.74193895,0.7418376,0.0032941089416650697,-0.00020061304496739232,53.39514817390451,0.7203002441699236,0.7451009477320435,0.00454323643639212,-0.00407395984970126,1
2024-10-07,0.7364203802297925,0.7343222446572475,0.7418376,0.7421758,0.003272514563387956,-0.0004350867537767137,50.77466363203918,0.7203002441699236,0.7451009477320435,-0.0007742044750523483,0.005115712028949617,2
2024-10-08,0.7343222446572475,0.7324933846355891,0.7421758,0.74078023,0.003271993684747,-0.0007053459836029047,47.37179369631971,0.7203002441699236,0.7451009477320435,-0.023962600218861506,-0.027229604001752186,3
2024-10-09,0.7324933846355891,0.7294318687145626,0.74078023,0.7406246,0.003258160950182138,-0.0009650752865578159,45.950394027330184,0.7203002441699236,0.7451009477320435,-0.013003527344188167,-0.05243693761411903,4
2024-10-10,0.7294318687145626,0.7275002300374938,0.7406246,0.7404491,0.003322985468415218,-0.0012810548141010355,35.87224769035127,0.7203002441699236,0.7451009477320435,0.006865063336545291,-0.025988367376033456,5
2024-10-11,0.7275002300374938,0.7256262441062279,0.73038566,0.7304028,0.003311902054477741,-0.001540700814540959,33.641787252563574,0.7203002441699236,0.7451009477320435,0.015051426299758246,-0.01569930316931963,1
2024-10-14,0.7256262441062279,0.7244854177217639,0.7304028,0.7287108,0.0032986760073894805,-0.0017442361468087567,27.30232524000064,0.7203002441699236,0.7451009477320435,-0.019966589598124317,-0.03441025300120396,2
2024-10-15,0.7244854177217639,0.7256314538609091,0.7287108,0.7293621,0.0032576014615918365,-0.0018511687443829256,8.60813312222956,0.7203002441699236,0.7451009477320435,-0.014543239227710301,-0.025272044125808683,3
2024-10-16,0.7256314538609091,0.7270083797502801,0.7293621,0.7289224,0.0032214191358911296,-0.0017417856241443723,14.513412997109128,0.7203002441699236,0.7451009477320435,0.007182639183070338,-0.00539608853382374,4
2024-10-17,0.7270083797502801,0.7248635405894162,0.7289224,0.7288064,0.0031948623488773863,-0.0014838493203991343,18.191652020725854,0.7203002441699236,0.7451009477320435,-0.010443370880604458,-0.02246299809091158,5
2024-10-18,0.7248635405894162,0.7246587167887748,0.7285912,0.7280767,0.003202246148030401,-0.001367693031714979,17.944284346750933,0.7203002441699236,0.7451009477320435,0.013785382802360822,-0.02369981935567907,1
2024-10-21,0.7246587167887748,0.7228828491584343,0.7280767,0.72793347,0.0031489784080913764,-0.0012195663171928753,18.564395191164934,0.7203002441699236,0.7451009477320435,-0.005306331502970384,-0.009281577388423005,2
2024-10-22,0.7228828491584343,0.7237879910463181,0.72793347,0.72720695,0.003139392788936032,-0.001156646914905302,10.874729767560638,0.7203002441699236,0.7451009477320435,0.005766385567984585,0.01104525856094856,3
2024-10-23,0.7237879910463181,0.7227156908314031,0.72720695,0.7275825,0.0031009225365524456,-0.0009767001478131034,14.562759749545279,0.7203002441699236,0.7451009477320435,-0.010054969620869941,-0.00623339491539567,4
2024-10-24,0.7227156908314031,0.7218496875051092,0.7275825,0.7278884,0.003065992705443052,-0.0008568056406693535,15.410019903787216,0.7203002441699236,0.7451009477320435,0.0034786367081482633,0.007698586853333055,5
2024-10-25,0.7218496875051092,0.7196522722051283,0.725007,0.72600013,0.0030268946896501213,-0.0007657175759826166,15.999065787434972,0.7203002441699236,0.7451009477320435,0.004619474922603476,-0.0014956842728116415,1
2024-10-28,0.7196522722051283,0.7199527550229329,0.72600013,0.7265838,0.003047706033981441,-0.0007806821947165597,15.925277364705877,0.7196522722051283,0.7451009477320435,-0.0017298446095613334,0.0020818470088422797,2
2024-10-29,0.7199527550229329,0.7187625499072351,0.7265838,0.7263726,0.0030011426789531247,-0.0007001447558254766,18.644981746694768,0.7196522722051283,0.7451009477320435,0.00011546014043166252,-0.003564873157259643,3
2024-10-30,0.7187625499072351,0.7190106417519138,0.7263726,0.7270479,0.002974004188161634,-0.000657506832900005,20.569819452578457,0.7187625499072351,0.7451009477320435,-0.0011547609895255664,0.005343190367856402,4
2024-10-31,0.7190106417519138,0.7176072117548339,0.7270479,0.726975,0.0029293856082883768,-0.0005475713997622508,24.184709440195817,0.7187625499072351,0.7451009477320435,-0.0032403544840676935,-0.001389059382812976,5
2024-11-01,0.7176072117548339,0.7184527219059782,0.7195697,0.7203471,0.0029134999041492316,-0.0005053664277600255,24.897205121391238,0.7176072117548339,0.7451009477320435,0.007851309416842709,0.0018435066469856885,1
2024-11-04,0.7184527219059782,0.7193882521470314,0.7203471,0.7206908,0.0028821874063738933,-0.0003631521123741181,30.75949601804068,0.7176072117548339,0.7451009477320435,0.01359326842658909,0.017313086318757512,2
2024-11-05,0.7193882521470314,0.7229090135687288,0.7206908,0.71937644,0.0028546960279597195,-0.00015913641851168694,29.81710627382145,0.7176072117548339,0.7451009477320435,0.009822251413223898,0.027236014088185545,3
2024-11-06,0.7229090135687288,0.7169383992168605,0.71937644,0.7190566,0.0030109687647329204,0.00023826646076091727,38.360952891072344,0.7176072117548339,0.7451009477320435,-0.05258911842530857,-0.024263436698556816,4
2024-11-07,0.7169383992168605,0.7211209333936459,0.7190566,0.71849567,0.0034541698313061762,0.0001297876799627234,31.514565387576113,0.7169383992168605,0.7451009477320435,0.043447321295367755,0.022371605775549922,5
2024-11-08,0.7211209333936459,0.7190209954684732,0.7141638,0.7150247,0.0036187304955073722,0.0003575731192470505,43.039665302892345,0.7169383992168605,0.7451009477320435,-0.028404111061249033,-0.014031022988213265,1
2024-11-11,0.7190209954684732,0.7183133772059583,0.7150247,0.7136433,0.0036011355643020687,0.0003824338940187251,42.49774676351969,0.7169383992168605,0.7451009477320435,-0.017770402770283862,-0.04447472119309048,2
2024-11-12,0.7183133772059583,0.7170772109154355,0.7136433,0.7149938,0.003537390798580091,0.00036678512143934177,39.28245777936578,0.7169383992168605,0.7451009477320435,-0.021968305360875098,-0.07437363226057027,3
2024-11-13,0.7170772109154355,0.7146583281137864,0.7149938,0.7155201,0.0034889432149806526,0.00029199940604987236,39.032030345417446,0.7169383992168605,0.7451009477320435,-0.013072124212538998,-0.03706331991150083,4
2024-11-14,0.7146583281137864,0.7111616910009384,0.7155201,0.71424073,0.003496797049300746,0.00010792446094793707,36.80832131706331,0.7146583281137864,0.7451009477320435,0.0017201059739166069,-0.0764172119838589,5
2024-11-15,0.7111616910009384,0.7099298085351108,0.7134603,0.7141076,0.0035843798315156783,-0.0002040270872495512,35.133664506474716,0.7111616910009384,0.7451009477320435,-0.005416024015032468,-0.05493989504576591,1
2024-11-18,0.7099298085351108,0.7131446635090397,0.7141076,0.7154731,0.00353402174448838,-0.0004347798275583627,33.00492787842565,0.7099298085351108,0.7451009477320435,0.01397245036674078,-0.02445978743095288,2
2024-11-19,0.7131446635090397,0.7165890645910211,0.7154731,0.7143149,0.003604340542504164,-0.0003177709420275486,41.08624362965235,0.7099298085351108,0.7451009477320435,0.005341190903602937,0.0025488418048948414,3
2024-11-20,0.7165890645910211,0.7159220865585044,0.7143149,0.71571636,0.0036869955783991777,2.6447754799552043e-05,46.51157651065924,0.7099298085351108,0.7451009477320435,0.0032633707191537793,0.01906046895632941,4
2024-11-21,0.7159220865585044,0.7153075812844485,0.71571636,0.7159535,0.003619794852242485,0.00023259375674050458,47.51985480002421,0.7099298085351108,0.7451009477320435,-0.007388136557883757,0.00982076167507639,5
2024-11-22,0.7153075812844485,0.7177308071405103,0.7157219,0.715487,0.0035545564801605593,0.00034421051501607337,45.339331605135314,0.7099298085351108,0.7451009477320435,-0.009527380066168888,0.005677551917394998,1
2024-11-25,0.7177308071405103,0.7093003522992036,0.715487,0.7150001,0.0035647396646899298,0.0005838034184311872,47.647612754789336,0.7099298085351108,0.7451009477320435,0.004286314657899773,-0.004016552332532198,2
2024-11-26,0.7093003522992036,0.7115867497356555,0.7150001,0.71409446,0.004310385990136262,0.00019706228239361285,33.047951862856806,0.7093003522992036,0.7451009477320435,-0.012914458354139725,-0.022033917091298035,3
2024-11-27,0.7115867497356555,0.7129464080448658,0.71409446,0.713983,0.004273654059871419,0.00012149604498657438,42.65981850464572,0.7093003522992036,0.7451009477320435,0.006908460270460658,-0.018462638279616122,4
2024-11-28,0.7129464080448658,0.7139185560350129,0.713983,0.7131629,0.004201051255604672,0.00018551027248224147,37.8469576419559,0.7093003522992036,0.7451009477320435,0.0,-0.011184051727036284,5
2024-11-29,0.7139185560350129,0.7136434258492894,0.71119314,0.7133687,0.0041214852282880216,0.00030850228096833453,42.15101349808147,0.7093003522992036,0.7451009477320435,0.00331395542562012,0.0015955435270758422,1
2024-12-02,0.7136434258492894,0.7120985674002358,0.7133687,0.7126811,0.004034434477149536,0.0003817114572535977,42.719428183071884,0.7093003522992036,0.7451009477320435,-0.0012261194171518171,-0.003910496093641412,2
2024-12-03,0.7120985674002358,0.7109392294411243,0.7126811,0.71139336,0.003975642528445445,0.00033797888370334537,42.312166093350704,0.7093003522992036,0.7451009477320435,0.017150550571007218,0.02649167447523416,3
2024-12-04,0.7109392294411243,0.7105754905478624,0.71139336,0.7110665,0.003908140799007431,0.00024707471544438116,44.02467463303188,0.7093003522992036,0.7451009477320435,-0.0009651810670761947,0.018441182129404488,4
2024-12-05,0.7105754905478624,0.7131904397578422,0.7110665,0.71217334,0.003830357816412484,0.00018157979266328686,48.952748637250906,0.7093003522992036,0.7451009477320435,-0.001691427036356159,0.016720019200111805,5
2024-12-06,0.7131904397578422,0.7068236654172321,0.7116187,0.7099895,0.0038377526955780056,0.0003251233036792897,55.550834762294635,0.7093003522992036,0.7451009477320435,0.0008460711338127912,0.014213965432842037,1
2024-12-09,0.7068236654172321,0.7056167242931832,0.7099895,0.7090826,0.004211349537324496,1.822963138069754e-05,40.282132606051086,0.7068236654172321,0.7451009477320435,0.02033065993438071,0.03631450449593498,2
2024-12-10,0.7056167242931832,0.7054972061795663,0.7090826,0.7079463,0.0041356344088940575,-0.0002256545150292567,31.88491856042495,0.7056167242931832,0.7451009477320435,0.0,0.018692684080309226,3
2024-12-11,0.7054972061795663,0.7067686986507156,0.7079463,0.70789593,0.0040483315808021465,-0.0003473495929631606,32.47190919294955,0.7054972061795663,0.7451009477320435,-0.0022517461047863417,0.017382912422678014,4
2024-12-12,0.7067686986507156,0.7033733649096129,0.70789593,0.70932835,0.003984452340367139,-0.00029651674704552714,35.953301639286906,0.7054972061795663,0.7451009477320435,-0.004518987951738658,0.014510263472407563,5
2024-12-13,0.7033733649096129,0.7029432147181686,0.70730746,0.7084921,0.004030810410289103,-0.00043736160732270064,27.11358367916654,0.7033733649096129,0.7451009477320435,-0.01102599903417866,0.002537139949653557,1
2024-12-16,0.7029432147181686,0.7025086484036589,0.7084921,0.70822465,0.003949335657526304,-0.0005007350976155987,36.39685648967611,0.7029432147181686,0.7451009477320435,-0.0013265764037010605,-0.01894161902904953,2
2024-12-17,0.7025086484036589,0.6988266927116525,0.70822465,0.7091205,0.0038710942310807113,-0.0005113694410726734,28.902460482113824,0.7025086484036589,0.7451009477320435,-0.012629201966152723,-0.03125369397812252,3
2024-12-18,0.6988266927116525,0.6915151112468908,0.7091205,0.7089714,0.003949622747078564,-0.0006944657283464032,20.3826452118186,0.6988266927116525,0.7420765100799381,0.002075347014305267,-0.02705275613333742,4
2024-12-19,0.6915151112468908,0.6942949775024342,0.7089714,0.7083653,0.004461137115878106,-0.0012061110204087625,12.879107298149194,0.6915151112468908,0.7420765100799381,-0.019580631900887508,-0.041597135021522465,5
2024-12-20,0.6942949775024342,0.6963157704256914,0.68918693,0.6880648,0.004448464974670085,-0.0012501015829224204,20.398074835494526,0.6915151112468908,0.7410371524398522,0.005085840171359418,-0.02603043482857998,1
2024-12-23,0.6963157704256914,0.6956908855093398,0.6880648,0.68942934,0.0043960845877835724,-0.001044262215310475,26.19990108271125,0.6915151112468908,0.7410371524398522,-0.004464324542501597,-0.029081716438908393,2
2024-12-24,0.6956908855093398,0.6962818438909473,0.68942934,0.6892845,0.004303132223852812,-0.0008590856214062796,26.629132357400508,0.6915151112468908,0.7410371524398522,0.00656557970297388,-0.01026513965333265,3
2024-12-25,0.6962818438909473,0.6966893542154458,0.6892845,0.6875987,0.0042149349700525,-0.0006170170080493998,28.243913470914165,0.6915151112468908,0.7404719910817902,0.0,-0.012317052988123382,4
2024-12-26,0.6966893542154458,0.6942998045374849,0.6875987,0.68465763,0.004127905952935954,-0.0003622801356582949,23.0746853138004,0.6915151112468908,0.738105423872161,0.005540871925046577,0.012809312585986053,5
2025-01-03,0.6942998045374849,0.6925207728790612,0.69794554,0.69682014,0.003911431163185832,0.00028425111265647195,32.90132976482265,0.6915151112468908,0.7275002300374938,0.012705730469062898,-0.007981284375865967,1
2025-01-06,0.6925207728790612,0.6974181850500109,0.69682014,0.6956605,0.003869222696778273,0.0002255185415390203,31.309611968285395,0.6915151112468908,0.7270083797502801,0.021429735158765856,0.01587688739483173,2
2025-01-07,0.6974181850500109,0.6961800841198127,0.6956605,0.6941315,0.004081085204822266,0.0005341402363427984,42.130908238126594,0.6915151112468908,0.7270083797502801,0.008084555631823191,0.02842670957710182,3
2025-01-08,0.6961800841198127,0.6955553849314885,0.6941315,0.6959555,0.004013079582974668,0.0006640624828945039,45.57435363051777,0.6915151112468908,0.7270083797502801,0.01597552148922448,0.06058702888106693,4
2025-01-09,0.6955553849314885,0.6943672751238356,0.6959555,0.69408584,0.003935248038665713,0.0007128009718382188,58.702260578749176,0.6915151112468908,0.7270083797502801,0.012225389355236115,0.0729597294085199,5
2025-01-10,0.6943672751238356,0.6937266040334615,0.6954677,0.6946331,0.0038718070655004468,0.0006705199350820357,50.16718396732677,0.6915151112468908,0.7248635405894162,-0.0011690706262276669,0.05817542837432925,1
2025-01-13,0.6937266040334615,0.6962430665010014,0.6946331,0.69540715,0.0037994782346759365,0.0006068140742269265,43.60448686633585,0.6915151112468908,0.7246587167887748,0.004900805420346145,0.04082867761393312,2
2025-01-14,0.6962430665010014,0.6967912629306754,0.69540715,0.69502133,0.00380664641358758,0.0007331169511947452,51.24738003458291,0.6915151112468908,0.7237879910463181,0.0034860233805795665,0.03605338146364766,3
2025-01-15,0.6967912629306754,0.6980217825591745,0.69502133,0.6943013,0.0037368824146881913,0.0008446115562984512,51.153008139417715,0.6915151112468908,0.7237879910463181,0.011303415838173602,0.031224120797995875,4
2025-01-16,0.6980217825591745,0.694647067357664,0.6943013,0.69331497,0.0036857155511701217,0.0009825991239793587,52.907470125364945,0.6915151112468908,0.7229090135687288,0.01163071682537297,0.03061106244377288,5
2025-01-17,0.694647067357664,0.6908796901446336,0.69478035,0.69317865,0.0037539094258992466,0.0008338235606925289,51.494793356441576,0.6915151112468908,0.7229090135687288,-0.016689905700843943,0.014738613581286432,1
2025-01-20,0.6908796901446336,0.6991736046921584,0.69317865,0.6920144,0.0038519299785924983,0.00048615025850226937,43.69581434132954,0.6908796901446336,0.7229090135687288,0.0,0.00977774314311354,2
2025-01-21,0.6991736046921584,0.6972187824174301,0.6920144,0.6918683,0.004551121044514555,0.0008006527438653406,53.5193930681663,0.6908796901446336,0.7229090135687288,-0.006128301580466994,0.00011593210184236907,3
2025-01-22,0.6972187824174301,0.6947532127729584,0.6918683,0.6904529,0.0044871659760258,0.0008578321537796568,52.31441736990704,0.6908796901446336,0.7229090135687288,-0.009204786171019986,-0.02018576031546615,4
2025-01-23,0.6947532127729584,0.6954876832652985,0.6904529,0.6924287,0.004449444436448815,0.0007161791290887887,50.65674023725963,0.6908796901446336,0.7229090135687288,0.006533654698869979,-0.025167228157144683,5
2025-01-24,0.6954876832652985,0.6951637742833902,0.6927729,0.69298106,0.004358741544654661,0.0006599142405873861,54.43152613098012,0.6908796901446336,0.7229090135687288,-0.002212010159230562,-0.010951039186174481,1
2025-01-27,0.6951637742833902,0.6943962443733396,0.69298106,0.69169945,0.004265752566676704,0.00059107109651461,46.09984289660561,0.6908796901446336,0.7229090135687288,-0.020369261459914086,-0.030893440556739114,2
2025-01-28,0.6943962443733396,0.6944492459629164,0.69169945,0.6913116,0.004181142455072737,0.0004882949950562343,46.86285775269087,0.6908796901446336,0.7229090135687288,0.0040361400459950495,-0.020992781408593158,3
2025-01-29,0.6944492459629164,0.6944926535073104,0.6913116,0.69313073,0.004094171154408093,0.0004208895466964141,48.01477390253977,0.6908796901446336,0.7229090135687288,0.008728571240526836,-0.003277522791118762,4
2025-01-30,0.6944926535073104,0.6899882460450697,0.69313073,0.69203275,0.004010370849221561,0.0003776156814763367,50.234662952615885,0.6908796901446336,0.7211209333936459,0.007138274803439134,-0.002674702122338482,5
2025-01-31,0.6899882460450697,0.6794863300142869,0.6942221,0.6941405,0.0041562683674597365,6.064392086317259e-05,43.88723772372316,0.6899882460450697,0.7211209333936459,-0.006081895310409236,-0.0065267781302247845,1
2025-02-03,0.6794863300142869,0.6935774734294664,0.6941405,0.6946603,0.005196114518421797,-0.0007941454000442022,28.27398338273622,0.6794863300142869,0.7190209954684732,0.007480180735855045,0.021529763102614546,2
2025-02-04,0.6935774734294664,0.6976419531527629,0.6946603,0.6940318,0.0067841205113629375,-0.0003699372618359508,46.916145852228844,0.6794863300142869,0.7183133772059583,0.011231533344878048,0.028906579234281207,3
2025-02-05,0.6976419531527629,0.6985532967194025,0.6940318,0.6945569,0.006724985910636345,0.00019464892302097254,49.654327615883005,0.6794863300142869,0.7177308071405103,0.020964651419344747,0.041573702557784656,4
2025-02-06,0.6985532967194025,0.6990025519910046,0.6945569,0.6947327,0.006546907040207488,0.0006159553797120982,53.72182822643493,0.6794863300142869,0.7177308071405103,0.004275338767884391,0.038596008179180456,5
2025-02-07,0.6990025519910046,0.6977490739150344,0.69965583,0.6995992,0.006371672025400281,0.0008944780155707224,58.2617971084869,0.6794863300142869,0.7177308071405103,0.028336209444502193,0.07496479661922238,1
2025-02-10,0.6977490739150344,0.6975154351938051,0.6995992,0.69848,0.0062133280849162266,0.0009582027412270489,48.30891073590572,0.6794863300142869,0.7177308071405103,0.02564242139116298,0.09466694191592809,2
2025-02-11,0.6975154351938051,0.7000301254839062,0.69848,0.6989801,0.006050619073167595,0.000946855569893761,50.36716678761426,0.6794863300142869,0.7177308071405103,-0.0228089383976497,0.05803105189777886,3
2025-02-12,0.7000301254839062,0.6992664486382756,0.6989801,0.70013094,0.005947439622462299,0.0010622834869156998,56.52329669000717,0.6794863300142869,0.7177308071405103,0.0222769264194491,0.05942039099462237,4
2025-02-13,0.6992664486382756,0.7046173788318982,0.70013094,0.6940471,0.005799341862491153,0.0010394817604477027,54.66792273946705,0.6794863300142869,0.7177308071405103,0.014999774021689321,0.07084321859047207,5
2025-02-14,0.7046173788318982,0.7050197160929678,0.6951748,0.6959636,0.005891159627843182,0.0013190864227834358,60.38791465048782,0.6794863300142869,0.7177308071405103,-0.023872587026951185,0.016370142615055504,1
2025-02-17,0.7050197160929678,0.7049700653150958,0.6959636,0.6960722,0.0057429167103615585,0.0014547621076902149,61.767846289826394,0.6794863300142869,0.7177308071405103,0.0,-0.009360737935553285,2
2025-02-18,0.7049700653150958,0.7047613478684447,0.6960722,0.69783944,0.005598638468078837,0.0014609530364856783,61.65500128483894,0.6794863300142869,0.7139185560350129,-0.015473949459281645,-0.0020676954116424233,3
2025-02-19,0.7047613478684447,0.7022274852911669,0.69783944,0.6982765,0.005459939746373308,0.0013721798192863578,61.3341835337764,0.6794863300142869,0.7139185560350129,-0.006125566588133508,-0.030012727837424712,4
2025-02-20,0.7022274852911669,0.7054175894748694,0.6982765,0.69891894,0.005379576581595142,0.0010770257482297396,64.12357231172888,0.6794863300142869,0.7139185560350129,0.011129332905545155,-0.03375975046488873,5
2025-02-21,0.7054175894748694,0.703650547571231,0.70313215,0.702153,0.0053401540150882845,0.0010308240472765256,85.99833059248367,0.6794863300142869,0.7139185560350129,-0.010471269367841866,-0.020723702939401897,1
2025-02-24,0.703650547571231,0.7004763110787898,0.702153,0.7001476,0.005236622483622835,0.0008243798993888352,71.2573042782036,0.6794863300142869,0.7136434258492894,-0.009474510390437337,-0.02995805184596864,2
2025-02-25,0.7004763110787898,0.6992664486382756,0.7001476,0.70098096,0.0051985774428688954,0.00043663823379983045,56.21488937758323,0.6794863300142869,0.7131904397578422,-0.006886650883797669,-0.021592143138089753,3
2025-02-26,0.6992664486382756,0.6975446677290397,0.70098096,0.7003459,0.0050862342952923,7.995543125558554e-05,51.54351981404155,0.6794863300142869,0.7131904397578422,0.012405953665810794,-0.0032917144602511196,4
2025-02-27,0.6975446677290397,0.6923529595283493,0.7003459,0.69827336,0.004991672394115718,-0.00027141405108290287,47.009346483250205,0.6794863300142869,0.7131904397578422,0.008331578098502572,-0.0060763626595096935,5
2025-02-28,0.6923529595283493,0.6924728097408707,0.6960807,0.695217,0.005124318691117434,-0.0008218579242115138,40.47035006515206,0.6794863300142869,0.7131904397578422,-0.014404511438083157,-0.009978026799712601,1
2025-03-03,0.6924728097408707,0.6901311244595166,0.695217,0.6956211,0.005002455577456739,-0.0011273781617646185,41.05868318945016,0.6794863300142869,0.7068236654172321,0.013640030476108149,0.013172401591244692,2
2025-03-04,0.6901311244595166,0.6945843158695465,0.6956211,0.69788647,0.004935571572051692,-0.0014178890555450556,32.33926147989432,0.6794863300142869,0.7067686986507156,-0.010764556028160344,0.009251023403499046,3
2025-03-05,0.6945843158695465,0.6974181850500109,0.69788647,0.6974915,0.005016434832419239,-0.00124689850998941,42.618415925077805,0.6794863300142869,0.7067686986507156,0.05144233767329024,0.04942760641594816,4
2025-03-06,0.6974181850500109,0.6997361748726503,0.6974915,0.6977289,0.004977389236725448,-0.0008961108377060671,37.67172603747942,0.6794863300142869,0.7067686986507156,0.002618996735577343,0.04344975656317446,5
2025-03-07,0.6997361748726503,0.6958845658631309,0.6956725,0.6936148,0.0049139108356666145,-0.0004818984766334834,41.50926030967645,0.6794863300142869,0.7054175894748694,-0.020292329949920637,0.03732416465304328,1
2025-03-10,0.6958845658631309,0.6930535014551995,0.6936148,0.6944307,0.004938292314484628,-0.00044227748584350576,36.989306910042515,0.6794863300142869,0.7054175894748694,-0.009332316703541513,0.013766022728977697,2
2025-03-11,0.6930535014551995,0.6928854298522934,0.6944307,0.69242114,0.004897888668886305,-0.0005733832945648083,34.405280893936876,0.6794863300142869,0.7054175894748694,0.021430455186379798,0.04693530897151047,3
2025-03-12,0.6928854298522934,0.6962964081993335,0.69242114,0.6894001,0.004783618397784961,-0.0006333717344650115,36.71949539559686,0.6794863300142869,0.7054175894748694,0.01694430857674518,0.011433987840227288,4
2025-03-13,0.6962964081993335,0.6932024640784686,0.6894001,0.6894128,0.004792928227142421,-0.00041579030342158243,37.11440547703503,0.6794863300142869,0.7054175894748694,0.015947632797405603,0.025005265763140345,5
2025-03-14,0.6932024640784686,0.6959329450671778,0.6930389,0.690253,0.00477486427341667,-0.000449820717853769,35.773245357880754,0.6794863300142869,0.7054175894748694,-0.005937733472506577,0.039824913300253756,1
2025-03-17,0.6959329450671778,0.699540403243971,0.690253,0.68972826,0.004742465093631551,-0.00026704619596231946,43.73779461788488,0.6794863300142869,0.7054175894748694,0.013057342105819809,0.06336882487162808,2
2025-03-18,0.699540403243971,0.6993251517887438,0.68972826,0.68903846,0.004766832416685222,9.861140501257466e-05,50.35418738772809,0.6794863300142869,0.7054175894748694,0.01198830020340408,0.05337558472913837,3
2025-03-19,0.6993251517887438,0.6983727794887096,0.68903846,0.68765724,0.004657181026680943,0.00031554704775136103,52.39523874377512,0.6794863300142869,0.7054175894748694,0.01648665430651425,0.05289361319120863,4
2025-03-20,0.6983727794887096,0.698192355530934,0.68765724,0.6884996,0.004559335605822354,0.0003801339976121891,59.14093407012361,0.6794863300142869,0.7054175894748694,0.0017714450653270794,0.038072894515949196,5
2025-03-21,0.698192355530934,0.6977052583601289,0.698334,0.69876033,0.004456394289196707,0.0003942435211422101,58.66902837549358,0.6794863300142869,0.7054175894748694,0.0004915325117683023,0.044768441929863075,1
2025-03-24,0.6977052583601289,0.6985142659199622,0.69876033,0.70011985,0.0043587143853958486,0.00035550539847704774,62.16384351740281,0.6794863300142869,0.7054175894748694,-0.00462985906017308,0.02645187424024765,2
2025-03-25,0.6985142659199622,0.7006235665736245,0.70011985,0.7004279,0.004270284264185209,0.0003675782186655198,57.14806229035616,0.6794863300142869,0.7054175894748694,0.02322734568162919,0.03805328581196973,3
2025-03-26,0.7006235665736245,0.6995453034916772,0.7004279,0.7000318,0.004228933129476314,0.0004930093586921284,55.987998480597504,0.6794863300142869,0.7054175894748694,0.0063467838469931665,0.027580744797815793,4
2025-03-27,0.6995453034916772,0.6989341194022564,0.7000318,0.6980033,0.004148745225966391,0.0004783694509217072,49.626113678911175,0.6794863300142869,0.7054175894748694,-0.02298064644999868,0.002458172895057004,5
2025-03-28,0.6989341194022564,0.6988559770390632,0.6999174,0.699498,0.0040626923165384445,0.00040542076155441884,56.842197687056235,0.6794863300142869,0.7054175894748694,0.002938365143867073,0.004914023567330483,1
2025-03-31,0.6988559770390632,0.694893236249724,0.699498,0.69894856,0.003975679577156127,0.00033284279011120847,64.85378546188721,0.6794863300142869,0.7054175894748694,-0.018258628772333623,-0.008688812726354047,2
2025-04-01,0.694893236249724,0.6996872654636944,0.69894856,0.69934213,0.004077382017721841,1.5637222200889537e-05,54.303675888082175,0.6794863300142869,0.7054175894748694,-0.00019920859062432655,-0.031641912320292516,3
2025-04-02,0.6996872654636944,0.7034079860536079,0.69934213,0.6998379,0.004261404787916233,0.00012053321988370692,56.86139011002586,0.6794863300142869,0.7054175894748694,0.0008961737723840239,-0.03690569622017882,4
2025-04-03,0.7034079860536079,0.7101768295103987,0.6998379,0.6999752,0.004324755256532366,0.00041572471135085617,70.1399820341913,0.6794863300142869,0.7054175894748694,-0.04322195932757321,-0.056204018771529,5
2025-04-04,0.7101768295103987,0.7021929214741869,0.7023117,0.7025465,0.004705901804624436,0.0010082918656058345,74.24504599214667,0.6794863300142869,0.7101768295103987,-0.09282933543076072,-0.1423961147916047,1
2025-04-07,0.7021929214741869,0.7023557185596354,0.7025465,0.70268923,0.005189325322905442,0.0008124007384913835,53.92950705783269,0.6794863300142869,0.7101768295103987,-0.050399365743322516,-0.1695218795591023,2
2025-04-08,0.7023557185596354,0.7016066782628012,0.70268923,0.7027189,0.005064445146069503,0.0006506402352288827,54.49654593284775,0.6794863300142869,0.7101768295103987,-0.01000432390887126,-0.17762502225525068,3
2025-04-09,0.7016066782628012,0.709154463071691,0.7027189,0.7018875,0.004948535751213514,0.00045907762642817,54.82736327844526,0.6794863300142869,0.7101768295103987,0.011562180836784862,-0.16880661996348756,4
2025-04-10,0.709154463071691,0.7216048470989037,0.7018875,0.70080626,0.0053548058120263305,0.0007873153283131163,63.41328991212677,0.6794863300142869,0.7101768295103987,0.03425278839115362,-0.10184988242113156,5
2025-04-25,0.7216048470989037,0.7209389747216963,0.7200629,0.72176635,0.005088577304048187,0.0011171447308017382,68.80115011584765,0.6794863300142869,0.7228410523279,-0.0029941980225562568,0.034552842210761624,1
2025-04-28,0.7209389747216963,0.7230605552078524,0.72176635,0.7191223,0.004970675682889264,0.0007943676047942319,62.72422730989005,0.6794863300142869,0.7228410523279,0.0005168878655258812,0.022508648121600274,2
2025-04-29,0.7230605552078524,0.7232331108469258,0.7191223,0.71671915,0.004895687576722714,0.0006373059315734498,78.64257636199704,0.6794863300142869,0.7230605552078524,-0.0031052435334028017,-0.00975261937351989,3
2025-04-30,0.7232331108469258,0.7251841897445052,0.71671915,0.71539307,0.00478143779487928,0.0004665101645648824,78.64829624121296,0.6901311244595166,0.7232331108469258,-0.05607352061762226,-0.05697442543363044,4
2025-05-01,0.7251841897445052,0.7222041712963417,0.71539307,0.71745443,0.004707677467526205,0.00040849745834980154,81.32021665996672,0.6901311244595166,0.7251841897445052,0.004594671450517154,-0.05546392962787922,5
2025-05-02,0.7222041712963417,0.7234685751237647,0.7272875,0.7275393,0.004680821834960539,0.00010859395058932311,69.72943125334766,0.6901311244595166,0.7251841897445052,0.010099495402357292,-0.043015141441810484,1
2025-05-05,0.7234685751237647,0.723489540434597,0.7275393,0.7292813,0.004589801487722103,-5.657898162847192e-05,62.500124561896065,0.6901311244595166,0.7251841897445052,0.005925177969817894,-0.03782546872315758,2
2025-05-06,0.723489540434597,0.7262480509687367,0.7292813,0.7302633,0.0044854456214289224,-0.00020787114750468825,55.96403411220747,0.6901311244595166,0.7251841897445052,0.017039799034740594,-0.018245868037416145,3
2025-05-07,0.7262480509687367,0.7228462844533479,0.7302633,0.7283143,0.0044622877450737,-0.00016735461147957594,64.13406763788677,0.6901311244595166,0.7262480509687367,-0.025344934089104907,0.012390341830550685,4
2025-05-08,0.7228462844533479,0.7181586541305641,0.7283143,0.7309981,0.0044743044044393285,-0.0004014930955822671,62.925388239275904,0.6901311244595166,0.7262480509687367,-0.012094951453395206,-0.004365854960933389,5
2025-05-09,0.7181586541305641,0.718184416185272,0.72402424,0.7223909,0.004587114714399005,-0.0008766518393140688,43.07981552190872,0.6901311244595166,0.7262480509687367,0.010902897168546432,-0.0035656393260454274,1
2025-05-12,0.718184416185272,0.7156044461509575,0.7223909,0.7252597,0.0044831378186800976,-0.0011751730488762224,39.85974702598297,0.6901311244595166,0.7262480509687367,-0.007073377887293767,-0.016434030580881873,2
2025-05-13,0.7156044461509575,0.7177720150639055,0.7252597,0.7232635,0.004447654884658868,-0.0015109455763351867,36.795999206843476,0.6901311244595166,0.7262480509687367,0.022247173859377273,-0.011298875177932762,3
2025-05-14,0.7177720150639055,0.7153587599300214,0.7232635,0.7199086,0.004398467350703877,-0.0015460441623475147,44.15754723336981,0.6901311244595166,0.7262480509687367,-0.015173795972083464,-0.0011913440703725517,4
2025-05-15,0.7153587599300214,0.7166044296236195,0.7199086,0.7196259,0.004358850425297427,-0.0016796599626570157,38.52283766302017,0.6901311244595166,0.7262480509687367,0.007238909746494404,0.018307369178190317,5
2025-05-16,0.7166044296236195,0.7167123094790294,0.7129177,0.7125336,0.004280124885831779,-0.0016306877638609545,42.201456759625664,0.6901311244595166,0.7262480509687367,-0.01934837533708332,-0.012036441071987002,1
2025-05-19,0.7167123094790294,0.7164915028285185,0.7125336,0.7098737,0.004186713695021082,-0.0015387345702471264,37.68623760561907,0.6901311244595166,0.7262480509687367,0.0169772425792154,0.012012735098903228,2
2025-05-20,0.7164915028285185,0.7189434114786235,0.7098737,0.7094572,0.0040964773654020925,-0.0014421309777130735,36.947660582793006,0.6901311244595166,0.7262480509687367,-0.0030260346385719466,-0.013243575430261126,3
2025-05-21,0.7189434114786235,0.7214590649818247,0.7094572,0.7088089,0.004078496960820946,-0.0011738233704332661,38.14717241406366,0.6901311244595166,0.7262480509687367,0.003996732489320712,0.005855551952188467,4
2025-05-22,0.7214590649818247,0.7216048470989037,0.7088089,0.7080785,0.00406448582407853,-0.0008052167127948163,48.55944341406201,0.6901311244595166,0.7262480509687367,0.002261338227305517,0.0008612740038163401,5
2025-05-23,0.7216048470989037,0.7279503564815124,0.7197786,0.71875155,0.003978563425827053,-0.0005424719272378608,46.23384737819548,0.6901311244595166,0.7262480509687367,0.03342458026543332,0.05509821662590008,1
2025-05-26,0.7279503564815124,0.7280245892704521,0.71875155,0.7190525,0.004332835700079235,3.7035685605444745e-05,57.17919233141093,0.6901311244595166,0.7279503564815124,0.0,0.03733675518572619,2
2025-05-27,0.7280245892704521,0.7241129396198492,0.7190525,0.71993065,0.004238175556226797,0.0003844027220385178,53.12953799781896,0.6901311244595166,0.7280245892704521,-0.0202812436660701,0.01959083770773821,3
2025-05-28,0.7241129396198492,0.7219643097663382,0.71993065,0.71962684,0.004300843024387935,0.0003128131513376203,52.191954705851735,0.6901311244595166,0.7280245892704521,-0.014111840791877541,0.0012936701049730578,4
2025-05-29,0.7219643097663382,0.7243384695063777,0.71962684,0.7187009,0.004253137338799483,9.418137968285768e-05,57.22018564715725,0.6928854298522934,0.7280245892704521,0.002043566522742006,0.001075640416875799,5
2025-05-30,0.7243384695063777,0.7285337601159455,0.7244833,0.72319096,0.0042222832076141276,8.326665127719518e-05,60.72034769203092,0.6928854298522934,0.7280245892704521,-0.0002148995271001742,-0.032039905709952646,1
2025-06-02,0.7285337601159455,0.7293573486773618,0.72319096,0.7249388,0.00431586022091691,0.0003191476455890667,71.32283699398516,0.6928854298522934,0.7285337601159455,0.03837293468076727,0.005825419364221747,2
2025-06-03,0.7293573486773618,0.72912868310199,0.7249388,0.72447115,0.0042293800075139925,0.00048144859633236173,69.99262638857978,0.6928854298522934,0.7293573486773618,-0.00518450319141898,0.02112530328766563,3
2025-06-04,0.72912868310199,0.7310422322327041,0.72447115,0.725518,0.004138701530415598,0.0005208731977313034,75.70029467435475,0.6928854298522934,0.7293573486773618,0.011370771023053533,0.047480617966164276,4
2025-06-05,0.7310422322327041,0.7317055257470064,0.725518,0.7252155,0.004091170321155346,0.0006167385436791364,76.29136771969098,0.6928854298522934,0.7310422322327041,0.010022539816397101,0.05587187011257291,5
2025-06-06,0.7317055257470064,0.730428155912295,0.7305282,0.72843724,0.004010229077838105,0.0006617603705180173,76.76144339709802,0.6932024640784686,0.7317055257470064,-0.017140032791401298,0.03815148098800861,1
2025-06-09,0.730428155912295,0.7299856328215625,0.72843724,0.72770625,0.0039435599451876045,0.0005471974590886223,73.97144285582209,0.6932024640784686,0.7317055257470064,0.016325676622677046,0.015513556447825906,2
2025-06-10,0.7299856328215625,0.7316198842104447,0.72770625,0.7253993,0.003864224694502586,0.00039064629765681166,70.40329495521361,0.694893236249724,0.7317055257470064,-0.005207608171614772,0.015490093298274395,3
2025-06-11,0.7316198842104447,0.7317590778480096,0.7253993,0.72651064,0.0038177887056080827,0.00034762891877500096,69.4068053493097,0.694893236249724,0.7317055257470064,-0.01714026613943747,-0.013053741787069396,4
2025-06-12,0.7317590778480096,0.7354833878987733,0.72651064,0.726968,0.003741300140965124,0.00028182394777905625,69.39910386091292,0.694893236249724,0.7317590778480096,0.004260792393544969,-0.018723926075535434,5
2025-06-13,0.7354833878987733,0.7361601953824829,0.7310446,0.7320035,0.0038303966522770768,0.0004333371810526002,65.99321685043334,0.694893236249724,0.7354833878987733,-0.0038443294507411077,-0.005590051932799723,1
2025-06-16,0.7361601953824829,0.736675379437603,0.7320035,0.73258597,0.003759136144048031,0.0005176465231586692,66.84161612275766,0.694893236249724,0.7361601953824829,0.004880837537628862,-0.01690603544999363,2
2025-06-17,0.736675379437603,0.7308018130377163,0.73258597,0.7329106,0.003688007150740619,0.0005439198824428032,80.26099836112023,0.694893236249724,0.736675379437603,-0.005401492987357544,-0.017096623965461525,3
2025-06-18,0.7308018130377163,0.7301401562080306,0.7329106,0.7337665,0.004000714407252406,0.00012348528694113795,68.04916348331892,0.694893236249724,0.736675379437603,0.009227140365298444,0.00916468878405733,4
2025-06-19,0.7301401562080306,0.7301668486148638,0.7337665,0.7328729,0.003922306630808712,-0.0002225668793658206,62.74017954097171,0.694893236249724,0.736675379437603,0.0,0.004873994923362875,5
2025-06-20,0.7301668486148638,0.7278391304046035,0.7293354,0.72930723,0.003842547898057891,-0.00045942083859465757,54.38986897463868,0.694893236249724,0.736675379437603,-0.0039291905707601535,0.004788723808827911,1
2025-06-23,0.7278391304046035,0.7284064164584995,0.72930723,0.7286225,0.003825140581142851,-0.0007646210734503253,46.2242358501583,0.694893236249724,0.736675379437603,0.0035163385627902445,0.00341862558664852,2
2025-06-24,0.7284064164584995,0.7285125014470625,0.7286225,0.72873276,0.003753103387141778,-0.0009101651941771953,48.2334969482707,0.694893236249724,0.736675379437603,0.004943401982937207,0.013852762854439359,3
2025-06-25,0.7285125014470625,0.729288233063904,0.72873276,0.72765946,0.003679561244046971,-0.000975368616266794,43.21276237042742,0.694893236249724,0.736675379437603,0.009407022913502858,0.0140351536768969,4
2025-06-26,0.729288233063904,0.7329712314789201,0.72765946,0.72796965,0.003616410729696443,-0.0009418396280057827,43.553327826942386,0.6996872654636944,0.736675379437603,0.030568031659263944,0.04551083630942393,5
2025-06-27,0.7329712314789201,0.7309193598558482,0.7309072,0.73017097,0.0037130043136202866,-0.0006605031044894377,56.01086085442267,0.7016066782628012,0.736675379437603,0.0005921175328644001,0.050248615334513205,1
2025-06-30,0.7309193598558482,0.7350022610108072,0.73017097,0.73144096,0.003688296183947173,-0.0006030743321013055,52.05094352250925,0.7016066782628012,0.736675379437603,-0.007624898296181614,0.03861248754123834,2
2025-07-01,0.7350022610108072,0.7329068080604819,0.73144096,0.7287111,0.0038132425754267957,-0.0002961157163133433,56.70787007733419,0.7016066782628012,0.736675379437603,0.003572071455522733,0.037189182664681984,3
2025-07-02,0.7329068080604819,0.735992200522106,0.7287111,0.72999525,0.003785367781168144,-0.00024246112436540233,52.11226283517608,0.7016066782628012,0.736675379437603,0.019810456383350664,0.048035834704737546,4
2025-07-03,0.735992200522106,0.7367567731830135,0.72999525,0.73035944,0.003821020338823493,-1.920318087759998e-05,50.95896191566245,0.7016066782628012,0.736675379437603,-0.010150398354574054,0.006218604453699726,5
2025-07-04,0.7367567731830135,0.7351157517455323,0.73595273,0.73840016,0.0037521601706157685,0.00015058977738894273,51.12066600094506,0.709154463071691,0.7367567731830135,-0.015521100680582477,-0.009864889083736028,1
2025-07-07,0.7351157517455323,0.731780526418084,0.73840016,0.7378185,0.0037081437370568636,0.00012410847124908874,47.18914562266671,0.7153587599300214,0.7367567731830135,-0.006797970921758149,-0.009045780631216718,2
2025-07-08,0.731780526418084,0.731614524304055,0.7378185,0.73953193,0.003761810136313181,-0.00013240855012936273,51.94153674739305,0.7153587599300214,0.7367567731830135,0.12443711051778991,0.11826468675963543,3
2025-07-09,0.731614524304055,0.7307804854633747,0.73953193,0.74003744,0.003688072248869665,-0.00031710624768553066,52.98346957523269,0.7153587599300214,0.7367567731830135,-0.03634795017511664,0.05719554564282536,4
2025-07-10,0.7307804854633747,0.7322627487454973,0.74003744,0.7392015,0.003624331961712669,-0.0004890166198940294,51.20244098888383,0.7153587599300214,0.7367567731830135,0.01901523296442158,0.0884833678604466,5
2025-07-11,0.7322627487454973,0.7307804854633747,0.73104507,0.73040116,0.0035834505591005304,-0.0004949647605586326,58.96527604263327,0.7153587599300214,0.7367567731830135,0.002520242449624556,0.10829928518606531,1
2025-07-14,0.7307804854633747,0.7296766552404175,0.73040116,0.73061836,0.0035414829557166975,-0.0005846402131971093,54.63942330258554,0.7153587599300214,0.7367567731830135,-0.008486090965581885,0.10642992124748905,2
2025-07-15,0.7296766552404175,0.7290542883588342,0.73061836,0.72963214,0.0034895974999762836,-0.0006966101604504275,52.18961184531519,0.7153587599300214,0.7367567731830135,0.0056053193852702386,-0.017537639937346385,3
2025-07-16,0.7290542883588342,0.7304975513821366,0.72963214,0.7302533,0.0034297946761284027,-0.000784370634229878,49.557429192215665,0.7153587599300214,0.7367567731830135,-0.008965419068541565,0.009736377861406166,4
2025-07-17,0.7304975513821366,0.7280192819132779,0.7302533,0.7305322,0.0033963843886011015,-0.000718745115819448,44.88707623038884,0.7153587599300214,0.7367567731830135,-0.0019121251718409395,-0.011175162112175514,5
2025-07-18,0.7280192819132779,0.7286505150998139,0.73104227,0.73137826,0.003412861405936983,-0.0008090453039296594,44.109570480609804,0.7153587599300214,0.7367567731830135,0.016630897874152062,0.0028767118707508916,1
2025-07-21,0.7286505150998139,0.7312186189564537,0.73137826,0.7313949,0.003357481547783241,-0.0007920578460267549,34.99483262737405,0.7153587599300214,0.7367567731830135,0.005809515450518906,0.017316408827306524,2
2025-07-22,0.7312186189564537,0.735061707234961,0.7313949,0.7310749,0.003387592454967534,-0.0005833032593924819,46.09898993546663,0.7153587599300214,0.7367567731830135,0.01529990821973815,0.027226834256098353,3
2025-07-23,0.735061707234961,0.7352130390065001,0.7310749,0.73229796,0.0035181817709526355,-0.00018260001867238123,47.922592601621815,0.7153587599300214,0.7367567731830135,0.01705576477175168,0.054307297408622335,4
2025-07-24,0.7352130390065001,0.733105558063249,0.73229796,0.7340068,0.0034534775845451986,8.222430047645762e-05,46.45644833764441,0.7153587599300214,0.7367567731830135,-0.003110981742288766,0.05304409153048228,5
2025-07-25,0.733105558063249,0.7298151103756648,0.734073,0.73445654,0.003444732876566966,0.00010366025931275659,45.482459159627,0.7153587599300214,0.7367567731830135,-0.0023395420911621516,0.03325567276353716,1
2025-07-28,0.7298151103756648,0.7281040825208143,0.73445654,0.7340431,0.0035153172970272804,-0.00010430903595865014,45.57418131556138,0.7153587599300214,0.7367567731830135,-0.02967166185911239,-0.0027626894313318353,2
2025-07-29,0.7281040825208143,0.7260107742644892,0.7340431,0.73258877,0.0034853004167892474,-0.0003441303807707023,42.60928772808234,0.7153587599300214,0.7367567731830135,0.0015180785029724258,-0.0164121707724854,3
2025-07-30,0.7260107742644892,0.7233168624257572,0.73258877,0.731622,0.0034748566659111666,-0.0006149560413741465,40.4637352487563,0.7153587599300214,0.7367567731830135,-0.005996298009491309,-0.038826557665286816,4
2025-07-31,0.7233168624257572,0.721656930854138,0.731622,0.7332831,0.0035010452435655327,-0.000927944986113854,32.940672427649346,0.7153587599300214,0.7367567731830135,-0.25171204689975507,-0.25038944728076956,5
2025-08-01,0.721656930854138,0.7257789272193745,0.72616917,0.724825,0.003469975443517106,-0.0011828524834306493,32.71896613357009,0.7153587599300214,0.7367567731830135,0.018758362788043485,-0.2344062217256714,1
2025-08-04,0.7257789272193745,0.7263219369605526,0.724825,0.7243289,0.00362545898089727,-0.0010163078891349887,43.37476255826236,0.7153587599300214,0.7367567731830135,0.0005664247692132296,-0.21090256882712116,2
2025-08-05,0.7263219369605526,0.7261795233601981,0.7243289,0.72649145,0.003560375137884849,-0.000820422025460049,45.34307031496367,0.7153587599300214,0.7367567731830135,-0.011618793284061735,-0.22120104760364112,3
2025-08-06,0.7261795233601981,0.7278444351354363,0.72649145,0.7267864,0.0034936677697860125,-0.0006582864918651985,42.2990143924684,0.7153587599300214,0.7367567731830135,0.006167912535331675,-0.21166972016508326,4
2025-08-07,0.7278444351354363,0.7281995226246339,0.7267864,0.7258206,0.0034664838923951263,-0.00040896477259819955,49.67885255625897,0.7164915028285185,0.7367567731830135,-0.002850748171675486,0.011084137503954374,5
2025-08-08,0.7281995226246339,0.7271299406124906,0.72813135,0.7285068,0.0034052130019306837,-0.00020072411024239594,49.16315664459768,0.7164915028285185,0.7367567731830135,0.017433119829275943,0.009745092845735045,1
2025-08-11,0.7271299406124906,0.7260213305670129,0.7285068,0.72782797,0.0033580265810304656,-0.00011961016654654492,41.966453178779474,0.7164915028285185,0.7367567731830135,-0.00720806458524645,0.0019252772945803865,2
2025-08-12,0.7260213305670129,0.726237488072232,0.72782797,0.73059,0.0033138991446180267,-0.00012464697636249559,30.098717942464376,0.7189434114786235,0.7367567731830135,0.019033274217507272,0.03311188376798834,3
2025-08-13,0.726237488072232,0.7271616451247207,0.73059,0.7299637,0.0032571155194317447,-9.858970570917236e-05,30.29765667397716,0.7214590649818247,0.7367567731830135,-0.005895178664802649,0.020724227824573435,4
2025-08-14,0.7271616451247207,0.723950460108457,0.7299637,0.7308519,0.0032144146562645944,-9.001650022869966e-06,36.23747156336801,0.7216048470989037,0.7367567731830135,-0.0039121324246721165,0.019641421940717097,5
2025-08-15,0.723950460108457,0.7238508837192125,0.72916126,0.72946805,0.0032989190723652106,-0.00014817743632335417,36.37097098547261,0.721656930854138,0.7367567731830135,0.0030193399399282292,0.005049946697623178,1
2025-08-18,0.7238508837192125,0.7245274049383656,0.72946805,0.7297597,0.0032417355731795645,-0.00022452882255229656,39.31563183733206,0.721656930854138,0.7367567731830135,-0.00470071048434155,0.00757312473158709,2
2025-08-19,0.7245274049383656,0.7211885095520462,0.7297597,0.7294428,0.003193887003591728,-0.00020746014322989108,45.98808572483584,0.721656930854138,0.7367567731830135,-0.010827956116400377,-0.02206946370231232,3
2025-08-20,0.7211885095520462,0.7208350218623694,0.7294428,0.72912556,0.003292224979807662,-0.00038851400842669767,44.43772485546976,0.7211885095520462,0.7367567731830135,0.003848380140796914,-0.012494368012545436,4
2025-08-21,0.7208350218623694,0.7194037374551917,0.72912556,0.7288205,0.0032364438868019724,-0.0004928488567092504,47.694581406791336,0.7208350218623694,0.7367567731830135,0.0012418493801091871,-0.0073916435742335815,5
2025-08-22,0.7194037374551917,0.7231285577320442,0.7220404,0.722395,0.0032085628367188113,-0.0006112874726758929,28.938749277268926,0.7194037374551917,0.7367567731830135,0.003604074293522632,-0.006811061642008607,1
2025-08-25,0.7231285577320442,0.7215371928990679,0.722395,0.7227227,0.0033519052091178477,-0.000401913505896872,41.282870289123565,0.7194037374551917,0.7367567731830135,0.004262868581374833,0.0021314846700646027,2
2025-08-26,0.7215371928990679,0.7228880818889761,0.7227227,0.7221332,0.0033248700188141787,-0.0003363991643034266,38.25656491927791,0.7194037374551917,0.7367567731830135,-0.0035886086139926654,0.009412586143516415,3
2025-08-27,0.7228880818889761,0.7256156992895572,0.7221332,0.7219864,0.0032931275060557592,-0.0001759531317188593,37.2597920467694,0.7194037374551917,0.7367567731830135,-0.00812182105277228,-0.0025982560861105976,4
2025-08-28,0.7256156992895572,0.7272833203053745,0.7219864,0.72188807,0.0033401277947325268,0.0001238440231533342,44.080356977468064,0.7194037374551917,0.7367567731830135,0.011038585829641259,0.007221045955739741,5
2025-08-29,0.7272833203053745,0.7278868126065926,0.72718745,0.727651,0.003320331140131793,0.00042733914103524023,50.3420266081315,0.7194037374551917,0.7367567731830135,0.0122468306693877,0.015963938997440145,1
2025-09-01,0.7278868126065926,0.7274102715407484,0.727651,0.7263697,0.0032676665088030676,0.0006483581539975768,54.255774342996595,0.7194037374551917,0.7367567731830135,0.0,0.01164223621210304,2
2025-09-02,0.7274102715407484,0.7254524820256403,0.7263697,0.7253137,0.003213955460313262,0.0007356936146345223,52.644089621596656,0.7194037374551917,0.7367567731830135,0.0112237356170585,0.026738559202860702,3
2025-09-03,0.7254524820256403,0.7250001750141805,0.7253137,0.7249259,0.0032109044371010287,0.0006384539352644737,46.31821808026123,0.7194037374551917,0.7367567731830135,-0.0024102020135148045,0.03261967807309602,4
2025-09-04,0.7250001750141805,0.7238508837192125,0.7249259,0.7244758,0.0031590099763749956,0.0005252448092627146,52.56626309325006,0.7194037374551917,0.7367567731830135,-0.015586431517168008,0.005488942099886781,5
2025-09-05,0.7238508837192125,0.7228567489314767,0.72244793,0.7234352,0.0031242603404543247,0.000362283905088807,50.0,0.7194037374551917,0.7367567731830135,-0.0012262060033473832,-0.007967196219578743,1
2025-09-08,0.7228567489314767,0.7249003096676182,0.7234352,0.72384685,0.003086345205872693,0.0001857582376009468,46.17165092613817,0.7194037374551917,0.7367567731830135,0.001783104664788798,-0.006196719896335799,2
2025-09-09,0.7249003096676182,0.7221989484622531,0.72384685,0.72561526,0.003100739252698612,0.00020341945757025289,59.04249587282752,0.7194037374551917,0.7367567731830135,0.0023355300255342216,-0.014990708484330898,3
2025-09-10,0.7221989484622531,0.7214747016219963,0.72561526,0.72482777,0.003153256656466574,3.859395884250102e-05,52.981641607410275,0.7194037374551917,0.7367567731830135,0.010827696674733928,-0.0018645656890414898,4
2025-09-11,0.7214747016219963,0.7228723839246144,0.72482777,0.72347695,0.003107600124155459,-0.00010588339836215606,54.671691143989555,0.7194037374551917,0.7367567731830135,0.008861649127066629,0.02283867285421701,5
2025-09-12,0.7228723839246144,0.7225955390625975,0.72159576,0.7220258,0.0030876328079548552,-9.437530249903282e-05,49.35433232229928,0.7194037374551917,0.7367567731830135,-0.00043574574458165135,0.02364750580927535,1
2025-09-15,0.7225955390625975,0.7260054962283424,0.7220258,0.7218236,0.003038392448522087,-9.235113123671145e-05,52.85678478189577,0.7194037374551917,0.7367567731830135,0.014496124151625057,0.03674422955889191,2
2025-09-16,0.7260054962283424,0.7278655916763478,0.7218236,0.7216773,0.0031655841259203353,0.00013911616869661408,57.572992324231215,0.7194037374551917,0.7367567731830135,-0.004844718213337427,0.02932680995512264,3
2025-09-17,0.7278655916763478,0.7262217071743132,0.7216773,0.7212628,0.003163997398135362,0.00040303445032923736,55.70606361363653,0.7194037374551917,0.7367567731830135,-0.01347256315564885,0.004615364300429615,4
2025-09-18,0.7262217071743132,0.7250685428803568,0.7212628,0.7215481,0.00314769437859767,0.0004489229346704217,47.30434477830503,0.7194037374551917,0.7367567731830135,-0.00658479329356115,-0.010783136885352353,5
2025-09-19,0.7250685428803568,0.7255840666783149,0.72749,0.729007,0.003113101711547516,0.00038604244692384544,43.03816739346247,0.7194037374551917,0.7367567731830135,0.006147083897539443,-0.0042498105017862815,1
2025-09-22,0.7255840666783149,0.7233325173294478,0.729007,0.7275727,0.0030664747123580792,0.00036389588059203336,45.49748784127182,0.7194037374551917,0.7367567731830135,0.0008751230140683835,-0.017720971340503936,2
2025-09-23,0.7233325173294478,0.7225903728099682,0.7275727,0.72791284,0.003089253550603057,0.00019102397049496387,44.84785276875758,0.7194037374551917,0.7367567731830135,0.0025115780623503393,-0.010468392426800657,3
2025-09-24,0.7225903728099682,0.7196315286943855,0.72791284,0.72869223,0.0030461168446736897,2.86338738431894e-05,44.22482084315023,0.7194037374551917,0.7367567731830135,0.0359897946923935,0.039706837475414876,4
2025-09-25,0.7196315286943855,0.7173086832353989,0.72869223,0.7281356,0.0031240197506437455,-0.0002602035200034682,40.69519658797109,0.7194037374551917,0.7367567731830135,-0.011108339286396362,0.035014297239563265,5
2025-09-26,0.7173086832353989,0.717452731348479,0.7187351,0.7182712,0.003148568096183904,-0.0005719732916630723,38.442350680442665,0.7173086832353989,0.7352130390065001,0.0032924609806411808,0.032063934796977035,1
2025-09-29,0.717452731348479,0.7185869499574045,0.7182712,0.7183626,0.0030963254345359255,-0.0007230381193702564,33.15194635917483,0.7173086832353989,0.7352130390065001,0.026266398390743108,0.058604882695763916,2
2025-09-30,0.7185869499574045,0.7182102415795781,0.7183626,0.718913,0.003066501378258574,-0.0007006188157334759,41.20528410123026,0.7173086832353989,0.7352130390065001,-0.007464320808828171,0.04809684813175413,3
2025-10-01,0.7182102415795781,0.7173858534374385,0.718913,0.71840954,0.0030183680876270493,-0.0006654652549507993,41.91465442136473,0.7173086832353989,0.7352130390065001,0.005293001339195736,0.016412428769158143,4
2025-10-02,0.7173858534374385,0.7162861835779812,0.71840954,0.7192736,0.0029796854483999918,-0.0006512260630086131,36.01389350434268,0.7173086832353989,0.7352130390065001,0.013876902206789601,0.042127651544435034,5
2025-10-03,0.7162861835779812,0.7160759084469236,0.718881,0.7190465,0.0029504347134758817,-0.0006669255944117126,34.56392182105991,0.7162861835779812,0.7352130390065001,0.03214425535149481,0.07263285307489423,1
2025-10-06,0.7160759084469236,0.7170514669383994,0.7190465,0.7179944,0.0029051412114179304,-0.0006422879901066265,21.1974805183754,0.7160759084469236,0.7352130390065001,-0.014136641324961854,0.030159038634841144,2
2025-10-07,0.7170514669383994,0.716702022144214,0.7179944,0.71766484,0.002878071981840159,-0.0005165183588117456,16.934990685970945,0.7160759084469236,0.7352130390065001,0.012157573009370483,0.05057232865741804,3
2025-10-08,0.716702022144214,0.7166095718533975,0.71766484,0.71890974,0.002836323960586336,-0.0004173355485704805,18.39074621555558,0.7160759084469236,0.7352130390065001,-0.00039624630372070505,0.044612332535692696,4
2025-10-09,0.7166095718533975,0.7133278037711795,0.71890974,0.71927816,0.002794368092462063,-0.0003226641885454699,19.784358392667116,0.7160759084469236,0.7352130390065001,0.005829193522269696,0.03623933371301177,5
2025-10-10,0.7133278037711795,0.7143622475504763,0.7167298,0.7163378,0.002928872176861635,-0.0004385827409097197,13.44450528085865,0.7133278037711795,0.7352130390065001,-0.045755712154609496,-0.04141959453758439,1
2025-10-13,0.7143622475504763,0.7123014321332841,0.7163378,0.7169618,0.002902730253374544,-0.00040396815216692597,21.15076639900809,0.7133278037711795,0.7352130390065001,0.050669262739308656,0.022759197617018966,2
2025-10-14,0.7123014321332841,0.7119971481437471,0.7169618,0.7178097,0.0029244406572671456,-0.0004734283465267302,19.497039239924703,0.7123014321332841,0.7352130390065001,-0.023808263054996025,-0.013371560913445458,3
2025-10-15,0.7119971481437471,0.7119464493480621,0.7178097,0.71710324,0.0028801210945157358,-0.000491302609403894,23.139032036550205,0.7119971481437471,0.7352130390065001,-0.0017081338268076546,-0.014665057805874357,4
2025-10-16,0.7119464493480621,0.7119464493480621,0.71710324,0.7166433,0.0028362690463619015,-0.0004586038187399718,27.542774313697436,0.7119464493480621,0.733105558063249,-0.002819727655700685,-0.02315039465544041,5
2025-10-17,0.7119464493480621,0.7134754153324347,0.71208847,0.71253794,0.0027939434326971994,-0.00039164021295033224,26.657859427034836,0.7119464493480621,0.7298151103756648,-0.005359277641309777,0.017118735064109204,1
2025-10-20,0.7134754153324347,0.7126059763158087,0.71253794,0.7115347,0.0027962221294995193,-0.00020824276328184786,29.032992620230573,0.7119464493480621,0.7281995226246339,0.013394668513055687,-0.020096061112937248,2
2025-10-21,0.7126059763158087,0.7132718207902645,0.7115347,0.7113564,0.002766728533934524,-0.00011406681000178604,27.90499881797973,0.7119464493480621,0.7281995226246339,-0.013698908181214555,-0.010139622662464027,3
2025-10-22,0.7132718207902645,0.7148575978707855,0.7113564,0.7126667,0.002735562223220247,1.7488165792410148e-05,33.57495624589326,0.7119464493480621,0.7281995226246339,0.0062683731636311866,-0.002212420782887569,4
2025-10-23,0.7148575978707855,0.7149700711082853,0.7126667,0.71369386,0.002743822107032216,0.00022424335025245622,44.50956388820251,0.7119464493480621,0.7281995226246339,0.024097514963004135,0.025010002231266974,5
2025-10-24,0.7149700711082853,0.7146225906769298,0.7148703,0.7153106,0.002704623237283382,0.0003727602149077346,45.71778008704493,0.7119464493480621,0.7281995226246339,0.002260402648139722,0.03285008226081634,1
2025-10-27,0.7146225906769298,0.7147247593197383,0.7153106,0.7144786,0.0026677770140275353,0.000446786164973382,40.113566727602,0.7119464493480621,0.7281995226246339,0.009185120348577347,0.028511388470005342,2
2025-10-28,0.7147247593197383,0.717416713896598,0.7144786,0.7145223,0.0026308690451189356,0.0004979193276837563,41.78646249976081,0.7119464493480621,0.7281995226246339,0.0,0.042697818997057636,3
2025-10-29,0.717416713896598,0.7172932266535327,0.7145223,0.713271,0.0027319763885436006,0.0006961624791367764,52.7573646608294,0.7119464493480621,0.7281995226246339,0.01792990668350266,0.0549284499159023,4
2025-10-30,0.7172932266535327,0.7152512871330521,0.713271,0.71349543,0.0026923437127169846,0.0007949574732876753,67.27426682638472,0.7119464493480621,0.7281995226246339,-0.03016277423724716,-0.0007870346826330495,5
2025-10-31,0.7152512871330521,0.713500842478972,0.7169421,0.716577,0.00272537409759689,0.0007019982808529807,53.560337194779116,0.7119464493480621,0.7278868126065926,-0.002464690218088246,-0.005497271819360028,1
2025-11-03,0.713500842478972,0.7114703299022164,0.716577,0.71673036,0.0027373111045447956,0.000510726878944239,54.92572697347039,0.7119464493480621,0.7278868126065926,-0.003658812833263493,-0.018188918603281323,2
2025-11-04,0.7114703299022164,0.7091746069641512,0.71673036,0.71580124,0.00276681816714842,0.0002488247213083155,48.10513206340323,0.7114703299022164,0.7278868126065926,-0.024266670048338407,-0.0417274482139362,3
2025-11-05,0.7091746069641512,0.7091041682886207,0.71580124,0.7166188,0.002814030237056188,-6.111030934713262e-05,41.41643048368622,0.7091746069641512,0.7278868126065926,0.007483036775056278,-0.05168628697970788,4
2025-11-06,0.7091041682886207,0.7086268132114687,0.7166188,0.71671396,0.0027708366428882743,-0.0002427523820878615,41.23653397738365,0.7091041682886207,0.7278868126065926,-0.0035323091084347048,-0.026092983432397396,5
2025-11-07,0.7086268132114687,0.7120580083191344,0.71005803,0.7102189,0.002732273421348218,-0.0003598761089909873,34.013880893260605,0.7086268132114687,0.7278868126065926,-0.0015176195049082092,-0.025170187712219842,1
2025-11-10,0.7120580083191344,0.7129870683991303,0.7102189,0.7105166,0.002903941355070702,-0.00018016639519228997,48.454407521828216,0.7086268132114687,0.7278868126065926,0.029727812977192947,0.007925492846686696,2
2025-11-11,0.7129870683991303,0.7134805127535604,0.7105166,0.7113076,0.002873565906025646,1.69023121019084e-05,49.20858189173401,0.7086268132114687,0.7278868126065926,-0.007597063291670923,0.024868034884034967,3
2025-11-12,0.7134805127535604,0.7138115155116389,0.7113076,0.711202,0.0028329383903580667,0.0001866821312262977,45.925223603834816,0.7086268132114687,0.7278868126065926,0.00808840261445958,0.025488642810716573,4
2025-11-13,0.7138115155116389,0.7124790563071612,0.711202,0.71181226,0.0027913352359530625,0.0003196655357281281,46.615618106094495,0.7086268132114687,0.7278868126065926,-0.00039301465230442604,0.028713012096169634,5
2025-11-14,0.7124790563071612,0.7133583767357937,0.7136073,0.7132755,0.0027773839011062482,0.0003157276118835009,44.07902211572831,0.7086268132114687,0.7278868126065926,-0.007497343296060943,0.022579947714006256,1
2025-11-17,0.7133583767357937,0.7117184242807015,0.7132755,0.7138657,0.002750328906632301,0.0003666074864853131,46.38108332897292,0.7086268132114687,0.7278868126065926,-0.009851313783992953,-0.017102397290192584,2
2025-11-18,0.7117184242807015,0.7150467389139987,0.7138657,0.7128894,0.0027538089595865894,0.0002875692054772989,34.01721500128549,0.7086268132114687,0.7278868126065926,-0.007528247203173337,-0.01703475579439549,3
2025-11-19,0.7150467389139987,0.7121238965023142,0.7128894,0.7137077,0.0029083419309587897,0.0004476518291753517,44.659145105726296,0.7086268132114687,0.7278868126065926,0.009126948000411297,-0.016013371490300174,4
2025-11-20,0.7121238965023142,0.7096627865612063,0.7137077,0.7139541,0.002996034398182712,0.0003492644799059682,42.86377030170472,0.7086268132114687,0.7278868126065926,-0.009731717101725797,-0.02515975567567426,5
2025-11-21,0.7096627865612063,0.7094916042389474,0.71315247,0.7120445,0.003038712601775722,0.00012270142958441862,41.51725762352024,0.7086268132114687,0.7278868126065926,0.009831592742830271,-0.008119593913595539,1
2025-11-24,0.7094916042389474,0.7087674550274103,0.7120445,0.71169895,0.002986823036687144,-2.6464687936617742e-05,45.23506355812709,0.7086268132114687,0.7278655916763478,-0.009327625128735287,-0.007600021362304687,2
2025-11-25,0.7087674550274103,0.7091092034401646,0.71169895,0.71158004,0.0029441294813799183,-0.00015452910970538414,48.939256945328864,0.7086268132114687,0.7278655916763478,0.007529003250223698,0.00745585929321252,3
2025-11-26,0.7091092034401646,0.7122760904005422,0.71158004,0.71178496,0.002898194365111904,-0.00019427874942882215,50.012935098025636,0.7086268132114687,0.7278655916763478,0.02078460076161925,0.01926915372923704,4
2025-11-27,0.7122760904005422,0.7129616172618717,0.71178496,0.71106845,0.0030207728619015173,4.145889728653053e-06,58.23665380332349,0.7086268132114687,0.7278655916763478,0.0,0.02923681534878243,5
2025-11-28,0.7129616172618717,0.7158503622769765,0.7121792,0.71255535,0.002977976488342312,0.00018308775128731748,52.3280490057845,0.7086268132114687,0.7278655916763478,0.015743829246684975,0.03533993057228265,1
2025-12-01,0.7158503622769765,0.7142857264499277,0.71255535,0.7121849,0.0030643147815621746,0.0004806246986555369,56.70036994939704,0.7086268132114687,0.7278655916763478,0.006439489345742295,0.05179362656480815,2
2025-12-02,0.7142857264499277,0.7158400996710343,0.7121849,0.71160233,0.0030470951550555375,0.0005515975674577748,51.794317965919575,0.7086268132114687,0.7278655916763478,-0.011175470790599912,0.032303227051274946,3
2025-12-03,0.7158400996710343,0.7166865916957013,0.71160233,0.71212095,0.003034728742806011,0.0006746346144772642,54.286722858416574,0.7086268132114687,0.7278655916763478,0.028084817441979566,0.03986683869984172,4
2025-12-04,0.7166865916957013,0.7163477792309213,0.71212095,0.71247137,0.002995304343213914,0.0007771417214705504,59.07763668504909,0.7086268132114687,0.7278655916763478,-0.003113356145866483,0.03663439736823619,5
2025-12-05,0.7163477792309213,0.722825356406002,0.717911,0.7183831,0.0029462461401272987,0.000783992841240859,56.603562268135995,0.7086268132114687,0.7278655916763478,0.016958269780918606,0.03789409295744963,1
2025-12-08,0.722825356406002,0.7220738095662337,0.7183831,0.7188277,0.003516063600840574,0.0011637486785812834,70.21471285281442,0.7086268132114687,0.7278655916763478,-0.0032568630065428986,0.027878939822582584,2
2025-12-09,0.7220738095662337,0.722256341606277,0.7188277,0.7190702,0.0034526439091625664,0.001293328315303035,64.11306125289997,0.7086268132114687,0.7278655916763478,-0.023386275095255215,0.015404030581514997,3
2025-12-10,0.722256341606277,0.7251947220232192,0.7190702,0.7190901,0.00338593350795011,0.0013159725526053307,72.8668461427707,0.7086268132114687,0.7262217071743132,0.006656519081847274,-0.006122883664581537,4
2025-12-11,0.7251947220232192,0.725915906989463,0.7190901,0.71929497,0.0034406001181277106,0.0014432771425054135,84.31321004461219,0.7086268132114687,0.7255840666783149,0.028313075901739357,0.02560709664163906,5
2025-12-12,0.725915906989463,0.7263324394238665,0.7267197,0.72702193,0.003381633121255709,0.0014847215423988008,85.42378511760145,0.7086268132114687,0.725915906989463,-0.02679770979515132,-0.01830170484789763,1
2025-12-15,0.7263324394238665,0.7262586141725139,0.72702193,0.7261656,0.0033201813398790318,0.0014473516610767566,88.39345104814358,0.7086268132114687,0.7263324394238665,0.01035592520255418,-0.004846681455181308,2
2025-12-16,0.7262586141725139,0.7269502289233294,0.7261656,0.7243754,0.0032584050518946034,0.0013279492169602398,87.92933973206969,0.7086268132114687,0.7263324394238665,-0.009693707758661334,0.008873238475449722,3
2025-12-17,0.7269502289233294,0.7254893736223469,0.7243754,0.7235645,0.0032065081245138843,0.001209211552991643,86.4452101137272,0.7086268132114687,0.7269502289233294,0.0143657579386246,0.01668094029705722,4
2025-12-18,0.7254893736223469,0.7212873547405213,0.7235645,0.7221026,0.0031777981835452735,0.0009569933370200201,79.96051994196667,0.7086268132114687,0.7269502289233294,0.0005591393541615224,-0.011147990500862648,5
2026-01-09,0.7212873547405213,0.7187057722335625,0.7219339,0.7219819,0.0029506557687870826,-0.0013476194072580177,38.23829745885304,0.7086268132114687,0.7316198842104447,0.018790451803464538,0.038209283664598484,1
2026-01-12,0.7187057722335625,0.72068434964541,0.7219819,0.7212031,0.0030023685508584253,-0.0015909307985394173,32.2228489841317,0.7086268132114687,0.7316198842104447,0.021874933032647856,0.010211856709487977,2
2026-01-13,0.72068434964541,0.72012389216437,0.7212031,0.7228428,0.0030150275977830127,-0.001554551937433744,39.55533757537164,0.7086268132114687,0.7316198842104447,-0.002509469057374457,-0.006738235477985919,3
2026-01-14,0.72012389216437,0.7202223838817877,0.7228428,0.7233313,0.0029684517956626616,-0.0015032678215417216,31.710387345226508,0.7086268132114687,0.7316198842104447,0.006511423888848364,0.03442930086758259,4
2026-01-15,0.7202223838817877,0.7200253655786557,0.7233313,0.72415334,0.002919731507508243,-0.0013998509289451198,18.192735529986635,0.7086268132114687,0.7316198842104447,-0.01020329524776686,0.035064811351222,5
2026-01-16,0.7200253655786557,0.7194555039417094,0.71933657,0.71820825,0.002872762103246358,-0.0012848477220066073,14.266795785235274,0.7086268132114687,0.7316198842104447,-0.0271818592347448,-0.011442299815128397,1
2026-01-19,0.7194555039417094,0.7207726521488647,0.71820825,0.71685284,0.002831488780213937,-0.0011894766585217888,12.72829470270078,0.7086268132114687,0.7316198842104447,0.0,-0.03283212982080563,2
2026-01-20,0.7207726521488647,0.7229090135687288,0.71685284,0.71793103,0.0028177018951975785,-0.000988274533194323,20.415885560288714,0.7086268132114687,0.7316198842104447,-0.002681326556787939,-0.032998330590654296,3
2026-01-21,0.7229090135687288,0.7223763183833171,0.71793103,0.71653557,0.002851492701292554,-0.0006767541455004718,30.120286005722065,0.7086268132114687,0.7316198842104447,-0.007563600184284361,-0.046513565616810186,4
2026-01-22,0.7223763183833171,0.7254735624786116,0.71653557,0.71629596,0.0028101865900964883,-0.00048120931921624493,31.140024712061802,0.7086268132114687,0.7316198842104447,0.0022663907619747447,-0.0345494498094415,5
2026-01-23,0.7254735624786116,0.7298257776000616,0.7231594,0.72498906,0.002924932277382475,-0.0001358554928480677,44.867913851102344,0.7086268132114687,0.7316198842104447,0.028920358078275955,0.02116264081050704,1
2026-01-26,0.7298257776000616,0.729288233063904,0.72498906,0.72502613,0.003164333578611963,0.00036569065543869204,58.41887734926392,0.7086268132114687,0.7316198842104447,0.012274291330000235,0.033773927530305545,2
2026-01-27,0.729288233063904,0.7357539356868912,0.72502613,0.7253028,0.0031112916316809822,0.0006259567263433691,63.327896176695305,0.7086268132114687,0.7316198842104447,-0.026329633060980427,0.009613724717015762,3
2026-01-28,0.7357539356868912,0.7386669770932972,0.7253028,0.7240038,0.0036176308455238325,0.0011668537324475907,78.57624664427344,0.7086268132114687,0.7357539356868912,0.010920700845244964,0.028449273413167116,4
2026-01-29,0.7386669770932972,0.7411799528358151,0.7240038,0.7246806,0.003649349477360203,0.0016259080222961126,81.78663297692108,0.7086268132114687,0.7386669770932972,0.046909494425695066,0.07540271670557619,5
2026-01-30,0.7411799528358151,0.7333636518932751,0.7380521,0.7394989,0.0036520856155202604,0.0019803634694139432,91.20779016955265,0.7086268132114687,0.7411799528358151,-0.04614611810401607,-0.0023684553371519567,1
2026-02-02,0.7333636518932751,0.7313309441549681,0.7394989,0.7398441,0.004260233446565204,0.0015869732921771234,69.14894112255061,0.7086268132114687,0.7411799528358151,-0.01632724135572056,-0.0304980541634082,2
2026-02-03,0.7313309441549681,0.7331700805082665,0.7398441,0.7401735,0.004203942242689358,0.001110948502530608,66.20485258357724,0.7087674550274103,0.7411799528358151,0.04400577841713017,0.04014758758922545,3
2026-02-04,0.7331700805082665,0.7315717116804732,0.7401735,0.7397605,0.00414578772851727,0.0008526439130245142,67.82449514106416,0.7087674550274103,0.7411799528358151,-0.0397915610591698,-0.01128548340161593,4
2026-02-05,0.7315717116804732,0.7292775815472413,0.7397605,0.73885393,0.004078594571779707,0.0005230259824670156,65.30480779770721,0.7087674550274103,0.7411799528358151,-0.004645243148040119,-0.060966745173061276,5
2026-02-06,0.7292775815472413,0.7321233634458483,0.7314921,0.7310726,0.004044150684550819,0.00012039540479592131,62.45016490413612,0.7087674550274103,0.7411799528358151,0.011061263030683612,-0.005680806960189312,1
2026-02-09,0.7321233634458483,0.7373434950677686,0.7310726,0.73082185,0.004047401997226117,2.085124722031595e-05,63.85104483827225,0.7087674550274103,0.7411799528358151,0.013803843930585742,0.024735039547115235,2
2026-02-10,0.7373434950677686,0.7378984367151931,0.73082185,0.7317451,0.0042551759990131395,0.0002679719834477235,66.38123528986208,0.7087674550274103,0.7411799528358151,-0.008276419658565643,-0.027463932627255154,3
2026-02-11,0.7378984367151931,0.7366265388850998,0.7317451,0.7323343,0.004161410173866331,0.0004210887939616369,67.60666959620912,0.7087674550274103,0.7411799528358151,0.00894897896843896,0.02111219766757396,4
2026-02-12,0.7366265388850998,0.7347160490626524,0.7323343,0.7326903,0.004084203304749794,0.00038971475461240575,63.1972654409274,0.7087674550274103,0.7411799528358151,-0.030377758462980523,-0.004828397820511218,5
2026-02-13,0.7347160490626524,0.7343276443114479,0.7340158,0.7356646,0.004032010099679488,0.00020270841589486348,56.14152776728573,0.7087674550274103,0.7411799528358151,0.0037186207526305258,-0.012108825402949145,1
2026-02-16,0.7343276443114479,0.7333421104210083,0.7356646,0.7373639,0.0039452280168928685,2.4631848215855845e-05,56.35262430279843,0.7087674550274103,0.7411799528358151,0.0,-0.02565183316811802,2
2026-02-17,0.7333421104210083,0.7332614693606682,0.7373639,0.739089,0.00387063753837226,-0.00017667617166747815,46.47227303602888,0.7087674550274103,0.7411799528358151,-0.02792183898914965,-0.04460651552373478,3
2026-02-18,0.7332614693606682,0.7301348815109528,0.739089,0.7410652,0.003788924155276258,-0.00032384148952091995,41.37917214817057,0.7087674550274103,0.7411799528358151,0.028094448608724638,-0.026138836483646104,4
2026-02-19,0.7301348815109528,0.7306309727452941,0.7410652,0.740797,0.0038207801395319357,-0.000623003669469306,32.72320891758021,0.7091092034401646,0.7411799528358151,-0.01102105618140487,-0.007104468900400771,5
2026-02-20,0.7306309727452941,0.732681223268856,0.7300755,0.7295728,0.003744386430384229,-0.0007691410948063326,44.455880761729745,0.7122760904005422,0.7411799528358151,0.01747295267048268,0.0066464966813204055,1
2026-02-23,0.732681223268856,0.7302574902552338,0.7295728,0.72931623,0.003719062426366877,-0.0007107689600432529,52.73752716952275,0.7129616172618717,0.7411799528358151,-0.009996651615555126,-0.0033664662098414413,2
2026-02-24,0.7302574902552338,0.729910999600179,0.72931623,0.7280314,0.0037105130500936336,-0.0008111733498458499,44.231805587255096,0.7142857264499277,0.7411799528358151,0.02565121835476392,0.05148233040219137,3
2026-02-25,0.729910999600179,0.7312186189564537,0.7280314,0.72809607,0.0036359969207238195,-0.0008714188425552199,46.53947749803604,0.7142857264499277,0.7411799528358151,0.009493868339474848,0.032104923106046575,4
2026-02-26,0.7312186189564537,0.7312186189564537,0.72809607,0.7266277,0.003585411261784339,-0.0007957877718622118,54.218070238822506,0.7158400996710343,0.7411799528358151,-0.005450026589920928,0.037870856353763575,5
2026-02-27,0.7312186189564537,0.731614524304055,0.7280048,0.7289413,0.0035144381441496457,-0.0007205920604722413,47.756403142042615,0.7163477792309213,0.7411799528358151,0.009622278291953983,0.029754770273000934,1
2026-03-02,0.731614524304055,0.7314753856491583,0.7289413,0.7297484,0.003448436523572849,-0.0006227029778615866,31.324972207702388,0.7163477792309213,0.7411799528358151,-0.018489498291913743,0.02104625328883844,2
2026-03-03,0.7314753856491583,0.7313095856857832,0.7297484,0.7289467,0.0033825385231804218,-0.0005484476295107292,28.47904563078137,0.7187057722335625,0.7411799528358151,-0.020741198751393842,-0.02524057010822666,3
2026-03-04,0.7313095856857832,0.732922880835185,0.7289467,0.72820777,0.0033190453420264754,-0.0004933494753282645,30.758941934297,0.7187057722335625,0.7411799528358151,0.01401752384407531,-0.020821105716782883,4
2026-03-05,0.732922880835185,0.7315342627191446,0.72820777,0.728582,0.0032940949824102456,-0.0003384848785462506,43.36821124477252,0.7187057722335625,0.7411799528358151,-0.01757458022170611,-0.032621530733064764,5
2026-03-06,0.7315342627191446,0.7351806285356313,0.73460203,0.7345457,0.0032581000372927625,-0.00032001048248194797,40.380721826100846,0.7187057722335625,0.7411799528358151,0.0006950803071056875,-0.04121907675843482,1
2026-03-09,0.7351806285356313,0.7359759928485304,0.7345457,0.73436886,0.0033792618835060025,-6.594099972516323e-05,55.3505840427741,0.7187057722335625,0.7411799528358151,0.0075276058723092055,-0.015947046602633207,2
2026-03-10,0.7359759928485304,0.7362198290668502,0.73436886,0.73457384,0.003324670423831397,0.00014068221439652662,57.58447624924963,0.7187057722335625,0.7411799528358151,0.01768594808097934,0.02260324596150283,3
2026-03-11,0.7362198290668502,0.7352022137202734,0.73457384,0.7357431,0.0032640219470194145,0.0002712176184622012,70.26625867316774,0.7187057722335625,0.7411799528358151,-0.00995792118644709,-0.001622549388886966,4
2026-03-12,0.7352022137202734,0.7335357726672621,0.7357431,0.7350824,0.003217496909853209,0.00026609872396482395,64.71363273701658,0.7187057722335625,0.7411799528358151,-0.0035989598931909124,0.012428351132187836,5
2026-03-13,0.7335357726672621,0.7293041475167202,0.7361159,0.7361109,0.0031960826054929802,0.00013420965046928492,52.82025353093903,0.7187057722335625,0.7411799528358151,-0.01906637758896683,-0.007382320531314223,1
2026-03-16,0.7293041475167202,0.7307804854633747,0.7361109,0.73588,0.0033764539477791258,-0.00023423261941468785,47.18912529306444,0.7187057722335625,0.7411799528358151,0.013211876292665282,-0.0017239465889763107,2
2026-03-17,0.7307804854633747,0.7304868645113873,0.73588,0.73600477,0.003343287243059275,-0.00036682476384823973,52.403493114441666,0.7187057722335625,0.7411799528358151,-0.011114142119103089,-0.03006432536706745,3
2026-03-18,0.7304868645113873,0.7283639784649808,0.73600477,0.73622453,0.003281761009325358,-0.00045675849364309735,47.857104407988686,0.7187057722335625,0.7411799528358151,-0.030586158824142798,-0.04986743510960443,4
2026-03-19,0.7283639784649808,0.7280245892704521,0.73622453,0.7367093,0.00328043777864849,-0.0006309386606781796,42.564820581399665,0.7187057722335625,0.7411799528358151,-0.0220268873083426,-0.06721606842549674,5
2026-03-20,0.7280245892704521,0.7294052300164148,0.72900295,0.7280516,0.0032214992052465845,-0.0007335354109293117,40.62206791063235,0.7187057722335625,0.7411799528358151,-0.016797736235749178,-0.06509751401327181,1
2026-03-23,0.7294052300164148,0.7282949877523692,0.7280516,0.728469,0.003191675320728589,-0.0006744466030811246,44.92156734185995,0.7187057722335625,0.7411799528358151,0.017993370747035806,-0.06061657871469147,2
2026-03-24,0.7282949877523692,0.7268920873981922,0.728469,0.7280943,0.0031507994760794976,-0.0006745390870399515,42.93219874281656,0.7187057722335625,0.7411799528358151,-0.003130129888579305,-0.053086509909244815,3
2026-03-25,0.7268920873981922,0.723892797417647,0.7280943,0.7278986,0.0031217892134566038,-0.0007288597545943282,35.71977006797951,0.7187057722335625,0.7411799528358151,0.019449943827491212,-0.004501277604227053,4
2026-03-26,0.723892797417647,0.7219226190845018,0.7278986,0.7274792,0.003192691966002805,-0.0009145386555815747,33.18824570418258,0.7187057722335625,0.7411799528358151,-0.015033763846452861,0.002484766531912412,5
2026-03-27,0.7219226190845018,0.719450320787434,0.7231901,0.72234416,0.003188435830282292,-0.0011050568379104841,18.508841472827243,0.7187057722335625,0.7411799528358151,0.003756852986170725,0.02330365801249282,1
2026-03-30,0.719450320787434,0.7179627016823571,0.72234416,0.72145784,0.003215666873817933,-0.0013181463850878705,13.643568105461725,0.7187057722335625,0.7411799528358151,0.0016448554664745389,0.0067101715386548,2
2026-03-31,0.7179627016823571,0.7192743846611193,0.72145784,0.7210663,0.003187417266425203,-0.0014683684724074552,11.918437234117832,0.7179627016823571,0.7411799528358151,0.020157100232811233,0.030428761233812707,3
2026-04-01,0.7192743846611193,0.7206480070045895,0.7210663,0.72078675,0.003157238682905282,-0.0013893199357062434,17.17962286958766,0.7179627016823571,0.7411799528358151,0.006511190388170775,0.017182179484824228,4
2026-04-02,0.7206480070045895,0.7185456484113223,0.72078675,0.7201008,0.0031307910060967576,-0.0011635935017762014,23.11950136341207,0.7179627016823571,0.7411799528358151,-0.010905599959187336,0.021389953439539953,5
2026-04-03,0.7185456484113223,0.7170669131027984,0.71920663,0.71804184,0.0031378767116285538,-0.0010769420740442347,25.37319498480285,0.7179627016823571,0.7411799528358151,0.0,0.017559940445507377,1
2026-04-06,0.7170669131027984,0.7188245722155536,0.71804184,0.7182365,0.0031128620593836886,-0.0010397498269285109,18.61231226628162,0.7170669131027984,0.7411799528358151,0.003678236070027349,0.01963113213823332,2
2026-04-07,0.7188245722155536,0.7224389659536988,0.7182365,0.71760625,0.0031070100015435915,-0.0008265983837567208,24.983824264555935,0.7170669131027984,0.7411799528358151,-0.00700938080004491,-0.007695788907116561,3
2026-04-08,0.7224389659536988,0.7219955654025659,0.71760625,0.7179741,0.0032466871447301413,-0.0003939564252183241,38.054896901795296,0.7170669131027984,0.7411799528358151,0.03804424731409376,0.024093163669519635,4
2026-04-09,0.7219955654025659,0.7234476734193043,0.7179741,0.7181871,0.003189602969833249,-0.00010448291567159186,37.89596744977948,0.7170669131027984,0.7411799528358151,-0.001998676585020025,0.03325542621894548,5
2026-04-10,0.7234476734193043,0.7208402249875916,0.72227114,0.7231636,0.0031644455461387593,0.0002012857702257051,38.07367079770164,0.7170669131027984,0.7411799528358151,0.021087830597987828,0.055275907672740744,1
2026-04-13,0.7208402249875916,0.7254261959152161,0.7231636,0.72389793,0.003202407165071471,0.00024170887753349225,35.92043399290877,0.7170669131027984,0.7411799528358151,0.01781159571001089,0.07029639655088779,2
2026-04-14,0.7254261959152161,0.7264221315116712,0.72389793,0.724439,0.003438486709678819,0.0005722157856474968,47.528571562865935,0.7170669131027984,0.7411799528358151,0.015689537291392698,0.09486879517192584,3
2026-04-15,0.7264221315116712,0.7282631843369826,0.724439,0.72445,0.003386136116521861,0.0008368040186087422,54.57327680749029,0.7170669131027984,0.7411799528358151,0.0002470874559217801,0.054258181882307535,4
2026-04-16,0.7282631843369826,0.7299056647033094,0.72445,0.7253946,0.0033686188345064248,0.0010982317122291301,61.51812855845514,0.7170669131027984,0.7411799528358151,-0.0009061811693833574,0.05541058349503046,5
2026-04-17,0.7299056647033094,0.7296607245263311,0.7271517,0.72580993,0.0033423503748336264,0.0013287984466796262,69.58335329417675,0.7170669131027984,0.7411799528358151,0.0060804956810176485,0.03968994091703001,1
2026-04-20,0.7296607245263311,0.732922880835185,0.72580993,0.7262212,0.003280052640252525,0.0014044560704218085,72.98074775617444,0.7170669131027984,0.7411799528358151,-0.011120855384533909,0.010040151349522604,2
2026-04-21,0.732922880835185,0.7321930814165356,0.7262212,0.72462875,0.0033649655897286714,0.0015996672320375516,74.90395870601643,0.7170669131027984,0.7411799528358151,-0.005732044023659669,-0.011366406140214242,3
2026-04-22,0.7321930814165356,0.731544980258525,0.72462875,0.7256404,0.0033075747021184976,0.0016011756895984081,71.5727723340658,0.7170669131027984,0.7411799528358151,0.019552618230260894,0.007905115060130407,4
2026-04-23,0.731544980258525,0.7300122504025088,0.7256404,0.72595763,0.00325101906871204,0.001482760357915518,75.68613338193484,0.7170669131027984,0.7411799528358151,-0.007297785574562695,0.00148352826945099,5
2026-04-24,0.7300122504025088,0.7312079747146595,0.728297,0.7274981,0.0032221948187052575,0.0012355521981633492,75.5249767417538,0.7170669131027984,0.7378984367151931,-0.00859581222512715,-0.013107221292054893,1
2026-04-27,0.7312079747146595,0.734133563767586,0.7274981,0.72797877,0.0031848791089102,0.0010918857465952237,74.97032142383796,0.7170669131027984,0.7378984367151931,-0.0009134808991143975,-0.002982049323892126,2
2026-04-28,0.734133563767586,0.7310475837569654,0.72797877,0.72905344,0.003248509878565757,0.0011285557625639706,74.25516618466531,0.7170669131027984,0.7378984367151931,-0.01734799613390739,-0.014496357795268236,3
2026-04-29,0.7310475837569654,0.7314593125164475,0.72905344,0.73069155,0.0033143363657062875,0.000890118379475244,66.91965006542178,0.7170669131027984,0.7378984367151931,-0.006105378262062169,-0.039460768845391785,4
2026-04-30,0.7314593125164475,0.7363987234573749,0.73069155,0.73020357,0.003255163020169273,0.000712935132576902,65.58100379727381,0.7170669131027984,0.7378984367151931,0.008047844376794507,-0.02460701060108167,5
2026-05-01,0.7363987234573749,0.7359380916336186,0.7294938,0.7313275,0.003517543901052928,0.0008707542060865186,77.74181685513831,0.7170669131027984,0.7378984367151931,0.0010119821779090508,-0.015190471648038998,1
2026-05-04,0.7359380916336186,0.7341550875106674,0.7313275,0.7315278,0.0034502746694948594,0.0008836703686085977,71.97646172905661,0.7170669131027984,0.7378984367151931,-0.023365961327474982,-0.0370555076314941,2
2026-05-05,0.7341550875106674,0.7351049293240127,0.7315278,0.73140115,0.0034222873665954645,0.0007186823328271304,65.6516475115053,0.7170669131027984,0.7378984367151931,0.025218539468338824,0.004818598720404222,3
2026-05-06,0.7351049293240127,0.7333044799925451,0.73140115,0.73118055,0.003368996602332957,0.0006236021584086911,64.36609912706126,0.7170669131027984,0.7366265388850998,0.03204049835903662,0.0438887297223548,4
2026-05-07,0.7333044799925451,0.7320268920973878,0.73118055,0.73233926,0.003345829180935747,0.00040038466586654977,57.08970158727862,0.7170669131027984,0.7363987234573749,-0.0014676820261337934,0.03400268898815978,5
2026-05-08,0.7320268920973878,0.7308339022412358,0.7341534,0.7338253,0.0033032939446913535,0.00014100985228803495,54.73181751831469,0.7170669131027984,0.7363987234573749,0.01963461678704533,0.05343895881660789,1
2026-05-11,0.7308339022412358,0.7310796308332884,0.7338253,0.73553497,0.0032598938345628856,-0.00012235335407178704,45.445587529333935,0.7170669131027984,0.7363987234573749,0.025983655041448343,0.10672989606842626,2
2026-05-12,0.7310796308332884,0.7300708921606444,0.73553497,0.7339395,0.0032012552625663277,-0.0002823159549952569,47.52009909797218,0.7170669131027984,0.7363987234573749,0.011086720769667314,0.09119978265917399,3
2026-05-13,0.7300708921606444,0.7296766552404175,0.7339395,0.7323738,0.0031567534224323035,-0.000448497270768546,46.76878699902852,0.7170669131027984,0.7363987234573749,0.022942177639864655,0.08131672485869916,4
2026-05-14,0.7296766552404175,0.7286664650268053,0.7323738,0.7311927,0.0031024822925390504,-0.0005696265751056035,49.22572742646119,0.7170669131027984,0.7363987234573749,-0.010300755993562987,0.07180743420834021,5
2026-05-15,0.7286664650268053,0.7266755401052425,0.73068273,0.7312309,0.0030620079388498024,-0.0006941787592033551,44.08569088635169,0.7170669131027984,0.7363987234573749,-0.04931180430300637,0.00040007316233989156,1
2026-05-18,0.7266755401052425,0.727870896792906,0.7312309,0.7291833,0.003065088823947556,-0.0008753531307958517,31.85523190466951,0.7170669131027984,0.7363987234573749,0.003273801195157019,-0.02206283618749147,2
2026-05-19,0.727870896792906,0.7274261672162868,0.7291833,0.72979826,0.0030347772242809716,-0.0008771835772039962,41.48835134184645,0.7170669131027984,0.7363987234573749,-0.01720712646640829,-0.04934466693495037,3
2026-05-20,0.7274261672162868,0.7273943765598977,0.72979826,0.7299989,0.0029853656073581714,-0.0008691759657878492,39.21262480063411,0.7170669131027984,0.7363987234573749,0.02015245445655226,-0.05199303633060097,4
2026-05-21,0.7273943765598977,0.7259054165683777,0.7299989,0.728897,0.0029352252271275846,-0.0008270879975139509,17.3429001837617,0.7170669131027984,0.7363987234573749,-0.005339752746315452,-0.047278285427929306,5
2026-05-22,0.7259054165683777,0.7245274049383656,0.7284145,0.72818166,0.0029193098423524254,-0.0008569534845576213,16.139068967320327,0.7170669131027984,0.7363987234573749,0.01349334518027408,0.014476505806940564,1
2026-05-25,0.7245274049383656,0.7244224773003971,0.72818166,0.72736204,0.002899377680976376,-0.0009213187696719507,16.59267145880709,0.7170669131027984,0.7363987234573749,0.0,0.011160741947081566,2
2026-05-26,0.7244224773003971,0.7242283443533881,0.72736204,0.7279002,0.002852095435522578,-0.0009205886071850317,10.623850909918175,0.7170669131027984,0.7363987234573749,0.002991429972730405,0.03179239260258109,3
2026-05-27,0.7242283443533881,0.7223815437831552,0.7279002,0.7273421,0.002806660903824179,-0.0008826908223454723,12.050914701332104,0.7170669131027984,0.7363987234573749,-0.008842665101228171,0.002305009765288181,4
2026-05-28,0.7223815437831552,0.7255366856845329,0.7273421,0.7271049,0.002816035584974238,-0.0009269413122233817,11.503357482426367,0.7170669131027984,0.7363987234573749,0.014329838466993622,0.022215109420296482,5
2026-05-29,0.7255366856845329,0.7248320361525683,0.72139037,0.7219924,0.0029361237775757153,-0.0006990360955777391,31.72071475482292,0.7170669131027984,0.7363987234573749,-0.0057230335454064194,0.0027593698651848576,1
2026-06-01,0.7248320361525683,0.7225851443885442,0.7219924,0.7233064,0.002894190717882574,-0.0005572257501044275,29.103066229474777,0.7170669131027984,0.7363987234573749,0.02553796337409885,0.028697596972302092,2
2026-06-02,0.7225851443885442,0.7223085194540749,0.7233064,0.72301775,0.0029237152535516635,-0.000573964200678575,26.87692060652435,0.7170669131027984,0.7363987234573749,0.01905393732165074,0.045354477186779235,3
2026-06-03,0.7223085194540749,0.7197765731079284,0.72301775,0.7240042,0.002876023093860401,-0.0005621545011026247,27.073636136265904,0.7170669131027984,0.7363987234573749,-0.025666836602769052,0.02791437320339968,4
2026-06-04,0.7197765731079284,0.7191140690453776,0.7240042,0.7236254,0.0029282606634220215,-0.0006757185378796085,24.73154463689488,0.7170669131027984,0.7363987234573749,0.004618267070789165,0.017980026516798444,5
2026-06-05,0.7191140690453776,0.7171337315582055,0.7200279,0.7198856,0.002885587771014852,-0.000741067650833472,26.751773011243046,0.7170669131027984,0.7363987234573749,-0.03875390986788241,-0.015095482152516212,1
2026-06-08,0.7171337315582055,0.7165222863877552,0.7198856,0.7197723,0.002898830843430531,-0.0008551828825093559,18.50800019665901,0.7170669131027984,0.7363987234573749,0.010482107026258984,-0.029812992715881368,2
2026-06-09,0.7165222863877552,0.7166506511240723,0.7197723,0.71933633,0.0028561706402899486,-0.0009045730191864299,18.328754075252363,0.7165222863877552,0.7363987234573749,-0.004274931670488298,-0.05218439396108085,3
2026-06-10,0.7166506511240723,0.7170103417057113,0.71933633,0.7187122,0.0028103405696151447,-0.0008615309628677023,18.968033037016298,0.7165222863877552,0.7363987234573749,-0.00852488121841812,-0.035796925787185976,4
2026-06-11,0.7170103417057113,0.7156966372630632,0.7187122,0.7181982,0.002768265604007541,-0.0007460842560409247,22.514625535478828,0.7165222863877552,0.7363987234573749,0.0015989373612835867,-0.03870378218788057,5
2026-06-12,0.7156966372630632,0.7161476779348167,0.71666616,0.71728694,0.0027523782912939093,-0.0006963993082826298,22.604458486993536,0.7156966372630632,0.7363987234573749,0.027031900562995762,0.02666237905305861,1
2026-06-15,0.7161476779348167,0.714796258208846,0.71728694,0.71600276,0.002713736172613105,-0.0005763279788280899,24.86891492939432,0.7156966372630632,0.7363987234573749,0.008053949730139183,0.02417250543245539,2
2026-06-16,0.714796258208846,0.7145051754431093,0.71600276,0.7157255,0.002701988410801694,-0.0005321494100993143,23.235569376930698,0.714796258208846,0.7363987234573749,0.001002161336406582,0.029591444546162984,3
2026-06-17,0.7145051754431093,0.7092298886434214,0.7157255,0.7176226,0.002661502102339588,-0.0004689737632706326,25.4856994561451,0.7145051754431093,0.7363987234573749,-0.001156423524832199,0.03720596472992238,4
2026-06-18,0.7092298886434214,0.70717856456697,0.7176226,0.7171373,0.0030813392795845367,-0.0007142142590902908,5.1641273395843825,0.7092298886434214,0.7363987234573749,-0.016646363132267167,0.018453423316065413,5
2026-06-19,0.70717856456697,0.7055021902371393,0.70737493,0.7057545,0.003088619057077701,-0.0009325344980775489,4.8080696587034595,0.70717856456697,0.7363987234573749,0.0,-0.008708534706596658,1
2026-06-22,0.7055021902371393,0.7062944817291543,0.7057545,0.7050868,0.0030747130755837486,-0.0010964830822974714,4.952738527672693,0.7055021902371393,0.7363987234573749,-0.002827690066274483,-0.019436934213317634,2
2026-06-23,0.7062944817291543,0.7037496027643241,0.7050868,0.7058834,0.0030315964838646733,-0.0010577145187293698,8.889480580970485,0.7055021902371393,0.7363987234573749,-0.03449037300966138,-0.053629227612700635,3
2026-06-24,0.7037496027643241,0.7024839986698322,0.7058834,0.70503247,0.003076816060663916,-0.001104478763351127,8.883581875736581,0.7037496027643241,0.7363987234573749,-0.03277353237773814,-0.08308266552958499,4
2026-06-25,0.7024839986698322,0.7041955782442842,0.70503247,0.7049087,0.0030454430608657553,-0.001118244192002617,8.616935294696646,0.7024839986698322,0.7363987234573749,0.021226927609582807,-0.04769000085650414,5
2026-06-26,0.7041955782442842,0.7047315665522751,0.7014631,0.70079744,0.0030418181153142416,-0.0009180593843617947,17.367594190557227,0.7024839986698322,0.7363987234573749,0.011628054340762762,-0.03655185646337098,1
2026-06-29,0.7047315665522751,0.7037793011427699,0.70079744,0.7013537,0.0029941977714936434,-0.0006671997771129168,20.148006472195746,0.7024839986698322,0.7363987234573749,-0.0071901852926039185,-0.04074573984098327,2
2026-06-30,0.7037793011427699,0.7039774528705814,0.7013537,0.7020723,0.0029558227574511837,-0.0004911848545073932,18.717145612710965,0.7024839986698322,0.7363987234573749,0.015460074778671905,0.008386308770899966,3
2026-07-01,0.7039774528705814,0.7033684108849524,0.7020723,0.7029285,0.002906797929446415,-0.0002967716795883972,18.07384817341709,0.7024839986698322,0.7363987234573749,-0.011205093563390204,0.030371872014752988,4
2026-07-02,0.7033684108849524,0.704706760578194,0.7029285,0.70053047,0.0028636133531427365,-0.00015185511078604462,18.72013605702574,0.7024839986698322,0.7363987234573749,-0.0014708001647411473,0.007248191997320506,5
2026-07-03,0.704706760578194,0.7040170966065864,0.7028555,0.7020282,0.002849799215073344,7.906527420911864e-05,22.22220563905941,0.7024839986698322,0.7363987234573749,0.0,-0.004396312045217968,1
2026-07-06,0.7040170966065864,0.7038387644749289,0.7020282,0.70181787,0.0028103029822352187,0.00022218265682989648,22.96000207874779,0.7024839986698322,0.7363987234573749,0.010331583040322573,0.013202152997047715,2
2026-07-07,0.7038387644749289,0.7040518402428451,0.70181787,0.7023657,0.002765469620019578,0.00033488997314506854,23.090621054381742,0.7024839986698322,0.7363987234573749,-0.0010526365940761889,-0.0033911841839605,3
2026-07-08,0.7040518402428451,0.7058657415794714,0.7023657,0.7023053,0.002723144280789577,0.0004468440010402912,32.455526408569824,0.7024839986698322,0.7363987234573749,-0.01914013935616124,-0.01126802788681746,4
2026-07-09,0.7058657415794714,0.7060950236703135,0.7023053,0.7023052,0.0027435167485505645,0.0006535995673188381,45.47910362918536,0.7024839986698322,0.7363987234573749,0.026163935290325936,0.01643635719341348,5
2026-07-10,0.7060950236703135,0.7060451619001271,0.706032,0.7054706,0.0027019773281529826,0.0008063200488833706,52.26749922047401,0.7024839986698322,0.7363987234573749,0.002972223900634411,0.01946192773692595,1
2026-07-13,0.7060451619001271,0.7067437490611344,0.7054706,0.70526505,0.002660333882466951,0.0008975144506075082,48.9889687850608,0.7024839986698322,0.7363987234573749,-8.024741299155112e-05,0.008902529714526746,2
2026-07-14,0.7067437490611344,0.7116677651697134,0.70526505,0.70586693,0.002630502072799878,0.0009910835815101415,64.28002792077065,0.7024839986698322,0.7363987234573749,0.015442498101460594,0.02568252652061329,3
2026-07-15,0.7116677651697134,0.7123978560654692,0.70586693,0.7062783,0.003016897771467421,0.001348634222301753,82.46960643750131,0.7024839986698322,0.7363987234573749,-0.005782877839766474,0.03947474432763048,4
2026-07-16,0.7123978560654692,0.7124029381009349,0.7062783,0.70604473,0.002973848088411456,0.0015821796444037296,81.16222897088477,0.7024839986698322,0.7363987234573749,0.0003971654574320329,0.01303296045665884,5
2026-07-17,0.7124029381009349,0.7133125789270186,0.71144754,0.7121592,0.002922902020326018,0.0016758836817068038,80.37035828923426,0.7024839986698322,0.7363987234573749,-0.012144638701152746,-0.0021657517630200027,1
2026-07-20,0.7133125789270186,0.7106663903729136,0.7121592,0.7123654,0.0028885829598720952,0.001730932878617618,87.86930597044257,0.7024839986698322,0.7363987234573749,0.012620983706146529,0.010588799429111227,2
2026-07-21,0.7106663903729136,0.7089634527432099,0.7123654,0.71146554,0.002950190726970053,0.0015279983304328486,72.24438523078715,0.7024839986698322,0.7363987234573749,0.03310222155002192,0.028594033945984972,3
2026-07-22,0.7089634527432099,0.709949936415507,0.71146554,0.71088284,0.0029441392754651716,0.0012307161862590052,67.34465372549421,0.7024839986698322,0.7363987234573749,-0.009257887611187711,0.02502586293244361,4
2026-07-23,0.709949936415507,0.7099802205112536,0.71088284,0.7094349,0.002911576583107067,0.001058710351347062,66.61636558974175,0.7024839986698322,0.7363987234573749,-0.02289224847416917,0.0014294511624003904,5
2026-07-24,0.7099802205112536,0.7098995287397497,0.7096616,0.70795375,0.002862863598678634,0.0009108066720028801,69.72224157851754,0.7024839986698322,0.7359380916336186,0.0023762931297229128,0.01607723228984954,1
2026-07-27,0.7098995287397497,0.7080046839032099,0.70795375,0.70766956,0.002815809201328609,0.0007766049788717725,70.17548050698734,0.7024839986698322,0.7351049293240127,0.003001827486801528,0.006350284179513034,2
2026-07-28,0.7080046839032099,0.7089131850492696,0.70766956,0.7069668,0.0028280728679680144,0.0005404814495030028,61.83352004285069,0.7024839986698322,0.7351049293240127,-0.0026854447899488545,-0.029027818332004473,3
2026-07-29,0.7089131850492696,0.7124638676713819,0.7069668,0.7071453,0.0027977340635141775,0.0004305243982503785,59.645949731207125,0.7024839986698322,0.7333044799925451,-0.007701210872198454,-0.02751515146139386,4
2026-07-30,0.7124638676713819,0.7137147692685192,0.7071453,0.706178,0.002966669496850814,0.0005730467785462266,66.6567622263025,0.7024839986698322,0.7320268920973878,0.026892641982221528,0.022125320371429308,5
2026-07-31,0.7137147692685192,0.7136230879979474,0.71170604,0.71236193,0.00294243497372776,0.0007182743746853948,68.8730564406941,0.7024839986698322,0.7310796308332884,-0.0013198401493381645,0.01835438219749644,1
2026-08-03,0.7136230879979474,0.7119312834117946,0.71236193,0.71340305,0.002892421357278747,0.0007702668824488192,67.44959794163657,0.7024839986698322,0.7310796308332884,0.012046488506285159,0.02760683194262729,2
2026-08-04,0.7119312834117946,0.7109594146010886,0.71340305,0.7145545,0.002888277667841164,0.0006572241840568857,50.799518178628176,0.7024839986698322,0.7300708921606444,0.01591509584598905,0.04689974766550047,3
2026-08-05,0.7109594146010886,0.7137656595029801,0.7145545,0.71528375,0.002854208723609806,0.000491113173183505,45.698850506317555,0.7024839986698322,0.7296766552404175,0.012686404289486142,0.06846259748900979,4
2026-08-06,0.7137656595029801,0.7135873933184207,0.71528375,0.71470916,0.002939761233407279,0.0005404388303381813,53.49008454458475,0.7024839986698322,0.7286664650268053,-0.00238988478246076,0.03762895949832691,5
2026-08-07,0.7135873933184207,0.7167996412501796,0.7139744,0.7145465,0.00288998678974536,0.0005305139902669928,50.73122454776152,0.7024839986698322,0.727870896792906,-0.01757539541130289,0.0208980779076065,1
2026-08-10,0.7167996412501796,0.7176896039484099,0.7145465,0.7147103,0.003009647753182085,0.0006991379042724979,65.84210138955909,0.7024839986698322,0.727870896792906,0.003646060691822296,0.012358017598907476,2
2026-08-11,0.7176896039484099,0.7184424460798264,0.7147103,0.71492505,0.0029704929747958165,0.0008210368790322262,73.52764200989935,0.7024839986698322,0.7274261672162868,0.0026502001102386456,-0.0009821324940826734,3
2026-08-12,0.7184424460798264,0.7173292317069719,0.71492505,0.71460986,0.0029292471774635376,0.0008966373980383523,73.18986134453161,0.7024839986698322,0.7273943765598977,-0.0022711594833249556,-0.015813806580395398,4
2026-08-13,0.7173292317069719,0.7180245860230912,0.71460986,0.7144986,0.002897711389383271,0.0008181248531425166,68.94684976736855,0.7024839986698322,0.7259054165683777,-0.0006823476740331839,-0.014131836529064641,5
2026-08-14,0.7180245860230912,0.7208817907440778,0.71682775,0.7162951,0.0028578461288043954,0.0007606869393524604,70.30409781650266,0.7024839986698322,0.7255366856845329,0.0010612446835852258,0.004413710180685897,1
2026-08-17,0.7208817907440778,0.7209961058030651,0.7162951,0.7177434,0.002944222197282659,0.0008556996693646012,80.70250249299632,0.7024839986698322,0.7255366856845329,0.0006816241669075291,0.0014405984698549184,2
2026-08-18,0.7209961058030651,0.719533136782702,0.7177434,0.7161844,0.002894209821965635,0.0008642896621686223,79.94291907869146,0.7024839986698322,0.7255366856845329,-0.018569289721207194,-0.019585588700257436,3
2026-08-19,0.719533136782702,0.7240920006667241,0.7161844,0.71662354,0.0028779651635868955,0.0007156327798714165,69.5403752155468,0.7024839986698322,0.7255366856845329,0.0007710276924720535,-0.01659844312706868,4
2026-08-20,0.7240920006667241,0.7256156992895572,0.71662354,0.71767724,0.0031512064597453413,0.0008588776780480462,74.24944863873122,0.7024839986698322,0.7255366856845329,-0.004247954192756235,-0.020098622289650085,5
2026-08-21,0.7256156992895572,0.7250159655301848,0.7244888,0.7246969,0.0031284523112706255,0.0009819171106541652,76.26634168558768,0.7024839986698322,0.7256156992895572,0.01832946105727777,-0.0030305296436349055,1
2026-08-24,0.7250159655301848,0.7225015621628861,0.7246969,0.7231336,0.0030761359351601956,0.0009480917368915542,80.09801418921352,0.7024839986698322,0.7256156992895572,0.0029593341759600266,-0.0007571342173834435,2
2026-08-25,0.7225015621628861,0.7227417808727862,0.7231336,0.7225774,0.0031108241289167426,0.0006933690892517229,74.79055891777939,0.7024839986698322,0.7256156992895572,0.016606289178301835,0.03501731693057663,3
2026-08-26,0.7227417808727862,0.7207206959519705,0.7225774,0.7234798,0.0030557547366886727,0.0004877585091942081,71.66753639559927,0.7024839986698322,0.7256156992895572,-0.01728842999342165,0.016493236372894807,4
2026-08-27,0.7207206959519705,0.7219434948896164,0.7234798,0.7237482,0.003059955029436989,0.00017828605279991607,65.81234867615669,0.7024839986698322,0.7256156992895572,-0.001137984674680693,0.0196594201689716,5
2026-08-28,0.7219434948896164,0.7194710538526392,0.72258914,0.7219263,0.0030294101333845458,2.6548781564638465e-05,62.5053180942959,0.7024839986698322,0.7256156992895572,-0.003802589714711809,-0.002659837376031039,1
2026-08-31,0.7194710538526392,0.7219695292072225,0.7219263,0.7206575,0.0030645782537388777,-0.0002542509054285621,54.021487232084574,0.7024839986698322,0.7256156992895572,0.004788932365228237,-0.0008334353389590339,2
2026-09-01,0.7219695292072225,0.7197299475187762,0.7206575,0.7206988,0.00310520878086186,-0.0002834126702872526,57.38044816821063,0.7024839986698322,0.7256156992895572,-0.013282694622597117,-0.03025561869400699,3
2026-09-02,0.7197299475187762,0.7222876225337405,0.7206988,0.7207523,0.0031198579117327997,-0.0004550497294041997,54.797374311764024,0.7024839986698322,0.7256156992895572,-0.0008456413975780643,-0.014178502753753543,4
2026-09-03,0.7222876225337405,0.7251894558456209,0.7207523,0.7217143,0.003161056107485797,-0.0003998031785756948,57.92873361713451,0.7024839986698322,0.7256156992895572,0.011622735706030072,-0.0015181041759266365,5
2026-09-04,0.7251894558456209,0.7228723839246144,0.72410905,0.72231066,0.003225197282959828,-0.00018237188117594273,57.998459362568255,0.7024839986698322,0.7256156992895572,0.003036282965223013,0.005333789291016081,1
2026-09-07,0.7228723839246144,0.7243805022439229,0.72231066,0.72260123,0.003237176612713508,-0.00020732711180497087,53.2204315193793,0.7024839986698322,0.7256156992895572,0.0,0.0005308234880281224,2
2026-09-08,0.7243805022439229,0.7258210645036667,0.72260123,0.722979,0.0032099153703711984,-0.00013831008274841272,58.30711141424728,0.7024839986698322,0.7256156992895572,0.02129650401085809,0.0357335102757257,3
2026-09-09,0.7258210645036667,0.724385694125872,0.722979,0.72278476,0.003180923213888836,-1.8007081816644177e-05,53.317760241873145,0.7024839986698322,0.7258210645036667,0.009525688685300916,0.04653134153636039,4
