ds,y,y_next,nhits_h1,nhits_h2,vol_garch,macd,rsi,precio_min_ventana,precio_max_ventana,copper_ret_1d,copper_mom_5d,dias_desde_refit
2020-12-11,0.70940101146698,0.7098491191864014,0.70078814,0.7002853,0.005719697827083049,-0.0005066369204741912,72.50679852119625,0.6545187830924988,0.70940101146698,-0.013108925112561077,0.002845757153371549,1
2020-12-14,0.7098491191864014,0.7085816264152527,0.7002853,0.6999136,0.005595056585204408,-0.00039431075559836354,76.52701104473438,0.6545187830924988,0.7098491191864014,-0.0005676568532849705,0.0038477910283128596,2
2020-12-15,0.7085816264152527,0.7086820602416992,0.6999136,0.6991519,0.0054874373050392885,-0.0004558156891888163,69.04480279113305,0.6545187830924988,0.7098491191864014,0.004532594732826386,0.012593059330743893,3
2020-12-16,0.7086820602416992,0.7110403180122375,0.6991519,0.69806147,0.005369296601265722,-0.000534713621488582,66.14817675496349,0.6545187830924988,0.7098491191864014,0.004512075897879891,0.013112886307093197,4
2020-12-17,0.7110403180122375,0.7147911787033081,0.69806147,0.6975509,0.005306605909436016,-0.0004750694185090172,69.1712350854563,0.6549903750419617,0.7110403180122375,0.012026430542292521,0.00742192617644431,5
2020-12-18,0.7147911787033081,0.7104896903038025,0.71002233,0.7093705,0.00532444186968661,-0.00024176089250544167,69.80713764319313,0.6551792025566101,0.7147911787033081,0.008719203163225152,0.029653818787127317,1
2020-12-21,0.7104896903038025,0.7096678018569946,0.7093705,0.708613,0.005382179228850511,-0.0004251644369524434,63.80257269517443,0.6568015217781067,0.7147911787033081,-0.015413769301266707,0.014480374434948994,2
2020-12-22,0.7096678018569946,0.7054275274276733,0.708613,0.70835704,0.005273974929040195,-0.0006371117414884983,54.96404057960733,0.6574103236198425,0.7147911787033081,-0.015512951902100029,-0.005652973075548363,3
2020-12-23,0.7054275274276733,0.709679901599884,0.70835704,0.70873815,0.005332426139697357,-0.0010725403948315514,47.21944798840787,0.6574103236198425,0.7147911787033081,0.00961822368998747,-0.0005627054297451403,4
2020-12-24,0.709679901599884,0.713749885559082,0.70873815,0.70906955,0.005387807764759405,-0.001080791408647152,53.341033815208846,0.6574103236198425,0.7147911787033081,0.002249690773362123,-0.010286333630522511,5
2020-12-25,0.713749885559082,0.7115614414215088,0.70856637,0.70719707,0.005423586802357133,-0.0008300395970903462,63.380594958686196,0.6574103236198425,0.7147911787033081,0.0,-0.01887833602031982,1
2020-12-28,0.7115614414215088,0.7107997536659241,0.70719707,0.70594096,0.005351356418255939,-0.0008276010887834744,59.8785004814191,0.6574103236198425,0.7147911787033081,0.0028050483012747717,-0.0008396364453597725,2
2020-12-29,0.7107997536659241,0.7148601412773132,0.70594096,0.7040752,0.005243452933634357,-0.000887989849537205,58.68106345507541,0.6574103236198425,0.7147911787033081,-0.004773267568748166,0.009948859280917885,3
2020-12-30,0.7148601412773132,0.7215397357940674,0.7040752,0.70226943,0.005287621324311212,-0.0006748343535832721,66.36762166231236,0.6574103236198425,0.7148601412773132,-0.0028184884850533864,-0.002533801471429239,4
2020-12-31,0.7215397357940674,0.7181999087333679,0.70226943,0.70114195,0.005572392639657986,-0.00013271083052640575,65.44316813423805,0.6580809354782104,0.7215397357940674,-0.00821884864248363,-0.012921349593837747,5
2021-01-01,0.7181999087333679,0.7198387980461121,0.71834344,0.7174511,0.005547569236148825,-5.1929135196315986e-05,59.89594296216455,0.6580809354782104,0.7215397357940674,0.0,-0.012921349593837747,1
2021-01-04,0.7198387980461121,0.7178286910057068,0.7174511,0.7174094,0.005450398694454945,5.330613500372904e-05,63.223696002867904,0.6580809354782104,0.7215397357940674,0.011037337127536937,-0.004761893631251935,2
2021-01-05,0.7178286910057068,0.7256894111633301,0.7174094,0.7176718,0.005369776785224925,-6.464009257068238e-05,60.28310623452894,0.6580809354782104,0.7215397357940674,0.024328744190622302,0.02462710273713657,3
2021-01-06,0.7256894111633301,0.7305775880813599,0.7176718,0.7179445,0.005782668991840141,0.000313791236512536,64.65597334182502,0.6580809354782104,0.7256894111633301,0.0026061400085380447,0.030200427053907554,4
2021-01-07,0.7305775880813599,0.7265488505363464,0.7179445,0.71851665,0.005844757501264393,0.0007930884472296257,65.44240089184512,0.6580809354782104,0.7305775880813599,0.01238864164946358,0.051650529650207104,5
2021-01-08,0.7265488505363464,0.7199320793151855,0.7289056,0.7287727,0.0058437184625878625,0.0007396166281810829,65.79348442856272,0.6580809354782104,0.7305775880813599,-0.0059709326787447245,0.04538990462171073,1
2021-01-11,0.7199320793151855,0.7174013257026672,0.7287727,0.7283209,0.006062323440454844,0.0001881705848414128,59.06162320536648,0.6580809354782104,0.7305775880813599,-0.030261423589353787,0.003095952171877183,2
2021-01-12,0.7174013257026672,0.7229298949241638,0.7283209,0.7279965,0.005973483177112552,-0.00038615712283125454,60.899846231143776,0.6580809354782104,0.7305775880813599,0.011438296923926266,-0.00975142121178066,3
2021-01-13,0.7229298949241638,0.7190313339233398,0.7279965,0.72813404,0.006079647565501095,-0.0004295121215348455,61.787694448333056,0.6598482728004456,0.7305775880813599,0.003323205417966472,-0.009041093563939735,4
2021-01-14,0.7190313339233398,0.7217714786529541,0.72813404,0.72710997,0.006058892100184134,-0.0007384294545216621,54.712950828042814,0.6598482728004456,0.7305775880813599,0.014001568268525182,-0.007441459866258496,5
2021-01-15,0.7217714786529541,0.7122507095336914,0.7175122,0.7176439,0.005978651693762001,-0.0007722524361977456,59.022188887858896,0.6598482728004456,0.7305775880813599,-0.017879738594029113,-0.0191915432830798,1
2021-01-18,0.7122507095336914,0.7115817070007324,0.7176439,0.71662045,0.006543809672892279,-0.0014125813099384434,51.1102779731395,0.6598482728004456,0.7305775880813599,0.0,0.010942770909641162,2
2021-01-19,0.7115817070007324,0.7128803133964539,0.71662045,0.714471,0.006387807879637156,-0.0018313706064604675,47.35399414446788,0.6598482728004456,0.7305775880813599,0.009117342638361609,0.008599139735508151,3
2021-01-20,0.7128803133964539,0.7186385989189148,0.714471,0.711308,0.006248417878311219,-0.001959607291780888,42.34622756118814,0.6598482728004456,0.7305775880813599,0.0031578581146133864,0.0084323843742432,4
2021-01-21,0.7186385989189148,0.7216001749038696,0.711308,0.70915157,0.006357081251350178,-0.0016099362057435075,50.37184637894379,0.6598482728004456,0.7305775880813599,0.0021908531376899996,-0.0034078647061656746,5
2021-01-22,0.7216001749038696,0.7183701395988464,0.7117428,0.70742506,0.006272565417395368,-0.0011538622221559849,51.460250413353,0.6598482728004456,0.7305775880813599,-0.005486224494399296,0.009020269020598558,1
2021-01-25,0.7183701395988464,0.719990074634552,0.70742506,0.7066061,0.006205192335802322,-0.0010475093979836966,50.43998240845325,0.6632398962974548,0.7305775880813599,0.0013744131974424212,0.010408033257109529,2
2021-01-26,0.719990074634552,0.7236900925636292,0.7066061,0.70741576,0.006080927683361302,-0.0008540289495533263,44.84595374569728,0.6700077652931213,0.7305775880813599,-0.0034395156780045112,-0.0022001917446712693,3
2021-01-27,0.7236900925636292,0.7142704129219055,0.70741576,0.707172,0.006047976909730296,-0.0004813886234682446,43.63468502562035,0.6700077652931213,0.7305775880813599,-0.015695844799481936,-0.020836182154799314,4
2021-01-28,0.7142704129219055,0.717442512512207,0.707172,0.70786774,0.0065825323737298234,-0.0008521600455400043,39.68072039289786,0.6764892935752869,0.7305775880813599,0.0032147296487249717,-0.019833125906013445,5
2021-01-29,0.717442512512207,0.7163375020027161,0.7160557,0.7167546,0.006497894143818106,-0.000863930919448295,47.779077557878615,0.6797495484352112,0.7305775880813599,-0.0026549381584333254,-0.017054060519955155,1
2021-02-01,0.7163375020027161,0.7165479063987732,0.7167546,0.7174855,0.006351197471781224,-0.000921056257242404,49.026200063290446,0.6825193166732788,0.7305775880813599,-0.0032232896853065453,-0.021562980619232078,2
2021-02-02,0.7165479063987732,0.7196678519248962,0.7174855,0.7168769,0.00620175566499219,-0.0009175683099920838,43.52793688481187,0.6828222870826721,0.7305775880813599,-0.006477983976974251,-0.0245314184492475,3
2021-02-03,0.7196678519248962,0.7219695448875427,0.7168769,0.7152825,0.006133317242569305,-0.0006885005324230109,50.65585912693782,0.6839009523391724,0.7305775880813599,0.011099516193104106,0.0019599522214916905,4
2021-02-04,0.7219695448875427,0.7160297632217407,0.7152825,0.71382004,0.006033332291746755,-0.0003807015338655193,50.20594545884995,0.6839009523391724,0.7305775880813599,-0.003499212095570062,-0.0047446163014563765,5
2021-02-05,0.7160297632217407,0.7211625576019287,0.7174757,0.7149568,0.0061710359146527945,-0.0005647746247844818,54.24554834147596,0.6871482729911804,0.7305775880813599,0.020264386695531118,0.018329375257908852,1
2021-02-08,0.7211625576019287,0.7226702570915222,0.7149568,0.72016096,0.006231056873040625,-0.0003395810253383233,59.782394367911515,0.6893000602722168,0.7305775880813599,0.010932047306130873,0.03284667697582702,2
2021-02-09,0.7226702570915222,0.7243799567222595,0.72016096,0.72392654,0.0061035655917893224,-0.00010024312697072524,59.95338667726759,0.6893000602722168,0.7305775880813599,0.014705183351721931,0.054959018817618895,3
2021-02-10,0.7243799567222595,0.7218199968338013,0.72392654,0.72516704,0.005986264395282723,0.0001485333072828055,56.36085804623054,0.6906601786613464,0.7305775880813599,0.013831859146124684,0.057845470250245355,4
2021-02-11,0.7218199968338013,0.7231180667877197,0.72516704,0.7233772,0.005902646758314884,0.00011736612794334346,50.24572774857947,0.6906601786613464,0.7305775880813599,0.000528153994474969,0.06211439171036102,5
2021-02-12,0.7231180667877197,0.7219487428665161,0.72133166,0.72008306,0.0057837613451610995,0.00015831250038794644,55.547059863985375,0.6931111812591553,0.7305775880813599,0.0038211104503456115,0.044792555522243364,1
2021-02-15,0.7219487428665161,0.723358690738678,0.72008306,0.71903574,0.005666937924068436,8.448763447517146e-05,52.3126858854446,0.6931111812591553,0.7305775880813599,0.0,0.03343303840023268,2
2021-02-16,0.723358690738678,0.718989908695221,0.71903574,0.7174049,0.005559607653369154,0.0001070069371036013,49.586327991309915,0.6979097723960876,0.7305775880813599,0.012026289584637934,0.030668285967424096,3
2021-02-17,0.718989908695221,0.719398558139801,0.7174049,0.71676904,0.005601739428022144,-0.00018029653448137922,56.74113300073218,0.7003389596939087,0.7305775880813599,-0.0031233976197787097,0.01334035541278491,4
2021-02-18,0.719398558139801,0.721870481967926,0.71676904,0.7168252,0.005481505512029152,-0.0003414345470638181,53.03340376797609,0.7003389596939087,0.7305775880813599,0.02076827313014467,0.03405945615005395,5
2021-02-19,0.721870481967926,0.7312721014022827,0.7178797,0.71850747,0.005417398281277994,-0.0002825958239165917,58.23147589827262,0.7016411423683167,0.7305775880813599,0.043346586160945506,0.07574963265228313,1
2021-02-22,0.7312721014022827,0.7329819798469543,0.71850747,0.7169681,0.006021846259073313,0.0003539167100377544,67.20120657936698,0.7016411423683167,0.7312721014022827,0.015165591889079963,0.09218834891937815,2
2021-02-23,0.7329819798469543,0.7338700890541077,0.7169681,0.7171142,0.005907638327473614,0.0008274613699632066,66.08381840018663,0.7016411423683167,0.7329819798469543,0.008393297899842403,0.08822763670312699,3
2021-02-24,0.7338700890541077,0.7445295453071594,0.7171142,0.7172165,0.005781587256645187,0.0011197075853150154,64.8845219102715,0.7016411423683167,0.7338700890541077,0.026743684145325672,0.12122006171784441,4
2021-02-25,0.7445295453071594,0.7365506291389465,0.7172165,0.7136205,0.0064811823180576066,0.001904031919160353,81.88186532919575,0.7016411423683167,0.7445295453071594,-0.008171009534660136,0.08923776184952181,5
2021-02-26,0.7365506291389465,0.7271193265914917,0.7439923,0.7429794,0.006761806211592835,0.001761868647746673,66.1836481646091,0.7016411423683167,0.7445295453071594,-0.04103194619546087,0.0011002230058880643,1
2021-03-01,0.7271193265914917,0.7274197936058044,0.7429794,0.74062675,0.0071924171935100955,0.0009497497672841556,54.010653811311265,0.7016411423683167,0.7445295453071594,0.006087210099527751,-0.007947017738226802,2
2021-03-02,0.7274197936058044,0.7292988300323486,0.74062675,0.74652797,0.007009664644728693,0.00037918243035302236,52.81172677513684,0.7016411423683167,0.7445295453071594,0.026824739620605623,0.010507498214493937,3
2021-03-03,0.7292988300323486,0.7231912612915039,0.74652797,0.7502889,0.006858368473684567,8.98013824992658e-05,57.005869399168276,0.7016411423683167,0.7445295453071594,-0.018725640031191874,-0.0344106571161761,4
2021-03-04,0.7231912612915039,0.7178286910057068,0.7502889,0.74762267,0.006944375803354946,-0.0005180588732690257,50.06289810711527,0.7054275274276733,0.7445295453071594,-0.03978912495984579,-0.06446316695449032,5
2021-03-05,0.7178286910057068,0.7178596258163452,0.7256442,0.72085613,0.006970236460716595,-0.001244945865628087,46.697524110563165,0.7054275274276733,0.7445295453071594,0.023769368152198076,-0.001831767381264405,1
2021-03-08,0.7178596258163452,0.7132616639137268,0.72085613,0.7232612,0.006797464702064976,-0.0016612935147902685,45.49251170366925,0.7054275274276733,0.7445295453071594,0.004029062680954104,-0.003884032096423542,2
2021-03-09,0.7132616639137268,0.7179575562477112,0.7232612,0.72377527,0.006781737675817443,-0.0021527944383604902,45.322231762330595,0.7054275274276733,0.7445295453071594,-0.020682779387527755,-0.05010052288125251,3
2021-03-10,0.7179575562477112,0.7192174792289734,0.72377527,0.7227429,0.006773616831264158,-0.002067615968556172,48.90026110610734,0.7054275274276733,0.7445295453071594,0.00558211193960872,-0.026727682229187005,4
2021-03-11,0.7192174792289734,0.7227522134780884,0.7227429,0.7198982,0.006620532789272193,-0.001840014245270603,47.93712853482828,0.7054275274276733,0.7445295453071594,0.024680619799534884,0.03808574072280796,5
2021-03-12,0.7227522134780884,0.7187315821647644,0.7191951,0.716817,0.006551691457766447,-0.0013857087389265552,42.710162932499394,0.7054275274276733,0.7445295453071594,0.0006032592635764687,0.014313748824532789,1
2021-03-15,0.7187315821647644,0.720352053642273,0.716817,0.71584994,0.006512692531901335,-0.001292132607657712,38.2707957620583,0.7054275274276733,0.7445295453071594,0.00024117884471256955,0.010478913710657739,2
2021-03-16,0.720352053642273,0.7193002700805664,0.71584994,0.7136716,0.006377857154010348,-0.0010666130425741897,39.006128200678454,0.7054275274276733,0.7445295453071594,-0.016412772188325007,0.014802891084194535,3
2021-03-17,0.7193002700805664,0.7251210808753967,0.7136716,0.7112384,0.006237103234743218,-0.0009383220444500807,25.681310764118308,0.709679901599884,0.7445295453071594,0.011941116105170712,0.021276588214642324,4
2021-03-18,0.7251210808753967,0.7168099284172058,0.7112384,0.7123561,0.006345319037944871,-0.00043696571263510104,38.50471906232615,0.7107997536659241,0.7445295453071594,-0.0026682077001745565,-0.006275651001248662,5
2021-03-19,0.7168099284172058,0.7152001261711121,0.7277119,0.72571707,0.006695667774626737,-0.0006289341312217588,39.39230022900361,0.7107997536659241,0.7445295453071594,0.0015775180322680441,-0.005307034575667284,1
2021-03-22,0.7152001261711121,0.7133176326751709,0.72571707,0.7266585,0.006553379585915421,-0.0008163037866472144,37.75664745269565,0.7107997536659241,0.7445295453071594,0.00616509596797972,0.0006029319073336323,2
2021-03-23,0.7133176326751709,0.6990220546722412,0.7266585,0.7246914,0.006424041498127,-0.0010065107965227895,33.98893581242476,0.7115817070007324,0.7445295453071594,-0.014811572761879678,0.002206380125604916,3
2021-03-24,0.6990220546722412,0.6969515085220337,0.7246914,0.72308534,0.007696038045917892,-0.001978405251744671,29.198455268871044,0.6990220546722412,0.7445295453071594,-0.004044370217164056,-0.013687006059690358,4
2021-03-25,0.6969515085220337,0.6967815160751343,0.72308534,0.71974295,0.007524925729724416,-0.002604615781889065,30.952419796027357,0.6969515085220337,0.7445295453071594,-0.021474152909001003,-0.03206223089596623,5
2021-03-26,0.6967815160751343,0.6994082927703857,0.6844689,0.6758535,0.007332863627670798,-0.002854105990519767,30.8177744990616,0.6967815160751343,0.7445295453071594,0.023191937333871187,-0.010913078139776489,1
2021-03-29,0.6994082927703857,0.7009722590446472,0.6758535,0.6696871,0.0071971595037294235,-0.0026694081531436213,36.92352528808967,0.6967815160751343,0.7445295453071594,-0.008742177867836775,-0.025548310992055703,2
2021-03-30,0.7009722590446472,0.6992420554161072,0.6696871,0.6693118,0.007036093253937643,-0.00228399378298636,32.95971794669403,0.6967815160751343,0.7445295453071594,-0.014951731127624176,-0.02568487897748763,3
2021-03-31,0.6992420554161072,0.6983581781387329,0.6693118,0.67500645,0.0068852359765699655,-0.0019979987803375107,30.147243508632258,0.6967815160751343,0.7445295453071594,0.0050087114359113295,-0.01682427727224071,4
2021-04-01,0.6983581781387329,0.7024997472763062,0.67500645,0.6746554,0.006724624338032278,-0.0017307458278601855,24.407243893592806,0.6967815160751343,0.7445295453071594,0.00012494902745103476,0.004642431651793275,5
2021-04-02,0.7024997472763062,0.7031112313270569,0.7030207,0.7037358,0.006691449811201135,-0.0011645929010414358,33.0136389890706,0.6967815160751343,0.7445295453071594,0.0,-0.01838906780756846,1
2021-04-05,0.7031112313270569,0.7066688537597656,0.7037358,0.70420367,0.006535397441588582,-0.0006634013734317778,31.568517251179145,0.6967815160751343,0.7445295453071594,0.03569840708627201,0.026218140191296254,2
2021-04-06,0.7066688537597656,0.7063693404197693,0.70420367,0.7025056,0.0064773307536280696,-3.967198564945682e-05,37.18296093440038,0.6967815160751343,0.7445295453071594,-0.005437760323936038,0.036028141652599405,3
2021-04-07,0.7063693404197693,0.7013409733772278,0.7025056,0.7042193,0.006326776127186898,0.0003821018602032317,28.57168156059285,0.6967815160751343,0.7445295453071594,-0.01526187929104689,0.015238658618763608,4
2021-04-08,0.7013409733772278,0.7061498761177063,0.7042193,0.7092257,0.006374903538595136,0.00035252851969313527,30.88921420197819,0.6967815160751343,0.7445295453071594,0.009672498938159392,0.02497812039807774,5
2021-04-09,0.7061498761177063,0.703982412815094,0.70712596,0.7064054,0.006404891602900868,0.0006685978822868104,39.6381210794403,0.6967815160751343,0.7445295453071594,-0.012999931559483379,0.011739710631842884,1
2021-04-12,0.703982412815094,0.7032397985458374,0.7064054,0.70217294,0.006292091264544486,0.0007380012640829364,39.38114357854084,0.6967815160751343,0.7445295453071594,-0.005073881548938817,-0.028681598752523248,2
2021-04-13,0.7032397985458374,0.706119954586029,0.70217294,0.70315075,0.0061516538631762275,0.0007384094303102924,56.93641731820357,0.6967815160751343,0.7445295453071594,0.0032206173632353353,-0.02023504321405221,3
2021-04-14,0.706119954586029,0.7140001058578491,0.70315075,0.6966836,0.0060784548008392236,0.0009250650885710057,64.6871341846507,0.6967815160751343,0.7445295453071594,0.023708710203915604,0.018700722037502584,4
2021-04-15,0.7140001058578491,0.7175711989402771,0.6966836,0.6929517,0.0064194055413251,0.0015356518729085769,72.11897447834197,0.6967815160751343,0.7445295453071594,0.021624486094410433,0.030949271427430983,5
2021-04-16,0.7175711989402771,0.7127177715301514,0.71335906,0.71828,0.0063646518628064815,0.002101448417828399,72.7793833360494,0.6967815160751343,0.7445295453071594,-0.012009036212427845,0.03197134056168487,1
2021-04-19,0.7127177715301514,0.7190881967544556,0.71828,0.7166103,0.0063921973630636205,0.002067088475950793,63.60806303475613,0.6967815160751343,0.7445295453071594,0.016607777466976493,0.05459051581590679,2
2021-04-20,0.7190881967544556,0.7165479063987732,0.7166103,0.7209683,0.0065401983963303215,0.0023699320214395736,70.7610098578991,0.6967815160751343,0.7445295453071594,-0.006136441950969237,0.044768673251099865,3
2021-04-21,0.7165479063987732,0.7204403877258301,0.7209683,0.72169125,0.006433715758414806,0.002294190015289418,68.39089533979764,0.6967815160751343,0.7445295453071594,0.014688002811719945,0.03538650129247061,4
2021-04-22,0.7204403877258301,0.7154299020767212,0.72169125,0.71789503,0.006394849266735492,0.002390423978466234,68.23087900027377,0.6967815160751343,0.7445295453071594,-0.0014007337467382489,0.01181886568555778,5
2021-04-23,0.7154299020767212,0.7191709280014038,0.72343093,0.720323,0.006430437126548656,0.002015789590875277,61.49065560335769,0.6967815160751343,0.7445295453071594,0.014495528570305756,0.03899524246543073,1
2021-04-26,0.7191709280014038,0.7230082750320435,0.720323,0.71918106,0.006383770116786538,0.0019195696281932803,61.62196665285144,0.6967815160751343,0.7445295453071594,0.02388920803618793,0.04658822452320772,2
2021-04-27,0.7230082750320435,0.7204195857048035,0.71918106,0.7168759,0.006343582644237092,0.002004670343187161,64.51300298105207,0.6967815160751343,0.7445295453071594,0.0642153066728483,0.12286933149100794,3
2021-04-28,0.7204195857048035,0.727300226688385,0.7168759,0.71939814,0.006247008507040992,0.0017842945488981924,67.38067570942974,0.6967815160751343,0.7445295453071594,-0.04440381313038143,0.05843933360936106,4
2021-04-29,0.727300226688385,0.7247374653816223,0.71939814,0.7191325,0.006447618558655156,0.0019842482300962603,68.56717679955796,0.6967815160751343,0.7445295453071594,-0.009745403319025842,0.04964375624035088,5
2021-04-30,0.7247374653816223,0.7169898152351379,0.72788393,0.7276629,0.006345117821610619,0.0018299960052695998,68.09457493244648,0.6967815160751343,0.7445295453071594,-0.003120809214669029,0.03131479586307801,1
2021-05-03,0.7169898152351379,0.7198076248168945,0.7276629,0.72494763,0.006629004647168424,0.0011267621131991609,60.682673828984235,0.6967815160751343,0.7445295453071594,0.014187807813497627,0.021357973922324427,2
2021-05-04,0.7198076248168945,0.7162697911262512,0.72494763,0.72850096,0.006529203947120945,0.0007879966685432,60.64454763650724,0.6967815160751343,0.7445295453071594,-0.0015421186716272925,-0.04364331736302519,3
2021-05-05,0.7162697911262512,0.7219278216362,0.72850096,0.7261094,0.006466760886254931,0.00028803332068567163,51.89291995541977,0.6967815160751343,0.7445295453071594,0.0006612142306960406,0.00044078795734489855,4
2021-05-06,0.7219278216362,0.7232906818389893,0.7261094,0.72140855,0.006545941623634488,0.0002994452387341576,53.511202490296306,0.6967815160751343,0.7445295453071594,0.0174714913257196,0.02804360709212753,5
2021-05-07,0.7232906818389893,0.7296074628829956,0.7186737,0.725865,0.006406027524603548,0.00035598880389305174,59.02921576172937,0.6967815160751343,0.7445295453071594,0.031329113091163485,0.06407673511659143,1
2021-05-10,0.7296074628829956,0.7271299362182617,0.725865,0.72932404,0.0065391363348518165,0.0007531921883271791,58.99164236410435,0.6967815160751343,0.7445295453071594,-0.006842448062350475,0.041932593723215304,2
2021-05-11,0.7271299362182617,0.7262691855430603,0.72932404,0.7338031,0.006429515913348088,0.0007801436398282837,59.05500726799786,0.6967815160751343,0.7445295453071594,0.009461819095785704,0.05346126922578398,3
2021-05-12,0.7262691855430603,0.7164093852043152,0.7338031,0.7310129,0.006286111889169822,0.0006750162745224877,55.26062954766257,0.6967815160751343,0.7445295453071594,-0.005455899067965582,0.04703679693176985,4
2021-05-13,0.7164093852043152,0.7182979583740234,0.7310129,0.7284168,0.0068285876804797365,-8.322140889998166e-05,50.81285571402991,0.6967815160751343,0.7445295453071594,-0.009938743351079252,0.018727033693980797,5
2021-05-14,0.7182979583740234,0.7243909239768982,0.7153878,0.71794206,0.006690137942389084,-0.0004611244851832207,49.25255680078388,0.6967815160751343,0.7445295453071594,-0.00885860766012958,-0.021401545128546938,1
2021-05-17,0.7243909239768982,0.7219122052192688,0.71794206,0.7183033,0.006787264940368656,-0.00031146539546852503,51.13980874287404,0.6967815160751343,0.7445295453071594,0.01225307234489491,-0.002535139730362111,2
2021-05-18,0.7219122052192688,0.7237984538078308,0.7183033,0.718889,0.00666783035481506,-0.0003853009156972137,51.232699771003944,0.6967815160751343,0.7445295453071594,0.0029607591243407698,-0.008998685891298293,3
2021-05-19,0.7237984538078308,0.7163118720054626,0.718889,0.7185715,0.006535599191254155,-0.0003159077502509402,46.84799333866984,0.6967815160751343,0.7445295453071594,-0.0313162130068712,-0.03429776009447427,4
2021-05-20,0.7163118720054626,0.7196574807167053,0.7185715,0.71404487,0.006773892290874308,-0.0007578114450678061,43.03349057812596,0.6967815160751343,0.7365506291389465,-0.00163553912768276,-0.02624595554850256,5
2021-05-21,0.7196574807167053,0.7173189520835876,0.70702636,0.70654106,0.0066907314135270825,-0.0008040084863584819,52.37886680131817,0.6967815160751343,0.7296074628829956,-0.018947464727376417,-0.03602063036358731,1
2021-05-24,0.7173189520835876,0.7214798927307129,0.70654106,0.7053075,0.006571353447079178,-0.0009606784062505857,47.761614909629344,0.6967815160751343,0.7296074628829956,0.010069303102651882,-0.03812344199780583,2
2021-05-25,0.7214798927307129,0.7224389910697937,0.7053075,0.7030101,0.006540599994654822,-0.0007614071642162692,54.634174271799886,0.6967815160751343,0.7296074628829956,-0.004303036537704567,-0.045085002481607454,3
2021-05-26,0.7224389910697937,0.7278285026550293,0.7030101,0.70436656,0.00639498048151319,-0.000552083720467976,50.496136659732166,0.6967815160751343,0.7296074628829956,0.0024296326940673584,-0.012310700217634096,4
2021-05-27,0.7278285026550293,0.7284275889396667,0.70436656,0.70386827,0.00645407851404766,-6.343589865068005e-05,54.08506236089261,0.6967815160751343,0.7296074628829956,0.029025375367174044,0.018441797661603785,5
2021-05-28,0.7284275889396667,0.7242912650108337,0.72364503,0.7175651,0.006307561868497493,0.00026910213752378166,48.8159567990219,0.6967815160751343,0.7296074628829956,0.0034227852531662456,0.04148133457138478,1
2021-05-31,0.7242912650108337,0.7277278900146484,0.7175651,0.7170523,0.00628741486419954,0.0001835452358097821,47.24308441111125,0.6967815160751343,0.7296074628829956,0.0,0.031046964915537406,2
2021-06-01,0.7277278900146484,0.7253314852714539,0.7170523,0.71708286,0.006230025635084639,0.00032328913340854424,51.34918788514951,0.6967815160751343,0.7296074628829956,-0.0043875518245004505,0.030959829367792343,3
2021-06-02,0.7253314852714539,0.7233482599258423,0.71708286,0.71688944,0.006131252084685822,0.00022393442842390428,59.57405166436836,0.6967815160751343,0.7296074628829956,-0.013388296308474998,0.014780479235545775,4
2021-06-03,0.7233482599258423,0.7148601412773132,0.71688944,0.72214806,0.0060232096173352566,5.783441292596305e-06,55.40834850368812,0.6967815160751343,0.7296074628829956,-0.028332377874284862,-0.041787242652017706,5
2021-06-04,0.7148601412773132,0.7209701538085938,0.7281922,0.7309461,0.006425993109499254,-0.000690531194406895,40.29155687241199,0.6967815160751343,0.7296074628829956,0.014652273684639288,-0.03096636080519646,1
2021-06-07,0.7209701538085938,0.7225485444068909,0.7309461,0.7333061,0.0065458409366958925,-0.0007168550893795703,49.106489694527454,0.6967815160751343,0.7296074628829956,-0.0005511286529771498,-0.0315002758679964,2
2021-06-08,0.7225485444068909,0.7190313339233398,0.7333061,0.73554695,0.00641146576324238,-0.0006094254931840084,48.80753080971899,0.6967815160751343,0.7296074628829956,0.006155296333228396,-0.02123551550932761,3
2021-06-09,0.7190313339233398,0.7171800136566162,0.73554695,0.7335439,0.0063534853795252375,-0.0007475937897286546,52.8070946124702,0.6967815160751343,0.7296074628829956,-0.005824561671397553,-0.013804332355920799,4
2021-06-10,0.7171800136566162,0.7189486026763916,0.7335439,0.73234105,0.006233624252371818,-0.0009244379377196959,47.36129750648487,0.6967815160751343,0.7296074628829956,-0.010303133803955268,0.004137280903106027,5
2021-06-11,0.7189486026763916,0.7138981223106384,0.71773297,0.71858543,0.006116413966757499,-0.0008831317627120989,51.7570410813826,0.6967815160751343,0.7296074628829956,0.01140472334101938,0.0008815839127802555,1
2021-06-14,0.7138981223106384,0.7143775820732117,0.71858543,0.71903604,0.006172906516027984,-0.0011404227711405493,41.97940640507463,0.6967815160751343,0.7296074628829956,-0.0020940166441878005,-0.0006614735751243036,2
2021-06-15,0.7143775820732117,0.7122507095336914,0.71903604,0.71862066,0.006036083263693506,-0.001215873975322418,41.38457775207092,0.6967815160751343,0.7296074628829956,-0.043288974204270095,-0.04887136526633857,3
2021-06-16,0.7122507095336914,0.7071185111999512,0.71862066,0.7168954,0.005937537226548246,-0.00133695505214098,32.103590895395655,0.6967815160751343,0.7296074628829956,0.012024140439162556,-0.03174254472220675,4
2021-06-17,0.7071185111999512,0.7015377879142761,0.7168954,0.71743447,0.006016056451413915,-0.0016690344592026952,27.82855576489675,0.6967815160751343,0.7296074628829956,-0.048511249256526764,-0.06803999315223574,5
2021-06-18,0.7015377879142761,0.6949077248573303,0.70716655,0.7069557,0.006129242752513132,-0.0021407751281435727,27.016518436636787,0.6983581781387329,0.7296074628829956,-0.005271442057981501,-0.08345264324118647,1
2021-06-21,0.6949077248573303,0.6986313462257385,0.7069557,0.70656765,0.006336409201656089,-0.0027374104981637472,18.857227533049866,0.6949077248573303,0.7296074628829956,0.005988064755717649,-0.07601501763466256,2
2021-06-22,0.6986313462257385,0.7017987370491028,0.70656765,0.7068936,0.006300888281891619,-0.0027140637710404356,25.286932727212545,0.6949077248573303,0.7296074628829956,0.011161344012827815,-0.024308805885532716,3
2021-06-23,0.7017987370491028,0.7045577764511108,0.7068936,0.70499325,0.0062364056842332104,-0.002332659584086899,30.482078479599465,0.6949077248573303,0.7296074628829956,0.02253318671770442,-0.014001155047797701,4
2021-06-24,0.7045577764511108,0.7063194513320923,0.70499325,0.7039694,0.006155461740867429,-0.0017675691864453345,39.588390704757124,0.6949077248573303,0.7296074628829956,-0.004512539660794791,0.03035006534645816,5
2021-06-25,0.7063194513320923,0.70689857006073,0.700987,0.7027207,0.006042309983220624,-0.0011765916289376895,33.76726640655339,0.6949077248573303,0.7296074628829956,-0.002903500398113391,0.03279276513435352,1
2021-06-28,0.70689857006073,0.7048904895782471,0.7027207,0.7031849,0.005911227177188258,-0.0006731548019057992,32.26742811758365,0.6949077248573303,0.7296074628829956,-0.004896805697030001,0.021611911147388273,2
2021-06-29,0.7048904895782471,0.6989800930023193,0.7031849,0.70331275,0.005814613823326609,-0.0004145525526789689,33.41002095040433,0.6949077248573303,0.7296074628829956,-0.00035061145826322903,0.00991859591752164,3
2021-06-30,0.6989800930023193,0.6996676325798035,0.70331275,0.7000631,0.005975435065474047,-0.0005710560782498306,30.50469786316819,0.6949077248573303,0.7296074628829956,0.004665815048149154,-0.007965746113655919,4
2021-07-01,0.6996676325798035,0.6963691115379333,0.7000631,0.7036866,0.0058480409729126884,-0.000557169264464202,28.857036412478678,0.6949077248573303,0.7296074628829956,-0.012765905292922918,-0.016119672576616055,5
2021-07-02,0.6963691115379333,0.7025876045227051,0.70169747,0.6996322,0.00581184070923033,-0.0006903242318103278,30.01011430249376,0.6949077248573303,0.7296074628829956,0.009385324889507184,-0.00395434342215364,1
2021-07-05,0.7025876045227051,0.7052086591720581,0.6996322,0.69803333,0.00600735999637507,-0.00029973494521803347,38.11104285849951,0.6949077248573303,0.7296074628829956,0.0,0.0009350600828209919,2
2021-07-06,0.7052086591720581,0.7017691731452942,0.69803333,0.69837093,0.005930764098732968,0.00016975480358508068,42.968906218756246,0.6949077248573303,0.7296074628829956,-0.0056206630299764915,-0.004326043982302,3
2021-07-07,0.7017691731452942,0.7013409733772278,0.69837093,0.6995433,0.005896972394996729,0.0002769299521616416,44.47213431407211,0.6949077248573303,0.7296074628829956,0.016537025296375227,0.007564247325372619,4
2021-07-08,0.7013409733772278,0.6949077248573303,0.6995433,0.70429426,0.005769863510982436,0.0003429371048677514,49.772377585741,0.6949077248573303,0.7296074628829956,-0.013371488070429429,0.006954268484942704,5
2021-07-09,0.6949077248573303,0.7006186246871948,0.7058738,0.7078692,0.0059893243099615875,-4.329054181719839e-06,50.0,0.6949077248573303,0.7296074628829956,0.018785304387606946,0.016464244730375985,1
2021-07-12,0.7006186246871948,0.6986606121063232,0.7078692,0.7053843,0.006122621356264256,0.0001825983908094464,52.20695215412987,0.6949077248573303,0.7296074628829956,-0.00680078879935816,0.009574938989454905,2
2021-07-13,0.6986606121063232,0.6944106817245483,0.7053843,0.7050151,0.006016494873490027,0.00020472073947022142,46.41879105884721,0.6949077248573303,0.7296074628829956,-0.0019681857282249364,0.01326913090770513,3
2021-07-14,0.6944106817245483,0.7038784027099609,0.7050151,0.7051388,0.006030194067969532,-2.4344683207715156e-05,38.80126722502454,0.6944106817245483,0.7296074628829956,-0.00872959171829475,-0.012012022596948148,4
2021-07-15,0.7038784027099609,0.7011492252349854,0.7051388,0.70375127,0.006591868966006551,0.0004766422031009798,47.697588860454346,0.6944106817245483,0.7296074628829956,0.013008367366183172,0.014397769141162885,5
2021-07-16,0.7011492252349854,0.6994816660881042,0.70586926,0.70781916,0.006492790821370904,0.000629485243238137,44.78855554739131,0.6944106817245483,0.7296074628829956,-0.00011544681092663539,-0.004595055968248396,1
2021-07-19,0.6994816660881042,0.693600058555603,0.70781916,0.7095059,0.006363640628276181,0.0006224214579010124,45.06676408645572,0.6944106817245483,0.7296074628829956,-0.028563388889063745,-0.026023639122399016,2
2021-07-20,0.693600058555603,0.6923816800117493,0.7095059,0.7146637,0.006482337792644033,0.0002451521199758489,45.09044349294206,0.693600058555603,0.7296074628829956,0.014851806274035205,-0.009502813941660197,3
2021-07-21,0.6923816800117493,0.696097731590271,0.7146637,0.7158277,0.006344018613211651,-4.73401755043271e-05,43.41499363252219,0.6923816800117493,0.7296074628829956,0.0021037466339359693,0.001285910649166152,4
2021-07-22,0.696097731590271,0.69810950756073,0.7158277,0.7147435,0.0063083680753153095,4.3648766782854957e-05,49.75656546106063,0.6923816800117493,0.7296074628829956,0.015179078440340365,0.0034617737945363465,5
2021-07-23,0.69810950756073,0.6983678936958313,0.69694793,0.6982204,0.006197574509788005,0.0002613641567529878,45.65512582959164,0.6923816800117493,0.7296074628829956,0.013364711728005902,0.017080180512443935,1
2021-07-26,0.6983678936958313,0.7004797458648682,0.6982204,0.7002366,0.006059483624499391,0.00043460328369575784,43.04382242167035,0.6923816800117493,0.7296074628829956,0.04058149206515783,0.08989442651452573,2
2021-07-27,0.7004797458648682,0.6963497400283813,0.7002366,0.70086914,0.005962155470085867,0.0006881773927792365,48.65243331933836,0.6923816800117493,0.7296074628829956,-0.009414458188131294,0.06376507320373762,3
2021-07-28,0.6963497400283813,0.6960588693618774,0.70086914,0.7000852,0.0059704071514897735,0.0005789018472355015,45.15833598334827,0.6923816800117493,0.7296074628829956,-0.01484789860388056,0.04588448592832043,4
2021-07-29,0.6960588693618774,0.7011098861694336,0.7000852,0.69961333,0.005840532427927794,0.0004916127756231774,51.26771805498849,0.6923816800117493,0.7296074628829956,0.009112161958738268,0.039558401419895584,5
2021-07-30,0.7011098861694336,0.6974901556968689,0.69811106,0.6943321,0.005926591909112877,0.0007624665313070477,50.548989411871275,0.6923816800117493,0.7296074628829956,-0.008777292901011693,0.01679345532458257,1
2021-08-02,0.6974901556968689,0.6987192630767822,0.6943321,0.6962068,0.005904635887239843,0.0006885140208965617,48.73884276926673,0.6923816800117493,0.7284275889396667,-0.010883711128238811,-0.03421225913048556,2
2021-08-03,0.6987192630767822,0.7045776844024658,0.6962068,0.69664824,0.005789275030180465,0.0007101925769518614,54.965720958988804,0.6923816800117493,0.7284275889396667,-0.011117587657581399,-0.035855720781950005,3
2021-08-04,0.7045776844024658,0.7044088840484619,0.69664824,0.69462645,0.005948138957602216,0.0010844877356136163,50.87907015777107,0.6923816800117493,0.7284275889396667,-0.012165873542960521,-0.033266390891058414,4
2021-08-05,0.7044088840484619,0.7048507928848267,0.69462645,0.6940239,0.005818736122925538,0.001273060004932055,54.37966492616202,0.6923816800117493,0.7284275889396667,0.003573300745128146,-0.0386061923212971,5
2021-08-06,0.7048507928848267,0.6993300318717957,0.7065032,0.70636225,0.005695322991419227,0.0013714119678382604,57.45962499399612,0.6923816800117493,0.7284275889396667,0.0,-0.030130615381177037,1
2021-08-09,0.6993300318717957,0.6991980075836182,0.70636225,0.70611715,0.005828975244150863,0.0010244104329414278,58.04160120992499,0.6923816800117493,0.7284275889396667,-0.013553595701871597,-0.032716601011901575,2
2021-08-10,0.6991980075836182,0.7006480693817139,0.70611715,0.70948344,0.005703734402200815,0.0007580220975196218,59.86709163291613,0.6923816800117493,0.7284275889396667,0.01493339169938163,-0.007186827152890446,3
2021-08-11,0.7006480693817139,0.7041807174682617,0.70948344,0.709692,0.005600996839714183,0.0006553624228124502,57.04938317204698,0.6923816800117493,0.7284275889396667,0.0028684109943628113,0.007852175632893968,4
2021-08-12,0.7041807174682617,0.7005204558372498,0.709692,0.70868886,0.005591608517705012,0.0007921183785751177,58.98225031569887,0.6923816800117493,0.7284275889396667,-0.0018348393211124997,0.0024162821866453993,5
2021-08-13,0.7005204558372498,0.703982412815094,0.705564,0.70911705,0.005589718275666392,0.000610926347845226,52.893425417020524,0.6923816800117493,0.7284275889396667,0.007091448503645414,0.009550130393647702,1
2021-08-16,0.703982412815094,0.7028493285179138,0.70911705,0.70960677,0.005576766375974668,0.0006930799926058522,54.543303835811734,0.6923816800117493,0.7284275889396667,-0.01492737705102726,0.008164181466840701,2
2021-08-17,0.7028493285179138,0.6927894949913025,0.70960677,0.7106888,0.005471175061549152,0.0006411625062829284,59.141306516486964,0.6923816800117493,0.7284275889396667,-0.028633784386797412,-0.03481563228124527,3
2021-08-18,0.6927894949913025,0.6874505877494812,0.7106888,0.71130896,0.006201038452471382,-6.321218754519546e-05,46.39298100710606,0.6923816800117493,0.7284275889396667,-0.020202619271785523,-0.056828523604368936,4
2021-08-19,0.6874505877494812,0.6820305585861206,0.71130896,0.7123477,0.006288239876744647,-0.0008381873735538675,35.02516444122655,0.6874505877494812,0.7284275889396667,-0.01900856626589939,-0.07288799778089004,5
2021-08-20,0.6820305585861206,0.6830880641937256,0.68690324,0.68399745,0.006379561422990867,-0.001620054713410886,33.69509323322072,0.6820305585861206,0.7277278900146484,0.023493114300061776,-0.05755642862779377,1
2021-08-23,0.6830880641937256,0.6894079446792603,0.68399745,0.68052137,0.00624369259688443,-0.0019481815750711428,33.45421783437561,0.6820305585861206,0.7277278900146484,0.023898832525376987,-0.020245278766039883,2
2021-08-24,0.6894079446792603,0.6938084959983826,0.68052137,0.67856485,0.006422829251658368,-0.0016344389723908328,34.098026327299266,0.6820305585861206,0.7253314852714539,0.004829547756957162,0.013095311350836587,3
2021-08-25,0.6938084959983826,0.6972820162773132,0.67856485,0.6774814,0.0064266438544834424,-0.0010535938166738338,39.79346464944429,0.6820305585861206,0.7233482599258423,0.00234736071800499,0.036200117749578944,4
2021-08-26,0.6972820162773132,0.694531261920929,0.6774814,0.6750204,0.006372890053497936,-0.000392542420056798,43.11441470654262,0.6820305585861206,0.7225485444068909,-0.004464830380560233,0.05138046045575173,5
2021-08-27,0.694531261920929,0.7012377381324768,0.6957081,0.69328356,0.006286270486727403,-0.00011219669464981874,45.402686096708614,0.6820305585861206,0.7225485444068909,0.01646761273866541,0.044019871578625656,1
2021-08-30,0.7012377381324768,0.6998194456100464,0.69328356,0.6972564,0.006488169704932189,0.0005186279853544697,51.73548387751148,0.6820305585861206,0.7225485444068909,0.010256470859227965,0.0298736879799198,2
2021-08-31,0.6998194456100464,0.7051689028739929,0.6972564,0.69921166,0.006354260607595233,0.0008163713943329575,49.29459258687948,0.6820305585861206,0.7190313339233398,-0.00022931487279600338,0.024676854582713147,3
2021-09-01,0.7051689028739929,0.7065889835357666,0.69921166,0.6963931,0.006425736257910173,0.0013197790191192098,50.816000882003486,0.6820305585861206,0.7189486026763916,-0.022498947515922945,-0.0004688992037769529,4
2021-09-02,0.7065889835357666,0.7110706567764282,0.6963931,0.6939012,0.006294560734984673,0.0016719318521039336,55.20364719892465,0.6820305585861206,0.7189486026763916,0.006313583580268056,0.010362729795147558,5
2021-09-03,0.7110706567764282,0.7151899337768555,0.7050248,0.7047843,0.006303193885744863,0.0021023936935276734,55.97357023808687,0.6820305585861206,0.7143775820732117,0.008241019236161445,0.0020849818450598004,1
2021-09-06,0.7151899337768555,0.7136587500572205,0.7047843,0.70488036,0.006286647795892215,0.0025314535213855844,59.9015966630097,0.6820305585861206,0.7151899337768555,0.0,-0.008140346043159174,2
2021-09-07,0.7136587500572205,0.7097585201263428,0.70488036,0.70603526,0.006163073999883627,0.002570773671854338,69.39969370771027,0.6820305585861206,0.7151899337768555,-0.011158980827595135,-0.01892201339453035,3
2021-09-08,0.7097585201263428,0.7098290324211121,0.70603526,0.7026115,0.006141549147376671,0.0022067050078971168,71.3069685939046,0.6820305585861206,0.7151899337768555,-0.0106940976464112,-0.007271906461618859,4
2021-09-09,0.7098290324211121,0.7105098962783813,0.7026115,0.704438,0.006006022588033756,0.0018572590963365275,79.5732252488526,0.6820305585861206,0.7151899337768555,0.012095813030311571,-0.0015150972870077322,5
2021-09-10,0.7105098962783813,0.711657702922821,0.7080758,0.70643264,0.005878968590484581,0.0015700151164650664,79.40820761953465,0.6820305585861206,0.7151899337768555,0.03768406881650757,0.028320412080785947,1
2021-09-13,0.711657702922821,0.7114601731300354,0.70643264,0.70965654,0.005763306373797345,0.0013630367221797212,76.83883427016782,0.6820305585861206,0.7151899337768555,-0.01918003193451112,0.008785136218006135,2
2021-09-14,0.7114601731300354,0.7095721364021301,0.70965654,0.71763605,0.00564130989045058,0.001128254526504583,73.69501625828917,0.6820305585861206,0.7151899337768555,-0.010482219734218319,0.009468073816507494,3
2021-09-15,0.7095721364021301,0.7132006287574768,0.71763605,0.71851575,0.005552890816602493,0.0007778973938687298,67.2313107542553,0.6820305585861206,0.7151899337768555,0.019607402467313417,0.04052462454988069,4
2021-09-16,0.7132006287574768,0.7070900201797485,0.71851575,0.719774,0.005548892471445318,0.0007237454425972683,75.54654034497045,0.6820305585861206,0.7151899337768555,-0.02879719785590884,-0.0011672964197084075,5
2021-09-17,0.7070900201797485,0.7033585906028748,0.71858925,0.71716064,0.005743971567212506,0.00023491166382892323,58.14082292912091,0.6820305585861206,0.7151899337768555,-0.007742880476100124,-0.0455260495884921,1
2021-09-20,0.7033585906028748,0.7017691731452942,0.71716064,0.72017753,0.0057370046625518974,-0.000349448554346413,54.625464867905066,0.6820305585861206,0.7151899337768555,-0.03073485131819312,-0.056491350653917645,2
2021-09-21,0.7017691731452942,0.6997313499450684,0.72017753,0.7224978,0.005636741212401214,-0.0008255550925774747,45.072447241199384,0.6820305585861206,0.7151899337768555,0.002668207700174605,-0.04400186759386724,3
2021-09-22,0.6997313499450684,0.6991002559661865,0.7224978,0.72399604,0.005554280119562692,-0.001235586629868154,40.235431908067824,0.6820305585861206,0.7151899337768555,0.02971408323821386,-0.034290909535865874,4
2021-09-23,0.6991002559661865,0.7065390348434448,0.72399604,0.7211108,0.005442601321842687,-0.0014901187815320126,30.856122075465947,0.6820305585861206,0.7151899337768555,-0.005068699628163132,-0.011102052734611177,5
2021-09-24,0.7065390348434448,0.7016608715057373,0.6990784,0.7022582,0.0058035273282915556,-0.0011154472197163212,37.49284754058805,0.6820305585861206,0.7151899337768555,0.013265431133486612,0.009892784366166004,1
2021-09-27,0.7016608715057373,0.700790524482727,0.7022582,0.71126074,0.0058729025079765395,-0.0011495400100699946,34.184511285048245,0.6820305585861206,0.7151899337768555,0.001398448442729701,0.0428709835272861,2
2021-09-28,0.700790524482727,0.6960008144378662,0.71126074,0.7025876,0.005753176007191168,-0.0011796616684505077,37.1522013867541,0.6820305585861206,0.7151899337768555,-0.011360445887335986,0.028343049699533662,3
2021-09-29,0.6960008144378662,0.6872379779815674,0.7025876,0.6960892,0.005821754834378312,-0.0014531511752823014,32.54898715991064,0.6820305585861206,0.7151899337768555,-0.01065731292806011,-0.012345737154354736,4
2021-09-30,0.6872379779815674,0.6896799206733704,0.6960892,0.6917365,0.006317597976013117,-0.002115085782996106,25.607016298724986,0.6820305585861206,0.7151899337768555,-0.02653947251399646,-0.03332540670907974,5
2021-10-01,0.6896799206733704,0.6941889524459839,0.6862788,0.6883951,0.006223228777168619,-0.0022659070114172935,27.571956886693755,0.6820305585861206,0.7151899337768555,0.024990710086426587,-0.02192416670827986,1
2021-10-04,0.6941889524459839,0.6961801052093506,0.6883951,0.6884092,0.006246058319160946,-0.0019513847211298549,33.80044836781815,0.6820305585861206,0.7151899337768555,0.012559400382500427,-0.010946764159792594,2
2021-10-05,0.6961801052093506,0.6956700682640076,0.6884092,0.6872302,0.006138222580914165,-0.0015179194623400594,37.463187086046524,0.6820305585861206,0.7151899337768555,-0.010534481818709952,-0.010129504257835799,3
2021-10-06,0.6956700682640076,0.6915820240974426,0.6872302,0.68739545,0.006005007574289764,-0.001188786458810685,32.57135272101506,0.6820305585861206,0.7151899337768555,-0.010766960141821892,-0.010238034849531757,4
2021-10-07,0.6915820240974426,0.6938180923461914,0.68739545,0.6825912,0.006009415519196481,-0.0011679311647131902,33.93613251127084,0.6820305585861206,0.7151899337768555,0.02236055645606652,0.03936424668126014,5
2021-10-08,0.6938180923461914,0.6921613216400146,0.6885307,0.69519323,0.00592048311226397,-0.0009351396040960069,39.80159159981905,0.6820305585861206,0.7151899337768555,0.00749946452518983,0.021342541913286477,1
2021-10-11,0.6921613216400146,0.6943287253379822,0.69519323,0.69772506,0.005815805649894646,-0.0008280143311941348,39.744361380626685,0.6820305585861206,0.7151899337768555,0.02113848449465271,0.03014241895733405,2
2021-10-12,0.6943287253379822,0.6925591230392456,0.69772506,0.69792545,0.005732594765926692,-0.000559332848038678,44.24902512407223,0.6820305585861206,0.7151899337768555,-0.010455613767918948,0.030223667485868792,3
2021-10-13,0.6925591230392456,0.6972284913063049,0.69792545,0.6972202,0.0056385947248367,-0.0004534514819259823,43.201883169175495,0.6820305585861206,0.7151899337768555,0.04328608012221442,0.08744289453571237,4
2021-10-14,0.6972284913063049,0.7035713195800781,0.6972202,0.6949768,0.005709065345217103,-4.3206984834656594e-05,39.732636419447154,0.6820305585861206,0.7151899337768555,0.024258091768928465,0.08950831481303463,5
2021-10-15,0.7035713195800781,0.7084611654281616,0.7006129,0.6992903,0.005920645326977944,0.0006431955174048976,52.04085271120394,0.6820305585861206,0.7151899337768555,0.021889815135657773,0.10530007341265997,1
2021-10-18,0.7084611654281616,0.7091901898384094,0.6992903,0.7007322,0.0059825679512619636,0.0013725142371432979,57.546182930376126,0.6820305585861206,0.7151899337768555,-0.0007396026716169423,0.08138082978280663,2
2021-10-19,0.7091901898384094,0.7155686020851135,0.7007322,0.70222855,0.005857410137531267,0.001821837776851211,64.10207387750472,0.6820305585861206,0.7151899337768555,-0.0034940996754851796,0.0889351418852152,3
2021-10-20,0.7155686020851135,0.71986985206604,0.70222855,0.70072967,0.006047847142122796,0.0024284898766097933,81.91856990323208,0.6820305585861206,0.7155686020851135,0.008870135393080384,0.0520959737456351,4
2021-10-21,0.71986985206604,0.7155993580818176,0.70072967,0.70633304,0.006054927379275975,0.0029638561014991866,82.64564123651805,0.6820305585861206,0.71986985206604,-0.03628974508804447,-0.009715988711575948,5
2021-10-22,0.7155993580818176,0.7150722742080688,0.72405815,0.72230816,0.0060600244787653405,0.0028726930366173254,73.27202733502904,0.6820305585861206,0.71986985206604,-0.013278690294991742,-0.04393751036219276,1
2021-10-25,0.7150722742080688,0.7166198492050171,0.72230816,0.71631336,0.005930015607564162,0.0026259607087424554,71.20988658902507,0.6820305585861206,0.71986985206604,0.005618262331948899,-0.03783962990866056,2
2021-10-26,0.7166198492050171,0.7168099284172058,0.71631336,0.71856403,0.005821292010338596,0.0024210694837480213,72.98447163945639,0.6820305585861206,0.71986985206604,-0.014383974458996975,-0.04826059139336282,3
2021-10-27,0.7168099284172058,0.7163888216018677,0.71856403,0.7211295,0.005698201990977648,0.0021609938713119748,80.2668462995063,0.6820305585861206,0.71986985206604,-0.022427198827258542,-0.07758619738912609,4
2021-10-28,0.7163888216018677,0.7195124626159668,0.7211295,0.72173524,0.00558062050222709,0.0018360335406936439,78.31190542411709,0.6820305585861206,0.71986985206604,0.011445513487450607,-0.0324866809972524,5
2021-10-29,0.7195124626159668,0.7176483869552612,0.71363366,0.71591717,0.005545218328491664,0.001709472516713917,83.09055561004033,0.6820305585861206,0.71986985206604,-0.014070309600734762,-0.033252280147623554,1
2021-11-01,0.7176483869552612,0.7179214954376221,0.71591717,0.71580607,0.005460226048212617,0.0013916982128842114,78.42170644001308,0.6820305585861206,0.71986985206604,0.006038126637894827,-0.03284629206321449,2
2021-11-02,0.7179214954376221,0.7125806212425232,0.71580607,0.7171295,0.005349877003434304,0.0011039515211852123,82.0816143119089,0.6820305585861206,0.71986985206604,-0.006381033013645503,-0.025075163101379208,3
2021-11-03,0.7125806212425232,0.7176278233528137,0.7171295,0.7150787,0.005485150333590056,0.0004893223240844185,69.09497445265215,0.6820305585861206,0.71986985206604,-0.011034561912988544,-0.013904688655884444,4
2021-11-04,0.7176278233528137,0.7109695672988892,0.7150787,0.7159073,0.005584516076340675,0.00036385688031617593,68.06573341075568,0.6820305585861206,0.71986985206604,0.0,-0.02512671242297535,5
2021-11-05,0.7109695672988892,0.7109189629554749,0.71804523,0.71720576,0.005825745253982149,-0.00019627739104233297,53.083682364009924,0.6820305585861206,0.71986985206604,0.005302551440579939,-0.006056501849535243,1
2021-11-08,0.7109189629554749,0.7162498235702515,0.71720576,0.7166951,0.005702177299022707,-0.000577358247154703,52.16130339918686,0.6820305585861206,0.71986985206604,0.012794378665092953,0.0006815673405753802,2
2021-11-09,0.7162498235702515,0.712520182132721,0.7166951,0.714976,0.00580977951744307,-0.00048148656546706265,50.87456707820064,0.6820305585861206,0.71986985206604,-0.005691556501315152,0.001371751683183903,3
2021-11-10,0.712520182132721,0.7066788077354431,0.714976,0.71584696,0.005796464207639471,-0.0006688186938828204,40.42378370318366,0.6820305585861206,0.71986985206604,-0.011943193107045617,0.0004622873191744523,4
2021-11-11,0.7066788077354431,0.7024001479148865,0.71584696,0.7191099,0.005943336831839707,-0.0011570787151852168,38.83409383234802,0.6820305585861206,0.71986985206604,0.017521189890522815,0.018146044875158175,5
2021-11-12,0.7024001479148865,0.7043195366859436,0.7090226,0.70615345,0.005959770545375982,-0.0017059931027335784,35.50002387074335,0.6830880641937256,0.71986985206604,0.011512569024587669,0.024488422472680817,1
2021-11-15,0.7043195366859436,0.704170823097229,0.70615345,0.7076224,0.005861003593724126,-0.0018647161880280517,36.04421703841061,0.6872379779815674,0.71986985206604,-0.010945115749440501,0.0004539965825769881,2
2021-11-16,0.704170823097229,0.6991999745368958,0.7076224,0.7106564,0.005736392577980567,-0.0018982857936735912,35.646353730205675,0.6872379779815674,0.71986985206604,-0.011066238230316975,-0.004908700927959923,3
2021-11-17,0.6991999745368958,0.7003781795501709,0.7106564,0.71079373,0.005818081924989371,-0.002155062659896528,32.30771873554431,0.6872379779815674,0.71986985206604,-0.019811861032998198,-0.012708018554341697,4
2021-11-18,0.7003781795501709,0.7042104601860046,0.71079373,0.7138712,0.0057066027444012575,-0.002140950787691511,29.483659529214478,0.6872379779815674,0.71986985206604,0.008621789527720714,-0.021455344462745427,5
2021-11-19,0.7042104601860046,0.6991393566131592,0.7028598,0.70343405,0.0057098070674043684,-0.001783534304144407,36.17497758694487,0.6872379779815674,0.71986985206604,0.022596648836052977,-0.010548744250369307,1
2021-11-22,0.6991393566131592,0.6949608325958252,0.70343405,0.7050485,0.005801430531209295,-0.0017938056486119342,32.41307332537086,0.6872379779815674,0.71986985206604,-0.0029532077089218837,-0.0026094580383847956,2
2021-11-23,0.6949608325958252,0.6952894330024719,0.7050485,0.7025559,0.0058222100411888834,-0.001972947371605524,33.13433040191974,0.6872379779815674,0.71986985206604,0.006349919772657603,0.01491340074878258,3
2021-11-24,0.6952894330024719,0.6875309348106384,0.7025559,0.70346963,0.005699853653238275,-0.0019564119737392784,26.494347745370064,0.6872379779815674,0.71986985206604,0.007769024297896241,0.043295209421133275,4
2021-11-25,0.6875309348106384,0.6844392418861389,0.70346963,0.7055623,0.006077725520404777,-0.0023297374412820896,25.89476291066285,0.6872379779815674,0.71986985206604,0.0,0.034338803315733135,5
2021-11-26,0.6844392418861389,0.6826311349868774,0.6910464,0.6888972,0.006022461599956677,-0.002624715255964036,24.370358746671215,0.6844392418861389,0.71986985206604,-0.040396892628020986,-0.0288080585854751,1
2021-11-29,0.6826311349868774,0.6830694675445557,0.6888972,0.68425494,0.005918568188261696,-0.0027672253367725455,15.079211770445596,0.6826311349868774,0.71986985206604,0.01287945681614314,-0.013309131493576936,2
2021-11-30,0.6830694675445557,0.6824913620948792,0.68425494,0.6868135,0.005793690853683208,-0.0026570313975129043,17.163390544192083,0.6826311349868774,0.71986985206604,-0.013697258099476054,-0.032892546874164375,3
2021-12-01,0.6824913620948792,0.6814100742340088,0.6868135,0.6869328,0.005674373376325663,-0.002453034809575496,19.44568261904044,0.6824913620948792,0.71986985206604,-0.007155021033390666,-0.047218535594427014,4
2021-12-02,0.6814100742340088,0.6812081933021545,0.6869328,0.69140875,0.00556659988818967,-0.0022274593403617364,21.154555000925598,0.6814100742340088,0.71986985206604,0.012051826730420677,-0.03566630556254375,5
2021-12-03,0.6812081933021545,0.6757396459579468,0.6821246,0.6831785,0.005452815584975948,-0.001938985159098302,16.665864285198467,0.6812081933021545,0.71986985206604,-0.00758856972241096,-0.003503413982650099,1
2021-12-06,0.6757396459579468,0.6749687790870667,0.6831785,0.6809524,0.005614175110969909,-0.0019578965840846563,14.448598353740152,0.6757396459579468,0.71986985206604,0.016389022124856982,0.0,2
2021-12-07,0.6749687790870667,0.6786198616027832,0.6809524,0.68116665,0.005503510541659826,-0.0018642225483457729,16.144339512650106,0.6749687790870667,0.71986985206604,0.0002305308491431459,0.014025232466480745,3
2021-12-08,0.6786198616027832,0.6808279156684875,0.68116665,0.67777944,0.005516597654510044,-0.001418445255055847,21.564378277491983,0.6749687790870667,0.71986985206604,0.012143573592484372,0.033784544593284,4
2021-12-09,0.6808279156684875,0.6795694231987,0.67777944,0.67778254,0.005450176031260554,-0.0008642026244768987,18.08687531319758,0.6749687790870667,0.71986985206604,-0.013989420272332785,0.007211011600265139,5
2021-12-10,0.6795694231987,0.6795879006385803,0.6799225,0.6771092,0.005354485753845907,-0.0004902875451642721,20.18784628711208,0.6749687790870667,0.71986985206604,-0.010913827542635871,0.003867337677266016,1
2021-12-13,0.6795879006385803,0.6752012372016907,0.6771092,0.67437124,0.005247764800117594,-0.0001663888268922534,23.182405187275535,0.6749687790870667,0.71986985206604,-0.0007006382375670685,-0.01314265270553694,2
2021-12-14,0.6752012372016907,0.673632025718689,0.67437124,0.672717,0.005328393371182092,-0.0001715652665212567,19.302962736268384,0.6749687790870667,0.71986985206604,-0.006093297896441775,-0.019363678483354393,3
2021-12-15,0.673632025718689,0.6778098344802856,0.672717,0.6692903,0.005245665300400329,-0.00020253404879634965,23.80608968958444,0.673632025718689,0.71986985206604,-0.01766811391749457,-0.048166636513674074,4
2021-12-16,0.6778098344802856,0.6796294450759888,0.6692903,0.6706142,0.005314437901039173,0.00011917748496771165,37.99756115985194,0.673632025718689,0.71986985206604,0.028539628694199994,-0.00681293490743192,5
2021-12-17,0.6796294450759888,0.6731604337692261,0.677763,0.67825437,0.00524177731205613,0.0004943112307072969,44.56774995253792,0.673632025718689,0.71986985206604,-0.0022114952662112626,0.0018678255936082667,1
2021-12-20,0.6731604337692261,0.671312153339386,0.67825437,0.67693394,0.005532969106819303,0.00035317673175513323,35.280305149936424,0.6731604337692261,0.71986985206604,-0.0006993315504947428,0.001869134722199476,2
2021-12-21,0.671312153339386,0.6765991449356079,0.67693394,0.6771835,0.005451234490032903,0.00018993309094034877,33.997365259651616,0.671312153339386,0.71986985206604,0.011592922396493514,0.01974603434370721,3
2021-12-22,0.6765991449356079,0.6805823445320129,0.6771835,0.6734282,0.005603223880411647,0.00047631286520313787,43.85341529388829,0.671312153339386,0.71986985206604,0.011801986464597361,0.05024525253543991,4
2021-12-23,0.6805823445320129,0.6822212934494019,0.6734282,0.6744504,0.005632190916946897,0.000945204811495892,49.27084953667696,0.671312153339386,0.71986985206604,-0.0005697162249116147,0.02011397966160029,5
2021-12-24,0.6822212934494019,0.6815192699432373,0.68261504,0.6828918,0.005540478643636303,0.0013521528460385037,58.29137222728839,0.671312153339386,0.71986985206604,0.0,0.0223724532800141,1
2021-12-27,0.6815192699432373,0.6817998886108398,0.6828918,0.6837102,0.005431730667684545,0.001546465527347423,58.394221911944655,0.671312153339386,0.71986985206604,0.017623607188597904,0.04127799472187539,2
2021-12-28,0.6817998886108398,0.6805600523948669,0.6837102,0.68875307,0.005323437405470159,0.0016565015169839855,54.46039219882822,0.671312153339386,0.71986985206604,-0.010129535152001214,0.01890277984642941,3
2021-12-29,0.6805600523948669,0.6839711666107178,0.68875307,0.6877858,0.005232251542719271,0.0016071388599454544,49.613798081880994,0.671312153339386,0.71986985206604,-0.004080741511985847,0.0028476612058794593,4
2021-12-30,0.6839711666107178,0.6830414533615112,0.6877858,0.68698686,0.0052427058004288,0.0017536056878240548,55.975466675297554,0.671312153339386,0.71986985206604,-0.003983371511130091,-0.0005698785440239056,5
2021-12-31,0.6830414533615112,0.6840693950653076,0.68440056,0.686319,0.00514806347486966,0.0017341183199228631,54.57508650191165,0.671312153339386,0.71986985206604,0.015951443469743472,0.015500305101864023,1
2022-01-03,0.6840693950653076,0.6789695620536804,0.686319,0.6892697,0.005059290767630739,0.0017326161964350923,62.89564600874023,0.671312153339386,0.71986985206604,-0.009132412861813816,-0.011310171187203606,2
2022-01-04,0.6789695620536804,0.6813613176345825,0.6892697,0.68717355,0.0052166127890443705,0.00134745636998573,57.038831517339055,0.671312153339386,0.71986985206604,0.011598540419919987,0.01040724050241806,3
2022-01-05,0.6813613176345825,0.6793201565742493,0.68717355,0.6887694,0.005171415680783656,0.0012170425991826469,54.915019912825706,0.671312153339386,0.71986985206604,-0.013866424055518837,0.0005679366761977919,4
2022-01-06,0.6793201565742493,0.674040675163269,0.6887694,0.6891051,0.005111318823494638,0.0009674629559633255,49.574573794926366,0.671312153339386,0.71986985206604,-0.012910766635443492,-0.008324775205729485,5
2022-01-07,0.674040675163269,0.6775985956192017,0.6776065,0.676773,0.005284836415521036,0.0004474087466026853,51.251733338757965,0.671312153339386,0.71986985206604,0.01257011838481521,-0.011672288814117006,1
2022-01-10,0.6775985956192017,0.6766495108604431,0.676773,0.67946315,0.005304419654665628,0.0003480510264806391,58.52502081363111,0.671312153339386,0.71986985206604,-0.01337540682525785,-0.015856873464956206,2
2022-01-11,0.6766495108604431,0.678380012512207,0.67946315,0.6762441,0.0052078308618195845,0.00022916638912902094,50.07740831466067,0.671312153339386,0.71986985206604,0.017342074765997032,-0.010188149945531019,3
2022-01-12,0.678380012512207,0.6846923232078552,0.6762441,0.6745864,0.005136530324296479,0.00027475741565533354,46.36338046467314,0.671312153339386,0.71986985206604,0.03194669342781295,0.03621299166625708,4
2022-01-13,0.6846923232078552,0.6861910820007324,0.6745864,0.671493,0.00541941753635766,0.0007128227664426031,53.53475927621718,0.671312153339386,0.7195124626159668,-0.006594926000907652,0.04277825855079889,5
2022-01-14,0.6861910820007324,0.6808279156684875,0.68200594,0.68096066,0.0053316107532738995,0.0010651050062546498,56.53399712564148,0.671312153339386,0.7195124626159668,-0.02738977192518855,0.001930524510058539,1
2022-01-17,0.6808279156684875,0.6797999143600464,0.68096066,0.6783899,0.005489295239576665,0.0009048132163377771,48.80980706714916,0.671312153339386,0.7195124626159668,0.0,0.015421777249824582,2
2022-01-18,0.6797999143600464,0.6771718859672546,0.6783899,0.679644,0.0053872236333107615,0.0007062505670313458,49.06434747902797,0.671312153339386,0.7195124626159668,-0.008079713934942308,-0.010066706506473249,3
2022-01-19,0.6771718859672546,0.6780300140380859,0.679644,0.6817157,0.005343553529330175,0.0003903897882047273,41.46626469070045,0.671312153339386,0.7195124626159668,0.01957411991982976,-0.022239270694094763,4
2022-01-20,0.6780300140380859,0.6750781536102295,0.6817157,0.68209046,0.0052448050361852076,0.00023915534211474865,43.698850657409565,0.671312153339386,0.7195124626159668,0.025225332029441428,0.009373625898631402,5
2022-01-21,0.6750781536102295,0.6722598671913147,0.6830736,0.683428,0.005225574255552986,-4.465619694984024e-05,39.216546904532464,0.671312153339386,0.7179214954376221,-0.014083219115167165,0.022894669087008435,1
2022-01-24,0.6722598671913147,0.6704614758491516,0.683428,0.684649,0.005200425155980849,-0.0003880604578886319,41.486983562323424,0.671312153339386,0.7179214954376221,-0.024565182341617964,-0.001926804766231232,2
2022-01-25,0.6704614758491516,0.6690887808799744,0.684649,0.683943,0.005130679295375259,-0.0006848426741707433,35.959269604689126,0.6704614758491516,0.7176278233528137,0.009043688843895115,0.015310766309797925,3
2022-01-26,0.6690887808799744,0.666058361530304,0.683943,0.6852192,0.005050335377890679,-0.000908117438890836,36.5894055256768,0.6690887808799744,0.7176278233528137,0.013747089738331865,0.009411723472707979,4
2022-01-27,0.666058361530304,0.6584405303001404,0.6852192,0.68316376,0.005047855024760223,-0.0011773370388172243,38.88181369871202,0.666058361530304,0.7162498235702515,-0.020522123140248878,-0.03572595527889426,5
2022-01-28,0.6584405303001404,0.6551920771598816,0.6669649,0.6653417,0.005530795373125167,-0.0017513155549794017,26.026925228416943,0.6584405303001404,0.7162498235702515,-0.02524230684042503,-0.04642655840956916,1
2022-01-31,0.6551920771598816,0.657799482345581,0.6653417,0.66434294,0.005518504658662298,-0.0022033870489665446,24.610692966519593,0.6551920771598816,0.7162498235702515,0.003479847337282577,-0.019305028504098203,2
2022-02-01,0.657799482345581,0.6637285947799683,0.66434294,0.6649871,0.005474487559026439,-0.002176622085664751,26.143348294236006,0.6551920771598816,0.712520182132721,0.025381507559161062,-0.003151010459079471,3
2022-02-02,0.6637285947799683,0.66118985414505,0.6649871,0.6647108,0.005702421655437726,-0.0016341902126250155,25.481327598346425,0.6551920771598816,0.7066788077354431,0.013901630631165696,-0.0029969446217859275,4
2022-02-03,0.66118985414505,0.666640043258667,0.6647108,0.6642399,0.005641954341506517,-0.0013336574361777539,21.453606521452116,0.6551920771598816,0.7043195366859436,-0.005470372576170145,0.01212320356764538,5
2022-02-04,0.666640043258667,0.6619886159896851,0.6631368,0.66204435,0.005802003012850107,-0.0006876222438354992,33.83242114643487,0.6551920771598816,0.7043195366859436,0.0037989316585365146,0.04194748585584403,1
2022-02-07,0.6619886159896851,0.663790225982666,0.66204435,0.6620612,0.005872630150513361,-0.0005019933911438231,31.25164693688562,0.6551920771598816,0.7042104601860046,-0.004918922281595184,0.0332330554396653,2
2022-02-08,0.663790225982666,0.6649501919746399,0.6620612,0.66258675,0.005777439626915588,-0.00020170737671923282,35.66492863336437,0.6551920771598816,0.7042104601860046,-0.0004484546376708192,0.006886415857565109,3
2022-02-09,0.6649501919746399,0.667931318283081,0.66258675,0.65752393,0.0056685824364257256,0.00011421354709184768,36.07830150494904,0.6551920771598816,0.7042104601860046,0.031128401116122112,0.024382081286345426,4
2022-02-10,0.667931318283081,0.6667110919952393,0.65752393,0.6577842,0.005634477265444904,0.0005393349134045896,42.39789811114042,0.6551920771598816,0.7042104601860046,0.012313761988536048,0.042762788102695994,5
2022-02-11,0.6667110919952393,0.6646682024002075,0.6662024,0.6669914,0.005531558241284508,0.0007412656760785391,43.8900360062115,0.6551920771598816,0.6991393566131592,-0.03329086198279706,0.004795385437253877,1
2022-02-14,0.6646682024002075,0.6618002653121948,0.6669914,0.66621864,0.005457796045892551,0.0007385294032661261,43.65497476874065,0.6551920771598816,0.6952894330024719,0.000554797715444434,0.010310434177770956,2
2022-02-15,0.6618002653121948,0.6640812158584595,0.66621864,0.6635077,0.005425974715531602,0.0005533193761727302,42.27049017637145,0.6551920771598816,0.6952894330024719,0.00531026602842403,0.016145314351660226,3
2022-02-16,0.6640812158584595,0.6681097745895386,0.6635077,0.6647097,0.005369359096590274,0.000590776203961486,47.86935704953708,0.6551920771598816,0.6875309348106384,0.0019841940669003784,-0.013042047904901643,4
2022-02-17,0.6681097745895386,0.6691021919250488,0.6647097,0.66361696,0.00542154769045877,0.0008760145269621419,61.293578888596485,0.6551920771598816,0.6861910820007324,-0.0034195760465945794,-0.02844867435168828,5
2022-02-18,0.6691021919250488,0.6689589619636536,0.6701837,0.6693113,0.005323083344521058,0.0011058487614189873,67.15072483791644,0.6551920771598816,0.6861910820007324,-0.001216278926307887,0.003218571351454909,1
2022-02-21,0.6689589619636536,0.6695995330810547,0.6693113,0.66773736,0.005218314461777236,0.0012139136857519757,64.64945377040047,0.6551920771598816,0.6861910820007324,0.0,0.002662142347020437,2
2022-02-22,0.6695995330810547,0.6741815805435181,0.66773736,0.6695973,0.005121417454567957,0.00128724462256767,58.94964473277726,0.6551920771598816,0.6861910820007324,-0.0021041150368183927,-0.004744485146335293,3
2022-02-23,0.6741815805435181,0.6770801544189453,0.6695973,0.6696515,0.005233685911411348,0.0015835627614920848,68.64315882929533,0.6551920771598816,0.6861910820007324,-0.006339359251972713,-0.012994166529529824,4
2022-02-24,0.6770801544189453,0.6687889695167542,0.6696515,0.67084545,0.005214404640972915,0.0018930668609546592,66.16540104326253,0.6551920771598816,0.6861910820007324,-0.006155277033755284,-0.015690629322818537,5
2022-02-25,0.6687889695167542,0.6693216562271118,0.6773303,0.6790525,0.005750405051515355,0.0014761920025280586,59.46299684652479,0.6551920771598816,0.6861910820007324,0.004033195170668777,-0.010509936719237804,1
2022-02-28,0.6693216562271118,0.6769197583198547,0.6790525,0.6801737,0.005632904814118688,0.001185644486490242,57.97901426905894,0.6551920771598816,0.6861910820007324,-0.006168393316155891,-0.01659471466683435,2
2022-03-01,0.6769197583198547,0.6767502427101135,0.6801737,0.68308467,0.006025551181899232,0.0014377034621814097,64.56133837622107,0.6551920771598816,0.6861910820007324,0.031449872730158694,0.01696229159256836,3
2022-03-02,0.6767502427101135,0.6783018112182617,0.68308467,0.683489,0.005895025807604698,0.0015176562946312923,61.516296403536224,0.6551920771598816,0.6861910820007324,0.014932059853336425,0.03882623688511656,4
2022-03-03,0.6783018112182617,0.680971622467041,0.683489,0.6786581,0.005790816933822891,0.001591921593106256,65.00601907584036,0.6551920771598816,0.6861910820007324,0.024611441643241864,0.07128426464141129,5
2022-03-04,0.680971622467041,0.6874505877494812,0.67811483,0.67648846,0.005731954592955655,0.0017264642737728551,70.77019339122617,0.6551920771598816,0.6861910820007324,0.03247536354111995,0.10219136097339607,1
2022-03-07,0.6874505877494812,0.683821439743042,0.67648846,0.67697287,0.005967770966707232,0.002130891050430411,79.92464963750328,0.6551920771598816,0.6874505877494812,-0.0429036430863589,0.06243675430156579,2
2022-03-08,0.683821439743042,0.6804294586181641,0.67697287,0.6765072,0.005947729286097269,0.0020333423225761967,72.32734676266753,0.6551920771598816,0.6874505877494812,-0.004563576043598594,0.024855519334022833,3
2022-03-09,0.6804294586181641,0.6838401556015015,0.6765072,0.67921484,0.005915992865658654,0.0016367797767411606,64.13786970915757,0.6551920771598816,0.6874505877494812,-0.02946942805330367,-0.01965413096874814,4
2022-03-10,0.6838401556015015,0.6874411702156067,0.67921484,0.67904824,0.00588872671145425,0.0015039900989696083,66.02367695242835,0.6551920771598816,0.6874505877494812,0.017268899777085688,-0.026825999461753142,5
2022-03-11,0.6874411702156067,0.6812685132026672,0.68503094,0.68422705,0.005872841586623636,0.0015522069280212388,68.68933560279858,0.6551920771598816,0.6874505877494812,-0.005939792974359469,-0.0635016700426106,1
2022-03-14,0.6812685132026672,0.674900472164154,0.68422705,0.68735814,0.006061573936755155,0.001084076839290456,60.61241769905364,0.6551920771598816,0.6874505877494812,-0.022677285829660453,-0.044366858828737706,2
2022-03-15,0.674900472164154,0.6762194037437439,0.68735814,0.6833835,0.006259914841477446,0.0003019108761329794,50.633229063959234,0.6551920771598816,0.6874505877494812,-0.002440578011937699,-0.04233589644929026,3
2022-03-16,0.6762194037437439,0.6830694675445557,0.6833835,0.6822408,0.006135888271303177,-0.00014620773861187715,49.22011278418818,0.6551920771598816,0.6874505877494812,0.0190334568099788,0.005258477284727984,4
2022-03-17,0.6830694675445557,0.6892321705818176,0.6822408,0.6840209,0.006380236633982621,-8.143655042426503e-06,63.28586907939902,0.6551920771598816,0.6874505877494812,0.022094980037891683,0.01012166099736859,5
2022-03-18,0.6892321705818176,0.689869225025177,0.68084234,0.6827784,0.0065298054222017385,0.00044624364309111403,66.76725725994035,0.6551920771598816,0.6892321705818176,0.008491811707014074,0.024805034970467293,1
2022-03-21,0.689869225025177,0.6879708170890808,0.6827784,0.68246543,0.006384030091736509,0.0007214254070382949,62.35349641204099,0.6551920771598816,0.689869225025177,-0.006149358180897094,0.041883687022357084,2
2022-03-22,0.6879708170890808,0.6964321732521057,0.68246543,0.6815661,0.006268490870317955,0.000706407570976579,60.36235489950856,0.6551920771598816,0.689869225025177,-0.002662225985065833,0.04165278120574175,3
2022-03-23,0.6964321732521057,0.6976322531700134,0.6815661,0.6841722,0.006667954636804703,0.0011698114042742024,64.84857892943512,0.6551920771598816,0.6964321732521057,0.015553332635634952,0.038034000735626315,4
2022-03-24,0.6976322531700134,0.696548581123352,0.6841722,0.68221694,0.006524736167168313,0.0014427243535613515,63.98147268170928,0.6551920771598816,0.6976322531700134,-0.007058917381914071,0.008208146418343323,5
2022-03-25,0.696548581123352,0.6957489848136902,0.6986198,0.6965927,0.006385315399414897,0.0014329027836509564,58.39518109927874,0.6551920771598816,0.6976322531700134,-0.009134470614113594,-0.009407113174252548,1
2022-03-28,0.6957489848136902,0.6907795071601868,0.6965927,0.6949414,0.006247646148477899,0.001261246732101656,61.61255317049959,0.6551920771598816,0.6976322531700134,0.005957539850870366,0.0026587868264541935,2
2022-03-29,0.6907795071601868,0.6943190693855286,0.6949414,0.6963675,0.006298302072462783,0.0007281677343990139,59.77641679081076,0.6551920771598816,0.6976322531700134,0.000530105600709956,0.0058647206206186315,3
2022-03-30,0.6943190693855286,0.6970681548118591,0.6963675,0.69475275,0.006255851015812698,0.000537868122743766,59.87410179018537,0.6551920771598816,0.6976322531700134,0.0048646967103835375,-0.004829346857720597,4
2022-03-31,0.6970681548118591,0.6934000253677368,0.69475275,0.69352233,0.006176762492059125,0.0005207195167547052,59.21936183572122,0.6551920771598816,0.6976322531700134,0.0007381987602404795,0.0029604437923042982,5
2022-04-01,0.6934000253677368,0.6907699704170227,0.69576126,0.69383186,0.006145583120848646,0.0002022790785297943,62.20322784498957,0.6551920771598816,0.6976322531700134,-0.012837722433705689,-0.0007469024409056691,1
2022-04-04,0.6907699704170227,0.6948497891426086,0.69383186,0.6936934,0.006066193038881822,-0.00022252561507707293,67.26139690722987,0.6551920771598816,0.6976322531700134,0.01987597695162795,0.013258378662701454,2
2022-04-05,0.6948497891426086,0.6947677135467529,0.6936934,0.6964454,0.00606775689050898,-0.0002630127559215545,69.11629795801541,0.6551920771598816,0.6976322531700134,0.0030310269629588347,0.015795629597449748,3
2022-04-06,0.6947677135467529,0.6911519169807434,0.6964454,0.69237643,0.005937537323586958,-0.00032549761071569774,63.93940254833166,0.6551920771598816,0.6976322531700134,-0.012074247417858537,-0.001265965165886409,4
2022-04-07,0.6911519169807434,0.6884918212890625,0.69237643,0.68844754,0.005916393312367227,-0.0006232665891097982,52.43535069412938,0.6551920771598816,0.6976322531700134,-0.008166738169883227,-0.010120147279645539,5
2022-04-08,0.6884918212890625,0.6835409998893738,0.6883646,0.6870041,0.005848777004710625,-0.0009904864083395398,48.33796268992708,0.6551920771598816,0.6976322531700134,0.005310605923722223,0.008008522274227657,1
2022-04-11,0.6835409998893738,0.6817794442176819,0.6870041,0.6878464,0.005927419502474267,-0.0015259176436454233,45.021516267155405,0.6551920771598816,0.6976322531700134,-0.019575916918115405,-0.030985079734576468,2
2022-04-12,0.6817794442176819,0.6856500506401062,0.6878464,0.6881965,0.005827545889016235,-0.001931702982612399,30.612862929174398,0.6551920771598816,0.6976322531700134,0.016180371556952136,-0.018159026340501153,3
2022-04-13,0.6856500506401062,0.6800777912139893,0.6881965,0.68880135,0.005832841105044268,-0.0018711226784858459,35.1926601179708,0.6551920771598816,0.6976322531700134,0.0006375056286456698,-0.005598441965941124,4
2022-04-14,0.6800777912139893,0.6783432364463806,0.68880135,0.68775606,0.0059675114526764154,-0.0021197661150428255,31.67833150780116,0.6551920771598816,0.6976322531700134,0.002122290505525724,0.004685800886825676,5
2022-04-15,0.6783432364463806,0.6760411262512207,0.67947096,0.6770832,0.005865475828713163,-0.0022994459803035334,31.032834331855895,0.6551920771598816,0.6976322531700134,0.0,-0.0006355471812709671,1
2022-04-18,0.6760411262512207,0.673632025718689,0.6770832,0.67622095,0.005786931346109513,-0.0024574608586326683,32.94821206173894,0.6551920771598816,0.6976322531700134,0.01660923204110943,0.03618883431472056,2
2022-04-19,0.673632025718689,0.6746591329574585,0.67622095,0.674556,0.005716309336550295,-0.0025948399648364107,25.42292946903143,0.6551920771598816,0.6976322531700134,-0.017245385702313175,0.002125898998712925,3
2022-04-20,0.6746591329574585,0.6783478260040283,0.674556,0.6741711,0.005608211133832589,-0.0024868784115793883,22.241386184522383,0.6551920771598816,0.6976322531700134,-0.013777188294921696,-0.01221582499720908,4
2022-04-21,0.6783478260040283,0.6724497079849243,0.6741711,0.67476857,0.005616993446134316,-0.0020552773217826408,31.36395972500597,0.6551920771598816,0.6976322531700134,0.011547204670620877,-0.002862033835321452,5
2022-04-22,0.6724497079849243,0.6625105142593384,0.6786677,0.6735798,0.005806026319882854,-0.0020505739756530392,29.015894949417714,0.6551920771598816,0.6976322531700134,-0.026062172064567013,-0.028513891559325235,1
2022-04-25,0.6625105142593384,0.6618615388870239,0.6735798,0.67530817,0.006505204746245713,-0.0025669067600653976,17.342041111144553,0.657799482345581,0.6976322531700134,-0.029565371325842638,-0.07235198536161626,2
2022-04-26,0.6618615388870239,0.6575616598129272,0.67530817,0.6739469,0.006362044874985787,-0.0027840173477961783,17.1457272556315,0.66118985414505,0.6976322531700134,-0.0020249359120116427,-0.058124767663280556,3
2022-04-27,0.6575616598129272,0.6542190313339233,0.6739469,0.67692447,0.006372309159050511,-0.003028846770163594,16.91467164829281,0.6575616598129272,0.6976322531700134,0.0032604763781424375,-0.04193992887490836,4
2022-04-28,0.6542190313339233,0.6493085026741028,0.67692447,0.6729984,0.006323320959155347,-0.0032102226070675303,16.690263395101923,0.6542190313339233,0.6976322531700134,-0.009246878261905584,-0.061656208048009954,5
2022-04-29,0.6493085026741028,0.6456194519996643,0.65141845,0.64978004,0.006386107890097943,-0.0034350619247793673,16.703345631801938,0.6493085026741028,0.6976322531700134,-0.004200460650535515,-0.04091653044853702,1
2022-05-02,0.6456194519996643,0.6441307067871094,0.64978004,0.6519974,0.00635920887678511,-0.003589575789270316,16.099671873183894,0.6456194519996643,0.6976322531700134,-0.03225530051190937,-0.043492930345010825,2
2022-05-03,0.6441307067871094,0.643430233001709,0.6519974,0.6539985,0.006237223736718998,-0.003543311426431374,9.255569918637363,0.6441307067871094,0.6976322531700134,0.0036357441380119823,-0.038063096080001246,3
2022-05-04,0.643430233001709,0.6551019549369812,0.6539985,0.65351206,0.006105319288457018,-0.0033152468503566818,10.234128421379424,0.643430233001709,0.6976322531700134,0.013373043660184394,-0.028286092433934318,4
2022-05-05,0.6551019549369812,0.6430289149284363,0.65351206,0.65432847,0.007101945693805931,-0.002188068199252158,29.25490371335117,0.643430233001709,0.6976322531700134,-0.010100497643645998,-0.029115212332185943,5
2022-05-06,0.6430289149284363,0.6389204859733582,0.6584293,0.6589859,0.008013933546257084,-0.00206677901725265,24.90987354662883,0.6430289149284363,0.6976322531700134,-0.005499333209514505,-0.03037544932002153,1
2022-05-09,0.6389204859733582,0.6323590874671936,0.6589859,0.65868974,0.007931427949728356,-0.0020693265684168863,24.282636939086075,0.6389204859733582,0.6976322531700134,-0.01620475325248406,-0.014686876360731162,2
2022-05-10,0.6323590874671936,0.6289980411529541,0.65868974,0.6533633,0.008048441444171186,-0.0023011854103052003,21.035648896772216,0.6323590874671936,0.6976322531700134,-0.00922434401865177,-0.027276961675287176,3
2022-05-11,0.6289980411529541,0.6284801959991455,0.6533633,0.6527427,0.007926828216195716,-0.002455133835786846,16.05613361867512,0.6289980411529541,0.6976322531700134,0.013864232358316693,-0.026799053750572017,4
2022-05-12,0.6284801959991455,0.6247188448905945,0.6527427,0.65326357,0.007728798093873736,-0.002365137088332029,17.33948804771704,0.6284801959991455,0.6976322531700134,-0.025850570766837735,-0.042006962601721556,5
2022-05-13,0.6247188448905945,0.6288912296295166,0.62563324,0.62200344,0.007646026108641072,-0.002328560357466404,19.09168285922371,0.6247188448905945,0.6976322531700134,0.018225116357163194,-0.01900735737992101,1
2022-05-16,0.6288912296295166,0.6311417818069458,0.62200344,0.6257133,0.007597243804936966,-0.0018157639235469245,24.504281934752356,0.6247188448905945,0.6976322531700134,0.0038199388179227,0.0008347209336865393,2
2022-05-17,0.6311417818069458,0.6359097957611084,0.6257133,0.6198177,0.007452414939860909,-0.001149872213134312,28.900960388725153,0.6247188448905945,0.6976322531700134,0.010194545833625966,0.0204597515924605,3
2022-05-18,0.6359097957611084,0.6295603513717651,0.6198177,0.6217884,0.007452217738015077,-0.00025965117244754893,35.70363447830353,0.6247188448905945,0.6976322531700134,-0.013655709241902486,-0.007240340524546897,4
2022-05-19,0.6295603513717651,0.6381499171257019,0.6217884,0.615496,0.007582308548760575,1.5609866971716402e-05,34.91897314702453,0.6247188448905945,0.6976322531700134,0.02433087712236187,0.0438489226558517,5
2022-05-20,0.6381499171257019,0.6421493887901306,0.62116367,0.6209515,0.007957398189001128,0.0008443334018660709,44.692973540671474,0.6247188448905945,0.6976322531700134,-0.0009338571984142075,0.024040211954999256,1
2022-05-23,0.6421493887901306,0.6447494626045227,0.6209515,0.61821103,0.007876552044744424,0.0016816599613643582,48.6407867824989,0.6247188448905945,0.6976322531700134,0.015414272906901085,0.03598237321630625,2
2022-05-24,0.6447494626045227,0.6448908448219299,0.61821103,0.6202089,0.007731109300231639,0.002387345543393045,50.882022646538175,0.6247188448905945,0.6976322531700134,-0.005073188864434374,0.02028540269822681,3
2022-05-25,0.6448908448219299,0.6479789614677429,0.6202089,0.6209057,0.007541486759404946,0.0028111787095818803,41.928486486384614,0.6247188448905945,0.6976322531700134,-0.011275925634071683,0.022716352594954314,4
2022-05-26,0.6479789614677429,0.6482393741607666,0.6209057,0.62424564,0.0074310145364956635,0.0032177806691779647,54.56065125801222,0.6247188448905945,0.6976322531700134,-0.005157028728977165,-0.007001104793343108,5
2022-05-27,0.6482393741607666,0.6534098386764526,0.6461148,0.64651865,0.007253136840652034,0.0034044762624356063,59.24106747052044,0.6247188448905945,0.6976322531700134,0.011450010894338128,0.005372521081748666,1
2022-05-30,0.6534098386764526,0.6558279991149902,0.64651865,0.64788586,0.007284090220745533,0.0037491404605574452,71.46716039237091,0.6247188448905945,0.6976322531700134,0.0,-0.010005738498215714,2
2022-05-31,0.6558279991149902,0.6518607139587402,0.64788586,0.6511278,0.007155462477540494,0.003990557787249245,77.89717019720614,0.6247188448905945,0.6976322531700134,-0.002093226615656373,-0.007051192941729739,3
2022-06-01,0.6518607139587402,0.6480587720870972,0.6511278,0.6538917,0.00710502038162237,0.003738006971266584,72.68337647257478,0.6247188448905945,0.6976322531700134,0.008115951194897815,0.012391857356007398,4
2022-06-02,0.6480587720870972,0.6560388207435608,0.6538917,0.6518457,0.007048596021010555,0.0031911177724460067,72.62617542813493,0.6247188448905945,0.6976322531700134,0.05043842146787454,0.07027021817512688,5
2022-06-03,0.6560388207435608,0.6509103178977966,0.65240586,0.6489409,0.007367337955255121,0.003233037720763701,74.50810101107936,0.6247188448905945,0.6976322531700134,-0.01694109942939782,0.04031135339993543,1
2022-06-06,0.6509103178977966,0.6485589146614075,0.6489409,0.64941484,0.007383445719890351,0.0027978884425710793,66.96494794314822,0.6247188448905945,0.6976322531700134,-0.008523121594769303,0.031482332097146265,2
2022-06-07,0.6485589146614075,0.6480713486671448,0.64941484,0.6500902,0.0072475966854289005,0.002257383715325615,61.3249443670653,0.6247188448905945,0.6976322531700134,0.0,0.03364371971612258,3
2022-06-08,0.6480713486671448,0.6443713903427124,0.6500902,0.65219927,0.0070776005544769365,0.0017929790890517457,68.51677619458168,0.6247188448905945,0.6976322531700134,0.00427064122011487,0.029676671363824778,4
2022-06-09,0.6443713903427124,0.6385695934295654,0.65219927,0.6553428,0.007017809544716846,0.0011915234538610047,56.89821760192449,0.6247188448905945,0.6976322531700134,-0.015710969258667343,-0.03623187647048353,5
2022-06-10,0.6385695934295654,0.6337296366691589,0.6461671,0.6409145,0.0071190779215599695,0.00039884604823001765,46.183352122449975,0.6247188448905945,0.6976322531700134,-0.020253815503193908,-0.03941928422135979,1
2022-06-13,0.6337296366691589,0.6275415420532227,0.6409145,0.64131176,0.007137381439888089,-0.00041165865839946697,38.78663046985499,0.6247188448905945,0.6976322531700134,-0.019842227404011686,-0.05023089466661978,2
2022-06-14,0.6275415420532227,0.6226804852485657,0.64131176,0.6427883,0.007275567620939565,-0.0012759459309969893,34.28041247357773,0.6247188448905945,0.6976322531700134,-0.013129773188470176,-0.06261963892486455,3
2022-06-15,0.6226804852485657,0.6292592883110046,0.6427883,0.64370996,0.007292607127236479,-0.0020410391152176363,27.791463560121983,0.6226804852485657,0.6976322531700134,0.0014407595155047006,-0.06526856461798695,4
2022-06-16,0.6292592883110046,0.6360716223716736,0.64370996,0.6416753,0.007469610853523071,-0.0019691348454563334,35.00191695578003,0.6226804852485657,0.6970681548118591,-0.013406814849765658,-0.06311231584894181,5
2022-06-17,0.6360716223716736,0.632559061050415,0.6274547,0.628294,0.007649704123715608,-0.0013569946681475644,36.645839550097556,0.6226804852485657,0.6970681548118591,-0.02324972573064061,-0.0659149469320502,1
2022-06-20,0.632559061050415,0.6337416768074036,0.628294,0.629891,0.00755616100864752,-0.0010941523268008556,32.37503679504752,0.6226804852485657,0.6970681548118591,0.0,-0.04719551545742972,2
2022-06-21,0.6337416768074036,0.631780207157135,0.629891,0.6293961,0.0073850285861645605,-0.0007618927050504522,35.671358554706174,0.6226804852485657,0.6970681548118591,0.006327245744323865,-0.02847525087375268,3
2022-06-22,0.631780207157135,0.6271007657051086,0.6293961,0.6274393,0.0072382171966084465,-0.0006024529531288205,36.74085265499486,0.6226804852485657,0.6970681548118591,-0.022891807166630616,-0.051829653058205145,4
2022-06-23,0.6271007657051086,0.6286184787750244,0.6274393,0.6263736,0.007241355161258566,-0.0007317729413625447,25.09014749916369,0.6226804852485657,0.6948497891426086,-0.05007527019268089,-0.08596787216867789,5
2022-06-24,0.6286184787750244,0.6314287781715393,0.62845033,0.63688266,0.00708956655756348,-0.0006381469905824069,29.539299840798307,0.6226804852485657,0.6948497891426086,0.00039898684129586245,-0.06409457078601756,1
2022-06-27,0.6314287781715393,0.6294097900390625,0.63688266,0.6366037,0.006990019775990216,-0.00032574656573674567,34.40834431021425,0.6226804852485657,0.6948497891426086,0.005040481110548134,-0.05936524813098821,2
2022-06-28,0.6294097900390625,0.6237096786499023,0.6366037,0.63462055,0.006860345819149076,-0.0002000504910891947,33.47513582954987,0.6226804852485657,0.6947677135467529,0.0013221940432880405,-0.06406141162189975,3
2022-06-29,0.6237096786499023,0.6225099563598633,0.63462055,0.635982,0.006975513991092063,-0.0004324310129486227,32.32991872637335,0.6226804852485657,0.6911519169807434,-0.0013221940432880527,-0.043654282616796554,4
2022-06-30,0.6225099563598633,0.6240288615226746,0.635982,0.6358157,0.006824881819934595,-0.0005888753211289212,35.09219032527217,0.6225099563598633,0.6884918212890625,-0.017215369716929715,-0.01170683719890485,5
2022-07-01,0.6240288615226746,0.6208789348602295,0.6222966,0.6220722,0.00668859004178821,-0.0005146845937519708,40.403275641660656,0.6225099563598633,0.6856500506401062,-0.02604633327227293,-0.03750000871876455,1
2022-07-04,0.6208789348602295,0.6215696930885315,0.6220722,0.62245893,0.006622859409282219,-0.000596606364300316,42.987312166869096,0.6208789348602295,0.6856500506401062,0.0,-0.04233926540706707,2
2022-07-05,0.6215696930885315,0.6165912747383118,0.62245893,0.6239781,0.0064766124804783165,-0.0005256186257927044,48.718326093714325,0.6208789348602295,0.6856500506401062,-0.05509627519484512,-0.09487314354525148,3
2022-07-06,0.6165912747383118,0.6155001521110535,0.6239781,0.6232588,0.006557871465213872,-0.0007231070777537624,34.82264256578421,0.6165912747383118,0.6800777912139893,-0.002045878120812058,-0.09552793248066674,4
2022-07-07,0.6155001521110535,0.6179094910621643,0.6232588,0.623807,0.006419560824364897,-0.0008287922947587513,21.438076606055787,0.6155001521110535,0.6783478260040283,0.04686572875972961,-0.03567100148385011,5
2022-07-08,0.6179094910621643,0.6186090111732483,0.61665326,0.6134419,0.006332436343089983,-0.0006461165634035291,29.01738683531596,0.6155001521110535,0.6783478260040283,-0.014057007328479318,-0.02403976076187497,1
2022-07-11,0.6186090111732483,0.6122311353683472,0.6134419,0.61412215,0.006195896916508765,-0.0003999219533689386,28.0212892681035,0.6155001521110535,0.6783478260040283,-0.027119838109684272,-0.050151964670569295,2
2022-07-12,0.6122311353683472,0.612321138381958,0.61412215,0.61708814,0.006450715528543579,-0.0005775722392617824,24.83522925192929,0.6122311353683472,0.6783478260040283,-0.041883173257640245,-0.037518244242400196,3
2022-07-13,0.612321138381958,0.6108586192131042,0.61708814,0.6219373,0.006305955665328395,-0.0005974862531248175,28.425604482611604,0.6122311353683472,0.6783478260040283,0.008758752448604084,-0.027062601478739276,4
2022-07-14,0.6108586192131042,0.6130305528640747,0.6219373,0.622391,0.006185850702226195,-0.0006152068487060482,24.033401947575456,0.6108586192131042,0.6724497079849243,-0.03519335333759035,-0.10371301325472843,5
2022-07-15,0.6130305528640747,0.6189689040184021,0.6103338,0.6130211,0.006098762000517986,-0.0003972792402310663,22.588356905239337,0.6108586192131042,0.6625105142593384,0.007447646427040558,-0.08422993432958804,1
2022-07-18,0.6189689040184021,0.6153202652931213,0.6130211,0.61104256,0.006318094550283401,0.00019819341771351497,36.07083502310011,0.6108586192131042,0.6618615388870239,0.034488832166270904,-0.026036349209872158,2
2022-07-19,0.6153202652931213,0.6233597993850708,0.61104256,0.612974,0.006303870902711448,0.00038681731765162226,38.15958826785471,0.6108586192131042,0.6575616598129272,-0.0170197516986835,-0.0015167226062545254,3
2022-07-20,0.6233597993850708,0.6225215792655945,0.612974,0.6108945,0.006764161818330441,0.0010555785701011552,51.00533055054152,0.6108586192131042,0.6560388207435608,0.011478714797717558,0.0012028111525550541,4
2022-07-21,0.6225215792655945,0.6243990063667297,0.6108945,0.6194519,0.006615387379848494,0.0014212596325663797,48.18775978214132,0.6108586192131042,0.6560388207435608,-0.008293771177248261,0.028500247255772822,5
2022-07-22,0.6243990063667297,0.6233908534049988,0.62229496,0.6224124,0.0064987468800146485,0.0017478732212129122,54.365854415828466,0.6108586192131042,0.6560388207435608,0.013984128994097221,0.03524504079025386,1
2022-07-25,0.6233908534049988,0.625840961933136,0.6224124,0.62376004,0.0063621006211470234,0.0018447437151120454,52.24109400947077,0.6108586192131042,0.6560388207435608,0.0007463414598675229,0.0008960636010747351,2
2022-07-26,0.625840961933136,0.624130129814148,0.62376004,0.6206997,0.006278540668368828,0.002009031201799724,62.137822287714826,0.6108586192131042,0.6560388207435608,0.009356231511626789,0.027646920601218986,3
2022-07-27,0.624130129814148,0.6260290145874023,0.6206997,0.6224634,0.006167222083415323,0.0019368416320811547,61.1433760996221,0.6108586192131042,0.6560388207435608,0.013799446663093596,0.030034583046752456,4
2022-07-28,0.6260290145874023,0.6295682787895203,0.6224634,0.61841625,0.006068523523791455,0.0019461663665049493,60.62431074527641,0.6108586192131042,0.6560388207435608,0.013179943583044093,0.052392445929093076,5
2022-07-29,0.6295682787895203,0.6279119849205017,0.62468165,0.62415814,0.006060288237313091,0.0021063433456902526,63.348114075971274,0.6108586192131042,0.6560388207435608,0.030885074406484785,0.0703300272766233,1
2022-08-01,0.6279119849205017,0.6331799030303955,0.62415814,0.62455726,0.005955131174293006,0.0020163056865863185,71.58103356909301,0.6108586192131042,0.6560388207435608,-0.008968687961960311,0.059982086234383176,2
2022-08-02,0.6331799030303955,0.6221303939819336,0.62455726,0.6261064,0.006098440545513231,0.0022114497262924636,75.12615057654476,0.6108586192131042,0.6560388207435608,-0.00777228609106147,0.04198077243110068,3
2022-08-03,0.6221303939819336,0.6267392039299011,0.6261064,0.6270854,0.007042508359884132,0.0015287299348856333,61.03019832414291,0.6108586192131042,0.6560388207435608,-0.015728041877474796,0.01166349632649768,4
2022-08-04,0.6267392039299011,0.6297110319137573,0.6270854,0.62877345,0.007058615207740703,0.0013273644537043269,62.804178074794265,0.6108586192131042,0.6560388207435608,0.0038834928349346684,0.0023021973068511003,5
2022-08-05,0.6297110319137573,0.6239704489707947,0.62553585,0.6271903,0.006968998782408705,0.0013307647433044509,60.62200962577813,0.6108586192131042,0.6560388207435608,0.019898306639490177,-0.00864959162171594,1
2022-08-08,0.6239704489707947,0.6289387345314026,0.6271903,0.6271724,0.007079357941292809,0.000903291208653595,58.21365021438823,0.6108586192131042,0.6560388207435608,0.009663298145692585,0.0099943832020153,2
2022-08-09,0.6289387345314026,0.6285789608955383,0.6271724,0.62716395,0.0071203894581518545,0.0009095193640750621,55.625501101672405,0.6108586192131042,0.6560388207435608,0.0013927233381699987,0.019293539583505704,3
2022-08-10,0.6285789608955383,0.64063960313797,0.62716395,0.6254982,0.006954971667944153,0.000845159577228607,56.1674495381665,0.6108586192131042,0.6560388207435608,0.017384534003716742,0.0536099918788567,4
2022-08-11,0.64063960313797,0.6434219479560852,0.6254982,0.6247871,0.007920358901093168,0.0015306461174221938,63.69569413392096,0.6108586192131042,0.6560388207435608,0.014933773931209706,0.06531724353625883,5
2022-08-12,0.6434219479560852,0.6449490785598755,0.6391051,0.6403546,0.007781049154558386,0.0020545795533726597,66.40143211043024,0.6108586192131042,0.6560388207435608,-0.009341402279006945,0.03461867320093284,1
2022-08-15,0.6449490785598755,0.6362901926040649,0.6403546,0.6398966,0.007607994864854632,0.0023650015357658473,65.88580767221958,0.6108586192131042,0.6560388207435608,-0.012868122622951974,0.011567903005143867,2
2022-08-16,0.6362901926040649,0.6343407034873962,0.6398966,0.6387177,0.007967513204742302,0.001869887744876259,59.062479455146025,0.6108586192131042,0.6560388207435608,0.0020645340532498197,0.012247713487828573,3
2022-08-17,0.6343407034873962,0.6276084780693054,0.6387177,0.6398561,0.007797408371652043,0.00131975059965892,56.18974907562354,0.6108586192131042,0.6560388207435608,-0.010643498782088992,-0.015729691308753988,4
2022-08-18,0.6276084780693054,0.6245003938674927,0.6398561,0.6392103,0.007941274906684703,0.0004557339441521079,48.60678438378174,0.6108586192131042,0.6560388207435608,0.013389684468500692,-0.017248319969877204,5
2022-08-19,0.6245003938674927,0.6176198124885559,0.6290177,0.63063765,0.007817032573824741,-0.000329477610822334,47.62376064983838,0.6108586192131042,0.6560388207435608,0.0100955673417733,0.0020402429275102473,1
2022-08-22,0.6176198124885559,0.6176690459251404,0.63063765,0.63246036,0.007984693839109727,-0.0012641345787603139,39.400219422015454,0.6108586192131042,0.6560388207435608,-0.003535497640372084,0.011435682596212025,2
2022-08-23,0.6176690459251404,0.620728611946106,0.63246036,0.6334138,0.007787482290319082,-0.001798338962969767,46.4250814098884,0.6108586192131042,0.6560388207435608,0.009220382581036387,0.01869932088893004,3
2022-08-24,0.620728611946106,0.6181692481040955,0.6334138,0.63392854,0.007672439301119125,-0.0018573323780900685,45.06103121746038,0.6108586192131042,0.6560388207435608,-0.011948522410051805,0.017370761294765398,4
2022-08-25,0.6181692481040955,0.6216701865196228,0.63392854,0.6349189,0.007537708266970961,-0.0019697339726701896,40.45126441021311,0.6108586192131042,0.6560388207435608,0.013566875289911354,0.017551046027566717,5
2022-08-26,0.6216701865196228,0.6112992763519287,0.6159739,0.61672187,0.007456930636487823,-0.001718474747859839,48.023712176456606,0.6108586192131042,0.6509103178977966,0.00026944961898488136,0.007601432750977542,1
2022-08-29,0.6112992763519287,0.6160708069801331,0.61672187,0.61952704,0.008114825836682068,-0.00213380360833829,36.13232029105441,0.6108586192131042,0.6485589146614075,-0.023168122718755138,-0.011987508048778482,2
2022-08-30,0.6160708069801331,0.6132185459136963,0.61952704,0.61837006,0.00808996914466907,-0.001973946175415023,40.80430556845808,0.6108586192131042,0.6480713486671448,-0.022729784336666843,-0.0430557120735055,3
2022-08-31,0.6132185459136963,0.6111199259757996,0.61837006,0.6196369,0.007950893806251224,-0.001943986660546051,26.683783676940592,0.6108586192131042,0.6449490785598755,-0.007503393602892206,-0.0387925032159316,4
2022-09-01,0.6111199259757996,0.6084908843040466,0.6196369,0.6176272,0.007789532433610552,-0.0019444888164399658,22.210359850349505,0.6108586192131042,0.6449490785598755,-0.03000371904235822,-0.07977361640278688,5
2022-09-02,0.6084908843040466,0.6086316108703613,0.6086197,0.60840046,0.007654714881633824,-0.0019934758261362486,19.21838562178995,0.6084908843040466,0.6449490785598755,0.0020479730731946338,-0.0781355159281152,1
2022-09-05,0.6086316108703613,0.6105490922927856,0.60840046,0.6115225,0.00747077972645627,-0.0018889805499764023,22.724675776584448,0.6084908843040466,0.6449490785598755,0.0,-0.05652831376030598,2
2022-09-06,0.6105490922927856,0.6033000349998474,0.6115225,0.61638474,0.007324781361043117,-0.0015760696526658504,26.523242258952067,0.6084908843040466,0.6449490785598755,0.013787355194825272,-0.02143863852435258,3
2022-09-07,0.6033000349998474,0.6062516570091248,0.61638474,0.6064427,0.007587623785588242,-0.0017303260925615174,26.255440845290195,0.6033000349998474,0.6449490785598755,-0.008976500708669724,-0.02287910297967991,4
2022-09-08,0.6062516570091248,0.6070399284362793,0.6064427,0.60799783,0.007480373051340417,-0.0015143803058122341,32.11992660224702,0.6033000349998474,0.6449490785598755,0.028106252131502352,0.03558354527065715,5
2022-09-09,0.6070399284362793,0.611291766166687,0.60275936,0.6020889,0.007308065320890249,-0.0012123275715106973,38.22851799534448,0.6033000349998474,0.6449490785598755,0.012645967498656327,0.04661701697555643,1
2022-09-12,0.611291766166687,0.6146697402000427,0.6020889,0.5992455,0.007291478936171151,-0.0006483389243874798,43.511273535301584,0.6033000349998474,0.6449490785598755,0.012350083783838168,0.05962297183065138,2
2022-09-13,0.6146697402000427,0.6005104780197144,0.5992455,0.6008327,0.007217716284585113,-4.029382565605075e-06,43.874932965370974,0.6033000349998474,0.6449490785598755,-0.012350083783838062,0.032285957132354604,3
2022-09-14,0.6005104780197144,0.6016883254051208,0.6008327,0.6014509,0.00861746923590103,-0.0004623282920721101,35.539711189573694,0.6005104780197144,0.6449490785598755,-0.009962910990771172,0.03126820169490785,4
2022-09-15,0.6016883254051208,0.595770001411438,0.6014509,0.6049774,0.008411905150435571,-0.0006078637897587299,32.99023577428828,0.6005104780197144,0.6449490785598755,-0.006224401018000892,-0.0035350813451689458,5
2022-09-16,0.595770001411438,0.5995599627494812,0.60480326,0.6052247,0.008468284806644499,-0.001001211663804279,35.69623116350364,0.595770001411438,0.6449490785598755,0.010586630784932173,-0.005585026647819549,1
2022-09-19,0.5995599627494812,0.5966800451278687,0.6052247,0.6115145,0.008370207309693583,-0.0009074215354418665,34.51206802465492,0.595770001411438,0.6449490785598755,-0.0009834160131192236,-0.01875605540780757,2
2022-09-20,0.5966800451278687,0.5901898741722107,0.6115145,0.6083016,0.00822591119932816,-0.0009368072740312617,34.494170295329994,0.595770001411438,0.6449490785598755,-0.002673926948828699,-0.009215300626779192,3
2022-09-21,0.5901898741722107,0.5829408168792725,0.6083016,0.60822046,0.008352891601782857,-0.0012701195710330742,31.869794280498056,0.5901898741722107,0.6449490785598755,-0.010198392195087953,-0.009448584332964268,4
2022-09-22,0.5829408168792725,0.5848295092582703,0.60822046,0.60970384,0.008560049220425763,-0.0018219898591576508,29.5079819909228,0.5829408168792725,0.6449490785598755,-0.003851363389370319,-0.007095177293159109,5
2022-09-23,0.5848295092582703,0.5741912722587585,0.58609265,0.58878225,0.008376097768788195,-0.0018946155894670573,31.43056964797725,0.5829408168792725,0.6449490785598755,-0.03697658256135126,-0.05321541355646259,1
2022-09-26,0.5741912722587585,0.5665497779846191,0.58878225,0.5892457,0.00906118186709615,-0.002458174110232244,25.032479147445926,0.5741912722587585,0.6449490785598755,-0.01735274304609566,-0.06858748162685718,2
2022-09-27,0.5665497779846191,0.5631391406059265,0.5892457,0.5907952,0.009285399171166404,-0.003103049328381187,24.89828089211545,0.5665497779846191,0.6449490785598755,0.0028629649246226284,-0.0634160475993138,3
2022-09-28,0.5631391406059265,0.5718501210212708,0.5907952,0.59251565,0.009136508059109087,-0.0034880109724267742,20.736132082036633,0.5631391406059265,0.6449490785598755,0.017599265856016143,-0.03701597703143894,4
2022-09-29,0.5718501210212708,0.5742308497428894,0.59251565,0.59152615,0.009504516195641759,-0.0029083602862230197,28.43349340534016,0.5631391406059265,0.6449490785598755,0.017004246566302488,-0.016721466251386062,5
2022-09-30,0.5742308497428894,0.5618608593940735,0.5720074,0.5676779,0.009301636273327328,-0.0021518486589417376,26.75361363036474,0.5631391406059265,0.6449490785598755,0.000581184279762811,0.02091054328462235,1
2022-10-03,0.5618608593940735,0.5719612836837769,0.5676779,0.57141185,0.010213178400992142,-0.0022605935420748763,20.233526045740305,0.5618608593940735,0.6449490785598755,0.004637698966480462,0.04360948251906449,2
2022-10-04,0.5719612836837769,0.5737300515174866,0.57141185,0.5708365,0.010683973016607826,-0.0014668021394674928,33.13621550672755,0.5618608593940735,0.6449490785598755,0.01720224306202251,0.05868189465213416,3
2022-10-05,0.5737300515174866,0.5776006579399109,0.5708365,0.5725273,0.01041522597454521,-0.000677294046967444,33.59975832945234,0.5618608593940735,0.6449490785598755,0.0041132293482632675,0.044500313567666754,4
2022-10-06,0.5776006579399109,0.566068708896637,0.5725273,0.56906414,0.010242204500308223,0.00020382014951859234,39.07956703883596,0.5618608593940735,0.6449490785598755,-0.016411392102800407,0.010174374078467156,5
2022-10-07,0.566068708896637,0.56067955493927,0.57450414,0.5716721,0.010896637316600724,0.00011274216113391078,31.58438102229971,0.5618608593940735,0.6449490785598755,-0.01814931900831225,-0.008570600924277232,1
2022-10-10,0.56067955493927,0.5572396516799927,0.5716721,0.57067364,0.010801788379805848,-0.0001911507260824001,30.73622261714459,0.56067955493927,0.6449490785598755,0.011943086371317376,-0.0013013048970335777,2
2022-10-11,0.5572396516799927,0.5584813952445984,0.57067364,0.569586,0.01059184961469744,-0.00048766900475195364,31.773428737035132,0.5572396516799927,0.6449490785598755,0.00706917560844575,-0.011370086166157839,3
2022-10-12,0.5584813952445984,0.561138927936554,0.569586,0.56915045,0.010318021103953467,-0.0004641377840864762,35.506955132982085,0.5572396516799927,0.6449490785598755,-0.009678647353026296,-0.024911552276031694,4
2022-10-13,0.561138927936554,0.5639108419418335,0.56915045,0.5690566,0.010096723750100598,-0.00014982906463652593,36.08926401496274,0.5572396516799927,0.6449490785598755,0.006655117764567944,-0.002158254229820148,5
2022-10-14,0.5639108419418335,0.5576000809669495,0.5594778,0.5615641,0.009888537929103582,0.00033789781425757996,43.349084287786674,0.5572396516799927,0.6449490785598755,-0.004914713560715287,0.011135562746811269,1
2022-10-17,0.5576000809669495,0.5656684637069702,0.5615641,0.5596235,0.00992924542322191,0.00032834715098348753,44.108560285329766,0.5572396516799927,0.6449490785598755,0.001447980587636241,0.0005790806494070534,2
2022-10-18,0.5656684637069702,0.5694792866706848,0.5596235,0.55996096,0.010162678908211592,0.0009245082097046262,51.56880910992496,0.5572396516799927,0.6449490785598755,-0.014281731075751121,-0.020557741820916364,3
2022-10-19,0.5694792866706848,0.566270649433136,0.55996096,0.56208444,0.010001737272721361,0.0015952512336721396,48.43432148682777,0.5572396516799927,0.6449490785598755,-0.01359559953264893,-0.024386666555919177,4
2022-10-20,0.566270649433136,0.5669191479682922,0.56208444,0.55797935,0.009812630803063152,0.001825977879343143,44.800013705692066,0.5572396516799927,0.6449490785598755,0.026574235556435358,-0.004758470460401795,5
2022-10-21,0.5669191479682922,0.5763987898826599,0.55880237,0.55998206,0.009558256542453925,0.002010807332705252,53.90185050998451,0.5572396516799927,0.6449490785598755,0.020648862969661265,0.02101144478272712,1
2022-10-24,0.5763987898826599,0.5704994797706604,0.55998206,0.55715257,0.009983774440566823,0.0027161801523873912,53.45609241376364,0.5572396516799927,0.6449490785598755,-0.012424278700876038,0.006945498083716214,2
2022-10-25,0.5704994797706604,0.5743198990821838,0.55715257,0.5608099,0.009970487313134655,0.0027232031464163413,47.63601217061188,0.5572396516799927,0.6449490785598755,-0.008369469804456653,0.01291645649461232,3
2022-10-26,0.5743198990821838,0.5839995741844177,0.5608099,0.56434983,0.009816779312966229,0.002906229535989322,47.59752288468354,0.5572396516799927,0.6449490785598755,0.05057572217400336,0.08004755459026167,4
2022-10-27,0.5839995741844177,0.5828015208244324,0.56434983,0.563107,0.010228695569051552,0.0035572770296496336,63.49679213962044,0.5572396516799927,0.6449490785598755,-0.001102673735418754,0.05056505065479429,5
2022-10-28,0.5828015208244324,0.5801911354064941,0.5862765,0.58133936,0.009966863713321868,0.003765243126838274,67.77284546538522,0.5572396516799927,0.6449490785598755,-0.04499098542763021,-0.01617937035703842,1
2022-10-31,0.5801911354064941,0.5825197100639343,0.58133936,0.584089,0.009751747511667755,0.0035858789789794043,68.68837469351146,0.5572396516799927,0.6449490785598755,-0.015263035855571663,-0.0189682378767118,2
2022-11-01,0.5825197100639343,0.5847885012626648,0.584089,0.58097786,0.009536720714988145,0.003480166252532041,69.23292625699602,0.5572396516799927,0.6449490785598755,0.027735406246531834,0.017098975529084716,3
2022-11-02,0.5847885012626648,0.5813412666320801,0.58097786,0.57933646,0.009326861810948673,0.0034144112024380707,69.0403386024013,0.5572396516799927,0.6449490785598755,-0.0011403988240251282,-0.03416444057258297,4
2022-11-03,0.5813412666320801,0.5769208669662476,0.57933646,0.5822037,0.009172453489689482,0.0030045822896115557,63.88232725063138,0.5572396516799927,0.6449490785598755,-0.014076654119052961,-0.0466142358416485,5
2022-11-04,0.5769208669662476,0.5894210338592529,0.5843538,0.58639586,0.009084097564077244,0.002331625284402178,65.86562510706821,0.5572396516799927,0.6449490785598755,0.07198753440505058,0.07169644101465344,1
2022-11-07,0.5894210338592529,0.5940182209014893,0.58639586,0.58704555,0.010001682873809871,0.002603538989341163,68.18152784291968,0.5572396516799927,0.6362901926040649,-0.023149192689883615,0.0632781125602481,2
2022-11-08,0.5940182209014893,0.5963206887245178,0.58704555,0.58471817,0.00988531919118802,0.0029431414812119386,68.56001897049025,0.5572396516799927,0.6343407034873962,0.020723298470771447,0.055848371355531515,3
2022-11-09,0.5963206887245178,0.5886300206184387,0.58471817,0.5858746,0.009663906076944076,0.0031542158351320878,73.0442239059209,0.5572396516799927,0.6276084780693054,0.009668401989680267,0.06732272638763452,4
2022-11-10,0.5886300206184387,0.6017788648605347,0.5858746,0.58564067,0.009819443631470743,0.002628738690643837,65.02628634793027,0.5572396516799927,0.6245003938674927,0.014461307722984953,0.09822072766190723,5
2022-11-11,0.6017788648605347,0.610530436038971,0.5910493,0.5929034,0.010701538101880459,0.0029930892824954628,66.71673491180476,0.5572396516799927,0.6216701865196228,0.040020823400885835,0.06366941121361316,1
2022-11-14,0.610530436038971,0.6089985370635986,0.5929034,0.59347516,0.010882655962313928,0.0036086212505657914,75.4118209721457,0.5572396516799927,0.6216701865196228,-0.024597693190473145,0.06212980087137904,2
2022-11-15,0.6089985370635986,0.6165608167648315,0.59347516,0.59435207,0.01060503525885257,0.0036848298172396723,72.67291374557404,0.5572396516799927,0.6216701865196228,-0.004028875090579742,0.03616247929078336,3
2022-11-16,0.6165608167648315,0.6150288581848145,0.59435207,0.5938163,0.010668293188457993,0.003990976710318478,71.89476156466102,0.5572396516799927,0.6216701865196228,-0.013503933351268576,0.012428225905735614,4
2022-11-17,0.6150288581848145,0.6128915548324585,0.5938163,0.5933821,0.010398198562421728,0.0038357264811983652,71.57336304025677,0.5572396516799927,0.6216701865196228,-0.02634723067351903,-0.02805582461738392,5
2022-11-18,0.6128915548324585,0.6167814135551453,0.6159711,0.62031794,0.010150810305372772,0.0033520458624677297,72.0295793265949,0.5572396516799927,0.6165608167648315,-0.015707520511022276,-0.08073905535915317,1
2022-11-21,0.6167814135551453,0.6098490357398987,0.62031794,0.6216997,0.009979876648909173,0.003064866188071398,72.60584495055798,0.5572396516799927,0.6167814135551453,-0.01679775910019108,-0.07354084428749706,2
2022-11-22,0.6098490357398987,0.6156498193740845,0.6216997,0.6215538,0.01001987599027323,0.0022182686286672353,65.57634314589924,0.5572396516799927,0.6167814135551453,0.011967852886423014,-0.05860135630646501,3
2022-11-23,0.6156498193740845,0.6252813935279846,0.6215538,0.6212828,0.009972375069801637,0.0018729635534672287,70.71828414617642,0.5572396516799927,0.6167814135551453,0.0008296518546003267,-0.04501056896691484,4
2022-11-24,0.6252813935279846,0.6259702444076538,0.6212828,0.61774623,0.010280747721417955,0.002100163597091781,77.474780653485,0.5572396516799927,0.6252813935279846,0.0,-0.01951484615233005,5
2022-11-25,0.6259702444076538,0.6216701865196228,0.6186862,0.619862,0.010013015380591793,0.002098798151024827,73.98316937633763,0.5572396516799927,0.6259702444076538,0.0024847678648594,-0.0015143387245341122,1
2022-11-28,0.6216701865196228,0.616401195526123,0.619862,0.6171273,0.009862839458015893,0.0016310797749242122,68.21593231972068,0.5572396516799927,0.6259702444076538,-0.0044216719910320414,0.010919791024767169,2
2022-11-29,0.616401195526123,0.6196900010108948,0.6171273,0.6100678,0.009778578775923075,0.0008300263792520891,62.73061113130673,0.5572396516799927,0.6259702444076538,0.005386385951892888,0.004288302246022378,3
2022-11-30,0.6196900010108948,0.6314406991004944,0.6100678,0.61047137,0.00959377755052049,0.0004062843744190997,70.85537869461578,0.5572396516799927,0.6259702444076538,0.027041511441138335,0.03096060441992118,4
2022-12-01,0.6314406991004944,0.6369791626930237,0.61047137,0.61587745,0.010196917621972975,0.0007803393089653825,70.29769280530174,0.5572396516799927,0.6314406991004944,0.02240428742869569,0.0543192317616381,5
2022-12-02,0.6369791626930237,0.6404590606689453,0.63650227,0.62934864,0.01010949188579873,0.0012366004876320866,68.93145976719222,0.5572396516799927,0.6369791626930237,0.008875067017934285,0.061078220033170316,1
2022-12-05,0.6404590606689453,0.6322599649429321,0.62934864,0.62299967,0.009916040545332846,0.0015862776714750618,71.90786262406237,0.5572396516799927,0.6404590606689453,-0.015319461924328762,0.04957759202194217,2
2022-12-06,0.6322599649429321,0.6324390769004822,0.62299967,0.6259477,0.010049859516729232,0.0011018778749635819,60.83615837804035,0.5572396516799927,0.6404590606689453,0.0057887476955071826,0.04999998686399055,3
2022-12-07,0.6324390769004822,0.6354088187217712,0.6259477,0.6219383,0.009787192963717025,0.000652254062468275,62.245906711509,0.5572396516799927,0.6404590606689453,0.011477864376372472,0.033784669701573074,4
2022-12-08,0.6354088187217712,0.637860894203186,0.6219383,0.6269428,0.009586859968335493,0.00042460204578836057,65.65475070632999,0.5572396516799927,0.6404590606689453,0.006463335625930137,0.017435812484469817,5
2022-12-09,0.637860894203186,0.6393207907676697,0.62250113,0.6212336,0.009375528069914062,0.0003140075349105254,64.954117112782,0.5572396516799927,0.6404590606689453,-0.001160356135408776,0.007276475459677466,1
2022-12-12,0.6393207907676697,0.638781726360321,0.6212336,0.62638324,0.009146035605854513,0.00021854572064069697,72.66777548150009,0.5572396516799927,0.6404590606689453,-0.020197407299658264,0.0023750001179665896,2
2022-12-13,0.638781726360321,0.6453902721405029,0.62638324,0.6230283,0.008910570641853436,9.505924293292875e-06,69.35843500000499,0.5572396516799927,0.6404590606689453,0.010735868843074823,0.007346156997833926,3
2022-12-14,0.6453902721405029,0.6453902721405029,0.6230283,0.62738186,0.008966517031901558,0.0001963579788203315,67.72541425027242,0.5572396516799927,0.6453902721405029,0.009203525932870658,0.005057714240165767,4
2022-12-15,0.6453902721405029,0.6343004107475281,0.62738186,0.63158286,0.008734510265518653,0.00019936278984306575,67.32865157185071,0.5572396516799927,0.6453902721405029,-0.029329148152795206,-0.030279619736966037,5
2022-12-16,0.6343004107475281,0.6371496915817261,0.64630735,0.64946,0.009304455045708794,-0.000621205241095121,60.052029570708605,0.5572396516799927,0.6453902721405029,-0.000398732072796037,-0.029540776036496498,1
2022-12-19,0.6371496915817261,0.6361606121063232,0.64946,0.6457318,0.009117371690999852,-0.0010239778970491283,67.17461664462908,0.5572396516799927,0.6453902721405029,0.005699561054415408,-0.004080576126231864,2
2022-12-20,0.6361606121063232,0.6344292163848877,0.6457318,0.6510859,0.008888914325184852,-0.0013863918329215207,64.17318997945297,0.5572396516799927,0.6453902721405029,0.0038255842291201646,-0.010938938886725983,3
2022-12-21,0.6344292163848877,0.6289505958557129,0.6510859,0.6531373,0.008680184944299129,-0.0017487243887564143,53.107502903658045,0.5572396516799927,0.6453902721405029,0.002235839507275352,-0.01780645308956023,4
2022-12-22,0.6289505958557129,0.6251992583274841,0.6531373,0.65193594,0.008663192269857173,-0.0023271653022742967,41.64137925898898,0.5572396516799927,0.6453902721405029,-0.014423036346991203,-0.0030561042062156605,5
2022-12-23,0.6251992583274841,0.6292901635169983,0.6330633,0.63414717,0.008539410020554514,-0.002895200672824951,34.20215700285452,0.5572396516799927,0.6453902721405029,0.013634490901053129,0.011032857332827783,1
2022-12-26,0.6292901635169983,0.6306999325752258,0.63414717,0.63397485,0.008442601755353352,-0.002919864340564751,46.63965350494425,0.5572396516799927,0.6453902721405029,0.0,0.005286804379288604,2
2022-12-27,0.6306999325752258,0.6273289918899536,0.63397485,0.6329811,0.008241776530330418,-0.0027671091244400817,48.085468245990235,0.5572396516799927,0.6453902721405029,0.007987978209936256,0.009479924778386864,3
2022-12-28,0.6273289918899536,0.6318396925926208,0.6329811,0.6338593,0.008114798408370993,-0.002809945795726661,41.183227207981844,0.5572396516799927,0.6453902721405029,-0.0003913355462330034,0.006831324994028573,4
2022-12-29,0.6318396925926208,0.6345902681350708,0.6338593,0.6327656,0.008063414331695645,-0.0024637377284159514,43.71211640231401,0.5572396516799927,0.6453902721405029,-0.0028746701664194908,0.018525978919132217,5
2022-12-30,0.6345902681350708,0.6374799013137817,0.63152957,0.6281688,0.007916314973418267,-0.001998544474077539,45.18963266285789,0.5572396516799927,0.6453902721405029,-0.004064797677231731,0.000657390806735002,1
2023-01-02,0.6374799013137817,0.6326391100883484,0.6281688,0.6286598,0.007779956920723331,-0.0014697303881214324,48.736598667473416,0.5572396516799927,0.6453902721405029,0.0,0.000657390806735002,2
2023-01-03,0.6326391100883484,0.6247110962867737,0.6286598,0.63278985,0.007762973826960746,-0.001418749118598633,37.1855064303385,0.5576000809669495,0.6453902721405029,-0.010433957899771593,-0.017607898169920345,3
2023-01-04,0.6247110962867737,0.6285117864608765,0.63278985,0.6298461,0.008051499037096694,-0.0018637224399167757,32.07450463716448,0.5576000809669495,0.6453902721405029,-0.007061513953980213,-0.024138823323434276,4
2023-01-05,0.6285117864608765,0.6230801343917847,0.6298461,0.6253787,0.007960517238059028,-0.0018434779659804732,44.25637513558141,0.5576000809669495,0.6453902721405029,0.020774820894930334,-0.0007851402520186023,5
2023-01-06,0.6230801343917847,0.6359097957611084,0.6300712,0.63083905,0.00798466758237108,-0.0021176900938651997,36.72034457073805,0.5576000809669495,0.6453902721405029,0.02342691166842184,0.02706606879185705,1
2023-01-09,0.6359097957611084,0.6369507908821106,0.63083905,0.6305789,0.008954266610519974,-0.0013918662563710002,49.80651272289201,0.5656684637069702,0.6453902721405029,0.027755004194320008,0.05597157246120396,2
2023-01-10,0.6369507908821106,0.6371902227401733,0.6305789,0.632644,0.008735267440058833,-0.0008264409293719422,51.966161845724265,0.566270649433136,0.6453902721405029,0.0119969437033643,0.07992561796214906,3
2023-01-11,0.6371902227401733,0.6367682814598083,0.632644,0.63430566,0.008515957463448364,-0.0004404610800710896,56.99636005862776,0.566270649433136,0.6453902721405029,0.021286480607387536,0.11097739183657855,4
2023-01-12,0.6367682814598083,0.638781726360321,0.63430566,0.6310177,0.008303803299570603,-0.00022839126996536526,60.41209351228984,0.5669191479682922,0.6453902721405029,0.007553507080328285,0.09638548574162632,5
2023-01-13,0.638781726360321,0.6385084390640259,0.6368613,0.64470375,0.008126021264353826,1.9499253356212824e-05,58.87422872530137,0.5704994797706604,0.6453902721405029,0.0051230495099683585,0.07649994323948066,1
2023-01-16,0.6385084390640259,0.6389898657798767,0.64470375,0.6431495,0.007924652897670503,0.00013086832558731505,57.459155564716234,0.5704994797706604,0.6453902721405029,0.0,0.047032508820924114,2
2023-01-17,0.6389898657798767,0.6432895064353943,0.6431495,0.64250636,0.007729975197242702,0.00019869605605935675,61.79003484513741,0.5743198990821838,0.6453902721405029,0.0017809851053655899,0.03639051967513167,3
2023-01-18,0.6432895064353943,0.6445499658584595,0.64250636,0.63938475,0.007679572252274172,0.0004788939004232882,61.626257368695,0.5769208669662476,0.6453902721405029,0.003197666423112939,0.01781198257515709,4
2023-01-19,0.6445499658584595,0.6395497918128967,0.63938475,0.6357876,0.007502534543819181,0.0006824678416322747,60.428769363274384,0.5769208669662476,0.6453902721405029,-0.0004730585681476769,0.009675146986824212,5
2023-01-20,0.6395497918128967,0.648908257484436,0.64381087,0.6380587,0.0075095751888759575,0.0004262492381607178,52.07563544556799,0.5769208669662476,0.6453902721405029,0.005191713423161991,0.009744477613699455,1
2023-01-23,0.648908257484436,0.6490219235420227,0.6380587,0.6391428,0.007976353572572578,0.0008106363120301669,64.958956872107,0.5769208669662476,0.648908257484436,0.0012938117847990998,0.011051742413415949,2
2023-01-24,0.6490219235420227,0.6493295431137085,0.6391428,0.6416793,0.007780363361323765,0.0009845632903259993,76.10422026803886,0.5769208669662476,0.6490219235420227,-0.002000141594498202,0.007236046037013875,3
2023-01-25,0.6493295431137085,0.6484116911888123,0.6416793,0.64020205,0.007590666853711719,0.0010275940596666967,74.16630456141905,0.5769208669662476,0.6493295431137085,-0.0012964038611068427,0.0027196126392917664,4
2023-01-26,0.6484116911888123,0.6490893363952637,0.64020205,0.6389347,0.007411524964495999,0.0009057770543715489,82.8485833138815,0.5769208669662476,0.6493295431137085,0.006347835431552937,0.009582435514727459,5
2023-01-27,0.6490893363952637,0.6492199301719666,0.64911383,0.65014243,0.007235097576749885,0.0007867789567009087,74.95553248160354,0.5886300206184387,0.6493295431137085,-0.010128509708496632,-0.005766716237829345,1
2023-01-30,0.6492199301719666,0.6468890905380249,0.65014243,0.6551754,0.0070598637777761685,0.0006390810000070531,74.06124195199955,0.5886300206184387,0.6493295431137085,-0.004865078397412996,-0.011871271907578336,2
2023-01-31,0.6468890905380249,0.6438201069831848,0.6551754,0.65817577,0.006932915901129809,0.00032259757385328085,67.5786567106133,0.5886300206184387,0.6493295431137085,0.0059298314901479595,-0.0040042864239617434,3
2023-02-01,0.6438201069831848,0.6516398787498474,0.65817577,0.664427,0.006844098472467233,-0.00013092861619541218,61.66204035927483,0.5886300206184387,0.6493295431137085,-0.028180971315559473,-0.030424461567597743,4
2023-02-02,0.6516398787498474,0.6477187275886536,0.664427,0.6631234,0.007183490266426943,4.861737590568238e-05,67.83851367219155,0.6017788648605347,0.6516398787498474,-0.004143869067426235,-0.04054378431003555,5
2023-02-03,0.6477187275886536,0.6327711939811707,0.6532292,0.655934,0.007130697694190006,-0.000133840431612498,61.603282376599246,0.6089985370635986,0.6516398787498474,-0.007600786928514156,-0.03811547722662296,1
2023-02-06,0.6327711939811707,0.6308802366256714,0.655934,0.65685934,0.0085733005713911,-0.0012370033864511241,44.258386897948405,0.6089985370635986,0.6516398787498474,-0.004811026420657321,-0.03806348406160235,2
2023-02-07,0.6308802366256714,0.6321991682052612,0.65685934,0.65685105,0.008385699203163567,-0.0020233572908279784,38.009373966911205,0.6098490357398987,0.6516398787498474,0.0110675198721468,-0.03310863666744213,3
2023-02-08,0.6321991682052612,0.6314606666564941,0.65685105,0.65650105,0.008193527782841811,-0.002360460195430527,38.07934371152761,0.6098490357398987,0.6516398787498474,-0.011067519872146717,-0.016419390279435155,4
2023-02-09,0.6314606666564941,0.6327512264251709,0.65650105,0.65788496,0.007998534929412977,-0.0025242303949725925,41.492745392292925,0.6098490357398987,0.6516398787498474,0.015216951712487221,0.0028090764453617277,5
2023-02-10,0.6327512264251709,0.6312298774719238,0.62647486,0.6281339,0.007818832175742118,-0.0024355307238264684,29.5349054922887,0.6098490357398987,0.6516398787498474,-0.01918171810292671,-0.00873739793860361,1
2023-02-13,0.6312298774719238,0.6361404061317444,0.6281339,0.6257971,0.0076485568383722466,-0.0023671359905427063,28.239909839901685,0.6098490357398987,0.6516398787498474,0.014665304492188851,0.010757993611667398,2
2023-02-14,0.6361404061317444,0.6335489153862,0.6257971,0.62501746,0.007649446412613145,-0.0018991907789028457,35.501726476350214,0.6156498193740845,0.6516398787498474,0.005611882545715784,0.005258679345935938,3
2023-02-15,0.6335489153862,0.6279789805412292,0.62501746,0.62487173,0.007517226067785707,-0.0016797782416586738,34.241791520158145,0.616401195526123,0.6516398787498474,-0.014212463309734498,0.002102163792357256,4
2023-02-16,0.6279789805412292,0.6245394349098206,0.62487173,0.6252004,0.007574607193837618,-0.0018138919274519286,29.721518929361153,0.616401195526123,0.6516398787498474,0.027625758127863238,0.014614526743646643,5
2023-02-17,0.6245394349098206,0.6236202716827393,0.6307522,0.6314659,0.007485731691697085,-0.0020224678506353755,27.70912199554688,0.616401195526123,0.6516398787498474,-0.012440602597921168,0.0214772657311858,1
2023-02-20,0.6236202716827393,0.6257705092430115,0.6314659,0.6303403,0.007315413823902054,-0.002101326836786794,28.434190987996956,0.616401195526123,0.6516398787498474,0.0,0.006606300737598383,2
2023-02-21,0.6257705092430115,0.6216199398040771,0.6303403,0.62943786,0.0071826457663420485,-0.0018940765049941582,32.981600332700154,0.6196900010108948,0.6516398787498474,0.028869487950406024,0.030291920626919024,3
2023-02-22,0.6216199398040771,0.6224014759063721,0.62943786,0.6322534,0.007155464191251582,-0.0019161485997986108,19.591103339930527,0.6216199398040771,0.6516398787498474,-0.007585686633612644,0.03714210735661347,4
2023-02-23,0.6224014759063721,0.6230801343917847,0.6322534,0.62987274,0.006994228650385355,-0.0017616757495987163,22.61273029968136,0.6216199398040771,0.6516398787498474,-0.031299737103105005,-0.02220626723462047,5
2023-02-24,0.6230801343917847,0.6165608167648315,0.62417203,0.6246274,0.006836341303887289,-0.0015071958639608272,34.83495471631238,0.6216199398040771,0.6516398787498474,-0.0293992354981824,-0.038648499255246056,1
2023-02-27,0.6165608167648315,0.6164202094078064,0.6246274,0.6264524,0.007045469591366895,-0.001659296577540085,30.427428973662074,0.6165608167648315,0.6516398787498474,0.013561207960721376,-0.025522611343045405,2
2023-02-28,0.6164202094078064,0.6186893582344055,0.6264524,0.63130754,0.006882484732320032,-0.0016474045030551677,27.714594063106645,0.6164202094078064,0.6516398787498474,0.02183520450674725,-0.03235330880738346,3
2023-03-01,0.6186893582344055,0.6256999969482422,0.63130754,0.6299977,0.006771391591941623,-0.0013758085501680076,32.71000133951554,0.6164202094078064,0.6516398787498474,0.01705936313808211,-0.008209315009926495,4
2023-03-02,0.6256999969482422,0.6221303939819336,0.6299977,0.6297072,0.007046154254793502,-0.0006499461926378347,41.734139749634565,0.6164202094078064,0.6516398787498474,-0.020359430144531593,0.002700750436095859,5
2023-03-03,0.6221303939819336,0.6209598779678345,0.6251262,0.62519795,0.006989084282488764,-0.0003511343053022248,39.821830022481265,0.6164202094078064,0.6516398787498474,-0.001470238400068026,0.031099910829641097,1
2023-03-06,0.6209598779678345,0.6198398470878601,0.62519795,0.6287452,0.00683965542222299,-0.00018174916154507,31.46951955076389,0.6164202094078064,0.6516398787498474,0.005502254552679114,0.02282371820718736,2
2023-03-07,0.6198398470878601,0.6111199259757996,0.6287452,0.6265532,0.006693911831277783,-9.872955596086815e-05,32.64213824706728,0.6164202094078064,0.6516398787498474,-0.028195284362454855,-0.027089646552807715,3
2023-03-08,0.6111199259757996,0.6114711761474609,0.6265532,0.6275408,0.007202079740191659,-0.0005589764366867771,30.230705143617598,0.6111199259757996,0.6516398787498474,0.013702273664630739,-0.030350317414737333,4
2023-03-09,0.6114711761474609,0.6101207137107849,0.6275408,0.62997633,0.007037151340132699,-0.0007554303444158453,33.479313821378355,0.6111199259757996,0.6516398787498474,0.0032114679606452434,-0.007223312152376789,5
2023-03-10,0.6101207137107849,0.6160799264907837,0.6076678,0.6123711,0.006891227068947735,-0.0008831230333120506,33.11816575854024,0.6101207137107849,0.6516398787498474,-0.0022222975731185043,-0.007969658283858653,1
2023-03-13,0.6160799264907837,0.6216315627098083,0.6123711,0.61149603,0.0070482759105113734,-0.0004925244489916297,38.93553686611796,0.6101207137107849,0.6516398787498474,0.00591503105341583,-0.007560086945883955,2
2023-03-14,0.6216315627098083,0.6230685114860535,0.61149603,0.6127578,0.007148641527177821,0.0001775652200852627,50.0128593190496,0.6101207137107849,0.6516398787498474,-0.014604223875148894,0.006020300835024324,3
2023-03-15,0.6230685114860535,0.6164582371711731,0.6127578,0.6100769,0.007002278193681033,0.0007247128317294039,50.72744315204999,0.6101207137107849,0.6516398787498474,-0.03915589726406634,-0.04577512730602055,4
2023-03-16,0.6164582371711731,0.6203396916389465,0.6100769,0.61612797,0.007204058080763109,0.0006509136166042602,43.60568516559478,0.6101207137107849,0.6516398787498474,0.00749165073918125,-0.04168211727218339,5
2023-03-17,0.6203396916389465,0.6273211240768433,0.6151542,0.62018585,0.007165094452438534,0.0008598596935223725,53.84487562176985,0.6101207137107849,0.6516398787498474,0.00718046840986544,-0.03262878198893262,1
2023-03-20,0.6273211240768433,0.6242586970329285,0.62018585,0.6195286,0.007395440534982771,0.0014309453009537822,59.73599678886237,0.6101207137107849,0.6516398787498474,0.015718420931151944,-0.02309862719641554,2
2023-03-21,0.6242586970329285,0.6192985773086548,0.6195286,0.6199314,0.007296214136788075,0.0015548386374532293,54.90467591912151,0.6101207137107849,0.6516398787498474,0.010758108421719634,0.0019947380861452912,3
2023-03-22,0.6192985773086548,0.6232509613037109,0.6199314,0.6175766,0.007323049099958535,0.001267295723392368,44.15131494394088,0.6101207137107849,0.6516398787498474,0.012365729819804586,0.05497216038767177,4
2023-03-23,0.6232509613037109,0.6246915459632874,0.6175766,0.61562294,0.0072815404093222735,0.00130283275585496,51.01669983559747,0.6101207137107849,0.6516398787498474,0.018869600463035117,0.06704412747205492,5
2023-03-24,0.6246915459632874,0.6211102604866028,0.6247562,0.6204247,0.007130841968299561,0.001375740544780331,53.3692609227729,0.6101207137107849,0.6516398787498474,-0.010791223100072961,0.048038829786683154,1
2023-03-27,0.6211102604866028,0.620351254940033,0.6204247,0.6230345,0.007071499649796798,0.0011446300420176457,51.098225032564436,0.6101207137107849,0.6516398787498474,0.0007311193639447331,0.0324486747873515,2
2023-03-28,0.620351254940033,0.6253712773323059,0.6230345,0.6197823,0.0069144630652978765,0.0009125844266636642,59.25381980875263,0.6101207137107849,0.6516398787498474,0.0018256371744921763,0.023267423364606306,3
2023-03-29,0.6253712773323059,0.6221303939819336,0.6197823,0.62356776,0.006973448060162479,0.0010588410131362196,62.74133995373441,0.6101207137107849,0.6516398787498474,0.000729253137918563,0.011429206999362302,4
2023-03-30,0.6221303939819336,0.6269789338111877,0.62356776,0.62509274,0.006901978407870307,0.0009049380604778672,60.639773062109036,0.6101207137107849,0.6516398787498474,-0.005971596378464641,-0.013386404183101578,5
2023-03-31,0.6269789338111877,0.6224905848503113,0.6236766,0.6263987,0.006946379850754534,0.0010851543229058796,59.849628272211824,0.6101207137107849,0.6516398787498474,0.003416706066053802,0.0007313866968537584,1
2023-04-03,0.6224905848503113,0.6302706599235535,0.6263987,0.6284796,0.006955556489547984,0.0008670110859980088,50.79152542745229,0.6101207137107849,0.6516398787498474,-0.011024021312221891,-0.010963479465040846,2
2023-04-04,0.6302706599235535,0.6315284371376038,0.6284796,0.6266105,0.007293632574357085,0.0011915853282941707,55.94169631810734,0.6101207137107849,0.6516398787498474,-0.01889903608714559,-0.03124999637617685,3
2023-04-05,0.6315284371376038,0.6318516731262207,0.6266105,0.62832814,0.007138255635566018,0.001420355978163506,63.63711874901566,0.6101207137107849,0.6516398787498474,0.003633381905590772,-0.02843253246316824,4
2023-04-06,0.6318516731262207,0.6245706081390381,0.62832814,0.6262915,0.006975997728883688,0.0015142087405007883,61.13427962325194,0.6101207137107849,0.6516398787498474,0.006979120201193603,-0.015768208523734242,5
2023-04-07,0.6245706081390381,0.6255004405975342,0.6331976,0.6302253,0.007243275781550552,0.0010298377565861822,47.3550571792779,0.6101207137107849,0.6516398787498474,0.0,-0.01912530089128879,1
2023-04-10,0.6255004405975342,0.6227386593818665,0.6302253,0.6324779,0.007084201554168228,0.0007300919422059412,51.24515130324601,0.6101207137107849,0.6516398787498474,-0.009859673722404379,-0.017982556652820742,2
2023-04-11,0.6227386593818665,0.6195096373558044,0.6324779,0.63110083,0.006984552048936269,0.00032452459058107734,53.60861741465056,0.6101207137107849,0.6516398787498474,0.009486993831041722,0.010292428601610957,3
2023-04-12,0.6195096373558044,0.6218286752700806,0.63110083,0.6324519,0.00691284460257752,-0.00015666701389056522,46.01490450728655,0.6101207137107849,0.6516398787498474,0.014798628628832805,0.021635800762927544,4
2023-04-13,0.6218286752700806,0.6303500533103943,0.6324519,0.632006,0.006804385873262337,-0.00030561227599564553,47.006612363436936,0.6101207137107849,0.6516398787498474,0.009624302089538152,0.024341790619454812,5
2023-04-14,0.6303500533103943,0.6201512217521667,0.61839384,0.61710423,0.007253338363964551,0.00015801139861556048,58.75643664578169,0.6101207137107849,0.6516398787498474,-0.004008994226112893,0.02024343093453213,1
2023-04-17,0.6201512217521667,0.618268609046936,0.61710423,0.6121161,0.007880661920724093,-0.0002137626864925883,49.83920118059682,0.6101207137107849,0.6516398787498474,-0.010154878050209506,0.01994229510879201,2
2023-04-18,0.618268609046936,0.6215118169784546,0.6121161,0.6125131,0.007718860856408626,-0.0005584500237828282,43.98715111368116,0.6101207137107849,0.6516398787498474,0.005762989613076451,0.016151089314345217,3
2023-04-19,0.6215118169784546,0.6161999106407166,0.6125131,0.613641,0.007619494887816488,-0.000539700113756039,49.476356840259065,0.6101207137107849,0.6516398787498474,-0.004288415260551209,-0.003060303529715846,4
2023-04-20,0.6161999106407166,0.6179285645484924,0.613641,0.6163711,0.007657389083837547,-0.0008388749999546106,40.946275017121984,0.6101207137107849,0.6516398787498474,-0.012355035239129451,-0.024733325586464024,5
2023-04-21,0.6179285645484924,0.614341139793396,0.61328346,0.6144609,0.0075019256280822845,-0.0008704116746546492,45.98190286597453,0.6101207137107849,0.6516398787498474,-0.010497426478094585,-0.03104079241685562,1
2023-04-24,0.614341139793396,0.6175889372825623,0.6144609,0.61363536,0.007428368373669178,-0.0010698205754643387,34.85089136411304,0.6101207137107849,0.6516398787498474,-0.006807022403893281,-0.027791420683896603,2
2023-04-25,0.6175889372825623,0.6147415041923523,0.61363536,0.6133478,0.007343214382843775,-0.0009253489384887432,37.226886533793866,0.6101207137107849,0.6516398787498474,-0.027441165924599584,-0.059542730708092136,3
2023-04-26,0.6147415041923523,0.6120887398719788,0.6133478,0.6115372,0.00723867081808109,-0.0009597874030368536,35.01473672780956,0.6101207137107849,0.6516398787498474,0.0010394877687441904,-0.05451869366760972,4
2023-04-27,0.6120887398719788,0.6146394610404968,0.6115372,0.6117096,0.007130154304167127,-0.0010899470761910857,38.10382418671129,0.6101207137107849,0.6477187275886536,0.003759195881210624,-0.0391595715104606,5
2023-04-28,0.6146394610404968,0.6172115802764893,0.60991526,0.610618,0.007024496997665814,-0.000938721265855988,39.958891503325596,0.6101207137107849,0.6361404061317444,0.0014221580602516819,-0.027638224368655026,1
2023-05-01,0.6172115802764893,0.6164810061454773,0.610618,0.6111611,0.006923479275021242,-0.000615550882353906,44.872164950733996,0.6101207137107849,0.6361404061317444,0.01207159133459514,-0.00910701055555569,2
2023-05-02,0.6164810061454773,0.6226611733436584,0.6111611,0.612225,0.006771837344149134,-0.00041091730704174816,47.05354326325361,0.6101207137107849,0.6361404061317444,-0.017772523114037694,0.0005200451073577131,3
2023-05-03,0.6226611733436584,0.6208904981613159,0.612225,0.6109639,0.006952334600019847,0.00015065639371773126,50.753315678480305,0.6101207137107849,0.6361404061317444,-0.004297160324024852,-0.004805156281834185,4
2023-05-04,0.6208904981613159,0.6290218234062195,0.6109639,0.61250544,0.006821458633503883,0.0003987670661744604,40.24886424659336,0.6101207137107849,0.6361404061317444,0.004816738162005003,-0.0037521389499391854,5
2023-05-05,0.6290218234062195,0.6299212574958801,0.62258136,0.6228468,0.00721763547143643,0.0010684124774276475,59.55114300016686,0.6101207137107849,0.6361404061317444,0.005568909257022228,0.00038763042482372424,1
2023-05-08,0.6299212574958801,0.6338581442832947,0.6228468,0.6237945,0.007059686123408518,0.0015032062508141739,62.81800955946472,0.6101207137107849,0.6361404061317444,0.011939282355043677,0.00025527891412603583,2
2023-05-09,0.6338581442832947,0.6338782906532288,0.6237945,0.6222334,0.0070259191208400405,0.0019584239833688446,63.37691625130935,0.6101207137107849,0.6338581442832947,-0.007429275661692721,0.010654856768553432,3
2023-05-10,0.6338782906532288,0.6371212005615234,0.6222334,0.62134606,0.006867345570154344,0.002148158924469778,71.63492119068877,0.6101207137107849,0.6338782906532288,-0.015809547951148546,-0.0009134763649813484,4
2023-05-11,0.6371212005615234,0.6294216513633728,0.62134606,0.62227196,0.00680102911160826,0.0023623213273474514,72.64864804032317,0.6101207137107849,0.6371212005615234,-0.03468557850457871,-0.03961036829788316,5
2023-05-12,0.6294216513633728,0.6195594668388367,0.6365358,0.63986206,0.007125017595991977,0.0018768612582356705,66.22170759136087,0.6101207137107849,0.6371212005615234,0.005125463963486874,-0.040036154146678875,1
2023-05-15,0.6195594668388367,0.6243288516998291,0.63986206,0.63898927,0.007716949287592334,0.0008360479159509613,51.855597888682084,0.6101207137107849,0.6371212005615234,0.005634548971556217,-0.04606943116600621,2
2023-05-16,0.6243288516998291,0.6237408518791199,0.63898927,0.6399484,0.007710741829153461,0.0004335581101424296,58.71278558451589,0.6101207137107849,0.6371212005615234,-0.02245763893263928,-0.06029826048232537,3
2023-05-17,0.6237408518791199,0.624609649181366,0.6399484,0.6409384,0.007532086175421158,0.00010937237012685272,61.00209134848079,0.6101207137107849,0.6371212005615234,0.02392815004955149,-0.022204816254516438,4
2023-05-18,0.624609649181366,0.6235813498497009,0.6409384,0.6380513,0.007363598170774819,-5.601943898022872e-05,59.7228099381077,0.6101207137107849,0.6371212005615234,-0.01656717064687948,-0.004327256921215604,5
2023-05-19,0.6235813498497009,0.6284209489822388,0.62446654,0.6289557,0.007202448130343967,-0.00023415277219267293,56.40456764508817,0.6101207137107849,0.6371212005615234,0.011075242204644457,0.0016144334429831172,1
2023-05-22,0.6284209489822388,0.6286303400993347,0.6289557,0.6257818,0.007227242428082675,-3.592494915490908e-05,61.08890096884442,0.6101207137107849,0.6371212005615234,-0.013114515091443305,-0.016989947379504006,2
2023-05-23,0.6286303400993347,0.6250195503234863,0.6257818,0.6292641,0.007063154062952589,9.240014694429774e-05,56.2352129583049,0.6101207137107849,0.6371212005615234,-0.00888530991358293,-0.0035572612989332613,3
2023-05-24,0.6250195503234863,0.610608696937561,0.6292641,0.63148683,0.007008180873615949,-7.382106411956053e-05,54.15341631292419,0.6101207137107849,0.6371212005615234,-0.024462668056277986,-0.05062786318863031,4
2023-05-25,0.610608696937561,0.6053400635719299,0.63148683,0.6290461,0.008428114495076772,-0.0011050111791911638,33.5556636747,0.6101207137107849,0.6371212005615234,0.0075694084632956645,-0.027434489127555722,5
2023-05-26,0.6053400635719299,0.6057815551757812,0.60604495,0.6057053,0.008424625429089352,-0.0020383366884690547,29.636301150705705,0.6053400635719299,0.6371212005615234,0.02564247865789359,-0.01316320313384186,1
2023-05-29,0.6057815551757812,0.6044487357139587,0.6057053,0.6079304,0.008222433543819414,-0.002492343476059017,25.31078575149928,0.6053400635719299,0.6371212005615234,0.0,-0.000136081588732107,2
2023-05-30,0.6044487357139587,0.6046789884567261,0.6079304,0.6082986,0.008038865024748093,-0.0027296746209914385,24.705013238030446,0.6044487357139587,0.6371212005615234,-0.0042283548101820076,0.0045310987786865466,3
2023-05-31,0.6046789884567261,0.6025112867355347,0.6082986,0.60961515,0.007849615922284387,-0.0027127832829294965,20.592652944786877,0.6044487357139587,0.6371212005615234,-0.007408443894296499,0.021809513515384894,4
2023-06-01,0.6025112867355347,0.6065789461135864,0.60961515,0.61074734,0.007702297314375941,-0.0026842845594770796,22.888029756564507,0.6025112867355347,0.6371212005615234,0.02057994553461066,0.035190663287100125,5
2023-06-02,0.6065789461135864,0.6058182716369629,0.6031585,0.60233885,0.007658193032455269,-0.0022459602960104253,35.19343710353586,0.6025112867355347,0.6371212005615234,0.0043074591099826285,0.013338784260622932,1
2023-06-05,0.6058182716369629,0.6070613265037537,0.60233885,0.6050648,0.0074856014951810955,-0.001876756994801717,26.760078545001733,0.6025112867355347,0.6371212005615234,0.010688134115109844,0.024227571844242925,2
2023-06-06,0.6070613265037537,0.6078399419784546,0.6050648,0.6060718,0.007327809138428061,-0.0014380807863300727,29.397828436468373,0.6025112867355347,0.6371212005615234,0.0011952753285475503,0.029797694861238944,3
2023-06-07,0.6078399419784546,0.6042296290397644,0.6060718,0.60697126,0.007167112241690964,-0.0010052181972080524,29.24018895295214,0.6025112867355347,0.6371212005615234,-0.0033238208879205174,0.03401263257313856,4
2023-06-08,0.6042296290397644,0.609440267086029,0.60697126,0.60388756,0.007114493257669634,-0.0008764909066586177,27.483258154540962,0.6025112867355347,0.6371212005615234,0.011124483941375437,0.02428164383448844,5
2023-06-09,0.609440267086029,0.6130606532096863,0.6011621,0.6007156,0.007188026879794696,-0.0003802076418748749,28.104041266658697,0.6025112867355347,0.6371212005615234,-0.00197744003290699,0.017864324235938003,1
2023-06-12,0.6130606532096863,0.6129103302955627,0.6007156,0.6011333,0.007137451414659471,0.00021981700554867672,33.349311575726674,0.6025112867355347,0.6371212005615234,-0.010212986332559824,-0.0031893910355502535,2
2023-06-13,0.6129103302955627,0.6159418225288391,0.6011333,0.5981945,0.006977308750994762,0.0006122716091474913,36.01494059968913,0.6025112867355347,0.6371212005615234,0.020583935275454008,0.01632600826471336,3
2023-06-14,0.6159418225288391,0.6196900010108948,0.5981945,0.5951002,0.006901919469465253,0.001055712730315182,58.35544955540323,0.6025112867355347,0.6371212005615234,0.009747274464701498,0.029697703396231304,4
2023-06-15,0.6196900010108948,0.623538613319397,0.5951002,0.59486675,0.006870208928707014,0.0015511963558252338,73.60684028867273,0.6025112867355347,0.6371212005615234,0.007858378187557228,0.026340087950802935,5
2023-06-16,0.623538613319397,0.6232001185417175,0.61726767,0.6191279,0.006844940266685702,0.0020561991063313017,76.26727704282627,0.6025112867355347,0.6371212005615234,-0.003084460410103486,0.0252045372143775,1
2023-06-19,0.6232001185417175,0.6202396750450134,0.6191279,0.6204461,0.006694380129227104,0.0022687972952258125,78.57885174418604,0.6025112867355347,0.6371212005615234,0.0,0.035728586651725215,2
2023-06-20,0.6202396750450134,0.6166787147521973,0.6204461,0.6188093,0.006622329732733512,0.002114479531491959,71.89389555605874,0.6025112867355347,0.6371212005615234,-0.0015458052679607943,0.01305993258268679,3
2023-06-21,0.6166787147521973,0.6207093596458435,0.6188093,0.62145066,0.006588228401419127,0.0016951326435881112,69.18154233513025,0.6025112867355347,0.6371212005615234,0.008344622172603903,0.01163995784443688,4
2023-06-22,0.6207093596458435,0.6182800531387329,0.62145066,0.6253179,0.006591320480721971,0.0016122684493649476,69.15062225446273,0.6025112867355347,0.6371212005615234,-0.005769626410965113,-0.0020531592954239016,5
2023-06-23,0.6182800531387329,0.614870011806488,0.625316,0.62387514,0.006499027196081078,0.0013287152740792836,66.158335832223,0.6025112867355347,0.6371212005615234,-0.021444705405699288,-0.02020852925352061,1
2023-06-26,0.614870011806488,0.6163100004196167,0.62387514,0.62498885,0.006462175474965026,0.0008686218432072309,59.58627855585313,0.6025112867355347,0.6371212005615234,-0.005136663843470601,-0.025228484725805553,2
2023-06-27,0.6163100004196167,0.6157407760620117,0.62498885,0.62350506,0.006342470229241115,0.0006295330738761355,60.23205444653416,0.6025112867355347,0.6371212005615234,-0.0013213204804728195,-0.025009638786476784,3
2023-06-28,0.6157407760620117,0.6074300408363342,0.62350506,0.6258871,0.0062088774856039995,0.0004118410620697451,65.00850967927445,0.6025112867355347,0.6371212005615234,-0.016262717242044696,-0.04870877533380267,4
2023-06-29,0.6074300408363342,0.606678307056427,0.6258871,0.6237425,0.0067140378356404405,-0.0002760119087732574,47.57505076244327,0.6025112867355347,0.6371212005615234,-0.011624889717818434,-0.05426256063088443,5
2023-06-30,0.606678307056427,0.6132185459136963,0.60023844,0.59920496,0.006572340178617305,-0.0007394673708193021,41.728464870810846,0.6025112867355347,0.6371212005615234,0.017119762454237415,-0.017078312485071433,1
2023-07-03,0.6132185459136963,0.6156005859375,0.59920496,0.60145557,0.00681633935396577,-0.0005709376664651787,50.342689532958765,0.6025112867355347,0.6371212005615234,0.010106497435022531,-0.0019807033640914067,2
2023-07-04,0.6156005859375,0.619809091091156,0.60145557,0.60184634,0.006717596660874711,-0.00027919176179362615,49.615036505970465,0.6025112867355347,0.6371212005615234,0.0,-0.0006611284288313783,3
2023-07-05,0.619809091091156,0.6176995635032654,0.60184634,0.60082155,0.006726896645039925,0.00019168693986358908,50.13296951949953,0.6025112867355347,0.6371212005615234,-0.006770702010279596,0.008869773535351826,4
2023-07-06,0.6176995635032654,0.616351842880249,0.60082155,0.598146,0.006617970581012841,0.00034651938586235617,43.2170142759613,0.6025112867355347,0.6371212005615234,-0.008965057989726697,0.011556769262616557,5
2023-07-07,0.616351842880249,0.6205899715423584,0.61661255,0.61461586,0.006490284806262967,0.0003429705419842862,42.22689786281129,0.6025112867355347,0.6371212005615234,0.012555242100977429,0.006950019600544154,1
2023-07-10,0.6205899715423584,0.6206515431404114,0.61461586,0.6162112,0.006514030461799316,0.0005960315628004565,50.386395105267525,0.6025112867355347,0.6371212005615234,0.0011939115667481735,-0.001984634335997325,2
2023-07-11,0.6206515431404114,0.6199589371681213,0.6162112,0.6176256,0.006374255319216017,0.0007287682074474394,54.748846150009754,0.6025112867355347,0.6371212005615234,-0.004784095677998842,-0.0067478324508565305,3
2023-07-12,0.6199589371681213,0.6305209994316101,0.6176256,0.6163548,0.0062426584814805905,0.0007293387291304137,49.02520680481527,0.6025112867355347,0.6371212005615234,0.023304332366448292,0.023578000066059764,4
2023-07-13,0.6305209994316101,0.6391900181770325,0.6163548,0.6114894,0.007066257106943745,0.0013636245010899732,63.12726677686542,0.6025112867355347,0.6371212005615234,0.0225191512031186,0.056317223864340855,5
2023-07-14,0.6391900181770325,0.6365818381309509,0.62623495,0.62216675,0.007480222019177371,0.0022379428156457026,73.43730972572934,0.6025112867355347,0.6391900181770325,-0.0019105072686509909,0.041146794010585866,1
2023-07-17,0.6365818381309509,0.6321192383766174,0.62216675,0.6255289,0.007358842221882083,0.002492090461258727,69.10588470574224,0.6025112867355347,0.6391900181770325,-0.02321484567832466,0.01604133760183599,2
2023-07-18,0.6321192383766174,0.6296991109848022,0.6255289,0.6255549,0.007340150072565716,0.002220179594961435,64.38103232978114,0.6025112867355347,0.6391900181770325,-0.004184115000889452,0.016651125683782075,3
2023-07-19,0.6296991109848022,0.6262878179550171,0.6255549,0.6219722,0.007218379205360923,0.001758085037963379,71.8093036559667,0.6025112867355347,0.6391900181770325,-0.004333273471702537,-0.011061951845156256,4
2023-07-20,0.6262878179550171,0.6230296492576599,0.6219722,0.6237449,0.007146292805188609,0.001133749881460225,68.25376041013577,0.6025112867355347,0.6391900181770325,0.004726311972921368,-0.028502350329623765,5
2023-07-21,0.6230296492576599,0.6169000864028931,0.62867165,0.62511903,0.007070328009096401,0.00044764213273406966,59.72714841372366,0.6025112867355347,0.6391900181770325,-0.0038055661640326076,-0.030341652249292708,1
2023-07-24,0.6169000864028931,0.6200205087661743,0.62511903,0.6251245,0.007212764379254959,-0.0004254825121305945,51.19926422537938,0.6025112867355347,0.6391900181770325,0.009812374827090159,0.0022181887119131455,2
2023-07-25,0.6200205087661743,0.6216585636138916,0.6251245,0.63382214,0.007131625281995894,-0.000778772880046576,50.199108809849115,0.6025112867355347,0.6391900181770325,0.015886632740097148,0.022536678724215796,3
2023-07-26,0.6216585636138916,0.6212299466133118,0.63382214,0.628786,0.006995854051167041,-0.0008805473800030956,53.76191225961674,0.6025112867355347,0.6391900181770325,-0.002951527767644946,0.023950540961372488,4
2023-07-27,0.6212299466133118,0.6187467575073242,0.628786,0.6304718,0.006843326838024323,-0.0009492246427731401,54.71766416221556,0.6025112867355347,0.6391900181770325,-0.006964162724217499,0.012049771430441484,5
2023-07-28,0.6187467575073242,0.6160100698471069,0.6247861,0.6255803,0.006745031601149933,-0.001122511539819372,48.15477369663439,0.6025112867355347,0.6391900181770325,0.013752529805071608,0.029976356249394237,1
2023-07-31,0.6160100698471069,0.6204898357391357,0.6255803,0.62580615,0.006662162880961029,-0.0013659009981704183,45.589679518184205,0.6025112867355347,0.6391900181770325,0.019592326557728506,0.04009889357765986,2
2023-08-01,0.6204898357391357,0.614148736000061,0.62580615,0.62464595,0.006694363897719382,-0.0011768201348249692,50.47059010001427,0.6025112867355347,0.6391900181770325,-0.02560987630344337,-0.002178334410962627,3
2023-08-02,0.614148736000061,0.6086301207542419,0.62464595,0.62732935,0.006888415557372466,-0.001414467337409034,34.31378483671388,0.6025112867355347,0.6391900181770325,-0.01709664310155804,-0.01619328175002482,4
2023-08-03,0.6086301207542419,0.6082391738891602,0.62732935,0.62997025,0.0069930702866239725,-0.0018514086695032297,18.83956853945695,0.6025112867355347,0.6391900181770325,0.012591799371307437,0.003235358841086416,5
2023-08-04,0.6082391738891602,0.6100090146064758,0.61041343,0.6110789,0.0068404863613041374,-0.002058902962616083,19.73176150070975,0.6025112867355347,0.6391900181770325,-0.008030064930524057,-0.01838142090532226,1
2023-08-07,0.6100090146064758,0.6106571555137634,0.6110789,0.61322147,0.006720218127634974,-0.001969118031270387,24.946712088588967,0.6025112867355347,0.6391900181770325,-0.008357339027301281,-0.045437466914907694,2
2023-08-08,0.6106571555137634,0.6056678295135498,0.61322147,0.6145454,0.006579435554606624,-0.001764807158829356,27.52069058203827,0.6025112867355347,0.6391900181770325,-0.01719393193101052,-0.037370021768439385,3
2023-08-09,0.6056678295135498,0.606207549571991,0.6145454,0.6124187,0.006659306531048569,-0.0018551715741742163,26.532160029522544,0.6025112867355347,0.6391900181770325,0.005189291827776515,-0.015676075650851443,4
2023-08-10,0.606207549571991,0.6013337969779968,0.6124187,0.611768,0.006519345196660889,-0.0017684165852379571,29.591759996297668,0.6025112867355347,0.6391900181770325,-0.004389179490860506,-0.032249742605117926,5
2023-08-11,0.6013337969779968,0.5984584093093872,0.6056439,0.6037671,0.006595899826405096,-0.0019166390236549035,30.521773244409573,0.6013337969779968,0.6391900181770325,-0.009778385518049592,-0.03394020214050885,1
2023-08-14,0.5984584093093872,0.5974786281585693,0.6037671,0.600616,0.006529802724963437,-0.0020724713070954647,22.852691677322923,0.5984584093093872,0.6391900181770325,0.0026885324997722154,-0.023210077033650276,2
2023-08-15,0.5974786281585693,0.5957380533218384,0.600616,0.59682566,0.006399273514290434,-0.002099207547361491,19.04363645243211,0.5974786281585693,0.6391900181770325,-0.017059705490878745,-0.02307895719985653,3
2023-08-16,0.5957380533218384,0.5931304097175598,0.59682566,0.59864616,0.006292504512329032,-0.002087394887932977,18.424701325816585,0.5957380533218384,0.6391900181770325,-0.0027348548463458165,-0.0307896322247001,4
2023-08-17,0.5931304097175598,0.5925890803337097,0.59864616,0.6002342,0.006226473044243964,-0.0021026164720468424,18.368070940381045,0.5931304097175598,0.6391900181770325,0.009268137866743572,-0.01746201606144195,5
2023-08-18,0.5925890803337097,0.5926803946495056,0.58976793,0.5920604,0.006099247757915887,-0.001997325021164849,19.421041900454327,0.5925890803337097,0.6391900181770325,0.003656304592353999,-0.00417285472378181,1
2023-08-21,0.5926803946495056,0.5929685831069946,0.5920604,0.59464085,0.005973293639896645,-0.0017770917358330748,8.992165210864286,0.5925890803337097,0.6391900181770325,0.0035083052685989068,-0.003356168044612107,2
2023-08-22,0.5929685831069946,0.5940676331520081,0.59464085,0.5930214,0.005852006297130095,-0.0014797457288731088,11.980818365067336,0.5925890803337097,0.6391900181770325,0.010318368615644781,0.02430697451997884,3
2023-08-23,0.5940676331520081,0.5974286794662476,0.5930214,0.59094274,0.005747301993451166,-0.0010945343989110538,18.93004115226337,0.5925890803337097,0.6391900181770325,0.014032524141701211,0.04162671531280616,4
2023-08-24,0.5974286794662476,0.591957688331604,0.59094274,0.5909652,0.005758919598380171,-0.0005275942184105997,29.529530207402203,0.5925890803337097,0.6391900181770325,-0.009510047638679794,0.02224936080465751,5
2023-08-25,0.591957688331604,0.5910863876342773,0.5967424,0.59816945,0.005961163782463265,-0.0004389073589444164,20.020629619143975,0.591957688331604,0.6391900181770325,-0.001992676402528614,0.016490973416875446,1
2023-08-28,0.5910863876342773,0.5907477140426636,0.59816945,0.5998923,0.0058470963128564825,-0.0003600876708704775,17.736315523648756,0.5910863876342773,0.6391900181770325,-0.0015970304193956549,0.011314670399150616,2
2023-08-29,0.5907477140426636,0.5967476963996887,0.5998923,0.5989366,0.005729971057756328,-0.0002567726627456836,20.9485211852801,0.5907477140426636,0.6391900181770325,0.010335333734980575,0.011331827618756833,3
2023-08-30,0.5967476963996887,0.5952983498573303,0.5989366,0.6010036,0.006008381130049872,0.00026158304521201915,34.810288921301776,0.5907477140426636,0.6391900181770325,-0.002111348615072487,-0.004863902072552222,4
2023-08-31,0.5952983498573303,0.5976964831352234,0.6010036,0.59809387,0.005906796535680574,0.0005369101923563399,39.11143418771803,0.5907477140426636,0.6391900181770325,-0.0033079877942261316,0.0013271704159714907,5
2023-09-01,0.5976964831352234,0.5942582488059998,0.5990045,0.60159725,0.005850389201365867,0.0008897920885984397,48.6013213207956,0.5907477140426636,0.6391900181770325,0.010547220161808302,0.013962768529229388,1
2023-09-04,0.5942582488059998,0.5937396287918091,0.60159725,0.6006676,0.005855966248947603,0.0008982937849555221,44.57772077404644,0.5907477140426636,0.6391900181770325,0.0,0.0155833916624755,2
2023-09-05,0.5937396287918091,0.58841872215271,0.6006676,0.60067797,0.005740731325339409,0.0008747745423984248,46.490772683122884,0.5907477140426636,0.6391900181770325,-0.0003934915141578225,0.0047456171807207185,3
2023-09-06,0.58841872215271,0.5870990753173828,0.60067797,0.60412544,0.00592968867850409,0.0005239536117218153,42.44609953882878,0.58841872215271,0.6391900181770325,-0.0165358614550924,-0.009643322664233506,4
2023-09-07,0.5870990753173828,0.588200032711029,0.60412544,0.60332584,0.005827690486038227,0.00024053379344769234,41.41259129838092,0.5870990753173828,0.6391900181770325,-0.006020497844491621,-0.0123260350178588,5
2023-09-08,0.588200032711029,0.5901411175727844,0.58808416,0.590602,0.005725634353711286,0.00016814610360392414,43.20644216691069,0.5870990753173828,0.6391900181770325,-0.01228667031147108,-0.034622942815061473,1
2023-09-11,0.5901411175727844,0.5916810035705566,0.590602,0.5892603,0.005656335670673288,0.0002850556791462169,45.91736794724603,0.5870990753173828,0.6391900181770325,0.0240263755923222,-0.011147545986488218,2
2023-09-12,0.5916810035705566,0.5909885764122009,0.5892603,0.59144574,0.005573366371107688,0.0004882312464220542,46.59721903538158,0.5870990753173828,0.6391900181770325,-0.004785940347257476,-0.015481504480623815,3
2023-09-13,0.5909885764122009,0.5920312404632568,0.59144574,0.592473,0.005469401393023435,0.0005912520787950013,40.061627896281166,0.5870990753173828,0.6391900181770325,0.0010655164645383217,0.0020007824530545656,4
2023-09-14,0.5920312404632568,0.5906001329421997,0.592473,0.593322,0.005377476893581871,0.0007354792257931921,50.13147520722794,0.5870990753173828,0.6391900181770325,0.007030601726295184,0.01516370289001577,5
2023-09-15,0.5906001329421997,0.5905383825302124,0.59078425,0.58982,0.005297662643655946,0.000738426438651356,49.14786852231753,0.5870990753173828,0.6391900181770325,-0.005035805340189019,0.022551268577280258,1
2023-09-18,0.5905383825302124,0.5921399593353271,0.58982,0.5894837,0.005196856798596894,0.000738373776480698,49.6295639993587,0.5870990753173828,0.6391900181770325,-0.005862794874404328,-0.0075597029848361984,2
2023-09-19,0.5921399593353271,0.5951495170593262,0.5894837,0.59034425,0.0051329432818280965,0.0008409103653625781,40.342741784366,0.5870990753173828,0.6391900181770325,-0.007377114694002764,-0.010127959985331293,3
2023-09-20,0.5951495170593262,0.5925294160842896,0.59034425,0.59108084,0.005154233692182289,0.0010903102200190236,49.70721285871409,0.5870990753173828,0.6391900181770325,0.008712615559420978,-0.0025292935561095522,4
2023-09-21,0.5925294160842896,0.5931796431541443,0.59108084,0.5913177,0.005141290785469584,0.0010569304681521032,39.923234831207296,0.5870990753173828,0.6391900181770325,-0.0215845213732607,-0.030667531045628558,5
2023-09-22,0.5931796431541443,0.595710039138794,0.5958721,0.5962905,0.005051422594824992,0.001054355496428332,47.639865612153336,0.5870990753173828,0.6391900181770325,-0.00027282213398609857,-0.026039604154837446,1
2023-09-25,0.595710039138794,0.5967299342155457,0.5962905,0.5962686,0.005042869009570548,0.0011888082466575108,53.96264863828155,0.5870990753173828,0.6391900181770325,-0.004374588745683959,-0.024589071246342516,2
2023-09-26,0.5967299342155457,0.5947707891464233,0.5962686,0.5947795,0.004964370097761486,0.001302992909397325,70.21083542777299,0.5870990753173828,0.6391900181770325,-0.006735854335471202,-0.023963378289850734,3
2023-09-27,0.5947707891464233,0.591621458530426,0.5947795,0.59764177,0.004922236017699021,0.0012054030119171507,68.09300233349265,0.5870990753173828,0.6391900181770325,0.0005515977620020256,-0.03189641567116119,4
2023-09-28,0.591621458530426,0.5964398384094238,0.59764177,0.5992925,0.004961048696053981,0.0009014905281283978,57.358174210882545,0.5870990753173828,0.6391900181770325,0.018439332917652356,0.0076366772754749256,5
2023-09-29,0.5964398384094238,0.5995886921882629,0.5938012,0.593707,0.005172497470204952,0.0009906166294658164,62.05430167750708,0.5870990753173828,0.6391900181770325,0.008490072133495771,0.01650529155265818,1
2023-10-02,0.5995886921882629,0.5941911935806274,0.593707,0.5939867,0.005199789270153633,0.0012126164929570336,64.25558160675487,0.5870990753173828,0.6391900181770325,-0.025551838783158306,-0.004795156656592168,2
2023-10-03,0.5941911935806274,0.5913485288619995,0.5939867,0.5937464,0.0054441664631445395,0.00095808941495019,54.93614276973731,0.5870990753173828,0.6391900181770325,-0.004553301089427976,-0.002620697021484375,3
2023-10-04,0.5913485288619995,0.5918700695037842,0.5937464,0.5943571,0.005431347656031799,0.000579087062548885,49.0030637468231,0.5870990753173828,0.6391900181770325,-0.0087506252678274,-0.011855522946193589,4
2023-10-05,0.5918700695037842,0.596640944480896,0.5943571,0.59444594,0.005330554142621382,0.0003553098193802089,51.90504291845494,0.5870990753173828,0.6391900181770325,-0.010377369546376294,-0.039924222321116046,5
2023-10-06,0.596640944480896,0.5972787737846375,0.59133124,0.5918582,0.005500780356089219,0.0005109282074401711,58.02123452302234,0.5870990753173828,0.6365818381309509,0.021614201324313763,-0.02724101782335615,1
2023-10-09,0.5972787737846375,0.6031108498573303,0.5918582,0.5932522,0.005399234153965308,0.0006312608259293259,56.93005400000322,0.5870990753173828,0.6321192383766174,0.004953880384421103,0.0028909565836614123,2
2023-10-10,0.6031108498573303,0.6041894555091858,0.5932522,0.5944594,0.005682013427943863,0.001053214895922477,59.97690438025011,0.5870990753173828,0.6296991109848022,-0.002886785805103314,0.0045636831163507734,3
2023-10-11,0.6041894555091858,0.6019490957260132,0.5944594,0.5950942,0.005582486718273424,0.0013363440516692513,65.1992373304078,0.5870990753173828,0.6262878179550171,-0.0049682374726279415,0.008370527473150303,4
2023-10-12,0.6019490957260132,0.5921609997749329,0.5950942,0.59355915,0.005526930900810311,0.001302763923695579,60.97623570031349,0.5870990753173828,0.6230296492576599,-0.00554939837534599,0.013250682453870887,5
2023-10-13,0.5921609997749329,0.5906604528427124,0.6046609,0.6039094,0.006418896166988997,0.0005877887263090704,46.24083457601352,0.5870990753173828,0.6216585636138916,-0.003903037387205174,-0.012277586450168083,1
2023-10-16,0.5906604528427124,0.5901515483856201,0.6039094,0.600575,0.006301270427031246,1.0760809271667432e-05,43.63596592649071,0.5870990753173828,0.6216585636138916,0.0019533896712972216,-0.015236796617722292,2
2023-10-17,0.5901515483856201,0.5894801616668701,0.600575,0.59765846,0.00616900863500462,-0.00038629588797734615,45.00466672854594,0.5870990753173828,0.6216585636138916,-0.00321113906573755,-0.015556155978267148,3
2023-10-18,0.5894801616668701,0.5853909850120544,0.59765846,0.6014749,0.006043794816786209,-0.0006592245349925696,47.553229600711596,0.5870990753173828,0.6212299466133118,0.0018162787238428498,-0.00885447264074299,4
2023-10-19,0.5853909850120544,0.5842998623847961,0.6014749,0.6006507,0.0060933302534492036,-0.0010566576172879082,37.160980029006915,0.5853909850120544,0.6204898357391357,0.002648646316544683,-0.0006956196856256845,5
2023-10-20,0.5842998623847961,0.5829306244850159,0.5854532,0.5822637,0.005978730298246347,-0.0013175564281766618,31.341744086916293,0.5842998623847961,0.6204898357391357,-0.013878399770406624,-0.010614488604124455,1
2023-10-23,0.5829306244850159,0.5851101279258728,0.5822637,0.584738,0.005875818281454168,-0.0014939471454248148,34.75929789235403,0.5829306244850159,0.6204898357391357,0.008714011252535694,-0.003902966094710328,2
2023-10-24,0.5851101279258728,0.5846996307373047,0.584738,0.58429897,0.005812280353535827,-0.0013782457443115193,41.40224918469109,0.5829306244850159,0.614148736000061,0.010302177055933804,0.009648967568538589,3
2023-10-25,0.5846996307373047,0.5792199373245239,0.58429897,0.58311754,0.005697520041200343,-0.0012476784094221623,40.08737611280121,0.5829306244850159,0.6106571555137634,-0.010582072795597842,-0.00279173378429189,4
2023-10-26,0.5792199373245239,0.5828898549079895,0.58311754,0.5834123,0.005917867096599214,-0.0014352984996783146,26.37959960820696,0.5792199373245239,0.6106571555137634,-0.0009803193019683053,-0.0064040099196466665,5
2023-10-27,0.5828898549079895,0.5808415412902832,0.58005077,0.58014476,0.0059506758122720715,-0.0012253388143094292,31.97289579487547,0.5792199373245239,0.6106571555137634,0.01818863610653167,0.025974027722385735,1
2023-10-30,0.5808415412902832,0.584030270576477,0.58014476,0.5810217,0.0058741190442393384,-0.0011393216230375903,19.17773638264066,0.5792199373245239,0.6106571555137634,0.004256155347682994,0.02141056253706744,2
2023-10-31,0.584030270576477,0.5807403326034546,0.5810217,0.58141017,0.005871964870299365,-0.0007986857613242007,23.638120922546904,0.5792199373245239,0.606207549571991,-0.002194459013838501,0.008725790029044262,3
2023-11-01,0.5807403326034546,0.5879793763160706,0.58141017,0.5847234,0.005870888336836388,-0.0007279495872339744,23.006581762237246,0.5792199373245239,0.606207549571991,0.0009606765995697496,0.020436717155070994,4
2023-11-02,0.5879793763160706,0.5895808935165405,0.5847234,0.582137,0.006317906306337768,-0.00015649525773716493,44.30854999286095,0.5792199373245239,0.6041894555091858,0.006017543945370837,0.02760263757690561,5
2023-11-03,0.5895808935165405,0.5996102690696716,0.5881417,0.5884943,0.006211511822574956,0.0003394258434429808,48.534679995210524,0.5792199373245239,0.6041894555091858,0.0020431616991153164,0.011144723421003443,1
2023-11-06,0.5996102690696716,0.5963000655174255,0.5884943,0.5879476,0.007050245284851858,0.001299079787738351,60.20194175755932,0.5792199373245239,0.6041894555091858,0.00948005082811503,0.016440658433805024,2
2023-11-07,0.5963000655174255,0.5936000347137451,0.5879476,0.58535373,0.00698620826181005,0.0016448242081582767,56.95961538695483,0.5792199373245239,0.6041894555091858,-0.01070543384542201,0.007826467153232814,3
2023-11-08,0.5936000347137451,0.5912017226219177,0.58535373,0.58496356,0.006893151722116821,0.0016228484508373927,58.6216610430504,0.5792199373245239,0.6041894555091858,-0.011510144819098731,-0.004663912218007072,4
2023-11-09,0.5912017226219177,0.5889298915863037,0.58496356,0.5830398,0.0067908559382872935,0.0013871009989768212,57.05505175191253,0.5792199373245239,0.6041894555091858,0.0019275703259737918,-0.008726496964047948,5
2023-11-10,0.5889298915863037,0.5894210338592529,0.5883649,0.58844155,0.006688023741182062,0.0010346341031718174,56.021316384877046,0.5792199373245239,0.6041894555091858,-0.014269157458469892,-0.02476529606533104,1
2023-11-13,0.5894210338592529,0.5882906913757324,0.58844155,0.59107333,0.006544299031196497,0.0008014549795728074,54.47853338171532,0.5792199373245239,0.6041894555091858,0.021805997400871528,-0.012670216689994464,2
2023-11-14,0.5882906913757324,0.6004491448402405,0.59107333,0.58991146,0.0064150281216971815,0.0005499607084837563,53.67572052614881,0.5792199373245239,0.6041894555091858,0.005445889973388243,0.003405942508251873,3
2023-11-15,0.6004491448402405,0.6028890609741211,0.58991146,0.5853569,0.0076216459152862615,0.0011469770436889097,69.11606058882063,0.5792199373245239,0.6041894555091858,0.009459553378394794,0.024669225438631367,4
2023-11-16,0.6028890609741211,0.596530556678772,0.5853569,0.59311426,0.007492074043435918,0.001621698264865381,68.41644208550368,0.5792199373245239,0.6041894555091858,-0.003503105593846559,0.019119661530883528,5
2023-11-17,0.596530556678772,0.599621057510376,0.60346735,0.60139304,0.007651761936531229,0.0014296907915046315,63.38485540056221,0.5792199373245239,0.6041894555091858,0.008868639896387446,0.04297475870056515,1
2023-11-20,0.599621057510376,0.6039800047874451,0.60139304,0.6023693,0.007552584754486236,0.0014296109162126825,63.32338379413623,0.5792199373245239,0.6041894555091858,0.01986821597491017,0.040955658504646573,2
2023-11-21,0.6039800047874451,0.6054185032844543,0.6023693,0.60093325,0.007535978983657401,0.0016275226446985389,69.50352907043634,0.5792199373245239,0.6041894555091858,0.0005244771158837516,0.03584527141973299,3
2023-11-22,0.6054185032844543,0.6021299958229065,0.60093325,0.60162634,0.007377811197812008,0.0017490711430926857,66.21412531948333,0.5792199373245239,0.6054185032844543,-0.012663431778597542,0.013180907914631196,4
2023-11-23,0.6021299958229065,0.604880154132843,0.60162634,0.60038453,0.007297099146236496,0.0015107319110688,61.31272023478816,0.5792199373245239,0.6054185032844543,0.003313248705167273,0.0201106990764907,5
2023-11-24,0.604880154132843,0.6077501177787781,0.6008578,0.60090697,0.007196045346597156,0.0014412464366793405,55.4683479792582,0.5792199373245239,0.6054185032844543,0.0046201451544259815,0.015785957461276718,1
2023-11-27,0.6077501177787781,0.6103999614715576,0.60090697,0.6007414,0.007104643404763281,0.001485598574213866,61.99081182976917,0.5792199373245239,0.6077501177787781,-0.008995938382002399,-0.013114741591156507,2
2023-11-28,0.6103999614715576,0.614601731300354,0.6007414,0.600823,0.007006205760380774,0.00158154338833704,67.61186121261504,0.5792199373245239,0.6103999614715576,0.010180578370415694,-0.0035391204282871373,3
2023-11-29,0.614601731300354,0.6155892014503479,0.600823,0.5984236,0.007001692152309197,0.001800231550054836,73.63714634924648,0.5792199373245239,0.614601731300354,-0.0039541648051622256,0.005177224793810262,4
2023-11-30,0.6155892014503479,0.6157673001289368,0.5984236,0.6005459,0.006854545916657351,0.0018751566811459185,77.6468450247683,0.5792199373245239,0.6155892014503479,0.011293615185232465,0.01323100072396232,5
2023-12-01,0.6157673001289368,0.6215388178825378,0.6159314,0.615127,0.006704151757361496,0.0018001201727658612,77.50076215244293,0.5792199373245239,0.6157673001289368,0.020677894818539374,0.029632543995026277,1
2023-12-04,0.6215388178825378,0.6165000200271606,0.615127,0.61296386,0.006845778619876697,0.0019878802518861326,81.63948039219022,0.5792199373245239,0.6215388178825378,-0.022900289170939624,0.015415242148678267,2
2023-12-05,0.6165000200271606,0.613399088382721,0.61296386,0.6150942,0.0069067170223057524,0.001636093578731855,67.66842111478972,0.5792199373245239,0.6215388178825378,-0.012643355374770926,-0.007498047677441814,3
2023-12-06,0.613399088382721,0.6140506863594055,0.6150942,0.6157733,0.006834747691392473,0.0010845117988757275,61.40324101439171,0.5792199373245239,0.6215388178825378,-0.014955544784657965,-0.018357096998765914,4
2023-12-07,0.6140506863594055,0.616158127784729,0.6157733,0.61688733,0.006688810561999473,0.0006736229972221126,71.6958933108161,0.5792199373245239,0.6215388178825378,0.01813137003665527,-0.011621862778246046,5
2023-12-08,0.616158127784729,0.6124711632728577,0.61010337,0.6125224,0.006583984204230048,0.0004638305032797522,70.98956899082181,0.5792199373245239,0.6215388178825378,0.009336658119057371,-0.02276796839919933,1
2023-12-11,0.6124711632728577,0.612291157245636,0.6125224,0.61253834,0.00656166353455068,2.0236334662773053e-05,60.96438027215073,0.5792199373245239,0.6215388178825378,-0.010526403080123783,-0.010600687529182173,2
2023-12-12,0.612291157245636,0.6137492060661316,0.61253834,0.6125091,0.0064210060146087985,-0.0003228864799295992,59.17257201770492,0.5792199373245239,0.6215388178825378,0.0015860542510079912,0.003578522218146465,3
2023-12-13,0.6137492060661316,0.6190800070762634,0.6125091,0.60899776,0.006305203480297489,-0.0004797759741610747,66.3041805505373,0.5792199373245239,0.6215388178825378,0.0,0.018700381719912295,4
2023-12-14,0.6190800070762634,0.6213298439979553,0.60899776,0.6112093,0.006435413338866162,-0.0002634701208130488,68.57974893622331,0.5792199373245239,0.6215388178825378,0.026713416462568893,0.027480537653599736,5
2023-12-15,0.6213298439979553,0.6209907531738281,0.6192223,0.6168792,0.006345354659968142,-2.0611192588832275e-05,68.0614484040158,0.5792199373245239,0.6215388178825378,-0.0009004914113787476,0.017015722082822246,1
2023-12-18,0.6209907531738281,0.6213804483413696,0.6168792,0.6161761,0.006212409453080067,6.098727877251048e-05,65.00861573808156,0.5792199373245239,0.6215388178825378,-0.009569435673899764,0.01798943881375036,2
2023-12-19,0.6213804483413696,0.6270418167114258,0.6161761,0.6192797,0.006084369968450288,8.360371026915926e-05,60.770023334040424,0.5792199373245239,0.6215388178825378,0.012396816590175663,0.029054383176943418,3
2023-12-20,0.6270418167114258,0.6253986954689026,0.6192797,0.6169643,0.006257335364436087,0.0004043010695672991,65.84295158798085,0.5792199373245239,0.6270418167114258,0.0014107288714222278,0.030507124376599574,4
2023-12-21,0.6253986954689026,0.6294692158699036,0.6169643,0.6196663,0.006150273799040088,0.00042794134774815605,62.80456687871843,0.5792199373245239,0.6270418167114258,0.0017925663016952,0.005143366607700988,5
2023-12-22,0.6294692158699036,0.6319299340248108,0.6226213,0.62263924,0.006175921145549889,0.0006278086366764447,61.042593453289946,0.5792199373245239,0.6294692158699036,-0.0033316308647010615,0.002702690926488464,1
2023-12-25,0.6319299340248108,0.6306001543998718,0.62263924,0.6230098,0.0061035727457953905,0.0008234895068766537,73.1470867527321,0.5792199373245239,0.6319299340248108,0.0,0.012344047422991241,2
2023-12-26,0.6306001543998718,0.6328513026237488,0.6230098,0.6215356,0.005993285485269493,0.0007625108841821252,77.2522437447117,0.5792199373245239,0.6319299340248108,0.0,-0.00012832745691085886,3
2023-12-27,0.6328513026237488,0.6349488496780396,0.6215356,0.6238332,0.005919047369989689,0.0007706481968920657,78.3495833243455,0.5792199373245239,0.6328513026237488,0.012246637907082969,0.010765104564100873,4
2023-12-28,0.6349488496780396,0.6334887742996216,0.6238332,0.6203484,0.00584107216986439,0.000810120536607224,78.34312100147085,0.5792199373245239,0.6349488496780396,-0.007764293971769715,0.0011513753949217605,5
2023-12-29,0.6334887742996216,0.6319698691368103,0.6351639,0.63785625,0.005743049574091065,0.0006382782779418466,83.9851498030961,0.5792199373245239,0.6349488496780396,-0.008340339060424478,-0.003850562623176049,1
2024-01-01,0.6319698691368103,0.6315284371376038,0.63785625,0.63406646,0.005650140829813343,0.00033778723330196974,80.49955288187952,0.5792199373245239,0.6349488496780396,0.0,-0.003850562623176049,2
2024-01-02,0.6315284371376038,0.625,0.63406646,0.6310411,0.005539800956269217,4.0405793747801295e-05,78.45219654017261,0.5792199373245239,0.6349488496780396,-0.002967966591667373,-0.006802717757627788,3
2024-01-03,0.625,0.6251289248466492,0.6310411,0.62831885,0.005853907795696679,-0.0006279879196764947,59.124055405204295,0.5792199373245239,0.6349488496780396,-0.005572455833696384,-0.024343845596417543,4
2024-01-04,0.6251289248466492,0.6231298446655273,0.62831885,0.6286236,0.005736425173152316,-0.0010675980352131444,56.26481723930505,0.5792199373245239,0.6349488496780396,-0.0042977199205602975,-0.020955792212577862,5
2024-01-05,0.6231298446655273,0.6248789429664612,0.62819433,0.6297313,0.005661464561436704,-0.0014741369727804517,53.34434197872324,0.5792199373245239,0.6349488496780396,-0.009573209599656254,-0.022162083219848337,1
2024-01-08,0.6248789429664612,0.6251797676086426,0.6297313,0.62667483,0.005581988366390037,-0.0015960762431659987,55.246668037292956,0.5792199373245239,0.6349488496780396,0.0013167965968514327,-0.0208736214438968,2
2024-01-09,0.6251797676086426,0.6238303184509277,0.62667483,0.6292604,0.005473798070574547,-0.0016220293585841178,46.67248945507221,0.5792199373245239,0.6349488496780396,-0.013513687151423264,-0.031144960099858503,3
2024-01-10,0.6238303184509277,0.6229597926139832,0.6292604,0.63301474,0.005386395380774238,-0.001688079391991771,47.167556884603215,0.5792199373245239,0.6349488496780396,0.008632709208340604,-0.017283998813949042,4
2024-01-11,0.6229597926139832,0.6242314577102661,0.63301474,0.62926114,0.005290714459406605,-0.0017413877030180297,36.70783776283696,0.5792199373245239,0.6349488496780396,-0.001190846936655388,-0.014226077191731546,5
2024-01-12,0.6242314577102661,0.6232999563217163,0.62430465,0.6253628,0.005208972563542702,-0.0016432366439202654,33.477461066323485,0.5792199373245239,0.6349488496780396,-0.009712037259593223,-0.014362920379632372,1
2024-01-15,0.6232999563217163,0.6190685629844666,0.6253628,0.6258576,0.005120096333049945,-0.0015921546959485958,34.05973840046853,0.5792199373245239,0.6349488496780396,0.0,-0.015659949782439515,2
2024-01-16,0.6190685629844666,0.6140884160995483,0.6258576,0.6261192,0.0052274763165560964,-0.0017802151074769734,22.300298516044634,0.5792199373245239,0.6349488496780396,0.007060573294444214,0.004801890608076558,3
2024-01-17,0.6140884160995483,0.611340343952179,0.6261192,0.6255378,0.005403878654946797,-0.0021520331113121793,12.42914805908623,0.5792199373245239,0.6349488496780396,-0.009067916399167259,-0.012827247795101129,4
2024-01-18,0.611340343952179,0.6120250821113586,0.6255378,0.6239483,0.0053822625852129454,-0.0024721847858789835,11.878063643768883,0.5807403326034546,0.6349488496780396,0.0033433155392109354,-0.008341083331350049,5
2024-01-19,0.6120250821113586,0.6118303537368774,0.61683905,0.62055033,0.005285424927470884,-0.0025184615831054203,14.656064760633242,0.5807403326034546,0.6349488496780396,0.011152546895434285,0.012566826528235877,1
2024-01-22,0.6118303537368774,0.607389509677887,0.62055033,0.6239933,0.005186003129712287,-0.0024410384230773873,14.785342099374517,0.5807403326034546,0.6349488496780396,-0.006091927798664638,0.00641709341361039,2
2024-01-23,0.607389509677887,0.610340416431427,0.6239933,0.6214408,0.005314650986621829,-0.002555554739240386,15.977946205876876,0.5807403326034546,0.6349488496780396,0.0070157113821105385,0.006371944630932478,3
2024-01-24,0.610340416431427,0.6108586192131042,0.6214408,0.62397647,0.005316418943982795,-0.0023068229715074665,24.23871782305693,0.5879793763160706,0.6349488496780396,0.02398134195657936,0.040187502714746116,4
2024-01-25,0.6108586192131042,0.6108884811401367,0.62397647,0.624309,0.005219448024541877,-0.00199344504041767,27.4609107291044,0.5882906913757324,0.6349488496780396,-0.004388225975928769,0.0321762593912731,5
2024-01-26,0.6108884811401367,0.609289824962616,0.60949856,0.6083785,0.005122102041578618,-0.0016825972435308288,22.570798869742234,0.5882906913757324,0.6349488496780396,-0.0038879951335731126,0.016767934230467983,1
2024-01-29,0.609289824962616,0.613481879234314,0.6083785,0.6096645,0.005056898324240815,-0.001489723682354971,20.355350157125358,0.5882906913757324,0.6349488496780396,0.005826338664611392,0.028958546584102605,2
2024-01-30,0.613481879234314,0.613180935382843,0.6096645,0.609666,0.005177338145429611,-0.0010079598430413573,32.54506044252129,0.5882906913757324,0.6349488496780396,0.008612481930482765,0.030602869740803996,3
2024-01-31,0.613180935382843,0.611190915107727,0.609666,0.6088479,0.005082208579556034,-0.0006548153300457178,33.18264941284524,0.5882906913757324,0.6349488496780396,-0.0010245069182320638,0.0051513152016488106,4
2024-02-01,0.611190915107727,0.6145714521408081,0.6088479,0.6069253,0.005034966955629335,-0.0005070997927045587,28.114071240506732,0.5882906913757324,0.6349488496780396,-0.012895073103420765,-0.003363086672848506,5
2024-02-02,0.6145714521408081,0.6064502000808716,0.61007386,0.61256593,0.005083244377609158,-0.0001519944462273601,36.463702312373826,0.5882906913757324,0.6349488496780396,-0.00807924613882932,-0.007531500601108183,1
2024-02-05,0.6064502000808716,0.6053085327148438,0.61256593,0.6118995,0.0057221708879384965,-0.0004191872777896538,32.53802107305292,0.5882906913757324,0.6349488496780396,-0.013037647679487865,-0.026077933021060186,2
2024-02-06,0.6053085327148438,0.6099792718887329,0.6118995,0.6117792,0.005621285555916433,-0.0006160416595006766,36.40568646198258,0.596530556678772,0.6349488496780396,0.0027797897522733395,-0.03174198624611986,3
2024-02-07,0.6099792718887329,0.6109594106674194,0.6117792,0.6124262,0.005746922948362374,-0.0003861515414608349,48.01100978163352,0.596530556678772,0.6349488496780396,-0.011968248285595201,-0.042280580520691634,4
2024-02-08,0.6109594106674194,0.6107914447784424,0.6124262,0.61397946,0.005643018831531664,-0.0001354828360879629,48.456020905333595,0.596530556678772,0.6349488496780396,-0.008598753918678276,-0.03815706056902598,5
2024-02-09,0.6107914447784424,0.6147717237472534,0.6148056,0.6165671,0.005532228082999836,4.2108452611371895e-05,48.49362708325411,0.599621057510376,0.6349488496780396,-0.0052762832972284785,-0.035457268609672514,1
2024-02-12,0.6147717237472534,0.6127901673316956,0.6165671,0.6173153,0.005597128892372959,0.00042922192556171324,60.848786384380226,0.6021299958229065,0.6349488496780396,0.011464089588562928,-0.011532392405875388,2
2024-02-13,0.6127901673316956,0.6057815551757812,0.6173153,0.6165432,0.005528231586193689,0.0005459180266677204,53.70569396557943,0.6021299958229065,0.6349488496780396,-0.0038965189956569586,-0.018109726753085535,3
2024-02-14,0.6057815551757812,0.609061598777771,0.6165432,0.6176806,0.005931329477098345,0.00016494514466433357,43.58053367056401,0.6021299958229065,0.6349488496780396,-0.0036415105876551235,-0.009899649857991832,4
2024-02-15,0.609061598777771,0.6111199259757996,0.6176806,0.617522,0.005922521579172879,0.00014823624444468666,47.86551564684974,0.604880154132843,0.6349488496780396,0.015019725602353009,0.013763357118999996,5
2024-02-16,0.6111199259757996,0.6136400103569031,0.61209077,0.6091294,0.005846318225321198,0.00028241191206601927,52.11552135640306,0.6053085327148438,0.6349488496780396,0.02146373864108183,0.04123709873187334,1
2024-02-19,0.6136400103569031,0.6142581701278687,0.6091294,0.6093389,0.0057949513713825675,0.0005329499842798872,50.19014295482009,0.6053085327148438,0.6349488496780396,0.0,0.029368425104719497,2
2024-02-20,0.6142581701278687,0.616819441318512,0.6093389,0.61046535,0.005683264178526285,0.000720697051442889,51.28550191690792,0.6053085327148438,0.6349488496780396,0.007398266423897814,0.04106082787224886,3
2024-02-21,0.616819441318512,0.6180316805839539,0.61046535,0.6100999,0.005640968582575083,0.0009816081385848482,56.62637413531049,0.6053085327148438,0.6349488496780396,0.0020669521599391153,0.04702067943721747,4
2024-02-22,0.6180316805839539,0.6195287704467773,0.6100999,0.6124294,0.005546528078992271,0.0011863702763153527,54.292838539933534,0.6053085327148438,0.6349488496780396,0.005918700162107859,0.0375349480128178,5
2024-02-23,0.6195287704467773,0.6186893582344055,0.6189899,0.61747086,0.005463857537104377,0.0013606798925516648,69.41698258133255,0.6053085327148438,0.6349488496780396,-0.003984854851828057,0.011464280791233981,1
2024-02-26,0.6186893582344055,0.6167091131210327,0.61747086,0.61832726,0.005366416304011145,0.0013545534915062525,70.04562866658928,0.6053085327148438,0.6349488496780396,-0.01505351262094677,-0.0036477793558462998,2
2024-02-27,0.6167091131210327,0.6170287728309631,0.61832726,0.61789286,0.005306838180930858,0.0011597618545681355,60.96585964694182,0.6053085327148438,0.6349488496780396,0.0018289248539391089,-0.00918138163277236,3
2024-02-28,0.6170287728309631,0.6097100377082825,0.61789286,0.61729467,0.005208947517341848,0.0010010610232754529,60.10719922181306,0.6053085327148438,0.6349488496780396,-0.0009140131607922762,-0.012130579660818576,4
2024-02-29,0.6097100377082825,0.6085797548294067,0.61729467,0.61894405,0.005689746698631958,0.000383554435483361,48.54554637208295,0.6053085327148438,0.6349488496780396,0.0018271916643559571,-0.016164198369149646,5
2024-03-01,0.6085797548294067,0.6103813648223877,0.6109781,0.6126427,0.005590419081026409,-9.509362952148495e-05,40.98056920592474,0.6053085327148438,0.6349488496780396,0.005331944340947728,-0.006955165023490556,1
2024-03-04,0.6103813648223877,0.6096594333648682,0.6126427,0.6141251,0.005518253892500265,-0.0002742930488211868,46.47276612012128,0.6053085327148438,0.6349488496780396,-0.0007785185222983851,0.007322206384455706,2
2024-03-05,0.6096594333648682,0.6087798476219177,0.6141251,0.6155933,0.005417370603052215,-0.00041683127918038106,56.959807273458594,0.6053085327148438,0.6349488496780396,-0.0020789760346844135,0.0033933727851452843,3
2024-03-06,0.6087798476219177,0.6127901673316956,0.6155933,0.61616933,0.005322741653230815,-0.0005380299823738232,49.446649107404156,0.6053085327148438,0.6349488496780396,0.00687020292499271,0.011234482470363995,4
2024-03-07,0.6127901673316956,0.6178789138793945,0.61616933,0.61824137,0.005404996518253161,-0.0003262114256178003,53.04670409720923,0.6053085327148438,0.6349488496780396,0.012580403026815255,0.02216717603286776,5
2024-03-08,0.6178789138793945,0.6179400086402893,0.6124373,0.61211467,0.005582409540011605,0.00015279820251844293,57.069720002624415,0.6053085327148438,0.6349488496780396,-0.008841141992994045,0.007782093707221492,1
2024-03-11,0.6179400086402893,0.6170782446861267,0.61211467,0.61496216,0.005474293966181151,0.0004529662920777506,56.25690050909298,0.6053085327148438,0.6349488496780396,0.00960619751598691,0.018302153955888478,2
2024-03-12,0.6170782446861267,0.614960789680481,0.61496216,0.6140423,0.005377265340168183,0.000565377573700721,50.46677130141258,0.6053085327148438,0.6349488496780396,0.0006371602048168774,0.021071760951267778,3
2024-03-13,0.614960789680481,0.6165000200271606,0.6140423,0.612944,0.005323616675827,0.0004727898611922936,44.63654780271374,0.6053085327148438,0.6349488496780396,0.03196757906286835,0.04702226566450993,4
2024-03-14,0.6165000200271606,0.6124786734580994,0.612944,0.6113106,0.005251569151751862,0.0004888498843089127,44.717923343672815,0.6053085327148438,0.6349488496780396,-0.0038320318658366615,0.029978329731760442,5
2024-03-15,0.6124786734580994,0.608698308467865,0.6135899,0.61464804,0.00533142073887491,0.0002161890942976771,40.2507167077105,0.6053085327148438,0.6349488496780396,0.018529276188101282,0.05855861025226895,1
2024-03-18,0.608698308467865,0.6082687973976135,0.61464804,0.61422086,0.005387454729526926,-0.00020825683606007963,38.097624998007404,0.6053085327148438,0.6349488496780396,0.00048616871846409864,0.04894841448449586,2
2024-03-19,0.6082687973976135,0.6048984527587891,0.61422086,0.6129239,0.005287620441504888,-0.0004912702663642024,37.02686288910231,0.6053085327148438,0.6349488496780396,-0.013703930026624763,0.03401270379245908,3
2024-03-20,0.6048984527587891,0.6089614629745483,0.6129239,0.61556876,0.005315782681340768,-0.000857357937675656,41.93055025200474,0.6048984527587891,0.6349488496780396,-0.00494010682405259,-0.0034546427527572428,4
2024-03-21,0.6089614629745483,0.6046388149261475,0.61556876,0.6143877,0.005405526495107841,-0.0007799905798607514,50.58282610594985,0.6048984527587891,0.6334887742996216,0.001979066521667773,0.0023532391084879647,5
2024-03-22,0.6046388149261475,0.5990211963653564,0.6069522,0.60653496,0.005505935358105511,-0.0009621052893658225,41.858547072105566,0.6046388149261475,0.6319698691368103,-0.01255848718644402,-0.028328300020244564,1
2024-03-25,0.5990211963653564,0.6001608371734619,0.60653496,0.60614264,0.005739027053099761,-0.0013777607379066483,36.75618559148977,0.5990211963653564,0.6315284371376038,0.0027489503641431926,-0.026127129687189266,2
2024-03-26,0.6001608371734619,0.6007593870162964,0.60614264,0.6049273,0.005640130542195332,-0.0014836329496415034,39.33900236955294,0.5990211963653564,0.6251797676086426,-0.0027489503641432724,-0.015399720206958028,3
2024-03-27,0.6007593870162964,0.5992509126663208,0.6049273,0.60404253,0.005534192933270058,-0.0014209386954764482,33.7471636065558,0.5990211963653564,0.6251797676086426,-0.0008762558461157091,-0.011390310092347132,4
2024-03-28,0.5992509126663208,0.5974700450897217,0.60404253,0.6043635,0.005451715353985626,-0.0013871035374401243,22.13967337041791,0.5990211963653564,0.6251797676086426,0.0027513568915070647,-0.010626521453959085,5
2024-03-29,0.5974700450897217,0.5986589789390564,0.59731174,0.5957519,0.00538249119757476,-0.0013873524064768076,20.88267063230309,0.5974700450897217,0.6251797676086426,0.0,0.0018768601466823153,1
2024-04-01,0.5986589789390564,0.5952416062355042,0.5957519,0.59767056,0.005298736908162662,-0.0012162635914670281,24.041282076267336,0.5974700450897217,0.6251797676086426,0.010559764969196424,0.009732975949414087,2
2024-04-02,0.5952416062355042,0.5969401001930237,0.59767056,0.59859324,0.005333360913954176,-0.0012379440061365639,23.19154142984712,0.5952416062355042,0.6242314577102661,0.005914301943359764,0.018518548350672678,3
2024-04-03,0.5969401001930237,0.6014711856842041,0.59859324,0.6010603,0.005269293191078244,-0.0010500077327339004,23.522719754463026,0.5952416062355042,0.6242314577102661,0.02977338834622253,0.05021910323682551,4
2024-04-04,0.6014711856842041,0.6027800440788269,0.6010603,0.5984669,0.005413349323569591,-0.0005573771559536367,35.302544349030256,0.5952416062355042,0.6242314577102661,0.01267868785322154,0.06069689807511909,5
2024-04-05,0.6027800440788269,0.6004491448402405,0.6015484,0.60063076,0.005331557737153675,-0.00010395923190238427,41.53939228684879,0.5952416062355042,0.6232999563217163,-0.0016497692716825132,0.0589484356025073,1
2024-04-08,0.6004491448402405,0.6034383773803711,0.60063076,0.6021894,0.005292456178529966,6.906815938178233e-05,39.39759815093181,0.5952416062355042,0.6195287704467773,0.008806469090440208,0.05709341235206255,2
2024-04-09,0.6034383773803711,0.6067924499511719,0.6021894,0.6020063,0.005299928969408062,0.0003966427760430701,47.9996602950207,0.5952416062355042,0.6195287704467773,0.002102026889271717,0.0530711533565644,3
2024-04-10,0.6067924499511719,0.5974607467651367,0.6020063,0.60300267,0.005332135565682018,0.000826291806102079,46.969530414622206,0.5952416062355042,0.6195287704467773,-0.000933639226970129,0.021225907099426636,4
2024-04-11,0.5974607467651367,0.600121259689331,0.60300267,0.6038623,0.006151233471336384,0.0004859363301676677,41.202442873005666,0.5952416062355042,0.6195287704467773,-0.007030778924386207,0.001295146535488632,5
2024-04-12,0.600121259689331,0.594558596611023,0.59914774,0.5998983,0.006096454507241342,0.00044500661276243667,51.453622083461966,0.5952416062355042,0.6195287704467773,0.001292747486602454,0.004245813348425959,1
2024-04-15,0.594558596611023,0.5902804136276245,0.5998983,0.599349,0.006277820508495029,6.809862165454506e-05,43.37196805794926,0.594558596611023,0.6195287704467773,0.028138256630377733,0.02384854750851167,2
2024-04-16,0.5902804136276245,0.5892091989517212,0.599349,0.6017516,0.006325909077301772,-0.0004178185943806848,38.59527121001391,0.5902804136276245,0.6195287704467773,-0.016927148262715064,0.0045497565582635294,3
2024-04-17,0.5892091989517212,0.5912995934486389,0.6017516,0.6006489,0.0062017594639532155,-0.0007409745789219387,38.966142367624094,0.5892091989517212,0.6195287704467773,0.008556985206100346,0.014128945362502582,4
2024-04-18,0.5912995934486389,0.5903501510620117,0.6006489,0.6010685,0.006118900089427501,-0.0007417192638093,43.26570174012035,0.5892091989517212,0.6195287704467773,0.022316666301241708,0.044332063487079305,5
2024-04-19,0.5903501510620117,0.5900297164916992,0.5914055,0.59090793,0.006000765929224276,-0.0007326485146638504,40.88427126615372,0.5892091989517212,0.6195287704467773,0.01375477653638138,0.057427991432051406,1
2024-04-22,0.5900297164916992,0.5921199917793274,0.59090793,0.59022385,0.005879421333839513,-0.0006760894817574867,43.86507242695914,0.5892091989517212,0.6195287704467773,-0.00033316364718428856,0.027746063044642694,2
2024-04-23,0.5921199917793274,0.5936902165412903,0.59022385,0.59053206,0.005810694866345639,-0.0004373438145913737,44.3780918826176,0.5892091989517212,0.6195287704467773,-0.002224498456326981,0.04296828277046873,3
2024-04-24,0.5936902165412903,0.593591570854187,0.59053206,0.59114534,0.00572357856065549,-0.0001291141515902261,40.251393852858726,0.5892091989517212,0.6195287704467773,-0.005247004104412529,0.02867007295470909,4
2024-04-25,0.593591570854187,0.5958410501480103,0.59114534,0.59045404,0.0056114451805502254,0.00010029968960658699,38.12794285036574,0.5892091989517212,0.6195287704467773,0.022905541498675425,0.02927600964004672,5
2024-04-26,0.5958410501480103,0.5947707891464233,0.5907649,0.59021056,0.0055614292501074344,0.0004179102953221839,44.03351253401494,0.5892091989517212,0.6195287704467773,-0.00032827392489267614,0.014882255535155991,1
2024-04-29,0.5947707891464233,0.5971611142158508,0.59021056,0.59234816,0.005466704453450302,0.0005613406793726632,38.190494443560155,0.5892091989517212,0.6195287704467773,0.01950650398856371,0.035218244771028646,2
2024-04-30,0.5971611142158508,0.5879517197608948,0.59234816,0.5934236,0.005430350425065038,0.000807646526711748,36.523478223157795,0.5892091989517212,0.6195287704467773,-0.02049186837508004,0.01647920770168736,3
2024-05-01,0.5879517197608948,0.5930107831954956,0.5934236,0.5940249,0.006227747318276804,0.0003634131711019082,36.64891934368938,0.5879517197608948,0.6195287704467773,-0.002632464921645256,0.01914030968048815,4
2024-05-02,0.5930107831954956,0.5963882803916931,0.5940249,0.5937492,0.006359531719927763,0.00041940202427747514,40.646571596137385,0.5879517197608948,0.6195287704467773,-0.012933317917676535,-0.016737761883553245,5
2024-05-03,0.5963882803916931,0.6007593870162964,0.59354496,0.5920944,0.006339931487202925,0.0006777159078651118,52.55365274581934,0.5879517197608948,0.6195287704467773,0.017535645885979678,0.0009849834380221767,1
2024-05-06,0.6007593870162964,0.6009507179260254,0.5920944,0.5936803,0.006394357804655886,0.0011111671410331202,64.58745436442084,0.5879517197608948,0.6195287704467773,0.01324951378365935,-0.005258616357531054,2
2024-05-07,0.6009507179260254,0.5997199416160583,0.5936803,0.59441674,0.006259540493371495,0.0013623927459712705,66.75546664217012,0.5879517197608948,0.6195287704467773,-0.0019438071566325993,0.013364081295802015,3
2024-05-08,0.5997199416160583,0.6004202961921692,0.59441674,0.5942039,0.006143276465869244,0.0013923724669796266,62.318282015151304,0.5879517197608948,0.6195287704467773,-0.013823437394735733,0.0020867714839110266,4
2024-05-09,0.6004202961921692,0.6036205291748047,0.5942039,0.5934085,0.006022843455428052,0.0014021747308468743,64.83995242754776,0.5879517197608948,0.6195287704467773,0.009924347576340845,0.025255923301156197,5
2024-05-10,0.6036205291748047,0.6018512845039368,0.6013346,0.6017808,0.006006125212486344,0.0015551568645011053,68.46127937404461,0.5879517197608948,0.6195287704467773,0.01849315461480506,0.026238084936127178,1
2024-05-13,0.6018512845039368,0.6023406982421875,0.6017808,0.6008921,0.005915372366808805,0.001469176819134938,63.334945096591454,0.5879517197608948,0.6195287704467773,0.023374418437470987,0.03668142740628882,2
2024-05-14,0.6023406982421875,0.6043282151222229,0.6008921,0.6016173,0.005800520967649197,0.0013787208773561725,62.21573548944251,0.5879517197608948,0.6195287704467773,0.030541355672711972,0.07091116149403265,3
2024-05-15,0.6043282151222229,0.6130606532096863,0.6016173,0.600858,0.005729233546154543,0.0013826644392585731,64.3938292183602,0.5879517197608948,0.6195287704467773,0.003224888630024549,0.08932492001061543,4
2024-05-16,0.6130606532096863,0.6124201416969299,0.600858,0.6015813,0.006363900423760071,0.0018728627953655322,69.66653006375861,0.5879517197608948,0.6195287704467773,-0.015717986101867597,0.061747176854992245,5
2024-05-17,0.6124201416969299,0.6136701107025146,0.61220384,0.6138704,0.006234146494802968,0.0020397108485990458,70.35718066931673,0.5879517197608948,0.6186893582344055,0.0331721954064959,0.0774475583265764,1
2024-05-20,0.6136701107025146,0.6108101606369019,0.6138704,0.6146023,0.0061210999142048885,0.0021111398822323438,69.55632093336553,0.5879517197608948,0.6179400086402893,0.00601311573402973,0.05890310881543807,2
2024-05-21,0.6108101606369019,0.6093807816505432,0.6146023,0.61507875,0.006072730871926565,0.0018519205465450518,81.8723083137058,0.5879517197608948,0.6179400086402893,0.006172529764052082,0.033410754196908386,3
2024-05-22,0.6093807816505432,0.6100090146064758,0.61507875,0.6150344,0.005969044107981659,0.0014861207272799711,75.39581117943501,0.5879517197608948,0.6179400086402893,-0.05037867628083627,-0.02052525106754622,4
2024-05-23,0.6100090146064758,0.609730064868927,0.6150344,0.6156279,0.0058544668941277935,0.0012006189741482747,73.10129397492923,0.5879517197608948,0.6179400086402893,-0.01053286097353198,-0.015433362302261722,5
2024-05-24,0.609730064868927,0.6121711730957031,0.60954094,0.6114223,0.005740101875689131,0.0009197822332494207,67.6669523060489,0.5879517197608948,0.6179400086402893,-0.007920855535350033,-0.05507219127647332,1
2024-05-27,0.6121711730957031,0.6152294278144836,0.6114223,0.61112106,0.005691049764931725,0.0008280827326296591,70.29890659707995,0.5879517197608948,0.6179400086402893,0.0,-0.06073710259782753,2
2024-05-28,0.6152294278144836,0.6140695810317993,0.61112106,0.61499804,0.0056780508221193435,0.0008972353086700081,76.31799332456762,0.5879517197608948,0.6179400086402893,0.02009599827290059,-0.04756783704930668,3
2024-05-29,0.6140695810317993,0.6113590598106384,0.61499804,0.614282,0.005581898999345302,0.0007923473935030501,72.80578577418191,0.5879517197608948,0.6179400086402893,-0.014461603129634713,-0.012737503853637878,4
2024-05-30,0.6113590598106384,0.6116507053375244,0.614282,0.6156262,0.005550359831318595,0.00048310632801375035,63.14496712517946,0.5879517197608948,0.6179400086402893,-0.02817387080286396,-0.030001089998319956,5
2024-05-31,0.6116507053375244,0.6148586869239807,0.6084215,0.60939646,0.0054464742211660765,0.0002524817657378535,67.5254182363187,0.5879517197608948,0.6179400086402893,-0.013359344858423529,-0.03526209977387032,1
2024-06-03,0.6148586869239807,0.6193599700927734,0.60939646,0.60987306,0.005456150431140294,0.00026876052247792274,70.40335131921276,0.5879517197608948,0.6170782446861267,0.014429002560831695,-0.021240982030069928,2
2024-06-04,0.6193599700927734,0.6174706816673279,0.60987306,0.60731626,0.005566692922947326,0.0005208630629383879,72.6449571418566,0.5879517197608948,0.6193599700927734,-0.0279693436772657,-0.06717266531470713,3
2024-06-05,0.6174706816673279,0.6196286082267761,0.60731626,0.6078484,0.005496655773594495,0.0004985412487342302,58.36915308532492,0.5879517197608948,0.6193599700927734,0.015598963957449268,-0.038705622540649486,4
2024-06-06,0.6196286082267761,0.6197015643119812,0.6078484,0.60625416,0.005443029470590426,0.0005625332408485482,62.93493281082215,0.5879517197608948,0.6196286082267761,0.015359267282059677,0.004066792312715365,5
2024-06-07,0.6197015643119812,0.6106199026107788,0.619874,0.61873597,0.00534157846028443,0.0005429304167788264,61.30022178099294,0.5879517197608948,0.6197015643119812,-0.04279131341481485,-0.025054223416923954,1
2024-06-10,0.6106199026107788,0.6128314733505249,0.61873597,0.61927116,0.006065076212449184,-0.00011350417465992146,49.710933453113626,0.5879517197608948,0.6197015643119812,0.013700313066128967,-0.025764397382646267,2
2024-06-11,0.6128314733505249,0.614601731300354,0.61927116,0.61785746,0.005991498291782738,-0.00041371478410930605,55.12105370237684,0.5879517197608948,0.6197015643119812,-0.007379337539937879,-0.005496942863520457,3
2024-06-12,0.614601731300354,0.6186816692352295,0.61785746,0.6191514,0.005903623913985885,-0.0005021341782177544,56.59243161848376,0.5879517197608948,0.6197015643119812,0.012851028875042267,-0.008226021321262612,4
2024-06-13,0.6186816692352295,0.6161011457443237,0.6191514,0.62010586,0.0059490624738940965,-0.0003046290047073741,61.5850657615613,0.5879517197608948,0.6197015643119812,-0.01628375290112501,-0.039117419244663915,5
2024-06-14,0.6161011457443237,0.6137416958808899,0.6199905,0.6219354,0.00589337898067028,-0.00036262617606925857,55.06783866296499,0.5879517197608948,0.6197015643119812,0.009604300840204132,0.012570910229002774,1
2024-06-17,0.6137416958808899,0.613800048828125,0.6219354,0.62183136,0.00583022333285212,-0.0005627920588915465,48.04630629784437,0.5879517197608948,0.6197015643119812,-0.006503193353933149,-0.007681300940289606,2
2024-06-18,0.613800048828125,0.614058256149292,0.62183136,0.6224162,0.005716861413743449,-0.0006859922655637696,49.63550482823104,0.5879517197608948,0.6197015643119812,0.008917257879037289,0.008622603663855404,3
2024-06-19,0.614058256149292,0.6139414310455322,0.6224162,0.62380695,0.005608114292832196,-0.0007401757647022287,53.909494152809124,0.5879517197608948,0.6197015643119812,0.0,-0.004256303690364653,4
2024-06-20,0.6139414310455322,0.6122798919677734,0.62380695,0.6240084,0.005502193127935551,-0.0007705072230002287,53.33475636633728,0.5879517197608948,0.6197015643119812,0.01220063799655793,0.024514665479307807,5
2024-06-21,0.6122798919677734,0.6111199259757996,0.61434084,0.6128687,0.005427430342377205,-0.0008811225542943303,46.068883804691716,0.5879517197608948,0.6197015643119812,-0.02721855311482856,-0.01252475472119591,1
2024-06-24,0.6111199259757996,0.6120513081550598,0.6128687,0.6120741,0.0053408206088405765,-0.0010022421442730132,36.01413104398549,0.5879517197608948,0.6197015643119812,0.007316293073440092,0.0012163750189434393,2
2024-06-25,0.6120513081550598,0.6119089722633362,0.6120741,0.61330307,0.005253562721884546,-0.0009878470439495766,40.49251296637109,0.5879517197608948,0.6197015643119812,-0.0327824390894477,-0.03967552912777993,3
2024-06-26,0.6119089722633362,0.6080284118652344,0.61330307,0.6129731,0.005158916317455142,-0.0009555392517012179,35.426381362187854,0.5879517197608948,0.6197015643119812,-0.0030862946880555733,-0.04263480449414338,4
2024-06-27,0.6080284118652344,0.6084686517715454,0.6129731,0.61122,0.005233304527992049,-0.0011500846466192072,30.732647941364547,0.5879517197608948,0.6197015643119812,-0.008969709638196547,-0.06268952676442138,5
2024-06-28,0.6084686517715454,0.6099197268486023,0.6084148,0.60881615,0.005141764019509852,-0.0011982541765058823,45.03201687011007,0.5879517197608948,0.6197015643119812,0.014222117373647194,-0.023030683208763957,1
2024-07-01,0.6099197268486023,0.6064796447753906,0.60881615,0.60967153,0.005075819933538671,-0.001084912820857659,43.03098260420501,0.5879517197608948,0.6197015643119812,0.00816603727846639,-0.02220015637562485,2
2024-07-02,0.6064796447753906,0.6082206964492798,0.60967153,0.60957503,0.005120515088637883,-0.0011859505992138299,31.999302513593065,0.5879517197608948,0.6197015643119812,0.0006775653866961057,0.011070545667796774,3
2024-07-03,0.6082206964492798,0.6107205748558044,0.60957503,0.60943925,0.005066588136309371,-0.0010827096252760742,24.134150007958453,0.5879517197608948,0.6197015643119812,0.024860493631748855,0.03972525881040615,4
2024-07-04,0.6107205748558044,0.611340343952179,0.60943925,0.60987276,0.0050523811418540145,-0.0008059484858243197,36.64270558049653,0.5879517197608948,0.6197015643119812,0.0,0.04909324372885023,5
2024-07-05,0.611340343952179,0.6141110062599182,0.61096936,0.6116303,0.004968799136885307,-0.0005530838087983664,43.475035792719666,0.5879517197608948,0.6197015643119812,0.025546321916446516,0.061040911443722354,1
2024-07-08,0.6141110062599182,0.6131207942962646,0.6116303,0.61182463,0.004975272208063013,-0.00018992698593018484,50.73639220048161,0.5879517197608948,0.6197015643119812,-0.007865990774347974,0.04416590551180254,2
2024-07-09,0.6131207942962646,0.6127113103866577,0.61182463,0.61182314,0.004899790471343395,-1.6255791397906788e-05,47.85434424350901,0.5879517197608948,0.6197015643119812,-0.009565322367084766,0.033525220050735605,3
2024-07-10,0.6127113103866577,0.6087983250617981,0.61182314,0.6116091,0.004817482337483261,6.6643109203972e-05,47.221728618429914,0.5879517197608948,0.6197015643119812,0.006423190591299147,0.014644392983972663,4
2024-07-11,0.6087983250617981,0.6094588041305542,0.6116091,0.61113834,0.004918971474532382,-0.00013543517146124992,42.86262405575881,0.5879517197608948,0.6197015643119812,-0.021720901163740036,-0.007156967844835652,5
2024-07-12,0.6094588041305542,0.6095516681671143,0.60968983,0.6103624,0.0048403327718562865,-0.00021336185372304762,46.52342375832998,0.5879517197608948,0.6197015643119812,0.01976558846027169,-0.012879771838777561,1
2024-07-15,0.6095516681671143,0.6076810956001282,0.6103624,0.6106124,0.004758224980666117,-0.00024512524434884417,44.57818241054137,0.5879517197608948,0.6197015643119812,-0.015228992799344712,-0.020121247860706418,2
2024-07-16,0.6076810956001282,0.6069099307060242,0.6106124,0.610831,0.004720941295711465,-0.00037103253576270426,41.46914643357115,0.5879517197608948,0.6197015643119812,-0.01894630220224455,-0.029270489154923328,3
2024-07-17,0.6069099307060242,0.608061671257019,0.610831,0.60824215,0.004649030842512319,-0.00047833984458445136,47.419348627915866,0.5879517197608948,0.6197015643119812,-0.010177538893199707,-0.045252285403101514,4
2024-07-18,0.608061671257019,0.6043793559074402,0.60824215,0.60812265,0.004591027110664185,-0.0004445582517010209,49.09083162009864,0.5879517197608948,0.6197015643119812,-0.030700708760375874,-0.05378735717889246,5
2024-07-19,0.6043793559074402,0.6024205088615417,0.6071782,0.60823965,0.004690837742591904,-0.0006316006716536997,38.74515065069671,0.5879517197608948,0.6197015643119812,-0.011078471169803832,-0.08252689590867787,1
2024-07-22,0.6024205088615417,0.5978501439094543,0.60823965,0.6075344,0.004661085348426041,-0.0008358189655579652,41.226155721209714,0.5879517197608948,0.6197015643119812,-0.009167236684088352,-0.07694850737539423,2
2024-07-23,0.5978501439094543,0.595291256904602,0.6075344,0.60765696,0.0048510168470524105,-0.0012048532753817201,30.026930909474956,0.5879517197608948,0.6197015643119812,-0.008286871976554549,-0.06705667742125507,3
2024-07-24,0.595291256904602,0.5927295684814453,0.60765696,0.6091953,0.004849034672688309,-0.0015267317549009425,20.351438211976202,0.5930107831954956,0.6197015643119812,-0.011400955993048967,-0.06819735832874815,4
2024-07-25,0.5927295684814453,0.5889801979064941,0.6091953,0.6082717,0.004847805175274633,-0.001798879521246215,16.721626674113097,0.5927295684814453,0.6197015643119812,0.0032881265324324637,-0.035982093456063576,5
2024-07-26,0.5889801979064941,0.5889000296592712,0.591683,0.59152824,0.004942232302887543,-0.002097285694384142,6.582651802392746,0.5889801979064941,0.6197015643119812,-0.001947274275511693,-0.027139144229286913,1
2024-07-29,0.5889000296592712,0.5877305269241333,0.59152824,0.5946894,0.0048560785691430354,-0.0021575671245363448,6.796362174954979,0.5889000296592712,0.6197015643119812,-0.010408474810337234,-0.028345947095199987,2
2024-07-30,0.5877305269241333,0.5902003049850464,0.5946894,0.5962152,0.004789230683976957,-0.002130037777076004,6.61695291409265,0.5877305269241333,0.6197015643119812,0.0002462533816531066,-0.02001922530176685,3
2024-07-31,0.5902003049850464,0.595181405544281,0.5962152,0.5984743,0.004792975401090046,-0.0018118082839326932,15.997157920661522,0.5877305269241333,0.6197015643119812,0.023593370826798465,0.01488164689946495,4
2024-08-01,0.595181405544281,0.5936197638511658,0.5984743,0.5970338,0.005036484963332991,-0.0011636594746471923,27.457948041339563,0.5877305269241333,0.6197015643119812,-0.022732313002838966,-0.011185410743160967,5
2024-08-02,0.5936197638511658,0.594700038433075,0.59687215,0.5969596,0.00497585762184064,-0.0007575909713801714,25.960654664366686,0.5877305269241333,0.6197015643119812,0.00429420279958116,-0.0049944468711952935,1
2024-08-05,0.594700038433075,0.5950503945350647,0.5969596,0.5955365,0.0049046126632876046,-0.0003542128682456165,29.93458512226134,0.5877305269241333,0.6197015643119812,-0.02479059580656718,-0.019202322532810838,2
2024-08-06,0.5950503945350647,0.5974107980728149,0.5955365,0.59436744,0.004821710663725551,-1.9441171898523443e-05,31.426544442992366,0.5877305269241333,0.6197015643119812,0.006878875148857098,-0.012675441267994792,3
2024-08-07,0.5974107980728149,0.5986088514328003,0.59436744,0.59556985,0.0048142368001871496,0.00038310091417062715,33.92791613000712,0.5877305269241333,0.6197015643119812,-0.018619202580670492,-0.05348554220513352,4
2024-08-08,0.5986088514328003,0.6007015705108643,0.59556985,0.59516567,0.004752152805022167,0.0007319666089063105,40.586586909723096,0.5877305269241333,0.6197015643119812,0.0019029332241082232,-0.029878334708595813,5
2024-08-09,0.6007015705108643,0.5994916558265686,0.59627265,0.5960374,0.00473139530962532,0.0010843280413097758,47.20809332494312,0.5877305269241333,0.6197015643119812,0.008832886712819966,-0.02546525189412581,1
2024-08-12,0.5994916558265686,0.6023406982421875,0.5960374,0.5968904,0.004669821079850261,0.0012071713917209668,52.99285366532202,0.5877305269241333,0.6197015643119812,0.01866882114543386,0.017821250336697538,2
2024-08-13,0.6023406982421875,0.6079211831092834,0.5968904,0.5978868,0.004702209973990954,0.0014359993752913296,62.71818893505734,0.5877305269241333,0.6197015643119812,-0.004696598507653004,0.006107414660529139,3
2024-08-14,0.6079211831092834,0.6000707745552063,0.5978868,0.5974893,0.0050175381968525,0.0018903022756997599,74.71562864252314,0.5877305269241333,0.6197015643119812,-0.0027291121621621237,0.022222246442522322,4
2024-08-15,0.6000707745552063,0.5980896949768066,0.5974893,0.59825784,0.0056239007452147305,0.0016006765546896133,65.91925258591925,0.5877305269241333,0.6197015643119812,0.02792926345594375,0.04917617465270208,5
2024-08-16,0.5980896949768066,0.6057485342025757,0.5975716,0.59832346,0.005554984596990029,0.001230872042698975,62.508133121966814,0.5877305269241333,0.6197015643119812,-0.0027822873448715467,0.037060310914598826,1
2024-08-19,0.6057485342025757,0.6117704510688782,0.59832346,0.59631634,0.006073430072811996,0.0014425904725435795,70.84254943600209,0.5877305269241333,0.6197015643119812,0.009404466138288877,0.027496983460981842,2
2024-08-20,0.6117704510688782,0.6157407760620117,0.59631634,0.5950012,0.0063066717799866315,0.0018999450700934325,73.05673600713581,0.5877305269241333,0.6197015643119812,-0.004088557498111929,0.028121933742551633,3
2024-08-21,0.6157407760620117,0.6162492632865906,0.5950012,0.59564924,0.006322724172094573,0.0023520262154642767,72.4616672983276,0.5877305269241333,0.6197015643119812,0.007682204488819919,0.0388819525373482,4
2024-08-22,0.6162492632865906,0.6143600344657898,0.59564924,0.59503317,0.006188834996802772,0.0025508160800880573,75.3056730138586,0.5877305269241333,0.6197015643119812,-0.009732768985843696,0.00048317348900567183,5
2024-08-23,0.6143600344657898,0.6224092245101929,0.6161433,0.6197744,0.006090913437639772,0.0024215965214811497,71.594301576494,0.5877305269241333,0.6197015643119812,0.01283688121007074,0.016232564829346596,1
2024-08-26,0.6224092245101929,0.6205514073371887,0.6197744,0.61910367,0.0065693873599271535,0.0027222882794866966,75.7034780514848,0.5877305269241333,0.6224092245101929,0.004044782599055961,0.010800450091235947,2
2024-08-27,0.6205514073371887,0.6244106888771057,0.61910367,0.62350696,0.00645395465529814,0.002638230661463555,71.94774623411305,0.5877305269241333,0.6224092245101929,0.004501323054126366,0.019520503711044603,3
2024-08-28,0.6244106888771057,0.6247500777244568,0.62350696,0.6244198,0.006449494242104951,0.0026762648499520803,73.2957988421065,0.5877305269241333,0.6244106888771057,-0.020417457696083448,-0.008728919640821823,4
2024-08-29,0.6247500777244568,0.6263309121131897,0.6244198,0.6229944,0.006310684971469822,0.002558098924967468,72.42268127177846,0.5877305269241333,0.6247500777244568,0.0006029682943513182,0.0015697281970487912,5
2024-08-30,0.6263309121131897,0.625,0.62669724,0.62619424,0.0062000037080927484,0.0024216199773121356,74.85285481527926,0.5877305269241333,0.6263309121131897,-0.000602968294351396,-0.011801165553951888,1
2024-09-02,0.625,0.6230490803718567,0.62619424,0.6266958,0.006085811061785903,0.002089477012632358,71.58925443926773,0.5877305269241333,0.6263309121131897,0.0,-0.01579014229368231,2
2024-09-03,0.6230490803718567,0.618739128112793,0.6266958,0.62859994,0.005994897165446017,0.0016077773438490806,65.48446453149558,0.5877305269241333,0.6263309121131897,-0.02764023713283298,-0.04692120222696072,3
2024-09-04,0.618739128112793,0.6186702251434326,0.62859994,0.6310575,0.006046321401212866,0.0009033775217755294,70.60152997125549,0.5877305269241333,0.6263309121131897,-0.003105085111750596,-0.030277491617961977,4
2024-09-05,0.6186702251434326,0.6224402189254761,0.6310575,0.6293864,0.005922615246861683,0.0003649142383749743,73.71247582630099,0.5877305269241333,0.6263309121131897,0.014326561027738912,-0.016877678364688273,5
2024-09-06,0.6224402189254761,0.6171315908432007,0.6182355,0.61942774,0.005942108183278053,0.00020284160672203247,71.12489061887088,0.5877305269241333,0.6263309121131897,-0.01557118096774766,-0.03148367681139164,1
2024-09-09,0.6171315908432007,0.6142317652702332,0.61942774,0.61909366,0.0060866535385877,-0.0002946592962677604,56.909778398501665,0.5877305269241333,0.6263309121131897,0.017286439839061352,-0.014595933712157162,2
2024-09-10,0.6142317652702332,0.6150099039077759,0.61909366,0.61953026,0.006040041890311005,-0.0008219245851083454,47.99989887706137,0.5877305269241333,0.6263309121131897,-0.01083079435184659,0.002108159485470008,3
2024-09-11,0.6150099039077759,0.6132185459136963,0.61953026,0.6230867,0.005923241082758152,-0.001103613080755056,48.36896411611237,0.5877305269241333,0.6263309121131897,0.010463569894938275,0.015798086292642198,4
2024-09-12,0.6132185459136963,0.6187008619308472,0.6230867,0.62372637,0.005834677488961858,-0.0013780761383994072,48.49388541543785,0.5877305269241333,0.6263309121131897,0.01217145342574411,0.013611289352515344,5
2024-09-13,0.6187008619308472,0.6164087653160095,0.61685085,0.61557186,0.006014918383502238,-0.001166292827429992,44.75156484621485,0.5877305269241333,0.6263309121131897,0.01011089337881664,0.03998008318548353,1
2024-09-16,0.6164087653160095,0.6196094155311584,0.61557186,0.6183914,0.0059416916664092635,-0.0011543283783448989,44.20812805418703,0.5877305269241333,0.6263309121131897,0.00906053645250728,0.03146039659731232,2
2024-09-17,0.6196094155311584,0.619398295879364,0.6183914,0.6194496,0.005923089071023787,-0.0009150684984432327,43.16134246603254,0.5877305269241333,0.6263309121131897,0.0001187212220558712,0.042816446438048404,3
2024-09-18,0.619398295879364,0.6208904981613159,0.6194496,0.620674,0.005804579519072317,-0.0007615322003970389,42.34927419162431,0.5877305269241333,0.6263309121131897,0.005797778381147515,0.03796221553272156,4
2024-09-19,0.6208904981613159,0.6237019300460815,0.620674,0.6202624,0.005712853180001309,-0.0005593366966985406,42.20280980750273,0.5877305269241333,0.6263309121131897,0.011262404495693233,0.03701908583172897,5
2024-09-20,0.6237019300460815,0.6236202716827393,0.6204659,0.618526,0.005681277140554189,-0.00025177697523423104,48.21534517967831,0.5877305269241333,0.6263309121131897,-0.0010504611301073035,0.025508902292358842,1
2024-09-23,0.6236202716827393,0.6267195343971252,0.618526,0.6207367,0.005570927169988835,-7.835620232776383e-05,50.82785490294323,0.5877305269241333,0.6263309121131897,0.001750230130358872,0.01803945332479335,2
2024-09-24,0.6267195343971252,0.6352190971374512,0.6207367,0.62227136,0.005562488900652041,0.00020507541444967628,61.98706114709216,0.5877305269241333,0.6267195343971252,0.032233120582951455,0.05126381367872481,3
2024-09-25,0.6352190971374512,0.6257195472717285,0.62227136,0.62048435,0.006136739511126778,0.0008867688664191695,69.83409437703953,0.5877305269241333,0.6352190971374512,-0.0003387253064925078,0.04483248253491049,4
2024-09-26,0.6257195472717285,0.6331197619438171,0.62048435,0.6214888,0.006779545992170577,0.0006316671809453618,53.45572218551282,0.5877305269241333,0.6352190971374512,0.03396927361253579,0.06882876616543135,5
2024-09-27,0.6331197619438171,0.634981095790863,0.6253628,0.62256515,0.007079569331433205,0.0008798370985410387,66.13682767980575,0.5877305269241333,0.6352190971374512,-0.008770054674294606,0.06060960762030686,1
2024-09-30,0.634981095790863,0.6345298290252686,0.62256515,0.6203149,0.006946606620704503,0.0010749546686488927,71.3906674368018,0.5877305269241333,0.6352190971374512,-0.009959156737551753,0.048262946395565824,2
2024-10-01,0.6345298290252686,0.6282985806465149,0.6203149,0.6213671,0.006792217788887797,0.0010765568621316085,70.2598035697936,0.5877305269241333,0.6352190971374512,0.008747270990222236,0.023930453579292812,3
2024-10-02,0.6282985806465149,0.6261191964149475,0.6213671,0.6210329,0.006954192528925197,0.0005854647626170831,64.33084291079228,0.5877305269241333,0.6352190971374512,0.013251060309858634,0.037940429599268334,4
2024-10-03,0.6261191964149475,0.6217281222343445,0.6210329,0.621093,0.006836330471709623,6.855139603280727e-05,57.52199018253332,0.5877305269241333,0.6352190971374512,-0.020664692030848586,-0.017245142709215823,5
2024-10-04,0.6217281222343445,0.6160784363746643,0.6305843,0.6291198,0.006843249393851252,-0.0005787499158089598,55.1734692457879,0.5877305269241333,0.6352190971374512,0.00454323643639212,-0.00407395984970126,1
2024-10-07,0.6160784363746643,0.6128502488136292,0.6291198,0.6271435,0.006956406541880756,-0.0013528458302076163,46.722015396124846,0.5877305269241333,0.6352190971374512,-0.0007742044750523483,0.005115712028949617,2
2024-10-08,0.6128502488136292,0.6131395697593689,0.6271435,0.6281265,0.006887610843630098,-0.0020082169844461094,44.2435827302242,0.5877305269241333,0.6352190971374512,-0.023962600218861506,-0.027229604001752186,3
2024-10-09,0.6131395697593689,0.6070908308029175,0.6281265,0.6286206,0.006735977883984064,-0.0023257618121531112,43.03890300318722,0.5877305269241333,0.6352190971374512,-0.013003527344188167,-0.05243693761411903,4
2024-10-10,0.6070908308029175,0.6096000075340271,0.6286206,0.6307407,0.0069028288942949165,-0.002814096713058373,35.90140779518269,0.5877305269241333,0.6352190971374512,0.006865063336545291,-0.025988367376033456,5
2024-10-11,0.6096000075340271,0.6091692447662354,0.60910183,0.6081508,0.006806491607281589,-0.0028313201186792774,38.57130779792845,0.5877305269241333,0.6352190971374512,0.015051426299758246,-0.01569930316931963,1
2024-10-14,0.6091692447662354,0.6089614629745483,0.6081508,0.6075163,0.006658654902580557,-0.0027335240059367084,35.04309105557084,0.5877305269241333,0.6352190971374512,-0.019966589598124317,-0.03441025300120396,2
2024-10-15,0.6089614629745483,0.6056311726570129,0.6075163,0.6090914,0.006515106120698366,-0.0025483021420973566,23.939242639002927,0.5877305269241333,0.6352190971374512,-0.014543239227710301,-0.025272044125808683,3
2024-10-16,0.6056311726570129,0.6058696508407593,0.6090914,0.61182874,0.006475272046088114,-0.002511456250675986,27.27994660878123,0.5877305269241333,0.6352190971374512,0.007182639183070338,-0.00539608853382374,4
2024-10-17,0.6058696508407593,0.6060715913772583,0.61182874,0.61144584,0.0063387139836790125,-0.0023360664814906815,13.221975702326958,0.5877305269241333,0.6352190971374512,-0.010443370880604458,-0.02246299809091158,5
2024-10-18,0.6060715913772583,0.6076700091362,0.60696274,0.606247,0.0062066865973772764,-0.00208004169452203,9.152755343177802,0.5877305269241333,0.6352190971374512,0.013785382802360822,-0.02369981935567907,1
2024-10-21,0.6076700091362,0.6023297905921936,0.606247,0.6048644,0.006104383286511976,-0.001693036933278604,13.24045961559483,0.5877305269241333,0.6352190971374512,-0.005306331502970384,-0.009281577388423005,2
2024-10-22,0.6023297905921936,0.604580283164978,0.6048644,0.6067526,0.006250709709018275,-0.0016831726760404577,13.571450071739378,0.5902003049850464,0.6352190971374512,0.005766385567984585,0.01104525856094856,3
2024-10-23,0.604580283164978,0.6006186604499817,0.6067526,0.6044053,0.006171778251243034,-0.0014219521397635946,19.84575869797777,0.5936197638511658,0.6352190971374512,-0.010054969620869941,-0.00623339491539567,4
2024-10-24,0.6006186604499817,0.6008387804031372,0.6044053,0.60596496,0.006194152499638872,-0.0014100817379978817,20.08729936180923,0.5936197638511658,0.6352190971374512,0.0034786367081482633,0.007698586853333055,5
2024-10-25,0.6008387804031372,0.5979001522064209,0.60110193,0.6026204,0.006067140911652839,-0.0012850385266253285,24.477682858414866,0.594700038433075,0.6352190971374512,0.004619474922603476,-0.0014956842728116415,1
2024-10-28,0.5979001522064209,0.5986300110816956,0.6026204,0.60137194,0.006027895844156675,-0.0012942708272514307,24.7174090537966,0.5950503945350647,0.6352190971374512,-0.0017298446095613334,0.0020818470088422797,2
2024-10-29,0.5986300110816956,0.5971183180809021,0.60137194,0.6007148,0.005911781325917777,-0.0011501162652958717,25.82266311235415,0.5974107980728149,0.6352190971374512,0.00011546014043166252,-0.003564873157259643,3
2024-10-30,0.5971183180809021,0.5971112251281738,0.6007148,0.600547,0.0058157616111695195,-0.0010578078662567296,30.42262354700486,0.5971183180809021,0.6352190971374512,-0.0011547609895255664,0.005343190367856402,4
2024-10-31,0.5971112251281738,0.5971503853797913,0.600547,0.60032314,0.005700325584862277,-0.0009044035783694303,22.811934736290283,0.5971112251281738,0.6352190971374512,-0.0032403544840676935,-0.001389059382812976,5
2024-11-01,0.5971503853797913,0.5987414717674255,0.5965134,0.5962754,0.005588552669467891,-0.000715734187093117,23.381094574650362,0.5971112251281738,0.6352190971374512,0.007851309416842709,0.0018435066469856885,1
2024-11-04,0.5987414717674255,0.5973715782165527,0.5962754,0.59727347,0.0055099462788136145,-0.000414180070054628,28.672005413379708,0.5971112251281738,0.6352190971374512,0.01359326842658909,0.017313086318757512,2
2024-11-05,0.5973715782165527,0.60165935754776,0.59727347,0.59678334,0.005423887401533105,-0.0002456987810855451,31.227088114404324,0.5971112251281738,0.6352190971374512,0.009822251413223898,0.027236014088185545,3
2024-11-06,0.60165935754776,0.5938806533813477,0.59678334,0.59606284,0.005532035625373113,0.0001921624329297442,41.918203806294095,0.5971112251281738,0.6352190971374512,-0.05258911842530857,-0.024263436698556816,4
2024-11-07,0.5938806533813477,0.6022282242774963,0.59606284,0.5943496,0.0060593295962753846,5.419592469825367e-06,31.872086221261057,0.5938806533813477,0.6352190971374512,0.043447321295367755,0.022371605775549922,5
2024-11-08,0.6022282242774963,0.5966302156448364,0.5944006,0.59476423,0.006613319843299016,0.0004661052477573169,43.26076750688701,0.5938806533813477,0.6352190971374512,-0.028404111061249033,-0.014031022988213265,1
2024-11-11,0.5966302156448364,0.596911609172821,0.59476423,0.5963673,0.006753384210150922,0.00041739998385277935,42.98629723025377,0.5938806533813477,0.6352190971374512,-0.017770402770283862,-0.04447472119309048,2
2024-11-12,0.596911609172821,0.5923293828964233,0.5963673,0.59779114,0.006607014428444228,0.00042622994229872015,40.082571367345466,0.5938806533813477,0.6352190971374512,-0.021968305360875098,-0.07437363226057027,3
2024-11-13,0.5923293828964233,0.5882906913757324,0.59779114,0.596989,0.006657624771299463,0.0001593026645897071,39.449339440994265,0.5923293828964233,0.6352190971374512,-0.013072124212538998,-0.03706331991150083,4
2024-11-14,0.5882906913757324,0.5849800705909729,0.596989,0.5965394,0.0066646284670114145,-0.00023214710214508258,35.443655894945294,0.5882906913757324,0.6352190971374512,0.0017201059739166069,-0.0764172119838589,5
2024-11-15,0.5849800705909729,0.5863211154937744,0.58714813,0.58607906,0.006622919022460258,-0.0006341318253219683,35.14037476229453,0.5849800705909729,0.6352190971374512,-0.005416024015032468,-0.05493989504576591,1
2024-11-18,0.5863211154937744,0.5890703797340393,0.58607906,0.5856429,0.006499287436098863,-0.0007233431999210515,36.03957691959282,0.5849800705909729,0.6352190971374512,0.01397245036674078,-0.02445978743095288,2
2024-11-19,0.5890703797340393,0.5919612050056458,0.5856429,0.58503276,0.00643760479050156,-0.0005203197776571722,41.12148303624738,0.5849800705909729,0.6352190971374512,0.005341190903602937,0.0025488418048948414,3
2024-11-20,0.5919612050056458,0.5884000062942505,0.58503276,0.58557904,0.006385819764956058,-0.00013455206119298777,44.658350303610305,0.5849800705909729,0.6352190971374512,0.0032633707191537793,0.01906046895632941,4
2024-11-21,0.5884000062942505,0.5857407450675964,0.58557904,0.58636343,0.006373245800222296,-6.591276874340097e-05,41.54198214682834,0.5849800705909729,0.6352190971374512,-0.007388136557883757,0.00982076167507639,5
2024-11-22,0.5857407450675964,0.5862111449241638,0.5886903,0.58688897,0.0063079676449760876,-0.0001419318420803322,37.687885677901235,0.5849800705909729,0.6352190971374512,-0.009527380066168888,0.005677551917394998,1
2024-11-25,0.5862111449241638,0.5811284184455872,0.58688897,0.5874728,0.006179567833592937,-0.00010458378090403165,39.247513744893396,0.5849800705909729,0.6352190971374512,0.004286314657899773,-0.004016552332532198,2
2024-11-26,0.5811284184455872,0.5837098360061646,0.5874728,0.58573526,0.006311988696341657,-0.0003522864251840818,30.517949738921118,0.5811284184455872,0.6352190971374512,-0.012914458354139725,-0.022033917091298035,3
2024-11-27,0.5837098360061646,0.5893411636352539,0.58573526,0.58586204,0.0062511884935738905,-0.0002757576476079592,39.292670438287814,0.5811284184455872,0.6352190971374512,0.006908460270460658,-0.018462638279616122,4
2024-11-28,0.5893411636352539,0.5896400213241577,0.58586204,0.586875,0.006442707949149013,0.00019524798168828097,35.610183998285535,0.5811284184455872,0.6352190971374512,0.0,-0.011184051727036284,5
2024-11-29,0.5896400213241577,0.5906500220298767,0.5868935,0.58772707,0.006308233667314082,0.0005480623823629011,41.147003406043915,0.5811284184455872,0.6352190971374512,0.00331395542562012,0.0015955435270758422,1
2024-12-02,0.5906500220298767,0.5884602665901184,0.58772707,0.58764625,0.006188338597104294,0.0008524360377429388,42.213479281800716,0.5811284184455872,0.6352190971374512,-0.0012261194171518171,-0.003910496093641412,2
2024-12-03,0.5884602665901184,0.5882110595703125,0.58764625,0.58527243,0.006108295845383469,0.0009043483663062242,44.88420442061229,0.5811284184455872,0.6352190971374512,0.017150550571007218,0.02649167447523416,3
2024-12-04,0.5882110595703125,0.5857201814651489,0.58527243,0.5867132,0.005984531843518246,0.0009170815699938526,49.88298356865081,0.5811284184455872,0.6352190971374512,-0.0009651810670761947,0.018441182129404488,4
2024-12-05,0.5857201814651489,0.5882214307785034,0.5867132,0.58582014,0.0059277948352903075,0.0007594421355376756,51.11441787663771,0.5811284184455872,0.6352190971374512,-0.001691427036356159,0.016720019200111805,5
2024-12-06,0.5882214307785034,0.5838802456855774,0.58684736,0.5882299,0.005878734059135375,0.0008201351388840254,52.76478913301374,0.5811284184455872,0.6352190971374512,0.0008460711338127912,0.014213965432842037,1
2024-12-09,0.5838802456855774,0.5858985781669617,0.5882299,0.5883666,0.0059595435255269955,0.0005759556244047644,42.78311894974141,0.5811284184455872,0.6352190971374512,0.02033065993438071,0.03631450449593498,2
2024-12-10,0.5858985781669617,0.58022141456604,0.5883666,0.5893519,0.0058858740886213205,0.0005580250509792145,41.360283499988114,0.5811284184455872,0.6352190971374512,0.0,0.018692684080309226,3
2024-12-11,0.58022141456604,0.5794212818145752,0.5893519,0.5891193,0.0061069935388093875,0.00019046244706462422,39.00778989396644,0.58022141456604,0.6352190971374512,-0.0022517461047863417,0.017382912422678014,4
2024-12-12,0.5794212818145752,0.5770307183265686,0.5891193,0.58965725,0.0059889353009573544,-6.616788826126988e-05,41.05971657017191,0.5794212818145752,0.6352190971374512,-0.004518987951738658,0.014510263472407563,5
2024-12-13,0.5770307183265686,0.5770706534385681,0.5799748,0.58118343,0.005928579146605479,-0.00034116180457972097,37.68151179046844,0.5770307183265686,0.6352190971374512,-0.01102599903417866,0.002537139949653557,1
2024-12-16,0.5770706534385681,0.5791997909545898,0.58118343,0.5834684,0.0058104544738138775,-0.000457363702876328,43.70303498951092,0.5770307183265686,0.6352190971374512,-0.0013265764037010605,-0.01894161902904953,2
2024-12-17,0.5791997909545898,0.5758113265037537,0.5834684,0.5860501,0.005749431744525493,-0.00033357590400522226,42.90152990577401,0.5770307183265686,0.6352190971374512,-0.012629201966152723,-0.03125369397812252,3
2024-12-18,0.5758113265037537,0.5617314577102661,0.5860501,0.58393574,0.005763599726462701,-0.00041721655372878395,27.087383540764506,0.5758113265037537,0.634981095790863,0.002075347014305267,-0.02705275613333742,4
2024-12-19,0.5617314577102661,0.562749981880188,0.58393574,0.58291376,0.007608833462865543,-0.0013078342825644023,17.777392395864297,0.5617314577102661,0.634981095790863,-0.019580631900887508,-0.041597135021522465,5
2024-12-20,0.562749981880188,0.5651601552963257,0.55906737,0.5606909,0.0074441913606105425,-0.0016910369726184805,17.79357226897116,0.5617314577102661,0.634981095790863,0.005085840171359418,-0.02603043482857998,1
2024-12-23,0.5651601552963257,0.5646591186523438,0.5606909,0.56165457,0.007331795681641379,-0.001643447609332739,23.23968055553655,0.5617314577102661,0.6345298290252686,-0.004464324542501597,-0.029081716438908393,2
2024-12-24,0.5646591186523438,0.5648000836372375,0.56165457,0.55757385,0.007169890886335038,-0.0015103817212858764,23.106022449763003,0.5617314577102661,0.6282985806465149,0.00656557970297388,-0.01026513965333265,3
2024-12-25,0.5648000836372375,0.5650898814201355,0.55757385,0.55875146,0.007012666901709127,-0.0012863028276232811,24.756578389022906,0.5617314577102661,0.6261191964149475,0.0,-0.012317052988123382,4
2024-12-26,0.5650898814201355,0.5592997670173645,0.55875146,0.5613688,0.006862095236600958,-0.001004495425329534,20.514488117904662,0.5617314577102661,0.6217281222343445,0.005540871925046577,0.012809312585986053,5
2025-01-03,0.5592997670173645,0.5616084337234497,0.5590066,0.5612942,0.0064184535789289085,-0.00032180739808265746,22.8150690690032,0.5592997670173645,0.6096000075340271,0.012705730469062898,-0.007981284375865967,1
2025-01-06,0.5616084337234497,0.5639108419418335,0.5612942,0.55860204,0.00634609809583781,-7.154849959969348e-05,27.835412690085548,0.5592997670173645,0.6091692447662354,0.021429735158765856,0.01587688739483173,2
2025-01-07,0.5639108419418335,0.5635485649108887,0.55860204,0.56074977,0.006275934452601839,0.0002995923265103617,28.192122481737925,0.5592997670173645,0.6089614629745483,0.008084555631823191,0.02842670957710182,3
2025-01-08,0.5635485649108887,0.5605400204658508,0.56074977,0.56061107,0.006150681924419172,0.0005563069686643773,30.855912441633023,0.5592997670173645,0.6076700091362,0.01597552148922448,0.06058702888106693,4
2025-01-09,0.5605400204658508,0.5593501329421997,0.56061107,0.5599387,0.006123885128348676,0.0005576975494606456,47.15731810334284,0.5592997670173645,0.6076700091362,0.012225389355236115,0.0729597294085199,5
2025-01-10,0.5593501329421997,0.5564799308776855,0.55997056,0.56035596,0.006016819837563758,0.0005137743889865485,41.95400353211346,0.5592997670173645,0.6076700091362,-0.0011690706262276669,0.05817542837432925,1
2025-01-13,0.5564799308776855,0.5604187846183777,0.56035596,0.56105125,0.005988782964860644,0.0003353472337738108,29.895355900381034,0.5564799308776855,0.6076700091362,0.004900805420346145,0.04082867761393312,2
2025-01-14,0.5604187846183777,0.5602993965148926,0.56105125,0.5645794,0.006051142761677726,0.000515742736860318,41.527948801615786,0.5564799308776855,0.604580283164978,0.0034860233805795665,0.03605338146364766,3
2025-01-15,0.5602993965148926,0.562828540802002,0.5645794,0.5618346,0.0059320385496375635,0.0006514217045335028,41.00001191909319,0.5564799308776855,0.604580283164978,0.011303415838173602,0.031224120797995875,4
2025-01-16,0.562828540802002,0.5608084797859192,0.5618346,0.56367,0.005892216339826749,0.0009194991263081565,45.849715029590975,0.5564799308776855,0.6022282242774963,0.01163071682537297,0.03061106244377288,5
2025-01-17,0.5608084797859192,0.5587310194969177,0.5617754,0.55963355,0.005822690164002767,0.000964092893521935,46.7250982158385,0.5564799308776855,0.6022282242774963,-0.016689905700843943,0.014738613581286432,1
2025-01-20,0.5587310194969177,0.5681785941123962,0.55963355,0.5629389,0.005758784108753678,0.0008604133064668553,40.506037552992915,0.5564799308776855,0.6022282242774963,0.0,0.00977774314311354,2
2025-01-21,0.5681785941123962,0.5660911202430725,0.5629389,0.56827766,0.006616538796955714,0.0014027736558160243,55.70932408888774,0.5564799308776855,0.6022282242774963,-0.006128301580466994,0.00011593210184236907,3
2025-01-22,0.5660911202430725,0.5663604140281677,0.56827766,0.5636667,0.00652135289018966,0.001582290844471891,58.978469210903086,0.5564799308776855,0.6022282242774963,-0.009204786171019986,-0.02018576031546615,4
2025-01-23,0.5663604140281677,0.5675497651100159,0.5636667,0.56774527,0.00638896895147664,0.0016717714267449248,60.223565517884204,0.5564799308776855,0.6022282242774963,0.006533654698869979,-0.025167228157144683,5
2025-01-24,0.5675497651100159,0.5692297220230103,0.56760615,0.56747615,0.006275759802892589,0.00175503369046474,58.891035555579336,0.5564799308776855,0.6022282242774963,-0.002212010159230562,-0.010951039186174481,1
2025-01-27,0.5692297220230103,0.5668194890022278,0.56747615,0.56894165,0.006181560306235217,0.0018573429283473913,58.11065302590726,0.5564799308776855,0.6022282242774963,-0.020369261459914086,-0.030893440556739114,2
2025-01-28,0.5668194890022278,0.566559374332428,0.56894165,0.56962883,0.006118584702240661,0.0017009675949466079,54.694554942469736,0.5564799308776855,0.6022282242774963,0.0040361400459950495,-0.020992781408593158,3
2025-01-29,0.566559374332428,0.5665208697319031,0.56962883,0.56819534,0.005999130091046016,0.0015239899180651646,59.379156109992486,0.5564799308776855,0.6022282242774963,0.008728571240526836,-0.003277522791118762,4
2025-01-30,0.5665208697319031,0.5636406540870667,0.56819534,0.5668759,0.005882973080796636,0.00135404570929237,61.589027583243904,0.5564799308776855,0.6022282242774963,0.007138274803439134,-0.002674702122338482,5
2025-01-31,0.5636406540870667,0.5569603443145752,0.56669915,0.5673706,0.005860337753205238,0.0010129811941529598,61.569099505985,0.5564799308776855,0.6022282242774963,-0.006081895310409236,-0.0065267781302247845,1
2025-02-03,0.5569603443145752,0.5626797080039978,0.5673706,0.56727266,0.006233554543291057,0.000337719033039557,44.867119950319264,0.5564799308776855,0.596911609172821,0.007480180735855045,0.021529763102614546,2
2025-02-04,0.5626797080039978,0.5648409128189087,0.56727266,0.5661576,0.0064593006643725095,0.00027893508266874046,53.0292295812404,0.5564799308776855,0.596911609172821,0.011231533344878048,0.028906579234281207,3
2025-02-05,0.5648409128189087,0.5689285397529602,0.5661576,0.566511,0.006378144309329263,0.000381920147098391,52.585192989763975,0.5564799308776855,0.5923293828964233,0.020964651419344747,0.041573702557784656,4
2025-02-06,0.5689285397529602,0.5674885511398315,0.566511,0.56708676,0.006423283943413449,0.0007029695346668593,59.90524607518657,0.5564799308776855,0.5919612050056458,0.004275338767884391,0.038596008179180456,5
2025-02-07,0.5674885511398315,0.5647388100624084,0.5675931,0.56624806,0.006313345941353054,0.0007895057554964742,60.85163394541353,0.5564799308776855,0.5919612050056458,0.028336209444502193,0.07496479661922238,1
2025-02-10,0.5647388100624084,0.5635008811950684,0.56624806,0.56605333,0.006263142766435018,0.0006391325092309833,44.889392678131806,0.5564799308776855,0.5919612050056458,0.02564242139116298,0.09466694191592809,2
2025-02-11,0.5635008811950684,0.565930962562561,0.56605333,0.5654268,0.006153807306589773,0.00044317542384542585,46.0519262951139,0.5564799308776855,0.5919612050056458,-0.0228089383976497,0.05803105189777886,3
2025-02-12,0.565930962562561,0.5641399025917053,0.5654268,0.56684875,0.0060983970384200625,0.0004619934230349049,49.385877134513784,0.5564799308776855,0.5919612050056458,0.0222769264194491,0.05942039099462237,4
2025-02-13,0.5641399025917053,0.5680010914802551,0.56684875,0.5672833,0.006012324739242112,0.0003440054584181272,45.20633345846517,0.5564799308776855,0.5906500220298767,0.014999774021689321,0.07084321859047207,5
2025-02-14,0.5680010914802551,0.5732991695404053,0.56457317,0.56596506,0.006060565047575276,0.0005063845496289323,48.37256967088216,0.5564799308776855,0.5906500220298767,-0.023872587026951185,0.016370142615055504,1
2025-02-17,0.5732991695404053,0.5732301473617554,0.56596506,0.5653108,0.006239621069282056,0.0009265248568168859,57.97294898855738,0.5564799308776855,0.5906500220298767,0.0,-0.009360737935553285,2
2025-02-18,0.5732301473617554,0.5705190300941467,0.5653108,0.56473094,0.0061161318613719585,0.001141572915082017,58.24686128955718,0.5564799308776855,0.5906500220298767,-0.015473949459281645,-0.0020676954116424233,3
2025-02-19,0.5705190300941467,0.5701189637184143,0.56473094,0.56414646,0.006071184540482658,0.0010455857387037467,54.636416167391495,0.5564799308776855,0.5906500220298767,-0.006125566588133508,-0.030012727837424712,4
2025-02-20,0.5701189637184143,0.5764286518096924,0.56414646,0.5654967,0.005954541343282558,0.0009047822768865463,57.970993235275145,0.5564799308776855,0.5906500220298767,0.011129332905545155,-0.03375975046488873,5
2025-02-21,0.5764286518096924,0.5751191973686218,0.567441,0.5669061,0.006258834313385291,0.0011694086587740278,74.1745293492452,0.5564799308776855,0.5906500220298767,-0.010471269367841866,-0.020723702939401897,1
2025-02-24,0.5751191973686218,0.5726589560508728,0.5669061,0.56782395,0.006151168495626694,0.0011853772644127756,67.34633491143146,0.5564799308776855,0.5906500220298767,-0.009474510390437337,-0.02995805184596864,2
2025-02-25,0.5726589560508728,0.5731086134910583,0.56782395,0.5671068,0.00609115108326798,0.0009685126479215414,60.81175762671349,0.5564799308776855,0.5884602665901184,-0.006886650883797669,-0.021592143138089753,3
2025-02-26,0.5731086134910583,0.5699889063835144,0.5671068,0.5701453,0.005975195830146304,0.0008005765845193421,56.427458528090916,0.5564799308776855,0.5882214307785034,0.012405953665810794,-0.0032917144602511196,4
2025-02-27,0.5699889063835144,0.5627208352088928,0.5701453,0.5713742,0.005961590260048214,0.0004424982935087936,53.65580733828223,0.5564799308776855,0.5882214307785034,0.008331578098502572,-0.0060763626595096935,5
2025-02-28,0.5627208352088928,0.560519278049469,0.57252556,0.5735748,0.006394931588478303,-0.00028173385293385716,47.393831904621145,0.5564799308776855,0.5882214307785034,-0.014404511438083157,-0.009978026799712601,1
2025-03-03,0.560519278049469,0.5613404512405396,0.5735748,0.5732606,0.006314800593633751,-0.0008735234799396661,46.24284403104688,0.5564799308776855,0.5858985781669617,0.013640030476108149,0.013172401591244692,2
2025-03-04,0.5613404512405396,0.5661584734916687,0.5732606,0.57323635,0.006197110255625654,-0.0011563835854411513,43.970972741932954,0.5564799308776855,0.5858985781669617,-0.010764556028160344,0.009251023403499046,3
2025-03-05,0.5661584734916687,0.5729608535766602,0.57323635,0.57487583,0.006322280177642478,-0.0009730794559402738,52.455858934232936,0.5564799308776855,0.58022141456604,0.05144233767329024,0.04942760641594816,4
2025-03-06,0.5729608535766602,0.5736609101295471,0.57487583,0.5775015,0.00665963828932232,-0.00037834679435677675,55.63119976070564,0.5564799308776855,0.5794212818145752,0.002618996735577343,0.04344975656317446,5
2025-03-07,0.5736609101295471,0.5710598230361938,0.57438165,0.5737421,0.006527613564946993,5.45107287690525e-05,50.45859358588599,0.5564799308776855,0.5791997909545898,-0.020292329949920637,0.03732416465304328,1
2025-03-10,0.5710598230361938,0.5695084929466248,0.5737421,0.5705627,0.0064590931549487005,0.00015242142811988635,47.41457415596624,0.5564799308776855,0.5791997909545898,-0.009332316703541513,0.013766022728977697,2
2025-03-11,0.5695084929466248,0.5712099075317383,0.5705627,0.5723268,0.0063515624027641274,0.00010190694696854386,48.761975698095576,0.5564799308776855,0.5791997909545898,0.021430455186379798,0.04693530897151047,3
2025-03-12,0.5712099075317383,0.5737004280090332,0.5723268,0.5713015,0.006255708479485137,0.00016836079031312657,51.295231921738356,0.5564799308776855,0.5764286518096924,0.01694430857674518,0.011433987840227288,4
2025-03-13,0.5737004280090332,0.5703107714653015,0.5713015,0.5785635,0.006197409653785077,0.000354619659367472,46.43785468140544,0.5564799308776855,0.5764286518096924,0.015947632797405603,0.025005265763140345,5
2025-03-14,0.5703107714653015,0.5752515196800232,0.57449824,0.5746316,0.0061905785725037445,0.00023013858958160311,44.04527457342872,0.5564799308776855,0.5764286518096924,-0.005937733472506577,0.039824913300253756,1
2025-03-17,0.5752515196800232,0.5824688673019409,0.5746316,0.5719062,0.006319981809131625,0.00044851968747914824,53.024781847970914,0.5564799308776855,0.5764286518096924,0.013057342105819809,0.06336882487162808,2
2025-03-18,0.5824688673019409,0.5818588137626648,0.5719062,0.5665121,0.006696000577262292,0.0010146172402491025,59.43135260054508,0.5564799308776855,0.5824688673019409,0.01198830020340408,0.05337558472913837,3
2025-03-19,0.5818588137626648,0.582160234451294,0.5665121,0.56686795,0.006560842968003372,0.0012671419876005242,62.59716205821626,0.5564799308776855,0.5824688673019409,0.01648665430651425,0.05289361319120863,4
2025-03-20,0.582160234451294,0.5761895179748535,0.56686795,0.5661222,0.0064284804955810305,0.0013651676938454447,74.21041613775348,0.5564799308776855,0.5824688673019409,0.0017714450653270794,0.038072894515949196,5
2025-03-21,0.5761895179748535,0.574540913105011,0.5809273,0.58144855,0.006632953279728642,0.0009578330904294646,67.84118069401333,0.5564799308776855,0.5824688673019409,0.0004915325117683023,0.044768441929863075,1
2025-03-24,0.574540913105011,0.5726786255836487,0.58144855,0.5798739,0.006521830149799861,0.0005287455585031549,64.75130849948513,0.5564799308776855,0.5824688673019409,-0.00462985906017308,0.02645187424024765,2
2025-03-25,0.5726786255836487,0.573309063911438,0.5798739,0.58079296,0.0064221542305719515,9.367534416766321e-05,57.80153477491869,0.5564799308776855,0.5824688673019409,0.02322734568162919,0.03805328581196973,3
2025-03-26,0.573309063911438,0.5718991756439209,0.58079296,0.5790008,0.006298028116808412,-0.00016347116487040302,50.48884411211449,0.5564799308776855,0.5824688673019409,0.0063467838469931665,0.027580744797815793,4
2025-03-27,0.5718991756439209,0.5736411809921265,0.5790008,0.5796915,0.006192443214033082,-0.00042545479035064,47.575072894669056,0.5564799308776855,0.5824688673019409,-0.02298064644999868,0.002458172895057004,5
2025-03-28,0.5736411809921265,0.570711076259613,0.5728698,0.5747731,0.006103973715315931,-0.00047462042746622326,53.63915647667001,0.5564799308776855,0.5824688673019409,0.002938365143867073,0.004914023567330483,1
2025-03-31,0.570711076259613,0.5670509338378906,0.5747731,0.57541907,0.006072302575203057,-0.0006848999229948855,51.631939950821796,0.5564799308776855,0.5824688673019409,-0.018258628772333623,-0.008688812726354047,2
2025-04-01,0.5670509338378906,0.571389377117157,0.57541907,0.5782304,0.0060925549115703635,-0.0010301675394152894,44.64104131657609,0.5564799308776855,0.5824688673019409,-0.00019920859062432655,-0.031641912320292516,3
2025-04-02,0.571389377117157,0.5727606415748596,0.5782304,0.5771061,0.00617447467594768,-0.0009291445823895077,47.15750888897035,0.5564799308776855,0.5824688673019409,0.0008961737723840239,-0.03690569622017882,4
2025-04-03,0.5727606415748596,0.5786601901054382,0.5771061,0.57391644,0.006074576398782847,-0.0007409318424241999,53.17065795279574,0.5564799308776855,0.5824688673019409,-0.04322195932757321,-0.056204018771529,5
2025-04-04,0.5786601901054382,0.5541394352912903,0.57055783,0.5686578,0.0063126099546281355,-0.00021726341431734788,54.304717515144944,0.5564799308776855,0.5824688673019409,-0.09282933543076072,-0.1423961147916047,1
2025-04-07,0.5541394352912903,0.553709864616394,0.5686578,0.57069266,0.010814873249096586,-0.0014516469288783983,25.10405415739966,0.5541394352912903,0.5824688673019409,-0.050399365743322516,-0.1695218795591023,2
2025-04-08,0.553709864616394,0.5518489480018616,0.57069266,0.5723684,0.010532622712121482,-0.002182483231065252,25.183941954109358,0.553709864616394,0.5824688673019409,-0.01000432390887126,-0.17762502225525068,3
2025-04-09,0.5518489480018616,0.5637201070785522,0.5723684,0.56761104,0.010285690263525762,-0.0026457650824842326,23.99275023601622,0.5518489480018616,0.5824688673019409,0.011562180836784862,-0.16880661996348756,4
2025-04-10,0.5637201070785522,0.5987988114356995,0.56761104,0.56838226,0.011001763921552275,-0.0020346837635771137,40.284857153471776,0.5518489480018616,0.5824688673019409,0.03425278839115362,-0.10184988242113156,5
2025-04-25,0.5987988114356995,0.5949406027793884,0.5940679,0.59091467,0.010293262788735403,0.0030798897371393744,64.59594913362781,0.5518489480018616,0.600009560585022,-0.0029941980225562568,0.034552842210761624,1
2025-04-28,0.5949406027793884,0.597200334072113,0.59091467,0.59166807,0.010126290657885667,0.002538789862905606,59.339895036458216,0.5518489480018616,0.600009560585022,0.0005168878655258812,0.022508648121600274,2
2025-04-29,0.597200334072113,0.5936691164970398,0.59166807,0.58833474,0.0099104258088371,0.0021691374804888456,83.17777181780106,0.5518489480018616,0.600009560585022,-0.0031052435334028017,-0.00975261937351989,3
2025-04-30,0.5936691164970398,0.5938313007354736,0.58833474,0.59243727,0.009744850269226554,0.0015518141220411397,79.38359772822304,0.5518489480018616,0.600009560585022,-0.05607352061762226,-0.05697442543363044,4
2025-05-01,0.5938313007354736,0.5913485288619995,0.59243727,0.59430486,0.009509679349084789,0.0010437838815237736,81.66227778771731,0.5518489480018616,0.600009560585022,0.004594671450517154,-0.05546392962787922,5
2025-05-02,0.5913485288619995,0.5952097177505493,0.59568244,0.5986641,0.009320327192584126,0.0004597143200897411,74.27432784859181,0.5518489480018616,0.600009560585022,0.010099495402357292,-0.043015141441810484,1
2025-05-05,0.5952097177505493,0.5961394309997559,0.5986641,0.60219294,0.009198680204477516,0.00026241165022833964,70.54377820497908,0.5518489480018616,0.600009560585022,0.005925177969817894,-0.03782546872315758,2
2025-05-06,0.5961394309997559,0.6015110015869141,0.60219294,0.60153145,0.00898660547353069,0.0001301918909935515,64.96588887890445,0.5518489480018616,0.600009560585022,0.017039799034740594,-0.018245868037416145,3
2025-05-07,0.6015110015869141,0.5940182209014893,0.60153145,0.6052136,0.008969781956689788,0.00032886824220068004,66.79617215307603,0.5518489480018616,0.6015110015869141,-0.025344934089104907,0.012390341830550685,4
2025-05-08,0.5940182209014893,0.589918315410614,0.6052136,0.60986644,0.009126031156318099,-9.719347971062775e-05,54.5846032670114,0.5518489480018616,0.6015110015869141,-0.012094951453395206,-0.004365854960933389,5
2025-05-09,0.589918315410614,0.5920698046684265,0.60009,0.601333,0.009020644398367443,-0.0006757471710272306,46.29402749033543,0.5518489480018616,0.6015110015869141,0.010902897168546432,-0.0035656393260454274,1
2025-05-12,0.5920698046684265,0.5861286520957947,0.601333,0.60173225,0.00884079724177244,-0.0009190615610376977,41.08411945581182,0.5518489480018616,0.6015110015869141,-0.007073377887293767,-0.016434030580881873,2
2025-05-13,0.5861286520957947,0.593591570854187,0.60173225,0.60220057,0.008875308852909634,-0.0014538582777989225,39.31811718043389,0.5518489480018616,0.6015110015869141,0.022247173859377273,-0.011298875177932762,3
2025-05-14,0.593591570854187,0.5896400213241577,0.60220057,0.5938183,0.009054113441188467,-0.0012845853873226327,48.44810749054558,0.5518489480018616,0.6015110015869141,-0.015173795972083464,-0.0011913440703725517,4
2025-05-15,0.5896400213241577,0.5873715281486511,0.5938183,0.594634,0.008943966177223196,-0.001408405741698945,41.44939439771983,0.5518489480018616,0.6015110015869141,0.007238909746494404,0.018307369178190317,5
2025-05-16,0.5873715281486511,0.5886993408203125,0.5874432,0.5871442,0.00876781003665999,-0.001598821630013585,42.71737534638748,0.5518489480018616,0.6015110015869141,-0.01934837533708332,-0.012036441071987002,1
2025-05-19,0.5886993408203125,0.5930987000465393,0.5871442,0.5804084,0.0085757419701784,-0.001587844517874983,41.67136755580627,0.5518489480018616,0.6015110015869141,0.0169772425792154,0.012012735098903228,2
2025-05-20,0.5930987000465393,0.5927401185035706,0.5804084,0.5794287,0.00851777921718532,-0.0012515756687763715,49.4504964480366,0.5518489480018616,0.6015110015869141,-0.0030260346385719466,-0.013243575430261126,3
2025-05-21,0.5927401185035706,0.5933485627174377,0.5794287,0.5788537,0.008319899415337922,-0.001029836099983283,48.95278584021389,0.5518489480018616,0.6015110015869141,0.003996732489320712,0.005855551952188467,4
2025-05-22,0.5933485627174377,0.5897617340087891,0.5788537,0.5787187,0.008129845458115343,-0.0008274446904489351,51.991075613996564,0.5518489480018616,0.6015110015869141,0.002261338227305517,0.0008612740038163401,5
2025-05-23,0.5897617340087891,0.5991683602333069,0.5924861,0.5910487,0.008037453558192081,-0.0009136366275937424,44.546628291043774,0.5518489480018616,0.6015110015869141,0.03342458026543332,0.05509821662590008,1
2025-05-26,0.5991683602333069,0.5994700789451599,0.5910487,0.59234774,0.008511851334576305,-0.000344894390439293,52.59204020194827,0.5518489480018616,0.6015110015869141,0.0,0.03733675518572619,2
2025-05-27,0.5994700789451599,0.5948100686073303,0.59234774,0.5884432,0.008315318170839138,2.4265648455466284e-05,48.08750738667527,0.5518489480018616,0.6015110015869141,-0.0202812436660701,0.01959083770773821,3
2025-05-28,0.5948100686073303,0.5959084630012512,0.5884432,0.59046876,0.008277668326372147,-6.772180998427732e-05,50.78362139849728,0.5518489480018616,0.6015110015869141,-0.014111840791877541,0.0012936701049730578,4
2025-05-29,0.5959084630012512,0.5978608727455139,0.59046876,0.5915808,0.008096519203424109,-7.628316226774038e-05,56.30231653936361,0.5518489480018616,0.6015110015869141,0.002043566522742006,0.001075640416875799,5
2025-05-30,0.5978608727455139,0.5973109006881714,0.595376,0.5976781,0.007940671272013637,2.256928206969275e-05,56.11849314205826,0.5518489480018616,0.6015110015869141,-0.0002148995271001742,-0.032039905709952646,1
2025-06-02,0.5973109006881714,0.6047887206077576,0.5976781,0.59897685,0.007760858916114749,2.3817004182385103e-05,63.33343283285076,0.5518489480018616,0.6015110015869141,0.03837293468076727,0.005825419364221747,2
2025-06-03,0.6047887206077576,0.6006113886833191,0.59897685,0.5967229,0.008013317853751131,0.0004760832154790274,63.34645786768707,0.5518489480018616,0.6047887206077576,-0.00518450319141898,0.02112530328766563,3
2025-06-04,0.6006113886833191,0.6027400493621826,0.5967229,0.59403884,0.007956831765764278,0.00044244088390964654,63.00732518418959,0.5518489480018616,0.6047887206077576,0.011370771023053533,0.047480617966164276,4
2025-06-05,0.6027400493621826,0.6042296290397644,0.59403884,0.59501654,0.007811078413144906,0.0005074293816201979,68.28107252702375,0.5518489480018616,0.6047887206077576,0.010022539816397101,0.05587187011257291,5
2025-06-06,0.6042296290397644,0.6024205088615417,0.6058115,0.60741246,0.00765172355829621,0.000588889777193036,68.40267428703807,0.5518489480018616,0.6047887206077576,-0.017140032791401298,0.03815148098800861,1
2025-06-09,0.6024205088615417,0.6050887703895569,0.60741246,0.60812706,0.007502949922561914,0.0004645466333339692,61.7683266362665,0.5518489480018616,0.6047887206077576,0.016325676622677046,0.015513556447825906,2
2025-06-10,0.6050887703895569,0.6059100031852722,0.60812706,0.6083938,0.007392635170287111,0.0005024053358711955,64.7305252979153,0.5518489480018616,0.6050887703895569,-0.005207608171614772,0.015490093298274395,3
2025-06-11,0.6059100031852722,0.6036598682403564,0.6083938,0.6089698,0.007232435410667629,0.0005209262555258155,64.90867159976796,0.5518489480018616,0.6059100031852722,-0.01714026613943747,-0.013053741787069396,4
2025-06-12,0.6036598682403564,0.6065201163291931,0.6089698,0.60907525,0.0071110395175392185,0.00032916092005132007,67.03567107562642,0.5518489480018616,0.6059100031852722,0.004260792393544969,-0.018723926075535434,5
2025-06-13,0.6065201163291931,0.603900134563446,0.60506743,0.6046447,0.007024028120026005,0.00034102737165452165,60.73409058471735,0.5518489480018616,0.6065201163291931,-0.0038443294507411077,-0.005590051932799723,1
2025-06-16,0.603900134563446,0.6049203872680664,0.6046447,0.60442877,0.00692503674005089,0.00012939148652745328,56.05808668662011,0.5518489480018616,0.6065201163291931,0.004880837537628862,-0.01690603544999363,2
2025-06-17,0.6049203872680664,0.6019382476806641,0.60442877,0.6053643,0.006781303974530936,2.07793197840281e-05,65.35430504939686,0.5518489480018616,0.6065201163291931,-0.005401492987357544,-0.017096623965461525,3
2025-06-18,0.6019382476806641,0.6029508709907532,0.6053643,0.60461205,0.006709864129601784,-0.00027303663295568346,58.66170519909516,0.5518489480018616,0.6065201163291931,0.009227140365298444,0.00916468878405733,4
2025-06-19,0.6029508709907532,0.6000816226005554,0.60461205,0.6035008,0.00657235267854672,-0.0004119736716742418,57.514607532558955,0.5518489480018616,0.6065201163291931,0.0,0.004873994923362875,5
2025-06-20,0.6000816226005554,0.5962104797363281,0.6027753,0.60448444,0.0065042244940445694,-0.0006933453102560124,53.82837734779966,0.5518489480018616,0.6065201163291931,-0.0039291905707601535,0.004788723808827911,1
2025-06-23,0.5962104797363281,0.5995383262634277,0.60448444,0.6043285,0.006504175058518569,-0.0011116005208893329,36.835095435244355,0.5518489480018616,0.6065201163291931,0.0035163385627902445,0.00341862558664852,2
2025-06-24,0.5995383262634277,0.6011313199996948,0.6043285,0.6048823,0.006473284452769517,-0.0011317698260902543,48.30909797895741,0.5518489480018616,0.6065201163291931,0.004943401982937207,0.013852762854439359,3
2025-06-25,0.6011313199996948,0.6055908203125,0.6048823,0.60672224,0.006359385233383128,-0.0010095040094762345,47.42147882345298,0.5518489480018616,0.6065201163291931,0.009407022913502858,0.0140351536768969,4
2025-06-26,0.6055908203125,0.6058990359306335,0.60672224,0.60854864,0.006419214784313651,-0.0006191373772052155,51.992100336887134,0.5518489480018616,0.6065201163291931,0.030568031659263944,0.04551083630942393,5
2025-06-27,0.6058990359306335,0.6063987016677856,0.60654473,0.607377,0.006282908327114022,-0.0003447081633049286,55.32473978482066,0.5518489480018616,0.6065201163291931,0.0005921175328644001,0.050248615334513205,1
2025-06-30,0.6063987016677856,0.6092397570610046,0.607377,0.6087098,0.006152065316868897,-0.00014432875105890126,52.14776447593453,0.5518489480018616,0.6065201163291931,-0.007624898296181614,0.03861248754123834,2
2025-07-01,0.6092397570610046,0.6100797653198242,0.6087098,0.60942674,0.006105438159533976,0.0001488844325475084,55.12032732552171,0.5518489480018616,0.6092397570610046,0.003572071455522733,0.037189182664681984,3
2025-07-02,0.6100797653198242,0.6089392304420471,0.60942674,0.6091414,0.0059849390491203466,0.00035687181491259176,60.3197446028966,0.5518489480018616,0.6100797653198242,0.019810456383350664,0.048035834704737546,4
2025-07-03,0.6089392304420471,0.608009934425354,0.6091414,0.60873395,0.005872548995339155,0.00037333125476972763,54.116210481904744,0.5518489480018616,0.6100797653198242,-0.010150398354574054,0.006218604453699726,5
2025-07-04,0.608009934425354,0.6051217317581177,0.6075036,0.6063107,0.00575949031982396,0.00028151173291574277,57.41987831360825,0.5637201070785522,0.6100797653198242,-0.015521100680582477,-0.009864889083736028,1
2025-07-07,0.6051217317581177,0.6007810235023499,0.6063107,0.6052484,0.005730076178406,9.8391837535447e-07,50.340540671322806,0.5747886300086975,0.6100797653198242,-0.006797970921758149,-0.009045780631216718,2
2025-07-08,0.6007810235023499,0.5993586778640747,0.6052484,0.6047943,0.005816279320793031,-0.00047581462243620216,48.1287432363923,0.5836314558982849,0.6100797653198242,0.12443711051778991,0.11826468675963543,3
2025-07-09,0.5993586778640747,0.5998404622077942,0.6047943,0.6022607,0.005718906879025169,-0.0008633097225041221,44.26730689840823,0.5861286520957947,0.6100797653198242,-0.03634795017511664,0.05719554564282536,4
2025-07-10,0.5998404622077942,0.6041712164878845,0.6022607,0.602053,0.005606840970274957,-0.0010510332380149895,49.58339168183728,0.5861286520957947,0.6100797653198242,0.01901523296442158,0.0884833678604466,5
2025-07-11,0.6041712164878845,0.6006907820701599,0.5992876,0.59985185,0.00571035351181652,-0.0008556752308674143,63.537327259937676,0.5861286520957947,0.6100797653198242,0.002520242449624556,0.10829928518606531,1
2025-07-14,0.6006907820701599,0.5971896052360535,0.59985185,0.6001938,0.005725880367168835,-0.000926991693785544,51.94964697625736,0.5861286520957947,0.6100797653198242,-0.008486090965581885,0.10642992124748905,2
2025-07-15,0.5971896052360535,0.5954294800758362,0.6001938,0.59946835,0.005743384970961433,-0.001160926952340912,43.73608803632692,0.5861286520957947,0.6100797653198242,0.0056053193852702386,-0.017537639937346385,3
2025-07-16,0.5954294800758362,0.594590425491333,0.59946835,0.5993287,0.005662156382260097,-0.0013707694109697669,32.33689401867028,0.5861286520957947,0.6100797653198242,-0.008965419068541565,0.009736377861406166,4
2025-07-17,0.594590425491333,0.5944314002990723,0.5993287,0.598509,0.0055580320752256825,-0.00149260584781118,30.698832735492616,0.5861286520957947,0.6100797653198242,-0.0019121251718409395,-0.011175162112175514,5
2025-07-18,0.5944314002990723,0.5952805876731873,0.5926192,0.590549,0.005450185595687059,-0.0015060951100211912,29.33430222983432,0.5861286520957947,0.6100797653198242,0.016630897874152062,0.0028767118707508916,1
2025-07-21,0.5952805876731873,0.5969614386558533,0.590549,0.5904472,0.0053552927999881775,-0.0013831928667657968,24.11386556665296,0.5861286520957947,0.6100797653198242,0.005809515450518906,0.017316408827306524,2
2025-07-22,0.5969614386558533,0.600009560585022,0.5904472,0.59047985,0.005290287196176846,-0.0011250184039907243,26.408840963416324,0.5861286520957947,0.6100797653198242,0.01529990821973815,0.027226834256098353,3
2025-07-23,0.600009560585022,0.604781448841095,0.59047985,0.5905771,0.0053077781283495835,-0.0007057716845084407,34.9724857513707,0.5861286520957947,0.6100797653198242,0.01705576477175168,0.054307297408622335,4
2025-07-24,0.604781448841095,0.6037116050720215,0.5905771,0.59159654,0.005480077740536815,-9.593026443554837e-05,45.18907089070358,0.5861286520957947,0.6100797653198242,-0.003110981742288766,0.05304409153048228,5
2025-07-25,0.6037116050720215,0.6019309759140015,0.6057906,0.6070579,0.005388064109841881,0.00022881628056295098,47.77829949476927,0.5861286520957947,0.6100797653198242,-0.0023395420911621516,0.03325567276353716,1
2025-07-28,0.6019309759140015,0.5971896052360535,0.6070579,0.6072707,0.005322262542826255,0.00031196494897678113,51.97076891960636,0.5861286520957947,0.6100797653198242,-0.02967166185911239,-0.0027626894313318353,2
2025-07-29,0.5971896052360535,0.595461368560791,0.6072707,0.6081924,0.005481354129901456,4.9667320088706555e-05,46.6623743724354,0.5861286520957947,0.6100797653198242,0.0015180785029724258,-0.0164121707724854,3
2025-07-30,0.595461368560791,0.5907686352729797,0.6081924,0.6089205,0.005410660430705324,-0.0002232213094569797,43.51066554785144,0.5861286520957947,0.6100797653198242,-0.005996298009491309,-0.038826557665286816,4
2025-07-31,0.5907686352729797,0.5888692140579224,0.6089205,0.60901654,0.005561083692579965,-0.0006771213818361068,30.34966477205198,0.5861286520957947,0.6100797653198242,-0.25171204689975507,-0.25038944728076956,5
2025-08-01,0.5888692140579224,0.5914185047149658,0.59072405,0.5907892,0.005494927554661518,-0.0010408757805869025,31.82508801865025,0.5861286520957947,0.6100797653198242,0.018758362788043485,-0.2344062217256714,1
2025-08-04,0.5914185047149658,0.5916984677314758,0.5907892,0.5900326,0.005470744093089587,-0.0010427812457344296,40.85977045348559,0.5861286520957947,0.6100797653198242,0.0005664247692132296,-0.21090256882712116,2
2025-08-05,0.5916984677314758,0.5909292101860046,0.5900326,0.59155345,0.00536922665531842,-0.0009602334009100521,43.80016639594311,0.5873715281486511,0.6100797653198242,-0.011618793284061735,-0.22120104760364112,3
2025-08-06,0.5909292101860046,0.59284907579422,0.59155345,0.5887015,0.005276081630415419,-0.0008938493908966219,43.90200318078662,0.5873715281486511,0.6100797653198242,0.006167912535331675,-0.21166972016508326,4
2025-08-07,0.59284907579422,0.597011387348175,0.5887015,0.58652836,0.005227616917592406,-0.0006674256979410259,47.510554379199945,0.5873715281486511,0.6100797653198242,-0.002850748171675486,0.011084137503954374,5
2025-08-08,0.597011387348175,0.5949299931526184,0.5935458,0.59494656,0.005347593417778983,-0.00020793287666704004,52.465963286546994,0.5886993408203125,0.6100797653198242,0.017433119829275943,0.009745092845735045,1
2025-08-11,0.5949299931526184,0.5940499901771545,0.59494656,0.59341425,0.005298445156852261,-2.4429007441862955e-05,47.13835189489098,0.5888692140579224,0.6100797653198242,-0.00720806458524645,0.0019252772945803865,2
2025-08-12,0.5940499901771545,0.5957806706428528,0.59341425,0.59278226,0.005210075716842466,5.319641703001852e-05,41.05873326167323,0.5888692140579224,0.6100797653198242,0.019033274217507272,0.03311188376798834,3
2025-08-13,0.5957806706428528,0.5981004238128662,0.59278226,0.5919262,0.005155381526684603,0.00022687650330356808,35.13987459112218,0.5888692140579224,0.6100797653198242,-0.005895178664802649,0.020724227824573435,4
2025-08-14,0.5981004238128662,0.5921083688735962,0.5919262,0.5939605,0.005132931006521629,0.0004887333399558841,41.103223026151646,0.5888692140579224,0.6100797653198242,-0.0039121324246721165,0.019641421940717097,5
2025-08-15,0.5921083688735962,0.5928595662117004,0.59846866,0.599882,0.005467512316956983,0.0002605765896253689,36.26067991275987,0.5888692140579224,0.6100797653198242,0.0030193399399282292,0.005049946697623178,1
2025-08-18,0.5928595662117004,0.5923784375190735,0.599882,0.59945446,0.005372627269422372,0.0001669938700962501,43.18236420286047,0.5888692140579224,0.6100797653198242,-0.00470071048434155,0.00757312473158709,2
2025-08-19,0.5923784375190735,0.5897687077522278,0.59945446,0.59801054,0.005275803839755928,8.364052558482789e-05,44.947514637877376,0.5888692140579224,0.6100797653198242,-0.010827956116400377,-0.02206946370231232,3
2025-08-20,0.5897687077522278,0.5828185081481934,0.59801054,0.5988337,0.005260244349103514,-0.00012496470622018257,48.2411775806756,0.5888692140579224,0.6100797653198242,0.003848380140796914,-0.012494368012545436,4
2025-08-21,0.5828185081481934,0.5822314620018005,0.5988337,0.59827924,0.005729926608651293,-0.000677853788530523,40.96284505597813,0.5828185081481934,0.6100797653198242,0.0012418493801091871,-0.0073916435742335815,5
2025-08-22,0.5822314620018005,0.5865412354469299,0.5774514,0.5771339,0.005621260630351525,-0.0010099234050710212,35.424141381090806,0.5822314620018005,0.6100797653198242,0.003604074293522632,-0.006811061642008607,1
2025-08-25,0.5865412354469299,0.5849184393882751,0.5771339,0.57348466,0.005732384875186097,-0.0008713746142384681,42.745365029111106,0.5822314620018005,0.6100797653198242,0.004262868581374833,0.0021314846700646027,2
2025-08-26,0.5849184393882751,0.5858402848243713,0.57348466,0.57110286,0.00564858413497611,-0.0008217309667752871,41.742978043284594,0.5822314620018005,0.6100797653198242,-0.0035886086139926654,0.009412586143516415,3
2025-08-27,0.5858402848243713,0.5861183404922485,0.57110286,0.57073474,0.005550780990900265,-0.0006661477762885466,40.10055361737092,0.5822314620018005,0.6100797653198242,-0.00812182105277228,-0.0025982560861105976,4
2025-08-28,0.5861183404922485,0.5885087847709656,0.57073474,0.57180727,0.0054468915069671355,-0.0004918865340263925,32.718039886902005,0.5822314620018005,0.6100797653198242,0.011038585829641259,0.007221045955739741,5
2025-08-29,0.5885087847709656,0.5896887183189392,0.58716744,0.5874738,0.005416530363745079,-0.00017912449790961297,39.911598898732045,0.5822314620018005,0.6100797653198242,0.0122468306693877,0.015963938997440145,1
2025-09-01,0.5896887183189392,0.5906291007995605,0.5874738,0.5884304,0.005334363217100275,0.00012720794394264698,43.2119518630256,0.5822314620018005,0.6100797653198242,0.0,0.01164223621210304,2
2025-09-02,0.5906291007995605,0.5861698985099792,0.5884304,0.59080344,0.005248918202135655,0.00039787446576034814,41.779674074524976,0.5822314620018005,0.6100797653198242,0.0112237356170585,0.026738559202860702,3
2025-09-03,0.5861698985099792,0.5881107449531555,0.59080344,0.5920622,0.0053908851088663315,0.0002865017715263001,32.17930295211691,0.5822314620018005,0.6100797653198242,-0.0024102020135148045,0.03261967807309602,4
2025-09-04,0.5881107449531555,0.5851101279258728,0.5920622,0.5907423,0.0053394157059276325,0.00034929580161990144,43.20653770341694,0.5822314620018005,0.6100797653198242,-0.015586431517168008,0.005488942099886781,5
2025-09-05,0.5851101279258728,0.5888698697090149,0.5894123,0.5905619,0.0053476142325828615,0.000201813623220198,37.76610559913281,0.5822314620018005,0.6100797653198242,-0.0012262060033473832,-0.007967196219578743,1
2025-09-08,0.5888698697090149,0.5945091247558594,0.5905619,0.59114975,0.005424629249534455,0.0003612359823387968,44.98067786088742,0.5822314620018005,0.6100797653198242,0.001783104664788798,-0.006196719896335799,2
2025-09-09,0.5945091247558594,0.5925999879837036,0.59114975,0.59154665,0.005694835539701064,0.0008237857920766383,56.24065247857426,0.5822314620018005,0.6100797653198242,0.0023355300255342216,-0.014990708484330898,3
2025-09-10,0.5925999879837036,0.5943783521652222,0.59154665,0.590653,0.0056228864979475015,0.0009684840840303113,64.84783560672136,0.5822314620018005,0.6100797653198242,0.010827696674733928,-0.0018645656890414898,4
2025-09-11,0.5943783521652222,0.5977801084518433,0.590653,0.59017164,0.005552639313627781,0.0011394942039343844,67.79482826970397,0.5822314620018005,0.6100797653198242,0.008861649127066629,0.02283867285421701,5
2025-09-12,0.5977801084518433,0.5953408479690552,0.59301746,0.5948662,0.005581200122125429,0.0014190353886078338,66.91461285767852,0.5822314620018005,0.6100797653198242,-0.00043574574458165135,0.02364750580927535,1
2025-09-15,0.5953408479690552,0.596911609172821,0.5948662,0.59438074,0.005539327585656344,0.0013759534180265275,65.30958172015332,0.5822314620018005,0.6100797653198242,0.014496124151625057,0.03674422955889191,2
2025-09-16,0.596911609172821,0.5989401340484619,0.59438074,0.59409577,0.005464283953876013,0.0013856900717959296,65.95854726409195,0.5822314620018005,0.6100797653198242,-0.004844718213337427,0.02932680995512264,3
2025-09-17,0.5989401340484619,0.5934189558029175,0.59409577,0.5934134,0.005411524704133832,0.0014540771447115553,67.59387697683093,0.5822314620018005,0.6100797653198242,-0.01347256315564885,0.004615364300429615,4
2025-09-18,0.5934189558029175,0.5891293883323669,0.5934134,0.5906218,0.005651261002318302,0.0010705216490806207,56.20457417787265,0.5822314620018005,0.6100797653198242,-0.00658479329356115,-0.010783136885352353,5
2025-09-19,0.5891293883323669,0.5851306319236755,0.59524214,0.59482145,0.005743444538561715,0.0004999625069539938,49.34471836296905,0.5822314620018005,0.6100797653198242,0.006147083897539443,-0.0042498105017862815,1
2025-09-22,0.5851306319236755,0.5868799686431885,0.59482145,0.5949763,0.005805521225623198,-0.00014047787800409037,43.98903222695575,0.5822314620018005,0.6100797653198242,0.0008751230140683835,-0.017720971340503936,2
2025-09-23,0.5868799686431885,0.5856995582580566,0.5949763,0.59456086,0.005727091246904097,-0.00042399547653922186,50.82514285714285,0.5822314620018005,0.6100797653198242,0.0025115780623503393,-0.010468392426800657,3
2025-09-24,0.5856995582580566,0.5816601514816284,0.59456086,0.59562534,0.0056298143030540405,-0.0006549415706204825,47.14764982365392,0.5822314620018005,0.6089392304420471,0.0359897946923935,0.039706837475414876,4
2025-09-25,0.5816601514816284,0.5763190388679504,0.59562534,0.5964892,0.005704937864472555,-0.0010217920145524765,46.01669545589055,0.5816601514816284,0.608009934425354,-0.011108339286396362,0.035014297239563265,5
2025-09-26,0.5763190388679504,0.577820897102356,0.58229095,0.58371073,0.005913785421104057,-0.0015353367204261272,36.01947213827024,0.5763190388679504,0.6051217317581177,0.0032924609806411808,0.032063934796977035,1
2025-09-29,0.577820897102356,0.5781516432762146,0.58371073,0.5859935,0.005822418599607571,-0.001673703929620957,29.523360959070416,0.5763190388679504,0.604781448841095,0.026266398390743108,0.058604882695763916,2
2025-09-30,0.5781516432762146,0.5795992612838745,0.5859935,0.58555776,0.005708753437579357,-0.001640586640508075,31.557363953005336,0.5763190388679504,0.604781448841095,-0.007464320808828171,0.04809684813175413,3
2025-10-01,0.5795992612838745,0.5821806192398071,0.58555776,0.5824446,0.005624143239630706,-0.0014267068730545382,30.9745377759226,0.5763190388679504,0.604781448841095,0.005293001339195736,0.016412428769158143,4
2025-10-02,0.5821806192398071,0.5819502472877502,0.5824446,0.5812099,0.005597770739943101,-0.001035136228525307,29.48509723014793,0.5763190388679504,0.604781448841095,0.013876902206789601,0.042127651544435034,5
2025-10-03,0.5819502472877502,0.5824688673019409,0.5779372,0.57747215,0.005491363699735632,-0.0007297979140784379,31.303792053714247,0.5763190388679504,0.604781448841095,0.03214425535149481,0.07263285307489423,1
2025-10-06,0.5824688673019409,0.5840998888015747,0.57747215,0.57788306,0.0053924327328129466,-0.0004450524179468859,29.224376968809423,0.5763190388679504,0.604781448841095,-0.014136641324961854,0.030159038634841144,2
2025-10-07,0.5840998888015747,0.5797706246376038,0.57788306,0.57766056,0.005327712786058682,-0.00011613570229939037,28.40562162612231,0.5763190388679504,0.604781448841095,0.012157573009370483,0.05057232865741804,3
2025-10-08,0.5797706246376038,0.5783489346504211,0.57766056,0.577997,0.005453817050224421,-0.00015688248972115654,29.4263519086562,0.5763190388679504,0.604781448841095,-0.00039624630372070505,0.044612332535692696,4
2025-10-09,0.5783489346504211,0.5752912163734436,0.577997,0.579498,0.0053751977973168705,-0.00024127902709978862,32.21139471572222,0.5763190388679504,0.604781448841095,0.005829193522269696,0.03623933371301177,5
2025-10-10,0.5752912163734436,0.5726786255836487,0.5813605,0.5821822,0.005388557836877302,-0.0004524677558529122,33.24380618285464,0.5752912163734436,0.604781448841095,-0.045755712154609496,-0.04141959453758439,1
2025-10-13,0.5726786255836487,0.5717487335205078,0.5821822,0.5823501,0.005371382706253289,-0.0007026182497791456,26.506347237369127,0.5726786255836487,0.604781448841095,0.050669262739308656,0.022759197617018966,2
2025-10-14,0.5717487335205078,0.5715000629425049,0.5823501,0.5833419,0.005282446989306782,-0.0008550886102951637,26.72788882967299,0.5717487335205078,0.604781448841095,-0.023808263054996025,-0.013371560913445458,3
2025-10-15,0.5715000629425049,0.5716115236282349,0.5833419,0.58340484,0.005187432399627814,-0.0008929193236912087,30.597582352539447,0.5715000629425049,0.604781448841095,-0.0017081338268076546,-0.014665057805874357,4
2025-10-16,0.5716115236282349,0.572701632976532,0.58340484,0.5838186,0.005095663915246227,-0.0008318950990261059,38.76642458275372,0.5715000629425049,0.6037116050720215,-0.002819727655700685,-0.02315039465544041,5
2025-10-17,0.572701632976532,0.5731808543205261,0.5710947,0.5714706,0.005024552197108869,-0.0006477583764684545,37.53899188388471,0.5715000629425049,0.6019309759140015,-0.005359277641309777,0.017118735064109204,1
2025-10-20,0.5731808543205261,0.5744485259056091,0.5714706,0.57230663,0.004941964799868199,-0.0004336189495057225,37.98723186042626,0.5715000629425049,0.5989401340484619,0.013394668513055687,-0.020096061112937248,2
2025-10-21,0.5744485259056091,0.5742605328559875,0.57230663,0.5708415,0.004882728721044178,-0.00016059459356037144,37.44314796785772,0.5715000629425049,0.5989401340484619,-0.013698908181214555,-0.010139622662464027,3
2025-10-22,0.5742605328559875,0.5736905336380005,0.5708415,0.57103413,0.00480115559973008,4.2494218465680134e-05,28.140987889096905,0.5715000629425049,0.5989401340484619,0.0062683731636311866,-0.002212420782887569,4
2025-10-23,0.5736905336380005,0.5755196809768677,0.57103413,0.571076,0.004725894935723724,0.00016662694117622898,27.62313532856004,0.5715000629425049,0.5989401340484619,0.024097514963004135,0.025010002231266974,5
2025-10-24,0.5755196809768677,0.5760199427604675,0.5740767,0.57284474,0.004701651478564759,0.0003874924262039325,32.42176427662487,0.5715000629425049,0.5989401340484619,0.002260402648139722,0.03285008226081634,1
2025-10-27,0.5760199427604675,0.5775506496429443,0.57284474,0.573752,0.004630341556610843,0.0005717204536998502,28.321312628936056,0.5715000629425049,0.5989401340484619,0.009185120348577347,0.028511388470005342,2
2025-10-28,0.5775506496429443,0.5783589482307434,0.573752,0.5739137,0.004594645924515853,0.0007877848273181586,42.991234573941576,0.5715000629425049,0.5989401340484619,0.0,0.042697818997057636,3
2025-10-29,0.5783589482307434,0.5764286518096924,0.5739137,0.57432425,0.00453349304330293,0.0009645792237561132,50.03288803971623,0.5715000629425049,0.5989401340484619,0.01792990668350266,0.0549284499159023,4
2025-10-30,0.5764286518096924,0.5745310187339783,0.57432425,0.57233757,0.004517273025617192,0.0009305228981103496,54.03451206569216,0.5715000629425049,0.5989401340484619,-0.03016277423724716,-0.0007870346826330495,5
2025-10-31,0.5745310187339783,0.5722787976264954,0.574042,0.5738977,0.004500175751947266,0.0007660583620672208,56.921541901631166,0.5715000629425049,0.5989401340484619,-0.002464690218088246,-0.005497271819360028,1
2025-11-03,0.5722787976264954,0.5707013010978699,0.5738977,0.5722887,0.004506512201426277,0.0005041030071479807,51.80248655178425,0.5715000629425049,0.5989401340484619,-0.003658812833263493,-0.018188918603281323,2
2025-11-04,0.5707013010978699,0.5642401576042175,0.5722887,0.5727718,0.0044734135329174175,0.0002366848218541039,47.508931857640505,0.5707013010978699,0.5989401340484619,-0.024266670048338407,-0.0417274482139362,3
2025-11-05,0.5642401576042175,0.566899836063385,0.5727718,0.5726569,0.005025598843569553,-0.00033234124932903387,33.532972402938924,0.5642401576042175,0.5989401340484619,0.007483036775056278,-0.05168628697970788,4
2025-11-06,0.566899836063385,0.5639013051986694,0.5726569,0.57409126,0.005042227266475029,-0.00047775299129064,37.888583629468144,0.5642401576042175,0.5989401340484619,-0.0035323091084347048,-0.026092983432397396,5
2025-11-07,0.5639013051986694,0.5627208352088928,0.56792897,0.56824565,0.005074996554759569,-0.0007100335594092694,32.47228733357201,0.5639013051986694,0.5989401340484619,-0.0015176195049082092,-0.025170187712219842,1
2025-11-10,0.5627208352088928,0.5643786787986755,0.56824565,0.567617,0.005003265892807217,-0.0008669425858043546,27.774891109866076,0.5627208352088928,0.5989401340484619,0.029727812977192947,0.007925492846686696,2
2025-11-11,0.5643786787986755,0.5657292604446411,0.567617,0.5674799,0.004958831046556764,-0.0007852742802459474,32.26116394326654,0.5627208352088928,0.5989401340484619,-0.007597063291670923,0.024868034884034967,3
2025-11-12,0.5657292604446411,0.566228985786438,0.5674799,0.5672334,0.004902357266557168,-0.0005761704530631356,36.098367207600276,0.5627208352088928,0.5989401340484619,0.00808840261445958,0.025488642810716573,4
2025-11-13,0.566228985786438,0.5650898814201355,0.5672334,0.56639916,0.004823794431250192,-0.0003511405304777826,32.987120716000874,0.5627208352088928,0.5989401340484619,-0.00039301465230442604,0.028713012096169634,5
2025-11-14,0.5650898814201355,0.5676302909851074,0.5669547,0.5661089,0.004760739084720063,-0.00023171084328862078,30.442730441237316,0.5627208352088928,0.5989401340484619,-0.007497343296060943,0.022579947714006256,1
2025-11-17,0.5676302909851074,0.5654797554016113,0.5661089,0.5654391,0.0047833986834399074,5.061605958068399e-05,32.86842419476365,0.5627208352088928,0.5989401340484619,-0.009851313783992953,-0.017102397290192584,2
2025-11-18,0.5654797554016113,0.5659213662147522,0.5654391,0.56640816,0.004769439697493788,0.00012076321391295015,28.744169025944515,0.5627208352088928,0.5989401340484619,-0.007528247203173337,-0.01703475579439549,3
2025-11-19,0.5659213662147522,0.5614413619041443,0.56640816,0.56647325,0.0046946272318104595,0.0002193924662385752,31.762607567540726,0.5627208352088928,0.5989401340484619,0.009126948000411297,-0.016013371490300174,4
2025-11-20,0.5614413619041443,0.5591809153556824,0.56647325,0.5680965,0.004911205410637162,1.6117418196061068e-05,29.14952926744975,0.5614413619041443,0.5989401340484619,-0.009731717101725797,-0.02515975567567426,5
2025-11-21,0.5591809153556824,0.5613183975219727,0.560527,0.5615649,0.004898676006303915,-0.00022411912631233565,29.141892764122062,0.5591809153556824,0.5989401340484619,0.009831592742830271,-0.008119593913595539,1
2025-11-24,0.5613183975219727,0.561381459236145,0.5615649,0.5619728,0.004886937608212541,-0.00019375247507135568,35.31974656771591,0.5591809153556824,0.5989401340484619,-0.009327625128735287,-0.007600021362304687,2
2025-11-25,0.561381459236145,0.5624499320983887,0.5619728,0.56206113,0.004804145404769634,-0.00012731191917349487,44.40775435675358,0.5591809153556824,0.5989401340484619,0.007529003250223698,0.00745585929321252,3
2025-11-26,0.5624499320983887,0.5707000494003296,0.56206113,0.56282145,0.004743308893359201,2.270929783029004e-05,40.71709759002887,0.5591809153556824,0.5989401340484619,0.02078460076161925,0.01926915372923704,4
2025-11-27,0.5707000494003296,0.5731000304222107,0.56282145,0.5626751,0.005609642730571129,0.000675516905322276,61.63377040887098,0.5591809153556824,0.5989401340484619,0.0,0.02923681534878243,5
2025-11-28,0.5731000304222107,0.5736411809921265,0.57190543,0.5722939,0.005574037558967647,0.0012343583582045126,67.0489614010903,0.5591809153556824,0.5989401340484619,0.015743829246684975,0.03533993057228265,1
2025-12-01,0.5736411809921265,0.572619616985321,0.5722939,0.5724652,0.005470029287435899,0.001583568684141579,65.79409008584153,0.5591809153556824,0.5989401340484619,0.006439489345742295,0.05179362656480815,2
2025-12-02,0.572619616985321,0.574079155921936,0.5724652,0.57114065,0.0053778513158217875,0.0016797420317565329,61.88252030598253,0.5591809153556824,0.5989401340484619,-0.011175470790599912,0.032303227051274946,3
2025-12-03,0.574079155921936,0.5774205327033997,0.57114065,0.57165074,0.00530675243467817,0.001766784859372056,63.10393683238614,0.5591809153556824,0.5989401340484619,0.028084817441979566,0.03986683869984172,4
2025-12-04,0.5774205327033997,0.5759804248809814,0.57165074,0.5731408,0.005355176782970911,0.001959609559948175,69.17332117356585,0.5591809153556824,0.5989401340484619,-0.003113356145866483,0.03663439736823619,5
2025-12-05,0.5759804248809814,0.5775999426841736,0.57635295,0.5785662,0.005280362160160075,0.0018990185761532461,63.44391045326127,0.5591809153556824,0.5989401340484619,0.016958269780918606,0.03789409295744963,1
2025-12-08,0.5775999426841736,0.5776100158691406,0.5785662,0.5773368,0.0052197471411912855,0.0018736977424807237,69.85325561641427,0.5591809153556824,0.5989401340484619,-0.0032568630065428986,0.027878939822582584,2
2025-12-09,0.5776100158691406,0.5779501795768738,0.5773368,0.57871354,0.005125845675165014,0.0017648293838061994,69.42094577865808,0.5591809153556824,0.5989401340484619,-0.023386275095255215,0.015404030581514997,3
2025-12-10,0.5779501795768738,0.5817199945449829,0.57871354,0.5776659,0.005037454415460587,0.0016263453171603895,81.80515364475679,0.5591809153556824,0.5934189558029175,0.006656519081847274,-0.006122883664581537,4
2025-12-11,0.5817199945449829,0.5809191465377808,0.5776659,0.57552224,0.005140827493870248,0.001691723823310337,91.03621758767903,0.5591809153556824,0.5891293883323669,0.028313075901739357,0.02560709664163906,5
2025-12-12,0.5809191465377808,0.5802315473556519,0.5792235,0.57872266,0.005057194468146359,0.0015859073773128295,87.51226278637884,0.5591809153556824,0.5868799686431885,-0.02679770979515132,-0.01830170484789763,1
2025-12-15,0.5802315473556519,0.5786099433898926,0.57872266,0.57912946,0.004974721940821022,0.00138194899659657,85.23337997664864,0.5591809153556824,0.5868799686431885,0.01035592520255418,-0.004846681455181308,2
2025-12-16,0.5786099433898926,0.5785999298095703,0.57912946,0.579336,0.004923142264140531,0.0010644132432776564,79.59334258943932,0.5591809153556824,0.5856995582580566,-0.009693707758661334,0.008873238475449722,3
2025-12-17,0.5785999298095703,0.5772998332977295,0.579336,0.5793438,0.0048400951572213045,0.0007927570624021341,70.72007003720726,0.5591809153556824,0.5840998888015747,0.0143657579386246,0.01668094029705722,4
2025-12-18,0.5772998332977295,0.5750893950462341,0.5793438,0.5791286,0.0047817740077437535,0.00047996104206717016,61.689843617794324,0.5591809153556824,0.5840998888015747,0.0005591393541615224,-0.011147990500862648,5
2026-01-09,0.5750893950462341,0.572980523109436,0.5766018,0.5746455,0.004722519057286539,-0.0007957292802833983,45.843989053278975,0.5591809153556824,0.5842998623847961,0.018790451803464538,0.038209283664598484,1
2026-01-12,0.572980523109436,0.5773205757141113,0.5746455,0.5746365,0.004707218978011494,-0.000992840731327612,41.845832799736314,0.5591809153556824,0.5842998623847961,0.021874933032647856,0.010211856709487977,2
2026-01-13,0.5773205757141113,0.5739309191703796,0.5746365,0.5771816,0.00490464813478996,-0.0007990463925286635,52.99030298309836,0.5591809153556824,0.5842998623847961,-0.002509469057374457,-0.006738235477985919,3
2026-01-14,0.5739309191703796,0.5744815468788147,0.5771816,0.57458633,0.004974226329465182,-0.0008618696887116834,40.17528729869036,0.5591809153556824,0.5842998623847961,0.006511423888848364,0.03442930086758259,4
2026-01-15,0.5744815468788147,0.5743601322174072,0.57458633,0.57196176,0.004893420321632999,-0.0008288185348855427,30.928541657018485,0.5591809153556824,0.5842998623847961,-0.01020329524776686,0.035064811351222,5
2026-01-16,0.5743601322174072,0.5763389468193054,0.5732154,0.5735854,0.0048106305609680764,-0.0007784068582244413,31.58718709723192,0.5591809153556824,0.5842998623847961,-0.0271818592347448,-0.011442299815128397,1
2026-01-19,0.5763389468193054,0.5793507695198059,0.5735854,0.5730156,0.0047890436547418855,-0.0005839507338205566,38.01000581203204,0.5591809153556824,0.5842998623847961,0.0,-0.03283212982080563,2
2026-01-20,0.5793507695198059,0.5827301740646362,0.5730156,0.57347697,0.0048409473150941695,-0.00024214894613985052,47.230264301860544,0.5591809153556824,0.5842998623847961,-0.002681326556787939,-0.032998330590654296,3
2026-01-21,0.5827301740646362,0.5838188529014587,0.57347697,0.57210195,0.004919931823661803,0.00019809855520883183,56.156322951017906,0.5591809153556824,0.5842998623847961,-0.007563600184284361,-0.046513565616810186,4
2026-01-22,0.5838188529014587,0.5916704535484314,0.57210195,0.57084244,0.004853320133130284,0.0005303311513684023,64.96954472701405,0.5591809153556824,0.5842998623847961,0.0022663907619747447,-0.0345494498094415,5
2026-01-23,0.5916704535484314,0.596039891242981,0.58360934,0.58395195,0.0055504409927361,0.0012078310544092834,73.39529424798675,0.5591809153556824,0.5916704535484314,0.028920358078275955,0.02116264081050704,1
2026-01-26,0.596039891242981,0.5970701575279236,0.58395195,0.58367944,0.005664016818728677,0.0018412457560828275,74.36239192482655,0.5591809153556824,0.596039891242981,0.012274291330000235,0.033773927530305545,2
2026-01-27,0.5970701575279236,0.6027800440788269,0.58367944,0.58349556,0.005564883635880749,0.002196529372310186,75.97274540944231,0.5591809153556824,0.5970701575279236,-0.026329633060980427,0.009613724717015762,3
2026-01-28,0.6027800440788269,0.6065311431884766,0.58349556,0.5842502,0.005819433134958613,0.0026524973564090895,80.78880756570626,0.5591809153556824,0.6027800440788269,0.010920700845244964,0.028449273413167116,4
2026-01-29,0.6065311431884766,0.6075703501701355,0.5842502,0.58499455,0.005853130521902753,0.0030166189400952525,86.83287737805466,0.5591809153556824,0.6065311431884766,0.046909494425695066,0.07540271670557619,5
2026-01-30,0.6075703501701355,0.6014494895935059,0.6059271,0.6043484,0.005746266745562172,0.003124143019366211,91.56235273221579,0.5591809153556824,0.6075703501701355,-0.04614611810401607,-0.0023684553371519567,1
2026-02-02,0.6014494895935059,0.6010915637016296,0.6043484,0.60369253,0.006018708368504338,0.0026011408258420944,77.80291479512644,0.5591809153556824,0.6075703501701355,-0.01632724135572056,-0.0304980541634082,2
2026-02-03,0.6010915637016296,0.6042186617851257,0.60369253,0.6055544,0.005894577668762765,0.0020722021212743937,83.64710121598591,0.5591809153556824,0.6075703501701355,0.04400577841713017,0.04014758758922545,3
2026-02-04,0.6042186617851257,0.5998188257217407,0.6055544,0.6059435,0.005879725037952481,0.0017849534881763255,84.62835868134798,0.5591809153556824,0.6075703501701355,-0.0397915610591698,-0.01128548340161593,4
2026-02-05,0.5998188257217407,0.5938912630081177,0.6059435,0.6056677,0.0059588718898883905,0.0011798299345415876,76.95985113968027,0.5591809153556824,0.6075703501701355,-0.004645243148040119,-0.060966745173061276,5
2026-02-06,0.5938912630081177,0.6032381653785706,0.59957135,0.6024711,0.006195910992915137,0.00030700509872963726,67.152764267516,0.5591809153556824,0.6075703501701355,0.011061263030683612,-0.005680806960189312,1
2026-02-09,0.6032381653785706,0.605279266834259,0.6024711,0.60315144,0.006919778955950905,0.00028622615666214126,70.77173297839919,0.5591809153556824,0.6075703501701355,0.013803843930585742,0.024735039547115235,2
2026-02-10,0.605279266834259,0.6041712164878845,0.60315144,0.6045256,0.006798886217635262,0.0003336908263946378,70.0752361676995,0.5591809153556824,0.6075703501701355,-0.008276419658565643,-0.027463932627255154,3
2026-02-11,0.6041712164878845,0.6048911213874817,0.6045256,0.60408443,0.00665418280289664,0.0002197090335788127,68.11326199554829,0.5591809153556824,0.6075703501701355,0.00894897896843896,0.02111219766757396,4
2026-02-12,0.6048911213874817,0.6032600402832031,0.60408443,0.59933454,0.006510644376216418,0.0001266659117319987,63.47696218775367,0.5591809153556824,0.6075703501701355,-0.030377758462980523,-0.004828397820511218,5
2026-02-13,0.6032600402832031,0.6033801436424255,0.6003098,0.60114187,0.0063919430611706,-9.869891427735818e-05,57.79532180301326,0.5591809153556824,0.6075703501701355,0.0037186207526305258,-0.012108825402949145,1
2026-02-16,0.6033801436424255,0.6032018065452576,0.60114187,0.60174346,0.00625430637769365,-0.00028320496821645624,56.94922908877032,0.5591809153556824,0.6075703501701355,0.0,-0.02565183316811802,2
2026-02-17,0.6032018065452576,0.6048911213874817,0.60174346,0.6004955,0.006122191917053075,-0.00045082971446517,50.52893441691633,0.5613183975219727,0.6075703501701355,-0.02792183898914965,-0.04460651552373478,3
2026-02-18,0.6048911213874817,0.5967797636985779,0.6004955,0.60183424,0.006025193963520619,-0.00047886970220430147,47.831077043864035,0.561381459236145,0.6075703501701355,0.028094448608724638,-0.026138836483646104,4
2026-02-19,0.5967797636985779,0.5971004962921143,0.60183424,0.59933084,0.00654117026268487,-0.0010423153488865137,37.97825093764277,0.5624499320983887,0.6075703501701355,-0.01102105618140487,-0.007104468900400771,5
2026-02-20,0.5971004962921143,0.6003986597061157,0.5957343,0.5936546,0.006399391105220145,-0.0013713141877702301,44.435682887917494,0.5707000494003296,0.6075703501701355,0.01747295267048268,0.0066464966813204055,1
2026-02-23,0.6003986597061157,0.596039891242981,0.5936546,0.5915845,0.006370953015278029,-0.0013429814651731119,49.175497999208474,0.572619616985321,0.6075703501701355,-0.009996651615555126,-0.0033664662098414413,2
2026-02-24,0.596039891242981,0.5965590476989746,0.5915845,0.59383756,0.00641612168668388,-0.0015777520686323515,40.54503986163843,0.572619616985321,0.6075703501701355,0.02565121835476392,0.05148233040219137,3
2026-02-25,0.5965590476989746,0.6000888347625732,0.59383756,0.5977453,0.006281469735015176,-0.0016502298880041065,45.860130077755976,0.572619616985321,0.6075703501701355,0.009493868339474848,0.032104923106046575,4
2026-02-26,0.6000888347625732,0.5980217456817627,0.5977453,0.5964432,0.006275220339084107,-0.001421293707671003,58.381267128808645,0.572980523109436,0.6075703501701355,-0.005450026589920928,0.037870856353763575,5
2026-02-27,0.5980217456817627,0.595770001411438,0.59992176,0.5995311,0.006183570386446433,-0.0013693784289096128,41.216062951030274,0.572980523109436,0.6075703501701355,0.009622278291953983,0.029754770273000934,1
2026-03-02,0.595770001411438,0.5948804616928101,0.5995311,0.5989038,0.006104090758502822,-0.001439801078857533,34.10012776585164,0.572980523109436,0.6075703501701355,-0.018489498291913743,0.02104625328883844,2
2026-03-03,0.5948804616928101,0.5889108180999756,0.5989038,0.5993491,0.005985731829347264,-0.0014929967907311914,34.35113737443102,0.572980523109436,0.6075703501701355,-0.020741198751393842,-0.02524057010822666,3
2026-03-04,0.5889108180999756,0.5937607288360596,0.5993491,0.59987587,0.006226873308960683,-0.0018534039039577337,27.128401031207503,0.572980523109436,0.6075703501701355,0.01401752384407531,-0.020821105716782883,4
2026-03-05,0.5937607288360596,0.5897687077522278,0.59987587,0.6003484,0.006338638112199124,-0.0016927690722362905,37.551241032819256,0.572980523109436,0.6075703501701355,-0.01757458022170611,-0.032621530733064764,5
2026-03-06,0.5897687077522278,0.5850211381912231,0.5943878,0.59607023,0.006359502076744148,-0.0017743892562513356,33.80576735425602,0.572980523109436,0.6075703501701355,0.0006950803071056875,-0.04121907675843482,1
2026-03-09,0.5850211381912231,0.5927084684371948,0.59607023,0.59438723,0.006446215611814024,-0.0020477446726303986,30.490667505830004,0.572980523109436,0.6075703501701355,0.0075276058723092055,-0.015947046602633207,2
2026-03-10,0.5927084684371948,0.5924416184425354,0.59438723,0.5934681,0.006885391186511388,-0.0016287127956885574,38.41794911606473,0.572980523109436,0.6075703501701355,0.01768594808097934,0.02260324596150283,3
2026-03-11,0.5924416184425354,0.5895600914955139,0.5934681,0.59428185,0.006730594419564129,-0.0013015773550964032,45.1527268658625,0.572980523109436,0.6075703501701355,-0.00995792118644709,-0.001622549388886966,4
2026-03-12,0.5895600914955139,0.5852998495101929,0.59428185,0.5941963,0.0066582110252276505,-0.001213085817503152,42.03070371606937,0.572980523109436,0.6075703501701355,-0.0035989598931909124,0.012428351132187836,5
2026-03-13,0.5852998495101929,0.5797303318977356,0.5923834,0.59114945,0.006683763947478386,-0.0013640320324893604,34.36042950845582,0.572980523109436,0.6075703501701355,-0.01906637758896683,-0.007382320531314223,1
2026-03-16,0.5797303318977356,0.5853704214096069,0.59114945,0.5921765,0.006833158320437751,-0.0017375863489958127,33.51968093243664,0.572980523109436,0.6075703501701355,0.013211876292665282,-0.0017239465889763107,2
2026-03-17,0.5853704214096069,0.585919201374054,0.5921765,0.592061,0.006989482061470188,-0.0015117535266036168,39.75454215988927,0.572980523109436,0.6075703501701355,-0.011114142119103089,-0.03006432536706745,3
2026-03-18,0.585919201374054,0.5795589685440063,0.592061,0.59226894,0.006834160442025609,-0.0012435448763349266,36.27554784769378,0.572980523109436,0.6075703501701355,-0.030586158824142798,-0.04986743510960443,4
2026-03-19,0.5795589685440063,0.5868303775787354,0.59226894,0.59171534,0.007059412721328807,-0.001400918584264759,33.49031764271963,0.572980523109436,0.6075703501701355,-0.0220268873083426,-0.06721606842549674,5
2026-03-20,0.5868303775787354,0.5831209421157837,0.57876545,0.5782052,0.007389756757342928,-0.0009436567649563216,42.66458250596197,0.572980523109436,0.6075703501701355,-0.016797736235749178,-0.06509751401327181,1
2026-03-23,0.5831209421157837,0.5853601694107056,0.5782052,0.57806176,0.007336322691665616,-0.0008237447827389556,40.777506862224485,0.572980523109436,0.6075703501701355,0.017993370747035806,-0.06061657871469147,2
2026-03-24,0.5853601694107056,0.5838086605072021,0.57806176,0.5760219,0.007212226635380181,-0.0005400558860778923,47.04231617873407,0.572980523109436,0.6075703501701355,-0.003130129888579305,-0.053086509909244815,3
2026-03-25,0.5838086605072021,0.5806391835212708,0.5760219,0.57635456,0.007066381685549714,-0.0004092712647923123,41.227907954187245,0.572980523109436,0.6075703501701355,0.019449943827491212,-0.004501277604227053,4
2026-03-26,0.5806391835212708,0.5761796236038208,0.57635456,0.5760802,0.006996832207378441,-0.00048350215817587194,41.834523936453785,0.572980523109436,0.6075703501701355,-0.015033763846452861,0.002484766531912412,5
2026-03-27,0.5761796236038208,0.5727902054786682,0.5803708,0.58151656,0.007023870972803484,-0.0007635695778512083,42.05116883228232,0.572980523109436,0.6075703501701355,0.003756852986170725,0.02330365801249282,1
2026-03-30,0.5727902054786682,0.5717389583587646,0.58151656,0.58141744,0.006972432854317161,-0.0010879354689008287,30.593023377365526,0.5727902054786682,0.6075703501701355,0.0016448554664745389,0.0067101715386548,2
2026-03-31,0.5717389583587646,0.5756091475486755,0.58141744,0.5820709,0.006824943745717987,-0.0012713667514444213,30.132441618494468,0.5717389583587646,0.6075703501701355,0.020157100232811233,0.030428761233812707,3
2026-04-01,0.5756091475486755,0.5750100612640381,0.5820709,0.5833064,0.006825514955845442,-0.0010398749108792831,36.86112620522101,0.5717389583587646,0.6075703501701355,0.006511190388170775,0.017182179484824228,4
2026-04-02,0.5750100612640381,0.5717801451683044,0.5833064,0.58212966,0.006676627722993791,-0.0008433011144272067,39.59138244557956,0.5717389583587646,0.6075703501701355,-0.010905599959187336,0.021389953439539953,5
2026-04-03,0.5717801451683044,0.5686697363853455,0.57418436,0.5777719,0.0066328012783697385,-0.0008448893534070282,41.55844320230067,0.5717389583587646,0.6075703501701355,0.0,0.017559940445507377,1
2026-04-06,0.5686697363853455,0.5714514255523682,0.5777719,0.575988,0.006584601776105912,-0.000961046107796848,31.260408431883207,0.5686697363853455,0.6075703501701355,0.003678236070027349,0.01963113213823332,2
2026-04-07,0.5714514255523682,0.5809292793273926,0.575988,0.57907397,0.00652513117808899,-0.0007647127144477127,34.540597895938234,0.5686697363853455,0.6075703501701355,-0.00700938080004491,-0.007695788907116561,3
2026-04-08,0.5809292793273926,0.5825400948524475,0.57907397,0.5786872,0.0072655215219597676,4.626784544209221e-05,51.372770069671525,0.5686697363853455,0.6075703501701355,0.03804424731409376,0.024093163669519635,4
2026-04-09,0.5825400948524475,0.585048496723175,0.5786872,0.57799757,0.007123180027035627,0.000697822944537972,45.15220457199663,0.5686697363853455,0.6075703501701355,-0.001998676585020025,0.03325542621894548,5
2026-04-10,0.585048496723175,0.5804302096366882,0.57994217,0.5799293,0.007021336037012847,0.001270989042463951,52.23880183706502,0.5686697363853455,0.6075703501701355,0.021087830597987828,0.055275907672740744,1
2026-04-13,0.5804302096366882,0.5871990919113159,0.5799293,0.5785503,0.007057438107797246,0.001307270638011572,44.57385852971779,0.5686697363853455,0.6075703501701355,0.01781159571001089,0.07029639655088779,2
2026-04-14,0.5871990919113159,0.5903501510620117,0.5785503,0.5792138,0.007320325863599788,0.0017288644993634795,53.34723650854551,0.5686697363853455,0.6075703501701355,0.015689537291392698,0.09486879517192584,3
2026-04-15,0.5903501510620117,0.5912192463874817,0.5792138,0.5804935,0.007241431449290557,0.0021350425255372133,59.59073532718686,0.5686697363853455,0.6075703501701355,0.0002470874559217801,0.054258181882307535,4
2026-04-16,0.5912192463874817,0.5886092185974121,0.5804935,0.58137095,0.007082550862391735,0.0023597698875335127,65.98723418814683,0.5686697363853455,0.6075703501701355,-0.0009061811693833574,0.05541058349503046,5
2026-04-17,0.5886092185974121,0.5865206122398376,0.5879214,0.5908741,0.006981874864054759,0.002231579006572834,67.09906283381633,0.5686697363853455,0.6075703501701355,0.0060804956810176485,0.03968994091703001,1
2026-04-20,0.5865206122398376,0.590639591217041,0.5908741,0.5900055,0.006863858833569628,0.0019170954636229952,65.6273039710536,0.5686697363853455,0.6075703501701355,-0.011120855384533909,0.010040151349522604,2
2026-04-21,0.590639591217041,0.5898104310035706,0.5900055,0.59057575,0.006872931472729327,0.0018941171818719464,65.80717390404956,0.5686697363853455,0.6075703501701355,-0.005732044023659669,-0.011366406140214242,3
2026-04-22,0.5898104310035706,0.5905802845954895,0.59057575,0.59022415,0.006725822957968036,0.0017349575503526986,65.49024892046297,0.5686697363853455,0.6075703501701355,0.019552618230260894,0.007905115060130407,4
2026-04-23,0.5905802845954895,0.5853807330131531,0.59022415,0.5921935,0.00658448171298191,0.0015968765042220741,70.74469764333858,0.5686697363853455,0.6075703501701355,-0.007297785574562695,0.00148352826945099,5
2026-04-24,0.5853807330131531,0.5870887637138367,0.5901518,0.5911062,0.006698013945896069,0.0010946524464890276,67.62679214060995,0.5686697363853455,0.605279266834259,-0.00859581222512715,-0.013107221292054893,1
2026-04-27,0.5870887637138367,0.5912611484527588,0.5911062,0.5918546,0.0065812114155591695,0.0008288488482781073,66.87654789550538,0.5686697363853455,0.605279266834259,-0.0009134808991143975,-0.002982049323892126,2
2026-04-28,0.5912611484527588,0.588841438293457,0.5918546,0.59325594,0.006610670788725903,0.000880543081063889,62.5927346590067,0.5686697363853455,0.605279266834259,-0.01734799613390739,-0.014496357795268236,3
2026-04-29,0.588841438293457,0.584050714969635,0.59325594,0.59317046,0.006521669893110301,0.0007058298743937816,57.53172087058739,0.5686697363853455,0.605279266834259,-0.006105378262062169,-0.039460768845391785,4
2026-04-30,0.584050714969635,0.5906988978385925,0.59317046,0.5925635,0.006602026994987464,0.00024544637580806465,48.86909619573148,0.5686697363853455,0.605279266834259,0.008047844376794507,-0.02460701060108167,5
2026-05-01,0.5906988978385925,0.5906500220298767,0.583518,0.58271503,0.006885176993778113,0.00035958918425989207,61.12672636055037,0.5686697363853455,0.605279266834259,0.0010119821779090508,-0.015190471648038998,1
2026-05-04,0.5906500220298767,0.58724045753479,0.58271503,0.58246034,0.006732031318088568,0.0003996401811603098,54.37666023110568,0.5686697363853455,0.605279266834259,-0.023365961327474982,-0.0370555076314941,2
2026-05-05,0.58724045753479,0.5903292298316956,0.58246034,0.58249885,0.006691890777074219,0.00017577016494418419,46.08180652060934,0.5686697363853455,0.6048911213874817,0.025218539468338824,0.004818598720404222,3
2026-05-06,0.5903292298316956,0.5953586101531982,0.58249885,0.5833056,0.006639640071319581,0.00021252326388880474,48.93798914945249,0.5686697363853455,0.6048911213874817,0.03204049835903662,0.0438887297223548,4
2026-05-07,0.5953586101531982,0.5938488841056824,0.5833056,0.5796229,0.006737392767315098,0.0005340639111371605,57.61408076428599,0.5686697363853455,0.6048911213874817,-0.0014676820261337934,0.03400268898815978,5
2026-05-08,0.5938488841056824,0.5950397253036499,0.59245646,0.59155846,0.0066096834819422655,0.00059872045275175,58.37652817066457,0.5686697363853455,0.6048911213874817,0.01963461678704533,0.05343895881660789,1
2026-05-11,0.5950397253036499,0.5965298414230347,0.59155846,0.58624023,0.006480877251817371,0.0006699568984446236,55.39037148890557,0.5686697363853455,0.6048911213874817,0.025983655041448343,0.10672989606842626,2
2026-05-12,0.5965298414230347,0.5952416062355042,0.58624023,0.58819884,0.0063647587282887955,0.0007591552273781943,58.10041575231337,0.5686697363853455,0.6048911213874817,0.011086720769667314,0.09119978265917399,3
2026-05-13,0.5952416062355042,0.5931690335273743,0.58819884,0.59055465,0.0062451039676265285,0.0006758976349549783,55.54997274833084,0.5686697363853455,0.6003986597061157,0.022942177639864655,0.08131672485869916,4
2026-05-14,0.5931690335273743,0.5903501510620117,0.59055465,0.5887817,0.006155839496128188,0.000437317416983845,60.019138697280404,0.5686697363853455,0.6003986597061157,-0.010300755993562987,0.07180743420834021,5
2026-05-15,0.5903501510620117,0.5832604169845581,0.5930891,0.5940034,0.006107472554431096,6.526627563535788e-05,54.07898091451114,0.5686697363853455,0.6003986597061157,-0.04931180430300637,0.00040007316233989156,1
2026-05-18,0.5832604169845581,0.5874301791191101,0.5940034,0.59152204,0.006488003794505057,-0.0006436428465495399,40.67412014495654,0.5686697363853455,0.6000888347625732,0.003273801195157019,-0.02206283618749147,2
2026-05-19,0.5874301791191101,0.5833386778831482,0.59152204,0.5911975,0.006525156818156492,-0.0008065041012404696,48.41947865558559,0.5686697363853455,0.6000888347625732,-0.01720712646640829,-0.04934466693495037,3
2026-05-20,0.5833386778831482,0.5868303775787354,0.5911975,0.58999324,0.006546169296394832,-0.0011439520177079132,49.18987540926686,0.5686697363853455,0.6000888347625732,0.02015245445655226,-0.05199303633060097,4
2026-05-21,0.5868303775787354,0.5878514647483826,0.58999324,0.5894106,0.006528748615219249,-0.001086588428326178,45.25796500846805,0.5686697363853455,0.5980217456817627,-0.005339752746315452,-0.047278285427929306,5
2026-05-22,0.5878514647483826,0.5873000621795654,0.5874975,0.5862232,0.006399736443440948,-0.0009399638947740862,46.64938742421302,0.5686697363853455,0.5965298414230347,0.01349334518027408,0.014476505806940564,1
2026-05-25,0.5873000621795654,0.5862111449241638,0.5862232,0.58807373,0.006266538141901775,-0.0008432888846570199,50.07660534153726,0.5686697363853455,0.5965298414230347,0.0,0.011160741947081566,2
2026-05-26,0.5862111449241638,0.5842486619949341,0.58807373,0.58928347,0.006146574003064026,-0.0008153700375416471,44.420522527877196,0.5686697363853455,0.5965298414230347,0.002991429972730405,0.03179239260258109,3
2026-05-27,0.5842486619949341,0.5892404317855835,0.58928347,0.58986664,0.006058274297610293,-0.0008859003007139828,33.583117546548294,0.5686697363853455,0.5965298414230347,-0.008842665101228171,0.002305009765288181,4
2026-05-28,0.5892404317855835,0.594569206237793,0.58986664,0.58623743,0.00620035531688111,-0.0005686159378325335,43.82559586270123,0.5686697363853455,0.5965298414230347,0.014329838466993622,0.022215109420296482,5
2026-05-29,0.594569206237793,0.5981684327125549,0.58735293,0.58531237,0.006361066158902402,-2.0866102101320914e-06,49.43252071795403,0.5686697363853455,0.5965298414230347,-0.0057230335454064194,0.0027593698651848576,1
2026-06-01,0.5981684327125549,0.5935704112052917,0.58531237,0.589275,0.006356070331503404,0.0005805952735605901,51.880582884239935,0.5686697363853455,0.5981684327125549,0.02553796337409885,0.028697596972302092,2
2026-06-02,0.5935704112052917,0.5922486186027527,0.589275,0.58913827,0.006423537875801474,0.000618403609396986,48.217423701055125,0.5686697363853455,0.5981684327125549,0.01905393732165074,0.045354477186779235,3
2026-06-03,0.5922486186027527,0.5871197581291199,0.58913827,0.5876273,0.006303140710219281,0.0005203855938185661,49.00226142017186,0.5686697363853455,0.5981684327125549,-0.025666836602769052,0.02791437320339968,4
2026-06-04,0.5871197581291199,0.5869888067245483,0.5876273,0.5892536,0.00642818931107406,9.822827735060159e-05,46.66523095476892,0.5686697363853455,0.5981684327125549,0.004618267070789165,0.017980026516798444,5
2026-06-05,0.5869888067245483,0.5796698331832886,0.58509696,0.5862769,0.0062916513534300965,-0.0001862320905349587,54.49460807983262,0.5686697363853455,0.5981684327125549,-0.03875390986788241,-0.015095482152516212,1
2026-06-08,0.5796698331832886,0.5803594589233398,0.5862769,0.58699274,0.006687329158389287,-0.0008277731157770718,41.305024369199046,0.5686697363853455,0.5981684327125549,0.010482107026258984,-0.029812992715881368,2
2026-06-09,0.5803594589233398,0.5807504653930664,0.58699274,0.5850276,0.00654694782377671,-0.0011465179796516507,46.38651160974933,0.5686697363853455,0.5981684327125549,-0.004274931670488298,-0.05218439396108085,3
2026-06-10,0.5807504653930664,0.5794313549995422,0.5850276,0.5839392,0.006408234337093204,-0.001262675368527377,42.02590385180645,0.5686697363853455,0.5981684327125549,-0.00852488121841812,-0.035796925787185976,4
2026-06-11,0.5794313549995422,0.5832808613777161,0.5839392,0.58363295,0.0062891579760955005,-0.0013520234610696488,39.04228384910859,0.5686697363853455,0.5981684327125549,0.0015989373612835867,-0.03870378218788057,5
2026-06-12,0.5832808613777161,0.585538387298584,0.5774911,0.579027,0.006314573273828664,-0.0010869536489081955,45.18301141972971,0.5686697363853455,0.5981684327125549,0.027031900562995762,0.02666237905305861,1
2026-06-15,0.585538387298584,0.5827913284301758,0.579027,0.57934517,0.006236706450868218,-0.0007127560442493762,49.2156740116881,0.5686697363853455,0.5981684327125549,0.008053949730139183,0.02417250543245539,2
2026-06-16,0.5827913284301758,0.5831209421157837,0.57934517,0.5785608,0.006182730887521027,-0.0006075317046068667,48.33150902554668,0.5686697363853455,0.5981684327125549,0.001002161336406582,0.029591444546162984,3
2026-06-17,0.5831209421157837,0.5774805545806885,0.5785608,0.5813302,0.006056456758858284,-0.00047867988798233553,42.15652120767633,0.5686697363853455,0.5981684327125549,-0.001156423524832199,0.03720596472992238,4
2026-06-18,0.5774805545806885,0.57548987865448,0.5813302,0.5822904,0.006264794804636527,-0.0007216739742730732,28.270689456547444,0.5686697363853455,0.5981684327125549,-0.016646363132267167,0.018453423316065413,5
2026-06-19,0.57548987865448,0.5734602212905884,0.58040386,0.58026016,0.006174294821994072,-0.0009504348076723084,19.932798184349807,0.5686697363853455,0.5981684327125549,0.0,-0.008708534706596658,1
2026-06-22,0.5734602212905884,0.5711707472801208,0.58026016,0.5815558,0.006089452581236009,-0.0011586039641125288,21.389479182743102,0.5686697363853455,0.5981684327125549,-0.002827690066274483,-0.019436934213317634,2
2026-06-23,0.5711707472801208,0.5664695501327515,0.5815558,0.5814087,0.006020556147654297,-0.0013568942838075707,20.81631912006945,0.5686697363853455,0.5981684327125549,-0.03449037300966138,-0.053629227612700635,3
2026-06-24,0.5664695501327515,0.5644615292549133,0.5814087,0.58133435,0.006140238701248588,-0.0016894159336258473,21.065791869261446,0.5664695501327515,0.5981684327125549,-0.03277353237773814,-0.08308266552958499,4
2026-06-25,0.5644615292549133,0.5643309354782104,0.58133435,0.5806308,0.006057092321272851,-0.0019129171079056463,20.013075566938497,0.5644615292549133,0.5981684327125549,0.021226927609582807,-0.04769000085650414,5
2026-06-26,0.5643309354782104,0.5640698671340942,0.5631795,0.56245214,0.005933805844525605,-0.0019321971227071822,24.749500571056274,0.5643309354782104,0.5981684327125549,0.011628054340762762,-0.03655185646337098,1
2026-06-29,0.5640698671340942,0.5651313662528992,0.56245214,0.5613863,0.00581519073222824,-0.0018263872949282611,22.800721349066066,0.5640698671340942,0.5981684327125549,-0.0071901852926039185,-0.04074573984098327,2
2026-06-30,0.5651313662528992,0.5675304532051086,0.5613863,0.5605625,0.005715155263975792,-0.0015591544314174088,24.491424944659798,0.5640698671340942,0.5981684327125549,0.015460074778671905,0.008386308770899966,3
2026-07-01,0.5675304532051086,0.5675497651100159,0.5605625,0.5596513,0.005676431861381594,-0.0011158381656676923,31.226117045283587,0.5640698671340942,0.5981684327125549,-0.011205093563390204,0.030371872014752988,4
2026-07-02,0.5675497651100159,0.5692912936210632,0.5596513,0.5574829,0.005566130224518811,-0.0007347240689330545,21.772834224598938,0.5640698671340942,0.5981684327125549,-0.0014708001647411473,0.007248191997320506,5
2026-07-03,0.5692912936210632,0.5706000924110413,0.5683712,0.56845325,0.005499551547538425,-0.00030099329222839713,20.296920733235552,0.5640698671340942,0.5981684327125549,0.0,-0.004396312045217968,1
2026-07-06,0.5706000924110413,0.5701611638069153,0.56845325,0.5708816,0.005418425169784569,0.00011604994084052096,26.474708600846995,0.5640698671340942,0.5981684327125549,0.010331583040322573,0.013202152997047715,2
2026-07-07,0.5701611638069153,0.567659318447113,0.5708816,0.57084686,0.005318590835646841,0.0003889712688696957,25.096724980357223,0.5640698671340942,0.5981684327125549,-0.0010526365940761889,-0.0033911841839605,3
2026-07-08,0.567659318447113,0.5715788006782532,0.57084686,0.571697,0.005298641602957312,0.00042471571972873233,28.539090523091176,0.5640698671340942,0.5981684327125549,-0.01914013935616124,-0.01126802788681746,4
2026-07-09,0.5715788006782532,0.5762293934822083,0.571697,0.57188827,0.0054048986954420486,0.0007187546281036839,42.11809701358075,0.5640698671340942,0.5981684327125549,0.026163935290325936,0.01643635719341348,5
2026-07-10,0.5762293934822083,0.5758709907531738,0.5719616,0.57117945,0.005576100674737775,0.0012042930745640792,55.04744439108866,0.5640698671340942,0.5981684327125549,0.002972223900634411,0.01946192773692595,1
2026-07-13,0.5758709907531738,0.5763389468193054,0.57117945,0.56856406,0.005470669095211171,0.0014619997733472728,59.21603459358382,0.5640698671340942,0.5981684327125549,-8.024741299155112e-05,0.008902529714526746,2
2026-07-14,0.5763389468193054,0.5813513994216919,0.56856406,0.5692866,0.005370992335092869,0.0016128006300975047,73.20342037482868,0.5640698671340942,0.5981684327125549,0.015442498101460594,0.02568252652061329,3
2026-07-15,0.5813513994216919,0.5847799181938171,0.5692866,0.565624,0.005581779003129017,0.0019750329993735646,84.79355809915792,0.5640698671340942,0.5981684327125549,-0.005782877839766474,0.03947474432763048,4
2026-07-16,0.5847799181938171,0.5841804146766663,0.565624,0.56648684,0.005615387526008796,0.00234521326883112,87.08627813006038,0.5640698671340942,0.5981684327125549,0.0003971654574320329,0.01303296045665884,5
2026-07-17,0.5841804146766663,0.5839995741844177,0.58419585,0.584202,0.0055111406084724915,0.002438565478992536,86.03019540085046,0.5640698671340942,0.5981684327125549,-0.012144638701152746,-0.0021657517630200027,1
2026-07-20,0.5839995741844177,0.5852916240692139,0.584202,0.583257,0.005407191980980406,0.002374673659702225,84.90589755690915,0.5640698671340942,0.5981684327125549,0.012620983706146529,0.010588799429111227,2
2026-07-21,0.5852916240692139,0.5826215744018555,0.583257,0.5834563,0.005328264579944083,0.0023041577051230843,84.26123729215004,0.5640698671340942,0.5981684327125549,0.03310222155002192,0.028594033945984972,3
2026-07-22,0.5826215744018555,0.581429123878479,0.5834563,0.5819753,0.005315049057441227,0.001975082855012321,76.3761080316518,0.5640698671340942,0.5981684327125549,-0.009257887611187711,0.02502586293244361,4
2026-07-23,0.581429123878479,0.5774105191230774,0.5819753,0.58194643,0.005234083673807284,0.0015909942577967129,71.6577790351159,0.5640698671340942,0.5981684327125549,-0.02289224847416917,0.0014294511624003904,5
2026-07-24,0.5774105191230774,0.5798513293266296,0.5795358,0.5791672,0.0053378806318368464,0.0010085739102167813,61.08046672562802,0.5640698671340942,0.5981684327125549,0.0023762931297229128,0.01607723228984954,1
2026-07-27,0.5798513293266296,0.5770406723022461,0.5791672,0.5780122,0.005317017692451664,0.000742300529211608,64.80157617384528,0.5640698671340942,0.5981684327125549,0.003001827486801528,0.006350284179513034,2
2026-07-28,0.5770406723022461,0.5782185196876526,0.5780122,0.5765654,0.005315192895743138,0.00035131220953920207,64.19594522682955,0.5640698671340942,0.5981684327125549,-0.0026854447899488545,-0.029027818332004473,3
2026-07-29,0.5782185196876526,0.5802584886550903,0.5765654,0.575378,0.005236873100761637,0.00015638755820538753,60.9563657393747,0.5640698671340942,0.5981684327125549,-0.007701210872198454,-0.02751515146139386,4
2026-07-30,0.5802584886550903,0.5875406265258789,0.575378,0.57459104,0.005197821089560334,0.00014923223453531956,57.275331871027184,0.5640698671340942,0.5981684327125549,0.026892641982221528,0.022125320371429308,5
2026-07-31,0.5875406265258789,0.5898382663726807,0.57952505,0.5792006,0.005743968577635995,0.0005943450239391678,66.85688898685089,0.5640698671340942,0.5981684327125549,-0.0013198401493381645,0.01835438219749644,1
2026-08-03,0.5898382663726807,0.5866995453834534,0.5792006,0.5787385,0.005692458700822583,0.0009801435050660681,68.52087187060961,0.5640698671340942,0.5981684327125549,0.012046488506285159,0.02760683194262729,2
2026-08-04,0.5866995453834534,0.5876303911209106,0.5787385,0.5782816,0.0056893808794788335,0.0009593709394557337,57.73528625740321,0.5640698671340942,0.5981684327125549,0.01591509584598905,0.04689974766550047,3
2026-08-05,0.5876303911209106,0.5887513160705566,0.5782816,0.5762516,0.005589693666030618,0.0009423800913703185,54.44384767349154,0.5640698671340942,0.5981684327125549,0.012686404289486142,0.06846259748900979,4
2026-08-06,0.5887513160705566,0.5868303775787354,0.5762516,0.5767812,0.005498529248962116,0.0009386327753082107,57.01197266421496,0.5640698671340942,0.5981684327125549,-0.00238988478246076,0.03762895949832691,5
2026-08-07,0.5868303775787354,0.5887998342514038,0.5872562,0.58954024,0.00543636475693807,0.0007471187366008343,54.12249163661868,0.5640698671340942,0.5981684327125549,-0.01757539541130289,0.0208980779076065,1
2026-08-10,0.5887998342514038,0.5888206362724304,0.58954024,0.5880836,0.0053830751511082155,0.0006945287321542598,55.01014661518451,0.5640698671340942,0.5981684327125549,0.003646060691822296,0.012358017598907476,2
2026-08-11,0.5888206362724304,0.5880000591278076,0.5880836,0.5889837,0.005283860191419894,0.0006058289169860887,59.57774417478142,0.5640698671340942,0.5981684327125549,0.0026502001102386456,-0.0009821324940826734,3
2026-08-12,0.5880000591278076,0.5861115455627441,0.5889837,0.5902588,0.0051955116283198466,0.00044407030351655387,60.27031760641846,0.5640698671340942,0.5981684327125549,-0.0022711594833249556,-0.015813806580395398,4
2026-08-13,0.5861115455627441,0.5854492783546448,0.5902588,0.5910521,0.005145316135319489,0.00017583417096104538,64.56978032397473,0.5640698671340942,0.5981684327125549,-0.0006823476740331839,-0.014131836529064641,5
2026-08-14,0.5854492783546448,0.5890911817550659,0.585258,0.58828264,0.0050592418232733895,-6.722321031424252e-05,59.967397256784814,0.5640698671340942,0.5981684327125549,0.0010612446835852258,0.004413710180685897,1
2026-08-17,0.5890911817550659,0.5905907154083252,0.58828264,0.5852965,0.005143463243587676,-6.922240318262603e-06,70.83958670053106,0.5640698671340942,0.5981684327125549,0.0006816241669075291,0.0014405984698549184,2
2026-08-18,0.5905907154083252,0.5872901082038879,0.5852965,0.58375174,0.005082314311328493,0.00010365153562521146,71.16046070189961,0.5640698671340942,0.5981684327125549,-0.018569289721207194,-0.019585588700257436,3
2026-08-19,0.5872901082038879,0.5935810208320618,0.58375174,0.582739,0.005127212311327011,-6.663114600902968e-05,61.529184803535436,0.5640698671340942,0.5981684327125549,0.0007710276924720535,-0.01659844312706868,4
2026-08-20,0.5935810208320618,0.5954011082649231,0.582739,0.5819536,0.005516629362676629,0.00020823753942868445,60.23669212851195,0.5640698671340942,0.5981684327125549,-0.004247954192756235,-0.020098622289650085,5
2026-08-21,0.5954011082649231,0.5977500677108765,0.59273624,0.5891599,0.005451755320854898,0.00046191717226583707,59.58248541512227,0.5640698671340942,0.5981684327125549,0.01832946105727777,-0.0030305296436349055,1
2026-08-24,0.5977500677108765,0.5966017842292786,0.5891599,0.5935897,0.005415019518105908,0.0007217161855564234,69.56791569828192,0.5640698671340942,0.5977500677108765,0.0029593341759600266,-0.0007571342173834435,2
2026-08-25,0.5966017842292786,0.5976000428199768,0.5935897,0.5939042,0.005328705927086123,0.0007469008037746263,65.76485991097147,0.5640698671340942,0.5977500677108765,0.016606289178301835,0.03501731693057663,3
2026-08-26,0.5976000428199768,0.5948415398597717,0.5939042,0.59429526,0.0052439616576961225,0.00075899840742102,65.61663058548295,0.5640698671340942,0.5977500677108765,-0.01728842999342165,0.016493236372894807,4
2026-08-27,0.5948415398597717,0.5954897403717041,0.59429526,0.59371805,0.005237579507482482,0.0005207814908990659,63.73247998953755,0.5640698671340942,0.5977500677108765,-0.001137984674680693,0.0196594201689716,5
2026-08-28,0.5954897403717041,0.5919997096061707,0.5965381,0.59583515,0.005149199367444255,0.00035438089748307273,62.01172084023613,0.5640698671340942,0.5977500677108765,-0.003802589714711809,-0.002659837376031039,1
2026-08-31,0.5919997096061707,0.5922310948371887,0.59583515,0.59617007,0.0052029137865965795,-2.3183580067078977e-05,55.07569384437939,0.5640698671340942,0.5977500677108765,0.004788932365228237,-0.0008334353389590339,2
2026-09-01,0.5922310948371887,0.5895600914955139,0.59617007,0.5964273,0.0051109625597907694,-0.0002757640203973665,56.88478257917719,0.5640698671340942,0.5977500677108765,-0.013282694622597117,-0.03025561869400699,3
2026-09-02,0.5895600914955139,0.5851101279258728,0.5964273,0.5963039,0.005107409858937528,-0.0006213613397064092,55.472156383536145,0.5640698671340942,0.5977500677108765,-0.0008456413975780643,-0.014178502753753543,4
2026-09-03,0.5851101279258728,0.5885607600212097,0.5963039,0.5949747,0.005258806972175016,-0.001119255931763913,49.51958473208195,0.5640698671340942,0.5977500677108765,0.011622735706030072,-0.0015181041759266365,5
2026-09-04,0.5885607600212097,0.5882906913757324,0.58079565,0.5792847,0.005312440108758797,-0.0011797584778667197,49.24455038905783,0.5640698671340942,0.5977500677108765,0.003036282965223013,0.005333789291016081,1
2026-09-07,0.5882906913757324,0.5882802605628967,0.5792847,0.5784247,0.005216120510188528,-0.0011976980406462876,46.605320571468795,0.5640698671340942,0.5977500677108765,0.0,0.0005308234880281224,2
2026-09-08,0.5882802605628967,0.585871160030365,0.5784247,0.5760287,0.005122716494442711,-0.0011687202525144428,51.61859848780108,0.5640698671340942,0.5977500677108765,0.02129650401085809,0.0357335102757257,3
2026-09-09,0.585871160030365,0.584480881690979,0.5760287,0.573475,0.005103067908188132,-0.001262268389226921,35.56471160670843,0.5640698671340942,0.5977500677108765,0.009525688685300916,0.04653134153636039,4
