ds,y,y_next,nhits_h1,nhits_h2,vol_garch,macd,rsi,precio_min_ventana,precio_max_ventana,copper_ret_1d,copper_mom_5d,dias_desde_refit
2020-12-11,0.7524397969245911,0.7551102638244629,0.74594253,0.7467468,0.00581717258249909,0.000642248520026375,75.58173217602021,0.7008199691772461,0.7524397969245911,-0.013108925112561077,0.002845757153371549,1
2020-12-14,0.7551102638244629,0.7539203763008118,0.7467468,0.74731624,0.005727730901193918,0.0010205035722935804,80.59744976180758,0.7008199691772461,0.7551102638244629,-0.0005676568532849705,0.0038477910283128596,2
2020-12-15,0.7539203763008118,0.7555609345436096,0.74731624,0.7479258,0.005590826259072163,0.00107370614562845,74.18256199092906,0.7008199691772461,0.7551102638244629,0.004532594732826386,0.012593059330743893,3
2020-12-16,0.7555609345436096,0.7569999694824219,0.7479258,0.74914044,0.005472852740979896,0.0010985683985572335,75.69213083010743,0.7008199691772461,0.7555609345436096,0.004512075897879891,0.013112886307093197,4
2020-12-17,0.7569999694824219,0.7615299224853516,0.74914044,0.74896556,0.005354153840832746,0.0010889995612542967,77.98556962224512,0.7008199691772461,0.7569999694824219,0.012026430542292521,0.00742192617644431,5
2020-12-18,0.7615299224853516,0.7587425708770752,0.7568535,0.75817484,0.005408328422247242,0.0012531247175200343,78.15958084580221,0.7008199691772461,0.7615299224853516,0.008719203163225152,0.029653818787127317,1
2020-12-21,0.7587425708770752,0.7575200796127319,0.75817484,0.7590009,0.005340605688850857,0.0010476847816057924,81.4914892266322,0.7008199691772461,0.7615299224853516,-0.015413769301266707,0.014480374434948994,2
2020-12-22,0.7575200796127319,0.7551700472831726,0.7590009,0.7590671,0.005220277808963395,0.0007188559523013151,77.42115108978716,0.7008199691772461,0.7615299224853516,-0.015512951902100029,-0.005652973075548363,3
2020-12-23,0.7551700472831726,0.7579599022865295,0.7590671,0.7590363,0.005142292975178222,0.00025633165089043123,69.62144459179068,0.7008199691772461,0.7615299224853516,0.00961822368998747,-0.0005627054297451403,4
2020-12-24,0.7579599022865295,0.7606801390647888,0.7590363,0.75893617,0.0050934715803965845,6.168727602984779e-05,70.22461602303261,0.7008199691772461,0.7615299224853516,0.002249690773362123,-0.010286333630522511,5
2020-12-25,0.7606801390647888,0.7611914277076721,0.75673276,0.7574579,0.005042951690606176,4.056495893412296e-05,73.84851262665185,0.7008199691772461,0.7615299224853516,0.0,-0.01887833602031982,1
2020-12-28,0.7611914277076721,0.758892297744751,0.7574579,0.7580865,0.004924066663871895,-1.17521925110586e-05,77.09995876891975,0.7008199691772461,0.7615299224853516,0.0028050483012747717,-0.0008396364453597725,2
2020-12-29,0.758892297744751,0.7609898447990417,0.7580865,0.75764596,0.004858123866156983,-0.0002602066744017131,73.72953843023035,0.7008199691772461,0.7615299224853516,-0.004773267568748166,0.009948859280917885,3
2020-12-30,0.7609898447990417,0.7689290642738342,0.75764596,0.75739455,0.00478976313775608,-0.0003373931212670156,73.51572191964816,0.7008199691772461,0.7615299224853516,-0.0028184884850533864,-0.002533801471429239,4
2020-12-31,0.7689290642738342,0.7702973484992981,0.75739455,0.75677526,0.0052860409201527705,7.038503313294697e-05,72.78337983719804,0.7008199691772461,0.7689290642738342,-0.00821884864248363,-0.012921349593837747,5
2021-01-01,0.7702973484992981,0.7712300419807434,0.76440215,0.7640482,0.005173133042005344,0.0003412510411680888,71.7674376485423,0.7008199691772461,0.7702973484992981,0.0,-0.012921349593837747,1
2021-01-04,0.7712300419807434,0.7670999765396118,0.7640482,0.7633437,0.005055537641468635,0.00048352776075002817,74.99397544736607,0.7008199691772461,0.7712300419807434,0.011037337127536937,-0.004761893631251935,2
2021-01-05,0.7670999765396118,0.7766000628471375,0.7633437,0.76406014,0.005090750652079959,0.00021355332029122497,65.54407015639377,0.7008199691772461,0.7712300419807434,0.024328744190622302,0.02462710273713657,3
2021-01-06,0.7766000628471375,0.781700074672699,0.76406014,0.7644329,0.0057513279157707445,0.0005686980564967373,71.6919646685533,0.7008199691772461,0.7766000628471375,0.0026061400085380447,0.030200427053907554,4
2021-01-07,0.781700074672699,0.7768999934196472,0.7644329,0.7641216,0.005810801717767482,0.0010149394561744414,72.04470449976483,0.7008199691772461,0.781700074672699,0.01238864164946358,0.051650529650207104,5
2021-01-08,0.7768999934196472,0.7716525793075562,0.78290695,0.7836797,0.005838307042973389,0.0008607717039545229,69.00861977518947,0.7008199691772461,0.781700074672699,-0.0059709326787447245,0.04538990462171073,1
2021-01-11,0.7716525793075562,0.7707497477531433,0.7836797,0.7831039,0.0059007842138787845,0.00030785124466270984,63.64511109269541,0.7008199691772461,0.781700074672699,-0.030261423589353787,0.003095952171877183,2
2021-01-12,0.7707497477531433,0.7776049971580505,0.7831039,0.7835755,0.005751332855500803,-0.00018945522832893545,65.47485980600182,0.7008199691772461,0.781700074672699,0.011438296923926266,-0.00975142121178066,3
2021-01-13,0.7776049971580505,0.774713397026062,0.7835755,0.78319883,0.0059780048290288944,-0.00013029989573497963,68.05477951246235,0.7008199691772461,0.781700074672699,0.003323205417966472,-0.009041093563939735,4
2021-01-14,0.774713397026062,0.777580201625824,0.78319883,0.7835781,0.005883113119083508,-0.00034719029134837147,62.85673720136519,0.7008199691772461,0.781700074672699,0.014001568268525182,-0.007441459866258496,5
2021-01-15,0.777580201625824,0.7688876986503601,0.7751995,0.77726203,0.005795090861411255,-0.0003574517943749963,64.39353647198746,0.7008199691772461,0.781700074672699,-0.017879738594029113,-0.0191915432830798,1
2021-01-18,0.7688876986503601,0.7686986327171326,0.77726203,0.780113,0.006225148279474272,-0.0009745376855063541,57.89222021315748,0.7008199691772461,0.781700074672699,0.0,0.010942770909641162,2
2021-01-19,0.7686986327171326,0.7711800932884216,0.780113,0.7815286,0.0060563648109782766,-0.0013947300298904645,56.27588830615264,0.7008199691772461,0.781700074672699,0.009117342638361609,0.008599139735508151,3
2021-01-20,0.7711800932884216,0.7755701541900635,0.7815286,0.78344476,0.005944630188103463,-0.0014958805020633542,52.01135039443046,0.7008199691772461,0.781700074672699,0.0031578581146133864,0.0084323843742432,4
2021-01-21,0.7755701541900635,0.7761022448539734,0.78344476,0.7847905,0.005941065337757769,-0.0012665474062136034,54.47000007074144,0.7008199691772461,0.781700074672699,0.0021908531376899996,-0.0034078647061656746,5
2021-01-22,0.7761022448539734,0.7715799808502197,0.77323437,0.76921815,0.005787085413327927,-0.0010854155622124495,54.15863687146291,0.7008199691772461,0.781700074672699,-0.005486224494399296,0.009020269020598558,1
2021-01-25,0.7715799808502197,0.7718997597694397,0.76921815,0.7654933,0.005797806338397397,-0.0012640737849979773,53.79844710515092,0.7053698301315308,0.781700074672699,0.0013744131974424212,0.010408033257109529,2
2021-01-26,0.7718997597694397,0.7753139734268188,0.7654933,0.7624153,0.00564844362002963,-0.0013469869447957283,45.27998774178257,0.7180498242378235,0.781700074672699,-0.0034395156780045112,-0.0022001917446712693,3
2021-01-27,0.7753139734268188,0.765099823474884,0.7624153,0.76085943,0.005602002486638146,-0.0011649928576184122,43.36238887340087,0.7180498242378235,0.781700074672699,-0.015695844799481936,-0.020836182154799314,4
2021-01-28,0.765099823474884,0.7669699192047119,0.76085943,0.7607704,0.006273447275094452,-0.0016935755437519923,38.97581934897563,0.7240185737609863,0.781700074672699,0.0032147296487249717,-0.019833125906013445,5
2021-01-29,0.7669699192047119,0.761997640132904,0.7678501,0.76993126,0.006131378665353342,-0.0018647764777405054,45.33061672804388,0.7240185737609863,0.781700074672699,-0.0026549381584333254,-0.017054060519955155,1
2021-02-01,0.761997640132904,0.7634601593017578,0.76993126,0.7704316,0.0061552955620735785,-0.0022354169892706832,41.927830064209694,0.7240185737609863,0.781700074672699,-0.0032232896853065453,-0.021562980619232078,2
2021-02-02,0.7634601593017578,0.760820746421814,0.7704316,0.76943624,0.006008335249321296,-0.0022958840177944363,35.51294495418445,0.7240185737609863,0.781700074672699,-0.006477983976974251,-0.0245314184492475,3
2021-02-03,0.760820746421814,0.7636000514030457,0.76943624,0.7688124,0.005903630238679822,-0.0024153134710834406,35.697349333712964,0.7240185737609863,0.781700074672699,0.011099516193104106,0.0019599522214916905,4
2021-02-04,0.7636000514030457,0.7603002190589905,0.7688124,0.7688043,0.0058141641838200635,-0.002214123837878525,35.58129012744884,0.7240185737609863,0.781700074672699,-0.003499212095570062,-0.0047446163014563765,5
2021-02-05,0.7603002190589905,0.7679199576377869,0.76119477,0.7578246,0.00575077369415242,-0.0022054329717346305,40.034611936829755,0.7269100546836853,0.781700074672699,0.020264386695531118,0.018329375257908852,1
2021-02-08,0.7679199576377869,0.7710998058319092,0.7578246,0.7560999,0.006072312021383178,-0.001615964058984465,49.22929709346366,0.7269100546836853,0.781700074672699,0.010932047306130873,0.03284667697582702,2
2021-02-09,0.7710998058319092,0.7740501165390015,0.7560999,0.7565527,0.005991520659768866,-0.0009730359756097242,49.92161814595202,0.7269100546836853,0.781700074672699,0.014705183351721931,0.054959018817618895,3
2021-02-10,0.7740501165390015,0.7725348472595215,0.7565527,0.75595224,0.005903342044724595,-0.0003427348726498711,48.47311699197701,0.7269100546836853,0.781700074672699,0.013831859146124684,0.057845470250245355,4
2021-02-11,0.7725348472595215,0.7753999829292297,0.75595224,0.75347835,0.005766641527548865,-3.759126196036075e-05,46.48594695835462,0.7269100546836853,0.781700074672699,0.000528153994474969,0.06211439171036102,5
2021-02-12,0.7753999829292297,0.7764095664024353,0.7731487,0.77208453,0.005685911805971655,0.0003273866881458134,53.889872819992405,0.7298204302787781,0.781700074672699,0.0038211104503456115,0.044792555522243364,1
2021-02-15,0.7764095664024353,0.7786197066307068,0.77208453,0.7698066,0.005549648385037846,0.0005915717090141906,54.528673659210455,0.7298204302787781,0.781700074672699,0.0,0.03343303840023268,2
2021-02-16,0.7786197066307068,0.773790180683136,0.7698066,0.7662833,0.0054516400577484915,0.0008540010749822778,53.4018266240577,0.7356798052787781,0.781700074672699,0.012026289584637934,0.030668285967424096,3
2021-02-17,0.773790180683136,0.7758697867393494,0.7662833,0.763193,0.005507767104528756,0.0006503715588683239,60.05758623448938,0.7356798052787781,0.781700074672699,-0.0031233976197787097,0.01334035541278491,4
2021-02-18,0.7758697867393494,0.7767997980117798,0.763193,0.7617409,0.005407357048843693,0.0006047422953929793,60.25034976748529,0.7356798052787781,0.781700074672699,0.02076827313014467,0.03405945615005395,5
2021-02-19,0.7767997980117798,0.7888488173484802,0.7759274,0.7749056,0.005281189356011099,0.0005857937072321737,68.79866408891137,0.7356798052787781,0.781700074672699,0.043346586160945506,0.07574963265228313,1
2021-02-22,0.7888488173484802,0.7915400266647339,0.7749056,0.7746995,0.006283035664223696,0.001292815342049156,75.41064387002093,0.7356798052787781,0.7888488173484802,0.015165591889079963,0.09218834891937815,2
2021-02-23,0.7915400266647339,0.7908827066421509,0.7746995,0.77469873,0.006166788291255462,0.0018176576442246245,80.71403712020444,0.7380890846252441,0.7915400266647339,0.008393297899842403,0.08822763670312699,3
2021-02-24,0.7908827066421509,0.7977026104927063,0.77469873,0.77305186,0.006006062921891312,0.0019829622402847405,78.48676193641299,0.7410997152328491,0.7915400266647339,0.026743684145325672,0.12122006171784441,4
2021-02-25,0.7977026104927063,0.7870000004768372,0.77305186,0.77179396,0.006183133022454538,0.0023869094148440727,86.37896250260881,0.7410997152328491,0.7977026104927063,-0.008171009534660136,0.08923776184952181,5
2021-02-26,0.7870000004768372,0.7752419114112854,0.79171246,0.79095155,0.006790324448196653,0.0017955714074037654,67.50800168894159,0.7410997152328491,0.7977026104927063,-0.04103194619546087,0.0011002230058880643,1
2021-03-01,0.7752419114112854,0.7772001028060913,0.79095155,0.794609,0.0074856350517650706,0.0005399561676507174,53.28385475488635,0.7410997152328491,0.7977026104927063,0.006087210099527751,-0.007947017738226802,2
2021-03-02,0.7772001028060913,0.7825197577476501,0.794609,0.7965807,0.0072910027539849044,-0.0001920834405340216,52.537217126791724,0.7410997152328491,0.7977026104927063,0.026824739620605623,0.010507498214493937,3
2021-03-03,0.7825197577476501,0.7758102416992188,0.7965807,0.794007,0.007262454257512136,-0.00034262271272070873,57.57810443117283,0.7434999346733093,0.7977026104927063,-0.018725640031191874,-0.0344106571161761,4
2021-03-04,0.7758102416992188,0.7715603113174438,0.794007,0.7971782,0.00733516416841447,-0.000887690006211566,50.2942003674192,0.7524397969245911,0.7977026104927063,-0.03978912495984579,-0.06446316695449032,5
2021-03-05,0.7715603113174438,0.7709101438522339,0.76815885,0.77010685,0.007236847187840412,-0.0014924782556814484,46.67698679486499,0.7539203763008118,0.7977026104927063,0.023769368152198076,-0.001831767381264405,1
2021-03-08,0.7709101438522339,0.7656674981117249,0.77010685,0.77420163,0.007031558032992047,-0.0018698643244946817,44.60150604395926,0.7539203763008118,0.7977026104927063,0.004029062680954104,-0.003884032096423542,2
2021-03-09,0.7656674981117249,0.7717835903167725,0.77420163,0.78099597,0.007014115927412193,-0.0023737553462894094,44.34494366356157,0.7551700472831726,0.7977026104927063,-0.020682779387527755,-0.05010052288125251,3
2021-03-10,0.7717835903167725,0.773200273513794,0.78099597,0.78687257,0.007069335235253662,-0.0022002240336037294,47.30655141931047,0.7551700472831726,0.7977026104927063,0.00558211193960872,-0.026727682229187005,4
2021-03-11,0.773200273513794,0.7787615656852722,0.78687257,0.78735113,0.00688334827224141,-0.0019060848722590269,47.6424706626379,0.7551700472831726,0.7977026104927063,0.024680619799534884,0.03808574072280796,5
2021-03-12,0.7787615656852722,0.7762998938560486,0.77657783,0.76752514,0.006900186340163789,-0.00128292669364379,42.779689131903915,0.7551700472831726,0.7977026104927063,0.0006032592635764687,0.014313748824532789,1
2021-03-15,0.7762998938560486,0.7750135660171509,0.76752514,0.76223856,0.00674645651517516,-0.0009952955205779254,39.0553663107304,0.7551700472831726,0.7977026104927063,0.00024117884471256955,0.010478913710657739,2
2021-03-16,0.7750135660171509,0.77455735206604,0.76223856,0.75610304,0.0065704414442732915,-0.0008557680882686414,38.7056843191255,0.7551700472831726,0.7977026104927063,-0.016412772188325007,0.014802891084194535,3
2021-03-17,0.77455735206604,0.7813000679016113,0.75610304,0.7523891,0.0063919976089918205,-0.0007614570723805719,31.88637544652812,0.7579599022865295,0.7977026104927063,0.011941116105170712,0.021276588214642324,4
2021-03-18,0.7813000679016113,0.7753699421882629,0.7523891,0.753078,0.006542737727106281,-0.0002392763739439681,45.244444002406894,0.758892297744751,0.7977026104927063,-0.0026682077001745565,-0.006275651001248662,5
2021-03-19,0.7753699421882629,0.7722502946853638,0.77923,0.7821891,0.006604364185325979,-0.0002844946051003593,50.11832520260713,0.758892297744751,0.7977026104927063,0.0015775180322680441,-0.005307034575667284,1
2021-03-22,0.7722502946853638,0.7745501399040222,0.7821891,0.78349566,0.006490054596523428,-0.0005029705042314516,45.52156383944846,0.758892297744751,0.7977026104927063,0.00616509596797972,0.0006029319073336323,2
2021-03-23,0.7745501399040222,0.7604701519012451,0.78349566,0.7858692,0.006352842973436733,-0.0004715823493571342,42.37253134662119,0.7603002190589905,0.7977026104927063,-0.014811572761879678,0.002206380125604916,3
2021-03-24,0.7604701519012451,0.7591003179550171,0.7858692,0.7843611,0.007510803088007854,-0.0013294775233978116,37.13367848294149,0.7603002190589905,0.7977026104927063,-0.004044370217164056,-0.013687006059690358,4
2021-03-25,0.7591003179550171,0.7594000697135925,0.7843611,0.78621405,0.007305380868270518,-0.0018856234902406993,39.01879124966118,0.7591003179550171,0.7977026104927063,-0.021474152909001003,-0.03206223089596623,5
2021-03-26,0.7594000697135925,0.7637377381324768,0.7582733,0.7560251,0.0070982214308670955,-0.002112638032715276,39.792927087881246,0.7591003179550171,0.7977026104927063,0.023191937333871187,-0.010913078139776489,1
2021-03-29,0.7637377381324768,0.7641170620918274,0.7560251,0.75963145,0.007027874634496171,-0.001858953359920213,48.260783614321134,0.7591003179550171,0.7977026104927063,-0.008742177867836775,-0.025548310992055703,2
2021-03-30,0.7641170620918274,0.7608798146247864,0.75963145,0.7555872,0.006832601963639666,-0.0015656496666856517,42.29356621854318,0.7591003179550171,0.7977026104927063,-0.014951731127624176,-0.02568487897748763,3
2021-03-31,0.7608798146247864,0.7594098448753357,0.7555872,0.7522454,0.0067149255993611354,-0.0014901217104216864,38.05269223788842,0.7591003179550171,0.7977026104927063,0.0050087114359113295,-0.01682427727224071,4
2021-04-01,0.7594098448753357,0.7619001269340515,0.7522454,0.75282544,0.00654534584720729,-0.0014388708432927352,29.6170362371613,0.7591003179550171,0.7977026104927063,0.00012494902745103476,0.004642431651793275,5
2021-04-02,0.7619001269340515,0.7620998620986938,0.7518352,0.74734056,0.00641474109806289,-0.0011495095442189177,34.842012799598436,0.7591003179550171,0.7977026104927063,0.0,-0.01838906780756846,1
2021-04-05,0.7620998620986938,0.7658727169036865,0.74734056,0.7495668,0.0062427536673448,-0.0008696314236834629,36.08807325311107,0.7591003179550171,0.7977026104927063,0.03569840708627201,0.026218140191296254,2
2021-04-06,0.7658727169036865,0.7666947841644287,0.7495668,0.75063944,0.006186715117738892,-0.00038035863537997684,41.26803577549939,0.7591003179550171,0.7977026104927063,-0.005437760323936038,0.036028141652599405,3
2021-04-07,0.7666947841644287,0.7613884806632996,0.75063944,0.7514257,0.006028470262665077,2.706473275601454e-05,33.33047612050363,0.7591003179550171,0.7977026104927063,-0.01526187929104689,0.015238658618763608,4
2021-04-08,0.7613884806632996,0.7659003138542175,0.7514257,0.7573311,0.006085385455196941,-2.9331327206728354e-05,33.81195170292996,0.7591003179550171,0.7977026104927063,0.009672498938159392,0.02497812039807774,5
2021-04-09,0.7659003138542175,0.7626002430915833,0.76792055,0.76706445,0.006085644733025899,0.0002531533543836946,42.87746716354248,0.7591003179550171,0.7977026104927063,-0.012999931559483379,0.011739710631842884,1
2021-04-12,0.7626002430915833,0.7627707123756409,0.76706445,0.7634345,0.006007943928246611,0.00023411915779023582,36.890410564778314,0.7591003179550171,0.7977026104927063,-0.005073881548938817,-0.028681598752523248,2
2021-04-13,0.7627707123756409,0.7647499442100525,0.7634345,0.76143426,0.005851198938739883,0.00024804472682784986,53.63237848937776,0.7591003179550171,0.7977026104927063,0.0032206173632353353,-0.02023504321405221,3
2021-04-14,0.7647499442100525,0.772509753704071,0.76143426,0.7637044,0.0057331789551149735,0.0003967644933440479,58.7518351292208,0.7591003179550171,0.7977026104927063,0.023708710203915604,0.018700722037502584,4
2021-04-15,0.772509753704071,0.7751697301864624,0.7637044,0.76456493,0.006065979414299312,0.0009901731707488712,66.49561854819598,0.7591003179550171,0.7977026104927063,0.021624486094410433,0.030949271427430983,5
2021-04-16,0.7751697301864624,0.7714025974273682,0.7698446,0.7697953,0.005962382216377058,0.001503480545402148,65.0187071181015,0.7591003179550171,0.7977026104927063,-0.012009036212427845,0.03197134056168487,1
2021-04-19,0.7714025974273682,0.7767002582550049,0.7697953,0.7711568,0.005914615181616877,0.0015260837213529053,58.788981326353785,0.7591003179550171,0.7977026104927063,0.016607777466976493,0.05459051581590679,2
2021-04-20,0.7767002582550049,0.7723796963691711,0.7711568,0.7723041,0.005980048120214284,0.0018149538124424547,68.18132623131163,0.7591003179550171,0.7977026104927063,-0.006136441950969237,0.044768673251099865,3
2021-04-21,0.7723796963691711,0.7754402756690979,0.7723041,0.7721047,0.005964520641619551,0.001637622649465609,63.98879857230656,0.7591003179550171,0.7977026104927063,0.014688002811719945,0.03538650129247061,4
2021-04-22,0.7754402756690979,0.7705348134040833,0.7721047,0.7735444,0.005883624940282476,0.001644696278356914,64.42642564833373,0.7591003179550171,0.7977026104927063,-0.0014007337467382489,0.01181886568555778,5
2021-04-23,0.7705348134040833,0.7743114233016968,0.7752903,0.77581334,0.005915573059817639,0.001254857688906224,58.16801823901186,0.7591003179550171,0.7977026104927063,0.014495528570305756,0.03899524246543073,1
2021-04-26,0.7743114233016968,0.7799704074859619,0.77581334,0.77680355,0.00587577347451024,0.0011878876815137347,58.17106025592782,0.7591003179550171,0.7977026104927063,0.02388920803618793,0.04658822452320772,2
2021-04-27,0.7799704074859619,0.7770001888275146,0.77680355,0.7732498,0.005972109242241186,0.00144421741789489,61.75360532270594,0.7591003179550171,0.7977026104927063,0.0642153066728483,0.12286933149100794,3
2021-04-28,0.7770001888275146,0.7801297307014465,0.7732498,0.77110606,0.005882534269368949,0.0013357607123096582,64.41827820256634,0.7591003179550171,0.7977026104927063,-0.04440381313038143,0.05843933360936106,4
2021-04-29,0.7801297307014465,0.777762234210968,0.77110606,0.7723795,0.005808178834065799,0.0013905764098742644,63.485985827654154,0.7591003179550171,0.7977026104927063,-0.009745403319025842,0.04964375624035088,5
2021-04-30,0.777762234210968,0.7722997665405273,0.78064287,0.7843102,0.0057020836346675825,0.0011908770059205656,64.62842368464032,0.7591003179550171,0.7977026104927063,-0.003120809214669029,0.03131479586307801,1
2021-05-03,0.7722997665405273,0.7758914828300476,0.7843102,0.7826207,0.005790610114828484,0.000641892959980597,58.34188196522176,0.7591003179550171,0.7977026104927063,0.014187807813497627,0.021357973922324427,2
2021-05-04,0.7758914828300476,0.7713799476623535,0.7826207,0.78080773,0.005746821427828513,0.00047911658225545405,59.485677400496904,0.7591003179550171,0.7977026104927063,-0.0015421186716272925,-0.04364331736302519,3
2021-05-05,0.7713799476623535,0.7751199007034302,0.78080773,0.77795887,0.0057592898376789044,4.871811464463027e-05,48.98178876427671,0.7591003179550171,0.7977026104927063,0.0006612142306960406,0.00044078795734489855,4
2021-05-06,0.7751199007034302,0.7787312865257263,0.77795887,0.7816702,0.005726207769677072,-3.788332686217345e-07,49.95594982917385,0.7591003179550171,0.7977026104927063,0.0174714913257196,0.02804360709212753,5
2021-05-07,0.7787312865257263,0.7858793139457703,0.7717452,0.77033085,0.005686363550630639,0.00018388637135659616,56.496584082299044,0.7591003179550171,0.7977026104927063,0.031329113091163485,0.06407673511659143,1
2021-05-10,0.7858793139457703,0.7838999032974243,0.77033085,0.76865304,0.00593844355987391,0.0007300400559985183,57.87840372272341,0.7591003179550171,0.7977026104927063,-0.006842448062350475,0.041932593723215304,2
2021-05-11,0.7838999032974243,0.7838096022605896,0.76865304,0.76443106,0.005813391913632331,0.0008902324672202797,60.30183216408993,0.7591003179550171,0.7977026104927063,0.009461819095785704,0.05346126922578398,3
2021-05-12,0.7838096022605896,0.7732301950454712,0.76443106,0.7671599,0.005664762279011781,0.0009186438209069381,57.90407525910848,0.7591003179550171,0.7977026104927063,-0.005455899067965582,0.04703679693176985,4
2021-05-13,0.7732301950454712,0.7726202011108398,0.7671599,0.76823455,0.006353185926984781,0.0001914839637220736,52.29914452564542,0.7591003179550171,0.7977026104927063,-0.009938743351079252,0.018727033693980797,5
2021-05-14,0.7726202011108398,0.7778711318969727,0.76903266,0.7715344,0.006185783848992863,-0.0003353461347948617,48.475014618877275,0.7591003179550171,0.7977026104927063,-0.00885860766012958,-0.021401545128546938,1
2021-05-17,0.7778711318969727,0.7773698568344116,0.7715344,0.76512265,0.006227190325980585,-0.00033420127213639643,48.093037257785404,0.7591003179550171,0.7977026104927063,0.01225307234489491,-0.002535139730362111,2
2021-05-18,0.7773698568344116,0.7789981961250305,0.76512265,0.7694967,0.0060642704505587145,-0.0003685225747409541,50.3515729516709,0.7591003179550171,0.7977026104927063,0.0029607591243407698,-0.008998685891298293,3
2021-05-19,0.7789981961250305,0.772030234336853,0.7694967,0.7701808,0.005927182189027635,-0.00028652725289796815,48.89222150901558,0.7591003179550171,0.7977026104927063,-0.0313162130068712,-0.03429776009447427,4
2021-05-20,0.772030234336853,0.7770001888275146,0.7701808,0.7754224,0.0061340897357661465,-0.000683868053294795,44.852055548358564,0.7591003179550171,0.7870000004768372,-0.00163553912768276,-0.02624595554850256,5
2021-05-21,0.7770001888275146,0.7730000615119934,0.77322954,0.774542,0.006158508880612474,-0.0005974095861041963,54.25915724207957,0.7591003179550171,0.7858793139457703,-0.018947464727376417,-0.03602063036358731,1
2021-05-24,0.7730000615119934,0.7750802040100098,0.774542,0.77189773,0.006112534160614227,-0.0007833354542888886,47.399267870584225,0.7591003179550171,0.7858793139457703,0.010069303102651882,-0.03812344199780583,2
2021-05-25,0.7750802040100098,0.7753139734268188,0.77189773,0.77414477,0.005986522571131073,-0.0007404260108532302,53.480483948734616,0.7591003179550171,0.7858793139457703,-0.004303036537704567,-0.045085002481607454,3
2021-05-26,0.7753139734268188,0.7739902138710022,0.77414477,0.7779473,0.005832446651913602,-0.000672480047227003,50.195436767562306,0.7591003179550171,0.7858793139457703,0.0024296326940673584,-0.012310700217634096,4
2021-05-27,0.7739902138710022,0.774250328540802,0.7779473,0.7785497,0.005696786404016267,-0.0006902686597770155,44.99500393895997,0.7591003179550171,0.7858793139457703,0.029025375367174044,0.018441797661603785,5
2021-05-28,0.774250328540802,0.7710099816322327,0.77107733,0.7700249,0.005554176540625097,-0.0006582091204928452,35.634533314876606,0.7591003179550171,0.7858793139457703,0.0034227852531662456,0.04148133457138478,1
2021-05-31,0.7710099816322327,0.7743498086929321,0.7700249,0.7695211,0.005500635580216472,-0.0008184774278707678,34.5579467053973,0.7591003179550171,0.7858793139457703,0.0,0.031046964915537406,2
2021-06-01,0.7743498086929321,0.7755900025367737,0.7695211,0.76659334,0.005459861176467987,-0.000669094768171599,39.48583550074927,0.7591003179550171,0.7858793139457703,-0.0043875518245004505,0.030959829367792343,3
2021-06-02,0.7755900025367737,0.7744301557540894,0.76659334,0.76639825,0.005339324512493703,-0.00046592845156248717,53.309990920537146,0.7591003179550171,0.7858793139457703,-0.013388296308474998,0.014780479235545775,4
2021-06-03,0.7744301557540894,0.7665772438049316,0.76639825,0.762747,0.005220370582090361,-0.000391804935461538,52.50017290269036,0.7591003179550171,0.7858793139457703,-0.028332377874284862,-0.041787242652017706,5
2021-06-04,0.7665772438049316,0.7744001746177673,0.76890177,0.7669761,0.00561229787028699,-0.000828691403943705,35.445484320942896,0.7591003179550171,0.7858793139457703,0.014652273684639288,-0.03096636080519646,1
2021-06-07,0.7744001746177673,0.7756296992301941,0.7669761,0.7670694,0.005960286025254954,-0.0005606823014755241,46.78049908952155,0.7591003179550171,0.7858793139457703,-0.0005511286529771498,-0.0315002758679964,2
2021-06-08,0.7756296992301941,0.7736998200416565,0.7670694,0.76934665,0.005819197191573936,-0.000284405663179204,46.31628074328817,0.7591003179550171,0.7858793139457703,0.006155296333228396,-0.02123551550932761,3
2021-06-09,0.7736998200416565,0.7729498147964478,0.76934665,0.77298206,0.005699457600945916,-0.00021840752309783826,52.051928568184444,0.7591003179550171,0.7858793139457703,-0.005824561671397553,-0.013804332355920799,4
2021-06-10,0.7729498147964478,0.7747998237609863,0.77298206,0.77159137,0.00556059808180972,-0.00021187300989919275,44.44597011216927,0.7591003179550171,0.7858793139457703,-0.010303133803955268,0.004137280903106027,5
2021-06-11,0.7747998237609863,0.7708911895751953,0.7705504,0.77351815,0.005452458918900982,-7.654196180231131e-05,52.62254616706127,0.7591003179550171,0.7858793139457703,0.01140472334101938,0.0008815839127802555,1
2021-06-14,0.7708911895751953,0.7712002992630005,0.77351815,0.7732767,0.0054436658532652695,-0.00023490671599992222,44.204743732250584,0.7591003179550171,0.7858793139457703,-0.0020940166441878005,-0.0006614735751243036,2
2021-06-15,0.7712002992630005,0.7686217427253723,0.7732767,0.7723662,0.005311797335126009,-0.0002993506066252175,44.32081129386361,0.7591003179550171,0.7858793139457703,-0.043288974204270095,-0.04887136526633857,3
2021-06-16,0.7686217427253723,0.7616726756095886,0.7723662,0.7691708,0.005239741808928147,-0.0004851502960856388,42.836668925389,0.7591003179550171,0.7858793139457703,0.012024140439162556,-0.03174254472220675,4
2021-06-17,0.7616726756095886,0.7556899189949036,0.7691708,0.77027076,0.005524592511365377,-0.0010150835415898506,35.759269857037964,0.7594000697135925,0.7858793139457703,-0.048511249256526764,-0.06803999315223574,5
2021-06-18,0.7556899189949036,0.7503997683525085,0.7573462,0.7575341,0.005683490626873341,-0.00166895179722077,33.668443244809424,0.7556899189949036,0.7858793139457703,-0.005271442057981501,-0.08345264324118647,1
2021-06-21,0.7503997683525085,0.7534897923469543,0.7575341,0.7560596,0.005769526905885122,-0.002318218887915041,25.487935365721242,0.7503997683525085,0.7858793139457703,0.005988064755717649,-0.07601501763466256,2
2021-06-22,0.7534897923469543,0.7554810047149658,0.7560596,0.75446755,0.00570610206945079,-0.0023904795463288806,28.206385144746093,0.7503997683525085,0.7858793139457703,0.011161344012827815,-0.024308805885532716,3
2021-06-23,0.7554810047149658,0.7574437856674194,0.75446755,0.7540301,0.005598006657465403,-0.0021619709328867987,31.615179098090465,0.7503997683525085,0.7858793139457703,0.02253318671770442,-0.014001155047797701,4
2021-06-24,0.7574437856674194,0.7582076191902161,0.7540301,0.7548466,0.0054937285361252855,-0.0017538116232657915,39.99503780409773,0.7503997683525085,0.7858793139457703,-0.004512539660794791,0.03035006534645816,5
2021-06-25,0.7582076191902161,0.7594998478889465,0.7582832,0.76259345,0.005364847985168021,-0.001326963855705696,29.017328896839146,0.7503997683525085,0.7858793139457703,-0.002903500398113391,0.03279276513435352,1
2021-06-28,0.7594998478889465,0.756840169429779,0.76259345,0.7616132,0.005251181986150187,-0.0008740332253280038,29.1324933298376,0.7503997683525085,0.7858793139457703,-0.004896805697030001,0.021611911147388273,2
2021-06-29,0.756840169429779,0.7513599991798401,0.7616132,0.75826675,0.00518755742569221,-0.0006787071178441248,28.592576446975272,0.7503997683525085,0.7858793139457703,-0.00035061145826322903,0.00991859591752164,3
2021-06-30,0.7513599991798401,0.7497701644897461,0.75826675,0.76367354,0.00533160629469091,-0.0008335321380904762,25.52630832161057,0.7503997683525085,0.7858793139457703,0.004665815048149154,-0.007965746113655919,4
2021-07-01,0.7497701644897461,0.7465806603431702,0.76367354,0.76198614,0.005224812750145772,-0.0009495370030012402,21.458632389403633,0.7497701644897461,0.7858793139457703,-0.012765905292922918,-0.016119672576616055,5
2021-07-02,0.7465806603431702,0.7518599033355713,0.7505603,0.7515595,0.005191891754746804,-0.001135051960602841,21.816432945494853,0.7465806603431702,0.7858793139457703,0.009385324889507184,-0.00395434342215364,1
2021-07-05,0.7518599033355713,0.7543002963066101,0.7515595,0.74671865,0.005329791351917817,-0.0008113668261550983,29.89523748153583,0.7465806603431702,0.7858793139457703,0.0,0.0009350600828209919,2
2021-07-06,0.7543002963066101,0.7494998574256897,0.74671865,0.74875575,0.005257546259346019,-0.00036481255564042685,35.06965761511216,0.7465806603431702,0.7858793139457703,-0.0056206630299764915,-0.004326043982302,3
2021-07-07,0.7494998574256897,0.7484413981437683,0.74875575,0.74894613,0.005335771590980512,-0.00032591689504638324,36.71445039175022,0.7465806603431702,0.7858793139457703,0.016537025296375227,0.007564247325372619,4
2021-07-08,0.7484413981437683,0.7433286309242249,0.74894613,0.7466925,0.005216633091058257,-0.00030502550169971,41.13611648051126,0.7465806603431702,0.7858793139457703,-0.013371488070429429,0.006954268484942704,5
2021-07-09,0.7433286309242249,0.749007523059845,0.7483957,0.7432405,0.005328578907127871,-0.0005545552417813952,41.31535409437636,0.7433286309242249,0.7858793139457703,0.018785304387606946,0.016464244730375985,1
2021-07-12,0.749007523059845,0.7480998039245605,0.7432405,0.7435976,0.005495139067636494,-0.0002705365157310421,44.824102064302274,0.7433286309242249,0.7858793139457703,-0.00680078879935816,0.009574938989454905,2
2021-07-13,0.7480998039245605,0.7441999316215515,0.7435976,0.7461092,0.005366958026270202,-8.671421494000839e-05,41.25780427127661,0.7433286309242249,0.7858793139457703,-0.0019681857282249364,0.01326913090770513,3
2021-07-14,0.7441999316215515,0.7480382323265076,0.7461092,0.74743754,0.005370929858728358,-0.0001660839468459489,35.00232867373593,0.7433286309242249,0.7858793139457703,-0.00872959171829475,-0.012012022596948148,4
2021-07-15,0.7480382323265076,0.7423000931739807,0.74743754,0.7411589,0.005377896162271873,8.795400902472487e-05,39.2336176367395,0.7433286309242249,0.7858793139457703,0.013008367366183172,0.014397769141162885,5
2021-07-16,0.7423000931739807,0.7390999794006348,0.7528534,0.75412947,0.005535644362392027,-7.369812938362672e-05,33.357248978009906,0.7423000931739807,0.7858793139457703,-0.00011544681092663539,-0.004595055968248396,1
2021-07-19,0.7390999794006348,0.7339202165603638,0.75412947,0.75317603,0.0054875007446960125,-0.00032528387006411884,33.01198740186962,0.7390999794006348,0.7858793139457703,-0.028563388889063745,-0.026023639122399016,2
2021-07-20,0.7339202165603638,0.7338911294937134,0.75317603,0.75174385,0.00558869663847387,-0.0007456449009851695,33.203017809022896,0.7339202165603638,0.7858793139457703,0.014851806274035205,-0.009502813941660197,3
2021-07-21,0.7338911294937134,0.7352616786956787,0.75174385,0.75200254,0.005450136897972534,-0.0009193514237412466,34.232188811735156,0.7338911294937134,0.7858793139457703,0.0021037466339359693,0.001285910649166152,4
2021-07-22,0.7352616786956787,0.7380498647689819,0.75200254,0.7521981,0.005336247730377247,-0.0008379367915942043,38.33905836089411,0.7338911294937134,0.7858793139457703,0.015179078440340365,0.0034617737945363465,5
2021-07-23,0.7380498647689819,0.7368219494819641,0.7347152,0.7340835,0.005283835467248374,-0.000508504950904631,35.003003360657004,0.7338911294937134,0.7858793139457703,0.013364711728005902,0.017080180512443935,1
2021-07-26,0.7368219494819641,0.738825261592865,0.7340835,0.73529965,0.005170698316112935,-0.00029602931106913893,30.506058825250022,0.7338911294937134,0.7858793139457703,0.04058149206515783,0.08989442651452573,2
2021-07-27,0.738825261592865,0.7366374135017395,0.73529965,0.73656887,0.005090083928539486,3.8886218228700864e-05,37.302147765592075,0.7338911294937134,0.7858793139457703,-0.009414458188131294,0.06376507320373762,3
2021-07-28,0.7366374135017395,0.7377101182937622,0.73656887,0.73491025,0.005016170904722497,0.00016542919038340428,36.32609998536207,0.7338911294937134,0.7858793139457703,-0.01484789860388056,0.04588448592832043,4
2021-07-29,0.7377101182937622,0.739609956741333,0.73491025,0.73534524,0.004913299627921958,0.000362438510034019,42.81931547233627,0.7338911294937134,0.7858793139457703,0.009112161958738268,0.039558401419895584,5
2021-07-30,0.739609956741333,0.7342305779457092,0.7384378,0.73784906,0.004840607135921246,0.0006452468839403076,36.70532562740002,0.7338911294937134,0.7858793139457703,-0.008777292901011693,0.01679345532458257,1
2021-08-02,0.7342305779457092,0.7360599637031555,0.73784906,0.73956925,0.005018773356080508,0.0005009938735208138,32.582917281076675,0.7338911294937134,0.7838999032974243,-0.010883711128238811,-0.03421225913048556,2
2021-08-03,0.7360599637031555,0.7396799921989441,0.73956925,0.7442448,0.004938888380277231,0.0005555336885430407,39.21702081964728,0.7338911294937134,0.7838096022605896,-0.011117587657581399,-0.035855720781950005,3
2021-08-04,0.7396799921989441,0.7382999658584595,0.7442448,0.74352735,0.004962111617877781,0.000844822390712742,38.86347536317516,0.7338911294937134,0.7789981961250305,-0.012165873542960521,-0.033266390891058414,4
2021-08-05,0.7382999658584595,0.7402998805046082,0.74352735,0.74256015,0.004866308433239248,0.0009450648159805399,43.96992464989064,0.7338911294937134,0.7789981961250305,0.003573300745128146,-0.0386061923212971,5
2021-08-06,0.7402998805046082,0.7337833642959595,0.74172914,0.74267364,0.004799894857920933,0.0011351077674720189,51.87672584010307,0.7338911294937134,0.7789981961250305,0.0,-0.030130615381177037,1
2021-08-09,0.7337833642959595,0.733100175857544,0.74267364,0.7397308,0.005112684268309641,0.0008253877220982522,49.79454506407044,0.7337833642959595,0.7789981961250305,-0.013553595701871597,-0.032716601011901575,2
2021-08-10,0.733100175857544,0.7343798875808716,0.7397308,0.74028003,0.004997154129093135,0.0005890500738756849,48.8354214422871,0.733100175857544,0.7789981961250305,0.01493339169938163,-0.007186827152890446,3
2021-08-11,0.7343798875808716,0.7374087572097778,0.74028003,0.74084437,0.004900597685192595,0.0005350214389421917,48.69819256964855,0.733100175857544,0.7770001888275146,0.0028684109943628113,0.007852175632893968,4
2021-08-12,0.7374087572097778,0.734149694442749,0.74084437,0.7430174,0.004886880734176808,0.0007085005810463733,49.06019767653185,0.733100175857544,0.7770001888275146,-0.0018348393211124997,0.0024162821866453993,5
2021-08-13,0.734149694442749,0.736572265625,0.743542,0.74751294,0.0048813385269068765,0.0006125871550586703,46.302890364078664,0.733100175857544,0.7756296992301941,0.007091448503645414,0.009550130393647702,1
2021-08-16,0.736572265625,0.7341066002845764,0.74751294,0.7482132,0.004834495249835333,0.0007140440219423607,46.91868872878689,0.733100175857544,0.7756296992301941,-0.01492737705102726,0.008164181466840701,2
2021-08-17,0.7341066002845764,0.7255598902702332,0.7482132,0.74624294,0.004786451968043624,0.0006203069422605172,46.56483608944694,0.733100175857544,0.7756296992301941,-0.028633784386797412,-0.03481563228124527,3
2021-08-18,0.7255598902702332,0.7230997681617737,0.74624294,0.74667317,0.005397041246204694,1.9648061359731246e-05,36.289787776108305,0.7255598902702332,0.7756296992301941,-0.020202619271785523,-0.056828523604368936,4
2021-08-19,0.7230997681617737,0.714620053768158,0.74667317,0.7459269,0.0053211044753548545,-0.00047886501389107425,31.602668923092452,0.7230997681617737,0.7756296992301941,-0.01900856626589939,-0.07288799778089004,5
2021-08-20,0.714620053768158,0.7139797210693359,0.71715814,0.72015893,0.00585563817311911,-0.0012702870844377243,29.560229017877106,0.714620053768158,0.7756296992301941,0.023493114300061776,-0.05755642862779377,1
2021-08-23,0.7139797210693359,0.7209597229957581,0.72015893,0.71961546,0.005708338466492151,-0.0017006249191897256,26.401139538705962,0.7139797210693359,0.7756296992301941,0.023898832525376987,-0.020245278766039883,2
2021-08-24,0.7209597229957581,0.724879801273346,0.71961546,0.7168667,0.006011253969671465,-0.0013918951084286,31.332897473997022,0.7139797210693359,0.7756296992301941,0.004829547756957162,0.013095311350836587,3
2021-08-25,0.724879801273346,0.727660059928894,0.7168667,0.71490645,0.0059922272379740234,-0.000828220910636876,37.26315670379527,0.7139797210693359,0.7756296992301941,0.00234736071800499,0.036200117749578944,4
2021-08-26,0.727660059928894,0.7238398790359497,0.71490645,0.71012473,0.005906446356218212,-0.00020515418548846566,38.178864761632944,0.7139797210693359,0.7756296992301941,-0.004464830380560233,0.05138046045575173,5
2021-08-27,0.7238398790359497,0.731598436832428,0.72818553,0.73288226,0.005878107184358015,1.7193936140014882e-06,40.2066406800357,0.7139797210693359,0.7756296992301941,0.01646761273866541,0.044019871578625656,1
2021-08-30,0.731598436832428,0.7291233539581299,0.73288226,0.72980374,0.0062445108514966275,0.0006758106511853728,48.701857433598676,0.7139797210693359,0.7756296992301941,0.010256470859227965,0.0298736879799198,2
2021-08-31,0.7291233539581299,0.7317901849746704,0.72980374,0.7321737,0.006126802103317886,0.0009527805713706629,45.54811808416121,0.7139797210693359,0.7747998237609863,-0.00022931487279600338,0.024676854582713147,3
2021-09-01,0.7317901849746704,0.7368001937866211,0.7321737,0.73435336,0.006028180739547091,0.0012922966623290875,45.212138081238834,0.7139797210693359,0.7747998237609863,-0.022498947515922945,-0.0004688992037769529,4
2021-09-02,0.7368001937866211,0.7399300932884216,0.73435336,0.73385805,0.006084555266317753,0.0017998082142099596,52.19317368033759,0.7139797210693359,0.7747998237609863,0.006313583580268056,0.010362729795147558,5
2021-09-03,0.7399300932884216,0.7445018887519836,0.73522156,0.7328993,0.006009091948715972,0.0022619251613317163,52.746309897440554,0.7139797210693359,0.7712002992630005,0.008241019236161445,0.0020849818450598004,1
2021-09-06,0.7445018887519836,0.7436713576316833,0.7328993,0.7267543,0.006027923955409088,0.00275822776241465,58.21897408443483,0.7139797210693359,0.7712002992630005,0.0,-0.008140346043159174,2
2021-09-07,0.7436713576316833,0.7386598587036133,0.7267543,0.72229576,0.005876888915849714,0.0028988898458996238,66.30976202540342,0.7139797210693359,0.7686217427253723,-0.011158980827595135,-0.01892201339453035,3
2021-09-08,0.7386598587036133,0.7363770008087158,0.72229576,0.7243756,0.005931607030844979,0.002535842849673948,63.39660054621983,0.7139797210693359,0.7616726756095886,-0.0106940976464112,-0.007271906461618859,4
2021-09-09,0.7363770008087158,0.7370826601982117,0.7243756,0.7204397,0.005821636824603098,0.00204446808153231,70.96937268991127,0.7139797210693359,0.7594998478889465,0.012095813030311571,-0.0015150972870077322,5
2021-09-10,0.7370826601982117,0.7368110418319702,0.7453501,0.7472751,0.005679362154877625,0.0016844790644377,72.2386377849662,0.7139797210693359,0.7594998478889465,0.03768406881650757,0.028320412080785947,1
2021-09-13,0.7368110418319702,0.7365902066230774,0.7472751,0.74841416,0.0055383715267443455,0.0013595044580690767,67.52113214259832,0.7139797210693359,0.7594998478889465,-0.01918003193451112,0.008785136218006135,2
2021-09-14,0.7365902066230774,0.7317097783088684,0.74841416,0.7489863,0.005402875624335044,0.0010736541886663925,64.09682400280117,0.7139797210693359,0.7594998478889465,-0.010482219734218319,0.009468073816507494,3
2021-09-15,0.7317097783088684,0.7341200709342957,0.7489863,0.7451189,0.0054854472462374125,0.0005274996177807333,54.64036378190024,0.7139797210693359,0.7594998478889465,0.019607402467313417,0.04052462454988069,4
2021-09-16,0.7341200709342957,0.7291499972343445,0.7451189,0.74317294,0.005407585489111029,0.0003108961783244961,62.172851914013044,0.7139797210693359,0.7594998478889465,-0.02879719785590884,-0.0011672964197084075,5
2021-09-17,0.7291499972343445,0.7264010310173035,0.7373978,0.74176025,0.005498920183107019,-0.0001595026184841665,46.895790825965385,0.7139797210693359,0.7594998478889465,-0.007742880476100124,-0.0455260495884921,1
2021-09-20,0.7264010310173035,0.7259702086448669,0.74176025,0.74014723,0.005431786154949981,-0.0006222069168436325,46.5723570158125,0.7139797210693359,0.756840169429779,-0.03073485131819312,-0.056491350653917645,2
2021-09-21,0.7259702086448669,0.7227997779846191,0.74014723,0.74028313,0.005301595940629765,-0.000906476068760545,42.2349144546714,0.7139797210693359,0.7543002963066101,0.002668207700174605,-0.04400186759386724,3
2021-09-22,0.7227997779846191,0.7233999967575073,0.74028313,0.7431241,0.005268803074145816,-0.0012367730274563304,30.35619902721001,0.7139797210693359,0.7543002963066101,0.02971408323821386,-0.034290909535865874,4
2021-09-23,0.7233999967575073,0.7299802899360657,0.7431241,0.7423156,0.005147982135250967,-0.001335151717568232,25.034613009450396,0.7139797210693359,0.7543002963066101,-0.005068699628163132,-0.011102052734611177,5
2021-09-24,0.7299802899360657,0.7266121506690979,0.7263503,0.725567,0.005450730231207126,-0.0008983338975733211,29.322519537482762,0.7139797210693359,0.7543002963066101,0.013265431133486612,0.009892784366166004,1
2021-09-27,0.7266121506690979,0.7280601263046265,0.725567,0.72196054,0.005420458448536004,-0.0007818022181086614,27.346295223350396,0.7139797210693359,0.7543002963066101,0.001398448442729701,0.0428709835272861,2
2021-09-28,0.7280601263046265,0.7244277596473694,0.72196054,0.7233875,0.005310937291199853,-0.0005629933825995249,34.45267803438291,0.7139797210693359,0.7494998574256897,-0.011360445887335986,0.028343049699533662,3
2021-09-29,0.7244277596473694,0.7179998159408569,0.7233875,0.7225433,0.005306621998631694,-0.0006144819285600666,33.14069561502508,0.7139797210693359,0.749007523059845,-0.01065731292806011,-0.012345737154354736,4
2021-09-30,0.7179998159408569,0.7231180667877197,0.7225433,0.72387195,0.0055642741065304166,-0.0010096951897291574,26.818930225890114,0.7139797210693359,0.749007523059845,-0.02653947251399646,-0.03332540670907974,5
2021-10-01,0.7231180667877197,0.7275214195251465,0.7161255,0.719585,0.005674110706676905,-0.0008604782491687529,35.11860805576069,0.7139797210693359,0.749007523059845,0.024990710086426587,-0.02192416670827986,1
2021-10-04,0.7275214195251465,0.7289697527885437,0.719585,0.7209572,0.005711252562881389,-0.0004215071273485746,40.96546367694685,0.7139797210693359,0.7480998039245605,0.012559400382500427,-0.010946764159792594,2
2021-10-05,0.7289697527885437,0.7290754914283752,0.7209572,0.7234925,0.005588881258561214,-1.15570291204653e-05,47.06995895265533,0.7139797210693359,0.7480382323265076,-0.010534481818709952,-0.010129504257835799,3
2021-10-06,0.7290754914283752,0.728141188621521,0.7234925,0.72291887,0.005451552162367207,0.00027305808066843164,44.325928269929044,0.7139797210693359,0.7480382323265076,-0.010766960141821892,-0.010238034849531757,4
2021-10-07,0.728141188621521,0.7316797971725464,0.72291887,0.7229126,0.0053267610795352,0.00039720028348575083,48.75200379892256,0.7139797210693359,0.7445018887519836,0.02236055645606652,0.03936424668126014,5
2021-10-08,0.7316797971725464,0.729490339756012,0.7303605,0.7307454,0.0053215915646924825,0.0006987988912149816,56.405215995139834,0.7139797210693359,0.7445018887519836,0.00749946452518983,0.021342541913286477,1
2021-10-11,0.729490339756012,0.7348402738571167,0.7307454,0.7316926,0.005238009051527457,0.0007286689459873243,54.096470784085234,0.7139797210693359,0.7445018887519836,0.02113848449465271,0.03014241895733405,2
2021-10-12,0.7348402738571167,0.7335088849067688,0.7316926,0.7307845,0.005388893854563945,0.0010661445397340094,63.33538419288994,0.7139797210693359,0.7445018887519836,-0.010455613767918948,0.030223667485868792,3
2021-10-13,0.7335088849067688,0.7386069893836975,0.7307845,0.7254982,0.005274622040641497,0.0011499139103043764,61.017600981195905,0.7139797210693359,0.7445018887519836,0.04328608012221442,0.08744289453571237,4
2021-10-14,0.7386069893836975,0.741379976272583,0.7254982,0.7264424,0.0053951105630562265,0.001477968170120814,59.71608714215514,0.7139797210693359,0.7445018887519836,0.024258091768928465,0.08950831481303463,5
2021-10-15,0.741379976272583,0.7424786686897278,0.74123144,0.73909605,0.0053378315208897275,0.0017901861585564042,66.85873158224928,0.7139797210693359,0.7445018887519836,0.021889815135657773,0.10530007341265997,1
2021-10-18,0.7424786686897278,0.7417000532150269,0.73909605,0.73873156,0.0052224415320002715,0.0019651815379184154,66.59231426646967,0.7139797210693359,0.7445018887519836,-0.0007396026716169423,0.08138082978280663,2
2021-10-19,0.7417000532150269,0.7477194666862488,0.73873156,0.73811656,0.005104576549849335,0.0019207104472400709,71.27354522136068,0.7139797210693359,0.7445018887519836,-0.0034940996754851796,0.0889351418852152,3
2021-10-20,0.7477194666862488,0.7515299320220947,0.73811656,0.7401549,0.005326831598173619,0.002170469911235529,86.97653171251903,0.7139797210693359,0.7477194666862488,0.008870135393080384,0.0520959737456351,4
2021-10-21,0.7515299320220947,0.7463700175285339,0.7401549,0.7405688,0.005332385781235289,0.0024456377334341715,86.53846153846153,0.7139797210693359,0.7515299320220947,-0.03628974508804447,-0.009715988711575948,5
2021-10-22,0.7463700175285339,0.7469096779823303,0.7540562,0.75242144,0.005436913940733943,0.0021442634830137947,73.77714551242818,0.7139797210693359,0.7515299320220947,-0.013278690294991742,-0.04393751036219276,1
2021-10-25,0.7469096779823303,0.7491798400878906,0.75242144,0.7529411,0.005308560629638548,0.0018561687148327777,73.16186882056712,0.7139797210693359,0.7515299320220947,0.005618262331948899,-0.03783962990866056,2
2021-10-26,0.7491798400878906,0.7512978315353394,0.7529411,0.75516003,0.005230904028362684,0.0016977056613378086,74.5824277857704,0.7139797210693359,0.7515299320220947,-0.014383974458996975,-0.04826059139336282,3
2021-10-27,0.7512978315353394,0.7500750422477722,0.75516003,0.7553906,0.0051504819980894255,0.0016152195598215322,77.51803351144909,0.7139797210693359,0.7515299320220947,-0.022427198827258542,-0.07758619738912609,4
2021-10-28,0.7500750422477722,0.7531600594520569,0.7553906,0.75627404,0.005043474345018632,0.0013677961636924764,73.1330999692679,0.7139797210693359,0.7515299320220947,0.011445513487450607,-0.0324866809972524,5
2021-10-29,0.7531600594520569,0.7518287897109985,0.7464148,0.7518453,0.005019814014860477,0.001301760272294358,79.11036828524513,0.7139797210693359,0.7531600594520569,-0.014070309600734762,-0.033252280147623554,1
2021-11-01,0.7518287897109985,0.7520498633384705,0.7518453,0.75215065,0.004920768838862715,0.0010680721747679351,73.18525098510065,0.7139797210693359,0.7531600594520569,0.006038126637894827,-0.03284629206321449,2
2021-11-02,0.7520498633384705,0.7438998222351074,0.75215065,0.750726,0.004810308953295627,0.0008381858133141703,76.09482744157174,0.7139797210693359,0.7531600594520569,-0.006381033013645503,-0.025075163101379208,3
2021-11-03,0.7438998222351074,0.746900200843811,0.750726,0.75188947,0.005324658563905041,8.65979486279634e-05,56.85989435025717,0.7139797210693359,0.7531600594520569,-0.011034561912988544,-0.013904688655884444,4
2021-11-04,0.746900200843811,0.740932822227478,0.75188947,0.75208795,0.005282205356005574,-0.00024118647107106324,57.11268600779052,0.7139797210693359,0.7531600594520569,0.0,-0.02512671242297535,5
2021-11-05,0.740932822227478,0.7395902872085571,0.7515881,0.7521814,0.005470995316452606,-0.0008579077040017057,48.230250937929476,0.7139797210693359,0.7531600594520569,0.005302551440579939,-0.006056501849535243,1
2021-11-08,0.7395902872085571,0.7414799928665161,0.7521814,0.75435317,0.005353447065434057,-0.0013262973286128884,47.61544182637377,0.7139797210693359,0.7531600594520569,0.012794378665092953,0.0006815673405753802,2
2021-11-09,0.7414799928665161,0.7376197576522827,0.75435317,0.75177807,0.005260335938923725,-0.001467864867901712,42.22173346391106,0.7139797210693359,0.7531600594520569,-0.005691556501315152,0.001371751683183903,3
2021-11-10,0.7376197576522827,0.7334120869636536,0.75177807,0.74918085,0.005270450634871423,-0.001760767683968093,32.680759103633136,0.7139797210693359,0.7531600594520569,-0.011943193107045617,0.0004622873191744523,4
2021-11-11,0.7334120869636536,0.7291999459266663,0.74918085,0.7460254,0.005306556774423463,-0.0021513294446350024,33.474518293739706,0.7139797210693359,0.7531600594520569,0.017521189890522815,0.018146044875158175,5
2021-11-12,0.7291999459266663,0.7332506775856018,0.7352879,0.73735756,0.0053421085984512295,-0.002578010019157495,29.348883761016438,0.7139797210693359,0.7531600594520569,0.011512569024587669,0.024488422472680817,1
2021-11-15,0.7332506775856018,0.734489917755127,0.73735756,0.7412467,0.005371873591838475,-0.0024717688275062775,32.165770440692256,0.7179998159408569,0.7531600594520569,-0.010945115749440501,0.0004539965825769881,2
2021-11-16,0.734489917755127,0.7301614880561829,0.7412467,0.74836016,0.005259116981517689,-0.0022108610936015403,30.804209609127184,0.7179998159408569,0.7531600594520569,-0.011066238230316975,-0.004908700927959923,3
2021-11-17,0.7301614880561829,0.7268604040145874,0.74836016,0.74495906,0.005306635281376569,-0.0022169652662119474,28.763790118151974,0.7179998159408569,0.7531600594520569,-0.019811861032998198,-0.012708018554341697,4
2021-11-18,0.7268604040145874,0.7279000878334045,0.74495906,0.74567974,0.005280416535677314,-0.002319491626058127,22.08218020117964,0.7179998159408569,0.7531600594520569,0.008621789527720714,-0.021455344462745427,5
2021-11-19,0.7279000878334045,0.7231698036193848,0.72357935,0.72399956,0.005167410005101256,-0.0021947746890286206,24.440788594086428,0.7179998159408569,0.7531600594520569,0.022596648836052977,-0.010548744250369307,1
2021-11-22,0.7231698036193848,0.7228044867515564,0.72399956,0.7232474,0.005258601158975335,-0.002297387468560251,21.862510873996357,0.7179998159408569,0.7531600594520569,-0.0029532077089218837,-0.0026094580383847956,2
2021-11-23,0.7228044867515564,0.7222198247909546,0.7232474,0.72466516,0.005135712140369913,-0.002253308749432586,25.771878974743743,0.7179998159408569,0.7531600594520569,0.006349919772657603,0.01491340074878258,3
2021-11-24,0.7222198247909546,0.7202001214027405,0.72466516,0.72114253,0.0050195915374837904,-0.0021284596650783124,19.989157283174663,0.7179998159408569,0.7531600594520569,0.007769024297896241,0.043295209421133275,4
2021-11-25,0.7202001214027405,0.7173703908920288,0.72114253,0.7221174,0.004944583501081252,-0.0020462598771592184,22.11204346145891,0.7179998159408569,0.7531600594520569,0.0,0.034338803315733135,5
2021-11-26,0.7173703908920288,0.7142806053161621,0.7222358,0.72203356,0.004913163942121563,-0.002042131089113655,21.26139405227387,0.7173703908920288,0.7531600594520569,-0.040396892628020986,-0.0288080585854751,1
2021-11-29,0.7142806053161621,0.714580237865448,0.72203356,0.72072494,0.004899856455038979,-0.0020990938060835443,15.880236512251813,0.7142806053161621,0.7531600594520569,0.01287945681614314,-0.013309131493576936,2
2021-11-30,0.714580237865448,0.7124998569488525,0.72072494,0.7219163,0.0047915723364071,-0.0019702724092724227,18.263459779533363,0.7142806053161621,0.7531600594520569,-0.013697258099476054,-0.032892546874164375,3
2021-12-01,0.7124998569488525,0.7107598185539246,0.7219163,0.7261076,0.0047305973195036375,-0.001879154409549182,19.400444102558737,0.7124998569488525,0.7531600594520569,-0.007155021033390666,-0.047218535594427014,4
2021-12-02,0.7107598185539246,0.70878005027771,0.7261076,0.72332865,0.004658677001582697,-0.0017904418871514628,20.91343622606314,0.7107598185539246,0.7531600594520569,0.012051826730420677,-0.03566630556254375,5
2021-12-03,0.70878005027771,0.7017898559570312,0.7124568,0.70931,0.004599967083107131,-0.001719105750095081,8.703183247463642,0.70878005027771,0.7531600594520569,-0.00758856972241096,-0.003503413982650099,1
2021-12-06,0.7017898559570312,0.7049203515052795,0.70931,0.71077794,0.005037028825759866,-0.0019782358480610147,3.785657966560862,0.7017898559570312,0.7531600594520569,0.016389022124856982,0.0,2
2021-12-07,0.7049203515052795,0.712259829044342,0.71077794,0.71268266,0.005031784002547419,-0.0017805241687049184,13.076982098078673,0.7017898559570312,0.7531600594520569,0.0002305308491431459,0.014025232466480745,3
2021-12-08,0.712259829044342,0.7170000672340393,0.71268266,0.7133258,0.005471270858851953,-0.0010341717143063766,30.898877280645536,0.7017898559570312,0.7531600594520569,0.012143573592484372,0.033784544593284,4
2021-12-09,0.7170000672340393,0.7146124243736267,0.7133258,0.71044046,0.005557225738900286,-0.0001465871764488296,36.99893074893075,0.7017898559570312,0.7531600594520569,-0.013989420272332785,0.007211011600265139,5
2021-12-10,0.7146124243736267,0.7166095972061157,0.7161323,0.71544677,0.005471980009957507,0.0003284396323006717,39.1889673535715,0.7017898559570312,0.7531600594520569,-0.010913827542635871,0.003867337677266016,1
2021-12-13,0.7166095972061157,0.7133176326751709,0.71544677,0.7100047,0.005380114164247085,0.0007990616721909507,42.4835580317948,0.7017898559570312,0.7531600594520569,-0.0007006382375670685,-0.01314265270553694,2
2021-12-14,0.7133176326751709,0.7106002569198608,0.7100047,0.7073544,0.005352494902888332,0.0009028904899680713,39.86457507681951,0.7017898559570312,0.7531600594520569,-0.006093297896441775,-0.019363678483354393,3
2021-12-15,0.7106002569198608,0.7166501879692078,0.7073544,0.70490026,0.0052942894944291875,0.0008059885871477008,39.24117264331053,0.7017898559570312,0.7531600594520569,-0.01766811391749457,-0.048166636513674074,4
2021-12-16,0.7166501879692078,0.717560887336731,0.70490026,0.70239544,0.00552941127473184,0.0011460243425467382,49.24718668499221,0.7017898559570312,0.7531600594520569,0.028539628694199994,-0.00681293490743192,5
2021-12-17,0.717560887336731,0.7116981744766235,0.72108364,0.72341686,0.0054036809238714265,0.0014115131400029863,53.59246648667562,0.7017898559570312,0.7531600594520569,-0.0022114952662112626,0.0018678255936082667,1
2021-12-20,0.7116981744766235,0.7109498381614685,0.72341686,0.71984476,0.005592442498997804,0.0011808795185658935,47.186479180073945,0.7017898559570312,0.7531600594520569,-0.0006993315504947428,0.001869134722199476,2
2021-12-21,0.7109498381614685,0.7147799134254456,0.71984476,0.7190557,0.005459759006584497,0.0009750722716872157,48.446440583595894,0.7017898559570312,0.7531600594520569,0.011592922396493514,0.01974603434370721,3
2021-12-22,0.7147799134254456,0.72139972448349,0.7190557,0.72034085,0.00547290827966465,0.0010855756154086026,53.86725442481428,0.7017898559570312,0.7531600594520569,0.011801986464597361,0.05024525253543991,4
2021-12-23,0.72139972448349,0.7233200073242188,0.72034085,0.72115445,0.005750384404664886,0.0015641037161166476,61.144946471115254,0.7017898559570312,0.7531600594520569,-0.0005697162249116147,0.02011397966160029,5
2021-12-24,0.7233200073242188,0.7231285572052002,0.7171426,0.7199473,0.005641828366535315,0.0019447395502813587,70.88431802886672,0.7017898559570312,0.7531600594520569,0.0,0.0223724532800141,1
2021-12-27,0.7231285572052002,0.7236999869346619,0.7199473,0.71957916,0.00550311567273625,0.002104866529953994,68.72995844231649,0.7017898559570312,0.7531600594520569,0.017623607188597904,0.04127799472187539,2
2021-12-28,0.7236999869346619,0.7233999967575073,0.71957916,0.72034365,0.005373711504439465,0.0021622765038365687,63.67160343275247,0.7017898559570312,0.7531600594520569,-0.010129535152001214,0.01890277984642941,3
2021-12-29,0.7233999967575073,0.7258790135383606,0.72034365,0.7226931,0.005246526467803255,0.0020917556745724667,58.55631294336273,0.7017898559570312,0.7531600594520569,-0.004080741511985847,0.0028476612058794593,4
2021-12-30,0.7258790135383606,0.7249801754951477,0.7226931,0.71937746,0.005185857119807629,0.002117329312219806,65.02602618198931,0.7017898559570312,0.7531600594520569,-0.003983371511130091,-0.0005698785440239056,5
2021-12-31,0.7249801754951477,0.7268181443214417,0.72289,0.7207398,0.005072599350718862,0.001981399862342802,61.50060191137572,0.7017898559570312,0.7531600594520569,0.015951443469743472,0.015500305101864023,1
2022-01-03,0.7268181443214417,0.7197999358177185,0.7207398,0.7190815,0.004992545781012278,0.0019215096620654563,69.32071563955978,0.7017898559570312,0.7531600594520569,-0.009132412861813816,-0.011310171187203606,2
2022-01-04,0.7197999358177185,0.7238802313804626,0.7190815,0.71881086,0.005353487268023771,0.0013428588768164746,61.72269590486043,0.7017898559570312,0.7531600594520569,0.011598540419919987,0.01040724050241806,3
2022-01-05,0.7238802313804626,0.7220800518989563,0.71881086,0.7198568,0.005388238117453744,0.0011746127916878169,59.69977865632877,0.7017898559570312,0.7531600594520569,-0.013866424055518837,0.0005679366761977919,4
2022-01-06,0.7220800518989563,0.7162600159645081,0.7198568,0.71736974,0.005288857973348365,0.0008944647999160386,55.92155515116488,0.7017898559570312,0.7531600594520569,-0.012910766635443492,-0.008324775205729485,5
2022-01-07,0.7162600159645081,0.7179111242294312,0.7215165,0.72131073,0.0054792326260482815,0.0003002881676921902,55.98416836205724,0.7017898559570312,0.7531600594520569,0.01257011838481521,-0.011672288814117006,1
2022-01-10,0.7179111242294312,0.71809983253479,0.72131073,0.7175062,0.00537509484382505,1.6538739642835934e-05,58.9204506396792,0.7017898559570312,0.7531600594520569,-0.01337540682525785,-0.015856873464956206,2
2022-01-11,0.71809983253479,0.7209799885749817,0.7175062,0.7161467,0.0052481631501805305,-0.00015113096103191496,54.69215696515611,0.7017898559570312,0.7531600594520569,0.017342074765997032,-0.010188149945531019,3
2022-01-12,0.7209799885749817,0.7282207608222961,0.7161467,0.7170066,0.005209856372837985,-6.514824990064432e-05,49.33665164508884,0.7017898559570312,0.7531600594520569,0.03194669342781295,0.03621299166625708,4
2022-01-13,0.7282207608222961,0.7282260060310364,0.7170066,0.7158363,0.005584276575856379,0.0004537443482733427,56.63013764907952,0.7017898559570312,0.7531600594520569,-0.006594926000907652,0.04277825855079889,5
2022-01-14,0.7282260060310364,0.7216517329216003,0.7281811,0.7308329,0.005448434661363306,0.0007539866621177529,56.93116410100968,0.7017898559570312,0.7531600594520569,-0.02738977192518855,0.001930524510058539,1
2022-01-17,0.7216517329216003,0.7210798263549805,0.7308329,0.72820705,0.005700661904860882,0.00047983603925538093,47.60577000788694,0.7017898559570312,0.7531600594520569,0.0,0.015421777249824582,2
2022-01-18,0.7210798263549805,0.7187501788139343,0.72820705,0.7296725,0.005562375794652942,0.0002420018469138917,47.305055081389746,0.7017898559570312,0.7531600594520569,-0.008079713934942308,-0.010066706506473249,3
2022-01-19,0.7187501788139343,0.721700131893158,0.7296725,0.72975034,0.005475039199609892,-7.332874272381062e-05,41.69082031629933,0.7017898559570312,0.7531600594520569,0.01957411991982976,-0.022239270694094763,4
2022-01-20,0.721700131893158,0.7217090129852295,0.72975034,0.7296663,0.005428052793316786,-8.360351375085188e-05,46.35132805558871,0.7017898559570312,0.7531600594520569,0.025225332029441428,0.009373625898631402,5
2022-01-21,0.7217090129852295,0.7187884449958801,0.7232052,0.72323793,0.005298797629195409,-8.963838113093222e-05,44.075596158817184,0.7017898559570312,0.7520498633384705,-0.014083219115167165,0.022894669087008435,1
2022-01-24,0.7187884449958801,0.715449869632721,0.72323793,0.7200456,0.005253356805998287,-0.0002794456939720222,48.703939047712154,0.7017898559570312,0.7520498633384705,-0.024565182341617964,-0.001926804766231232,2
2022-01-25,0.715449869632721,0.7158800363540649,0.7200456,0.72046405,0.005235749467609946,-0.000600527343175761,38.98855865170219,0.7017898559570312,0.746900200843811,0.009043688843895115,0.015310766309797925,3
2022-01-26,0.7158800363540649,0.7122999429702759,0.72046405,0.7210853,0.005116515923175692,-0.0007451765339381124,41.601170453793074,0.7017898559570312,0.746900200843811,0.013747089738331865,0.009411723472707979,4
2022-01-27,0.7122999429702759,0.7035500407218933,0.7210853,0.72339994,0.005124185591718621,-0.0010258855513689406,44.28891444761349,0.7017898559570312,0.7414799928665161,-0.020522123140248878,-0.03572595527889426,5
2022-01-28,0.7035500407218933,0.6997998356819153,0.7101876,0.7087373,0.0057349630873349345,-0.0017047459251307794,32.808858889927436,0.7017898559570312,0.7414799928665161,-0.02524230684042503,-0.04642655840956916,1
2022-01-31,0.6997998356819153,0.7068301439285278,0.7087373,0.7098192,0.005719974268502393,-0.0022746184165769187,29.814849635182384,0.6997998356819153,0.7414799928665161,0.003479847337282577,-0.019305028504098203,2
2022-02-01,0.7068301439285278,0.7133991122245789,0.7098192,0.710282,0.0060362950842715955,-0.002053134268977686,35.701594299791,0.6997998356819153,0.7376197576522827,0.025381507559161062,-0.003151010459079471,3
2022-02-02,0.7133991122245789,0.7120797634124756,0.710282,0.7087797,0.006259064712415496,-0.0013720158057182632,34.81658960963469,0.6997998356819153,0.734489917755127,0.013901630631165696,-0.0029969446217859275,4
2022-02-03,0.7120797634124756,0.7145000696182251,0.7087797,0.7064945,0.006109166396322886,-0.0009387996810820277,33.89331459197713,0.6997998356819153,0.734489917755127,-0.005470372576170145,0.01212320356764538,5
2022-02-04,0.7145000696182251,0.7080298066139221,0.71382457,0.714319,0.006005330258131824,-0.00044287808364159523,42.22118203542658,0.6997998356819153,0.734489917755127,0.0037989316585365146,0.04194748585584403,1
2022-02-07,0.7080298066139221,0.7129998207092285,0.714319,0.7152345,0.006204659413515892,-0.0005000168885207663,37.41977299132255,0.6997998356819153,0.734489917755127,-0.004918922281595184,0.0332330554396653,2
2022-02-08,0.7129998207092285,0.7145919799804688,0.7152345,0.71602494,0.006257663975824703,-0.00016957653088846237,44.72517318490736,0.6997998356819153,0.7301614880561829,-0.0004484546376708192,0.006886415857565109,3
2022-02-09,0.7145919799804688,0.7177411317825317,0.71602494,0.71589816,0.006118038560434827,0.00017128840320451743,43.31309121290113,0.6997998356819153,0.7282260060310364,0.031128401116122112,0.024382081286345426,4
2022-02-10,0.7177411317825317,0.7161697745323181,0.71589816,0.71551937,0.006048489902987922,0.0005997917817473835,46.47550270545008,0.6997998356819153,0.7282260060310364,0.012313761988536048,0.042762788102695994,5
2022-02-11,0.7161697745323181,0.7144796252250671,0.71845365,0.7200045,0.0059144519311632405,0.0007581434777186587,47.61682618138896,0.6997998356819153,0.7282260060310364,-0.03329086198279706,0.004795385437253877,1
2022-02-14,0.7144796252250671,0.7132098078727722,0.7200045,0.72072905,0.00578966725599087,0.0007295592812927017,49.08969710255475,0.6997998356819153,0.7282260060310364,0.000554797715444434,0.010310434177770956,2
2022-02-15,0.7132098078727722,0.7149087190628052,0.72072905,0.71721375,0.005659784819437499,0.0006104675100885078,47.533597229639334,0.6997998356819153,0.7282260060310364,0.00531026602842403,0.016145314351660226,3
2022-02-16,0.7149087190628052,0.7194502949714661,0.71721375,0.71939653,0.005550298200555318,0.0006289562730126973,52.49639526182263,0.6997998356819153,0.7282260060310364,0.0019841940669003784,-0.013042047904901643,4
2022-02-17,0.7194502949714661,0.71893310546875,0.71939653,0.71305794,0.005609868141013514,0.0009126873406355997,66.54810054341084,0.6997998356819153,0.7282260060310364,-0.0034195760465945794,-0.02844867435168828,5
2022-02-18,0.71893310546875,0.7171697616577148,0.71775335,0.7155779,0.005475897664126325,0.0010228747054154674,71.3495588464163,0.6997998356819153,0.7282260060310364,-0.001216278926307887,0.003218571351454909,1
2022-02-21,0.7171697616577148,0.718450129032135,0.7155779,0.7164657,0.005372468900741219,0.0009366540405427601,63.074038232536545,0.6997998356819153,0.7282260060310364,0.0,0.002662142347020437,2
2022-02-22,0.718450129032135,0.7226895689964294,0.7164657,0.7180078,0.005262892649880931,0.0009239561706324906,57.37289580744964,0.6997998356819153,0.7282260060310364,-0.0021041150368183927,-0.004744485146335293,3
2022-02-23,0.7226895689964294,0.7227997779846191,0.7180078,0.7196531,0.005316695395999274,0.0011447418242969852,64.27044768365677,0.6997998356819153,0.7282260060310364,-0.006339359251972713,-0.012994166529529824,4
2022-02-24,0.7227997779846191,0.7160200476646423,0.7196531,0.71872807,0.005192353757967338,0.0012341695059810442,61.90299528140601,0.6997998356819153,0.7282260060310364,-0.006155277033755284,-0.015690629322818537,5
2022-02-25,0.7160200476646423,0.7186489701271057,0.71834475,0.71484596,0.005501060670788958,0.0007940638563649144,61.3583523127813,0.6997998356819153,0.7282260060310364,0.004033195170668777,-0.010509936719237804,1
2022-02-28,0.7186489701271057,0.7262001037597656,0.71484596,0.7134547,0.005436712830142601,0.0006437564469437276,58.60302994544645,0.6997998356819153,0.7282260060310364,-0.006168393316155891,-0.01659471466683435,2
2022-03-01,0.7262001037597656,0.7261425852775574,0.7134547,0.71423835,0.005823070137197538,0.0009956250894629594,64.96227777692414,0.6997998356819153,0.7282260060310364,0.031449872730158694,0.01696229159256836,3
2022-03-02,0.7261425852775574,0.729341447353363,0.71423835,0.71442795,0.00567882286068846,0.0011559667831500598,61.76685182680765,0.6997998356819153,0.7282260060310364,0.014932059853336425,0.03882623688511656,4
2022-03-03,0.729341447353363,0.7336999773979187,0.71442795,0.7116444,0.00563276379751837,0.0013930376368545935,67.64354582703922,0.6997998356819153,0.729341447353363,0.024611441643241864,0.07128426464141129,5
2022-03-04,0.7336999773979187,0.7394808530807495,0.7267499,0.7258355,0.005664404017922033,0.0017366054816877114,74.02811267723177,0.6997998356819153,0.7336999773979187,0.03247536354111995,0.10219136097339607,1
2022-03-07,0.7394808530807495,0.7328498363494873,0.7258355,0.72586507,0.005812155689954373,0.0022157258838296267,79.5136447581817,0.6997998356819153,0.7394808530807495,-0.0429036430863589,0.06243675430156579,2
2022-03-08,0.7328498363494873,0.7267916798591614,0.72586507,0.72514147,0.006022662425528314,0.0019575436547059986,68.14480543593058,0.6997998356819153,0.7394808530807495,-0.004563576043598594,0.024855519334022833,3
2022-03-09,0.7267916798591614,0.731689989566803,0.72514147,0.7265622,0.00616261894225251,0.0012828657236184271,57.203750666754004,0.6997998356819153,0.7394808530807495,-0.02946942805330367,-0.01965413096874814,4
2022-03-10,0.731689989566803,0.7365999817848206,0.7265622,0.7224552,0.00620119155132757,0.0010787962533728517,61.52666279617102,0.6997998356819153,0.7394808530807495,0.017268899777085688,-0.026825999461753142,5
2022-03-11,0.7365999817848206,0.72965008020401,0.7287214,0.725389,0.006235380596359517,0.001178679463661265,66.61183489726177,0.6997998356819153,0.7394808530807495,-0.005939792974359469,-0.0635016700426106,1
2022-03-14,0.72965008020401,0.71986985206604,0.725389,0.72731626,0.006443255307927513,0.0007042811183471946,58.72914851036233,0.6997998356819153,0.7394808530807495,-0.022677285829660453,-0.044366858828737706,2
2022-03-15,0.71986985206604,0.7191000580787659,0.72731626,0.72742534,0.00698794097750034,-0.0002874270630175424,47.97705559323368,0.6997998356819153,0.7394808530807495,-0.002440578011937699,-0.04233589644929026,3
2022-03-16,0.7191000580787659,0.7288799285888672,0.72742534,0.72746426,0.006799468591710645,-0.0009757080841774628,47.370601536692796,0.6997998356819153,0.7394808530807495,0.0190334568099788,0.005258477284727984,4
2022-03-17,0.7288799285888672,0.738099992275238,0.72746426,0.7288084,0.007318021996471738,-0.0007622472328502111,58.76573646195013,0.6997998356819153,0.7394808530807495,0.022094980037891683,0.01012166099736859,5
2022-03-18,0.738099992275238,0.7409987449645996,0.7293675,0.72862107,0.0076921049367412175,-2.8770264094273804e-05,62.16536613079519,0.6997998356819153,0.7394808530807495,0.008491811707014074,0.024805034970467293,1
2022-03-21,0.7409987449645996,0.7395793199539185,0.72862107,0.72485626,0.0075275194079557,0.0005888469311216538,59.82751577754064,0.6997998356819153,0.7409987449645996,-0.006149358180897094,0.041883687022357084,2
2022-03-22,0.7395793199539185,0.7462301850318909,0.72485626,0.72745353,0.007325752732043255,0.000824550836888658,58.764561206248345,0.6997998356819153,0.7409987449645996,-0.002662225985065833,0.04165278120574175,3
2022-03-23,0.7462301850318909,0.7499175071716309,0.72745353,0.7246707,0.007418481774620693,0.0013216706451382246,60.5415223162732,0.6997998356819153,0.7462301850318909,0.015553332635634952,0.038034000735626315,4
2022-03-24,0.7499175071716309,0.7514277100563049,0.7246707,0.72221875,0.007300904599676653,0.0017644422931082865,60.20810525470645,0.6997998356819153,0.7499175071716309,-0.007058917381914071,0.008208146418343323,5
2022-03-25,0.7514277100563049,0.7518231272697449,0.7530152,0.74798965,0.0071130340527436,0.002006978560075052,57.94720393706469,0.6997998356819153,0.7514277100563049,-0.009134470614113594,-0.009407113174252548,1
2022-03-28,0.7518231272697449,0.7499501705169678,0.74798965,0.74805903,0.0069183287141966745,0.0020355796902426313,63.76306288777915,0.6997998356819153,0.7518231272697449,0.005957539850870366,0.0026587868264541935,2
2022-03-29,0.7499501705169678,0.7514672875404358,0.74805903,0.7518385,0.0067532002026802675,0.001779189277713862,67.88490981017466,0.6997998356819153,0.7518231272697449,0.000530105600709956,0.0058647206206186315,3
2022-03-30,0.7514672875404358,0.7503001093864441,0.7518385,0.7509145,0.006589065351834602,0.001569903552829063,66.11528904827864,0.6997998356819153,0.7518231272697449,0.0048646967103835375,-0.004829346857720597,4
2022-03-31,0.7503001093864441,0.7491927742958069,0.7509145,0.7488116,0.0064230882456130685,0.0012262296621385147,61.88853073587341,0.6997998356819153,0.7518231272697449,0.0007381987602404795,0.0029604437923042982,5
2022-04-01,0.7491927742958069,0.7486487030982971,0.7490554,0.74770993,0.00626278174723818,0.0008173640449548117,68.87215569620545,0.6997998356819153,0.7518231272697449,-0.012837722433705689,-0.0007469024409056691,1
2022-04-04,0.7486487030982971,0.7543901801109314,0.74770993,0.7452262,0.00610207809006227,0.0004231541756280653,83.82534057998427,0.6997998356819153,0.7518231272697449,0.01987597695162795,0.013258378662701454,2
2022-04-05,0.7543901801109314,0.7585699558258057,0.7452262,0.7469792,0.006201184495248497,0.00045895992650312346,87.13807205941389,0.6997998356819153,0.7543901801109314,0.0030310269629588347,0.015795629597449748,3
2022-04-06,0.7585699558258057,0.7505084872245789,0.7469792,0.74512875,0.006174522486143812,0.0006617039497921612,85.41951687083846,0.6997998356819153,0.7585699558258057,-0.012074247417858537,-0.001265965165886409,4
2022-04-07,0.7505084872245789,0.7478480935096741,0.74512875,0.74238384,0.006487076331703462,0.00017573769975368601,65.22389020195166,0.6997998356819153,0.7585699558258057,-0.008166738169883227,-0.010120147279645539,5
2022-04-08,0.7478480935096741,0.7446514964103699,0.7486691,0.74734145,0.006366169819244392,-0.0003721402136397335,58.45285400505201,0.6997998356819153,0.7585699558258057,0.005310605923722223,0.008008522274227657,1
2022-04-11,0.7446514964103699,0.7415317296981812,0.74734145,0.7545017,0.006274270518707462,-0.0009634735571506037,55.996589363606255,0.6997998356819153,0.7585699558258057,-0.019575916918115405,-0.030985079734576468,2
2022-04-12,0.7415317296981812,0.7454997897148132,0.7545017,0.750814,0.006183866879313243,-0.0015439461644453593,43.93920987601164,0.6997998356819153,0.7585699558258057,0.016180371556952136,-0.018159026340501153,3
2022-04-13,0.7454997897148132,0.7451497912406921,0.750814,0.755426,0.006149987452185171,-0.0016313346304327198,44.34232603017039,0.6997998356819153,0.7585699558258057,0.0006375056286456698,-0.005598441965941124,4
2022-04-14,0.7451497912406921,0.7410151958465576,0.755426,0.753775,0.005992710222250539,-0.0016769367249862346,41.71376512867636,0.6997998356819153,0.7585699558258057,0.002122290505525724,0.004685800886825676,5
2022-04-15,0.7410151958465576,0.7393824458122253,0.7479223,0.7552188,0.005974054301297411,-0.0019316594502322652,37.016186893242114,0.6997998356819153,0.7585699558258057,0.0,-0.0006355471812709671,1
2022-04-18,0.7393824458122253,0.7357593774795532,0.7552188,0.750897,0.0058430302509845985,-0.00214003738057253,37.23105908381839,0.6997998356819153,0.7585699558258057,0.01660923204110943,0.03618883431472056,2
2022-04-19,0.7357593774795532,0.7393988370895386,0.750897,0.75425124,0.005803049437859309,-0.002430583661855291,31.939340691874676,0.6997998356819153,0.7585699558258057,-0.017245385702313175,0.002125898998712925,3
2022-04-20,0.7393988370895386,0.7446997761726379,0.75425124,0.7528732,0.0057729647826418404,-0.00228838319894079,38.14017308617606,0.6997998356819153,0.7585699558258057,-0.013777188294921696,-0.01221582499720908,4
2022-04-21,0.7446997761726379,0.7361114025115967,0.7528732,0.7526596,0.005866231450178518,-0.0017711524170442674,45.520656796027666,0.6997998356819153,0.7585699558258057,0.011547204670620877,-0.002862033835321452,5
2022-04-22,0.7361114025115967,0.7236937284469604,0.74628735,0.74601763,0.0062961936545385955,-0.0019283206657629243,39.22851679521988,0.6997998356819153,0.7585699558258057,-0.026062172064567013,-0.028513891559325235,1
2022-04-25,0.7236937284469604,0.717849850654602,0.74601763,0.74420047,0.007254155498542149,-0.0027399321152420577,26.34109007182188,0.7068301439285278,0.7585699558258057,-0.029565371325842638,-0.07235198536161626,2
2022-04-26,0.717849850654602,0.714600145816803,0.74420047,0.7442656,0.0072899122785348245,-0.0034934206909479726,19.400415298314257,0.7080298066139221,0.7585699558258057,-0.0020249359120116427,-0.058124767663280556,3
2022-04-27,0.714600145816803,0.7125704288482666,0.7442656,0.7453864,0.007160365968203195,-0.003997463589280711,20.9127656246077,0.7080298066139221,0.7585699558258057,0.0032604763781424375,-0.04193992887490836,4
2022-04-28,0.7125704288482666,0.710883617401123,0.7453864,0.745865,0.006991616476658547,-0.004231768204153716,21.128647205796696,0.7080298066139221,0.7585699558258057,-0.009246878261905584,-0.061656208048009954,5
2022-04-29,0.710883617401123,0.7065390348434448,0.7151991,0.7119574,0.0068212710615765445,-0.00425319496855012,21.66401411670087,0.7080298066139221,0.7585699558258057,-0.004200460650535515,-0.04091653044853702,1
2022-05-02,0.7065390348434448,0.7050997614860535,0.7119574,0.7165746,0.006779787291293186,-0.004299989645571569,21.227661593231247,0.7065390348434448,0.7585699558258057,-0.03225530051190937,-0.043492930345010825,2
2022-05-03,0.7050997614860535,0.7103786468505859,0.7165746,0.708325,0.006612953287776166,-0.004165020792443405,15.340205974698037,0.7050997614860535,0.7585699558258057,0.0036357441380119823,-0.038063096080001246,3
2022-05-04,0.7103786468505859,0.7252898812294006,0.708325,0.70733815,0.006664636222883736,-0.0034849712505960334,22.495410110298792,0.7050997614860535,0.7585699558258057,0.013373043660184394,-0.028286092433934318,4
2022-05-05,0.7252898812294006,0.712100088596344,0.70733815,0.70879006,0.008059793528731313,-0.0018762680481542275,39.37282735230024,0.7050997614860535,0.7585699558258057,-0.010100497643645998,-0.029115212332185943,5
2022-05-06,0.712100088596344,0.7046997547149658,0.72123367,0.72478545,0.00890631685241959,-0.0015588991027538487,34.05349851586561,0.7050997614860535,0.7585699558258057,-0.005499333209514505,-0.03037544932002153,1
2022-05-09,0.7046997547149658,0.6957392692565918,0.72478545,0.72360396,0.008971486619320498,-0.0016945276782214568,32.61341615105782,0.7046997547149658,0.7585699558258057,-0.01620475325248406,-0.014686876360731162,2
2022-05-10,0.6957392692565918,0.693600058555603,0.72360396,0.7256664,0.00919558310723353,-0.0022026795072062986,26.934282388980137,0.6957392692565918,0.7585699558258057,-0.00922434401865177,-0.027276961675287176,3
2022-05-11,0.693600058555603,0.692750096321106,0.7256664,0.72677803,0.008943283567527808,-0.002477345364536438,22.07053914602689,0.693600058555603,0.7585699558258057,0.013864232358316693,-0.026799053750572017,4
2022-05-12,0.692750096321106,0.6871907711029053,0.72677803,0.72425556,0.008678861322351442,-0.0025033451036903156,24.110039503185178,0.692750096321106,0.7585699558258057,-0.025850570766837735,-0.042006962601721556,5
2022-05-13,0.6871907711029053,0.6946181058883667,0.69090295,0.6966249,0.008622563942645196,-0.0026669577019688,26.26077033164171,0.6871907711029053,0.7585699558258057,0.018225116357163194,-0.01900735737992101,1
2022-05-16,0.6946181058883667,0.6972820162773132,0.6966249,0.6967072,0.00873811756273433,-0.002073389693282933,35.19642189764609,0.6871907711029053,0.7585699558258057,0.0038199388179227,0.0008347209336865393,2
2022-05-17,0.6972820162773132,0.7032843232154846,0.6967072,0.70012575,0.00852755150939892,-0.001335616307260751,38.881652258032915,0.6871907711029053,0.7585699558258057,0.010194545833625966,0.0204597515924605,3
2022-05-18,0.7032843232154846,0.695900022983551,0.70012575,0.70206195,0.008516469746320888,-0.00033004027605451625,44.32760274177094,0.6871907711029053,0.7585699558258057,-0.013655709241902486,-0.007240340524546897,4
2022-05-19,0.695900022983551,0.7041500210762024,0.70206195,0.69765145,0.008615112349030138,-6.28744597290995e-05,41.44292754726281,0.6871907711029053,0.7585699558258057,0.02433087712236187,0.0438489226558517,5
2022-05-20,0.7041500210762024,0.7062894701957703,0.68525666,0.67761636,0.008802877714031565,0.0007253525638450335,48.693904976788716,0.6871907711029053,0.7585699558258057,-0.0009338571984142075,0.024040211954999256,1
2022-05-23,0.7062894701957703,0.7088980674743652,0.67761636,0.6825136,0.00857237146997617,0.001407236309108082,50.64548259202008,0.6871907711029053,0.7585699558258057,0.015414272906901085,0.03598237321630625,2
2022-05-24,0.7088980674743652,0.7103200554847717,0.6825136,0.6795517,0.008366147896143507,0.002013453238341503,49.17273350962147,0.6871907711029053,0.7585699558258057,-0.005073188864434374,0.02028540269822681,3
2022-05-25,0.7103200554847717,0.708939790725708,0.6795517,0.6795424,0.008136725987794574,0.0024601490814710678,40.1510410049113,0.6871907711029053,0.7585699558258057,-0.011275925634071683,0.022716352594954314,4
2022-05-26,0.708939790725708,0.7098793983459473,0.6795424,0.67998177,0.00791349215553236,0.0025990032614731486,47.538228244931915,0.6871907711029053,0.7585699558258057,-0.005157028728977165,-0.007001104793343108,5
2022-05-27,0.7098793983459473,0.7162810564041138,0.7072917,0.70270807,0.007693677455543984,0.002679754466794591,54.486346843656236,0.6871907711029053,0.7585699558258057,0.011450010894338128,0.005372521081748666,1
2022-05-30,0.7162810564041138,0.7195202112197876,0.70270807,0.69962496,0.007761368017429794,0.00306232233772424,68.61751321356492,0.6871907711029053,0.7585699558258057,0.0,-0.010005738498215714,2
2022-05-31,0.7195202112197876,0.7182618379592896,0.69962496,0.6982761,0.007614129999510524,0.0034052049867355962,73.03282352667004,0.6871907711029053,0.7585699558258057,-0.002093226615656373,-0.007051192941729739,3
2022-06-01,0.7182618379592896,0.7173600792884827,0.6982761,0.6989967,0.0074084085002645685,0.0034104563466887654,72.5065466362384,0.6871907711029053,0.7585699558258057,0.008115951194897815,0.012391857356007398,4
2022-06-02,0.7173600792884827,0.726900041103363,0.6989967,0.69731784,0.007205024053906452,0.003218796860817784,78.99852073209439,0.6871907711029053,0.7585699558258057,0.05043842146787454,0.07027021817512688,5
2022-06-03,0.726900041103363,0.7204922437667847,0.71538144,0.7167418,0.0076458255643151365,0.003572794497025242,79.81816239857383,0.6871907711029053,0.7585699558258057,-0.01694109942939782,0.04031135339993543,1
2022-06-06,0.7204922437667847,0.7188607454299927,0.7167418,0.71755826,0.007700074029313202,0.003224350451639111,70.05195754826285,0.6871907711029053,0.7585699558258057,-0.008523121594769303,0.031482332097146265,2
2022-06-07,0.7188607454299927,0.7220602631568909,0.71755826,0.71023273,0.007498741624737638,0.0027513588783854978,64.55620477800491,0.6871907711029053,0.7585699558258057,0.0,0.03364371971612258,3
2022-06-08,0.7220602631568909,0.7186489701271057,0.71023273,0.71871465,0.007361521226533059,0.00252713158302632,76.52112645417344,0.6871907711029053,0.7585699558258057,0.00427064122011487,0.029676671363824778,4
2022-06-09,0.7186489701271057,0.7098188996315002,0.71871465,0.7223444,0.007235517690404968,0.0020429329405309365,66.29794202067359,0.6871907711029053,0.7585699558258057,-0.015710969258667343,-0.03623187647048353,5
2022-06-10,0.7098188996315002,0.7018282413482666,0.715769,0.70924205,0.007582618100519562,0.001070701811041903,53.448625302265775,0.6871907711029053,0.7585699558258057,-0.020253815503193908,-0.03941928422135979,1
2022-06-13,0.7018282413482666,0.6941600441932678,0.70924205,0.71616524,0.007810247077919385,-0.00010532368382541268,43.74944667647542,0.6871907711029053,0.7585699558258057,-0.019842227404011686,-0.05023089466661978,2
2022-06-14,0.6941600441932678,0.6889899373054504,0.71616524,0.71551126,0.007993015075826986,-0.0013266155691716037,37.13371032435275,0.6871907711029053,0.7585699558258057,-0.013129773188470176,-0.06261963892486455,3
2022-06-15,0.6889899373054504,0.7016903758049011,0.71551126,0.714446,0.007948606904562235,-0.002349811502309175,35.020305427282224,0.6871907711029053,0.7585699558258057,0.0014407595155047006,-0.06526856461798695,4
2022-06-16,0.7016903758049011,0.704049825668335,0.714446,0.7170036,0.008808418973543631,-0.002049394955297946,44.7741085414031,0.6871907711029053,0.7585699558258057,-0.013406814849765658,-0.06311231584894181,5
2022-06-17,0.704049825668335,0.6953000426292419,0.69743675,0.6928173,0.008585493020366082,-0.0015903788308359354,41.76994046616389,0.6871907711029053,0.7585699558258057,-0.02324972573064061,-0.0659149469320502,1
2022-06-20,0.6953000426292419,0.6969500780105591,0.6928173,0.6912521,0.008816197320865743,-0.0017613584431343454,34.82804996344666,0.6871907711029053,0.7585699558258057,0.0,-0.04719551545742972,2
2022-06-21,0.6969500780105591,0.6961801052093506,0.6912521,0.6902636,0.00857507679926607,-0.0016505375364846689,36.71511692712398,0.6871907711029053,0.7585699558258057,0.006327245744323865,-0.02847525087375268,3
2022-06-22,0.6961801052093506,0.6905218958854675,0.6902636,0.68642104,0.00832796850481636,-0.0015195762987046937,36.77553909604696,0.6871907711029053,0.7585699558258057,-0.022891807166630616,-0.051829653058205145,4
2022-06-23,0.6905218958854675,0.6903502941131592,0.68642104,0.6880982,0.008298778440643523,-0.0016913491093446522,26.128894986913068,0.6871907711029053,0.7585699558258057,-0.05007527019268089,-0.08596787216867789,5
2022-06-24,0.6903502941131592,0.6943383812904358,0.68992037,0.69302726,0.00805891492774418,-0.0016898677390552834,28.45798246301591,0.6871907711029053,0.7585699558258057,0.00039898684129586245,-0.06409457078601756,1
2022-06-27,0.6943383812904358,0.6922522783279419,0.69302726,0.6889809,0.007942873788096995,-0.001310558479156185,33.04532735507321,0.6871907711029053,0.7585699558258057,0.005040481110548134,-0.05936524813098821,2
2022-06-28,0.6922522783279419,0.6904398798942566,0.6889809,0.689421,0.007745352941972171,-0.0010989716324066269,29.0686042666823,0.6871907711029053,0.7585699558258057,0.0013221940432880405,-0.06406141162189975,3
2022-06-29,0.6904398798942566,0.6880465745925903,0.689421,0.6886306,0.007548195327110013,-0.0009836297147793847,29.736337323810986,0.6871907711029053,0.7505084872245789,-0.0013221940432880527,-0.043654282616796554,4
2022-06-30,0.6880465745925903,0.6897598505020142,0.6886306,0.68935794,0.007376630671780694,-0.0009694888961895715,32.76642803425965,0.6871907711029053,0.7478480935096741,-0.017215369716929715,-0.01170683719890485,5
2022-07-01,0.6897598505020142,0.6815796494483948,0.68681353,0.68344176,0.007194128204657262,-0.0007552381704912904,39.393402844714146,0.6871907711029053,0.7454997897148132,-0.02604633327227293,-0.03750000871876455,1
2022-07-04,0.6815796494483948,0.6873797178268433,0.68344176,0.6867211,0.0075090714142441225,-0.0010564510551198314,39.042034676895156,0.6815796494483948,0.7454997897148132,0.0,-0.04233926540706707,2
2022-07-05,0.6873797178268433,0.6793201565742493,0.6867211,0.68887186,0.007559729943859303,-0.0007703604670200974,48.61266742739292,0.6815796494483948,0.7454997897148132,-0.05509627519484512,-0.09487314354525148,3
2022-07-06,0.6793201565742493,0.6786000728607178,0.68887186,0.685177,0.007826048920845359,-0.0010138901586427577,29.050984069571427,0.6793201565742493,0.7451497912406921,-0.002045878120812058,-0.09552793248066674,4
2022-07-07,0.6786000728607178,0.6849000453948975,0.685177,0.69173235,0.007607144534765743,-0.0011059101813512898,25.412143283279548,0.6786000728607178,0.7446997761726379,0.04686572875972961,-0.03567100148385011,5
2022-07-08,0.6849000453948975,0.6845798492431641,0.6848377,0.68727624,0.007698554335592228,-0.0006476188545646629,39.45295074138775,0.6786000728607178,0.7446997761726379,-0.014057007328479318,-0.02403976076187497,1
2022-07-11,0.6845798492431641,0.6743316054344177,0.68727624,0.6869229,0.00748157232954662,-0.00028943506910224324,37.10710265464295,0.6786000728607178,0.7446997761726379,-0.027119838109684272,-0.050151964670569295,2
2022-07-12,0.6743316054344177,0.674700140953064,0.6869229,0.68727773,0.008049659032159913,-0.0006456984637127966,30.985202407371105,0.6743316054344177,0.7446997761726379,-0.041883173257640245,-0.037518244242400196,3
2022-07-13,0.674700140953064,0.6732302308082581,0.68727773,0.68482536,0.007821154491455441,-0.0007520778624563731,34.83391553454527,0.6743316054344177,0.7446997761726379,0.008758752448604084,-0.027062601478739276,4
2022-07-14,0.6732302308082581,0.6754885315895081,0.68482536,0.68277204,0.007614874436481757,-0.0008118693995011516,33.987951954992084,0.6732302308082581,0.7361114025115967,-0.03519335333759035,-0.10371301325472843,5
2022-07-15,0.6754885315895081,0.6814774870872498,0.6790429,0.6850108,0.007443022571157257,-0.0005995500701111026,31.780598418229076,0.6732302308082581,0.726900041103363,0.007447646427040558,-0.08422993432958804,1
2022-07-18,0.6814774870872498,0.6810198426246643,0.6850108,0.68345225,0.007520100491473438,1.1641113012161863e-05,40.3161885946257,0.6732302308082581,0.726900041103363,0.034488832166270904,-0.026036349209872158,2
2022-07-19,0.6810198426246643,0.6897978782653809,0.68345225,0.68417794,0.007310803494432435,0.00042936431337215007,41.32245744192533,0.6732302308082581,0.726900041103363,-0.0170197516986835,-0.0015167226062545254,3
2022-07-20,0.6897978782653809,0.6887384057044983,0.68417794,0.68170595,0.007701312560249653,0.001292348709654602,51.44346975109948,0.6732302308082581,0.726900041103363,0.011478714797717558,0.0012028111525550541,4
2022-07-21,0.6887384057044983,0.692290186882019,0.68170595,0.68514717,0.007492097111423828,0.0017584228139933353,49.14892623762524,0.6732302308082581,0.726900041103363,-0.008293771177248261,0.028500247255772822,5
2022-07-22,0.692290186882019,0.6904694437980652,0.6878744,0.688215,0.007381234808398649,0.002241560501641467,59.669908032740125,0.6732302308082581,0.726900041103363,0.013984128994097221,0.03524504079025386,1
2022-07-25,0.6904694437980652,0.6951202750205994,0.688215,0.68910354,0.007199846745346327,0.0023620955198223707,53.00548602518864,0.6732302308082581,0.726900041103363,0.0007463414598675229,0.0008960636010747351,2
2022-07-26,0.6951202750205994,0.6947387456893921,0.68910354,0.68911356,0.007173124630623105,0.0026566566247046538,66.46095799221048,0.6732302308082581,0.726900041103363,0.009356231511626789,0.027646920601218986,3
2022-07-27,0.6947387456893921,0.6994900107383728,0.68911356,0.69021034,0.006975969492046481,0.0027176439775665954,66.93312353659269,0.6732302308082581,0.726900041103363,0.013799446663093596,0.030034583046752456,4
2022-07-28,0.6994900107383728,0.7000839710235596,0.69021034,0.6913362,0.006967951126211388,0.002950403655776251,65.82238879099597,0.6732302308082581,0.726900041103363,0.013179943583044093,0.052392445929093076,5
2022-07-29,0.7000839710235596,0.6971215605735779,0.69934815,0.70045865,0.0067805521071337095,0.003006591208241711,66.71451741004532,0.6732302308082581,0.726900041103363,0.030885074406484785,0.0703300272766233,1
2022-08-01,0.6971215605735779,0.7023902535438538,0.70045865,0.70466065,0.00666563570733454,0.0027153494271930753,79.14810376319986,0.6732302308082581,0.726900041103363,-0.008968687961960311,0.059982086234383176,2
2022-08-02,0.7023902535438538,0.6890298128128052,0.70466065,0.7036541,0.006718344410530794,0.0027407140064585754,81.47066275205293,0.6732302308082581,0.726900041103363,-0.00777228609106147,0.04198077243110068,3
2022-08-03,0.6890298128128052,0.693899929523468,0.7036541,0.70607567,0.007875074256170088,0.0017680772321507447,64.13603547007773,0.6732302308082581,0.726900041103363,-0.015728041877474796,0.01166349632649768,4
2022-08-04,0.693899929523468,0.6959198713302612,0.70607567,0.7071791,0.00782580816502197,0.001380301551203962,65.73734611238254,0.6732302308082581,0.726900041103363,0.0038834928349346684,0.0023021973068511003,5
2022-08-05,0.6959198713302612,0.6902502179145813,0.6954133,0.69232833,0.007636989226855243,0.0011943958246196796,63.243365554995634,0.6732302308082581,0.726900041103363,0.019898306639490177,-0.00864959162171594,1
2022-08-08,0.6902502179145813,0.6987700462341309,0.69232833,0.69427675,0.007652228381275277,0.000651309487453589,57.725601944421165,0.6732302308082581,0.726900041103363,0.009663298145692585,0.0099943832020153,2
2022-08-09,0.6987700462341309,0.6957005858421326,0.69427675,0.6965215,0.007958506003761506,0.0008168738555725155,57.54208754208754,0.6732302308082581,0.726900041103363,0.0013927233381699987,0.019293539583505704,3
2022-08-10,0.6957005858421326,0.7078142762184143,0.6965215,0.69944376,0.007797140453983596,0.0006764644475266623,55.661169281591874,0.6732302308082581,0.726900041103363,0.017384534003716742,0.0536099918788567,4
2022-08-11,0.7078142762184143,0.7102898359298706,0.69944376,0.69640654,0.008559708757845189,0.001319048509575709,61.080314850755606,0.6732302308082581,0.726900041103363,0.014933773931209706,0.06531724353625883,5
2022-08-12,0.7102898359298706,0.7116677761077881,0.70873696,0.70715815,0.00835297641961193,0.0018006230302554144,64.0157872597623,0.6732302308082581,0.726900041103363,-0.009341402279006945,0.03461867320093284,1
2022-08-15,0.7116677761077881,0.7020002603530884,0.70715815,0.7072366,0.008127101383480818,0.0020818834590343757,62.26931586060354,0.6732302308082581,0.726900041103363,-0.012868122622951974,0.011567903005143867,2
2022-08-16,0.7020002603530884,0.7019400596618652,0.7072366,0.70248437,0.008491293649742899,0.001513206532355673,54.73244890285249,0.6732302308082581,0.726900041103363,0.0020645340532498197,0.012247713487828573,3
2022-08-17,0.7019400596618652,0.693040132522583,0.70248437,0.70534176,0.008247170949171368,0.001051283820623558,51.70072812099436,0.6732302308082581,0.726900041103363,-0.010643498782088992,-0.015729691308753988,4
2022-08-18,0.693040132522583,0.691119909286499,0.70534176,0.70682514,0.00852464497956403,0.00011396055530477241,45.61597977153948,0.6732302308082581,0.726900041103363,0.013389684468500692,-0.017248319969877204,5
2022-08-19,0.691119909286499,0.6877105832099915,0.69558764,0.6983243,0.008302477935749559,-0.0006270298744578172,46.21553176343419,0.6732302308082581,0.726900041103363,0.0100955673417733,0.0020402429275102473,1
2022-08-22,0.6877105832099915,0.6878700256347656,0.6983243,0.70247513,0.0081423751454198,-0.0012997206802773309,40.52115117571533,0.6732302308082581,0.726900041103363,-0.003535497640372084,0.011435682596212025,2
2022-08-23,0.6878700256347656,0.6923002004623413,0.70247513,0.7054754,0.007911975250297756,-0.0016636262465882395,49.097200570130504,0.6732302308082581,0.726900041103363,0.009220382581036387,0.01869932088893004,3
2022-08-24,0.6923002004623413,0.6907985806465149,0.7054754,0.70982116,0.00783253222133684,-0.0015385747703578498,48.74615399708671,0.6732302308082581,0.726900041103363,-0.011948522410051805,0.017370761294765398,4
2022-08-25,0.6907985806465149,0.6963981986045837,0.70982116,0.7129092,0.007628007559507275,-0.001488656450821015,45.9531204224682,0.6732302308082581,0.726900041103363,0.013566875289911354,0.017551046027566717,5
2022-08-26,0.6963981986045837,0.6866905689239502,0.69372827,0.6915982,0.007647280607086272,-0.001031869585005422,54.86356040573522,0.6732302308082581,0.7220602631568909,0.00026944961898488136,0.007601432750977542,1
2022-08-29,0.6866905689239502,0.6907508373260498,0.6915982,0.6948302,0.008092202729010439,-0.0013185318633168505,40.620406470651396,0.6732302308082581,0.7220602631568909,-0.023168122718755138,-0.011987508048778482,2
2022-08-30,0.6907508373260498,0.6857398152351379,0.6948302,0.69610643,0.007981950741246097,-0.0011745060597000455,46.214812566149504,0.6732302308082581,0.7220602631568909,-0.022729784336666843,-0.0430557120735055,3
2022-08-31,0.6857398152351379,0.6828502416610718,0.69610643,0.69097584,0.007930292338125252,-0.001344315010949251,31.06187051536945,0.6732302308082581,0.7186489701271057,-0.007503393602892206,-0.0387925032159316,4
2022-09-01,0.6828502416610718,0.6795302033424377,0.69097584,0.68969464,0.007765470276618055,-0.0015634779866470637,26.625064738557782,0.6732302308082581,0.7116677761077881,-0.03000371904235822,-0.07977361640278688,5
2022-09-02,0.6795302033424377,0.6790295243263245,0.6764988,0.67518884,0.007627634564384495,-0.0018259939951507655,23.49984714635515,0.6732302308082581,0.7116677761077881,0.0020479730731946338,-0.0781355159281152,1
2022-09-05,0.6790295243263245,0.6813998818397522,0.67518884,0.67669964,0.007417086947660408,-0.0019178345879514946,27.68520437882664,0.6732302308082581,0.7116677761077881,0.0,-0.05652831376030598,2
2022-09-06,0.6813998818397522,0.6730109453201294,0.67669964,0.6750023,0.007258693166396962,-0.0017102907240732887,30.90348086009064,0.6732302308082581,0.7116677761077881,0.013787355194825272,-0.02143863852435258,3
2022-09-07,0.6730109453201294,0.6751401424407959,0.6750023,0.6768194,0.007600566002834525,-0.002008713186084186,31.19992749277165,0.6730109453201294,0.7116677761077881,-0.008976500708669724,-0.02287910297967991,4
2022-09-08,0.6751401424407959,0.6765899658203125,0.6768194,0.67920697,0.0074271688417805615,-0.0019328007600702864,35.05946211031977,0.6730109453201294,0.7116677761077881,0.028106252131502352,0.03558354527065715,5
2022-09-09,0.6765899658203125,0.6846998333930969,0.67461663,0.6703947,0.007240615400931128,-0.0016651927342468923,39.207136121989734,0.6730109453201294,0.7116677761077881,0.012645967498656327,0.04661701697555643,1
2022-09-12,0.6846998333930969,0.689398467540741,0.6703947,0.66748655,0.007559129393562513,-0.0008626383027268789,47.33457549755894,0.6730109453201294,0.7116677761077881,0.012350083783838168,0.05962297183065138,2
2022-09-13,0.689398467540741,0.6743001937866211,0.66748655,0.6674376,0.007518560788285858,1.7408122047639363e-05,47.57125395993913,0.6730109453201294,0.7116677761077881,-0.012350083783838062,0.032285957132354604,3
2022-09-14,0.6743001937866211,0.6751797795295715,0.6674376,0.6721024,0.008884186212010238,-0.00036354055060510695,38.751189712753956,0.6730109453201294,0.7116677761077881,-0.009962910990771172,0.03126820169490785,4
2022-09-15,0.6751797795295715,0.6687299013137817,0.6721024,0.6742118,0.008633474020708364,-0.0004943883135210612,34.53781001607088,0.6730109453201294,0.7116677761077881,-0.006224401018000892,-0.0035350813451689458,5
2022-09-16,0.6687299013137817,0.6726998686790466,0.6816768,0.6812786,0.00866473897879472,-0.0009282408714375518,36.259386736270336,0.6687299013137817,0.7116677761077881,0.010586630784932173,-0.005585026647819549,1
2022-09-19,0.6726998686790466,0.6733698844909668,0.6812786,0.68052375,0.008528541206006929,-0.0008621818456550695,36.171195977274444,0.6687299013137817,0.7116677761077881,-0.0009834160131192236,-0.01875605540780757,2
2022-09-20,0.6733698844909668,0.6694202423095703,0.68052375,0.6767274,0.008289519580465855,-0.0006948809594139287,39.84820217013372,0.6687299013137817,0.7116677761077881,-0.002673926948828699,-0.009215300626779192,3
2022-09-21,0.6694202423095703,0.661010205745697,0.6767274,0.6795751,0.00816347105367732,-0.00076612583183023,39.16671634930678,0.6687299013137817,0.7116677761077881,-0.010198392195087953,-0.009448584332964268,4
2022-09-22,0.661010205745697,0.66454017162323,0.6795751,0.6779958,0.008436294423895551,-0.00126605758388792,36.19453849093155,0.661010205745697,0.7116677761077881,-0.003851363389370319,-0.007095177293159109,5
2022-09-23,0.66454017162323,0.653069794178009,0.6606536,0.6581158,0.008290163569937331,-0.0012436060554005882,39.66584279426231,0.661010205745697,0.7116677761077881,-0.03697658256135126,-0.05321541355646259,1
2022-09-26,0.653069794178009,0.6476000547409058,0.6581158,0.6577221,0.00897840524758165,-0.0018493641907012803,32.11579243633102,0.653069794178009,0.7116677761077881,-0.01735274304609566,-0.06858748162685718,2
2022-09-27,0.6476000547409058,0.6438001394271851,0.6577221,0.65188324,0.008925250644569093,-0.0024299553562283412,33.3447669648787,0.6476000547409058,0.7116677761077881,0.0028629649246226284,-0.0634160475993138,3
2022-09-28,0.6438001394271851,0.6504995822906494,0.65188324,0.65322345,0.008769005162705453,-0.0028522341700610446,29.898843930635834,0.6438001394271851,0.7116677761077881,0.017599265856016143,-0.03701597703143894,4
2022-09-29,0.6504995822906494,0.6512998938560486,0.65322345,0.6559951,0.008847829854378134,-0.002476603986594006,34.3216896831844,0.6438001394271851,0.7116677761077881,0.017004246566302488,-0.016721466251386062,5
2022-09-30,0.6512998938560486,0.6420958042144775,0.65087503,0.6498327,0.00859919958475236,-0.001991375153147521,27.996183206106863,0.6438001394271851,0.7116677761077881,0.000581184279762811,0.02091054328462235,1
2022-10-03,0.6420958042144775,0.6501798629760742,0.6498327,0.6476631,0.008959299400484759,-0.002096807272560149,20.58337515725671,0.6420958042144775,0.7116677761077881,0.004637698966480462,0.04360948251906449,2
2022-10-04,0.6501798629760742,0.6514102220535278,0.6476631,0.6417658,0.009169612182495384,-0.0014588590175647967,33.56635234684016,0.6420958042144775,0.7116677761077881,0.01720224306202251,0.05868189465213416,3
2022-10-05,0.6514102220535278,0.651269793510437,0.6417658,0.63897693,0.008915459648456683,-0.0008224787148000175,33.88237956859305,0.6420958042144775,0.7116677761077881,0.0041132293482632675,0.044500313567666754,4
2022-10-06,0.651269793510437,0.6414409279823303,0.63897693,0.64516836,0.0086593377254932,-0.0003060471493285845,37.052843731768114,0.6420958042144775,0.7116677761077881,-0.016411392102800407,0.010174374078467156,5
2022-10-07,0.6414409279823303,0.6369832158088684,0.6516782,0.65427065,0.009096485549780445,-0.0005094651956921072,28.673683833839206,0.6414409279823303,0.7116677761077881,-0.01814931900831225,-0.008570600924277232,1
2022-10-10,0.6369832158088684,0.6294810771942139,0.65427065,0.65401435,0.008973174379493708,-0.0008094718894916236,26.395267817026166,0.6369832158088684,0.7116677761077881,0.011943086371317376,-0.0013013048970335777,2
2022-10-11,0.6294810771942139,0.6266409754753113,0.65401435,0.65092397,0.00912144719441443,-0.0013467348626105859,25.23227550151401,0.6294810771942139,0.7116677761077881,0.00706917560844575,-0.011370086166157839,3
2022-10-12,0.6266409754753113,0.6277306079864502,0.65092397,0.6507089,0.008915596464408513,-0.0017039514778661759,27.10473485931375,0.6266409754753113,0.7116677761077881,-0.009678647353026296,-0.024911552276031694,4
2022-10-13,0.6277306079864502,0.630099892616272,0.6507089,0.6496432,0.008669750785666983,-0.0016749225307687993,24.655056085705326,0.6266409754753113,0.7116677761077881,0.006655117764567944,-0.002158254229820148,5
2022-10-14,0.630099892616272,0.6223937273025513,0.62740767,0.6301306,0.008468812624252985,-0.0013198421974202849,31.918042309522235,0.6266409754753113,0.7116677761077881,-0.004914713560715287,0.011135562746811269,1
2022-10-17,0.6223937273025513,0.6298815608024597,0.6301306,0.63542014,0.008689473695475958,-0.0014189965596152106,30.832420790032856,0.6223937273025513,0.7116677761077881,0.001447980587636241,0.0005790806494070534,2
2022-10-18,0.6298815608024597,0.6316401362419128,0.63542014,0.6316744,0.008881852942755054,-0.0008247789049503976,39.97804323885402,0.6223937273025513,0.7116677761077881,-0.014281731075751121,-0.020557741820916364,3
2022-10-19,0.6316401362419128,0.6263701915740967,0.6316744,0.6289931,0.00865253004671083,-0.00019086700118838354,35.38017397282934,0.6223937273025513,0.7116677761077881,-0.01359559953264893,-0.024386666555919177,4
2022-10-20,0.6263701915740967,0.6274706721305847,0.6289931,0.6292195,0.00861663973511542,-1.3414929419988675e-05,31.92692835864493,0.6223937273025513,0.7116677761077881,0.026574235556435358,-0.004758470460401795,5
2022-10-21,0.6274706721305847,0.6371902227401733,0.6223327,0.62844485,0.008382032994132151,0.0002752108626015732,37.985712257198955,0.6223937273025513,0.7116677761077881,0.020648862969661265,0.02101144478272712,1
2022-10-24,0.6371902227401733,0.6329598426818848,0.62844485,0.62459123,0.008881480728605088,0.0011678096015799184,39.608466193779485,0.6223937273025513,0.7116677761077881,-0.012424278700876038,0.006945498083716214,2
2022-10-25,0.6329598426818848,0.6385700106620789,0.62459123,0.62707955,0.008756927798217294,0.0014992617220157996,35.91597614398057,0.6223937273025513,0.7116677761077881,-0.008369469804456653,0.01291645649461232,3
2022-10-26,0.6385700106620789,0.6493498086929321,0.62707955,0.6272421,0.008748481993710118,0.002086206411081407,41.052815461248194,0.6223937273025513,0.7116677761077881,0.05057572217400336,0.08004755459026167,4
2022-10-27,0.6493498086929321,0.6450905799865723,0.6272421,0.6279058,0.009332924611020126,0.003127679108197187,55.4982525958296,0.6223937273025513,0.7116677761077881,-0.001102673735418754,0.05056505065479429,5
2022-10-28,0.6450905799865723,0.6401310563087463,0.6585612,0.65545505,0.00918390067343028,0.003432561269540873,55.65183571743772,0.6223937273025513,0.7116677761077881,-0.04499098542763021,-0.01617937035703842,1
2022-10-31,0.6401310563087463,0.6409898996353149,0.65545505,0.65418315,0.009088412060377738,0.0032072656359699667,57.69722200922062,0.6223937273025513,0.7116677761077881,-0.015263035855571663,-0.0189682378767118,2
2022-11-01,0.6409898996353149,0.6396700143814087,0.65418315,0.6517838,0.008833187550404648,0.003025479783498949,60.676376750790965,0.6223937273025513,0.7116677761077881,0.027735406246531834,0.017098975529084716,3
2022-11-02,0.6396700143814087,0.6338501572608948,0.6517838,0.6557159,0.008592512266806787,0.002734557485153626,58.85323022906755,0.6223937273025513,0.7116677761077881,-0.0011403988240251282,-0.03416444057258297,4
2022-11-03,0.6338501572608948,0.6288517117500305,0.6557159,0.6588616,0.008600902184906436,0.0020970709030390233,52.645493969338354,0.6223937273025513,0.7116677761077881,-0.014076654119052961,-0.0466142358416485,5
2022-11-04,0.6288517117500305,0.6439315676689148,0.62731355,0.62520516,0.00854567323724197,0.0013234235631336515,54.736501580334775,0.6223937273025513,0.7116677761077881,0.07198753440505058,0.07169644101465344,1
2022-11-07,0.6439315676689148,0.6474796533584595,0.62520516,0.6202914,0.009933140764281397,0.001783323110738708,59.27215254602641,0.6223937273025513,0.7020002603530884,-0.023149192689883615,0.0632781125602481,2
2022-11-08,0.6474796533584595,0.65091872215271,0.6202914,0.6214529,0.009727628123527753,0.0022522820656102624,60.21192169027031,0.6223937273025513,0.7019400596618652,0.020723298470771447,0.055848371355531515,3
2022-11-09,0.65091872215271,0.6434178352355957,0.6214529,0.6235444,0.009525316724246417,0.002690245068122655,66.20939151023595,0.6223937273025513,0.6963981986045837,0.009668401989680267,0.06732272638763452,4
2022-11-10,0.6434178352355957,0.6606900691986084,0.6235444,0.6207068,0.009617591824271476,0.002381527635437398,59.70924768018696,0.6223937273025513,0.6963981986045837,0.014461307722984953,0.09822072766190723,5
2022-11-11,0.6606900691986084,0.6698821187019348,0.6382188,0.64097124,0.011167601948149829,0.0031965235663545862,63.10260163055544,0.6223937273025513,0.6963981986045837,0.040020823400885835,0.06366941121361316,1
2022-11-14,0.6698821187019348,0.669189989566803,0.64097124,0.6407636,0.011301479786658535,0.004150173810985795,69.50712355322999,0.6223937273025513,0.6963981986045837,-0.024597693190473145,0.06212980087137904,2
2022-11-15,0.669189989566803,0.6769499778747559,0.6407636,0.636464,0.010963360326057305,0.004500493696544602,67.06420860322206,0.6223937273025513,0.6963981986045837,-0.004028875090579742,0.03616247929078336,3
2022-11-16,0.6769499778747559,0.6739497780799866,0.636464,0.64423317,0.010969565125409952,0.004983430308250731,65.91703756257795,0.6223937273025513,0.6963981986045837,-0.013503933351268576,0.012428225905735614,4
2022-11-17,0.6739497780799866,0.6689200401306152,0.64423317,0.641808,0.010689636940556635,0.0048261238668212995,66.88836754070388,0.6223937273025513,0.6963981986045837,-0.02634723067351903,-0.02805582461738392,5
2022-11-18,0.6689200401306152,0.6682080030441284,0.6731131,0.6770343,0.01051241255109935,0.004135251650679319,66.83344474331906,0.6223937273025513,0.6907508373260498,-0.015707520511022276,-0.08073905535915317,1
2022-11-21,0.6682080030441284,0.6607800126075745,0.6770343,0.67750317,0.010204781903301178,0.0034122879141621903,65.94229208939112,0.6223937273025513,0.6907508373260498,-0.01679775910019108,-0.07354084428749706,2
2022-11-22,0.6607800126075745,0.66498202085495,0.67750317,0.67149335,0.010228349658173796,0.002270735040598237,61.538977815860896,0.6223937273025513,0.689398467540741,0.011967852886423014,-0.05860135630646501,3
2022-11-23,0.66498202085495,0.6743502020835876,0.67149335,0.6721233,0.010037545098957955,0.0016636845750424185,67.32344419148902,0.6223937273025513,0.689398467540741,0.0008296518546003267,-0.04501056896691484,4
2022-11-24,0.6743502020835876,0.6765598058700562,0.6721233,0.67251855,0.010267084242542877,0.0017493736691680216,74.14367443814112,0.6223937273025513,0.689398467540741,0.0,-0.01951484615233005,5
2022-11-25,0.6765598058700562,0.6711905002593994,0.66791236,0.66826206,0.009995567174827344,0.0018039356697270494,70.05319815341377,0.6223937273025513,0.689398467540741,0.0024847678648594,-0.0015143387245341122,1
2022-11-28,0.6711905002593994,0.665198802947998,0.66826206,0.66380906,0.00987101179737245,0.0013483477545415722,64.2535178565798,0.6223937273025513,0.689398467540741,-0.0044216719910320414,0.010919791024767169,2
2022-11-29,0.665198802947998,0.668408989906311,0.66380906,0.66316426,0.009797789750019346,0.0005540976851545788,58.328709748741204,0.6223937273025513,0.689398467540741,0.005386385951892888,0.004288302246022378,3
2022-11-30,0.668408989906311,0.6799598932266235,0.66316426,0.66280687,0.009578810107005458,0.00017519649567043945,65.3437918102426,0.6223937273025513,0.689398467540741,0.027041511441138335,0.03096060441992118,4
2022-12-01,0.6799598932266235,0.6811015009880066,0.66280687,0.6609278,0.01010720916255644,0.0006083762884579796,62.72506423659218,0.6223937273025513,0.689398467540741,0.02240428742869569,0.0543192317616381,5
2022-12-02,0.6811015009880066,0.6813009977340698,0.67866373,0.67485446,0.009820131818271136,0.0008621611705952152,58.29031746591029,0.6223937273025513,0.689398467540741,0.008875067017934285,0.061078220033170316,1
2022-12-05,0.6813009977340698,0.6707807779312134,0.67485446,0.67680615,0.009534735044789723,0.0009281126115529082,59.01479624658932,0.6223937273025513,0.689398467540741,-0.015319461924328762,0.04957759202194217,2
2022-12-06,0.6707807779312134,0.6698821187019348,0.67680615,0.6773444,0.009917298439614489,0.00018665378368361643,45.58921795575496,0.6223937273025513,0.6813009977340698,0.0057887476955071826,0.04999998686399055,3
2022-12-07,0.6698821187019348,0.6726998686790466,0.6773444,0.67673415,0.009632902934624139,-0.00040840556523370243,47.00165022591751,0.6223937273025513,0.6813009977340698,0.011477864376372472,0.033784669701573074,4
2022-12-08,0.6726998686790466,0.6776500344276428,0.67673415,0.6809821,0.00940505367267582,-0.0006424071703765655,52.88010427689694,0.6223937273025513,0.6813009977340698,0.006463335625930137,0.017435812484469817,5
2022-12-09,0.6776500344276428,0.6781408190727234,0.68307203,0.6801819,0.009290374174133422,-0.0005002880570505637,56.75803890551262,0.6223937273025513,0.6813009977340698,-0.001160356135408776,0.007276475459677466,1
2022-12-12,0.6781408190727234,0.6754000186920166,0.6801819,0.6748983,0.009023890070444537,-0.00041332090923799393,63.79581141913091,0.6223937273025513,0.6813009977340698,-0.020197407299658264,0.0023750001179665896,2
2022-12-13,0.6754000186920166,0.6842299699783325,0.6748983,0.67655724,0.008811118346484527,-0.0005707710713482271,58.47551732732561,0.6223937273025513,0.6813009977340698,0.010735868843074823,0.007346156997833926,3
2022-12-14,0.6842299699783325,0.6857798099517822,0.67655724,0.67667544,0.009070885643869674,-0.00013344422776557542,58.10865415566385,0.6223937273025513,0.6842299699783325,0.009203525932870658,0.005057714240165767,4
2022-12-15,0.6857798099517822,0.6705918908119202,0.67667544,0.675331,0.008826254392342503,0.00018945637451931764,57.65001216595551,0.6223937273025513,0.6857798099517822,-0.029329148152795206,-0.030279619736966037,5
2022-12-16,0.6705918908119202,0.6687487363815308,0.6882254,0.6852088,0.009987574864402667,-0.0006448866511312868,49.57290981818368,0.6223937273025513,0.6857798099517822,-0.000398732072796037,-0.029540776036496498,1
2022-12-19,0.6687487363815308,0.6707807779312134,0.6852088,0.68381757,0.009717589745347747,-0.001307728388065867,52.692140097238514,0.6223937273025513,0.6857798099517822,0.005699561054415408,-0.004080576126231864,2
2022-12-20,0.6707807779312134,0.6688498258590698,0.68381757,0.69229597,0.009464567940875435,-0.0015780426488148716,51.83140337635081,0.6223937273025513,0.6857798099517822,0.0038255842291201646,-0.010938938886725983,3
2022-12-21,0.6688498258590698,0.6716818809509277,0.69229597,0.6915552,0.009215103518860903,-0.0018374702880572802,39.92436625930827,0.6223937273025513,0.6857798099517822,0.002235839507275352,-0.01780645308956023,4
2022-12-22,0.6716818809509277,0.6678001284599304,0.6915552,0.68875444,0.009005684582902797,-0.0017683228218936314,41.711552481001114,0.6223937273025513,0.6857798099517822,-0.014423036346991203,-0.0030561042062156605,5
2022-12-23,0.6678001284599304,0.6712490320205688,0.6715865,0.6712853,0.008845730145924331,-0.0019212848195093108,38.843371689933136,0.6223937273025513,0.6857798099517822,0.013634490901053129,0.011032857332827783,1
2022-12-26,0.6712490320205688,0.674458920955658,0.6712853,0.6716806,0.008677102484538837,-0.0017332378651678092,50.43815519706945,0.6223937273025513,0.6857798099517822,0.0,0.005286804379288604,2
2022-12-27,0.674458920955658,0.6729927659034729,0.6716806,0.672264,0.008503477829643523,-0.0013526137935882298,54.10505291565358,0.6223937273025513,0.6857798099517822,0.007987978209936256,0.009479924778386864,3
2022-12-28,0.6729927659034729,0.6747100949287415,0.672264,0.67556536,0.008275731997244686,-0.0011665703812817878,50.269234899505356,0.6223937273025513,0.6857798099517822,-0.0003913355462330034,0.006831324994028573,4
2022-12-29,0.6747100949287415,0.6766000390052795,0.67556536,0.67132336,0.008063591111604132,-0.0009064176931533152,47.126806376900745,0.6223937273025513,0.6857798099517822,-0.0028746701664194908,0.018525978919132217,5
2022-12-30,0.6766000390052795,0.6823097467422485,0.6766351,0.6760556,0.00786297594043056,-0.000600370581884543,48.53428469691163,0.6223937273025513,0.6857798099517822,-0.004064797677231731,0.000657390806735002,1
2023-01-02,0.6823097467422485,0.6805600523948669,0.6760556,0.6751374,0.007888174990776806,-3.646447146284917e-05,56.22166263073832,0.6223937273025513,0.6857798099517822,0.0,0.000657390806735002,2
2023-01-03,0.6805600523948669,0.6727999448776245,0.6751374,0.671294,0.007686589497445769,0.00018354326935654964,46.2126235629179,0.6223937273025513,0.6857798099517822,-0.010433957899771593,-0.017607898169920345,3
2023-01-04,0.6727999448776245,0.6829108595848083,0.671294,0.6693878,0.007919910672134944,-0.0002075198541088034,38.12663843077044,0.6223937273025513,0.6857798099517822,-0.007061513953980213,-0.024138823323434276,4
2023-01-05,0.6829108595848083,0.6755697727203369,0.6693878,0.66930366,0.008434003912773793,0.00017986968635616898,62.422673100457054,0.6223937273025513,0.6857798099517822,0.020774820894930334,-0.0007851402520186023,5
2023-01-06,0.6755697727203369,0.689398467540741,0.68555033,0.6820875,0.00855569163717248,-7.928525304789786e-05,56.19187575343741,0.6223937273025513,0.6857798099517822,0.02342691166842184,0.02706606879185705,1
2023-01-09,0.689398467540741,0.6909699440002441,0.6820875,0.6795496,0.009527192784563961,0.0006210903011590239,63.91931287783653,0.6263701915740967,0.689398467540741,0.027755004194320008,0.05597157246120396,2
2023-01-10,0.6909699440002441,0.6895001530647278,0.6795496,0.6790852,0.00927003566692843,0.001102523504573797,66.62723950744726,0.6263701915740967,0.6909699440002441,0.0119969437033643,0.07992561796214906,3
2023-01-11,0.6895001530647278,0.6910998225212097,0.6790852,0.6795186,0.009018362417659149,0.0012248909057970296,63.67366280404747,0.6263701915740967,0.6909699440002441,0.021286480607387536,0.11097739183657855,4
2023-01-12,0.6910998225212097,0.6967815160751343,0.6795186,0.6787933,0.008780096527244085,0.0013088821343465026,68.5290660194911,0.6274706721305847,0.6910998225212097,0.007553507080328285,0.09638548574162632,5
2023-01-13,0.6967815160751343,0.6973500847816467,0.68738586,0.68778884,0.0087387121651091,0.001621938996746907,69.60834935457292,0.6288517117500305,0.6967815160751343,0.0051230495099683585,0.07649994323948066,1
2023-01-16,0.6973500847816467,0.6966398358345032,0.68778884,0.68826044,0.0084951867085313,0.0017321543930491762,68.3232409593258,0.6288517117500305,0.6973500847816467,0.0,0.047032508820924114,2
2023-01-17,0.6966398358345032,0.6988413333892822,0.68826044,0.6876923,0.008259615936488756,0.0016238959295513554,69.16016938020137,0.6288517117500305,0.6973500847816467,0.0017809851053655899,0.03639051967513167,3
2023-01-18,0.6988413333892822,0.6944000720977783,0.6876923,0.6874273,0.00806273841937984,0.001566497042896211,69.40025512086615,0.6288517117500305,0.6988413333892822,0.003197666423112939,0.01781198257515709,4
2023-01-19,0.6944000720977783,0.691399872303009,0.6874273,0.6877694,0.0079693707810766,0.0011164891836733934,63.74638543735172,0.6288517117500305,0.6988413333892822,-0.0004730585681476769,0.009675146986824212,5
2023-01-20,0.691399872303009,0.6982703804969788,0.69495183,0.69203,0.007808585424254918,0.0005334122555752047,57.32662165525047,0.6288517117500305,0.6988413333892822,0.005191713423161991,0.009744477613699455,1
2023-01-23,0.6982703804969788,0.702928364276886,0.69203,0.69220704,0.00792779848764456,0.0005262058387811739,63.18601633463094,0.6288517117500305,0.6988413333892822,0.0012938117847990998,0.011051742413415949,2
2023-01-24,0.702928364276886,0.7046719789505005,0.69220704,0.69312763,0.007859890185758823,0.0007379242054910713,73.5181330323336,0.6288517117500305,0.702928364276886,-0.002000141594498202,0.007236046037013875,3
2023-01-25,0.7046719789505005,0.7108199596405029,0.69312763,0.69703645,0.007664427155187943,0.0008880916521953452,69.53902603234,0.6288517117500305,0.7046719789505005,-0.0012964038611068427,0.0027196126392917664,4
2023-01-26,0.7108199596405029,0.7113898396492004,0.69703645,0.7000616,0.0077182274642827505,0.0012708603582293953,82.34366317963257,0.6288517117500305,0.7108199596405029,0.006347835431552937,0.009582435514727459,5
2023-01-27,0.7113898396492004,0.7107977271080017,0.70436716,0.7072454,0.007507818489696434,0.0014204757574648383,76.66631010786386,0.6434178352355957,0.7113898396492004,-0.010128509708496632,-0.005766716237829345,1
2023-01-30,0.7107977271080017,0.7058099508285522,0.7072454,0.7082109,0.007303289647625512,0.0013387188929817329,74.62772092802877,0.6434178352355957,0.7113898396492004,-0.004865078397412996,-0.011871271907578336,2
2023-01-31,0.7058099508285522,0.7051399946212769,0.7082109,0.7089168,0.007281398386285581,0.0008326560041030497,68.6299767561878,0.6434178352355957,0.7113898396492004,0.0059298314901479595,-0.0040042864239617434,3
2023-02-01,0.7051399946212769,0.7145000696182251,0.7089168,0.7104394,0.007084880090730716,0.00036083037050010664,66.38550009669014,0.6434178352355957,0.7113898396492004,-0.028180971315559473,-0.030424461567597743,4
2023-02-02,0.7145000696182251,0.7074687480926514,0.7104394,0.70869005,0.007535362393669622,0.0005744686186553299,69.0433361007759,0.6606900691986084,0.7145000696182251,-0.004143869067426235,-0.04054378431003555,5
2023-02-03,0.7074687480926514,0.6920798420906067,0.71333027,0.7111731,0.007664662220349754,0.00015917311530463333,59.548716379561526,0.6607800126075745,0.7145000696182251,-0.007600786928514156,-0.03811547722662296,1
2023-02-06,0.6920798420906067,0.6887801885604858,0.7111731,0.7129968,0.008971598289335924,-0.001162279706664054,46.630367565834334,0.6607800126075745,0.7145000696182251,-0.004811026420657321,-0.03806348406160235,2
2023-02-07,0.6887801885604858,0.6964598298072815,0.7129968,0.718127,0.008784198080228667,-0.002208264719616531,42.68399874482283,0.6607800126075745,0.7145000696182251,0.0110675198721468,-0.03310863666744213,3
2023-02-08,0.6964598298072815,0.6930001974105835,0.718127,0.71973217,0.00890879894131238,-0.002321053558778349,51.43039505676132,0.6607800126075745,0.7145000696182251,-0.011067519872146717,-0.016419390279435155,4
2023-02-09,0.6930001974105835,0.6939384341239929,0.71973217,0.71701586,0.008730029455925431,-0.002548612807890851,51.104296345774024,0.6607800126075745,0.7145000696182251,0.015216951712487221,0.0028090764453617277,5
2023-02-10,0.6939384341239929,0.6913477778434753,0.69608307,0.6945386,0.008492595479412971,-0.0025497083581224114,46.74420813271525,0.6607800126075745,0.7145000696182251,-0.01918171810292671,-0.00873739793860361,1
2023-02-13,0.6913477778434753,0.6970000863075256,0.6945386,0.6868969,0.00829880976882893,-0.0026281978243066165,41.01715289657404,0.6607800126075745,0.7145000696182251,0.014665304492188851,0.010757993611667398,2
2023-02-14,0.6970000863075256,0.6987583041191101,0.6868969,0.68356454,0.008283165864205147,-0.0022190448027246084,44.3892776717549,0.66498202085495,0.7145000696182251,0.005611882545715784,0.005258679345935938,3
2023-02-15,0.6987583041191101,0.690689742565155,0.68356454,0.6851005,0.00807640224073511,-0.0017691495106627792,40.573646400758726,0.665198802947998,0.7145000696182251,-0.014212463309734498,0.002102163792357256,4
2023-02-16,0.690689742565155,0.6862400770187378,0.6851005,0.68630487,0.008279918573298383,-0.001940391859763062,35.51976090448021,0.665198802947998,0.7145000696182251,0.027625758127863238,0.014614526743646643,5
2023-02-17,0.6862400770187378,0.686940610408783,0.6935056,0.6966913,0.008180837270189093,-0.002256602407654226,33.70095062524477,0.665198802947998,0.7145000696182251,-0.012440602597921168,0.0214772657311858,1
2023-02-20,0.686940610408783,0.6909002065658569,0.6966913,0.69579023,0.007959917323874233,-0.0023132830169410807,36.72059108523067,0.665198802947998,0.7145000696182251,0.0,0.006606300737598383,2
2023-02-21,0.6909002065658569,0.686190128326416,0.69579023,0.69690907,0.007854834714146637,-0.0019910657854905712,40.42214040129316,0.6678001284599304,0.7145000696182251,0.028869487950406024,0.030291920626919024,3
2023-02-22,0.686190128326416,0.6812916994094849,0.69690907,0.6930296,0.007793172021586331,-0.0019969942120172633,29.687791343142138,0.6678001284599304,0.7145000696182251,-0.007585686633612644,0.03714210735661347,4
2023-02-23,0.6812916994094849,0.6810133457183838,0.6930296,0.69450426,0.007749672729507713,-0.0022157557482677752,30.625126834131834,0.6678001284599304,0.7145000696182251,-0.031299737103105005,-0.02220626723462047,5
2023-02-24,0.6810133457183838,0.6735684871673584,0.6828954,0.6816253,0.00753939438231243,-0.0022565565500882357,39.44913775761288,0.6678001284599304,0.7145000696182251,-0.0293992354981824,-0.038648499255246056,1
2023-02-27,0.6735684871673584,0.6743001937866211,0.6816253,0.6820626,0.007742782775305657,-0.0026358826148548484,36.55943425440435,0.6678001284599304,0.7145000696182251,0.013561207960721376,-0.025522611343045405,2
2023-02-28,0.6743001937866211,0.6730788350105286,0.6820626,0.680925,0.00753739460064294,-0.002679687860106157,27.680032659530397,0.6678001284599304,0.7145000696182251,0.02183520450674725,-0.03235330880738346,3
2023-03-01,0.6730788350105286,0.6759798526763916,0.680925,0.6773851,0.007344273188351818,-0.0026294313325992444,28.987039833618965,0.6678001284599304,0.7145000696182251,0.01705936313808211,-0.008209315009926495,4
2023-03-02,0.6759798526763916,0.6735000014305115,0.6773851,0.6778384,0.007216409000644802,-0.0022537797986349273,31.81053666146269,0.6678001284599304,0.7145000696182251,-0.020359430144531593,0.002700750436095859,5
2023-03-03,0.6735000014305115,0.6754611730575562,0.6769647,0.6794486,0.007070302925694761,-0.002032126915919792,31.88209895516934,0.6678001284599304,0.7145000696182251,-0.001470238400068026,0.031099910829641097,1
2023-03-06,0.6754611730575562,0.6733099818229675,0.6794486,0.67768335,0.006915427670653625,-0.001630569481724629,26.363799290187288,0.6678001284599304,0.7145000696182251,0.005502254552679114,0.02282371820718736,2
2023-03-07,0.6733099818229675,0.6591001749038696,0.67768335,0.6759725,0.00676853413554939,-0.001396026657155723,22.312521075977273,0.6678001284599304,0.7145000696182251,-0.028195284362454855,-0.027089646552807715,3
2023-03-08,0.6591001749038696,0.6594000458717346,0.6759725,0.67602146,0.008166689481889828,-0.0020448313314389193,19.682330476527156,0.6591001749038696,0.7145000696182251,0.013702273664630739,-0.030350317414737333,4
2023-03-09,0.6594000458717346,0.6591001749038696,0.67602146,0.67541957,0.007946545773151131,-0.002282655361869038,22.01121040835075,0.6591001749038696,0.7145000696182251,0.0032114679606452434,-0.007223312152376789,5
2023-03-10,0.6591001749038696,0.6634203791618347,0.6576144,0.65863323,0.007733457124217131,-0.0022834890540177465,20.723346483492108,0.6591001749038696,0.7145000696182251,-0.0022222975731185043,-0.007969658283858653,1
2023-03-13,0.6634203791618347,0.6659198999404907,0.65863323,0.65861577,0.007673827965783463,-0.0018356911488467504,21.320072310232305,0.6591001749038696,0.7145000696182251,0.00591503105341583,-0.007560086945883955,2
2023-03-14,0.6659198999404907,0.6689097881317139,0.65861577,0.6569479,0.007519792415910786,-0.001242181810804606,27.82115428762235,0.6591001749038696,0.7145000696182251,-0.014604223875148894,0.006020300835024324,3
2023-03-15,0.6689097881317139,0.6618300080299377,0.6569479,0.6548416,0.007392670741435582,-0.0005543308234695005,35.86174134147869,0.6591001749038696,0.7145000696182251,-0.03915589726406634,-0.04577512730602055,4
2023-03-16,0.6618300080299377,0.6663401126861572,0.6548416,0.65576845,0.007579579237701537,-0.00048476587723675357,31.040422451078683,0.6591001749038696,0.7145000696182251,0.00749165073918125,-0.04168211727218339,5
2023-03-17,0.6663401126861572,0.6713212132453918,0.6620239,0.6613823,0.007539648222213881,-6.563310414457908e-05,42.41598751256998,0.6591001749038696,0.7145000696182251,0.00718046840986544,-0.03262878198893262,1
2023-03-20,0.6713212132453918,0.6716899871826172,0.6613823,0.6624994,0.0075336901854329095,0.0005808378273380313,47.130338521181834,0.6591001749038696,0.7145000696182251,0.015718420931151944,-0.02309862719641554,2
2023-03-21,0.6716899871826172,0.667789876461029,0.6624994,0.66596884,0.007335647774020242,0.0010402390810763775,48.639775461668414,0.6591001749038696,0.7145000696182251,0.010758108421719634,0.0019947380861452912,3
2023-03-22,0.667789876461029,0.6699314713478088,0.66596884,0.6665,0.007258340338401194,0.0010835049507838517,42.13277604420143,0.6591001749038696,0.7145000696182251,0.012365729819804586,0.05497216038767177,4
2023-03-23,0.6699314713478088,0.6681597828865051,0.6665,0.66551226,0.007106751116392164,0.0012467751657262213,46.549677270631626,0.6591001749038696,0.7145000696182251,0.018869600463035117,0.06704412747205492,5
2023-03-24,0.6681597828865051,0.665530800819397,0.6695136,0.66821873,0.006945107672930753,0.0012241246310019712,42.91450577901278,0.6591001749038696,0.7145000696182251,-0.010791223100072961,0.048038829786683154,1
2023-03-27,0.665530800819397,0.6660095453262329,0.66821873,0.67144775,0.006820220704057757,0.0010286294479516164,42.520204897316376,0.6591001749038696,0.7145000696182251,0.0007311193639447331,0.0324486747873515,2
2023-03-28,0.6660095453262329,0.6706907749176025,0.67144775,0.66759044,0.006646243067020396,0.0009310301635744476,59.027081243731196,0.6591001749038696,0.7145000696182251,0.0018256371744921763,0.023267423364606306,3
2023-03-29,0.6706907749176025,0.6682482361793518,0.66759044,0.6681459,0.0066714280700362096,0.0011659772219419964,63.235999021765714,0.6591001749038696,0.7145000696182251,0.000729253137918563,0.011429206999362302,4
2023-03-30,0.6682482361793518,0.6716818809509277,0.6681459,0.6718756,0.0065494344835324925,0.0011397618221009086,60.211197794345615,0.6591001749038696,0.7145000696182251,-0.005971596378464641,-0.013386404183101578,5
2023-03-31,0.6716818809509277,0.6658897995948792,0.66567945,0.6656017,0.006490114223146668,0.0013236356636093603,59.40780480255861,0.6591001749038696,0.7145000696182251,0.003416706066053802,0.0007313866968537584,1
2023-04-03,0.6658897995948792,0.6788502335548401,0.6656017,0.66489273,0.006615132214847661,0.001037769278973662,49.968114218028035,0.6591001749038696,0.7145000696182251,-0.011024021312221891,-0.010963479465040846,2
2023-04-04,0.6788502335548401,0.6758081316947937,0.66489273,0.66259784,0.007781057988067757,0.0016668408412923758,58.69363729152483,0.6591001749038696,0.7145000696182251,-0.01889903608714559,-0.03124999637617685,3
2023-04-05,0.6758081316947937,0.6716683506965637,0.66259784,0.6643549,0.007638813951757072,0.0018113572940445387,63.15386807205533,0.6591001749038696,0.7145000696182251,0.003633381905590772,-0.02843253246316824,4
2023-04-06,0.6716683506965637,0.6676012873649597,0.6643549,0.66233766,0.007560398281699341,0.001570408432364146,55.049236737372816,0.6591001749038696,0.7145000696182251,0.006979120201193603,-0.015768208523734242,5
2023-04-07,0.6676012873649597,0.6673500537872314,0.6770089,0.6785154,0.007482927504121142,0.0011015497099040867,46.41271534628994,0.6591001749038696,0.7145000696182251,0.0,-0.01912530089128879,1
2023-04-10,0.6673500537872314,0.6648299694061279,0.6785154,0.67765903,0.007287275082872771,0.0007554265368473032,45.80530610457814,0.6591001749038696,0.7145000696182251,-0.009859673722404379,-0.017982556652820742,2
2023-04-11,0.6648299694061279,0.6654002070426941,0.67765903,0.67844623,0.007146013355238198,0.0003578614493401663,47.060738464379526,0.6591001749038696,0.7145000696182251,0.009486993831041722,0.010292428601610957,3
2023-04-12,0.6654002070426941,0.6699000597000122,0.67844623,0.67829305,0.0069647534830971514,0.00014529607826425928,45.35539290558291,0.6591001749038696,0.7145000696182251,0.014798628628832805,0.021635800762927544,4
2023-04-13,0.6699000597000122,0.6783998608589172,0.67829305,0.67600876,0.0069567554323006495,0.0003102756645812499,51.68932641024069,0.6591001749038696,0.7145000696182251,0.009624302089538152,0.024341790619454812,5
2023-04-14,0.6783998608589172,0.6705199480056763,0.6672242,0.66144145,0.007351175302595838,0.0009578048011606112,61.214118839836,0.6591001749038696,0.7145000696182251,-0.004008994226112893,0.02024343093453213,1
2023-04-17,0.6705199480056763,0.6700401306152344,0.66144145,0.66224724,0.007616698603274522,0.0008263439868330738,53.481323631706225,0.6591001749038696,0.7145000696182251,-0.010154878050209506,0.01994229510879201,2
2023-04-18,0.6700401306152344,0.6735698580741882,0.66224724,0.6556774,0.007417715787872763,0.0006838921553013189,49.46297498868489,0.6591001749038696,0.7145000696182251,0.005762989613076451,0.016151089314345217,3
2023-04-19,0.6735698580741882,0.6705514192581177,0.6556774,0.6582188,0.007322663524638085,0.0007963399842181973,54.314891066906384,0.6591001749038696,0.7145000696182251,-0.004288415260551209,-0.003060303529715846,4
2023-04-20,0.6705514192581177,0.6743178963661194,0.6582188,0.6616237,0.0072003155613464985,0.0006429555872054494,49.07718267754234,0.6591001749038696,0.7145000696182251,-0.012355035239129451,-0.024733325586464024,5
2023-04-21,0.6743178963661194,0.6693485379219055,0.6710676,0.67096037,0.007128975277202992,0.0007625254221870642,57.11532461781549,0.6591001749038696,0.7145000696182251,-0.010497426478094585,-0.03104079241685562,1
2023-04-24,0.6693485379219055,0.6703805327415466,0.67096037,0.67004853,0.007135427405067514,0.0004876710673330629,40.72713777482019,0.6591001749038696,0.7145000696182251,-0.006807022403893281,-0.027791420683896603,2
2023-04-25,0.6703805327415466,0.663640022277832,0.67004853,0.6702989,0.006961227843866534,0.00036188843504875027,44.486812183503304,0.6591001749038696,0.7145000696182251,-0.027441165924599584,-0.059542730708092136,3
2023-04-26,0.663640022277832,0.6608380675315857,0.6702989,0.67111874,0.007144104949618655,-0.00016071314223791268,42.25431325484116,0.6591001749038696,0.7145000696182251,0.0010394877687441904,-0.05451869366760972,4
2023-04-27,0.6608380675315857,0.6630398035049438,0.67111874,0.6695773,0.00702140834589464,-0.0006529217858875756,43.31161007537907,0.6591001749038696,0.7074687480926514,0.003759195881210624,-0.0391595715104606,5
2023-04-28,0.6630398035049438,0.6612401008605957,0.6556849,0.65420705,0.0068842461831442455,-0.0007794663440922923,45.89577397641236,0.6591001749038696,0.6987583041191101,0.0014221580602516819,-0.027638224368655026,1
2023-05-01,0.6612401008605957,0.6622801423072815,0.65420705,0.65324336,0.006734609395971162,-0.0009237719658085535,46.534174872595194,0.6591001749038696,0.6987583041191101,0.01207159133459514,-0.00910701055555569,2
2023-05-02,0.6622801423072815,0.6673001646995544,0.65324336,0.65227854,0.006574799309145401,-0.0008883138420007362,47.01482493618594,0.6591001749038696,0.6987583041191101,-0.017772523114037694,0.0005200451073577131,3
2023-05-03,0.6673001646995544,0.6641517877578735,0.65227854,0.6503354,0.006634624906410904,-0.00048602432562338095,47.53702174946611,0.6591001749038696,0.6987583041191101,-0.004297160324024852,-0.004805156281834185,4
2023-05-04,0.6641517877578735,0.6696098446846008,0.6503354,0.6487642,0.006550538938567012,-0.0003950810951606795,34.9792826792642,0.6591001749038696,0.6987583041191101,0.004816738162005003,-0.0037521389499391854,5
2023-05-05,0.6696098446846008,0.6747683882713318,0.66254324,0.6614772,0.006649971930516712,4.6091893668662566e-05,48.98891374280042,0.6591001749038696,0.6987583041191101,0.005568909257022228,0.00038763042482372424,1
2023-05-08,0.6747683882713318,0.6780994534492493,0.6614772,0.6619818,0.006711390943177164,0.000664435798496042,54.75824011036799,0.6591001749038696,0.6987583041191101,0.011939282355043677,0.00025527891412603583,2
2023-05-09,0.6780994534492493,0.6766906976699829,0.6619818,0.6623376,0.00663736684882834,0.0012432726055301468,54.57661741998116,0.6591001749038696,0.6987583041191101,-0.007429275661692721,0.010654856768553432,3
2023-05-10,0.6766906976699829,0.6781914234161377,0.6623376,0.6632132,0.006485989009778588,0.0014616855769822327,56.4115652186904,0.6591001749038696,0.6909002065658569,-0.015809547951148546,-0.0009134763649813484,4
2023-05-11,0.6781914234161377,0.669989824295044,0.6632132,0.6634546,0.00634505665608365,0.0016250871387622845,54.24627853579937,0.6591001749038696,0.6909002065658569,-0.03468557850457871,-0.03961036829788316,5
2023-05-12,0.669989824295044,0.6646903157234192,0.67961144,0.68105745,0.006753654355010913,0.0011225592258927559,50.65647610412337,0.6591001749038696,0.6909002065658569,0.005125463963486874,-0.040036154146678875,1
2023-05-15,0.6646903157234192,0.6703001260757446,0.68105745,0.6797842,0.006813113674335741,0.0004116290625995816,44.643049532685104,0.6591001749038696,0.6909002065658569,0.005634548971556217,-0.04606943116600621,2
2023-05-16,0.6703001260757446,0.6657789945602417,0.6797842,0.67965615,0.006906783349839796,0.0003026136017501177,56.40642236130255,0.6591001749038696,0.686190128326416,-0.02245763893263928,-0.06029826048232537,3
2023-05-17,0.6657789945602417,0.6655617952346802,0.67965615,0.6788354,0.006894715274220966,-7.064137392401659e-05,54.600569861286395,0.6591001749038696,0.6812916994094849,0.02392815004955149,-0.022204816254516438,4
2023-05-18,0.6655617952346802,0.6629980802536011,0.6788354,0.67698026,0.0067199246507294134,-0.0003151220121486526,52.43837782639063,0.6591001749038696,0.6810133457183838,-0.01656717064687948,-0.004327256921215604,5
2023-05-19,0.6629980802536011,0.666100025177002,0.6629114,0.66341144,0.006604737746739392,-0.0006151042318310496,51.67495036595173,0.6591001749038696,0.6788502335548401,0.011075242204644457,0.0016144334429831172,1
2023-05-22,0.666100025177002,0.6649687886238098,0.66341144,0.6585836,0.006526843382533323,-0.0005711770778174117,53.50188025183681,0.6591001749038696,0.6788502335548401,-0.013114515091443305,-0.016989947379504006,2
2023-05-23,0.6649687886238098,0.6613581776618958,0.6585836,0.6591756,0.006374475749874739,-0.0005828468492572128,47.698618724067245,0.6591001749038696,0.6788502335548401,-0.00888530991358293,-0.0035572612989332613,3
2023-05-24,0.6613581776618958,0.6545102000236511,0.6591756,0.6623324,0.006331176767561595,-0.000785651404404293,47.26726985863198,0.6591001749038696,0.6788502335548401,-0.024462668056277986,-0.05062786318863031,4
2023-05-25,0.6545102000236511,0.6498485803604126,0.6623324,0.6606848,0.006591519145040525,-0.0013024347089163834,35.62043348152051,0.6545102000236511,0.6788502335548401,0.0075694084632956645,-0.027434489127555722,5
2023-05-26,0.6498485803604126,0.6526989340782166,0.6525539,0.6522068,0.006616881046628017,-0.0018464264055938215,26.041825448035652,0.6498485803604126,0.6788502335548401,0.02564247865789359,-0.01316320313384186,1
2023-05-29,0.6526989340782166,0.6528502106666565,0.6522068,0.6525352,0.006528561832949715,-0.0018953498806123076,25.351835699726763,0.6498485803604126,0.6788502335548401,0.0,-0.000136081588732107,2
2023-05-30,0.6528502106666565,0.6517800092697144,0.6525352,0.6552303,0.00636670419769738,-0.0017993384470493907,26.28695150047014,0.6498485803604126,0.6788502335548401,-0.0042283548101820076,0.0045310987786865466,3
2023-05-31,0.6517800092697144,0.6506401300430298,0.6552303,0.6561366,0.006219382618047612,-0.0016913685137844936,23.50283323725762,0.6498485803604126,0.6788502335548401,-0.007408443894296499,0.021809513515384894,4
2023-06-01,0.6506401300430298,0.657799482345581,0.6561366,0.6542248,0.006078606306435225,-0.0015821548922370595,27.382780386528637,0.6498485803604126,0.6788502335548401,0.02057994553461066,0.035190663287100125,5
2023-06-02,0.657799482345581,0.6599997878074646,0.65213513,0.6531697,0.00642474163822425,-0.0009446432907625328,42.28113445136892,0.6498485803604126,0.6788502335548401,0.0043074591099826285,0.013338784260622932,1
2023-06-05,0.6599997878074646,0.6613494157791138,0.6531697,0.65109056,0.006312949795295175,-0.0003237459128821881,37.50771681912354,0.6498485803604126,0.6788502335548401,0.010688134115109844,0.024227571844242925,2
2023-06-06,0.6613494157791138,0.6679089665412903,0.65109056,0.6506789,0.006176707147796159,0.00020063915732101327,44.18007649633024,0.6498485803604126,0.6788502335548401,0.0011952753285475503,0.029797694861238944,3
2023-06-07,0.6679089665412903,0.665860116481781,0.6506789,0.65126514,0.006423616482423285,0.0009690708548782019,52.64335070999061,0.6498485803604126,0.6788502335548401,-0.0033238208879205174,0.03401263257313856,4
2023-06-08,0.665860116481781,0.671259880065918,0.65126514,0.64900726,0.00630062394545424,0.0012986070529858256,53.26100096301297,0.6498485803604126,0.6788502335548401,0.011124483941375437,0.02428164383448844,5
2023-06-09,0.671259880065918,0.6744998693466187,0.6637323,0.6647637,0.006410562994324016,0.0018081705560824735,55.58660371562582,0.6498485803604126,0.6788502335548401,-0.00197744003290699,0.017864324235938003,1
2023-06-12,0.6744998693466187,0.6753101944923401,0.6647637,0.66228664,0.006347482280079536,0.002261906588520427,59.86871745245698,0.6498485803604126,0.6788502335548401,-0.010212986332559824,-0.0031893910355502535,2
2023-06-13,0.6753101944923401,0.6769289374351501,0.66228664,0.66324466,0.006198482869491963,0.002496654619715771,65.33556959039808,0.6498485803604126,0.6788502335548401,0.020583935275454008,0.01632600826471336,3
2023-06-14,0.6769289374351501,0.6796895265579224,0.66324466,0.66142756,0.006073099600439626,0.0026277402888360817,77.84255782828582,0.6498485803604126,0.6788502335548401,0.009747274464701498,0.029697703396231304,4
2023-06-15,0.6796895265579224,0.688029944896698,0.66142756,0.66003543,0.005998710399836419,0.0027538614742862,88.89712440603275,0.6498485803604126,0.6796895265579224,0.007858378187557228,0.026340087950802935,5
2023-06-16,0.688029944896698,0.6875999569892883,0.6821566,0.6837168,0.006463584682895971,0.0032200745943213064,90.28725148233835,0.6498485803604126,0.688029944896698,-0.003084460410103486,0.0252045372143775,1
2023-06-19,0.6875999569892883,0.6851379871368408,0.6837168,0.684029,0.006305471929159935,0.003307965049427899,89.37417774043747,0.6498485803604126,0.688029944896698,0.0,0.035728586651725215,2
2023-06-20,0.6851379871368408,0.6788820624351501,0.684029,0.6829934,0.006201191239448056,0.0030169069624641246,86.64153423911335,0.6498485803604126,0.688029944896698,-0.0015458052679607943,0.01305993258268679,3
2023-06-21,0.6788820624351501,0.6798702478408813,0.6829934,0.68394995,0.0063811170536752955,0.002254591540319841,77.88753897784751,0.6498485803604126,0.688029944896698,0.008344622172603903,0.01163995784443688,4
2023-06-22,0.6798702478408813,0.6760699152946472,0.68394995,0.6837217,0.0062342057224125105,0.0016940264976678075,74.81856227864867,0.6498485803604126,0.688029944896698,-0.005769626410965113,-0.0020531592954239016,5
2023-06-23,0.6760699152946472,0.6680517792701721,0.68118775,0.67853075,0.0062060944279047035,0.000979847372254824,67.44316343827232,0.6498485803604126,0.688029944896698,-0.021444705405699288,-0.02020852925352061,1
2023-06-26,0.6680517792701721,0.6674498319625854,0.67853075,0.6772437,0.006605159976879679,-6.457926914173445e-05,56.355027472310105,0.6498485803604126,0.688029944896698,-0.005136663843470601,-0.025228484725805553,2
2023-06-27,0.6674498319625854,0.668140172958374,0.6772437,0.6762862,0.006443693757669297,-0.0007878170576637224,49.5092111315987,0.6498485803604126,0.688029944896698,-0.0013213204804728195,-0.025009638786476784,3
2023-06-28,0.668140172958374,0.6600616574287415,0.6762862,0.67572063,0.006290431553124935,-0.0011875601607642607,52.51015466589673,0.6498485803604126,0.688029944896698,-0.016262717242044696,-0.04870877533380267,4
2023-06-29,0.6600616574287415,0.6619710922241211,0.67572063,0.67439336,0.006699644051491089,-0.001920489116147101,38.35832382170436,0.6498485803604126,0.688029944896698,-0.011624889717818434,-0.05426256063088443,5
2023-06-30,0.6619710922241211,0.6658321619033813,0.66208977,0.66402,0.006566101603224775,-0.002182046322669016,36.604493591508366,0.6498485803604126,0.688029944896698,0.017119762454237415,-0.017078312485071433,1
2023-07-03,0.6658321619033813,0.6674097180366516,0.66402,0.6623714,0.006537174901217897,-0.0020049234841583437,40.486882109487446,0.6498485803604126,0.688029944896698,0.010106497435022531,-0.0019807033640914067,2
2023-07-04,0.6674097180366516,0.6692701578140259,0.6623714,0.662178,0.0063992140574615775,-0.0017032884375686615,40.43763681389478,0.6498485803604126,0.688029944896698,0.0,-0.0006611284288313783,3
2023-07-05,0.6692701578140259,0.6656903028488159,0.662178,0.6597908,0.006275346149507759,-0.0013174886465399458,39.340637629973635,0.6498485803604126,0.688029944896698,-0.006770702010279596,0.008869773535351826,4
2023-07-06,0.6656903028488159,0.6628398895263672,0.6597908,0.6548782,0.006234405217848231,-0.0012433443646136695,24.67947115611973,0.6498485803604126,0.688029944896698,-0.008965057989726697,0.011556769262616557,5
2023-07-07,0.6628398895263672,0.6688382029533386,0.6613134,0.659925,0.006154873253477819,-0.0013190413889565683,23.395793332505036,0.6498485803604126,0.688029944896698,0.012555242100977429,0.006950019600544154,1
2023-07-10,0.6688382029533386,0.667900025844574,0.659925,0.6585451,0.0063383782318464236,-0.0009169764470121077,33.72315464803587,0.6498485803604126,0.688029944896698,0.0011939115667481735,-0.001984634335997325,2
2023-07-11,0.667900025844574,0.6693798899650574,0.6585451,0.6580124,0.006191025616463317,-0.0006771171152995857,37.73031301526586,0.6498485803604126,0.688029944896698,-0.004784095677998842,-0.0067478324508565305,3
2023-07-12,0.6693798899650574,0.6792786121368408,0.6580124,0.65927386,0.006063494875238746,-0.00039564191101487006,38.4070085301189,0.6498485803604126,0.688029944896698,0.023304332366448292,0.023578000066059764,4
2023-07-13,0.6792786121368408,0.6888617873191833,0.65927386,0.66077584,0.006767130823898269,0.0004353355214322506,53.124778700447756,0.6498485803604126,0.688029944896698,0.0225191512031186,0.056317223864340855,5
2023-07-14,0.6888617873191833,0.6837793588638306,0.68451357,0.68514466,0.007306692010088803,0.0015460394053269022,69.66628588423764,0.6498485803604126,0.6888617873191833,-0.0019105072686509909,0.041146794010585866,1
2023-07-17,0.6837793588638306,0.6810500025749207,0.68514466,0.6843984,0.007303554184947041,0.0018343971776720804,64.22722513959053,0.6498485803604126,0.6888617873191833,-0.02321484567832466,0.01604133760183599,2
2023-07-18,0.6810500025749207,0.6814821362495422,0.6843984,0.68458027,0.007168428762963319,0.0017381947541031677,60.86186404553547,0.6498485803604126,0.6888617873191833,-0.004184115000889452,0.016651125683782075,3
2023-07-19,0.6814821362495422,0.6769999265670776,0.68458027,0.68492514,0.006986745157869547,0.0016037977461250243,70.68374887768493,0.6498485803604126,0.6888617873191833,-0.004333273471702537,-0.011061951845156256,4
2023-07-20,0.6769999265670776,0.6778190732002258,0.68492514,0.681609,0.0069626504158097095,0.0011352291341046516,63.825029827701165,0.6498485803604126,0.6888617873191833,0.004726311972921368,-0.028502350329623765,5
2023-07-21,0.6778190732002258,0.6725800037384033,0.6805692,0.68409836,0.0067929198720524785,0.0008175041338628723,61.680464739699076,0.6498485803604126,0.6888617873191833,-0.0038055661640326076,-0.030341652249292708,1
2023-07-24,0.6725800037384033,0.6733009219169617,0.68409836,0.68144095,0.006839270344650031,0.00022249620131716517,54.702542234134484,0.6498485803604126,0.6888617873191833,0.009812374827090159,0.0022181887119131455,2
2023-07-25,0.6733009219169617,0.6787599325180054,0.68144095,0.68159443,0.006672919391968149,-0.00013527062856336265,53.74371250059512,0.6498485803604126,0.6888617873191833,0.015886632740097148,0.022536678724215796,3
2023-07-26,0.6787599325180054,0.6759999394416809,0.68159443,0.68189794,0.006755061977069493,-2.2902304533124838e-05,61.72943849844015,0.6498485803604126,0.6888617873191833,-0.002951527767644946,0.023950540961372488,4
2023-07-27,0.6759999394416809,0.6711859703063965,0.68189794,0.68044996,0.006646133874402449,-0.000146218321902457,61.82978618525039,0.6498485803604126,0.6888617873191833,-0.006964162724217499,0.012049771430441484,5
2023-07-28,0.6711859703063965,0.6660805344581604,0.6794679,0.6801176,0.006668572728944013,-0.0005415389815836037,52.15636123553493,0.6498485803604126,0.6888617873191833,0.013752529805071608,0.029976356249394237,1
2023-07-31,0.6660805344581604,0.6716818809509277,0.6801176,0.6786123,0.00671575835180009,-0.001103989967063604,48.44767685479376,0.6498485803604126,0.6888617873191833,0.019592326557728506,0.04009889357765986,2
2023-08-01,0.6716818809509277,0.6617608070373535,0.6786123,0.68002063,0.006813275815472907,-0.0010559123403803229,51.83493081891289,0.6498485803604126,0.6888617873191833,-0.02560987630344337,-0.002178334410962627,3
2023-08-02,0.6617608070373535,0.6544999480247498,0.68002063,0.6799049,0.007413599386958469,-0.0016158854854487945,36.04142642468639,0.6498485803604126,0.6888617873191833,-0.01709664310155804,-0.01619328175002482,4
2023-08-03,0.6544999480247498,0.6561206579208374,0.6799049,0.6813765,0.007623569800552129,-0.0023541667266597493,21.56745538550163,0.6498485803604126,0.6888617873191833,0.012591799371307437,0.003235358841086416,5
2023-08-04,0.6561206579208374,0.657371461391449,0.6532525,0.65201014,0.007446200685769967,-0.0025933395045574003,25.723173572120643,0.6498485803604126,0.6888617873191833,-0.008030064930524057,-0.01838142090532226,1
2023-08-07,0.657371461391449,0.6572591066360474,0.65201014,0.6474893,0.007266988562493622,-0.0025248387533519244,28.662859647313596,0.6498485803604126,0.6888617873191833,-0.008357339027301281,-0.045437466914907694,2
2023-08-08,0.6572591066360474,0.6531601548194885,0.6474893,0.64811623,0.007080733189504833,-0.0023483240724583637,28.045685416299776,0.6498485803604126,0.6888617873191833,-0.01719393193101052,-0.037370021768439385,3
2023-08-09,0.6531601548194885,0.6536802053451538,0.64811623,0.64715147,0.007035740737999172,-0.0023624245497101894,28.24188868228964,0.6498485803604126,0.6888617873191833,0.005189291827776515,-0.015676075650851443,4
2023-08-10,0.6536802053451538,0.6512498259544373,0.64715147,0.6492611,0.006860687318697525,-0.002195101362873636,27.847968327281833,0.6498485803604126,0.6888617873191833,-0.004389179490860506,-0.032249742605117926,5
2023-08-11,0.6512498259544373,0.6495404839515686,0.6471425,0.6499493,0.006737215001194936,-0.0021061231605812615,29.36156322486063,0.6498485803604126,0.6888617873191833,-0.009778385518049592,-0.03394020214050885,1
2023-08-14,0.6495404839515686,0.6488400101661682,0.6499493,0.6514115,0.006593628543560416,-0.002020099258874655,27.44159989134863,0.6495404839515686,0.6888617873191833,0.0026885324997722154,-0.023210077033650276,2
2023-08-15,0.6488400101661682,0.6457903981208801,0.6514115,0.6554108,0.006434569910114167,-0.001871448743042469,18.772092444555042,0.6488400101661682,0.6888617873191833,-0.017059705490878745,-0.02307895719985653,3
2023-08-16,0.6457903981208801,0.6414697170257568,0.6554108,0.65768677,0.00636017647882925,-0.001836988689918692,18.659285862693295,0.6457903981208801,0.6888617873191833,-0.0027348548463458165,-0.0307896322247001,4
2023-08-17,0.6414697170257568,0.6406888961791992,0.65768677,0.65980357,0.006376707366352215,-0.001952837248013697,18.852241886873543,0.6414697170257568,0.6888617873191833,0.009268137866743572,-0.01746201606144195,5
2023-08-18,0.6406888961791992,0.6414697170257568,0.65154296,0.65380794,0.006226145202644834,-0.0019264668364017568,20.731759264475727,0.6406888961791992,0.6888617873191833,0.003656304592353999,-0.00417285472378181,1
2023-08-21,0.6414697170257568,0.6414080262184143,0.65380794,0.6520364,0.006082729776310482,-0.0017082875781894505,10.821360441999872,0.6406888961791992,0.6888617873191833,0.0035083052685989068,-0.003356168044612107,2
2023-08-22,0.6414080262184143,0.6427999138832092,0.6520364,0.6495777,0.005936846137421789,-0.001431197160671643,14.539166917636791,0.6406888961791992,0.6888617873191833,0.010318368615644781,0.02430697451997884,3
2023-08-23,0.6427999138832092,0.6480587720870972,0.6495777,0.65644187,0.005817757655560542,-0.0010356819372585625,24.374151436031326,0.6406888961791992,0.6888617873191833,0.014032524141701211,0.04162671531280616,4
2023-08-24,0.6480587720870972,0.6413956880569458,0.65644187,0.6542426,0.005971335897978326,-0.0003375323468605834,34.76977195645418,0.6406888961791992,0.6888617873191833,-0.009510047638679794,0.02224936080465751,5
2023-08-25,0.6413956880569458,0.6416714191436768,0.6480426,0.64872307,0.006258116943387273,-0.00024635675045599995,24.943113934795562,0.6406888961791992,0.6888617873191833,-0.001992676402528614,0.016490973416875446,1
2023-08-28,0.6416714191436768,0.6428180932998657,0.64872307,0.6486149,0.0061082055823336555,-9.701980258085101e-05,25.676454940827625,0.6406888961791992,0.6888617873191833,-0.0015970304193956549,0.011314670399150616,2
2023-08-29,0.6428180932998657,0.647659957408905,0.6486149,0.6473153,0.005976887474260307,0.00013674574381431718,32.22409133471707,0.6406888961791992,0.6888617873191833,0.010335333734980575,0.011331827618756833,3
2023-08-30,0.647659957408905,0.6478782296180725,0.6473153,0.6506534,0.00607502540399743,0.0006466818428292175,40.99086804422014,0.6406888961791992,0.6888617873191833,-0.002111348615072487,-0.004863902072552222,4
2023-08-31,0.6478782296180725,0.6488408446311951,0.6506534,0.65433294,0.005931004898819163,0.00100644384874745,44.59676833904548,0.6406888961791992,0.6888617873191833,-0.0033079877942261316,0.0013271704159714907,5
2023-09-01,0.6488408446311951,0.6452862024307251,0.6527392,0.65457314,0.005801644989998256,0.0012984286533535621,48.85128337619735,0.6406888961791992,0.6888617873191833,0.010547220161808302,0.013962768529229388,1
2023-09-04,0.6452862024307251,0.6458100080490112,0.65457314,0.6530614,0.005791731810716921,0.0012413855115193818,44.66511453947098,0.6406888961791992,0.6888617873191833,0.0,0.0155833916624755,2
2023-09-05,0.6458100080490112,0.6375396251678467,0.6530614,0.6523226,0.005659986227811935,0.001226016353513661,50.031853485584605,0.6406888961791992,0.6888617873191833,-0.0003934915141578225,0.0047456171807207185,3
2023-09-06,0.6375396251678467,0.6383001804351807,0.6523226,0.6517177,0.006216907980104711,0.0006735544133969389,44.34212242488313,0.6375396251678467,0.6888617873191833,-0.0165358614550924,-0.009643322664233506,4
2023-09-07,0.6383001804351807,0.6377400159835815,0.6517177,0.65083563,0.006074723664063831,0.0003882122984351019,46.559125752122426,0.6375396251678467,0.6888617873191833,-0.006020497844491621,-0.0123260350178588,5
2023-09-08,0.6377400159835815,0.6397993564605713,0.64134,0.64167786,0.005933100064032569,0.0002000837587055439,44.59310464011061,0.6375396251678467,0.6888617873191833,-0.01228667031147108,-0.034622942815061473,1
2023-09-11,0.6397993564605713,0.643200159072876,0.64167786,0.63960963,0.005840596962215799,0.00024946346705453145,47.79561066052453,0.6375396251678467,0.6888617873191833,0.0240263755923222,-0.011147545986488218,2
2023-09-12,0.643200159072876,0.6428180932998657,0.63960963,0.6396886,0.00582891640734327,0.0005301605799650387,50.51984225903396,0.6375396251678467,0.6888617873191833,-0.004785940347257476,-0.015481504480623815,3
2023-09-13,0.6428180932998657,0.6421617865562439,0.6396886,0.63833547,0.005694249977987756,0.0006985061881202761,42.2060101054871,0.6375396251678467,0.6888617873191833,0.0010655164645383217,0.0020007824530545656,4
2023-09-14,0.6421617865562439,0.6432398557662964,0.63833547,0.6393709,0.005566759852228232,0.0007685136397844444,51.387195023236835,0.6375396251678467,0.6888617873191833,0.007030601726295184,0.01516370289001577,5
2023-09-15,0.6432398557662964,0.6440501809120178,0.6447536,0.64251095,0.005454058576909019,0.000882146957294226,52.75981994151875,0.6375396251678467,0.6888617873191833,-0.005035805340189019,0.022551268577280258,1
2023-09-18,0.6440501809120178,0.643960177898407,0.64251095,0.64224184,0.005339264899406215,0.0009980698840261395,52.193949788894294,0.6375396251678467,0.6888617873191833,-0.005862794874404328,-0.0075597029848361984,2
2023-09-19,0.643960177898407,0.646600067615509,0.64224184,0.64405835,0.005219595228670313,0.0010496193791362952,42.06986774595777,0.6375396251678467,0.6888617873191833,-0.007377114694002764,-0.010127959985331293,3
2023-09-20,0.646600067615509,0.6436100006103516,0.64405835,0.64616555,0.005189076047751158,0.0012299416263770752,47.518032574375695,0.6375396251678467,0.6888617873191833,0.008712615559420978,-0.0025292935561095522,4
2023-09-21,0.6436100006103516,0.6409598588943481,0.64616555,0.64604735,0.005174902035038827,0.0011194293785745232,40.58402054887116,0.6375396251678467,0.6888617873191833,-0.0215845213732607,-0.030667531045628558,5
2023-09-22,0.6409598588943481,0.6440999507904053,0.6449165,0.6439694,0.005140252729577518,0.0008515627701573096,41.950066099424184,0.6375396251678467,0.6888617873191833,-0.00027282213398609857,-0.026039604154837446,1
2023-09-25,0.6440999507904053,0.6422001123428345,0.6439694,0.6420363,0.005149712825199996,0.0008666898054825985,47.10043862308734,0.6375396251678467,0.6888617873191833,-0.004374588745683959,-0.024589071246342516,2
2023-09-26,0.6422001123428345,0.6393861770629883,0.6420363,0.6419762,0.005076951160003713,0.0007347868483056777,60.079927807141935,0.6375396251678467,0.6888617873191833,-0.006735854335471202,-0.023963378289850734,3
2023-09-27,0.6393861770629883,0.634759783744812,0.6419762,0.6417319,0.005058288827318478,0.00045763265904902404,52.157234193701164,0.6375396251678467,0.6888617873191833,0.0005515977620020256,-0.03189641567116119,4
2023-09-28,0.634759783744812,0.6427974700927734,0.6417319,0.643202,0.005200728045270165,-1.274318308825892e-05,44.903367854521726,0.634759783744812,0.6888617873191833,0.018439332917652356,0.0076366772754749256,5
2023-09-29,0.6427974700927734,0.6437202095985413,0.6341218,0.6346029,0.005816655580928166,0.00022865228796419565,54.25679563995803,0.634759783744812,0.6888617873191833,0.008490072133495771,0.01650529155265818,1
2023-10-02,0.6437202095985413,0.6362699270248413,0.6346029,0.6332436,0.005691580805536351,0.0004489374488708831,50.79427213720653,0.634759783744812,0.6888617873191833,-0.025551838783158306,-0.004795156656592168,2
2023-10-03,0.6362699270248413,0.6308901309967041,0.6332436,0.63248,0.0061213586412748175,0.00010907343675211787,41.774852881721394,0.634759783744812,0.6888617873191833,-0.004553301089427976,-0.002620697021484375,3
2023-10-04,0.6308901309967041,0.6329101920127869,0.63248,0.6322802,0.006258471278482732,-0.0004321799781342758,37.34354022410006,0.6308901309967041,0.6888617873191833,-0.0087506252678274,-0.011855522946193589,4
2023-10-05,0.6329101920127869,0.6371049880981445,0.6322802,0.6330689,0.006150947707748827,-0.0005980603559890187,38.6415443561971,0.6308901309967041,0.6888617873191833,-0.010377369546376294,-0.039924222321116046,5
2023-10-06,0.6371049880981445,0.6371999979019165,0.63291484,0.6336277,0.006185523544589586,-0.00037981885083521573,42.892139818437585,0.6308901309967041,0.6837793588638306,0.021614201324313763,-0.02724101782335615,1
2023-10-09,0.6371999979019165,0.6420900225639343,0.6336277,0.6333782,0.006037233498074141,-0.00019303087006830328,43.08219487232036,0.6308901309967041,0.6814821362495422,0.004953880384421103,0.0028909565836614123,2
2023-10-10,0.6420900225639343,0.643347442150116,0.6333782,0.6355113,0.006139277577185128,0.0002706975189879636,45.58797804776221,0.6308901309967041,0.6814821362495422,-0.002886785805103314,0.0045636831163507734,3
2023-10-11,0.643347442150116,0.6418097615242004,0.6355113,0.6365834,0.006009816640291215,0.000651256038389347,49.734135333263325,0.6308901309967041,0.6787599325180054,-0.0049682374726279415,0.008370527473150303,4
2023-10-12,0.6418097615242004,0.6316800117492676,0.6365834,0.63698757,0.005889891382081317,0.00077987467840944,50.88044062166183,0.6308901309967041,0.6787599325180054,-0.00554939837534599,0.013250682453870887,5
2023-10-13,0.6316800117492676,0.6312999725341797,0.6433238,0.6446692,0.006736603128632385,0.00019373660868334842,38.76133725696632,0.6308901309967041,0.6787599325180054,-0.003903037387205174,-0.012277586450168083,1
2023-10-16,0.6312999725341797,0.6337798237800598,0.6446692,0.64438605,0.006568868334859796,-0.00018790860750324398,39.85762045580089,0.6308901309967041,0.6787599325180054,0.0019533896712972216,-0.015236796617722292,2
2023-10-17,0.6337798237800598,0.6362699270248413,0.64438605,0.6439849,0.006468839468599331,-0.00023843538218498803,44.75075591927485,0.6308901309967041,0.6787599325180054,-0.00321113906573755,-0.015556155978267148,3
2023-10-18,0.6362699270248413,0.6332400441169739,0.6439849,0.6445577,0.006373417309272532,-7.757713445539832e-05,51.47287254327465,0.6308901309967041,0.6759999394416809,0.0018162787238428498,-0.00885447264074299,4
2023-10-19,0.6332400441169739,0.6326999664306641,0.6445577,0.64326835,0.006304290792021916,-0.0001447551116248039,39.66930860707332,0.6308901309967041,0.6716818809509277,0.002648646316544683,-0.0006956196856256845,5
2023-10-20,0.6326999664306641,0.6320393085479736,0.6339067,0.6339217,0.006154565178314894,-0.0001921167174142261,37.988776731271706,0.6308901309967041,0.6716818809509277,-0.013878399770406624,-0.010614488604124455,1
2023-10-23,0.6320393085479736,0.6336702108383179,0.6339217,0.63393736,0.0060117002151026415,-0.00023183230546838926,44.58794644218745,0.6308901309967041,0.6716818809509277,0.008714011252535694,-0.003902966094710328,2
2023-10-24,0.6336702108383179,0.6360999345779419,0.63393736,0.6330709,0.005900237978914149,-0.00011790315152147108,53.93374985662332,0.6308901309967041,0.6617608070373535,0.010302177055933804,0.009648967568538589,3
2023-10-25,0.6360999345779419,0.6296999454498291,0.6330709,0.63683033,0.005828003226531724,0.00013760283944154808,54.46168776272808,0.6308901309967041,0.657371461391449,-0.010582072795597842,-0.00279173378429189,4
2023-10-26,0.6296999454498291,0.6335999369621277,0.63683033,0.6338236,0.006107850019569027,-9.535286930784917e-05,40.24397139060866,0.6296999454498291,0.657371461391449,-0.0009803193019683053,-0.0064040099196466665,5
2023-10-27,0.6335999369621277,0.6338903307914734,0.6305471,0.6342404,0.006122626602259973,3.5283045147587594e-05,45.68917894628657,0.6296999454498291,0.657371461391449,0.01818863610653167,0.025974027722385735,1
2023-10-30,0.6338903307914734,0.637100100517273,0.6342404,0.63046086,0.005978772665765106,0.000156526485941852,38.96599516829167,0.6296999454498291,0.6572591066360474,0.004256155347682994,0.02141056253706744,2
2023-10-31,0.637100100517273,0.6339948177337646,0.63046086,0.6286288,0.005948681448747587,0.00045147811868956767,42.01287231172759,0.6296999454498291,0.6536802053451538,-0.002194459013838501,0.008725790029044262,3
2023-11-01,0.6339948177337646,0.642259955406189,0.6286288,0.6264262,0.00590507172408514,0.00043580392090674476,40.39376528529374,0.6296999454498291,0.6536802053451538,0.0009606765995697496,0.020436717155070994,4
2023-11-02,0.642259955406189,0.6427900195121765,0.6264262,0.6297655,0.006448894274605805,0.0009508975225502809,63.62980185946795,0.6296999454498291,0.6512498259544373,0.006017543945370837,0.02760263757690561,5
2023-11-03,0.6427900195121765,0.6516865491867065,0.642687,0.64421225,0.006295385661753857,0.0012758624281747851,64.74526176012091,0.6296999454498291,0.6495404839515686,0.0020431616991153164,0.011144723421003443,1
2023-11-06,0.6516865491867065,0.6489419341087341,0.64421225,0.6428896,0.00686600851842705,0.001995643491648643,69.73040422946836,0.6296999454498291,0.6516865491867065,0.00948005082811503,0.016440658433805024,2
2023-11-07,0.6489419341087341,0.6430099010467529,0.6428896,0.63996816,0.006756248759418216,0.002177696423810837,63.884690991973564,0.6296999454498291,0.6516865491867065,-0.01070543384542201,0.007826467153232814,3
2023-11-08,0.6430099010467529,0.6405698657035828,0.63996816,0.6370932,0.006890012239272614,0.0018047912852572428,60.064719355016976,0.6296999454498291,0.6516865491867065,-0.011510144819098731,-0.004663912218007072,4
2023-11-09,0.6405698657035828,0.6361699104309082,0.6370932,0.63760346,0.006767238258054733,0.0013223351349233314,57.80200221943578,0.6296999454498291,0.6516865491867065,0.0019275703259737918,-0.008726496964047948,5
2023-11-10,0.6361699104309082,0.6364598870277405,0.6393364,0.6388959,0.006768655866289648,0.0006684143009587426,53.812317360842165,0.6296999454498291,0.6516865491867065,-0.014269157458469892,-0.02476529606533104,1
2023-11-13,0.6364598870277405,0.6381002068519592,0.6388959,0.6393833,0.006601697118375173,0.00023907937976444483,52.640063898989055,0.6296999454498291,0.6516865491867065,0.021805997400871528,-0.012670216689994464,2
2023-11-14,0.6381002068519592,0.6499837636947632,0.6393833,0.63599044,0.006466905741731127,5.864784361027072e-05,51.92170920397868,0.6296999454498291,0.6516865491867065,0.005445889973388243,0.003405942508251873,3
2023-11-15,0.6499837636947632,0.6511502265930176,0.63599044,0.63781476,0.007531714860966593,0.0006972484325714486,67.62962180128767,0.6296999454498291,0.6516865491867065,0.009459553378394794,0.024669225438631367,4
2023-11-16,0.6511502265930176,0.6470816731452942,0.63781476,0.6358188,0.007347780716752291,0.0011301969234827848,66.01475264143207,0.6296999454498291,0.6516865491867065,-0.003503105593846559,0.019119661530883528,5
2023-11-17,0.6470816731452942,0.6513597369194031,0.6498596,0.6522639,0.007289445856169068,0.0010748883275211352,61.26073594659502,0.6296999454498291,0.6516865491867065,0.008868639896387446,0.04297475870056515,1
2023-11-20,0.6513597369194031,0.6564001441001892,0.6522639,0.6533276,0.007256384031975495,0.0012466607405643123,61.95464135126519,0.6296999454498291,0.6516865491867065,0.01986821597491017,0.040955658504646573,2
2023-11-21,0.6564001441001892,0.6559097170829773,0.6533276,0.65473497,0.007280173164418649,0.001597568120268964,68.19331525774174,0.6296999454498291,0.6564001441001892,0.0005244771158837516,0.03584527141973299,3
2023-11-22,0.6559097170829773,0.6542789936065674,0.65473497,0.6540827,0.007095797341549892,0.0016857525835849941,62.68541629968392,0.6296999454498291,0.6564001441001892,-0.012663431778597542,0.013180907914631196,4
2023-11-23,0.6542789936065674,0.6560100317001343,0.6540827,0.65142345,0.006937142113463148,0.0015280314101960586,60.463230256965346,0.6296999454498291,0.6564001441001892,0.003313248705167273,0.0201106990764907,5
2023-11-24,0.6560100317001343,0.658129870891571,0.65342706,0.6468866,0.0067908793716644576,0.0014355064292704404,54.52851862950754,0.6296999454498291,0.6564001441001892,0.0046201451544259815,0.015785957461276718,1
2023-11-27,0.658129870891571,0.661250114440918,0.6468866,0.648889,0.0066632870416862945,0.0014102360393412824,59.75128985650267,0.6296999454498291,0.658129870891571,-0.008995938382002399,-0.013114741591156507,2
2023-11-28,0.661250114440918,0.6658999919891357,0.648889,0.64493877,0.0065862651024963,0.0014890734955081697,70.58733302476777,0.6296999454498291,0.661250114440918,0.010180578370415694,-0.0035391204282871373,3
2023-11-29,0.6658999919891357,0.6619009971618652,0.64493877,0.6452068,0.006613571230198741,0.0017232547115779923,77.23116395125459,0.6296999454498291,0.6658999919891357,-0.0039541648051622256,0.005177224793810262,4
2023-11-30,0.6619009971618652,0.6606799960136414,0.6452068,0.6435061,0.006583813850056023,0.0014866477448066632,77.90276793886025,0.6296999454498291,0.6658999919891357,0.011293615185232465,0.01323100072396232,5
2023-12-01,0.6606799960136414,0.6682884097099304,0.6600563,0.6646541,0.006434880893614905,0.0011412598896545622,75.7444322801042,0.6296999454498291,0.6658999919891357,0.020677894818539374,0.029632543995026277,1
2023-12-04,0.6682884097099304,0.6617100238800049,0.6646541,0.66054213,0.006776280996628695,0.0013066675493070036,78.47535195430217,0.6296999454498291,0.6682884097099304,-0.022900289170939624,0.015415242148678267,2
2023-12-05,0.6617100238800049,0.6554699540138245,0.66054213,0.6579409,0.006955400703050055,0.0008752144365740365,62.291050762575686,0.6296999454498291,0.6682884097099304,-0.012643355374770926,-0.007498047677441814,3
2023-12-06,0.6554699540138245,0.6551401019096375,0.6579409,0.66278476,0.007092384663690733,0.00011187378363637125,54.09250820218311,0.6296999454498291,0.6682884097099304,-0.014955544784657965,-0.018357096998765914,4
2023-12-07,0.6551401019096375,0.6594479084014893,0.66278476,0.66519743,0.006914527110530655,-0.0004425506641423764,58.2166255424147,0.6296999454498291,0.6682884097099304,0.01813137003665527,-0.011621862778246046,5
2023-12-08,0.6594479084014893,0.6579799652099609,0.6559124,0.65629566,0.006900509283761829,-0.0005399934365462348,58.241953137052676,0.6296999454498291,0.6682884097099304,0.009336658119057371,-0.02276796839919933,1
2023-12-11,0.6579799652099609,0.6565001010894775,0.65629566,0.6564833,0.006745463757072132,-0.0007132649342026978,51.736272604952624,0.6296999454498291,0.6682884097099304,-0.010526403080123783,-0.010600687529182173,2
2023-12-12,0.6565001010894775,0.6564600467681885,0.6564833,0.656649,0.006596670220843549,-0.000924116320349137,50.63503929485955,0.6296999454498291,0.6682884097099304,0.0015860542510079912,0.003578522218146465,3
2023-12-13,0.6564600467681885,0.6665000319480896,0.656649,0.6558681,0.006435742115221786,-0.0010534773287304003,52.42914764746025,0.6296999454498291,0.6682884097099304,0.0,0.018700381719912295,4
2023-12-14,0.6665000319480896,0.6702682375907898,0.6558681,0.6530865,0.007127149142898751,-0.00047929476915680065,59.85859081523706,0.6296999454498291,0.6682884097099304,0.026713416462568893,0.027480537653599736,5
2023-12-15,0.6702682375907898,0.6698910593986511,0.6663184,0.6684444,0.007062050714187411,0.0001065977620291576,61.06491553308803,0.6296999454498291,0.6702682375907898,-0.0009004914113787476,0.017015722082822246,1
2023-12-18,0.6698910593986511,0.6703715920448303,0.6684444,0.66900915,0.006886174348968185,0.0004043247521066185,58.29143889245396,0.6296999454498291,0.6702682375907898,-0.009569435673899764,0.01798943881375036,2
2023-12-19,0.6703715920448303,0.6762998700141907,0.66900915,0.66979223,0.006718018720782931,0.0005596433869570266,54.663913034288186,0.6296999454498291,0.6703715920448303,0.012396816590175663,0.029054383176943418,3
2023-12-20,0.6762998700141907,0.6739816665649414,0.66979223,0.66728497,0.0068398696821397355,0.0009639480032846365,64.43711086860641,0.6296999454498291,0.6762998700141907,0.0014107288714222278,0.030507124376599574,4
2023-12-21,0.6739816665649414,0.6796802878379822,0.66728497,0.6662269,0.00671191849274723,0.0009746496817350132,63.04986743418783,0.6296999454498291,0.6762998700141907,0.0017925663016952,0.005143366607700988,5
2023-12-22,0.6796802878379822,0.6808788776397705,0.67675966,0.677831,0.006810245142333103,0.0012474812656480122,61.611336976887166,0.6296999454498291,0.6796802878379822,-0.0033316308647010615,0.002702690926488464,1
2023-12-25,0.6808788776397705,0.6806008219718933,0.677831,0.6795436,0.006654797935185986,0.0013802837557982282,71.94478865858386,0.6296999454498291,0.6808788776397705,0.0,0.012344047422991241,2
2023-12-26,0.6806008219718933,0.6823800802230835,0.6795436,0.6790776,0.006492784760642835,0.0013209749867696538,83.31842420525919,0.6296999454498291,0.6808788776397705,0.0,-0.00012832745691085886,3
2023-12-27,0.6823800802230835,0.6854700446128845,0.6790776,0.6781641,0.006363396246111829,0.001272645864830945,84.77807253450709,0.6296999454498291,0.6823800802230835,0.012246637907082969,0.010765104564100873,4
2023-12-28,0.6854700446128845,0.6826302409172058,0.6781641,0.6802967,0.006292732294700174,0.001314477651770795,84.2895224212112,0.6296999454498291,0.6854700446128845,-0.007764293971769715,0.0011513753949217605,5
2023-12-29,0.6826302409172058,0.6820491552352905,0.6816454,0.6788053,0.006207842423218856,0.0010292077516379367,81.34843691017444,0.6296999454498291,0.6854700446128845,-0.008340339060424478,-0.003850562623176049,1
2024-01-01,0.6820491552352905,0.6810504198074341,0.6788053,0.6742716,0.0060627333058360525,0.0006956715048198059,83.25157010227386,0.6296999454498291,0.6854700446128845,0.0,-0.003850562623176049,2
2024-01-02,0.6810504198074341,0.6765698194503784,0.6742716,0.6773633,0.0059278786512614425,0.0003211283610150325,81.22468318024667,0.6296999454498291,0.6854700446128845,-0.002967966591667373,-0.006802717757627788,3
2024-01-03,0.6765698194503784,0.6736002564430237,0.6773633,0.6767289,0.00596647535333394,-0.00028241934288628263,64.88859747918859,0.6296999454498291,0.6854700446128845,-0.005572455833696384,-0.024343845596417543,4
2024-01-04,0.6736002564430237,0.6706593036651611,0.6767289,0.6782438,0.005904589231547547,-0.0009007891361376931,55.04568938439376,0.6296999454498291,0.6854700446128845,-0.0042977199205602975,-0.020955792212577862,5
2024-01-05,0.6706593036651611,0.6716412901878357,0.67370254,0.67417514,0.00584470189389241,-0.0014921542428125902,51.07953317665347,0.6296999454498291,0.6854700446128845,-0.009573209599656254,-0.022162083219848337,1
2024-01-08,0.6716412901878357,0.6720001101493835,0.67417514,0.6739176,0.005719448991217191,-0.001781839256222566,51.75937917090641,0.6296999454498291,0.6854700446128845,0.0013167965968514327,-0.0208736214438968,2
2024-01-09,0.6720001101493835,0.6684702038764954,0.6739176,0.6745298,0.0055896219510108945,-0.0019029591266105277,42.95450283624771,0.6296999454498291,0.6854700446128845,-0.013513687151423264,-0.031144960099858503,3
2024-01-10,0.6684702038764954,0.6703999042510986,0.6745298,0.6744473,0.005582137422741943,-0.002155908521984699,41.31394979643905,0.6296999454498291,0.6854700446128845,0.008632709208340604,-0.017283998813949042,4
2024-01-11,0.6703999042510986,0.6698498129844666,0.6744473,0.67435086,0.0054947828766578385,-0.0021248929911497376,33.40241045025914,0.6296999454498291,0.6854700446128845,-0.001190846936655388,-0.014226077191731546,5
2024-01-12,0.6698498129844666,0.6689097881317139,0.6708272,0.67269224,0.005373120653924872,-0.0020709310796086094,29.806552718367556,0.6296999454498291,0.6854700446128845,-0.009712037259593223,-0.014362920379632372,1
2024-01-15,0.6689097881317139,0.6650399565696716,0.67269224,0.6725927,0.005261003119824894,-0.002025580173430497,29.1011300602855,0.6296999454498291,0.6854700446128845,0.0,-0.015659949782439515,2
2024-01-16,0.6650399565696716,0.6588900089263916,0.6725927,0.6732259,0.00530018886464049,-0.0021703605607079003,21.158501886620357,0.6296999454498291,0.6854700446128845,0.007060573294444214,0.004801890608076558,3
2024-01-17,0.6588900089263916,0.6551997661590576,0.6732259,0.6742664,0.005571695349006129,-0.0025672869229297073,9.874405907007457,0.6296999454498291,0.6854700446128845,-0.009067916399167259,-0.012827247795101129,4
2024-01-18,0.6551997661590576,0.6582845449447632,0.6742664,0.67339903,0.005581177488485381,-0.002938621976499945,9.627210951193703,0.6335999369621277,0.6854700446128845,0.0033433155392109354,-0.008341083331350049,5
2024-01-19,0.6582845449447632,0.6595479249954224,0.65280044,0.6517136,0.005557188584137295,-0.0028353871347474077,17.423588778204817,0.6338903307914734,0.6854700446128845,0.011152546895434285,0.012566826528235877,1
2024-01-22,0.6595479249954224,0.6570599675178528,0.6517136,0.6511901,0.005450135531948681,-0.002549887808876687,20.736803852094113,0.6339948177337646,0.6854700446128845,-0.006091927798664638,0.00641709341361039,2
2024-01-23,0.6570599675178528,0.6586300730705261,0.6511901,0.6515857,0.005390628718158331,-0.0023987048689751976,21.92599504941154,0.6339948177337646,0.6854700446128845,0.0070157113821105385,0.006371944630932478,3
2024-01-24,0.6586300730705261,0.6576697826385498,0.6515857,0.6536684,0.005299575278251122,-0.0020751908613664926,27.554416406604687,0.6361699104309082,0.6854700446128845,0.02398134195657936,0.040187502714746116,4
2024-01-25,0.6576697826385498,0.6585879921913147,0.6536684,0.64961475,0.0051917268411855386,-0.0018173763985200953,29.294330472853318,0.6361699104309082,0.6854700446128845,-0.004388225975928769,0.0321762593912731,5
2024-01-26,0.6585879921913147,0.6578601002693176,0.65180725,0.6526615,0.005089363798500175,-0.0014902325487419494,29.150275523532798,0.6361699104309082,0.6854700446128845,-0.0038879951335731126,0.016767934230467983,1
2024-01-29,0.6578601002693176,0.6614194512367249,0.6526615,0.6526307,0.004984597838991169,-0.0012384376126580725,27.677680880133394,0.6361699104309082,0.6854700446128845,0.005826338664611392,0.028958546584102605,2
2024-01-30,0.6614194512367249,0.659480094909668,0.6526307,0.6525612,0.005029903635758342,-0.0007706449472974167,38.87957162303429,0.6361699104309082,0.6854700446128845,0.008612481930482765,0.030602869740803996,3
2024-01-31,0.659480094909668,0.656150758266449,0.6525612,0.6525866,0.004962960531309874,-0.0005411497521359901,32.78254985621112,0.6361699104309082,0.6854700446128845,-0.0010245069182320638,0.0051513152016488106,4
2024-02-01,0.656150758266449,0.6574898362159729,0.6525866,0.6518147,0.004982511933048432,-0.0005605172188409887,30.14094681141539,0.6361699104309082,0.6854700446128845,-0.012895073103420765,-0.003363086672848506,5
2024-02-02,0.6574898362159729,0.6505080461502075,0.6556166,0.6582409,0.004899803293966937,-0.000435646860961118,33.634234385063365,0.6364598870277405,0.6854700446128845,-0.00807924613882932,-0.007531500601108183,1
2024-02-05,0.6505080461502075,0.6480293273925781,0.6582409,0.66062856,0.005343914596921861,-0.0007569423698334564,30.879928728611915,0.6381002068519592,0.6854700446128845,-0.013037647679487865,-0.026077933021060186,2
2024-02-06,0.6480293273925781,0.6529674530029297,0.66062856,0.66199243,0.0052906569668710575,-0.0010519424431621608,34.18216226539576,0.6470816731452942,0.6854700446128845,0.0027797897522733395,-0.03174198624611986,3
2024-02-07,0.6529674530029297,0.6521880626678467,0.66199243,0.6611989,0.005447875645069573,-0.0008392733855328801,46.862822621987384,0.6470816731452942,0.6854700446128845,-0.011968248285595201,-0.042280580520691634,4
2024-02-08,0.6521880626678467,0.6497599482536316,0.6611989,0.6612851,0.005332227787217822,-0.0006825212518894747,40.83868956770352,0.6470816731452942,0.6854700446128845,-0.008598753918678276,-0.03815706056902598,5
2024-02-09,0.6497599482536316,0.6525583267211914,0.6545656,0.65343255,0.005276689611815813,-0.0006726960837928576,35.78887063861163,0.6480293273925781,0.6854700446128845,-0.0052762832972284785,-0.035457268609672514,1
2024-02-12,0.6525583267211914,0.6528898477554321,0.65343255,0.6544976,0.005252510128190415,-0.0004204011666775827,43.52247172701496,0.6480293273925781,0.6854700446128845,0.011464089588562928,-0.011532392405875388,2
2024-02-13,0.6528898477554321,0.6453399062156677,0.6544976,0.65647966,0.005140011960739214,-0.00018582752381833285,41.43494184422899,0.6480293273925781,0.6854700446128845,-0.0038965189956569586,-0.018109726753085535,3
2024-02-14,0.6453399062156677,0.6498798131942749,0.65647966,0.65547293,0.005639806296898125,-0.000477210960741368,34.62578390583171,0.6453399062156677,0.6854700446128845,-0.0036415105876551235,-0.009899649857991832,4
2024-02-15,0.6498798131942749,0.6525498628616333,0.65547293,0.65679675,0.005731595112449037,-0.00031034575587697306,40.04117161884897,0.6453399062156677,0.6854700446128845,0.015019725602353009,0.013763357118999996,5
2024-02-16,0.6525498628616333,0.6537913680076599,0.6515656,0.65239966,0.005676623924999748,1.637088561555998e-05,44.18541206815306,0.6453399062156677,0.6854700446128845,0.02146373864108183,0.04123709873187334,1
2024-02-19,0.6537913680076599,0.6530783176422119,0.65239966,0.6532836,0.005565003216165528,0.0003349485979582778,41.200777764943375,0.6453399062156677,0.6854700446128845,0.0,0.029368425104719497,2
2024-02-20,0.6530783176422119,0.6553500890731812,0.6532836,0.6522122,0.005444396155311734,0.0005062260349292329,42.400352089754584,0.6453399062156677,0.6854700446128845,0.007398266423897814,0.04106082787224886,3
2024-02-21,0.6553500890731812,0.6553199887275696,0.6522122,0.65505105,0.00538169578618899,0.0007655304291359923,49.02503284245059,0.6453399062156677,0.6854700446128845,0.0020669521599391153,0.04702067943721747,4
2024-02-22,0.6553199887275696,0.6559101939201355,0.65505105,0.653492,0.005263333994290975,0.0009177703720599575,47.27079441144101,0.6453399062156677,0.6854700446128845,0.005918700162107859,0.0375349480128178,5
2024-02-23,0.6559101939201355,0.6565384864807129,0.6548013,0.6547206,0.005153822410535667,0.0010324183877061634,58.09655512496851,0.6453399062156677,0.6854700446128845,-0.003984854851828057,0.011464280791233981,1
2024-02-26,0.6565384864807129,0.6539598107337952,0.6547206,0.6551707,0.005048787905571471,0.0011175720296894604,63.50216397808783,0.6453399062156677,0.6854700446128845,-0.01505351262094677,-0.0036477793558462998,2
2024-02-27,0.6539598107337952,0.6543898582458496,0.6551707,0.65418005,0.005014672098778361,0.0009725668770004499,51.70210460239924,0.6453399062156677,0.6854700446128845,0.0018289248539391089,-0.00918138163277236,3
2024-02-28,0.6543898582458496,0.6494700312614441,0.65418005,0.65381014,0.004911883214690768,0.000880697073260015,53.82235466981229,0.6453399062156677,0.6854700446128845,-0.0009140131607922762,-0.012130579660818576,4
2024-02-29,0.6494700312614441,0.6498401165008545,0.65381014,0.65610534,0.005085377920589935,0.0004835236648988491,49.53677425744838,0.6453399062156677,0.6854700446128845,0.0018271916643559571,-0.016164198369149646,5
2024-03-01,0.6498401165008545,0.6527883410453796,0.6500901,0.64845115,0.004979612721703941,0.00025230014992501555,45.29150852616494,0.6453399062156677,0.6854700446128845,0.005331944340947728,-0.006955165023490556,1
2024-03-04,0.6527883410453796,0.6507620811462402,0.64845115,0.64753836,0.004981732383248964,0.00030116771624829784,49.83878449377574,0.6453399062156677,0.6854700446128845,-0.0007785185222983851,0.007322206384455706,2
2024-03-05,0.6507620811462402,0.6503900289535522,0.64753836,0.6481408,0.004922759241285874,0.0002048828294489906,60.44413012080284,0.6453399062156677,0.6854700446128845,-0.0020789760346844135,0.0033933727851452843,3
2024-03-06,0.6503900289535522,0.6566298604011536,0.6481408,0.6492825,0.004821533232311488,0.00012776731185503592,51.170748786852606,0.6453399062156677,0.6854700446128845,0.00687020292499271,0.011234482470363995,4
2024-03-07,0.6566298604011536,0.6621301770210266,0.6492825,0.6499909,0.005183846979588818,0.0004883730661753684,58.044181832283904,0.6453399062156677,0.6854700446128845,0.012580403026815255,0.02216717603286776,5
2024-03-08,0.6621301770210266,0.6624314785003662,0.65406305,0.6562655,0.005403552470141096,0.0010561232744774032,64.07691378893986,0.6453399062156677,0.6854700446128845,-0.008841141992994045,0.007782093707221492,1
2024-03-11,0.6624314785003662,0.6615506410598755,0.6562655,0.6572675,0.005285619691701321,0.0013897490904025461,66.01185277095254,0.6453399062156677,0.6854700446128845,0.00960619751598691,0.018302153955888478,2
2024-03-12,0.6615506410598755,0.6607297658920288,0.6572675,0.6589769,0.005177997702475798,0.0014805321929016544,61.14563423017253,0.6453399062156677,0.6854700446128845,0.0006371602048168774,0.021071760951267778,3
2024-03-13,0.6607297658920288,0.6627599000930786,0.6589769,0.6570765,0.005073356800467018,0.001414799406834695,59.45539366133062,0.6453399062156677,0.6854700446128845,0.03196757906286835,0.04702226566450993,4
2024-03-14,0.6627599000930786,0.6579297780990601,0.6570765,0.65555805,0.005014717616372652,0.0014331314587073562,61.39841023921793,0.6453399062156677,0.6854700446128845,-0.0038320318658366615,0.029978329731760442,5
2024-03-15,0.6579297780990601,0.6557978987693787,0.6612609,0.6638631,0.005162753012704944,0.001062120805895785,52.03116624550118,0.6453399062156677,0.6854700446128845,0.018529276188101282,0.05855861025226895,1
2024-03-18,0.6557978987693787,0.655750572681427,0.6638631,0.6607378,0.005100020323374266,0.0006363014351856414,52.718920825251274,0.6453399062156677,0.6854700446128845,0.00048616871846409864,0.04894841448449586,2
2024-03-19,0.655750572681427,0.6526401042938232,0.6607378,0.6613755,0.004991824641038693,0.0003300322352732128,52.03583512134394,0.6453399062156677,0.6854700446128845,-0.013703930026624763,0.03401270379245908,3
2024-03-20,0.6526401042938232,0.6597799062728882,0.6613755,0.6613992,0.004994780571042905,-8.148489183735689e-05,55.014396886425814,0.6453399062156677,0.6854700446128845,-0.00494010682405259,-0.0034546427527572428,4
2024-03-21,0.6597799062728882,0.657418966293335,0.6613992,0.65715927,0.005457884392263064,0.00011693705592986952,62.94937102034478,0.6453399062156677,0.6826302409172058,0.001979066521667773,0.0023532391084879647,5
2024-03-22,0.657418966293335,0.6515804529190063,0.6583143,0.6594552,0.005392166878598149,8.067371343037935e-05,56.126438576320055,0.6453399062156677,0.6820491552352905,-0.01255848718644402,-0.028328300020244564,1
2024-03-25,0.6515804529190063,0.6538896560668945,0.6594552,0.6592708,0.005621839066921278,-0.00032289931958310973,50.98351590100945,0.6453399062156677,0.6810504198074341,0.0027489503641431926,-0.026127129687189266,2
2024-03-26,0.6538896560668945,0.6538982391357422,0.6592708,0.6580601,0.0055527778081142344,-0.00041483479861458147,54.01872126991428,0.6453399062156677,0.6765698194503784,-0.0027489503641432724,-0.015399720206958028,3
2024-03-27,0.6538982391357422,0.6521999835968018,0.6580601,0.6578747,0.005428273006850932,-0.00045249719286352246,46.33932037516595,0.6453399062156677,0.6736002564430237,-0.0008762558461157091,-0.011390310092347132,4
2024-03-28,0.6521999835968018,0.6516780853271484,0.6578747,0.65886694,0.005337082159076133,-0.0005620630639041578,35.182460977453644,0.6453399062156677,0.6720001101493835,0.0027513568915070647,-0.010626521453959085,5
2024-03-29,0.6516780853271484,0.6533001661300659,0.64837545,0.64754397,0.005222947484811077,-0.00063459958902978,34.05905180640282,0.6453399062156677,0.6720001101493835,0.0,0.0018768601466823153,1
2024-04-01,0.6533001661300659,0.6487903594970703,0.64754397,0.64718616,0.0051422095600062,-0.0005418542364904666,38.032411570225065,0.6453399062156677,0.6720001101493835,0.010559764969196424,0.009732975949414087,2
2024-04-02,0.6487903594970703,0.651439905166626,0.64718616,0.6488308,0.005253181036708009,-0.000740463005249408,34.35571897619815,0.6453399062156677,0.6703999042510986,0.005914301943359764,0.018518548350672678,3
2024-04-03,0.651439905166626,0.6568998694419861,0.6488308,0.649566,0.0052213774329027,-0.0006526946895613276,35.40426133656321,0.6453399062156677,0.6703999042510986,0.02977338834622253,0.05021910323682551,4
2024-04-04,0.6568998694419861,0.6587702035903931,0.649566,0.65202236,0.005437136107591644,-0.00020918975253032032,48.69328348163306,0.6453399062156677,0.6698498129844666,0.01267868785322154,0.06069689807511909,5
2024-04-05,0.6587702035903931,0.6570215821266174,0.6575907,0.6579833,0.005356119366988172,0.00020542972242751454,53.79636495410134,0.6453399062156677,0.6689097881317139,-0.0016497692716825132,0.0589484356025073,1
2024-04-08,0.6570215821266174,0.6604998111724854,0.6579833,0.6579631,0.00526951728653187,0.00034878780283784734,51.555778648098105,0.6453399062156677,0.6650399565696716,0.008806469090440208,0.05709341235206255,2
2024-04-09,0.6604998111724854,0.662850022315979,0.6579631,0.65748227,0.005289425770788079,0.0006473798595837904,59.53482789239406,0.6453399062156677,0.6627599000930786,0.002102026889271717,0.0530711533565644,3
2024-04-10,0.662850022315979,0.6507201194763184,0.65748227,0.65724945,0.005236414477939059,0.0009541538993749161,54.21416065321617,0.6453399062156677,0.662850022315979,-0.000933639226970129,0.021225907099426636,4
2024-04-11,0.6507201194763184,0.6540607213973999,0.65724945,0.65843356,0.006533013773837032,0.00032371288958072563,42.749404536105885,0.6453399062156677,0.662850022315979,-0.007030778924386207,0.001295146535488632,5
2024-04-12,0.6540607213973999,0.6475803256034851,0.6506503,0.6500043,0.006476245204317499,0.00012544606782208278,52.838015162634115,0.6453399062156677,0.662850022315979,0.001292747486602454,0.004245813348425959,1
2024-04-15,0.6475803256034851,0.644250214099884,0.6500043,0.64856726,0.006685824625595503,-0.0004185879185577999,43.409716610280924,0.6453399062156677,0.662850022315979,0.028138256630377733,0.02384854750851167,2
2024-04-16,0.644250214099884,0.6412801146507263,0.64856726,0.6475183,0.006615209696428465,-0.0009488250742520597,40.57625243792391,0.644250214099884,0.662850022315979,-0.016927148262715064,0.0045497565582635294,3
2024-04-17,0.6412801146507263,0.6439813375473022,0.6475183,0.6459833,0.0065289700566895535,-0.0014174810433521506,39.59255274307145,0.6412801146507263,0.662850022315979,0.008556985206100346,0.014128945362502582,4
2024-04-18,0.6439813375473022,0.6424699425697327,0.6459833,0.64322925,0.006439978032694562,-0.001457810128517065,42.957001328641276,0.6412801146507263,0.662850022315979,0.022316666301241708,0.044332063487079305,5
2024-04-19,0.6424699425697327,0.6425991654396057,0.6437204,0.6436342,0.006303385136901325,-0.0014930748907342718,40.06956187169966,0.6412801146507263,0.662850022315979,0.01375477653638138,0.057427991432051406,1
2024-04-22,0.6425991654396057,0.6452862024307251,0.6436342,0.6454243,0.006152934261523763,-0.0014152133783968263,43.82730649234883,0.6412801146507263,0.662850022315979,-0.00033316364718428856,0.027746063044642694,2
2024-04-23,0.6452862024307251,0.6488901376724243,0.6454243,0.64574295,0.006081083765695979,-0.0011040688586700376,43.86926902960081,0.6412801146507263,0.662850022315979,-0.002224498456326981,0.04296828277046873,3
2024-04-24,0.6488901376724243,0.6496999263763428,0.64574295,0.6451609,0.006068105725624451,-0.0006019870786510228,41.71372546601469,0.6412801146507263,0.662850022315979,-0.005247004104412529,0.02867007295470909,4
2024-04-25,0.6496999263763428,0.6523199677467346,0.6451609,0.6461523,0.005933805635388226,-0.00018349333359328306,40.40604131781225,0.6412801146507263,0.662850022315979,0.022905541498675425,0.02927600964004672,5
2024-04-26,0.6523199677467346,0.6541398763656616,0.64799625,0.6485475,0.00586722621302029,0.0002766152313940966,45.11695052074305,0.6412801146507263,0.662850022315979,-0.00032827392489267614,0.014882255535155991,1
2024-04-29,0.6541398763656616,0.6561899185180664,0.6485475,0.6520142,0.005767697903713723,0.000686994443022019,43.15898803646762,0.6412801146507263,0.662850022315979,0.01950650398856371,0.035218244771028646,2
2024-04-30,0.6561899185180664,0.6478001475334167,0.6520142,0.64960766,0.0056811751011357926,0.00105781228816132,42.7895523428244,0.6412801146507263,0.662850022315979,-0.02049186837508004,0.01647920770168736,3
2024-05-01,0.6478001475334167,0.653190016746521,0.64960766,0.6471485,0.006220713062584338,0.0007157394977488803,46.560171889591835,0.6412801146507263,0.662850022315979,-0.002632464921645256,0.01914030968048815,4
2024-05-02,0.653190016746521,0.6571398973464966,0.6471485,0.6479196,0.006347002984248431,0.0008225258194553581,49.02152274852438,0.6412801146507263,0.662850022315979,-0.012933317917676535,-0.016737761883553245,5
2024-05-03,0.6571398973464966,0.6609079837799072,0.6531597,0.65125316,0.006339954987350908,0.0011112790094156579,61.39066008911793,0.6412801146507263,0.662850022315979,0.017535645885979678,0.0009849834380221767,1
2024-05-06,0.6609079837799072,0.6623920202255249,0.65125316,0.6506519,0.006318994886579252,0.001484814079096621,69.64345710112616,0.6412801146507263,0.662850022315979,0.01324951378365935,-0.005258616357531054,2
2024-05-07,0.6623920202255249,0.6589199900627136,0.6506519,0.64876354,0.006189762943274782,0.001742760537001688,75.80019433967486,0.6412801146507263,0.662850022315979,-0.0019438071566325993,0.013364081295802015,3
2024-05-08,0.6589199900627136,0.657680094242096,0.64876354,0.6483708,0.006149521496077847,0.001594479616346566,67.91847963635271,0.6412801146507263,0.662850022315979,-0.013823437394735733,0.0020867714839110266,4
2024-05-09,0.657680094242096,0.6620998978614807,0.6483708,0.64660424,0.0060182736447659466,0.0013381718330957686,68.36373998998278,0.6412801146507263,0.662850022315979,0.009924347576340845,0.025255923301156197,5
2024-05-10,0.6620998978614807,0.6601008772850037,0.658271,0.6567178,0.006064399050511296,0.0013857298146037061,71.33366719353981,0.6412801146507263,0.662850022315979,0.01849315461480506,0.026238084936127178,1
2024-05-13,0.6601008772850037,0.6612882018089294,0.6567178,0.6571429,0.005958266960238671,0.0012084591794397136,66.45485901925866,0.6412801146507263,0.662850022315979,0.023374418437470987,0.03668142740628882,2
2024-05-14,0.6612882018089294,0.6626027226448059,0.6571429,0.6587942,0.00583583329020623,0.0011001539201295693,64.55188953142644,0.6412801146507263,0.662850022315979,0.030541355672711972,0.07091116149403265,3
2024-05-15,0.6626027226448059,0.6701065301895142,0.6587942,0.65774965,0.005721093060545887,0.0010463622611349198,64.96697175902175,0.6412801146507263,0.662850022315979,0.003224888630024549,0.08932492001061543,4
2024-05-16,0.6701065301895142,0.6683151721954346,0.65774965,0.65654206,0.006120183954553642,0.0014221594655700318,68.53230323995007,0.6412801146507263,0.6701065301895142,-0.015717986101867597,0.061747176854992245,5
2024-05-17,0.6683151721954346,0.6700705885887146,0.66788006,0.66919696,0.006004372710630837,0.0014510775980724798,64.77841879332759,0.6412801146507263,0.6701065301895142,0.0331721954064959,0.0774475583265764,1
2024-05-20,0.6700705885887146,0.6672093272209167,0.66919696,0.670107,0.005895624873771711,0.0014841022682818648,64.56070718022016,0.6412801146507263,0.6701065301895142,0.00601311573402973,0.05890310881543807,2
2024-05-21,0.6672093272209167,0.6667097806930542,0.670107,0.6713668,0.005833684315356297,0.0012199614704028706,73.03141753780432,0.6412801146507263,0.6701065301895142,0.006172529764052082,0.033410754196908386,3
2024-05-22,0.6667097806930542,0.6619185209274292,0.6713668,0.67261213,0.0057030653481858085,0.0009313483959986842,68.14928850794708,0.6412801146507263,0.6701065301895142,-0.05037867628083627,-0.02052525106754622,4
2024-05-23,0.6619185209274292,0.6601487994194031,0.67261213,0.6738527,0.0057893152592961815,0.00036651630305005196,56.27323943661971,0.6412801146507263,0.6701065301895142,-0.01053286097353198,-0.015433362302261722,5
2024-05-24,0.6601487994194031,0.6624007821083069,0.66367066,0.6631133,0.005686701798791735,-0.00014984293987520226,48.94817770569456,0.6412801146507263,0.6701065301895142,-0.007920855535350033,-0.05507219127647332,1
2024-05-27,0.6624007821083069,0.6655617952346802,0.6631133,0.6660978,0.005611842836033094,-0.0003517546459397393,50.011886337504066,0.6412801146507263,0.6701065301895142,0.0,-0.06073710259782753,2
2024-05-28,0.6655617952346802,0.6647999286651611,0.6660978,0.6639556,0.005588934397942797,-0.00028717826363663197,59.086928086453476,0.6412801146507263,0.6701065301895142,0.02009599827290059,-0.04756783704930668,3
2024-05-29,0.6647999286651611,0.6613699793815613,0.6639556,0.6656164,0.00546993351921342,-0.0003086519912213143,59.87004209089452,0.6412801146507263,0.6701065301895142,-0.014461603129634713,-0.012737503853637878,4
2024-05-30,0.6613699793815613,0.6630301475524902,0.6656164,0.66395235,0.005464935239140478,-0.0005525018976953741,48.95957941384373,0.6412801146507263,0.6701065301895142,-0.02817387080286396,-0.030001089998319956,5
2024-05-31,0.6630301475524902,0.6656903028488159,0.6605162,0.6614264,0.005375506325887377,-0.000596851201824556,54.21608813593056,0.6412801146507263,0.6701065301895142,-0.013359344858423529,-0.03526209977387032,1
2024-06-03,0.6656903028488159,0.669008195400238,0.6614264,0.66202307,0.005334941360278641,-0.0004486553427565463,56.078230626282846,0.6412801146507263,0.6701065301895142,0.014429002560831695,-0.021240982030069928,2
2024-06-04,0.669008195400238,0.6646201014518738,0.66202307,0.66240036,0.005336322108271871,-0.00014454674612481445,58.38074828276779,0.6412801146507263,0.6701065301895142,-0.0279693436772657,-0.06717266531470713,3
2024-06-05,0.6646201014518738,0.6657789945602417,0.66240036,0.66240466,0.005412061943864941,-0.00025010554582444514,42.18450435151772,0.6412801146507263,0.6701065301895142,0.015598963957449268,-0.038705622540649486,4
2024-06-06,0.6657789945602417,0.6669601202011108,0.66240466,0.66149867,0.005309437956878734,-0.0002523365699426826,46.320884578669954,0.6412801146507263,0.6701065301895142,0.015359267282059677,0.004066792312715365,5
2024-06-07,0.6669601202011108,0.6582714915275574,0.6625354,0.66032654,0.005211124374089695,-0.0001876928377771872,45.41133146568325,0.6412801146507263,0.6701065301895142,-0.04279131341481485,-0.025054223416923954,1
2024-06-10,0.6582714915275574,0.6608948111534119,0.66032654,0.6590534,0.005844460428271795,-0.0007139589080682376,38.74903210703546,0.6412801146507263,0.6701065301895142,0.013700313066128967,-0.025764397382646267,2
2024-06-11,0.6608948111534119,0.6607699394226074,0.6590534,0.6579957,0.00578080556601363,-0.0008594786872305458,43.05162052171782,0.6412801146507263,0.6701065301895142,-0.007379337539937879,-0.005496942863520457,3
2024-06-12,0.6607699394226074,0.6662899851799011,0.6579957,0.66000766,0.00565062929156893,-0.0009321499064342423,48.45528090319974,0.6412801146507263,0.6701065301895142,0.012851028875042267,-0.008226021321262612,4
2024-06-13,0.6662899851799011,0.6633102893829346,0.66000766,0.6596474,0.005822696476129319,-0.0005929815094476781,57.502424787885666,0.6412801146507263,0.6701065301895142,-0.01628375290112501,-0.039117419244663915,5
2024-06-14,0.6633102893829346,0.6612882018089294,0.6640129,0.66507536,0.005771409208243769,-0.0005545419117504227,51.09169555866853,0.6412801146507263,0.6701065301895142,0.009604300840204132,0.012570910229002774,1
2024-06-17,0.6612882018089294,0.6622077822685242,0.66507536,0.6660935,0.005678588377202635,-0.0006442321337613291,44.72614558983405,0.6412801146507263,0.6701065301895142,-0.006503193353933149,-0.007681300940289606,2
2024-06-18,0.6622077822685242,0.6661200523376465,0.6660935,0.66472673,0.005561542038614199,-0.0006203312178552738,46.81354913870795,0.6412801146507263,0.6701065301895142,0.008917257879037289,0.008622603663855404,3
2024-06-19,0.6661200523376465,0.6675300002098083,0.66472673,0.66566676,0.005593906366941489,-0.00033408618309801194,55.77069849687978,0.6412801146507263,0.6701065301895142,0.0,-0.004256303690364653,4
2024-06-20,0.6675300002098083,0.6660698652267456,0.66566676,0.6666964,0.005491501081350542,-5.734528155351584e-05,55.50015372308571,0.6412801146507263,0.6701065301895142,0.01220063799655793,0.024514665479307807,5
2024-06-21,0.6660698652267456,0.6635000109672546,0.6690247,0.6678519,0.005391263918593645,1.590011677994412e-05,50.47795894716932,0.6412801146507263,0.6701065301895142,-0.02721855311482856,-0.01252475472119591,1
2024-06-24,0.6635000109672546,0.6654599905014038,0.6678519,0.66762286,0.005339133605732801,-0.00011309710004642356,42.930711610486895,0.6412801146507263,0.6701065301895142,0.007316293073440092,0.0012163750189434393,2
2024-06-25,0.6654599905014038,0.6644800901412964,0.66762286,0.66714835,0.005266648184964873,-7.275264134016927e-05,51.14957438580862,0.6412801146507263,0.6701065301895142,-0.0327824390894477,-0.03967552912777993,3
2024-06-26,0.6644800901412964,0.6644783020019531,0.66714835,0.6666649,0.005163507922884356,-0.00011583347306492911,48.213407315585464,0.6412801146507263,0.6701065301895142,-0.0030862946880555733,-0.04263480449414338,4
2024-06-27,0.6644783020019531,0.6650599241256714,0.6666649,0.6662077,0.005054881431691892,-0.0001462604474320886,46.471894117846425,0.6412801146507263,0.6701065301895142,-0.008969709638196547,-0.06268952676442138,5
2024-06-28,0.6650599241256714,0.6674007773399353,0.6641913,0.66626775,0.004954496561419484,-0.000129595959697894,62.54093468728872,0.6412801146507263,0.6701065301895142,0.014222117373647194,-0.023030683208763957,1
2024-07-01,0.6674007773399353,0.6654599905014038,0.66626775,0.6644433,0.004916974506761809,2.8276357904893695e-05,62.14586792125305,0.6412801146507263,0.6701065301895142,0.00816603727846639,-0.02220015637562485,2
2024-07-02,0.6654599905014038,0.6668298244476318,0.6644433,0.6642266,0.004856542078586838,-6.9296331580705976e-06,58.19980658768998,0.6412801146507263,0.6701065301895142,0.0006775653866961057,0.011070545667796774,3
2024-07-03,0.6668298244476318,0.6710900068283081,0.6642266,0.66381836,0.004781511318301064,4.9984066987462765e-05,51.10404095812763,0.6412801146507263,0.6701065301895142,0.024860493631748855,0.03972525881040615,4
2024-07-04,0.6710900068283081,0.6725085377693176,0.66381836,0.6651011,0.004896729974061035,0.00034599445562667687,65.11868191948255,0.6412801146507263,0.6710900068283081,0.0,0.04909324372885023,5
2024-07-05,0.6725085377693176,0.6746591329574585,0.67259514,0.6725017,0.004821319346387815,0.0005942125152192828,72.32879117125154,0.6412801146507263,0.6725085377693176,0.025546321916446516,0.061040911443722354,1
2024-07-08,0.6746591329574585,0.6743202209472656,0.6725017,0.6724656,0.004778899665617896,0.0008448275675092005,73.62122188676685,0.6412801146507263,0.6746591329574585,-0.007865990774347974,0.04416590551180254,2
2024-07-09,0.6743202209472656,0.6741496920585632,0.6724656,0.6713648,0.004684156045414117,0.0009230072868493546,67.99630592778246,0.6412801146507263,0.6746591329574585,-0.009565322367084766,0.033525220050735605,3
2024-07-10,0.6741496920585632,0.6751797795295715,0.6713648,0.6704463,0.004591745437963261,0.0008976516671782351,65.36354581673307,0.6424699425697327,0.6746591329574585,0.006423190591299147,0.014644392983972663,4
2024-07-11,0.6751797795295715,0.6768500804901123,0.6704463,0.66956675,0.004516185845345375,0.0008833058878014383,71.5737172700967,0.6424699425697327,0.6751797795295715,-0.021720901163740036,-0.007156967844835652,5
2024-07-12,0.6768500804901123,0.6771998405456543,0.6770083,0.67533994,0.004464949717258787,0.0009154565889390514,83.02200021820349,0.6425991654396057,0.6768500804901123,0.01976558846027169,-0.012879771838777561,1
2024-07-15,0.6771998405456543,0.6763300895690918,0.67533994,0.67485017,0.00438146667392626,0.0008887046441195916,81.55248976348689,0.6452862024307251,0.6771998405456543,-0.015228992799344712,-0.020121247860706418,2
2024-07-16,0.6763300895690918,0.6731998324394226,0.67485017,0.67476237,0.004307118027122756,0.0007465841603820104,82.0382247719728,0.6478001475334167,0.6771998405456543,-0.01894630220224455,-0.029270489154923328,3
2024-07-17,0.6731998324394226,0.6730697751045227,0.67476237,0.6762741,0.004348214774870697,0.0003936412640543692,70.1681842114694,0.6478001475334167,0.6771998405456543,-0.010177538893199707,-0.045252285403101514,4
2024-07-18,0.6730697751045227,0.6705500483512878,0.6762741,0.67548007,0.004266623660345108,0.0001176293674821252,68.91753781874594,0.6478001475334167,0.6771998405456543,-0.030700708760375874,-0.05378735717889246,5
2024-07-19,0.6705500483512878,0.6696308851242065,0.6719354,0.67196554,0.004267523015767673,-0.0002484658898353007,57.37558001239593,0.6478001475334167,0.6771998405456543,-0.011078471169803832,-0.08252689590867787,1
2024-07-22,0.6696308851242065,0.6640105843544006,0.67196554,0.67173564,0.004198434802454597,-0.0005491218050773196,60.259146967235715,0.6478001475334167,0.6771998405456543,-0.009167236684088352,-0.07694850737539423,2
2024-07-23,0.6640105843544006,0.6612094640731812,0.67173564,0.6726232,0.004524480185662673,-0.001091764784182422,44.26474404211925,0.6478001475334167,0.6771998405456543,-0.008286871976554549,-0.06705667742125507,3
2024-07-24,0.6612094640731812,0.6574798822402954,0.6726232,0.6733649,0.0045309944324333235,-0.0015752324597623764,28.631204978936452,0.653190016746521,0.6771998405456543,-0.011400955993048967,-0.06819735832874815,4
2024-07-25,0.6574798822402954,0.6542999744415283,0.6733649,0.671516,0.004611116914424174,-0.00205192800082199,20.45109891784074,0.6571398973464966,0.6771998405456543,0.0032881265324324637,-0.035982093456063576,5
2024-07-26,0.6542999744415283,0.6554999947547913,0.6571202,0.6573047,0.004641421435557922,-0.002459634059502758,11.527631353679539,0.6542999744415283,0.6771998405456543,-0.001947274275511693,-0.027139144229286913,1
2024-07-29,0.6554999947547913,0.6551405787467957,0.6573047,0.65946054,0.004570098952834155,-0.002517603438525189,15.556665786723627,0.6542999744415283,0.6771998405456543,-0.010408474810337234,-0.028345947095199987,2
2024-07-30,0.6551405787467957,0.6541501879692078,0.65946054,0.6596318,0.004482293416079348,-0.0024471072470247214,15.449849631228162,0.6542999744415283,0.6771998405456543,0.0002462533816531066,-0.02001922530176685,3
2024-07-31,0.6541501879692078,0.6547001004219055,0.6596318,0.6611369,0.004407533368556237,-0.0023344767348686046,11.72227936102901,0.6541501879692078,0.6771998405456543,0.023593370826798465,0.01488164689946495,4
2024-08-01,0.6547001004219055,0.6494898200035095,0.6611369,0.66023517,0.0043292484455741825,-0.0020977222259407286,7.9686655250650915,0.6541501879692078,0.6771998405456543,-0.022732313002838966,-0.011185410743160967,5
2024-08-02,0.6494898200035095,0.6497219204902649,0.6554373,0.65352887,0.004596312538544735,-0.0021584011819879073,5.606982229309693,0.6494898200035095,0.6771998405456543,0.00429420279958116,-0.0049944468711952935,1
2024-08-05,0.6497219204902649,0.6515498757362366,0.65352887,0.6546238,0.004507562769594331,-0.002050085312628496,6.483115201874767,0.6494898200035095,0.6771998405456543,-0.02479059580656718,-0.019202322532810838,2
2024-08-06,0.6515498757362366,0.6515001654624939,0.6546238,0.6548476,0.004467823481294023,-0.0017350085758906925,13.016730880448335,0.6494898200035095,0.6771998405456543,0.006878875148857098,-0.012675441267994792,3
2024-08-07,0.6515001654624939,0.6515973806381226,0.6548476,0.65365094,0.0043823944478655055,-0.0014227287676817357,13.052560646900275,0.6494898200035095,0.6771998405456543,-0.018619202580670492,-0.05348554220513352,4
2024-08-08,0.6515973806381226,0.659200131893158,0.65365094,0.65372235,0.00430024687947182,-0.001115953118069113,14.597051285191625,0.6494898200035095,0.6771998405456543,0.0019029332241082232,-0.029878334708595813,5
2024-08-09,0.659200131893158,0.6569784283638,0.6520357,0.6543941,0.004955568977670877,-0.00034717979372969,34.4087496814912,0.6494898200035095,0.6771998405456543,0.008832886712819966,-0.02546525189412581,1
2024-08-12,0.6569784283638,0.6585316061973572,0.6543941,0.65412265,0.004906600345642623,4.4681895101455604e-05,38.30004561772348,0.6494898200035095,0.6771998405456543,0.01866882114543386,0.017821250336697538,2
2024-08-13,0.6585316061973572,0.6638598442077637,0.65412265,0.6533078,0.004836344427573831,0.00042056290623142516,45.35160671532304,0.6494898200035095,0.6771998405456543,-0.004696598507653004,0.006107414660529139,3
2024-08-14,0.6638598442077637,0.6600006818771362,0.6533078,0.65082955,0.005067387207701297,0.001006680207781354,60.49239914208527,0.6494898200035095,0.6771998405456543,-0.0027291121621621237,0.022222246442522322,4
2024-08-15,0.6600006818771362,0.6612488627433777,0.65082955,0.6521573,0.005119579059219925,0.0011052314516062115,59.17042207605424,0.6494898200035095,0.6771998405456543,0.02792926345594375,0.04917617465270208,5
2024-08-16,0.6612488627433777,0.6672983765602112,0.66160893,0.6607345,0.005029835069891195,0.0012164391822193444,59.2335882422771,0.6494898200035095,0.6771998405456543,-0.0027822873448715467,0.037060310914598826,1
2024-08-19,0.6672983765602112,0.6735321879386902,0.6607345,0.66121626,0.005325480395974857,0.0016333874017145983,66.50964318437147,0.6494898200035095,0.6771998405456543,0.009404466138288877,0.027496983460981842,2
2024-08-20,0.6735321879386902,0.6747274398803711,0.66121626,0.6595075,0.005606153431558741,0.002228149341366153,73.03886004489084,0.6494898200035095,0.6771998405456543,-0.004088557498111929,0.028121933742551633,3
2024-08-21,0.6747274398803711,0.6749701499938965,0.6595075,0.6581998,0.005493948529685751,0.002576555576993109,73.44624647088295,0.6494898200035095,0.6771998405456543,0.007682204488819919,0.0388819525373482,4
2024-08-22,0.6749701499938965,0.6708199381828308,0.6581998,0.6605646,0.005372016813950603,0.0026856253139500973,83.7563980877989,0.6494898200035095,0.6771998405456543,-0.009732768985843696,0.00048317348900567183,5
2024-08-23,0.6708199381828308,0.6787806153297424,0.67468435,0.674689,0.0054227722244130664,0.002352498856521189,75.3219197289579,0.6494898200035095,0.6771998405456543,0.01283688121007074,0.016232564829346596,1
2024-08-26,0.6787806153297424,0.6772910952568054,0.674689,0.6769041,0.005916700756246288,0.0025272022498765423,78.48861717438534,0.6494898200035095,0.6787806153297424,0.004044782599055961,0.010800450091235947,2
2024-08-27,0.6772910952568054,0.6787898540496826,0.6769041,0.67803854,0.005796619307443045,0.0024021958005262744,76.19319158621659,0.6494898200035095,0.6787806153297424,0.004501323054126366,0.019520503711044603,3
2024-08-28,0.6787898540496826,0.6783100962638855,0.67803854,0.67922115,0.005685066584469251,0.002281119958659179,76.85216576495128,0.6494898200035095,0.6787898540496826,-0.020417457696083448,-0.008728919640821823,4
2024-08-29,0.6783100962638855,0.67958003282547,0.67922115,0.6796433,0.005557344964928474,0.0020373913014286376,71.96008701512902,0.6494898200035095,0.6787898540496826,0.0006029682943513182,0.0015697281970487912,5
2024-08-30,0.67958003282547,0.6768001914024353,0.6792542,0.6765704,0.0054497960591532455,0.0018365806734097316,76.55331783423433,0.6494898200035095,0.67958003282547,-0.000602968294351396,-0.011801165553951888,1
2024-09-02,0.6768001914024353,0.6787299513816833,0.6765704,0.67677045,0.005402516726918311,0.0014105637507694307,70.86142118159543,0.6494898200035095,0.67958003282547,0.0,-0.01579014229368231,2
2024-09-03,0.6787299513816833,0.6714000701904297,0.67677045,0.67884874,0.00532311183298154,0.0011630651955662217,68.4094789863382,0.6494898200035095,0.67958003282547,-0.02764023713283298,-0.04692120222696072,3
2024-09-04,0.6714000701904297,0.6716187596321106,0.67884874,0.6781466,0.005721760348084967,0.00044685324969695505,62.99584676520633,0.6494898200035095,0.67958003282547,-0.003105085111750596,-0.030277491617961977,4
2024-09-05,0.6716187596321106,0.6740502119064331,0.6781466,0.6792147,0.005592185041718684,-4.488048125654825e-05,62.106354552286575,0.6494898200035095,0.67958003282547,0.014326561027738912,-0.016877678364688273,5
2024-09-06,0.6740502119064331,0.6670802235603333,0.67169017,0.67313063,0.005526969039623701,-0.00022882247498156238,58.609781420681955,0.6494898200035095,0.67958003282547,-0.01557118096774766,-0.03148367681139164,1
2024-09-09,0.6670802235603333,0.6657878756523132,0.67313063,0.67197603,0.005860539949228788,-0.0008096604716771802,41.92423044211343,0.6494898200035095,0.67958003282547,0.017286439839061352,-0.014595933712157162,2
2024-09-10,0.6657878756523132,0.6653298139572144,0.67197603,0.67263114,0.005739676470484255,-0.0012446375775581001,38.8376928904958,0.6494898200035095,0.67958003282547,-0.01083079435184659,0.002108159485470008,3
2024-09-11,0.6653298139572144,0.6676998138427734,0.67263114,0.67378914,0.005610680758693975,-0.001509310706347918,38.027070082554566,0.6494898200035095,0.67958003282547,0.010463569894938275,0.015798086292642198,4
2024-09-12,0.6676998138427734,0.6726899147033691,0.67378914,0.67274046,0.005543089222524717,-0.0014694456912586035,45.94564451294602,0.6494898200035095,0.67958003282547,0.01217145342574411,0.013611289352515344,5
2024-09-13,0.6726899147033691,0.6713797450065613,0.6658624,0.6687641,0.005666417976789919,-0.0010702339702730029,41.42350439043388,0.6494898200035095,0.67958003282547,0.01011089337881664,0.03998008318548353,1
2024-09-16,0.6713797450065613,0.6751897931098938,0.6687641,0.6668368,0.005553969402715344,-0.0008663473025026999,41.63379549802773,0.6494898200035095,0.67958003282547,0.00906053645250728,0.03146039659731232,2
2024-09-17,0.6751897931098938,0.6762696504592896,0.6668368,0.6677478,0.005574732457567296,-0.0004668397510549651,45.217776862841355,0.6494898200035095,0.67958003282547,0.0001187212220558712,0.042816446438048404,3
2024-09-18,0.6762696504592896,0.676369845867157,0.6677478,0.66998583,0.005463085443294141,-0.00013883403899439583,47.332062478665385,0.6494898200035095,0.67958003282547,0.005797778381147515,0.03796221553272156,4
2024-09-19,0.676369845867157,0.6809576749801636,0.66998583,0.669084,0.005343426712718588,6.495779834780847e-05,45.67014718508919,0.6494898200035095,0.67958003282547,0.011262404495693233,0.03701908583172897,5
2024-09-20,0.6809576749801636,0.6809993982315063,0.6755841,0.67351454,0.00543843782575275,0.00046645392774493613,55.34678070924509,0.6494898200035095,0.6809576749801636,-0.0010504611301073035,0.025508902292358842,1
2024-09-23,0.6809993982315063,0.6834102272987366,0.67351454,0.6749969,0.005319554222403654,0.000679635188275025,53.06762058991774,0.6494898200035095,0.6809993982315063,0.001750230130358872,0.01803945332479335,2
2024-09-24,0.6834102272987366,0.6905400156974792,0.6749969,0.6758184,0.0052646634229336995,0.0009132507957590403,68.7241551702669,0.6494898200035095,0.6834102272987366,0.032233120582951455,0.05126381367872481,3
2024-09-25,0.6905400156974792,0.6821599006652832,0.6758184,0.6764641,0.005638137919345989,0.0014464992167514128,74.26897812897543,0.6494898200035095,0.6905400156974792,-0.0003387253064925078,0.04483248253491049,4
2024-09-26,0.6821599006652832,0.689280092716217,0.6764641,0.67693317,0.006122552199419166,0.0011464952497070471,59.024592142931056,0.6494898200035095,0.6905400156974792,0.03396927361253579,0.06882876616543135,5
2024-09-27,0.689280092716217,0.6918787360191345,0.6840358,0.6839202,0.00640725236969195,0.001326531824223611,74.62206050733931,0.6494898200035095,0.6905400156974792,-0.008770054674294606,0.06060960762030686,1
2024-09-30,0.6918787360191345,0.6915801763534546,0.6839202,0.68414056,0.006308746709205623,0.00150643258323414,78.12269516121987,0.6494898200035095,0.6918787360191345,-0.009959156737551753,0.048262946395565824,2
2024-10-01,0.6915801763534546,0.6879992485046387,0.68414056,0.68524635,0.006157756422126349,0.0014884913310187903,78.39224423591179,0.6494898200035095,0.6918787360191345,0.008747270990222236,0.023930453579292812,3
2024-10-02,0.6879992485046387,0.6887099742889404,0.68524635,0.6841636,0.006116674033747049,0.0011346214070199305,71.39531143594499,0.6494898200035095,0.6918787360191345,0.013251060309858634,0.037940429599268334,4
2024-10-03,0.6887099742889404,0.6850300431251526,0.6841636,0.6839191,0.005977819764695397,0.0008600456228086001,68.55909006791899,0.6494898200035095,0.6918787360191345,-0.020664692030848586,-0.017245142709215823,5
2024-10-04,0.6850300431251526,0.6800592541694641,0.688012,0.6884662,0.005953147627253399,0.0003674018985610483,64.99065268846485,0.6494898200035095,0.6918787360191345,0.00454323643639212,-0.00407395984970126,1
2024-10-07,0.6800592541694641,0.6755999326705933,0.6884662,0.68908215,0.006026465563296471,-0.0003193142995873812,55.21466048791697,0.6494898200035095,0.6918787360191345,-0.0007742044750523483,0.005115712028949617,2
2024-10-08,0.6755999326705933,0.6739597916603088,0.68908215,0.68972874,0.006056383024628932,-0.0010583041266243858,49.33121276909817,0.6494898200035095,0.6918787360191345,-0.023962600218861506,-0.027229604001752186,3
2024-10-09,0.6739597916603088,0.6717401146888733,0.68972874,0.68683887,0.005937470842871622,-0.00160899338184488,47.665106760415036,0.6494898200035095,0.6918787360191345,-0.013003527344188167,-0.05243693761411903,4
2024-10-10,0.6717401146888733,0.6740997433662415,0.68683887,0.68810505,0.00584327252347893,-0.002046108855665398,40.640429567636204,0.6494898200035095,0.6918787360191345,0.006865063336545291,-0.025988367376033456,5
2024-10-11,0.6740997433662415,0.6731105446815491,0.6707593,0.67379653,0.0057639094493388,-0.0020922200837763254,43.30900637094359,0.6494898200035095,0.6918787360191345,0.015051426299758246,-0.01569930316931963,1
2024-10-14,0.6731105446815491,0.6725999116897583,0.67379653,0.6728742,0.005641699179266373,-0.0020997859449066293,39.728592317843,0.6494898200035095,0.6918787360191345,-0.019966589598124317,-0.03441025300120396,2
2024-10-15,0.6725999116897583,0.6682080030441284,0.6728742,0.6741175,0.005517761810858125,-0.002047468920403226,29.38794908775145,0.6494898200035095,0.6918787360191345,-0.014543239227710301,-0.025272044125808683,3
2024-10-16,0.6682080030441284,0.6664889454841614,0.6741175,0.669604,0.005578657525083794,-0.0022033883572135232,32.35289682874755,0.6494898200035095,0.6918787360191345,0.007182639183070338,-0.00539608853382374,4
2024-10-17,0.6664889454841614,0.6699718832969666,0.669604,0.66858625,0.005482114571903198,-0.0023060557394570247,16.610431162153844,0.6494898200035095,0.6918787360191345,-0.010443370880604458,-0.02246299809091158,5
2024-10-18,0.6699718832969666,0.6716818809509277,0.6628799,0.6644829,0.0054859636759323135,-0.0020327286123569713,18.716506533566672,0.6494898200035095,0.6918787360191345,0.013785382802360822,-0.02369981935567907,1
2024-10-21,0.6716818809509277,0.6653094291687012,0.6644829,0.6625248,0.005396524047214027,-0.0016465755700182073,22.685842764290427,0.6494898200035095,0.6918787360191345,-0.005306331502970384,-0.009281577388423005,2
2024-10-22,0.6653094291687012,0.6685997843742371,0.6625248,0.6674046,0.005669739852789239,-0.0017219983725259987,21.07100625891036,0.6494898200035095,0.6918787360191345,0.005766385567984585,0.01104525856094856,3
2024-10-23,0.6685997843742371,0.663599967956543,0.6674046,0.66110814,0.0056507516276903084,-0.0014621916339403796,25.94246321773022,0.6494898200035095,0.6918787360191345,-0.010054969620869941,-0.00623339491539567,4
2024-10-24,0.663599967956543,0.663702130317688,0.66110814,0.66874015,0.005757953561861973,-0.0015316157671571506,25.148299959218377,0.6494898200035095,0.6918787360191345,0.0034786367081482633,0.007698586853333055,5
2024-10-25,0.663702130317688,0.6603406071662903,0.6634024,0.6662058,0.005628169291692944,-0.001474668876116375,28.61662222623943,0.6497219204902649,0.6918787360191345,0.004619474922603476,-0.0014956842728116415,1
2024-10-28,0.6603406071662903,0.6582671999931335,0.6662058,0.6621579,0.005609835540998825,-0.0015591835743592373,29.462267253896812,0.6515001654624939,0.6918787360191345,-0.0017298446095613334,0.0020818470088422797,2
2024-10-29,0.6582671999931335,0.6563001871109009,0.6621579,0.66119564,0.0055255716853244855,-0.0016421750088489264,29.122616702667898,0.6515001654624939,0.6918787360191345,0.00011546014043166252,-0.003564873157259643,3
2024-10-30,0.6563001871109009,0.6572798490524292,0.66119564,0.662774,0.005440897717666018,-0.0017093284588823934,29.31972952043367,0.6515973806381226,0.6918787360191345,-0.0011547609895255664,0.005343190367856402,4
2024-10-31,0.6572798490524292,0.657680094242096,0.662774,0.6670036,0.005333557156073063,-0.0015710888636729032,26.60662562609531,0.6563001871109009,0.6918787360191345,-0.0032403544840676935,-0.001389059382812976,5
2024-11-01,0.657680094242096,0.6591914296150208,0.6576451,0.6591909,0.005220931823990971,-0.0013447558290023702,28.181646557507477,0.6563001871109009,0.6918787360191345,0.007851309416842709,0.0018435066469856885,1
2024-11-04,0.6591914296150208,0.6584101915359497,0.6591909,0.66102,0.00513672898635954,-0.0010011001344694351,31.562443139999772,0.6563001871109009,0.6918787360191345,0.01359326842658909,0.017313086318757512,2
2024-11-05,0.6584101915359497,0.6641499996185303,0.66102,0.658419,0.005034288273238485,-0.0007459488411525501,35.042058404947284,0.6563001871109009,0.6918787360191345,0.009822251413223898,0.027236014088185545,3
2024-11-06,0.6641499996185303,0.6567001342773438,0.658419,0.65823555,0.005292170242302531,-0.00014178774433305785,46.81966054550671,0.6563001871109009,0.6918787360191345,-0.05258911842530857,-0.024263436698556816,4
2024-11-07,0.6567001342773438,0.6676815152168274,0.65823555,0.65831095,0.005727972094672806,-0.00019195616861865644,33.711200684726066,0.6563001871109009,0.6918787360191345,0.043447321295367755,0.022371605775549922,5
2024-11-08,0.6676815152168274,0.65845787525177,0.65774095,0.65693915,0.006687916335188644,0.0005270608372542991,46.000455286025705,0.6563001871109009,0.6918787360191345,-0.028404111061249033,-0.014031022988213265,1
2024-11-11,0.65845787525177,0.6577605605125427,0.65693915,0.65734404,0.0072057711943520454,0.0003998577998091408,43.51932869378532,0.6563001871109009,0.6918787360191345,-0.017770402770283862,-0.04447472119309048,2
2024-11-12,0.6577605605125427,0.6529401540756226,0.65734404,0.6614256,0.007023691350791627,0.0002921474266879068,39.21865291855,0.6563001871109009,0.6918787360191345,-0.021968305360875098,-0.07437363226057027,3
2024-11-13,0.6529401540756226,0.6492705345153809,0.6614256,0.66084045,0.007032369547362232,-6.149090926223493e-05,39.359127224955195,0.6529401540756226,0.6918787360191345,-0.013072124212538998,-0.03706331991150083,4
2024-11-14,0.6492705345153809,0.6455498337745667,0.66084045,0.65808177,0.006963222764839693,-0.0004771531417248863,36.551855908536496,0.6492705345153809,0.6918787360191345,0.0017201059739166069,-0.0764172119838589,5
2024-11-15,0.6455498337745667,0.6463413834571838,0.64947456,0.6480895,0.006902099269195973,-0.0009120734029249818,36.30880392658833,0.6455498337745667,0.6918787360191345,-0.005416024015032468,-0.05493989504576591,1
2024-11-18,0.6463413834571838,0.650590181350708,0.6480895,0.64819795,0.0067360650357547545,-0.0010462249043216663,38.692431329021645,0.6455498337745667,0.6918787360191345,0.01397245036674078,-0.02445978743095288,2
2024-11-19,0.650590181350708,0.6541501879692078,0.64819795,0.6478796,0.006731074273046229,-0.0007618098683102106,44.81055418804604,0.6455498337745667,0.6918787360191345,0.005341190903602937,0.0025488418048948414,3
2024-11-20,0.6541501879692078,0.6513999700546265,0.6478796,0.64784825,0.0066779533132889325,-0.0002721756730359511,47.2830873259726,0.6455498337745667,0.6918787360191345,0.0032633707191537793,0.01906046895632941,4
2024-11-21,0.6513999700546265,0.6510289311408997,0.64784825,0.64812064,0.006577167065862692,-8.16649625416093e-05,44.76183847473216,0.6455498337745667,0.6918787360191345,-0.007388136557883757,0.00982076167507639,5
2024-11-22,0.6510289311408997,0.6539880037307739,0.6506462,0.6534689,0.006418499374343038,6.339383303648628e-05,43.059759130908965,0.6455498337745667,0.6918787360191345,-0.009527380066168888,0.005677551917394998,1
2024-11-25,0.6539880037307739,0.646379828453064,0.6534689,0.6527203,0.006346372660139828,0.00038473547617611653,46.37427037762478,0.6455498337745667,0.6918787360191345,0.004286314657899773,-0.004016552332532198,2
2024-11-26,0.646379828453064,0.6475173830986023,0.6527203,0.6515833,0.00669791028804117,0.00012446857121019544,35.86343195400947,0.6455498337745667,0.6918787360191345,-0.012914458354139725,-0.022033917091298035,3
2024-11-27,0.6475173830986023,0.6497219204902649,0.6515833,0.65389925,0.006546702508209681,7.11526801812877e-05,41.879345333790155,0.6455498337745667,0.6918787360191345,0.006908460270460658,-0.018462638279616122,4
2024-11-28,0.6497219204902649,0.6507400274276733,0.65389925,0.6512462,0.006434254772871701,0.0002182747573294926,31.199115463907233,0.6455498337745667,0.6918787360191345,0.0,-0.011184051727036284,5
2024-11-29,0.6507400274276733,0.6502415537834167,0.65072566,0.64951473,0.0062908302790900495,0.00040710237521341796,40.244674214731084,0.6455498337745667,0.6918787360191345,0.00331395542562012,0.0015955435270758422,1
2024-12-02,0.6502415537834167,0.6475300192832947,0.64951473,0.65055025,0.006143776513680032,0.0005144590639330447,40.447993554659696,0.6455498337745667,0.6918787360191345,-0.0012261194171518171,-0.003910496093641412,2
2024-12-03,0.6475300192832947,0.6485504508018494,0.65055025,0.6489437,0.0060664260100284605,0.00042271860760689523,42.7379544629013,0.6455498337745667,0.6918787360191345,0.017150550571007218,0.02649167447523416,3
2024-12-04,0.6485504508018494,0.6432936787605286,0.6489437,0.65001315,0.005936767946052139,0.00044819899577808013,48.95942256177917,0.6455498337745667,0.6918787360191345,-0.0009651810670761947,0.018441182129404488,4
2024-12-05,0.6432936787605286,0.6449898481369019,0.65001315,0.6519936,0.006061570696203253,0.00014419741161075719,46.87826795499005,0.6432936787605286,0.6918787360191345,-0.001691427036356159,0.016720019200111805,5
2024-12-06,0.6449898481369019,0.639991819858551,0.6448379,0.64520395,0.005950915546346478,9.301099855836201e-05,48.17561707187948,0.6432936787605286,0.6918787360191345,0.0008460711338127912,0.014213965432842037,1
2024-12-09,0.639991819858551,0.643790602684021,0.64520395,0.6450652,0.0060521066801291525,-0.000224452533067368,35.97733800411032,0.639991819858551,0.6918787360191345,0.02033065993438071,0.03631450449593498,2
2024-12-10,0.643790602684021,0.6376001834869385,0.6450652,0.643134,0.006056518867358587,-0.00013026793464235818,36.379324126710955,0.639991819858551,0.6918787360191345,0.0,0.018692684080309226,3
2024-12-11,0.6376001834869385,0.6383902430534363,0.643134,0.6443242,0.006275063488033915,-0.00042019820504155935,33.361361205974674,0.6376001834869385,0.6918787360191345,-0.0022517461047863417,0.017382912422678014,4
2024-12-12,0.6383902430534363,0.6375001668930054,0.6443242,0.644014,0.006133936199375648,-0.0004892500460897363,34.913755076369654,0.6376001834869385,0.6918787360191345,-0.004518987951738658,0.014510263472407563,5
2024-12-13,0.6375001668930054,0.6367115378379822,0.6374191,0.63688475,0.005997509832566862,-0.0005223469923052865,29.296583809093278,0.6375001668930054,0.6918787360191345,-0.01102599903417866,0.002537139949653557,1
2024-12-16,0.6367115378379822,0.6376400589942932,0.63688475,0.63690835,0.005864457955947739,-0.0005235084586677425,35.35088622410551,0.6367115378379822,0.6918787360191345,-0.0013265764037010605,-0.01894161902904953,2
2024-12-17,0.6376400589942932,0.6341153979301453,0.63690835,0.6362954,0.005740929179560528,-0.00039381480238175927,34.93876037474506,0.6367115378379822,0.6918787360191345,-0.012629201966152723,-0.03125369397812252,3
2024-12-18,0.6341153979301453,0.6206199526786804,0.6362954,0.63704425,0.005736446428789297,-0.00047219654834468935,27.12369076783824,0.6341153979301453,0.6918787360191345,0.002075347014305267,-0.02705275613333742,4
2024-12-19,0.6206199526786804,0.6233997941017151,0.63704425,0.6348501,0.007299110134904346,-0.001312122946519217,17.674001461073644,0.6206199526786804,0.6918787360191345,-0.019580631900887508,-0.041597135021522465,5
2024-12-20,0.6233997941017151,0.6252892017364502,0.62088674,0.62362254,0.007185687923466673,-0.001543699082283862,22.53723661165128,0.6206199526786804,0.6918787360191345,0.005085840171359418,-0.02603043482857998,1
2024-12-23,0.6252892017364502,0.6244925856590271,0.62362254,0.623904,0.007039830176344352,-0.0014351404572616345,26.85526219484207,0.6206199526786804,0.6915801763534546,-0.004464324542501597,-0.029081716438908393,2
2024-12-24,0.6244925856590271,0.6239081621170044,0.623904,0.62157184,0.006870968700251242,-0.0012872275590596017,24.84719771070762,0.6206199526786804,0.6887099742889404,0.00656557970297388,-0.01026513965333265,3
2024-12-25,0.6239081621170044,0.6244574785232544,0.62157184,0.6253751,0.006706134421400279,-0.0011059265195104218,27.537623194811843,0.6206199526786804,0.6887099742889404,0.0,-0.012317052988123382,4
2024-12-26,0.6244574785232544,0.6200800538063049,0.6253751,0.6212868,0.006548536174703115,-0.0008383292747601136,25.559163007972032,0.6206199526786804,0.6850300431251526,0.005540871925046577,0.012809312585986053,5
2025-01-03,0.6200800538063049,0.6220104694366455,0.6188005,0.6193663,0.005929476408398413,-0.00013686042276550917,22.30724769512115,0.6194201707839966,0.6740997433662415,0.012705730469062898,-0.007981284375865967,1
2025-01-06,0.6220104694366455,0.623910129070282,0.6193663,0.61594504,0.005837384401336016,0.00015179628632395505,27.448380790760027,0.6194201707839966,0.6731105446815491,0.021429735158765856,0.01587688739483173,2
2025-01-07,0.623910129070282,0.6234919428825378,0.61594504,0.6184189,0.005747437156588669,0.000512907047243656,29.547496688177233,0.6194201707839966,0.6725999116897583,0.008084555631823191,0.02842670957710182,3
2025-01-08,0.6234919428825378,0.6211604475975037,0.6184189,0.618706,0.00562075140818479,0.0007514120570664556,32.56101570205237,0.6194201707839966,0.6716818809509277,0.01597552148922448,0.06058702888106693,4
2025-01-09,0.6211604475975037,0.6189700961112976,0.618706,0.61847407,0.005553778555484501,0.0007767517938209404,51.40061041159536,0.6194201707839966,0.6716818809509277,0.012225389355236115,0.0729597294085199,5
2025-01-10,0.6189700961112976,0.6154982447624207,0.6222423,0.62404066,0.005483170163640551,0.0006743924092859031,38.15936219433699,0.6189700961112976,0.6716818809509277,-0.0011690706262276669,0.05817542837432925,1
2025-01-13,0.6154982447624207,0.6192100048065186,0.62404066,0.62323076,0.005497093419764909,0.0004140401334131712,25.869996327579884,0.6154982447624207,0.6716818809509277,0.004900805420346145,0.04082867761393312,2
2025-01-14,0.6192100048065186,0.619160532951355,0.62323076,0.62592494,0.0055406139470268135,0.0005258066862518602,38.616636226087444,0.6154982447624207,0.6685997843742371,0.0034860233805795665,0.03605338146364766,3
2025-01-15,0.619160532951355,0.6235401034355164,0.62592494,0.62357396,0.005419632823115003,0.000623719671716802,39.52796154695668,0.6154982447624207,0.6685997843742371,0.011303415838173602,0.031224120797995875,4
2025-01-16,0.6235401034355164,0.6210300922393799,0.62357396,0.62504995,0.00552740401408177,0.0009890463007962928,48.26899761341884,0.6154982447624207,0.6676815152168274,0.01163071682537297,0.03061106244377288,5
2025-01-17,0.6210300922393799,0.6195403337478638,0.6209507,0.62060136,0.005474275460001553,0.0010609003513595908,47.63394125586021,0.6154982447624207,0.6676815152168274,-0.016689905700843943,0.014738613581286432,1
2025-01-20,0.6195403337478638,0.6281000375747681,0.62060136,0.6224844,0.005378978908219256,0.0010077369047676362,44.72202211958134,0.6154982447624207,0.6676815152168274,0.0,0.00977774314311354,2
2025-01-21,0.6281000375747681,0.6262015104293823,0.6224844,0.6234444,0.006061393133489277,0.0015180382002039795,58.429703870636146,0.6154982447624207,0.6676815152168274,-0.006128301580466994,0.00011593210184236907,3
2025-01-22,0.6262015104293823,0.6275002360343933,0.6234444,0.6235645,0.005957224341673487,0.0016838776582350015,59.551008895201825,0.6154982447624207,0.6676815152168274,-0.009204786171019986,-0.02018576031546615,4
2025-01-23,0.6275002360343933,0.6283262372016907,0.6235645,0.6253049,0.005841854104811279,0.0018253248348568283,60.266031138672645,0.6154982447624207,0.6676815152168274,0.006533654698869979,-0.025167228157144683,5
2025-01-24,0.6283262372016907,0.6292909979820251,0.6270168,0.62647283,0.005719789873031356,0.001909740053551148,59.013492891180704,0.6154982447624207,0.6676815152168274,-0.002212010159230562,-0.010951039186174481,1
2025-01-27,0.6292909979820251,0.6263799667358398,0.62647283,0.62441087,0.005604920375505296,0.0019584861911092696,57.88979664607608,0.6154982447624207,0.6676815152168274,-0.020369261459914086,-0.030893440556739114,2
2025-01-28,0.6263799667358398,0.6254573464393616,0.62441087,0.6251689,0.005570413175023081,0.0017305125077898553,53.94614035173448,0.6154982447624207,0.6676815152168274,0.0040361400459950495,-0.020992781408593158,3
2025-01-29,0.6254573464393616,0.6239782571792603,0.6251689,0.6234268,0.0054576432131837,0.0014639985123544143,56.10629993291456,0.6154982447624207,0.6676815152168274,0.008728571240526836,-0.003277522791118762,4
2025-01-30,0.6239782571792603,0.6215001940727234,0.6234268,0.6237081,0.005363162539356014,0.001148450001977217,57.26391393580804,0.6154982447624207,0.6676815152168274,0.007138274803439134,-0.002674702122338482,5
2025-01-31,0.6215001940727234,0.614420473575592,0.62160796,0.62221366,0.005316392657165179,0.0007523394549675084,58.963727064587694,0.6154982447624207,0.6676815152168274,-0.006081895310409236,-0.0065267781302247845,1
2025-02-03,0.614420473575592,0.6217397451400757,0.62221366,0.6224351,0.005757319493435843,3.111719540106143e-05,43.50079506172041,0.614420473575592,0.65845787525177,0.007480180735855045,0.021529763102614546,2
2025-02-04,0.6217397451400757,0.6251093745231628,0.6224351,0.62220275,0.006196272271945853,6.276798779279551e-05,52.923159649696416,0.614420473575592,0.6577605605125427,0.011231533344878048,0.028906579234281207,3
2025-02-05,0.6251093745231628,0.6285473704338074,0.62220275,0.6221185,0.006170051145629365,0.00031244583886634743,51.820208126501974,0.614420473575592,0.6541501879692078,0.020964651419344747,0.041573702557784656,4
2025-02-06,0.6285473704338074,0.6281801462173462,0.6221185,0.62208754,0.006148477131799524,0.0006893411657132101,58.53559164193004,0.614420473575592,0.6541501879692078,0.004275338767884391,0.038596008179180456,5
2025-02-07,0.6281801462173462,0.6258898973464966,0.6294249,0.6287115,0.00600848732665167,0.0008818050591594964,60.06681019515244,0.614420473575592,0.6541501879692078,0.028336209444502193,0.07496479661922238,1
2025-02-10,0.6258898973464966,0.6271283030509949,0.6287115,0.62702405,0.005922821519980318,0.0008238488748476107,46.98421838553206,0.614420473575592,0.6541501879692078,0.02564242139116298,0.09466694191592809,2
2025-02-11,0.6271283030509949,0.629830002784729,0.62702405,0.6280909,0.005807468670871342,0.0008352851693744869,51.2878277131844,0.614420473575592,0.6541501879692078,-0.0228089383976497,0.05803105189777886,3
2025-02-12,0.629830002784729,0.6282985806465149,0.6280909,0.62680274,0.005757829202067148,0.0009810960383874595,53.115847640973236,0.614420473575592,0.6541501879692078,0.0222769264194491,0.05942039099462237,4
2025-02-13,0.6282985806465149,0.6316919922828674,0.62680274,0.6268298,0.0056535334109427135,0.0009311025758754412,49.96369690672609,0.614420473575592,0.6539880037307739,0.014999774021689321,0.07084321859047207,5
2025-02-14,0.6316919922828674,0.6356511116027832,0.6296337,0.6308982,0.005655946279259341,0.0010731727067092305,52.962739589002815,0.614420473575592,0.6539880037307739,-0.023872587026951185,0.016370142615055504,1
2025-02-17,0.6356511116027832,0.6356107592582703,0.6308982,0.62857413,0.005700011513812443,0.0013618331910334684,61.151802281063496,0.614420473575592,0.6539880037307739,0.0,-0.009360737935553285,2
2025-02-18,0.6356107592582703,0.6353119015693665,0.62857413,0.6288981,0.005575125725562367,0.0014689007779796273,62.477878439829354,0.614420473575592,0.6507400274276733,-0.015473949459281645,-0.0020676954116424233,3
2025-02-19,0.6353119015693665,0.6341274976730347,0.6288981,0.6283117,0.005455209570001238,0.0014366916658953566,64.34441626395048,0.614420473575592,0.6507400274276733,-0.006125566588133508,-0.030012727837424712,4
2025-02-20,0.6341274976730347,0.6404098868370056,0.6283117,0.628268,0.005352558523295879,0.0012590870708952596,66.52279643792497,0.614420473575592,0.6507400274276733,0.011129332905545155,-0.03375975046488873,5
2025-02-21,0.6404098868370056,0.6370319724082947,0.6315289,0.6310369,0.0056649722219818425,0.0014733053055263666,84.73180290261426,0.614420473575592,0.6507400274276733,-0.010471269367841866,-0.020723702939401897,1
2025-02-24,0.6370319724082947,0.6338099837303162,0.6310369,0.6331027,0.005654297430104847,0.0013020248571978177,72.84257948485092,0.614420473575592,0.6502415537834167,-0.009474510390437337,-0.02995805184596864,2
2025-02-25,0.6338099837303162,0.6352877020835876,0.6331027,0.6332767,0.005634892129809044,0.000905083345988305,63.05400745473146,0.614420473575592,0.6485504508018494,-0.006886650883797669,-0.021592143138089753,3
2025-02-26,0.6352877020835876,0.6310780644416809,0.6332767,0.63424516,0.005537214747265178,0.0006853716376153812,60.74493557827524,0.614420473575592,0.6485504508018494,0.012405953665810794,-0.0032917144602511196,4
2025-02-27,0.6310780644416809,0.623219907283783,0.63424516,0.6372234,0.005600418574473783,0.00022374591344770378,54.11547609978246,0.614420473575592,0.6449898481369019,0.008331578098502572,-0.0060763626595096935,5
2025-02-28,0.623219907283783,0.6220685243606567,0.6286414,0.6287999,0.006102651341023082,-0.0005986576000053478,46.725985566416554,0.614420473575592,0.6449898481369019,-0.014404511438083157,-0.009978026799712601,1
2025-03-03,0.6220685243606567,0.6215812563896179,0.6287999,0.62875354,0.005975589863454215,-0.001174702766040543,43.78229195812135,0.614420473575592,0.643790602684021,0.013640030476108149,0.013172401591244692,2
2025-03-04,0.6215812563896179,0.6269985437393188,0.62875354,0.62828785,0.00584311578270038,-0.0015210784032250013,39.28010943675085,0.614420473575592,0.643790602684021,-0.010764556028160344,0.009251023403499046,3
2025-03-05,0.6269985437393188,0.6338099837303162,0.62828785,0.6294216,0.006020005454022582,-0.001325062274089004,48.46548592125018,0.614420473575592,0.6404098868370056,0.05144233767329024,0.04942760641594816,4
2025-03-06,0.6338099837303162,0.6332280039787292,0.6294216,0.6299111,0.0063389872902091735,-0.0007073693335606707,52.313333142367576,0.614420473575592,0.6404098868370056,0.002618996735577343,0.04344975656317446,5
2025-03-07,0.6332280039787292,0.6303898096084595,0.6398948,0.63896793,0.006194086708410329,-0.0003279765593186485,47.142614149939476,0.614420473575592,0.6404098868370056,-0.020292329949920637,0.03732416465304328,1
2025-03-10,0.6303898096084595,0.6279513835906982,0.63896793,0.6408287,0.0061262492249468,-0.00026107292991998736,44.22443680461871,0.614420473575592,0.6404098868370056,-0.009332316703541513,0.013766022728977697,2
2025-03-11,0.6279513835906982,0.6295286417007446,0.6408287,0.6411376,0.006042113394556654,-0.0003674313210522901,42.225602270452264,0.614420473575592,0.6404098868370056,0.021430455186379798,0.04693530897151047,3
2025-03-12,0.6295286417007446,0.6327592134475708,0.6411376,0.6406325,0.005932382619686442,-0.00031970247742740257,45.18253133764739,0.614420473575592,0.6404098868370056,0.01694430857674518,0.011433987840227288,4
2025-03-13,0.6327592134475708,0.6287410259246826,0.6406325,0.63934004,0.005908005039259172,-7.16574846012241e-05,41.438220474310725,0.614420473575592,0.6404098868370056,0.015947632797405603,0.025005265763140345,5
2025-03-14,0.6287410259246826,0.6326191425323486,0.631769,0.6336775,0.005933010204882574,-0.0001734966988906414,40.85278199740904,0.614420473575592,0.6404098868370056,-0.005937733472506577,0.039824913300253756,1
2025-03-17,0.6326191425323486,0.638198733329773,0.6336775,0.6309018,0.005954998383520902,1.502114055479994e-05,48.704921156995006,0.614420473575592,0.6404098868370056,0.013057342105819809,0.06336882487162808,2
2025-03-18,0.638198733329773,0.6361202001571655,0.6309018,0.6318583,0.006128811904773584,0.0004841966110944499,52.906526249135574,0.614420473575592,0.6404098868370056,0.01198830020340408,0.05337558472913837,3
2025-03-19,0.6361202001571655,0.6364116668701172,0.6318583,0.63298965,0.006028328510252835,0.0006148607311076619,55.25809695838052,0.614420473575592,0.6404098868370056,0.01648665430651425,0.05289361319120863,4
2025-03-20,0.6364116668701172,0.6303898096084595,0.63298965,0.632488,0.00589363130001634,0.0006763493295470043,66.33464165359084,0.614420473575592,0.6404098868370056,0.0017714450653270794,0.038072894515949196,5
2025-03-21,0.6303898096084595,0.6288319230079651,0.636989,0.6395602,0.006110242243092491,0.0002868135933639191,59.19475428493148,0.614420473575592,0.6404098868370056,0.0004915325117683023,0.044768441929863075,1
2025-03-24,0.6288319230079651,0.6285908222198486,0.6395602,0.64161474,0.005993521099012688,-8.076887824860909e-05,57.826578170560026,0.614420473575592,0.6404098868370056,-0.00462985906017308,0.02645187424024765,2
2025-03-25,0.6285908222198486,0.6309000849723816,0.64161474,0.6456463,0.005859319055570603,-0.00033110390546512553,51.934978241092175,0.614420473575592,0.6404098868370056,0.02322734568162919,0.03805328581196973,3
2025-03-26,0.6309000849723816,0.6287015080451965,0.6456463,0.64520836,0.005786720729875097,-0.00033131463438283433,46.02933186717375,0.614420473575592,0.6404098868370056,0.0063467838469931665,0.027580744797815793,4
2025-03-27,0.6287015080451965,0.6301594376564026,0.64520836,0.6456619,0.005706624685728215,-0.00046166591623614023,44.08440830061694,0.614420473575592,0.6404098868370056,-0.02298064644999868,0.002458172895057004,5
2025-03-28,0.6301594376564026,0.6282907128334045,0.63388944,0.63368106,0.0056063410836656,-0.0004323516108151608,49.6876631384319,0.614420473575592,0.6404098868370056,0.002938365143867073,0.004914023567330483,1
2025-03-31,0.6282907128334045,0.6241885423660278,0.63368106,0.6330762,0.005520218849360262,-0.0005158126103999357,50.46727898024344,0.614420473575592,0.6404098868370056,-0.018258628772333623,-0.008688812726354047,2
2025-04-01,0.6241885423660278,0.6289584636688232,0.6330762,0.63345045,0.005578698370169724,-0.0008069414648410873,43.124449369633744,0.614420473575592,0.6404098868370056,-0.00019920859062432655,-0.031641912320292516,3
2025-04-02,0.6289584636688232,0.6264698505401611,0.63345045,0.63180417,0.005706531316872086,-0.0006449356991196749,45.29299389386907,0.614420473575592,0.6404098868370056,0.0008961737723840239,-0.03690569622017882,4
2025-04-03,0.6264698505401611,0.6323510408401489,0.63180417,0.63397187,0.005644038158712423,-0.0006691593133382054,47.07652411422609,0.614420473575592,0.6404098868370056,-0.04322195932757321,-0.056204018771529,5
2025-04-04,0.6323510408401489,0.5987701416015625,0.6233892,0.6218319,0.005885094758136725,-0.0002731716022938426,49.671820643926125,0.614420473575592,0.6404098868370056,-0.09282933543076072,-0.1423961147916047,1
2025-04-07,0.5987701416015625,0.5997613072395325,0.6218319,0.6214313,0.01334145170802845,-0.002152317653949121,21.365533123246863,0.5987701416015625,0.6404098868370056,-0.050399365743322516,-0.1695218795591023,2
2025-04-08,0.5997613072395325,0.595528781414032,0.6214313,0.62151736,0.012941494984030183,-0.0031477515491527795,23.171131833323514,0.5987701416015625,0.6404098868370056,-0.01000432390887126,-0.17762502225525068,3
2025-04-09,0.595528781414032,0.6133614778518677,0.62151736,0.6227505,0.012654054762176119,-0.0038632989185766603,21.491042489465542,0.595528781414032,0.6404098868370056,0.011562180836784862,-0.16880661996348756,4
2025-04-10,0.6133614778518677,0.6403483152389526,0.6227505,0.62245184,0.014033438437805364,-0.002948952484289646,39.80494036870767,0.595528781414032,0.6404098868370056,0.03425278839115362,-0.10184988242113156,5
2025-04-25,0.6403483152389526,0.63840651512146,0.6440658,0.6361622,0.011672284073617461,0.0026048562482792964,56.88110484462975,0.595528781414032,0.6421988606452942,-0.0029941980225562568,0.034552842210761624,1
2025-04-28,0.63840651512146,0.6428800821304321,0.6361622,0.63459784,0.011361730854583805,0.002314611981532328,53.12442720577291,0.595528781414032,0.6421988606452942,0.0005168878655258812,0.022508648121600274,2
2025-04-29,0.6428800821304321,0.6386919617652893,0.63459784,0.6326201,0.011154509278361839,0.0022883156488957604,82.53040541134561,0.595528781414032,0.6428800821304321,-0.0031052435334028017,-0.00975261937351989,3
2025-04-30,0.6386919617652893,0.6413093209266663,0.6326201,0.63119876,0.010936165197622123,0.0018708510778703983,77.41789508503918,0.595528781414032,0.6428800821304321,-0.05607352061762226,-0.05697442543363044,4
2025-05-01,0.6413093209266663,0.6386797428131104,0.63119876,0.62955034,0.010672633067747786,0.0016601397723522765,82.99269759450172,0.595528781414032,0.6428800821304321,0.004594671450517154,-0.05546392962787922,5
2025-05-02,0.6386797428131104,0.644558310508728,0.64755565,0.6460657,0.010414867845201604,0.0012514321695599674,73.36638303771231,0.595528781414032,0.6428800821304321,0.010099495402357292,-0.043015141441810484,1
2025-05-05,0.644558310508728,0.6461409330368042,0.6460657,0.63915074,0.010332570428081849,0.0012801671732659728,71.75021646941305,0.595528781414032,0.644558310508728,0.005925177969817894,-0.03782546872315758,2
2025-05-06,0.6461409330368042,0.6506688594818115,0.63915074,0.6417271,0.010063828349853709,0.0013045014472565473,67.84053244415514,0.595528781414032,0.6461409330368042,0.017039799034740594,-0.018245868037416145,3
2025-05-07,0.6506688594818115,0.6434799432754517,0.6417271,0.6499652,0.009911977627838646,0.0015097909788044563,69.64561345873892,0.595528781414032,0.6506688594818115,-0.025344934089104907,0.012390341830550685,4
2025-05-08,0.6434799432754517,0.6392595171928406,0.6499652,0.64782625,0.009942483675009417,0.0010665554992654131,59.15432841905633,0.595528781414032,0.6506688594818115,-0.012094951453395206,-0.004365854960933389,5
2025-05-09,0.6392595171928406,0.642091691493988,0.6523698,0.64907426,0.009775161772240686,0.0004270834520822518,51.82675371579386,0.595528781414032,0.6506688594818115,0.010902897168546432,-0.0035656393260454274,1
2025-05-12,0.642091691493988,0.6371780633926392,0.64907426,0.65452635,0.009560142063943728,0.000147243378178394,49.896093388811835,0.595528781414032,0.6506688594818115,-0.007073377887293767,-0.016434030580881873,2
2025-05-13,0.6371780633926392,0.6472617387771606,0.65452635,0.6535986,0.009448866988216714,-0.0003871712741789343,49.57419345948293,0.595528781414032,0.6506688594818115,0.022247173859377273,-0.011298875177932762,3
2025-05-14,0.6472617387771606,0.6428800821304321,0.6535986,0.6554116,0.009834832970125192,-9.515812754360385e-05,58.8120087188788,0.595528781414032,0.6506688594818115,-0.015173795972083464,-0.0011913440703725517,4
2025-05-15,0.6428800821304321,0.640578031539917,0.6554116,0.6545612,0.009679463487365161,-0.00022339067070229878,52.0596860913485,0.595528781414032,0.6506688594818115,0.007238909746494404,0.018307369178190317,5
2025-05-16,0.640578031539917,0.6410001516342163,0.6406054,0.64057016,0.00944681207162927,-0.00047507815621078073,51.75631428538372,0.595528781414032,0.6506688594818115,-0.01934837533708332,-0.012036441071987002,1
2025-05-19,0.6410001516342163,0.6455819606781006,0.64057016,0.64186436,0.009191135503849906,-0.0006160179258184214,48.37288485348741,0.595528781414032,0.6506688594818115,0.0169772425792154,0.012012735098903228,2
2025-05-20,0.6455819606781006,0.6425999999046326,0.64186436,0.6391977,0.009083709003386559,-0.0004132892165932293,55.923058397938114,0.595528781414032,0.6506688594818115,-0.0030260346385719466,-0.013243575430261126,3
2025-05-21,0.6425999999046326,0.6433101892471313,0.6391977,0.63916284,0.008893841685796773,-0.00048754328640488115,51.10263340672681,0.595528781414032,0.6506688594818115,0.003996732489320712,0.005855551952188467,4
2025-05-22,0.6433101892471313,0.6409804821014404,0.63916284,0.640321,0.008656816786798372,-0.0004947766703955045,54.0899422987828,0.595528781414032,0.6506688594818115,0.002261338227305517,0.0008612740038163401,5
2025-05-23,0.6409804821014404,0.6501189470291138,0.64794004,0.6490273,0.008458501534672423,-0.0006524949969874622,46.62843469860029,0.595528781414032,0.6506688594818115,0.03342458026543332,0.05509821662590008,1
2025-05-26,0.6501189470291138,0.6481007933616638,0.6490273,0.64956445,0.00882219093444314,-0.0001629073968615292,53.2813935056532,0.595528781414032,0.6506688594818115,0.0,0.03733675518572619,2
2025-05-27,0.6481007933616638,0.6447120904922485,0.64956445,0.64828813,0.008610238801334902,-4.8840092075471894e-06,47.79014791160387,0.595528781414032,0.6506688594818115,-0.0202812436660701,0.01959083770773821,3
2025-05-28,0.6447120904922485,0.6425207257270813,0.64828813,0.6503587,0.008455785286030821,-0.00015041661013860327,51.134475272258705,0.595528781414032,0.6506688594818115,-0.014111840791877541,0.0012936701049730578,4
2025-05-29,0.6425207257270813,0.6445998549461365,0.6503587,0.65349245,0.008261043691763515,-0.00040182901394230936,53.119241995804074,0.595528781414032,0.6506688594818115,0.002043566522742006,0.001075640416875799,5
2025-05-30,0.6445998549461365,0.644321620464325,0.6442145,0.6456874,0.008073422029984201,-0.00043297657428244913,52.434041411096175,0.595528781414032,0.6506688594818115,-0.0002148995271001742,-0.032039905709952646,1
2025-06-02,0.644321620464325,0.6498401165008545,0.6456874,0.6434784,0.007856898266974985,-0.0004738881943596226,57.61780846820071,0.595528781414032,0.6506688594818115,0.03837293468076727,0.005825419364221747,2
2025-06-03,0.6498401165008545,0.646608829498291,0.6434784,0.64347166,0.007887552468283347,-0.0001477611966772363,53.04614067257615,0.595528781414032,0.6506688594818115,-0.00518450319141898,0.02112530328766563,3
2025-06-04,0.646608829498291,0.6490682363510132,0.64347166,0.6444977,0.007754100119763681,-0.00016673155503078288,54.528292599595225,0.595528781414032,0.6506688594818115,0.011370771023053533,0.047480617966164276,4
2025-06-05,0.6490682363510132,0.6510501503944397,0.6444977,0.6461069,0.007597648066302509,-3.7460990682809236e-05,60.27147937800879,0.595528781414032,0.6506688594818115,0.010022539816397101,0.05587187011257291,5
2025-06-06,0.6510501503944397,0.6500217914581299,0.64901936,0.6502385,0.007428966757590552,0.00014756044111425334,61.71633857036641,0.595528781414032,0.6510501503944397,-0.017140032791401298,0.03815148098800861,1
2025-06-09,0.6500217914581299,0.6518101692199707,0.6502385,0.65010595,0.007238761019730378,0.00016538139825246663,55.64356045567917,0.595528781414032,0.6510501503944397,0.016325676622677046,0.015513556447825906,2
2025-06-10,0.6518101692199707,0.6527202129364014,0.65010595,0.64952844,0.007075613776291041,0.0002568507510707931,62.07359437923592,0.595528781414032,0.6518101692199707,-0.005207608171614772,0.015490093298274395,3
2025-06-11,0.6527202129364014,0.6509501338005066,0.64952844,0.64954835,0.006895894758724128,0.00033304787522729987,62.271284352040986,0.595528781414032,0.6527202129364014,-0.01714026613943747,-0.013053741787069396,4
2025-06-12,0.6509501338005066,0.6527999043464661,0.64954835,0.64784414,0.00673929254291917,0.000223880020516667,63.19364797902433,0.595528781414032,0.6527202129364014,0.004260792393544969,-0.018723926075535434,5
2025-06-13,0.6527999043464661,0.6499997973442078,0.65067637,0.64975387,0.006595229071639281,0.0002347518297178045,54.39597492538014,0.595528781414032,0.6527999043464661,-0.0038443294507411077,-0.005590051932799723,1
2025-06-16,0.6499997973442078,0.6511001586914062,0.64975387,0.6505675,0.006493243621222366,2.3012887430277473e-05,53.03595115034533,0.595528781414032,0.6527999043464661,0.004880837537628862,-0.01690603544999363,2
2025-06-17,0.6511001586914062,0.6479797959327698,0.6505675,0.6493552,0.006335919807551887,-6.828812913535834e-05,61.018876459944074,0.595528781414032,0.6527999043464661,-0.005401492987357544,-0.017096623965461525,3
2025-06-18,0.6479797959327698,0.6507408618927002,0.6493552,0.648419,0.006265116478006522,-0.00034851594656629993,59.12401923866222,0.595528781414032,0.6527999043464661,0.009227140365298444,0.00916468878405733,4
2025-06-19,0.6507408618927002,0.6488786935806274,0.648419,0.64855444,0.006184689370195541,-0.0003563360383460907,60.035025041541104,0.595528781414032,0.6527999043464661,0.0,0.004873994923362875,5
2025-06-20,0.6488786935806274,0.6446704864501953,0.6500952,0.65072554,0.00605864804666529,-0.0004872381515796734,57.08020247406566,0.595528781414032,0.6527999043464661,-0.0039291905707601535,0.004788723808827911,1
2025-06-23,0.6446704864501953,0.6477800011634827,0.65072554,0.6482029,0.006086803079567415,-0.0008370317885916748,41.62718317636474,0.595528781414032,0.6527999043464661,0.0035163385627902445,0.00341862558664852,2
2025-06-24,0.6477800011634827,0.6495999097824097,0.6482029,0.64813197,0.00603941227121029,-0.0008367779543218615,51.90436038341135,0.595528781414032,0.6527999043464661,0.004943401982937207,0.013852762854439359,3
2025-06-25,0.6495999097824097,0.6523114442825317,0.64813197,0.64798254,0.005924960355336849,-0.0006975269149772922,50.88287810343531,0.595528781414032,0.6527999043464661,0.009407022913502858,0.0140351536768969,4
2025-06-26,0.6523114442825317,0.654630184173584,0.64798254,0.6484878,0.005859896199946007,-0.00041996360422758006,52.04490855361446,0.595528781414032,0.6527999043464661,0.030568031659263944,0.04551083630942393,5
2025-06-27,0.654630184173584,0.6533215045928955,0.65170556,0.65059066,0.0057760581021722365,-9.436922102317195e-05,57.17142560327683,0.595528781414032,0.654630184173584,0.0005921175328644001,0.050248615334513205,1
2025-06-30,0.6533215045928955,0.6578081846237183,0.65059066,0.65456474,0.005650693554108879,1.298356246298444e-05,52.3875346510787,0.595528781414032,0.654630184173584,-0.007624898296181614,0.03861248754123834,2
2025-07-01,0.6578081846237183,0.6583105325698853,0.65456474,0.6510605,0.005741969457572818,0.0003477358482103267,57.221656339782136,0.595528781414032,0.6578081846237183,0.003572071455522733,0.037189182664681984,3
2025-07-02,0.6583105325698853,0.6582901477813721,0.6510605,0.6522359,0.005605986907624243,0.0005524061426895681,60.83704113243644,0.595528781414032,0.6583105325698853,0.019810456383350664,0.048035834704737546,4
2025-07-03,0.6582901477813721,0.6577298641204834,0.6522359,0.652569,0.005471180623445272,0.0006301957828429416,58.54377955414402,0.595528781414032,0.6583105325698853,-0.010150398354574054,0.006218604453699726,5
2025-07-04,0.6577298641204834,0.6551792025566101,0.65757847,0.6571246,0.005343897679930536,0.0005884897970760737,62.930754274889075,0.6133614778518677,0.6583105325698853,-0.015521100680582477,-0.009864889083736028,1
2025-07-07,0.6551792025566101,0.6506096124649048,0.6571246,0.65795535,0.005292173473017556,0.0003457100095175113,56.50761591230243,0.6223394870758057,0.6583105325698853,-0.006797970921758149,-0.009045780631216718,2
2025-07-08,0.6506096124649048,0.6524518728256226,0.65795535,0.6559966,0.005411114325579113,-0.00014000326902138252,54.0101177740897,0.6301316618919373,0.6583105325698853,0.12443711051778991,0.11826468675963543,3
2025-07-09,0.6524518728256226,0.6535905003547668,0.6559966,0.65567636,0.005328363293157465,-0.00034301224824726103,52.68427883734238,0.631991446018219,0.6583105325698853,-0.03634795017511664,0.05719554564282536,4
2025-07-10,0.6535905003547668,0.6594000458717346,0.65567636,0.656286,0.00522328833037685,-0.00040230799260701066,57.563719102048154,0.6337898373603821,0.6583105325698853,0.01901523296442158,0.0884833678604466,5
2025-07-11,0.6594000458717346,0.6578081846237183,0.6533863,0.6524293,0.005504954488544211,-6.941466947935852e-05,72.48872929001352,0.6365291476249695,0.6594000458717346,0.002520242449624556,0.10829928518606531,1
2025-07-14,0.6578081846237183,0.6544716358184814,0.6524293,0.65181476,0.0054041696230676724,1.9662066473407225e-05,66.0548007427892,0.6365291476249695,0.6594000458717346,-0.008486090965581885,0.10642992124748905,2
2025-07-15,0.6544716358184814,0.651898980140686,0.65181476,0.65235543,0.005402519160864999,-0.00016013695841393064,57.43826171789682,0.6365291476249695,0.6594000458717346,0.0056053193852702386,-0.017537639937346385,3
2025-07-16,0.651898980140686,0.6525000333786011,0.65235543,0.6538604,0.0053520281532106325,-0.00044992187989820274,49.36755829979199,0.6365291476249695,0.6594000458717346,-0.008965419068541565,0.009736377861406166,4
2025-07-17,0.6525000333786011,0.649819016456604,0.6538604,0.65300834,0.005236676961846881,-0.0005898886745453031,46.55216991980983,0.6371780633926392,0.6594000458717346,-0.0019121251718409395,-0.011175162112175514,5
2025-07-18,0.649819016456604,0.6512112617492676,0.65180975,0.65121484,0.005202159979813968,-0.000836724653570507,44.57206092090775,0.6371780633926392,0.6594000458717346,0.016630897874152062,0.0028767118707508916,1
2025-07-21,0.6512112617492676,0.6528096795082092,0.65121484,0.6502383,0.005113233371024198,-0.0008757514736722426,38.69192604459557,0.6371780633926392,0.6594000458717346,0.005809515450518906,0.017316408827306524,2
2025-07-22,0.6528096795082092,0.6554712057113647,0.6502383,0.652402,0.005036005355807678,-0.0007673282285985249,40.91223302118106,0.6371780633926392,0.6594000458717346,0.01529990821973815,0.027226834256098353,3
2025-07-23,0.6554712057113647,0.6603999137878418,0.652402,0.65490705,0.0050196983999785515,-0.000502575871380838,45.716712916337606,0.6371780633926392,0.6594000458717346,0.01705576477175168,0.054307297408622335,4
2025-07-24,0.6603999137878418,0.6597176194190979,0.65490705,0.65507567,0.005210515197312028,-7.886488640743887e-06,53.581582625214665,0.6371780633926392,0.6603999137878418,-0.003110981742288766,0.05304409153048228,5
2025-07-25,0.6597176194190979,0.6572980284690857,0.6613555,0.6612787,0.005100969653674656,0.00024692743937132,56.40904346654994,0.6371780633926392,0.6603999137878418,-0.0023395420911621516,0.03325567276353716,1
2025-07-28,0.6572980284690857,0.6524008512496948,0.6612787,0.6628863,0.005057651590238473,0.00022660130559572656,60.05584739823891,0.6371780633926392,0.6603999137878418,-0.02967166185911239,-0.0027626894313318353,2
2025-07-29,0.6524008512496948,0.651321530342102,0.6628863,0.6614606,0.005228255821779117,-0.00012374199687047128,49.929744157110456,0.6371780633926392,0.6603999137878418,0.0015180785029724258,-0.0164121707724854,3
2025-07-30,0.651321530342102,0.6447120904922485,0.6614606,0.65889466,0.005126157205309206,-0.0004186393886948521,46.87055558387194,0.6371780633926392,0.6603999137878418,-0.005996298009491309,-0.038826557665286816,4
2025-07-31,0.6447120904922485,0.6429089903831482,0.65889466,0.658946,0.0055157640032327485,-0.0010152904570006611,30.179191058303445,0.6371780633926392,0.6603999137878418,-0.25171204689975507,-0.25038944728076956,5
2025-08-01,0.6429089903831482,0.6469100117683411,0.64376193,0.64360404,0.005424809117339666,-0.0014607540227725476,30.008109781163867,0.6371780633926392,0.6603999137878418,0.018758362788043485,-0.2344062217256714,1
2025-08-04,0.6469100117683411,0.6474796533584595,0.64360404,0.6429788,0.005492482916692532,-0.0014143694265557546,40.031493637625154,0.6371780633926392,0.6603999137878418,0.0005664247692132296,-0.21090256882712116,2
2025-08-05,0.6474796533584595,0.6472994685173035,0.6429788,0.64229095,0.005372782672033052,-0.001277894496439419,43.849155652598085,0.640578031539917,0.6603999137878418,-0.011618793284061735,-0.22120104760364112,3
2025-08-06,0.6472994685173035,0.6500217914581299,0.64229095,0.64211667,0.005253408697755118,-0.0011370465227893644,42.6760211062481,0.640578031539917,0.6603999137878418,0.006167912535331675,-0.21166972016508326,4
2025-08-07,0.6500217914581299,0.6525711417198181,0.64211667,0.6435375,0.005230439421192625,-0.0008130182688062604,50.285237093901856,0.640578031539917,0.6603999137878418,-0.002850748171675486,0.011084137503954374,5
2025-08-08,0.6525711417198181,0.6517715454101562,0.6500885,0.6481457,0.005197092218073779,-0.00040034793960282394,51.852591679536964,0.6409804821014404,0.6603999137878418,0.017433119829275943,0.009745092845735045,1
2025-08-11,0.6517715454101562,0.6514403223991394,0.6481457,0.65176445,0.0050909971258081,-0.00016656080799318988,48.55426267147224,0.6409804821014404,0.6603999137878418,-0.00720806458524645,0.0019252772945803865,2
2025-08-12,0.6514403223991394,0.6529802083969116,0.65176445,0.6466545,0.004983542250779197,-2.6879591358614364e-05,43.99683272940963,0.6409804821014404,0.6603999137878418,0.019033274217507272,0.03311188376798834,3
2025-08-13,0.6529802083969116,0.6551706194877625,0.6466545,0.64847004,0.0049115520172695205,0.0001659666104309518,37.7092688475255,0.6409804821014404,0.6603999137878418,-0.005895178664802649,0.020724227824573435,4
2025-08-14,0.6551706194877625,0.6497514843940735,0.64847004,0.6466236,0.00487410403276704,0.0004231629985959769,42.826325727655025,0.6409804821014404,0.6603999137878418,-0.0039121324246721165,0.019641421940717097,5
2025-08-15,0.6497514843940735,0.651296079158783,0.6544851,0.6538874,0.0051272838411213625,0.00022062224296558658,39.12345025703054,0.6425207257270813,0.6603999137878418,0.0030193399399282292,0.005049946697623178,1
2025-08-18,0.651296079158783,0.6494801044464111,0.6538874,0.6543488,0.00504906920778204,0.0001844508015868589,48.23739741529332,0.6425207257270813,0.6603999137878418,-0.00470071048434155,0.00757312473158709,2
2025-08-19,0.6494801044464111,0.6454598307609558,0.6543488,0.65147454,0.004980227635541484,3.956849618780598e-05,47.129578700124874,0.6425207257270813,0.6603999137878418,-0.010827956116400377,-0.02206946370231232,3
2025-08-20,0.6454598307609558,0.6436100006103516,0.65147454,0.6509212,0.0050701327997998745,-0.0003066200982686037,51.26792735064331,0.6425207257270813,0.6603999137878418,0.003848380140796914,-0.012494368012545436,4
2025-08-21,0.6436100006103516,0.6425496339797974,0.6509212,0.6512057,0.005002268183076046,-0.0006216243115152744,51.1868073761476,0.6429089903831482,0.6603999137878418,0.0012418493801091871,-0.0073916435742335815,5
2025-08-22,0.6425496339797974,0.6484898924827576,0.6397276,0.63881874,0.0049101086659133035,-0.0008487711923169227,41.801579278857254,0.6425496339797974,0.6603999137878418,0.003604074293522632,-0.006811061642008607,1
2025-08-25,0.6484898924827576,0.6481099724769592,0.63881874,0.6382434,0.005254375257189152,-0.0005602453218670797,51.58030571162707,0.6425496339797974,0.6603999137878418,0.004262868581374833,0.0021314846700646027,2
2025-08-26,0.6481099724769592,0.6495801210403442,0.6382434,0.63695395,0.005140705668395137,-0.00036569287899468664,51.25998873256142,0.6425496339797974,0.6603999137878418,-0.0035886086139926654,0.009412586143516415,3
2025-08-27,0.6495801210403442,0.6511399745941162,0.63695395,0.6370271,0.005059214069949254,-0.0001213393784668807,49.28557655225608,0.6425496339797974,0.6603999137878418,-0.00812182105277228,-0.0025982560861105976,4
2025-08-28,0.6511399745941162,0.6532399654388428,0.6370271,0.6373016,0.004984850083478438,0.00014742036582701137,47.608461371436995,0.6425496339797974,0.6603999137878418,0.011038585829641259,0.007221045955739741,5
2025-08-29,0.6532399654388428,0.6543598771095276,0.6517997,0.65188426,0.004939006078031197,0.00045152294020149434,52.35158910762558,0.6425496339797974,0.6603999137878418,0.0122468306693877,0.015963938997440145,1
2025-09-01,0.6543598771095276,0.6556801199913025,0.65188426,0.6516973,0.004854572097526824,0.0006982606809536096,54.56030001042737,0.6425496339797974,0.6603999137878418,0.0,0.01164223621210304,2
2025-09-02,0.6556801199913025,0.6518301367759705,0.6516973,0.6508291,0.004780277432565721,0.0009073020477935935,54.24635754636149,0.6425496339797974,0.6603999137878418,0.0112237356170585,0.026738559202860702,3
2025-09-03,0.6518301367759705,0.6544399857521057,0.6508291,0.65171224,0.004866924023284611,0.0007497380880696119,45.00682458847553,0.6425496339797974,0.6603999137878418,-0.0024102020135148045,0.03261967807309602,4
2025-09-04,0.6544399857521057,0.6521999835968018,0.65171224,0.65001965,0.004858038658443293,0.0007811953694660852,57.65064951738466,0.6425496339797974,0.6603999137878418,-0.015586431517168008,0.005488942099886781,5
2025-09-05,0.6521999835968018,0.655450165271759,0.6571419,0.6571896,0.004819281978267369,0.0006181917888369557,51.4422500813138,0.6425496339797974,0.6603999137878418,-0.0012262060033473832,-0.007967196219578743,1
2025-09-08,0.655450165271759,0.6598090529441833,0.6571896,0.65709627,0.004861083845970528,0.0006908105461129058,59.10880806397928,0.6425496339797974,0.6603999137878418,0.001783104664788798,-0.006196719896335799,2
2025-09-09,0.6598090529441833,0.6584700345993042,0.65709627,0.6578064,0.00500173960662296,0.0009764865544191876,71.66939101756306,0.6425496339797974,0.6603999137878418,0.0023355300255342216,-0.014990708484330898,3
2025-09-10,0.6584700345993042,0.6619316339492798,0.6578064,0.6580489,0.004916769815885565,0.0010148744505963686,72.79243171686956,0.6425496339797974,0.6603999137878418,0.010827696674733928,-0.0018645656890414898,4
2025-09-11,0.6619316339492798,0.6668000221252441,0.6580489,0.65747285,0.004966010740835022,0.0012003056939138086,77.68869209809264,0.6425496339797974,0.6619316339492798,0.008861649127066629,0.02283867285421701,5
2025-09-12,0.6668000221252441,0.6648998260498047,0.66161704,0.66185594,0.005146653263180042,0.001555222483216474,76.98382163568552,0.6425496339797974,0.6668000221252441,-0.00043574574458165135,0.02364750580927535,1
2025-09-15,0.6648998260498047,0.6673001646995544,0.66185594,0.6619039,0.0050747812576289915,0.0015622643037885504,73.68220163000254,0.6425496339797974,0.6668000221252441,0.014496124151625057,0.03674422955889191,2
2025-09-16,0.6673001646995544,0.6688998937606812,0.6619039,0.6626439,0.005037159149403752,0.0016217850525141737,74.35514288195384,0.6425496339797974,0.6673001646995544,-0.004844718213337427,0.02932680995512264,3
2025-09-17,0.6688998937606812,0.6652501225471497,0.6626439,0.66429543,0.004962913661415756,0.0016562889909553344,74.38322220367334,0.6425496339797974,0.6688998937606812,-0.01347256315564885,0.004615364300429615,4
2025-09-18,0.6652501225471497,0.6617901921272278,0.66429543,0.66398,0.005011499270521881,0.001334518262516013,65.81611588087264,0.6425496339797974,0.6688998937606812,-0.00658479329356115,-0.010783136885352353,5
2025-09-19,0.6617901921272278,0.6589308381080627,0.6666414,0.6670454,0.005042532806046973,0.0008153827872288558,59.2168965099119,0.6425496339797974,0.6688998937606812,0.006147083897539443,-0.0042498105017862815,1
2025-09-22,0.6589308381080627,0.660199761390686,0.6670454,0.6673668,0.005028934198554847,0.00023622581218653077,53.884030309936186,0.6425496339797974,0.6688998937606812,0.0008751230140683835,-0.017720971340503936,2
2025-09-23,0.660199761390686,0.6597799062728882,0.6673668,0.66874796,0.004944248102541582,-8.727250386718821e-05,60.6575517967385,0.6425496339797974,0.6688998937606812,0.0025115780623503393,-0.010468392426800657,3
2025-09-24,0.6597799062728882,0.6586921215057373,0.66874796,0.66862166,0.0048433650484794874,-0.00034114558964590085,57.201282886011235,0.6425496339797974,0.6688998937606812,0.0359897946923935,0.039706837475414876,4
2025-09-25,0.6586921215057373,0.6537314653396606,0.66862166,0.6685209,0.004758254486610433,-0.0005799186533021351,59.03594467599352,0.6425496339797974,0.6688998937606812,-0.011108339286396362,0.035014297239563265,5
2025-09-26,0.6537314653396606,0.6553998589515686,0.65818334,0.6563787,0.00496306036642027,-0.001042546290106596,47.71658581471996,0.6425496339797974,0.6688998937606812,0.0032924609806411808,0.032063934796977035,1
2025-09-29,0.6553998589515686,0.6581978797912598,0.6563787,0.6588992,0.004896896189334372,-0.0011958032873570553,43.691045982854085,0.6425496339797974,0.6688998937606812,0.026266398390743108,0.058604882695763916,2
2025-09-30,0.6581978797912598,0.6610700488090515,0.6588992,0.65705246,0.00489756617589702,-0.0010723031279591222,49.62619117791532,0.6425496339797974,0.6688998937606812,-0.007464320808828171,0.04809684813175413,3
2025-10-01,0.6610700488090515,0.6615498065948486,0.65705246,0.6540052,0.004902398109358958,-0.0007746350676450433,48.7971227475697,0.6425496339797974,0.6688998937606812,0.005293001339195736,0.016412428769158143,4
2025-10-02,0.6615498065948486,0.6598090529441833,0.6540052,0.6540115,0.0048051723122438635,-0.000534318738529975,41.64640322293075,0.6425496339797974,0.6688998937606812,0.013876902206789601,0.042127651544435034,5
2025-10-03,0.6598090529441833,0.6593101024627686,0.66005707,0.65708995,0.004743749771025162,-0.00048303717438760957,41.85878481813832,0.6425496339797974,0.6688998937606812,0.03214425535149481,0.07263285307489423,1
2025-10-06,0.6593101024627686,0.6616500020027161,0.65708995,0.6554778,0.004651878042048679,-0.0004725772864375053,36.39482225609817,0.6425496339797974,0.6688998937606812,-0.014136641324961854,0.030159038634841144,2
2025-10-07,0.6616500020027161,0.6580505967140198,0.6554778,0.65555114,0.004636000599762196,-0.00030600608336749774,37.95867858592459,0.6425496339797974,0.6688998937606812,0.012157573009370483,0.05057232865741804,3
2025-10-08,0.6580505967140198,0.6584500670433044,0.65555114,0.65538734,0.004707508903962381,-0.00042865437917231604,38.022291856729204,0.6425496339797974,0.6688998937606812,-0.00039624630372070505,0.044612332535692696,4
2025-10-09,0.6584500670433044,0.6561291813850403,0.65538734,0.6555299,0.004617311206461611,-0.0004699745375511409,43.81306941886705,0.6425496339797974,0.6688998937606812,0.005829193522269696,0.03623933371301177,5
2025-10-10,0.6561291813850403,0.6498401165008545,0.6590778,0.6588484,0.004595283851165959,-0.0006306893208393731,44.70484859408796,0.6425496339797974,0.6688998937606812,-0.045755712154609496,-0.04141959453758439,1
2025-10-13,0.6498401165008545,0.651159942150116,0.6588484,0.65990466,0.0050031985049874975,-0.0011096158667245342,33.543093261422854,0.6425496339797974,0.6688998937606812,0.050669262739308656,0.022759197617018966,2
2025-10-14,0.651159942150116,0.6491301655769348,0.65990466,0.6600028,0.004921803971925246,-0.0012747746025939758,36.68732958614633,0.6425496339797974,0.6688998937606812,-0.023808263054996025,-0.013371560913445458,3
2025-10-15,0.6491301655769348,0.6508001685142517,0.6600028,0.65837574,0.0048685062092287375,-0.0014454701793668438,35.650047319430314,0.6425496339797974,0.6688998937606812,-0.0017081338268076546,-0.014665057805874357,4
2025-10-16,0.6508001685142517,0.64823979139328,0.65837574,0.65930665,0.004807478156301563,-0.0013712821926285524,45.11879688501843,0.6425496339797974,0.6688998937606812,-0.002819727655700685,-0.02315039465544041,5
2025-10-17,0.64823979139328,0.6501701474189758,0.65115905,0.65294415,0.004790544093369038,-0.0014143425322008952,38.42101001688759,0.6425496339797974,0.6688998937606812,-0.005359277641309777,0.017118735064109204,1
2025-10-20,0.6501701474189758,0.6516313552856445,0.65294415,0.652442,0.004746082365259458,-0.0012388228861011888,36.643017095525884,0.6425496339797974,0.6688998937606812,0.013394668513055687,-0.020096061112937248,2
2025-10-21,0.6516313552856445,0.6491904854774475,0.652442,0.65316904,0.004682096516435299,-0.0009626189810091744,33.52168076670934,0.6425496339797974,0.6688998937606812,-0.013698908181214555,-0.010139622662464027,3
2025-10-22,0.6491904854774475,0.6489999890327454,0.65316904,0.652815,0.004664730758270834,-0.0008846146759388213,29.80558904707273,0.6425496339797974,0.6688998937606812,0.0062683731636311866,-0.002212420782887569,4
2025-10-23,0.6489999890327454,0.6514798402786255,0.652815,0.65367806,0.004573622847880871,-0.0007892973684041045,31.396136137943486,0.6425496339797974,0.6688998937606812,0.024097514963004135,0.025010002231266974,5
2025-10-24,0.6514798402786255,0.653398334980011,0.6495732,0.6494407,0.0045741192861408105,-0.0005159109775437075,37.38336067242644,0.6425496339797974,0.6688998937606812,0.002260402648139722,0.03285008226081634,1
2025-10-27,0.653398334980011,0.6558598279953003,0.6494407,0.64920735,0.004539753169560398,-0.0001798942991471878,36.52132598062124,0.6425496339797974,0.6688998937606812,0.009185120348577347,0.028511388470005342,2
2025-10-28,0.6558598279953003,0.6585099697113037,0.64920735,0.65026116,0.004539639506004297,0.0002128261799507578,46.283326693106225,0.6425496339797974,0.6688998937606812,0.0,0.042697818997057636,3
2025-10-29,0.6585099697113037,0.657680094242096,0.65026116,0.64943576,0.0045518079027525,0.0006320544917865012,50.09441566567271,0.6425496339797974,0.6688998937606812,0.01792990668350266,0.0549284499159023,4
2025-10-30,0.657680094242096,0.6559299826622009,0.64943576,0.6494462,0.00447276908768488,0.0008223936119478978,52.56503274803531,0.6425496339797974,0.6688998937606812,-0.03016277423724716,-0.0007870346826330495,5
2025-10-31,0.6559299826622009,0.6545702219009399,0.6564978,0.6559955,0.004428065341336194,0.0007986898097497406,61.85127187945854,0.6425496339797974,0.6688998937606812,-0.002464690218088246,-0.005497271819360028,1
2025-11-03,0.6545702219009399,0.6541078090667725,0.6559955,0.6563516,0.004369472133626559,0.0006651615446766258,56.62632462794603,0.6425496339797974,0.6688998937606812,-0.003658812833263493,-0.018188918603281323,2
2025-11-04,0.6541078090667725,0.6485601663589478,0.6563516,0.6557017,0.004291897096962667,0.000525547816857201,60.29909059292749,0.6425496339797974,0.6688998937606812,-0.024266670048338407,-0.0417274482139362,3
2025-11-05,0.6485601663589478,0.6509907841682434,0.6557017,0.6584401,0.004635584990091336,6.371330090172993e-05,46.00614259753233,0.6425496339797974,0.6688998937606812,0.007483036775056278,-0.05168628697970788,4
2025-11-06,0.6509907841682434,0.6483898758888245,0.6584401,0.65920854,0.00462871788131042,-6.686410210078088e-05,54.92773986350863,0.6425496339797974,0.6688998937606812,-0.0035323091084347048,-0.026092983432397396,5
2025-11-07,0.6483898758888245,0.650239884853363,0.65158284,0.65162,0.004624585946181892,-0.0003039187245923961,46.8858824167254,0.6425496339797974,0.6688998937606812,-0.0015176195049082092,-0.025170187712219842,1
2025-11-10,0.650239884853363,0.653488039970398,0.65162,0.65129423,0.004584062715869481,-0.00031054457782304305,47.59865125359765,0.6425496339797974,0.6688998937606812,0.029727812977192947,0.007925492846686696,2
2025-11-11,0.653488039970398,0.6529499292373657,0.65129423,0.65145516,0.004642650830276015,-8.246058941546231e-05,57.215511633725285,0.6425496339797974,0.6688998937606812,-0.007597063291670923,0.024868034884034967,3
2025-11-12,0.6529499292373657,0.6536400318145752,0.65145516,0.65375113,0.004554546434649704,3.9335744301775746e-05,56.555354857089725,0.6425496339797974,0.6688998937606812,0.00808840261445958,0.025488642810716573,4
2025-11-13,0.6536400318145752,0.6529000401496887,0.65375113,0.65168047,0.004474859394798149,0.00016642032013220007,53.81149696064616,0.6425496339797974,0.6688998937606812,-0.00039301465230442604,0.028713012096169634,5
2025-11-14,0.6529000401496887,0.6533001661300659,0.65507543,0.65451205,0.004396954737924935,0.00019851290106411945,49.08264531732132,0.6481099724769592,0.6688998937606812,-0.007497343296060943,0.022579947714006256,1
2025-11-17,0.6533001661300659,0.6492701172828674,0.65451205,0.6540075,0.004318878118892966,0.00024169118731276105,44.900658791566336,0.6481099724769592,0.6688998937606812,-0.009851313783992953,-0.017102397290192584,2
2025-11-18,0.6492701172828674,0.6509018540382385,0.6540075,0.6547304,0.004464114647603028,6.280030869462586e-06,32.55174742529124,0.64823979139328,0.6688998937606812,-0.007528247203173337,-0.01703475579439549,3
2025-11-19,0.6509018540382385,0.649000883102417,0.6547304,0.65468776,0.00442064502253924,-3.009733252755224e-05,37.576418355262874,0.64823979139328,0.6688998937606812,0.009126948000411297,-0.016013371490300174,4
2025-11-20,0.649000883102417,0.6449499130249023,0.65468776,0.65633106,0.004386070004967879,-0.00016519776276212458,37.36976026109877,0.64823979139328,0.6688998937606812,-0.009731717101725797,-0.02515975567567426,5
2025-11-21,0.6449499130249023,0.6462398767471313,0.6484982,0.64789575,0.004529574743502923,-0.0004919251142265224,34.03098781066963,0.6449499130249023,0.6688998937606812,0.009831592742830271,-0.008119593913595539,1
2025-11-24,0.6462398767471313,0.6465799808502197,0.64789575,0.647436,0.004468631662130582,-0.0005796658052863455,37.28902019089292,0.6449499130249023,0.6688998937606812,-0.009327625128735287,-0.007600021362304687,2
2025-11-25,0.6465799808502197,0.6470301151275635,0.647436,0.64666885,0.004386575071650391,-0.0005723114217593313,46.153757096944496,0.6449499130249023,0.6688998937606812,0.007529003250223698,0.00745585929321252,3
2025-11-26,0.6470301151275635,0.6524859666824341,0.64666885,0.6457128,0.00430934226066777,-0.0004974125345487937,41.66572598952963,0.6449499130249023,0.6688998937606812,0.02078460076161925,0.01926915372923704,4
2025-11-27,0.6524859666824341,0.653579831123352,0.6457128,0.644875,0.004657542803431786,-6.351749825010732e-05,57.694710747133,0.6449499130249023,0.6688998937606812,0.0,0.02923681534878243,5
2025-11-28,0.653579831123352,0.6551298499107361,0.6516435,0.6504874,0.004583128903321117,0.0002944168166171598,56.457713415126044,0.6449499130249023,0.6688998937606812,0.015743829246684975,0.03533993057228265,1
2025-12-01,0.6551298499107361,0.6544001698493958,0.6504874,0.64999044,0.0045290140912720355,0.0006144165839035141,53.39750500159114,0.6449499130249023,0.6688998937606812,0.006439489345742295,0.05179362656480815,2
2025-12-02,0.6544001698493958,0.6573700904846191,0.64999044,0.6510905,0.004448146912496325,0.0007469793606929222,52.97747102806026,0.6449499130249023,0.6688998937606812,-0.011175470790599912,0.032303227051274946,3
2025-12-03,0.6573700904846191,0.6605019569396973,0.6510905,0.65200067,0.004490413539954689,0.0009895084597394358,57.00260051831329,0.6449499130249023,0.6688998937606812,0.028084817441979566,0.03986683869984172,4
2025-12-04,0.6605019569396973,0.660641610622406,0.65200067,0.65183246,0.0045416706357268395,0.001296328256993902,63.09534810652965,0.6449499130249023,0.6688998937606812,-0.003113356145866483,0.03663439736823619,5
2025-12-05,0.660641610622406,0.6635400652885437,0.66050434,0.6614702,0.004454570432825327,0.0014334495945037917,62.76116727760245,0.6449499130249023,0.6688998937606812,0.016958269780918606,0.03789409295744963,1
2025-12-08,0.6635400652885437,0.6627300977706909,0.6614702,0.66011935,0.004487917953893715,0.0016298122100740402,75.8203050853307,0.6449499130249023,0.6688998937606812,-0.0032568630065428986,0.027878939822582584,2
2025-12-09,0.6627300977706909,0.6640987992286682,0.66011935,0.66036177,0.0044100280642432755,0.0016126349463204605,72.0582187136661,0.6449499130249023,0.6688998937606812,-0.023386275095255215,0.015404030581514997,3
2025-12-10,0.6640987992286682,0.6674498319625854,0.66036177,0.66089827,0.004355453734483659,0.0015978775267360963,78.72603432594451,0.6449499130249023,0.6652501225471497,0.006656519081847274,-0.006122883664581537,4
2025-12-11,0.6674498319625854,0.6665000319480896,0.66089827,0.6600454,0.00443256180423109,0.001708276291759225,93.98086441041319,0.6449499130249023,0.6674498319625854,0.028313075901739357,0.02560709664163906,5
2025-12-12,0.6665000319480896,0.6647300720214844,0.6651384,0.66505563,0.004359918567358081,0.0016129706372364789,90.1365243327878,0.6449499130249023,0.6674498319625854,-0.02679770979515132,-0.01830170484789763,1
2025-12-15,0.6647300720214844,0.6641799807548523,0.66505563,0.66306007,0.00431976850711976,0.0013377125416937931,84.02856312719308,0.6449499130249023,0.6674498319625854,0.01035592520255418,-0.004846681455181308,2
2025-12-16,0.6641799807548523,0.6634001135826111,0.66306007,0.6596908,0.004244202989830723,0.0010388934771587985,82.03323484158564,0.6449499130249023,0.6674498319625854,-0.009693707758661334,0.008873238475449722,3
2025-12-17,0.6634001135826111,0.6601501107215881,0.6596908,0.65841633,0.004175644029556781,0.0007239398329708106,74.70059920627426,0.6449499130249023,0.6674498319625854,0.0143657579386246,0.01668094029705722,4
2025-12-18,0.6601501107215881,0.6701065301895142,0.65841633,0.65994185,0.004249160266096558,0.0002560954430114396,63.54751727375741,0.6449499130249023,0.6674498319625854,0.0005591393541615224,-0.011147990500862648,5
2026-01-09,0.6701065301895142,0.6685801148414612,0.6742314,0.6765252,0.004177062836522059,-1.2348520977852138e-05,69.50433777424891,0.6449499130249023,0.6737000942230225,0.018790451803464538,0.038209283664598484,1
2026-01-12,0.6685801148414612,0.6707807779312134,0.6765252,0.67628455,0.004133642087641687,-0.000270614454485495,63.94275939601421,0.6449499130249023,0.6737000942230225,0.021874933032647856,0.010211856709487977,2
2026-01-13,0.6707807779312134,0.6683598756790161,0.67628455,0.67691815,0.004133948962445595,-0.0003096744673713029,67.6442574978559,0.6449499130249023,0.6737000942230225,-0.002509469057374457,-0.006738235477985919,3
2026-01-14,0.6683598756790161,0.6682798862457275,0.67691815,0.6742865,0.004141577509446076,-0.0005035245580686902,54.987482627869504,0.6449499130249023,0.6737000942230225,0.006511423888848364,0.03442930086758259,4
2026-01-15,0.6682798862457275,0.6704210042953491,0.6742865,0.6737452,0.004068245739623298,-0.000633692907055847,45.44995059232421,0.6449499130249023,0.6737000942230225,-0.01020329524776686,0.035064811351222,5
2026-01-16,0.6704210042953491,0.6687598824501038,0.6706019,0.67136526,0.004068450117212297,-0.0005739329291471655,49.69375276591399,0.6449499130249023,0.6737000942230225,-0.0271818592347448,-0.011442299815128397,1
2026-01-19,0.6687598824501038,0.6709878444671631,0.67136526,0.669167,0.004035811852604684,-0.0006396042303784691,44.37909769227074,0.6449499130249023,0.6737000942230225,0.0,-0.03283212982080563,2
2026-01-20,0.6709878444671631,0.6731699109077454,0.669167,0.66823274,0.004043306628331741,-0.0005308007953369063,53.00243481031882,0.6449499130249023,0.6737000942230225,-0.002681326556787939,-0.032998330590654296,3
2026-01-21,0.6731699109077454,0.6754794120788574,0.66823274,0.6689834,0.004046594556087129,-0.00032006277767862145,56.51221400071874,0.6449499130249023,0.6737000942230225,-0.007563600184284361,-0.046513565616810186,4
2026-01-22,0.6754794120788574,0.6840506792068481,0.6689834,0.668602,0.004057417317350795,-4.7619298946896364e-05,64.59066641199851,0.6449499130249023,0.6754794120788574,0.0022663907619747447,-0.0345494498094415,5
2026-01-23,0.6840506792068481,0.691399872303009,0.67501765,0.6731423,0.004940404646277323,0.0006489378387612302,72.87905940706142,0.6449499130249023,0.6840506792068481,0.028920358078275955,0.02116264081050704,1
2026-01-26,0.691399872303009,0.691472053527832,0.6731423,0.6707796,0.005425837534916539,0.0014953375549793596,75.96817279039011,0.6449499130249023,0.691399872303009,0.012274291330000235,0.033773927530305545,2
2026-01-27,0.691472053527832,0.6995800137519836,0.6707796,0.6707235,0.005298553034713613,0.0019234759507752936,74.4550667961471,0.6449499130249023,0.691472053527832,-0.026329633060980427,0.009613724717015762,3
2026-01-28,0.6995800137519836,0.7039799094200134,0.6707235,0.6701495,0.005835061490891643,0.0025754531837474063,81.85952087565636,0.6449499130249023,0.6995800137519836,0.010920700845244964,0.028449273413167116,4
2026-01-29,0.7039799094200134,0.7047300934791565,0.6701495,0.6691788,0.005873678852031316,0.003091040543465602,87.42895229414113,0.6449499130249023,0.7039799094200134,0.046909494425695066,0.07540271670557619,5
2026-01-30,0.7047300934791565,0.6946277618408203,0.7033406,0.70301235,0.005733168093845082,0.003254152256436044,90.64169402935067,0.6449499130249023,0.7047300934791565,-0.04614611810401607,-0.0023684553371519567,1
2026-02-02,0.6946277618408203,0.6955500841140747,0.70301235,0.70300263,0.006501986818242527,0.0024877894074924753,72.76532402886933,0.6449499130249023,0.7047300934791565,-0.01632724135572056,-0.0304980541634082,2
2026-02-03,0.6955500841140747,0.7022520899772644,0.70300263,0.7052544,0.006336695141453165,0.0018769213987001043,76.72146358379337,0.6449499130249023,0.7047300934791565,0.04400577841713017,0.04014758758922545,3
2026-02-04,0.7022520899772644,0.699440062046051,0.7052544,0.7043954,0.006561799637381555,0.0017601052744964816,79.54150361520719,0.6449499130249023,0.7047300934791565,-0.0397915610591698,-0.01128548340161593,4
2026-02-05,0.699440062046051,0.6916399002075195,0.7043954,0.7054242,0.006451175059791042,0.0013478999482433272,74.94331054142148,0.6449499130249023,0.7047300934791565,-0.004645243148040119,-0.060966745173061276,5
2026-02-06,0.6916399002075195,0.7033699154853821,0.70124966,0.69995207,0.0067880195178306535,0.00045075568771586055,67.78910899439907,0.6449499130249023,0.7047300934791565,0.011061263030683612,-0.005680806960189312,1
2026-02-09,0.7033699154853821,0.7083597779273987,0.69995207,0.6999823,0.007686630904927481,0.0005420337967336382,71.93576911119277,0.6449499130249023,0.7047300934791565,0.013803843930585742,0.024735039547115235,2
2026-02-10,0.7083597779273987,0.7074797749519348,0.6999823,0.70012385,0.007647204368437727,0.0008166747363315928,72.96421803381223,0.6449499130249023,0.7083597779273987,-0.008276419658565643,-0.027463932627255154,3
2026-02-11,0.7074797749519348,0.7125298380851746,0.70012385,0.6997829,0.007430625192930389,0.0008153843491444518,71.27983327374672,0.6449499130249023,0.7083597779273987,0.00894897896843896,0.02111219766757396,4
2026-02-12,0.7125298380851746,0.7087101936340332,0.6997829,0.69892216,0.007409699839418646,0.0010177977357100128,69.86875339427291,0.6449499130249023,0.7125298380851746,-0.030377758462980523,-0.004828397820511218,5
2026-02-13,0.7087101936340332,0.7070400714874268,0.7081684,0.70905226,0.007304220083070419,0.0007689140733697017,62.7022762004484,0.6449499130249023,0.7125298380851746,0.0037186207526305258,-0.012108825402949145,1
2026-02-16,0.7070400714874268,0.7072985768318176,0.70905226,0.70950335,0.0071189398389946024,0.0003856380377835252,61.16201390443988,0.6449499130249023,0.7125298380851746,0.0,-0.02565183316811802,2
2026-02-17,0.7072985768318176,0.708320140838623,0.70950335,0.71136326,0.006922962352823172,6.0420983134037987e-05,56.23599866704421,0.6462398767471313,0.7125298380851746,-0.02792183898914965,-0.04460651552373478,3
2026-02-18,0.708320140838623,0.704379141330719,0.71136326,0.7086201,0.006743845434149549,-0.0001627985021045563,53.709040713518036,0.6465799808502197,0.7125298380851746,0.028094448608724638,-0.026138836483646104,4
2026-02-19,0.704379141330719,0.7056102752685547,0.7086201,0.7123016,0.006684481845416166,-0.000626714511927251,49.71559622392161,0.6470301151275635,0.7125298380851746,-0.01102105618140487,-0.007104468900400771,5
2026-02-20,0.7056102752685547,0.7111399173736572,0.7074103,0.7064311,0.006520028446906712,-0.0008856733138686845,60.394510297704876,0.6524859666824341,0.7125298380851746,0.01747295267048268,0.0066464966813204055,1
2026-02-23,0.7111399173736572,0.706070065498352,0.7064311,0.7022812,0.006601066786224817,-0.0007262544825124458,63.57154124274085,0.653579831123352,0.7125298380851746,-0.009996651615555126,-0.0033664662098414413,2
2026-02-24,0.706070065498352,0.7060999870300293,0.7022812,0.7025684,0.006629384342621773,-0.0009877413171010124,53.42090450092873,0.6544001698493958,0.7125298380851746,0.02565121835476392,0.05148233040219137,3
2026-02-25,0.7060999870300293,0.7120498418807983,0.7025684,0.7029715,0.006454087445134975,-0.001171629209755943,56.28040150502556,0.6544001698493958,0.7125298380851746,0.009493868339474848,0.032104923106046575,4
2026-02-26,0.7120498418807983,0.71017986536026,0.7029715,0.70530814,0.0065783655239663955,-0.0009167731874088602,69.94280788808517,0.6573700904846191,0.7125298380851746,-0.005450026589920928,0.037870856353763575,5
2026-02-27,0.71017986536026,0.7058109045028687,0.70972294,0.7094573,0.006432068543406706,-0.0008972348108683744,58.242267193393026,0.6601501107215881,0.7125298380851746,0.009622278291953983,0.029754770273000934,1
2026-03-02,0.7058109045028687,0.710580050945282,0.7094573,0.70819247,0.006419058595306602,-0.0011836475725119748,46.86795504116929,0.6601501107215881,0.7125298380851746,-0.018489498291913743,0.02104625328883844,2
2026-03-03,0.710580050945282,0.7040701508522034,0.70819247,0.70935446,0.006443836917550025,-0.0010609399182370223,53.47725285392249,0.6601501107215881,0.7125298380851746,-0.020741198751393842,-0.02524057010822666,3
2026-03-04,0.7040701508522034,0.7075998783111572,0.70935446,0.7088638,0.0066162789524182655,-0.001405620354551872,40.8125218472055,0.6601501107215881,0.7125298380851746,0.01401752384407531,-0.020821105716782883,4
2026-03-05,0.7075998783111572,0.7011299729347229,0.7088638,0.71198535,0.0065457512798799845,-0.001381272604121477,48.786522241012264,0.6601501107215881,0.7125298380851746,-0.01757458022170611,-0.032621530733064764,5
2026-03-06,0.7011299729347229,0.6966199278831482,0.711041,0.7122554,0.006707920245713702,-0.0017619064917347872,44.15409994186821,0.6601501107215881,0.7125298380851746,0.0006950803071056875,-0.04121907675843482,1
2026-03-09,0.6966199278831482,0.7068586349487305,0.7122554,0.71132785,0.006691545311501432,-0.0022473321182863064,40.25681910633216,0.6601501107215881,0.7125298380851746,0.0075276058723092055,-0.015947046602633207,2
2026-03-10,0.7068586349487305,0.712100088596344,0.71132785,0.70716053,0.007334111737867766,-0.001826639334350403,48.85851551152657,0.6601501107215881,0.7125298380851746,0.01768594808097934,0.02260324596150283,3
2026-03-11,0.712100088596344,0.7129209637641907,0.70716053,0.70812577,0.007334241764523219,-0.0011748122541528376,55.91025479578559,0.6601501107215881,0.7125298380851746,-0.00995792118644709,-0.001622549388886966,4
2026-03-12,0.7129209637641907,0.7075298428535461,0.70812577,0.7099592,0.007135785562487331,-0.0006917178840453201,55.63158015565096,0.6601501107215881,0.7129209637641907,-0.0035989598931909124,0.012428351132187836,5
2026-03-13,0.7075298428535461,0.7005700469017029,0.7105857,0.7113869,0.007152439649596682,-0.0007345650252786684,47.213134667892454,0.6601501107215881,0.7129209637641907,-0.01906637758896683,-0.007382320531314223,1
2026-03-16,0.7005700469017029,0.706848680973053,0.7113869,0.7138104,0.007313430892019705,-0.0012032509528339852,45.87453581542242,0.6610198020935059,0.7129209637641907,0.013211876292665282,-0.0017239465889763107,2
2026-03-17,0.706848680973053,0.710909903049469,0.7138104,0.71242094,0.007406164808013069,-0.0010666869619904294,50.513450431043296,0.6610198020935059,0.7129209637641907,-0.011114142119103089,-0.03006432536706745,3
2026-03-18,0.710909903049469,0.7029501795768738,0.71242094,0.71298426,0.007322369414730511,-0.000697001815878207,49.19744626351962,0.6658400893211365,0.7129209637641907,-0.030586158824142798,-0.04986743510960443,4
2026-03-19,0.7029501795768738,0.708109974861145,0.71298426,0.71572137,0.007571560679776835,-0.0009661404058756867,45.31204828403977,0.6678299903869629,0.7129209637641907,-0.0220268873083426,-0.06721606842549674,5
2026-03-20,0.708109974861145,0.7007802128791809,0.7053079,0.70287055,0.007552778327579498,-0.0007821135810858991,51.47565392908352,0.6678299903869629,0.7129209637641907,-0.016797736235749178,-0.06509751401327181,1
2026-03-23,0.7007802128791809,0.7006098031997681,0.70287055,0.7012747,0.007717680062138448,-0.0011189702156173737,43.910168559884916,0.6678299903869629,0.7129209637641907,0.017993370747035806,-0.06061657871469147,2
2026-03-24,0.7006098031997681,0.6996901631355286,0.7012747,0.70313585,0.007498664891629703,-0.0013052044319882207,47.66574966607615,0.6678299903869629,0.7129209637641907,-0.003130129888579305,-0.053086509909244815,3
2026-03-25,0.6996901631355286,0.6942901611328125,0.70313585,0.7057323,0.007294211309202765,-0.001432108037242225,44.46958842498939,0.6678299903869629,0.7129209637641907,0.019449943827491212,-0.004501277604227053,4
2026-03-26,0.6942901611328125,0.6887398958206177,0.7057323,0.7061226,0.007308737767040172,-0.0017978340362560412,45.14501944903017,0.6678299903869629,0.7129209637641907,-0.015033763846452861,0.002484766531912412,5
2026-03-27,0.6887398958206177,0.6850901246070862,0.69054,0.6917578,0.007337910707587869,-0.002299569149653316,44.488054707114976,0.6682798862457275,0.7129209637641907,0.003756852986170725,0.02330365801249282,1
2026-03-30,0.6850901246070862,0.6845901012420654,0.6917578,0.6925954,0.007235278483241312,-0.002733724080566688,33.2272449630987,0.6682798862457275,0.7129209637641907,0.0016448554664745389,0.0067101715386548,2
2026-03-31,0.6845901012420654,0.692051112651825,0.6925954,0.69108003,0.007037484796171012,-0.002895521683997318,27.132575678752872,0.6682798862457275,0.7129209637641907,0.020157100232811233,0.030428761233812707,3
2026-04-01,0.692051112651825,0.6923999190330505,0.69108003,0.6936555,0.007291461596250458,-0.002363475172751086,34.37679038346556,0.6682798862457275,0.7129209637641907,0.006511190388170775,0.017182179484824228,4
2026-04-02,0.6923999190330505,0.6911499500274658,0.6936555,0.6942215,0.007091218903617426,-0.0018729288412170511,37.74882381218062,0.6682798862457275,0.7129209637641907,-0.010905599959187336,0.021389953439539953,5
2026-04-03,0.6911499500274658,0.6885501742362976,0.69559664,0.69653744,0.006909083931857324,-0.0015318705940947312,41.59505796236675,0.6682798862457275,0.7129209637641907,0.0,0.017559940445507377,1
2026-04-06,0.6885501742362976,0.6916901469230652,0.69653744,0.6972759,0.006775833721927199,-0.0013850374918140409,32.526313153275396,0.6682798862457275,0.7129209637641907,0.003678236070027349,0.01963113213823332,2
2026-04-07,0.6916901469230652,0.707679033279419,0.6972759,0.6989616,0.0066795740777008065,-0.000998184062034447,31.317888023434477,0.6682798862457275,0.7129209637641907,-0.00700938080004491,-0.007695788907116561,3
2026-04-08,0.707679033279419,0.703937828540802,0.6989616,0.6993434,0.008366428649710371,0.0003410926793979913,53.97595892189005,0.6682798862457275,0.7129209637641907,0.03804424731409376,0.024093163669519635,4
2026-04-09,0.703937828540802,0.7075698375701904,0.6993434,0.6989267,0.008212870180552273,0.0009472170614298566,46.40638909795474,0.6687598824501038,0.7129209637641907,-0.001998676585020025,0.03325542621894548,5
2026-04-10,0.7075698375701904,0.7019898295402527,0.70646566,0.70632356,0.008066557848706898,0.0015304240846488921,56.246004094877456,0.6687598824501038,0.7129209637641907,0.021087830597987828,0.055275907672740744,1
2026-04-13,0.7019898295402527,0.7099298238754272,0.70632356,0.7037731,0.008041519789199775,0.0014773167216494058,51.154614518431046,0.6709878444671631,0.7129209637641907,0.01781159571001089,0.07029639655088779,2
2026-04-14,0.7099298238754272,0.7129300832748413,0.7037731,0.7056206,0.00823476252207032,0.0018876116666621755,57.66651701920099,0.6731699109077454,0.7129209637641907,0.015689537291392698,0.09486879517192584,3
2026-04-15,0.7129300832748413,0.7175799012184143,0.7056206,0.707002,0.008058639957384053,0.002247305269453199,64.47604499375086,0.6754794120788574,0.7129300832748413,0.0002470874559217801,0.054258181882307535,4
2026-04-16,0.7175799012184143,0.7159000635147095,0.707002,0.70600015,0.007973166212426896,0.0026565761075529755,72.71528004033641,0.6840506792068481,0.7175799012184143,-0.0009061811693833574,0.05541058349503046,5
2026-04-17,0.7159000635147095,0.7134998440742493,0.7183648,0.7175087,0.007764696306350671,0.0026654676321537962,75.04401677143159,0.6845901012420654,0.7175799012184143,0.0060804956810176485,0.03968994091703001,1
2026-04-20,0.7134998440742493,0.7174198627471924,0.7175087,0.7172319,0.007584459426208318,0.002370894831878526,72.79524905698331,0.6845901012420654,0.7175799012184143,-0.011120855384533909,0.010040151349522604,2
2026-04-21,0.7174198627471924,0.7156198024749756,0.7172319,0.7190513,0.007482212194226422,0.0022994975470651126,71.18625337866426,0.6845901012420654,0.7175799012184143,-0.005732044023659669,-0.011366406140214242,3
2026-04-22,0.7156198024749756,0.7158001661300659,0.7190513,0.7213724,0.007296758395608104,0.002001442020180077,68.93274093542752,0.6845901012420654,0.7175799012184143,0.019552618230260894,0.007905115060130407,4
2026-04-23,0.7158001661300659,0.7129616141319275,0.7213724,0.72134095,0.007097138147135786,0.001698770398692621,70.45578651218557,0.6845901012420654,0.7175799012184143,-0.007297785574562695,0.00148352826945099,5
2026-04-24,0.7129616141319275,0.7143500447273254,0.711406,0.7127809,0.006962380202012198,0.0012125400594601415,70.17767722889738,0.6845901012420654,0.7175799012184143,-0.00859581222512715,-0.013107221292054893,1
2026-04-27,0.7143500447273254,0.7190897464752197,0.7127809,0.7112853,0.00679049102972829,0.0009037401999588452,69.28841345607455,0.6845901012420654,0.7175799012184143,-0.0009134808991143975,-0.002982049323892126,2
2026-04-28,0.7190897464752197,0.7187212109565735,0.7112853,0.70519584,0.006784385890098779,0.000934148615704425,62.013685460327984,0.6845901012420654,0.7190897464752197,-0.01734799613390739,-0.014496357795268236,3
2026-04-29,0.7187212109565735,0.7131141424179077,0.70519584,0.70740706,0.0066042210905690605,0.000847447265186505,66.75443882114206,0.6845901012420654,0.7190897464752197,-0.006105378262062169,-0.039460768845391785,4
2026-04-30,0.7131141424179077,0.720079779624939,0.70740706,0.7022421,0.006672430224906251,0.00035564636712141426,56.014276292819176,0.6845901012420654,0.7190897464752197,0.008047844376794507,-0.02460701060108167,5
2026-05-01,0.720079779624939,0.7212925553321838,0.7138015,0.71495956,0.006872319507653488,0.000437268055022008,69.05067685049532,0.6845901012420654,0.720079779624939,0.0010119821779090508,-0.015190471648038998,1
2026-05-04,0.7212925553321838,0.7167482376098633,0.71495956,0.7120164,0.006700430386397501,0.0005058903634806346,63.94156441560759,0.6845901012420654,0.7212925553321838,-0.023365961327474982,-0.0370555076314941,2
2026-05-05,0.7167482376098633,0.7203900218009949,0.7120164,0.71404916,0.006678652941405569,0.00019421033841803687,54.51368239482073,0.6845901012420654,0.7212925553321838,0.025218539468338824,0.004818598720404222,3
2026-05-06,0.7203900218009949,0.7235099673271179,0.71404916,0.7180374,0.0066075975129798025,0.00018247821556930874,53.40312926780677,0.6845901012420654,0.7212925553321838,0.03204049835903662,0.0438887297223548,4
2026-05-07,0.7235099673271179,0.7208600044250488,0.7180374,0.7143931,0.006511710485107867,0.00032564421488266715,58.90517781339672,0.6845901012420654,0.7235099673271179,-0.0014676820261337934,0.03400268898815978,5
2026-05-08,0.7208600044250488,0.7236999869346619,0.72681904,0.72506124,0.0063950967180282405,0.00018942807267129363,58.562875414160445,0.6845901012420654,0.7235099673271179,0.01963461678704533,0.05343895881660789,1
2026-05-11,0.7236999869346619,0.7246218919754028,0.72506124,0.72576016,0.006296206973940546,0.0002351650377099626,57.4946970979504,0.6845901012420654,0.7236999869346619,0.025983655041448343,0.10672989606842626,2
2026-05-12,0.7246218919754028,0.7237801551818848,0.72576016,0.72644603,0.006141542702709554,0.00026960586629701244,60.973082780186694,0.6845901012420654,0.7246218919754028,0.011086720769667314,0.09119978265917399,3
2026-05-13,0.7237801551818848,0.7254998683929443,0.72644603,0.72908604,0.0059902484784659015,0.00018199506227480847,59.57284635625214,0.6845901012420654,0.7246218919754028,0.022942177639864655,0.08131672485869916,4
2026-05-14,0.7254998683929443,0.7214298844337463,0.72908604,0.7284408,0.005866032069072071,0.00018552831429998265,65.45585730681006,0.6845901012420654,0.7254998683929443,-0.010300755993562987,0.07180743420834021,5
2026-05-15,0.7214298844337463,0.7130200862884521,0.7264804,0.7277895,0.005861906350510545,-0.0001239041281818707,58.186101133290514,0.6845901012420654,0.7254998683929443,-0.04931180430300637,0.00040007316233989156,1
2026-05-18,0.7130200862884521,0.7172901630401611,0.7277895,0.7284529,0.006313993087706244,-0.000889950845068029,43.53096031875102,0.6845901012420654,0.7254998683929443,0.003273801195157019,-0.02206283618749147,2
2026-05-19,0.7172901630401611,0.7106598019599915,0.7284529,0.72671276,0.0063053860718967295,-0.0010908087369094653,48.59189540766355,0.6845901012420654,0.7254998683929443,-0.01720712646640829,-0.04934466693495037,3
2026-05-20,0.7106598019599915,0.7150007486343384,0.72671276,0.7261835,0.006495885746599917,-0.0016200422234085377,47.63268126715396,0.6845901012420654,0.7254998683929443,0.02015245445655226,-0.05199303633060097,4
2026-05-21,0.7150007486343384,0.7148299813270569,0.7261835,0.72486484,0.0064819388396688635,-0.0016234962432216732,44.83977705162645,0.6845901012420654,0.7254998683929443,-0.005339752746315452,-0.047278285427929306,5
2026-05-22,0.7148299813270569,0.7157202363014221,0.7131866,0.7145561,0.006313777342551536,-0.0015814475837140178,43.292088396149374,0.6845901012420654,0.7254998683929443,0.01349334518027408,0.014476505806940564,1
2026-05-25,0.7157202363014221,0.717029869556427,0.7145561,0.7165057,0.006159312140886993,-0.0014417665843445924,48.84538912133891,0.6845901012420654,0.7254998683929443,0.0,0.011160741947081566,2
2026-05-26,0.717029869556427,0.717079758644104,0.7165057,0.71789134,0.006019095995656312,-0.0012181640147899205,46.017367763667295,0.6845901012420654,0.7254998683929443,0.002991429972730405,0.03179239260258109,3
2026-05-27,0.717079758644104,0.7133201360702515,0.71789134,0.7148931,0.005868628418650989,-0.0010313001346237863,41.78038251191254,0.6845901012420654,0.7254998683929443,-0.008842665101228171,0.002305009765288181,4
2026-05-28,0.7133201360702515,0.7164201736450195,0.7148931,0.7154068,0.005846324457875304,-0.001118022659503617,40.62780614588551,0.6845901012420654,0.7254998683929443,0.014329838466993622,0.022215109420296482,5
2026-05-29,0.7164201736450195,0.7180498242378235,0.7133599,0.7136751,0.005791291042336745,-0.0009313620196985471,41.00918552282689,0.6845901012420654,0.7254998683929443,-0.0057230335454064194,0.0027593698651848576,1
2026-06-01,0.7180498242378235,0.7164298892021179,0.7136751,0.7110842,0.005674988092621517,-0.0006748490674204194,42.02273204118102,0.6845901012420654,0.7254998683929443,0.02553796337409885,0.028697596972302092,2
2026-06-02,0.7164298892021179,0.7174115777015686,0.7110842,0.7105947,0.005560545754682076,-0.0005938437174287307,41.2435684959618,0.6845901012420654,0.7254998683929443,0.01905393732165074,0.045354477186779235,3
2026-06-03,0.7174115777015686,0.7134499549865723,0.7105947,0.71088314,0.005437625118253524,-0.0004597065406034492,40.19188486329975,0.6845901012420654,0.7254998683929443,-0.025666836602769052,0.02791437320339968,4
2026-06-04,0.7134499549865723,0.7132158875465393,0.71088314,0.7122265,0.005457076081886095,-0.0006137218655482844,40.29778926329551,0.6845901012420654,0.7254998683929443,0.004618267070789165,0.017980026516798444,5
2026-06-05,0.7132158875465393,0.7043498158454895,0.7128038,0.7136644,0.005328589326289162,-0.0007009891926551112,50.29713179626799,0.6845901012420654,0.7254998683929443,-0.03875390986788241,-0.015095482152516212,1
2026-06-08,0.7043498158454895,0.704049825668335,0.7136644,0.71398455,0.005938561075931932,-0.0012911221201878584,32.766676245013045,0.6845901012420654,0.7254998683929443,0.010482107026258984,-0.029812992715881368,2
2026-06-09,0.704049825668335,0.7023113369941711,0.71398455,0.7134756,0.005792669018920779,-0.0016158956813265568,39.41190062002685,0.6845901012420654,0.7254998683929443,-0.004274931670488298,-0.05218439396108085,3
2026-06-10,0.7023113369941711,0.6994200348854065,0.7134756,0.71143675,0.005678488955161881,-0.001845440626101502,27.824800791625435,0.6845901012420654,0.7254998683929443,-0.00852488121841812,-0.035796925787185976,4
2026-06-11,0.6994200348854065,0.7047901749610901,0.71143675,0.71086687,0.005619151136727364,-0.002072628721447085,25.408813167246237,0.6845901012420654,0.7254998683929443,0.0015989373612835867,-0.03870378218788057,5
2026-06-12,0.7047901749610901,0.7075197696685791,0.6973048,0.6961068,0.005763073082712026,-0.001754480133779431,34.739725845000564,0.6845901012420654,0.7254998683929443,0.027031900562995762,0.02666237905305861,1
2026-06-15,0.7075197696685791,0.7073001265525818,0.6961068,0.69601727,0.005695293731862156,-0.0012757175742906103,37.22862846613549,0.6845901012420654,0.7254998683929443,0.008053949730139183,0.02417250543245539,2
2026-06-16,0.7073001265525818,0.7065500020980835,0.69601727,0.69472,0.005558870026401528,-0.0009066886628945501,36.926273986093996,0.6845901012420654,0.7254998683929443,0.001002161336406582,0.029591444546162984,3
2026-06-17,0.7065500020980835,0.7018499374389648,0.69472,0.6927446,0.005432274777561048,-0.0006575713344107023,40.15750214901699,0.6845901012420654,0.7254998683929443,-0.001156423524832199,0.03720596472992238,4
2026-06-18,0.7018499374389648,0.7013099789619446,0.6927446,0.69411933,0.005517106043851817,-0.0007472486230230327,29.759278763670565,0.6845901012420654,0.7254998683929443,-0.016646363132267167,0.018453423316065413,5
2026-06-19,0.7013099789619446,0.7002899646759033,0.70227474,0.7015978,0.0053898558722490384,-0.0007773833938953959,26.019263281930435,0.6845901012420654,0.7254998683929443,0.0,-0.008708534706596658,1
2026-06-22,0.7002899646759033,0.6994621157646179,0.7015978,0.70387095,0.005274751456272466,-0.0007974825799249028,26.474313863476425,0.6845901012420654,0.7254998683929443,-0.002827690066274483,-0.019436934213317634,2
2026-06-23,0.6994621157646179,0.6915600895881653,0.70387095,0.70201856,0.005160925017664249,-0.0007961568538549903,23.718852762321006,0.6885501742362976,0.7254998683929443,-0.03449037300966138,-0.053629227612700635,3
2026-06-24,0.6915600895881653,0.6900001764297485,0.70201856,0.7026929,0.005669527802709827,-0.0012311147686811272,21.265098985498398,0.6885501742362976,0.7254998683929443,-0.03277353237773814,-0.08308266552958499,4
2026-06-25,0.6900001764297485,0.6900501847267151,0.7026929,0.7011431,0.005556497957967632,-0.0015091808087077463,20.54978473468759,0.6885501742362976,0.7254998683929443,0.021226927609582807,-0.04769000085650414,5
2026-06-26,0.6900501847267151,0.6896218657493591,0.6874699,0.68858844,0.005425926813743349,-0.0015681522252587515,26.633915631671627,0.6885501742362976,0.7254998683929443,0.011628054340762762,-0.03655185646337098,1
2026-06-29,0.6896218657493591,0.6882398128509521,0.68858844,0.68729246,0.005301906215997222,-0.0015136595903436903,26.52268287809808,0.6896218657493591,0.7254998683929443,-0.0071901852926039185,-0.04074573984098327,2
2026-06-30,0.6882398128509521,0.6912999749183655,0.68729246,0.6863859,0.005200024365038033,-0.001448321614457647,26.833954480601165,0.6882398128509521,0.7254998683929443,0.015460074778671905,0.008386308770899966,3
2026-07-01,0.6912999749183655,0.6892097592353821,0.6863859,0.688252,0.00518799303443496,-0.0010928183144029713,36.705804744190765,0.6882398128509521,0.7254998683929443,-0.011205093563390204,0.030371872014752988,4
2026-07-02,0.6892097592353821,0.6916002035140991,0.688252,0.6871924,0.005116734741425546,-0.0009002754028417876,21.422511621398243,0.6882398128509521,0.7254998683929443,-0.0014708001647411473,0.007248191997320506,5
2026-07-03,0.6916002035140991,0.6937001347541809,0.6899654,0.69070095,0.005069283164347171,-0.0005319691624399775,20.43258586180633,0.6882398128509521,0.7254998683929443,0.0,-0.004396312045217968,1
2026-07-06,0.6937001347541809,0.6955297589302063,0.69070095,0.6892405,0.005009309109833448,-9.0132492448141e-05,26.389791432982477,0.6882398128509521,0.7254998683929443,0.010331583040322573,0.013202152997047715,2
2026-07-07,0.6955297589302063,0.6922600269317627,0.6892405,0.688027,0.004940018393932471,0.00035758488278868957,31.559524688168878,0.6882398128509521,0.7254998683929443,-0.0010526365940761889,-0.0033911841839605,3
2026-07-08,0.6922600269317627,0.6936299204826355,0.688027,0.6869838,0.00494982284299254,0.0004592740792085104,33.14617569911756,0.6882398128509521,0.7254998683929443,-0.01914013935616124,-0.01126802788681746,4
2026-07-09,0.6936299204826355,0.6944401264190674,0.6869838,0.6848638,0.004866525710644614,0.0006337920861340116,36.885229215861905,0.6882398128509521,0.7254998683929443,0.026163935290325936,0.01643635719341348,5
2026-07-10,0.6944401264190674,0.6942197680473328,0.69351715,0.6941931,0.004772160422820465,0.0008076467618669102,39.9384892971377,0.6882398128509521,0.7254998683929443,0.002972223900634411,0.01946192773692595,1
2026-07-13,0.6942197680473328,0.6918213367462158,0.6941931,0.6933911,0.004673212481884401,0.0009043629281743834,40.79090650181769,0.6882398128509521,0.7254998683929443,-8.024741299155112e-05,0.008902529714526746,2
2026-07-14,0.6918213367462158,0.6976497769355774,0.6933911,0.6939233,0.004643982173812339,0.0008065993979170013,50.56893557255712,0.6882398128509521,0.7254998683929443,0.015442498101460594,0.02568252652061329,3
2026-07-15,0.6976497769355774,0.7008101344108582,0.6939233,0.69426894,0.004951376529071638,0.0011152460032174674,64.0473985731392,0.6882398128509521,0.7254998683929443,-0.005782877839766474,0.03947474432763048,4
2026-07-16,0.7008101344108582,0.6999399662017822,0.69426894,0.6939677,0.004958573976139456,0.0014896301660314078,67.73335428986817,0.6882398128509521,0.7254998683929443,0.0003971654574320329,0.01303296045665884,5
2026-07-17,0.6999399662017822,0.6979097723960876,0.700447,0.69937336,0.004859503440893899,0.0016249776182889518,66.76103740683149,0.6882398128509521,0.7254998683929443,-0.012144638701152746,-0.0021657517630200027,1
2026-07-20,0.6979097723960876,0.700079083442688,0.69937336,0.69965684,0.004801314264276759,0.0015256725779460504,65.38422878297365,0.6882398128509521,0.7254998683929443,0.012620983706146529,0.010588799429111227,2
2026-07-21,0.700079083442688,0.7000800967216492,0.69965684,0.7021586,0.004757699690916651,0.0015490229079714478,64.3743985821666,0.6882398128509521,0.7254998683929443,0.03310222155002192,0.028594033945984972,3
2026-07-22,0.7000800967216492,0.6989697813987732,0.7021586,0.70233965,0.004659396194304233,0.0015061209504954173,69.10555648675829,0.6882398128509521,0.7254998683929443,-0.009257887611187711,0.02502586293244361,4
2026-07-23,0.6989697813987732,0.6967198848724365,0.70233965,0.70553875,0.004578348531622479,0.0013495871848306356,63.56298664115858,0.6882398128509521,0.7254998683929443,-0.02289224847416917,0.0014294511624003904,5
2026-07-24,0.6967198848724365,0.699440062046051,0.70008284,0.70015883,0.004545784815056618,0.0010542355695398072,55.52704557306156,0.6882398128509521,0.7254998683929443,0.0023762931297229128,0.01607723228984954,1
2026-07-27,0.699440062046051,0.6987192630767822,0.70015883,0.69882244,0.00454954057524899,0.00100213411159066,56.931073828339606,0.6882398128509521,0.7254998683929443,0.003001827486801528,0.006350284179513034,2
2026-07-28,0.6987192630767822,0.6974599957466125,0.69882244,0.6984794,0.004465034486198498,0.0008833492592016084,62.5864119527243,0.6882398128509521,0.7254998683929443,-0.0026854447899488545,-0.029027818332004473,3
2026-07-29,0.6974599957466125,0.695928156375885,0.6984794,0.698229,0.004396697907740179,0.0006926183208171941,57.495567375886516,0.6882398128509521,0.7254998683929443,-0.007701210872198454,-0.02751515146139386,4
2026-07-30,0.695928156375885,0.7025185227394104,0.698229,0.6993418,0.004340824314315827,0.0004478178724105132,52.83212364463059,0.6882398128509521,0.7254998683929443,0.026892641982221528,0.022125320371429308,5
2026-07-31,0.7025185227394104,0.7045875787734985,0.6973381,0.6962211,0.004793944986364035,0.0006992800741322177,62.71232866706354,0.6882398128509521,0.7254998683929443,-0.0013198401493381645,0.01835438219749644,1
2026-08-03,0.7045875787734985,0.6997601389884949,0.6962211,0.6975073,0.004744786016730871,0.0009584747632553403,69.7551338149244,0.6882398128509521,0.7254998683929443,0.012046488506285159,0.02760683194262729,2
2026-08-04,0.6997601389884949,0.7046700119972229,0.6975073,0.6959609,0.0049035195855096445,0.0007666258022080142,53.37008707438445,0.6882398128509521,0.7254998683929443,0.01591509584598905,0.04689974766550047,3
2026-08-05,0.7046700119972229,0.7057301998138428,0.6959609,0.6963193,0.005066037935264366,0.0009217937180370442,55.83773550887947,0.6882398128509521,0.7254998683929443,0.012686404289486142,0.06846259748900979,4
2026-08-06,0.7057301998138428,0.7033402323722839,0.6963193,0.6962868,0.004967542316117381,0.0010385520611705338,58.7071873913215,0.6882398128509521,0.7214298844337463,-0.00238988478246076,0.03762895949832691,5
2026-08-07,0.7033402323722839,0.7063493728637695,0.70504403,0.7059901,0.004919786056594416,0.0009025674443645174,58.07875518289547,0.6882398128509521,0.7180498242378235,-0.01757539541130289,0.0208980779076065,1
2026-08-10,0.7063493728637695,0.7055301070213318,0.7059901,0.7052394,0.004916542572162232,0.0009577982962399255,59.10073983846745,0.6882398128509521,0.7180498242378235,0.003646060691822296,0.012358017598907476,2
2026-08-11,0.7055301070213318,0.7063997387886047,0.7052394,0.70406795,0.004817902545352223,0.0008834810424703087,57.726655084064,0.6882398128509521,0.7180498242378235,0.0026502001102386456,-0.0009821324940826734,3
2026-08-12,0.7063997387886047,0.7063897848129272,0.70406795,0.70475155,0.004726359282727516,0.0008376292469655195,60.60607091928243,0.6882398128509521,0.7180498242378235,-0.0022711594833249556,-0.015813806580395398,4
2026-08-13,0.7063897848129272,0.7063698172569275,0.70475155,0.7036996,0.004629229124497441,0.0007539804423892424,64.7465613717427,0.6882398128509521,0.7180498242378235,-0.0006823476740331839,-0.014131836529064641,5
2026-08-14,0.7063698172569275,0.7085198760032654,0.70584285,0.70599025,0.004536127007135125,0.0006486686960902746,61.51628854215368,0.6882398128509521,0.7180498242378235,0.0010612446835852258,0.004413710180685897,1
2026-08-17,0.7085198760032654,0.7108199596405029,0.70599025,0.70641243,0.004504153208420969,0.000672307215228341,65.54862307589016,0.6882398128509521,0.7180498242378235,0.0006816241669075291,0.0014405984698549184,2
2026-08-18,0.7108199596405029,0.7081500887870789,0.70641243,0.70547736,0.004481520229619333,0.0007835720062410361,70.51791151071103,0.6882398128509521,0.7180498242378235,-0.018569289721207194,-0.019585588700257436,3
2026-08-19,0.7081500887870789,0.7125044465065002,0.70547736,0.70543045,0.00447665992558323,0.000624969758683772,68.13619526415782,0.6882398128509521,0.7180498242378235,0.0007710276924720535,-0.01659844312706868,4
2026-08-20,0.7125044465065002,0.7119398713111877,0.70543045,0.7049918,0.004616673944706407,0.0007523796965808963,65.87140388637948,0.6882398128509521,0.7180498242378235,-0.004247954192756235,-0.020098622289650085,5
2026-08-21,0.7119398713111877,0.7171398997306824,0.712317,0.71318877,0.004526935753269547,0.000736747859251059,62.27248577756288,0.6882398128509521,0.7180498242378235,0.01832946105727777,-0.0030305296436349055,1
2026-08-24,0.7171398997306824,0.7154815793037415,0.71318877,0.7112754,0.004749517213231319,0.000998483993263669,78.6539754167633,0.6882398128509521,0.7174115777015686,0.0029593341759600266,-0.0007571342173834435,2
2026-08-25,0.7154815793037415,0.7165325880050659,0.7112754,0.7118667,0.004679884813907472,0.0009803888095405288,69.96565767749037,0.6882398128509521,0.7174115777015686,0.016606289178301835,0.03501731693057663,3
2026-08-26,0.7165325880050659,0.7181498408317566,0.7118667,0.7119597,0.00459774475345478,0.0009585179075956114,69.95547197068461,0.6882398128509521,0.7171398997306824,-0.01728842999342165,0.016493236372894807,4
2026-08-27,0.7181498408317566,0.7195098996162415,0.7119597,0.7109185,0.004536984930442616,0.0009693786884686769,78.16209207221422,0.6882398128509521,0.7181498408317566,-0.001137984674680693,0.0196594201689716,5
2026-08-28,0.7195098996162415,0.7163000702857971,0.7174063,0.71739227,0.004469966569772962,0.0009815627808965272,76.70080901648265,0.6882398128509521,0.7195098996162415,-0.003802589714711809,-0.002659837376031039,1
2026-08-31,0.7163000702857971,0.7172999382019043,0.71739227,0.7179188,0.004500068926335513,0.0007000608255814007,69.91855758291959,0.6882398128509521,0.7195098996162415,0.004788932365228237,-0.0008334353389590339,2
2026-09-01,0.7172999382019043,0.7147099375724792,0.7179188,0.7181223,0.00442460303744401,0.0005162964062681713,70.06277468036694,0.6882398128509521,0.7195098996162415,-0.013282694622597117,-0.03025561869400699,3
2026-09-02,0.7147099375724792,0.7163600921630859,0.7181223,0.71837074,0.0044167666818707395,0.0001731514476126187,63.98566856964229,0.6882398128509521,0.7195098996162415,-0.0008456413975780643,-0.014178502753753543,4
2026-09-03,0.7163600921630859,0.7201300859451294,0.71837074,0.717841,0.00436632419255303,1.8300233556862826e-05,65.92051945979526,0.6882398128509521,0.7195098996162415,0.011622735706030072,-0.0015181041759266365,5
2026-09-04,0.7201300859451294,0.7206376194953918,0.7153223,0.7133999,0.00445592218639929,0.0001248269222132916,67.59367813704114,0.6882398128509521,0.7201300859451294,0.003036282965223013,0.005333789291016081,1
2026-09-07,0.7206376194953918,0.722089946269989,0.7133999,0.71598804,0.004372818527081031,0.00018110881541587992,65.73199082325209,0.6882398128509521,0.7206376194953918,0.0,0.0005308234880281224,2
2026-09-08,0.722089946269989,0.7220399379730225,0.71598804,0.71693015,0.004316188605153079,0.0002628295671312786,73.24447889955673,0.6882398128509521,0.722089946269989,0.02129650401085809,0.0357335102757257,3
2026-09-09,0.7220399379730225,0.722089946269989,0.71693015,0.7165007,0.004235234112594182,0.0002597364094009567,68.56529458866672,0.6882398128509521,0.722089946269989,0.009525688685300916,0.04653134153636039,4
