ds,y,y_next,nhits_h1,nhits_h2,nhits_h3,nhits_h4,nhits_h5,vol_garch,macd,rsi,precio_min_ventana,precio_max_ventana,copper_ret_1d,copper_mom_5d,dias_desde_refit
2020-12-07,743.4000244140625,744.7000122070312,751.7786,750.6515,750.07776,749.4335,751.5877,0.006865975289010237,-1.3000030232420494,31.655893053893166,743.4000244140625,803.5999755859375,-0.0015663484164623479,0.02572724984573018,1
2020-12-08,744.7000122070312,744.4000244140625,750.6515,750.07776,749.4335,751.5877,751.8108,0.0066581027375259404,-1.6178821416579643,34.89935360188758,743.4000244140625,803.5999755859375,-0.00414142427707529,0.007497123233670974,2
2020-12-09,744.4000244140625,742.7000122070312,750.07776,749.4335,751.5877,751.8108,751.54736,0.006447027360039249,-1.7164425753819668,37.81822862856375,743.4000244140625,803.5999755859375,0.0039988454471531765,0.009496400942806571,3
2020-12-10,742.7000122070312,734.2999877929688,749.4335,751.5877,751.8108,751.54736,751.35724,0.00627489055808769,-1.757805773214118,35.66309498287079,742.7000122070312,803.5999755859375,0.01765956801103442,0.02630060449627686,4
2020-12-11,734.2999877929688,733.7999877929688,751.5877,751.8108,751.54736,751.35724,750.0295,0.00678278766229047,-2.184723256182009,25.168929019912696,734.2999877929688,803.5999755859375,-0.013108925112561077,0.002845757153371549,5
2020-12-14,733.7999877929688,734.9000244140625,736.0654,735.70624,735.0991,736.1331,737.09375,0.00656879550861741,-2.3217784473073255,10.400011718735698,733.7999877929688,803.5999755859375,-0.0005676568532849705,0.0038477910283128596,1
2020-12-15,734.9000244140625,735.7000122070312,735.70624,735.0991,736.1331,737.09375,739.2991,0.006369646198286566,-2.1625665079698493,12.35302213419341,733.7999877929688,803.5999755859375,0.004532594732826386,0.012593059330743893,2
2020-12-16,735.7000122070312,733.7000122070312,735.0991,736.1331,737.09375,739.2991,739.51556,0.006173306690791004,-1.8402257125802235,16.588851684739524,733.7999877929688,803.5999755859375,0.004512075897879891,0.013112886307093197,3
2020-12-17,733.7000122070312,721.4000244140625,736.1331,737.09375,739.2991,739.51556,738.31384,0.006025961950951057,-1.6070309807122287,12.93309539516342,733.7000122070312,803.5999755859375,0.012026430542292521,0.00742192617644431,4
2020-12-18,721.4000244140625,724.7999877929688,737.09375,739.2991,739.51556,738.31384,741.03125,0.007342660350203862,-2.0955941372175317,6.015059159344176,721.4000244140625,803.5999755859375,0.008719203163225152,0.029653818787127317,5
2020-12-21,724.7999877929688,725.0999755859375,719.6788,718.72424,716.8847,715.9252,715.9045,0.007203608760129677,-2.0042193786308538,13.252966272552683,721.4000244140625,803.5999755859375,-0.015413769301266707,0.014480374434948994,1
2020-12-22,725.0999755859375,722.2000122070312,718.72424,716.8847,715.9252,715.9045,716.41595,0.006971271271509792,-1.7474059643741295,14.315291221565431,721.4000244140625,803.5999755859375,-0.015512951902100029,-0.005652973075548363,2
2020-12-23,722.2000122070312,713.5999755859375,716.8847,715.9252,715.9045,716.41595,717.5064,0.006834126223630506,-1.6005921058252088,14.649630354354443,721.4000244140625,803.5999755859375,0.00961822368998747,-0.0005627054297451403,3
2020-12-24,713.5999755859375,714.2999877929688,715.9252,715.9045,716.41595,717.5064,718.3899,0.007333667467197072,-1.8905373475422795,13.717641005977327,713.5999755859375,803.5999755859375,0.002249690773362123,-0.010286333630522511,4
2020-12-25,714.2999877929688,714.2999877929688,715.9045,716.41595,717.5064,718.3899,718.6909,0.007099462559593749,-1.8412190165609221,17.155705824243512,713.5999755859375,803.5999755859375,0.0,-0.01887833602031982,5
2020-12-28,714.2999877929688,711.5,719.166,722.7723,723.5907,727.45416,730.45306,0.006871460324500864,-1.622318832362108,14.651134402252907,713.5999755859375,803.5999755859375,0.0028050483012747717,-0.0008396364453597725,1
2020-12-29,711.5,714.9000244140625,722.7723,723.5907,727.45416,730.45306,733.674,0.006735947426540204,-1.4835942241691527,13.846127017513737,711.5,803.5999755859375,-0.004773267568748166,0.009948859280917885,2
2020-12-30,714.9000244140625,711.0,723.5907,727.45416,730.45306,733.674,734.8979,0.006633029033240012,-1.0033425809196483,20.550868005043156,711.5,803.5999755859375,-0.0028184884850533864,-0.002533801471429239,3
2020-12-31,711.0,710.0,727.45416,730.45306,733.674,734.8979,735.0349,0.006586716513071315,-0.7977892345608293,22.71664972834361,711.0,803.5999755859375,-0.00821884864248363,-0.012921349593837747,4
2021-01-01,710.0,710.0,730.45306,733.674,734.8979,735.0349,737.4786,0.006391122960322223,-0.588295798818324,22.45372561596747,710.0,803.5999755859375,0.0,-0.012921349593837747,5
2021-01-04,710.0,703.7999877929688,714.86426,718.17,717.0627,716.85876,717.274,0.006190429838415128,-0.32215627451224726,20.42750729957696,710.0,803.5999755859375,0.011037337127536937,-0.004761893631251935,1
2021-01-05,703.7999877929688,695.4000244140625,718.17,717.0627,716.85876,717.274,715.9231,0.006428949022122187,-0.42939958832900516,16.421026932565795,703.7999877929688,803.5999755859375,0.024328744190622302,0.02462710273713657,2
2021-01-06,695.4000244140625,696.0,717.0627,716.85876,717.274,715.9231,715.7988,0.006982707802114979,-0.9044672155138631,14.471230227257024,695.4000244140625,803.5999755859375,0.0026061400085380447,0.030200427053907554,3
2021-01-07,696.0,712.2999877929688,716.85876,717.274,715.9231,715.7988,714.1742,0.0067620845469237925,-1.008759623370441,19.905149521842503,695.4000244140625,803.5999755859375,0.01238864164946358,0.051650529650207104,4
2021-01-08,712.2999877929688,703.3304443359375,717.274,715.9231,715.7988,714.1742,712.65857,0.008891601623160933,0.12904714168736042,38.6569822698885,695.4000244140625,793.0,-0.0059709326787447245,0.04538990462171073,5
2021-01-11,703.3304443359375,719.0,703.62573,702.3678,699.97253,702.5789,702.3419,0.009233451688142531,0.37279531942532174,32.93108728943339,695.4000244140625,787.0999755859375,-0.030261423589353787,0.003095952171877183,1
2021-01-12,719.0,724.5,702.3678,699.97253,702.5789,702.3419,698.91833,0.010645828080863307,1.6149472817109096,47.9095578449096,695.4000244140625,785.5,0.011438296923926266,-0.00975142121178066,2
2021-01-13,724.5,737.2999877929688,699.97253,702.5789,702.3419,698.91833,698.4212,0.010464475828966589,2.7650856593641144,57.42113285450946,695.4000244140625,782.5,0.003323205417966472,-0.009041093563939735,3
2021-01-14,737.2999877929688,726.0,702.5789,702.3419,698.91833,698.4212,697.5351,0.011109179980080203,4.256825527806733,63.44415015069869,695.4000244140625,778.2999877929688,0.014001568268525182,-0.007441459866258496,4
2021-01-15,726.0,723.4689331054688,702.3419,698.91833,698.4212,697.5351,697.3186,0.01150091219455099,4.336768817466117,56.040957739483716,695.4000244140625,775.2000122070312,-0.017879738594029113,-0.0191915432830798,5
2021-01-18,723.4689331054688,733.5,730.2877,732.0878,735.98975,740.80334,748.5695,0.011138604660798863,4.07736227581208,56.197016189431835,695.4000244140625,774.7999877929688,0.0,0.010942770909641162,1
2021-01-19,733.5,736.7999877929688,732.0878,735.98975,740.80334,748.5695,752.2778,0.01134396408989216,4.411249251342703,59.01151374931395,695.4000244140625,773.4000244140625,0.009117342638361609,0.008599139735508151,2
2021-01-20,736.7999877929688,721.5999755859375,735.98975,740.80334,748.5695,752.2778,753.25183,0.0110084397155313,4.659882329878457,62.57295434846882,695.4000244140625,773.4000244140625,0.0031578581146133864,0.0084323843742432,3
2021-01-21,721.5999755859375,716.9000244140625,740.80334,748.5695,752.2778,753.25183,751.8425,0.012004924863741256,3.6507985655428685,54.965694189698326,695.4000244140625,773.4000244140625,0.0021908531376899996,-0.0034078647061656746,4
2021-01-22,716.9000244140625,727.0999755859375,748.5695,752.2778,753.25183,751.8425,749.2196,0.011718920691663354,2.5680685452732726,52.839490544408584,695.4000244140625,773.4000244140625,-0.005486224494399296,0.009020269020598558,5
2021-01-25,727.0999755859375,732.5,717.5445,715.5155,715.156,711.0938,713.15814,0.011904181167126266,2.440960786346212,59.282786915143355,695.4000244140625,773.4000244140625,0.0013744131974424212,0.010408033257109529,1
2021-01-26,732.5,732.7000122070312,715.5155,715.156,711.0938,713.15814,715.0049,0.011648137893448636,2.6075981905403998,65.14271137156973,695.4000244140625,773.4000244140625,-0.0034395156780045112,-0.0022001917446712693,2
2021-01-27,732.7000122070312,738.2000122070312,715.156,711.0938,713.15814,715.0049,714.82404,0.011243674742776854,2.611818089491282,65.02853029610023,695.4000244140625,773.4000244140625,-0.015695844799481936,-0.020836182154799314,3
2021-01-28,738.2000122070312,735.5,711.0938,713.15814,715.0049,714.82404,713.71643,0.011027245222086278,2.8462966060964296,61.63511113987051,695.4000244140625,773.4000244140625,0.0032147296487249717,-0.019833125906013445,4
2021-01-29,735.5,734.2999877929688,713.15814,715.0049,714.82404,713.71643,710.3086,0.010696446950218808,2.6830121040577173,65.31422481372448,695.4000244140625,773.4000244140625,-0.0026549381584333254,-0.017054060519955155,5
2021-02-01,734.2999877929688,733.2999877929688,740.87744,743.5184,743.96545,739.88605,736.3946,0.010342062594696699,2.3685884597188935,58.4472380808603,695.4000244140625,773.4000244140625,-0.0032232896853065453,-0.021562980619232078,1
2021-02-02,733.2999877929688,732.2000122070312,743.5184,743.96545,739.88605,736.3946,730.63477,0.00999872051836416,1.9832821556065714,55.11258183272685,695.4000244140625,773.4000244140625,-0.006477983976974251,-0.0245314184492475,2
2021-02-03,732.2000122070312,732.2000122070312,743.96545,739.88605,736.3946,730.63477,726.8014,0.009670173636398972,1.5628458571810009,46.570848394711525,695.4000244140625,773.4000244140625,0.011099516193104106,0.0019599522214916905,3
2021-02-04,732.2000122070312,735.2000122070312,739.88605,736.3946,730.63477,726.8014,724.59106,0.009343958528924593,1.2090665547136705,54.91580115930078,695.4000244140625,773.4000244140625,-0.003499212095570062,-0.0047446163014563765,4
2021-02-05,735.2000122070312,738.5,736.3946,730.63477,726.8014,724.59106,721.7692,0.00908848229919942,1.104309545786053,59.23256207176153,695.4000244140625,773.4000244140625,0.020264386695531118,0.018329375257908852,5
2021-02-08,738.5,735.0,712.25446,715.69244,715.4522,715.12317,711.4737,0.008856234221732593,1.1777539968837472,54.40141412621829,695.4000244140625,773.4000244140625,0.010932047306130873,0.03284667697582702,1
2021-02-09,735.0,734.2000122070312,715.69244,715.4522,715.12317,711.4737,721.3243,0.00865564016365518,0.9223979167716343,48.4210616487862,695.4000244140625,773.4000244140625,0.014705183351721931,0.054959018817618895,2
2021-02-10,734.2000122070312,724.5999755859375,715.4522,715.12317,711.4737,721.3243,726.18475,0.008370847089883839,0.6445483611951355,64.78880504099823,695.4000244140625,773.4000244140625,0.013831859146124684,0.057845470250245355,3
2021-02-11,724.5999755859375,725.7999877929688,715.12317,711.4737,721.3243,726.18475,722.5646,0.008821290296135764,-0.19590194998971722,58.105211759868425,695.4000244140625,773.4000244140625,0.000528153994474969,0.06211439171036102,4
2021-02-12,725.7999877929688,721.2999877929688,711.4737,721.3243,726.18475,722.5646,722.5594,0.008534435930474727,-0.6552413358127973,48.3117068414753,695.4000244140625,773.4000244140625,0.0038211104503456115,0.044792555522243364,5
2021-02-15,721.2999877929688,718.7999877929688,727.0082,728.6512,731.4042,731.78815,729.72815,0.008417625407052268,-1.2138964825764738,35.106381251836325,695.4000244140625,773.4000244140625,0.0,0.03343303840023268,1
2021-02-16,718.7999877929688,718.0999755859375,728.6512,731.4042,731.78815,729.72815,728.6168,0.008190640692195397,-1.675113155039322,32.58143369811633,695.4000244140625,773.2999877929688,0.012026289584637934,0.030668285967424096,2
2021-02-17,718.0999755859375,712.7000122070312,731.4042,731.78815,729.72815,728.6168,723.7973,0.007919632541081956,-1.932390601843891,21.367499074040268,695.4000244140625,768.2000122070312,-0.0031233976197787097,0.01334035541278491,3
2021-02-18,712.7000122070312,710.5,731.78815,729.72815,728.6168,723.7973,718.613,0.007920576382595327,-2.343891578855015,19.841276248758703,695.4000244140625,768.2000122070312,0.02076827313014467,0.03405945615005395,4
2021-02-19,710.5,708.4000244140625,729.72815,728.6168,723.7973,718.613,715.2296,0.007701310134200801,-2.620929704457075,19.329902988678597,695.4000244140625,768.2000122070312,0.043346586160945506,0.07574963265228313,5
2021-02-22,708.4000244140625,706.5,707.38464,705.6133,700.1474,698.65906,699.3727,0.007486742776536362,-2.786808591035747,18.79700973351018,695.4000244140625,761.4000244140625,0.015165591889079963,0.09218834891937815,1
2021-02-23,706.5,704.2000122070312,705.6133,700.1474,698.65906,699.3727,708.9735,0.007272627921975895,-2.8552072576115135,18.427512900608704,695.4000244140625,759.5,0.008393297899842403,0.08822763670312699,2
2021-02-24,704.2000122070312,700.4000244140625,700.1474,698.65906,699.3727,708.9735,714.90326,0.00708479331425269,-2.877938773235134,17.441860465116278,695.4000244140625,755.5,0.026743684145325672,0.12122006171784441,3
2021-02-25,700.4000244140625,715.5,698.65906,699.3727,708.9735,714.90326,723.1309,0.007004297737979635,-2.960022470865753,10.27397546608995,695.4000244140625,750.0999755859375,-0.008171009534660136,0.08923776184952181,4
2021-02-26,715.5,723.4000244140625,699.3727,708.9735,714.90326,723.1309,726.4579,0.008797745648918939,-1.8621060042256552,29.316537680443503,695.4000244140625,744.7000122070312,-0.04103194619546087,0.0011002230058880643,5
2021-03-01,723.4000244140625,722.4000244140625,714.97833,709.40686,721.85614,714.63794,728.52765,0.008966462091652997,-0.5373828375661929,40.33335367838542,695.4000244140625,744.7000122070312,0.006087210099527751,-0.007947017738226802,1
2021-03-02,722.4000244140625,728.5,709.40686,721.85614,714.63794,728.52765,738.14575,0.008677953960027523,0.29330023545441497,40.199347674226445,695.4000244140625,744.4000244140625,0.026824739620605623,0.010507498214493937,2
2021-03-03,728.5,727.0999755859375,721.85614,714.63794,728.52765,738.14575,737.9936,0.008664623873328243,1.2232181340947634,53.43917793001295,695.4000244140625,742.7000122070312,-0.018725640031191874,-0.0344106571161761,3
2021-03-04,727.0999755859375,731.5999755859375,714.63794,728.52765,738.14575,737.9936,738.54785,0.008395851227011319,1.6851662258805158,51.1423450172647,695.4000244140625,738.5,-0.03978912495984579,-0.06446316695449032,4
2021-03-05,731.5999755859375,732.9000244140625,728.52765,738.14575,737.9936,738.54785,736.26855,0.00827036923161043,2.2022687663770917,59.05096170658268,695.4000244140625,738.5,0.023769368152198076,-0.001831767381264405,5
2021-03-08,732.9000244140625,736.0,729.4977,726.334,728.4323,729.7246,731.9049,0.008008470501460167,2.517600853050604,62.65712166155849,695.4000244140625,738.5,0.004029062680954104,-0.003884032096423542,1
2021-03-09,736.0,734.9000244140625,726.334,728.4323,729.7246,731.9049,736.5016,0.007817354022230785,2.799065898290185,65.40450252649936,695.4000244140625,738.5,-0.020682779387527755,-0.05010052288125251,2
2021-03-10,734.9000244140625,723.9000244140625,728.4323,729.7246,731.9049,736.5016,736.1003,0.007572483110107929,2.770138165989889,70.63198628637294,695.4000244140625,738.5,0.00558211193960872,-0.026727682229187005,3
2021-03-11,723.9000244140625,712.7999877929688,729.7246,731.9049,736.5016,736.1003,738.24146,0.008345645189983309,1.910068558497981,60.702899073552274,695.4000244140625,738.5,0.024680619799534884,0.03808574072280796,4
2021-03-12,712.7999877929688,723.5999755859375,731.9049,736.5016,736.1003,738.24146,739.52783,0.009044708901546093,0.5634040594859455,53.072598553399345,695.4000244140625,738.5,0.0006032592635764687,0.014313748824532789,5
2021-03-15,723.5999755859375,722.5999755859375,718.3513,717.8565,712.8579,715.94196,718.96265,0.009574635890170735,0.3786699715130441,60.62110284840839,695.4000244140625,738.5,0.00024117884471256955,0.010478913710657739,1
2021-03-16,722.5999755859375,727.2999877929688,717.8565,712.8579,715.94196,718.96265,720.28656,0.009262548323313455,0.17798470151070334,61.6161367063986,695.4000244140625,738.5,-0.016412772188325007,0.014802891084194535,2
2021-03-17,727.2999877929688,721.9000244140625,712.8579,715.94196,718.96265,720.28656,719.2152,0.009106065326102213,0.3411775927556001,66.79148007519284,695.4000244140625,738.5,0.011941116105170712,0.021276588214642324,3
2021-03-18,721.9000244140625,720.0999755859375,715.94196,718.96265,720.28656,719.2152,711.6465,0.00902595440630493,0.07855296569953285,54.54547030866092,695.4000244140625,738.5,-0.0026682077001745565,-0.006275651001248662,4
2021-03-19,720.0999755859375,712.7999877929688,718.96265,720.28656,719.2152,711.6465,717.7254,0.008754290096275642,-0.20763951697886976,47.43386755665919,695.4000244140625,738.5,0.0015775180322680441,-0.005307034575667284,5
2021-03-22,712.7999877929688,716.2999877929688,719.9414,721.12366,715.4997,713.8458,713.7596,0.00888646641888175,-0.8441211955392169,43.20111073552512,695.4000244140625,738.5,0.00616509596797972,0.0006029319073336323,1
2021-03-23,716.2999877929688,722.5,721.12366,715.4997,713.8458,713.7596,718.1122,0.008681841190628875,-0.9756380213634093,41.02941084073159,695.4000244140625,738.5,-0.014811572761879678,0.002206380125604916,2
2021-03-24,722.5,727.2000122070312,715.4997,713.8458,713.7596,718.1122,717.17017,0.008682373561645928,-0.609226183222518,46.84067822756708,695.4000244140625,738.5,-0.004044370217164056,-0.013687006059690358,3
2021-03-25,727.2000122070312,724.7000122070312,713.8458,713.7596,718.1122,717.17017,709.18494,0.00855760438709726,-0.04426816503309994,46.986328972528355,695.4000244140625,738.5,-0.021474152909001003,-0.03206223089596623,4
2021-03-26,724.7000122070312,732.4000244140625,713.7596,718.1122,717.17017,709.18494,714.71564,0.008329320897447132,0.1561316570611232,44.47438621428272,695.4000244140625,738.5,0.023191937333871187,-0.010913078139776489,5
2021-03-29,732.4000244140625,733.5999755859375,733.77057,734.2295,738.8927,736.45306,744.5542,0.00850322667278007,0.7681132690253543,47.71575294719069,695.4000244140625,738.5,-0.008742177867836775,-0.025548310992055703,1
2021-03-30,733.5999755859375,728.7999877929688,734.2295,738.8927,736.45306,744.5542,749.73755,0.008232661410319128,1.189415890415448,49.17614168197058,695.4000244140625,738.5,-0.014951731127624176,-0.02568487897748763,2
2021-03-31,728.7999877929688,720.0,738.8927,736.45306,744.5542,749.73755,751.6269,0.008153895835337887,1.0835062278036853,53.36998800285782,696.0,738.5,0.0050087114359113295,-0.01682427727224071,3
2021-04-01,720.0,716.5999755859375,736.45306,744.5542,749.73755,751.6269,755.1429,0.00851763143917185,0.39496189376558577,55.113647693450766,700.4000244140625,738.5,0.00012494902745103476,0.004642431651793275,4
2021-04-02,716.5999755859375,716.5999755859375,744.5542,749.73755,751.6269,755.1429,750.7859,0.0083358884548773,-0.27895908356299276,44.44444444444444,700.4000244140625,738.5,0.0,-0.01838906780756846,5
2021-04-05,716.5999755859375,721.0,716.09875,717.8034,716.0355,715.5792,712.58295,0.008061597248547344,-0.6907689537668356,45.16129032258065,700.4000244140625,738.5,0.03569840708627201,0.026218140191296254,1
2021-04-06,721.0,717.2999877929688,717.8034,716.0355,715.5792,712.58295,711.3244,0.007952131857693447,-0.6343312250614311,44.89466244201909,700.4000244140625,738.5,-0.005437760323936038,0.036028141652599405,2
2021-04-07,717.2999877929688,713.2000122070312,716.0355,715.5792,712.58295,711.3244,718.7345,0.007815384390179278,-0.8028431766425916,46.166640048583936,700.4000244140625,738.5,-0.01526187929104689,0.015238658618763608,3
2021-04-08,713.2000122070312,707.7000122070312,715.5792,712.58295,711.3244,718.7345,722.45984,0.0077148092991897,-1.127210441329244,44.46230759961322,700.4000244140625,738.5,0.009672498938159392,0.02497812039807774,4
2021-04-09,707.7000122070312,710.0999755859375,712.58295,711.3244,718.7345,722.45984,722.21783,0.007743392990825468,-1.619038075631321,45.7851441438533,700.4000244140625,738.5,-0.012999931559483379,0.011739710631842884,5
2021-04-12,710.0999755859375,712.7999877929688,713.2785,718.1435,714.5918,710.3755,725.0993,0.007537930000725762,-1.6821968857060465,44.781131288346074,700.4000244140625,738.5,-0.005073881548938817,-0.028681598752523248,1
2021-04-13,712.7999877929688,707.5999755859375,718.1435,714.5918,710.3755,725.0993,716.3724,0.007354304809437442,-1.4503810100430186,41.32377588400036,700.4000244140625,738.5,0.0032206173632353353,-0.02023504321405221,2
2021-04-14,707.5999755859375,709.0999755859375,714.5918,710.3755,725.0993,716.3724,719.0468,0.007379449682695558,-1.5466882777329725,32.624069727300366,700.4000244140625,738.5,0.023708710203915604,0.018700722037502584,3
2021-04-15,709.0999755859375,698.0,710.3755,725.0993,716.3724,719.0468,723.3787,0.007157613848166116,-1.4125038467118345,35.920535258843216,700.4000244140625,738.5,0.021624486094410433,0.030949271427430983,4
2021-04-16,698.0,702.2999877929688,725.0993,716.3724,719.0468,723.3787,724.729,0.008085521041902495,-1.9417674779756382,20.748242123029584,698.0,738.5,-0.012009036212427845,0.03197134056168487,5
2021-04-19,702.2999877929688,700.0999755859375,688.13666,692.0944,691.1762,696.4707,702.4425,0.00797655201965375,-1.8719072608563634,24.717280847669358,698.0,738.5,0.016607777466976493,0.05459051581590679,1
2021-04-20,700.0999755859375,696.5,692.0944,691.1762,696.4707,702.4425,706.8157,0.007763233696830446,-1.8407383700677333,25.800996530361644,698.0,738.5,-0.006136441950969237,0.044768673251099865,2
2021-04-21,696.5,697.7000122070312,691.1762,696.4707,702.4425,706.8157,703.07935,0.007636718785070485,-1.920601354990442,28.280951381696667,696.5,738.5,0.014688002811719945,0.03538650129247061,3
2021-04-22,697.7000122070312,706.2999877929688,696.4707,702.4425,706.8157,703.07935,706.3186,0.007399963114571719,-1.7551689726408455,31.791929947114596,696.5,738.5,-0.0014007337467382489,0.01181886568555778,4
2021-04-23,706.2999877929688,712.9000244140625,702.4425,706.8157,703.07935,706.3186,705.74817,0.007829155827697007,-0.9684136847918232,41.487604806548624,696.5,738.5,0.014495528570305756,0.03899524246543073,5
2021-04-26,712.9000244140625,704.5999755859375,718.6965,717.3351,713.53796,713.502,711.1291,0.007942727831610612,0.04110752912201043,43.54068429516507,696.5,738.5,0.02388920803618793,0.04658822452320772,1
2021-04-27,704.5999755859375,701.5,717.3351,713.53796,713.502,711.1291,712.1156,0.008285170761859537,0.1863510031852762,40.56462517786808,696.5,738.5,0.0642153066728483,0.12286933149100794,2
2021-04-28,701.5,695.7999877929688,713.53796,713.502,711.1291,712.1156,723.9491,0.008101003434213865,0.11369982520468191,41.17645975775575,696.5,738.5,-0.04440381313038143,0.05843933360936106,3
2021-04-29,695.7999877929688,708.9000244140625,713.502,711.1291,712.1156,723.9491,727.7336,0.008130580232570427,-0.2579024124553895,41.0526132225094,695.7999877929688,738.5,-0.009745403319025842,0.04964375624035088,4
2021-04-30,708.9000244140625,710.2000122070312,711.1291,712.1156,723.9491,727.7336,724.87897,0.009233032524739301,0.4029616282988666,49.22283028922098,695.7999877929688,738.5,-0.003120809214669029,0.03131479586307801,5
2021-05-03,710.2000122070312,703.9000244140625,709.38416,712.14734,712.60406,709.00366,709.563,0.00893657448717037,0.922341964918199,48.28497763119329,695.7999877929688,736.0,0.014187807813497627,0.021357973922324427,1
2021-05-04,703.9000244140625,703.2999877929688,712.14734,712.60406,709.00366,709.563,708.2188,0.008959540692699839,0.838701390425066,47.594310795044166,695.7999877929688,736.0,-0.0015421186716272925,-0.04364331736302519,2
2021-05-05,703.2999877929688,704.5999755859375,712.60406,709.00366,709.563,708.2188,709.0098,0.008667423516868798,0.7433295659709138,46.18422162168674,695.7999877929688,736.0,0.0006612142306960406,0.00044078795734489855,3
2021-05-06,704.5999755859375,699.7000122070312,709.00366,709.563,708.2188,709.0098,713.1416,0.008394263681265836,0.7651652908065136,54.984870305046364,695.7999877929688,736.0,0.0174714913257196,0.02804360709212753,4
2021-05-07,699.7000122070312,694.9000244140625,709.563,708.2188,709.0098,713.1416,710.8725,0.008329565921457253,0.4619094060242728,48.053911912080196,695.7999877929688,736.0,0.031329113091163485,0.06407673511659143,5
2021-05-10,694.9000244140625,696.5,693.069,695.1163,699.299,698.1118,694.3658,0.00826283576486119,-0.02388300364615592,46.253638802163486,694.9000244140625,736.0,-0.006842448062350475,0.041932593723215304,1
2021-05-11,696.5,702.0,695.1163,699.299,698.1118,694.3658,696.1416,0.008012122606384627,-0.19013458439079134,50.0,694.9000244140625,736.0,0.009461819095785704,0.05346126922578398,2
2021-05-12,702.0,706.9000244140625,699.299,698.1118,694.3658,696.1416,697.0832,0.008008618654263413,0.10193482059646541,52.99859627677098,694.9000244140625,736.0,-0.005455899067965582,0.04703679693176985,3
2021-05-13,706.9000244140625,707.2000122070312,698.1118,694.3658,696.1416,697.0832,699.02905,0.007948682961999288,0.6274388091385479,50.44120300184991,694.9000244140625,736.0,-0.009938743351079252,0.018727033693980797,4
2021-05-14,707.2000122070312,699.2999877929688,694.3658,696.1416,697.0832,699.02905,701.08795,0.0076901125610763,0.9767136342421585,45.380866224219574,694.9000244140625,736.0,-0.00885860766012958,-0.021401545128546938,5
2021-05-17,699.2999877929688,715.0999755859375,702.71735,701.9414,708.53687,704.598,706.4143,0.008011647008913296,0.6716901200773346,45.67700746461105,694.9000244140625,736.0,0.01225307234489491,-0.002535139730362111,1
2021-05-18,715.0999755859375,711.9000244140625,701.9414,708.53687,704.598,706.4143,708.2473,0.009672807517059153,1.4835034132143208,59.189172693201016,694.9000244140625,736.0,0.0029607591243407698,-0.008998685891298293,2
2021-05-19,711.9000244140625,714.5999755859375,708.53687,704.598,706.4143,708.2473,703.64087,0.009428526423022021,1.7368588643845433,61.25877647882335,694.9000244140625,736.0,-0.0313162130068712,-0.03429776009447427,3
2021-05-20,714.5999755859375,720.7000122070312,704.598,706.4143,708.2473,703.64087,704.7468,0.009165199852773063,1.999461779583907,54.664455676982406,694.9000244140625,736.0,-0.00163553912768276,-0.02624595554850256,4
2021-05-21,720.7000122070312,720.5,706.4143,708.2473,703.64087,704.7468,705.1032,0.009125955317173058,2.466523079642556,57.96662789060705,694.9000244140625,736.0,-0.018947464727376417,-0.03602063036358731,5
2021-05-24,720.5,729.2999877929688,718.0131,718.72577,721.45,725.9517,728.9989,0.008826535187246472,2.629574706009669,63.87959524864202,694.9000244140625,736.0,0.010069303102651882,-0.03812344199780583,1
2021-05-25,729.2999877929688,733.5,718.72577,721.45,725.9517,728.9989,730.64685,0.009088995602085597,3.161897164564407,69.11768137796088,694.9000244140625,736.0,-0.004303036537704567,-0.045085002481607454,2
2021-05-26,733.5,729.5,721.45,725.9517,728.9989,730.64685,722.36615,0.008909603171437503,3.596999905133929,70.38086334304387,694.9000244140625,736.0,0.0024296326940673584,-0.012310700217634096,3
2021-05-27,729.5,724.2000122070312,725.9517,728.9989,730.64685,722.36615,724.6578,0.00874141490297314,3.4168544925845152,71.28572412608479,694.9000244140625,736.0,0.029025375367174044,0.018441797661603785,4
2021-05-28,724.2000122070312,724.0,728.9989,730.64685,722.36615,724.6578,729.04517,0.008675058854847132,2.7697770907134975,70.78015117685406,694.9000244140625,736.0,0.0034227852531662456,0.04148133457138478,5
2021-05-31,724.0,722.4000244140625,725.37036,721.6773,716.99347,720.2911,722.76587,0.008392823534695816,2.1831122757259047,69.89870457030705,694.9000244140625,736.0,0.0,0.031046964915537406,1
2021-06-01,722.4000244140625,728.0,721.6773,716.99347,720.2911,722.76587,722.7809,0.008142529431870896,1.5707486920832938,65.64420221748753,694.9000244140625,734.9000244140625,-0.0043875518245004505,0.030959829367792343,2
2021-06-02,728.0,718.0,716.99347,720.2911,722.76587,722.7809,727.9085,0.008120292389912905,1.4302827384442205,66.00910990419597,694.9000244140625,733.5999755859375,-0.013388296308474998,0.014780479235545775,3
2021-06-03,718.0,718.5,720.2911,722.76587,722.7809,727.9085,722.8549,0.008658673797411875,0.5941426333293527,57.142857142857146,694.9000244140625,733.5999755859375,-0.028332377874284862,-0.041787242652017706,4
2021-06-04,718.5,717.7999877929688,722.76587,722.7809,727.9085,722.8549,725.7853,0.008376286699489472,0.03453059232502742,64.07627795920304,694.9000244140625,733.5999755859375,0.014652273684639288,-0.03096636080519646,5
2021-06-07,717.7999877929688,715.9000244140625,718.9188,719.7825,717.76404,716.45544,717.0081,0.008110087821429168,-0.39908390523952386,52.54238846698061,694.9000244140625,733.5999755859375,-0.0005511286529771498,-0.0315002758679964,1
2021-06-08,715.9000244140625,717.2000122070312,719.7825,717.76404,716.45544,717.0081,713.2899,0.0078807039063456,-0.8066632826155815,53.8610093202465,694.9000244140625,733.5999755859375,0.006155296333228396,-0.02123551550932761,2
2021-06-09,717.2000122070312,719.4000244140625,717.76404,716.45544,717.0081,713.2899,720.2725,0.007637768173235562,-0.9705064096745737,52.57940328403288,694.9000244140625,733.5999755859375,-0.005824561671397553,-0.013804332355920799,3
2021-06-10,719.4000244140625,719.2999877929688,716.45544,717.0081,713.2899,720.2725,716.9425,0.007429851479416363,-0.9133420136270303,48.60216182869444,694.9000244140625,733.5999755859375,-0.010303133803955268,0.004137280903106027,4
2021-06-11,719.2999877929688,721.5,717.0081,713.2899,720.2725,716.9425,714.8402,0.00719051837710401,-0.8653530875023652,48.70688237700551,694.9000244140625,733.5999755859375,0.01140472334101938,0.0008815839127802555,5
2021-06-14,721.5,718.9000244140625,719.5515,722.3446,720.79834,714.52313,718.0368,0.006999936218596517,-0.6768747693656865,40.20101735515264,694.9000244140625,733.5999755859375,-0.0020940166441878005,-0.0006614735751243036,1
2021-06-15,718.9000244140625,726.5999755859375,722.3446,720.79834,714.52313,718.0368,720.3738,0.006845746672474672,-0.7150020397133781,30.890059884831942,694.9000244140625,733.5999755859375,-0.043288974204270095,-0.04887136526633857,2
2021-06-16,726.5999755859375,729.7000122070312,720.79834,714.52313,718.0368,720.3738,720.6414,0.007172815182880764,-0.23421571087431703,46.539342275465856,694.9000244140625,733.5999755859375,0.012024140439162556,-0.03174254472220675,3
2021-06-17,729.7000122070312,738.0,714.52313,718.0368,720.3738,720.6414,718.3662,0.00702441353315289,0.2535900196788985,56.92696066071791,694.9000244140625,733.5999755859375,-0.048511249256526764,-0.06803999315223574,4
2021-06-18,738.0,748.2000122070312,718.0368,720.3738,720.6414,718.3662,716.9321,0.007394821199873367,1.0514945455860607,64.64437390347237,694.9000244140625,738.0,-0.005271442057981501,-0.08345264324118647,5
2021-06-21,748.2000122070312,747.0999755859375,733.8136,737.93115,740.43005,738.6364,741.0672,0.007979620416662605,2.1207940656233695,72.87234445494164,694.9000244140625,748.2000122070312,0.005988064755717649,-0.07601501763466256,1
2021-06-22,747.0999755859375,740.9000244140625,737.93115,740.43005,738.6364,741.0672,744.29285,0.007733099959827656,2.5781678265079657,68.40073853680336,694.9000244140625,748.2000122070312,0.011161344012827815,-0.024308805885532716,2
2021-06-23,740.9000244140625,735.7000122070312,740.43005,738.6364,741.0672,744.29285,749.6377,0.007803540449073982,2.2966812899209685,73.80461126549672,694.9000244140625,748.2000122070312,0.02253318671770442,-0.014001155047797701,3
2021-06-24,735.7000122070312,733.5,738.6364,741.0672,744.29285,749.6377,751.33264,0.007780827959188388,1.625426589829794,66.28789411322718,694.9000244140625,748.2000122070312,-0.004512539660794791,0.03035006534645816,4
2021-06-25,733.5,732.7000122070312,741.0672,744.29285,749.6377,751.33264,750.9212,0.007574574398123919,0.9328093519574576,64.45673640562423,694.9000244140625,748.2000122070312,-0.002903500398113391,0.03279276513435352,5
2021-06-28,732.7000122070312,734.5,737.7818,742.9163,746.425,735.0029,738.9196,0.007338525377560789,0.35033085556236543,65.78945858845907,694.9000244140625,748.2000122070312,-0.004896805697030001,0.021611911147388273,1
2021-06-29,734.5,727.2000122070312,742.9163,746.425,735.0029,738.9196,738.73224,0.007128693192359436,0.032545566857267616,66.10799242118567,694.9000244140625,748.2000122070312,-0.00035061145826322903,0.00991859591752164,2
2021-06-30,727.2000122070312,731.7999877929688,746.425,735.0029,738.9196,738.73224,743.8391,0.0073886686680805355,-0.6834896779007051,56.63264405804984,694.9000244140625,748.2000122070312,0.004665815048149154,-0.007965746113655919,3
2021-07-01,731.7999877929688,740.0,735.0029,738.9196,738.73224,743.8391,743.63135,0.00732849843083524,-0.85061885541705,59.87362911794938,694.9000244140625,748.2000122070312,-0.012765905292922918,-0.016119672576616055,4
2021-07-02,740.0,735.1500244140625,738.9196,738.73224,743.8391,743.63135,747.8768,0.00764659401393034,-0.4332584971606108,63.3477774548401,694.9000244140625,748.2000122070312,0.009385324889507184,-0.00395434342215364,5
2021-07-05,735.1500244140625,735.8800048828125,739.001,744.21716,750.1286,752.2594,748.39545,0.007605110682410677,-0.5032623910029335,61.35570694223364,694.9000244140625,748.2000122070312,0.0,0.0009350600828209919,1
2021-07-06,735.8800048828125,747.4400024414062,744.21716,750.1286,752.2594,748.39545,758.4316,0.007364141549348705,-0.5178202400510248,57.18491453371112,694.9000244140625,748.2000122070312,-0.0056206630299764915,-0.004326043982302,2
2021-07-07,747.4400024414062,748.5999755859375,750.1286,752.2594,748.39545,758.4316,758.2728,0.008177428509078299,0.19546417096281488,62.14403778434777,694.9000244140625,748.2000122070312,0.016537025296375227,0.007564247325372619,3
2021-07-08,748.5999755859375,752.9000244140625,752.2594,748.39545,758.4316,758.2728,770.8217,0.007920258905938966,0.6634036983276648,58.042482013588916,694.9000244140625,748.5999755859375,-0.013371488070429429,0.006954268484942704,4
2021-07-09,752.9000244140625,748.25,748.39545,758.4316,758.2728,770.8217,776.93445,0.007799443660695191,1.1519159056000667,53.91668082344647,694.9000244140625,752.9000244140625,0.018785304387606946,0.016464244730375985,5
2021-07-12,748.25,743.1900024414062,757.44684,757.49335,757.56244,758.184,754.22284,0.00772728225538602,1.0539158382752385,50.904819621936944,694.9000244140625,752.9000244140625,-0.00680078879935816,0.009574938989454905,1
2021-07-13,743.1900024414062,749.219970703125,757.49335,757.56244,758.184,754.22284,750.9504,0.007693679526126707,0.5648729496378397,51.83462507029168,694.9000244140625,752.9000244140625,-0.0019681857282249364,0.01326913090770513,2
2021-07-14,749.219970703125,744.6300048828125,757.56244,758.184,754.22284,750.9504,752.9347,0.007724751911394657,0.56281668344322,60.68941621795868,694.9000244140625,752.9000244140625,-0.00872959171829475,-0.012012022596948148,3
2021-07-15,744.6300048828125,756.4500122070312,758.184,754.22284,750.9504,752.9347,752.5187,0.007654042799404035,0.18707983448831822,58.47937281452273,694.9000244140625,752.9000244140625,0.013008367366183172,0.014397769141162885,4
2021-07-16,756.4500122070312,757.2999877929688,754.22284,750.9504,752.9347,752.5187,758.4564,0.008441215702193965,0.6436437387626501,65.49251810751755,694.9000244140625,756.4500122070312,-0.00011544681092663539,-0.004595055968248396,5
2021-07-19,757.2999877929688,759.75,751.3905,754.3486,752.7643,752.3517,750.4979,0.008169968296868972,0.8963950046985714,65.05945897133441,694.9000244140625,757.2999877929688,-0.028563388889063745,-0.026023639122399016,1
2021-07-20,759.75,757.75,754.3486,752.7643,752.3517,750.4979,745.4897,0.007945343699670244,1.1082183520621776,72.9710847213787,694.9000244140625,759.75,0.014851806274035205,-0.009502813941660197,2
2021-07-21,757.75,752.2100219726562,752.7643,752.3517,750.4979,745.4897,749.77484,0.007724008951465461,0.9967695062730817,69.01101495519165,694.9000244140625,759.75,0.0021037466339359693,0.001285910649166152,3
2021-07-22,752.2100219726562,753.3800048828125,752.3517,750.4979,745.4897,749.77484,750.339,0.0077257245710648246,0.4603572782944285,59.307851576131206,694.9000244140625,759.75,0.015179078440340365,0.0034617737945363465,4
2021-07-23,753.3800048828125,761.7100219726562,750.4979,745.4897,749.77484,750.339,750.36676,0.007486837514337397,0.11287063461898317,64.72299010580363,694.9000244140625,759.75,0.013364711728005902,0.017080180512443935,5
2021-07-26,761.7100219726562,759.6699829101562,748.10724,750.3451,747.9609,750.6682,749.37573,0.0077719766722116924,0.35869411033847687,68.58008642043603,694.9000244140625,761.7100219726562,0.04058149206515783,0.08989442651452573,1
2021-07-27,759.6699829101562,767.4600219726562,750.3451,747.9609,750.6682,749.37573,750.6054,0.007559145485347097,0.30089610803210043,60.19335094152263,694.9000244140625,761.7100219726562,-0.009414458188131294,0.06376507320373762,2
2021-07-28,767.4600219726562,761.4000244140625,747.9609,750.6682,749.37573,750.6054,749.70154,0.007765355113872187,0.6824707301995385,64.15493131947414,694.9000244140625,767.4600219726562,-0.01484789860388056,0.04588448592832043,3
2021-07-29,761.4000244140625,759.780029296875,750.6682,749.37573,750.6054,749.70154,751.28735,0.007804279202174881,0.43400035931775705,56.21526717829797,694.9000244140625,767.4600219726562,0.009112161958738268,0.039558401419895584,4
2021-07-30,759.780029296875,756.1500244140625,749.37573,750.6054,749.70154,751.28735,752.93774,0.007577565841612725,0.08601662875896032,58.821754861799924,694.9000244140625,767.4600219726562,-0.008777292901011693,0.01679345532458257,5
2021-08-02,756.1500244140625,767.9500122070312,760.75183,764.4587,762.55945,759.78345,761.95294,0.007447346484612523,-0.43456844236865955,60.13769198817873,696.5,767.4600219726562,-0.010883711128238811,-0.03421225913048556,1
2021-08-03,767.9500122070312,775.2999877929688,764.4587,762.55945,759.78345,761.95294,757.599,0.00822945957075728,-0.050350205589963615,63.438112245478855,699.2999877929688,767.9500122070312,-0.011117587657581399,-0.035855720781950005,2
2021-08-04,775.2999877929688,773.8400268554688,762.55945,759.78345,761.95294,757.599,759.1887,0.008324357174508272,0.5969652360591118,71.16630624058041,699.2999877929688,775.2999877929688,-0.012165873542960521,-0.033266390891058414,3
2021-08-05,773.8400268554688,777.489990234375,759.78345,761.95294,757.599,759.1887,759.19183,0.008072603555701188,0.8116613917576894,64.00388486181807,699.2999877929688,775.2999877929688,0.003573300745128146,-0.0386061923212971,4
2021-08-06,777.489990234375,787.75,761.95294,757.599,759.1887,759.19183,757.57587,0.007900242977597978,1.068198924664415,65.55710962727048,699.2999877929688,777.489990234375,0.0,-0.030130615381177037,5
2021-08-09,787.75,785.1500244140625,777.7358,776.8834,777.4792,773.1599,773.6996,0.008348124043728006,1.7569167775231787,69.25723439194839,711.9000244140625,787.75,-0.013553595701871597,-0.032716601011901575,1
2021-08-10,785.1500244140625,778.5,776.8834,777.4792,773.1599,773.6996,775.0624,0.008128443139357771,1.8557145637146082,68.69034910811976,711.9000244140625,787.75,0.01493339169938163,-0.007186827152890446,2
2021-08-11,778.5,770.9099731445312,777.4792,773.1599,773.6996,775.0624,768.8928,0.008182254564851103,1.3168885341404177,67.66562795035489,714.5999755859375,787.75,0.0028684109943628113,0.007852175632893968,3
2021-08-12,770.9099731445312,774.2999877929688,773.1599,773.6996,775.0624,768.8928,772.79736,0.00832963684244083,0.34366818536666344,60.84372420844223,715.9000244140625,787.75,-0.0018348393211124997,0.0024162821866453993,4
2021-08-13,774.2999877929688,775.489990234375,773.6996,775.0624,768.8928,772.79736,772.26715,0.008133985373000868,-0.15086698012286526,58.294876393578164,715.9000244140625,787.75,0.007091448503645414,0.009550130393647702,5
2021-08-16,775.489990234375,786.27001953125,772.0657,760.0879,766.4153,766.4198,771.4987,0.007880163409378367,-0.4595029789055225,60.54105274288201,715.9000244140625,787.75,-0.01492737705102726,0.008164181466840701,1
2021-08-17,786.27001953125,789.469970703125,760.0879,766.4153,766.4198,771.4987,767.05707,0.008403903587548906,-0.022381362307138275,62.05305985483905,715.9000244140625,787.75,-0.028633784386797412,-0.03481563228124527,2
2021-08-18,789.469970703125,787.2100219726562,766.4153,766.4198,771.4987,767.05707,769.99146,0.008193985669848894,0.3755601765939609,68.67099605061449,715.9000244140625,789.469970703125,-0.020202619271785523,-0.056828523604368936,3
2021-08-19,787.2100219726562,786.010009765625,766.4198,771.4987,767.05707,769.99146,767.3685,0.007969461688687073,0.3787896147458323,68.0913057165101,715.9000244140625,789.469970703125,-0.01900856626589939,-0.07288799778089004,4
2021-08-20,786.010009765625,786.1300048828125,771.4987,767.05707,769.99146,767.3685,766.4718,0.007726824532906279,0.2012311970755647,70.34616587482199,715.9000244140625,789.469970703125,0.023493114300061776,-0.05755642862779377,5
2021-08-23,786.1300048828125,783.8800048828125,783.94714,787.624,784.90375,780.3785,781.60803,0.007480446713333211,0.0034474965251263257,64.73259728299095,715.9000244140625,789.469970703125,0.023898832525376987,-0.020245278766039883,1
2021-08-24,783.8800048828125,782.0700073242188,787.624,784.90375,780.3785,781.60803,783.049,0.007285589770221772,-0.34790028028094255,57.57953184023431,715.9000244140625,789.469970703125,0.004829547756957162,0.013095311350836587,2
2021-08-25,782.0700073242188,783.469970703125,784.90375,780.3785,781.60803,783.049,785.4968,0.007084209296862086,-0.7482079510222697,57.22562557069795,715.9000244140625,789.469970703125,0.00234736071800499,0.036200117749578944,3
2021-08-26,783.469970703125,786.4099731445312,780.3785,781.60803,783.049,785.4968,789.8802,0.006873047724471507,-0.9516604199495795,55.46616618537744,715.9000244140625,789.469970703125,-0.004464830380560233,0.05138046045575173,4
2021-08-27,786.4099731445312,782.7000122070312,781.60803,783.049,785.4968,789.8802,795.68835,0.0067201365656482425,-0.9206118257335252,48.585871207680796,715.9000244140625,789.469970703125,0.01646761273866541,0.044019871578625656,5
2021-08-30,782.7000122070312,782.219970703125,791.1096,793.7075,795.8211,789.6561,793.7919,0.0066321252448560564,-1.1664969935373701,47.473689642889056,715.9000244140625,789.469970703125,0.010256470859227965,0.0298736879799198,1
2021-08-31,782.219970703125,775.3499755859375,793.7075,795.8211,789.6561,793.7919,793.6246,0.006426892592221435,-1.3642845762969662,54.39505603069069,717.2000122070312,789.469970703125,-0.00022931487279600338,0.024676854582713147,2
2021-09-01,775.3499755859375,770.8099975585938,795.8211,789.6561,793.7919,793.6246,793.6938,0.0066500645883022244,-1.9262396036261409,55.33655235756111,718.9000244140625,789.469970703125,-0.022498947515922945,-0.0004688992037769529,3
2021-09-02,770.8099975585938,768.8300170898438,789.6561,793.7919,793.6246,793.6938,795.8192,0.006629348569466369,-2.5339025819726526,45.91812842119089,718.9000244140625,789.469970703125,0.006313583580268056,0.010362729795147558,4
2021-09-03,768.8300170898438,766.5499877929688,793.7919,793.6246,793.6938,795.8192,801.4424,0.006460767096975456,-2.9692113809576295,42.35186589603803,718.9000244140625,789.469970703125,0.008241019236161445,0.0020849818450598004,5
2021-09-06,766.5499877929688,770.1599731445312,774.20306,773.91724,772.1683,778.47266,783.53394,0.006311440432078158,-3.286053294713109,21.86056962896255,718.9000244140625,789.469970703125,0.0,-0.008140346043159174,1
2021-09-07,770.1599731445312,780.280029296875,773.91724,772.1683,778.47266,783.53394,780.7988,0.006227007746665564,-3.128656528342124,22.764376019049223,726.5999755859375,789.469970703125,-0.011158980827595135,-0.01892201339453035,2
2021-09-08,780.280029296875,787.1799926757812,772.1683,778.47266,783.53394,780.7988,777.59406,0.006896978961611819,-2.2596787924929838,41.99954621746894,727.2000122070312,789.469970703125,-0.0106940976464112,-0.007271906461618859,3
2021-09-09,787.1799926757812,792.9000244140625,778.47266,783.53394,780.7988,777.59406,775.3548,0.007042675958637553,-1.1905976724429763,51.19361776584443,727.2000122070312,789.469970703125,0.012095813030311571,-0.0015150972870077322,4
2021-09-10,792.9000244140625,787.9600219726562,783.53394,780.7988,777.59406,775.3548,773.6864,0.00706066194808063,-0.12472549454903437,56.19851798866697,727.2000122070312,792.9000244140625,0.03768406881650757,0.028320412080785947,5
2021-09-13,787.9600219726562,784.5599975585938,793.5648,799.98157,793.5167,787.2245,792.43634,0.0070377318437717115,0.20324639680100498,53.56022509514776,727.2000122070312,792.9000244140625,-0.01918003193451112,0.008785136218006135,1
2021-09-14,784.5599975585938,783.260009765625,799.98157,793.5167,787.2245,792.43634,791.53656,0.0069151858645399265,0.14933841594167818,52.11410223722967,727.2000122070312,792.9000244140625,-0.010482219734218319,0.009468073816507494,2
2021-09-15,783.260009765625,777.5499877929688,793.5167,787.2245,792.43634,791.53656,803.73724,0.0067153227420135055,-0.007419466508764128,49.821431537682095,727.2000122070312,792.9000244140625,0.019607402467313417,0.04052462454988069,3
2021-09-16,777.5499877929688,783.1300048828125,787.2245,792.43634,791.53656,803.73724,814.6728,0.006787782995234745,-0.5018453357533188,42.80378742811818,727.2000122070312,792.9000244140625,-0.02879719785590884,-0.0011672964197084075,4
2021-09-17,783.1300048828125,784.010009765625,792.43634,791.53656,803.73724,814.6728,820.5644,0.006818096754084933,-0.46034861192669263,50.33894994317958,727.2000122070312,792.9000244140625,-0.007742880476100124,-0.0455260495884921,5
2021-09-20,784.010009765625,788.5,782.0087,787.4898,788.1321,786.74146,782.72516,0.006609540762161069,-0.3840158875038031,51.402190875432204,727.2000122070312,792.9000244140625,-0.03073485131819312,-0.056491350653917645,1
2021-09-21,788.5,785.5499877929688,787.4898,788.1321,786.74146,782.72516,783.399,0.006561447745434021,-0.05859403890192105,60.69976301105087,727.2000122070312,792.9000244140625,0.002668207700174605,-0.04400186759386724,2
2021-09-22,785.5499877929688,787.0999755859375,788.1321,786.74146,782.72516,783.399,786.08057,0.006438192421687913,-0.0687771309020877,62.31203122514652,731.7999877929688,792.9000244140625,0.02971408323821386,-0.034290909535865874,3
2021-09-23,787.0999755859375,784.8900146484375,786.74146,782.72516,783.399,786.08057,791.641,0.006255984148594719,-0.0014408392409990256,65.37096013876922,735.1500244140625,792.9000244140625,-0.005068699628163132,-0.011102052734611177,4
2021-09-24,784.8900146484375,792.3300170898438,782.72516,783.399,786.08057,791.641,789.4881,0.0061121879965251895,-0.12899463946649847,65.44812375649707,735.1500244140625,792.9000244140625,0.013265431133486612,0.009892784366166004,5
2021-09-27,792.3300170898438,793.0,783.834,784.2074,783.18896,775.31036,772.6769,0.006389670474175,0.24411693098659226,67.54234979803073,735.8800048828125,792.9000244140625,0.001398448442729701,0.0428709835272861,1
2021-09-28,793.0,802.1699829101562,784.2074,783.18896,775.31036,772.6769,771.79224,0.006194646962776008,0.47887350887021896,61.8347348479686,743.1900024414062,793.0,-0.011360445887335986,0.028343049699533662,2
2021-09-29,802.1699829101562,809.5,783.18896,775.31036,772.6769,771.79224,774.76996,0.006677141670346836,1.155964222920792,63.38152796000297,743.1900024414062,802.1699829101562,-0.01065731292806011,-0.012345737154354736,3
2021-09-30,809.5,810.3300170898438,775.31036,772.6769,771.79224,774.76996,769.2596,0.006865409979818961,1.9547501935664213,64.40470061840207,743.1900024414062,809.5,-0.02653947251399646,-0.03332540670907974,4
2021-10-01,810.3300170898438,802.760009765625,772.6769,771.79224,774.76996,769.2596,779.8998,0.006654187847509518,2.3686686269931068,70.90262664421905,743.1900024414062,810.3300170898438,0.024990710086426587,-0.02192416670827986,5
2021-10-04,802.760009765625,805.3599853515625,810.75433,808.9645,803.8719,801.06506,807.80225,0.006905159405974348,1.9781926469160744,65.77671161414094,743.1900024414062,810.3300170898438,0.012559400382500427,-0.010946764159792594,1
2021-10-05,805.3599853515625,810.7000122070312,808.9645,803.8719,801.06506,807.80225,804.20074,0.006735027472749962,1.7485230774732967,68.73514996978253,744.6300048828125,810.3300170898438,-0.010534481818709952,-0.010129504257835799,2
2021-10-06,810.7000122070312,812.6599731445312,803.8719,801.06506,807.80225,804.20074,806.7037,0.006732055024364405,1.8025619421978742,78.28018486544353,744.6300048828125,810.7000122070312,-0.010766960141821892,-0.010238034849531757,3
2021-10-07,812.6599731445312,811.760009765625,801.06506,807.80225,804.20074,806.7037,805.99524,0.006547625535901614,1.8117746368075514,76.85034213695468,752.2100219726562,812.6599731445312,0.02236055645606652,0.03936424668126014,4
2021-10-08,811.760009765625,823.9500122070312,807.80225,804.20074,806.7037,805.99524,809.07556,0.0063538966365903225,1.6057651222915705,75.22273827725395,752.2100219726562,812.6599731445312,0.00749946452518983,0.021342541913286477,5
2021-10-11,823.9500122070312,823.9500122070312,806.07684,807.15735,810.21063,813.42163,819.358,0.007232337706072808,2.1073690303871313,78.26508435050646,752.2100219726562,823.9500122070312,0.02113848449465271,0.03014241895733405,1
2021-10-12,823.9500122070312,822.6599731445312,807.15735,810.21063,813.42163,819.358,822.15656,0.0070044456225789855,2.2434558192627705,82.12859486102629,752.2100219726562,823.9500122070312,-0.010455613767918948,0.030223667485868792,2
2021-10-13,822.6599731445312,814.7100219726562,810.21063,813.42163,819.358,822.15656,824.97626,0.006800601012722274,2.055869095890028,79.88238154294982,752.2100219726562,823.9500122070312,0.04328608012221442,0.08744289453571237,3
2021-10-14,814.7100219726562,825.4199829101562,813.42163,819.358,822.15656,824.97626,822.1163,0.007066475521462062,1.2455379180693242,72.85410766860232,753.3800048828125,823.9500122070312,0.024258091768928465,0.08950831481303463,4
2021-10-15,825.4199829101562,823.25,819.358,822.15656,824.97626,822.1163,819.7014,0.0076074796001569375,1.2753546451172095,74.14977380161181,756.1500244140625,825.4199829101562,0.021889815135657773,0.10530007341265997,5
2021-10-18,823.25,816.6300048828125,818.1069,811.13184,808.025,808.9753,805.7622,0.007401346084852347,1.0053220427913452,71.60409121897891,756.1500244140625,825.4199829101562,-0.0007396026716169423,0.08138082978280663,1
2021-10-19,816.6300048828125,810.0,811.13184,808.025,808.9753,805.7622,810.78796,0.0074783801009665,0.2752245297784466,60.71749438821348,756.1500244140625,825.4199829101562,-0.0034940996754851796,0.0889351418852152,2
2021-10-20,810.0,813.5499877929688,808.025,808.9753,805.7622,810.78796,816.1339,0.007555010171819496,-0.7062259304867737,50.37447636392227,756.1500244140625,825.4199829101562,0.008870135393080384,0.0520959737456351,3
2021-10-21,813.5499877929688,817.6599731445312,808.9753,805.7622,810.78796,816.1339,814.0827,0.0073943652552746954,-1.142497311677113,52.31719722618017,756.1500244140625,825.4199829101562,-0.03628974508804447,-0.009715988711575948,4
2021-10-22,817.6599731445312,815.3499755859375,805.7622,810.78796,816.1339,814.0827,820.7612,0.007269058349912047,-1.1758492228610926,61.284459478823926,756.1500244140625,825.4199829101562,-0.013278690294991742,-0.04393751036219276,5
2021-10-25,815.3499755859375,807.4000244140625,816.8438,814.28876,816.5249,815.88934,816.1038,0.007083375378023402,-1.361938966643553,57.599278682313795,766.5499877929688,825.4199829101562,0.005618262331948899,-0.03783962990866056,1
2021-10-26,807.4000244140625,803.6300048828125,814.28876,816.5249,815.88934,816.1038,815.2629,0.007328224171426641,-1.9908312222499749,47.58560265933361,766.5499877929688,825.4199829101562,-0.014383974458996975,-0.04826059139336282,2
2021-10-27,803.6300048828125,804.9000244140625,816.5249,815.88934,816.1038,815.2629,816.17957,0.007207303741617398,-2.5930049632420227,43.56379993648501,766.5499877929688,825.4199829101562,-0.022427198827258542,-0.07758619738912609,3
2021-10-28,804.9000244140625,805.3900146484375,815.88934,816.1038,815.2629,816.17957,819.5995,0.0069904261982557695,-2.819311613008983,45.13613490762491,766.5499877929688,825.4199829101562,0.011445513487450607,-0.0324866809972524,4
2021-10-29,805.3900146484375,813.0,816.1038,815.2629,816.17957,819.5995,822.0437,0.006773377973689192,-2.84152254919848,34.22302468078924,766.5499877929688,825.4199829101562,-0.014070309600734762,-0.033252280147623554,5
2021-11-01,813.0,811.6500244140625,803.6951,806.0604,816.282,809.66003,814.829,0.006978684368057885,-2.273788052689218,41.75821651673532,766.5499877929688,825.4199829101562,0.006038126637894827,-0.03284629206321449,1
2021-11-02,811.6500244140625,812.8699951171875,806.0604,816.282,809.66003,814.829,816.5471,0.0067780291042283105,-1.9326701205671766,41.72057402037326,766.5499877929688,825.4199829101562,-0.006381033013645503,-0.025075163101379208,2
2021-11-03,812.8699951171875,813.3900146484375,816.282,809.66003,814.829,816.5471,811.244,0.006576727519744691,-1.5830601119345227,48.46048176651126,766.5499877929688,825.4199829101562,-0.011034561912988544,-0.013904688655884444,3
2021-11-04,813.3900146484375,813.6199951171875,809.66003,814.829,816.5471,811.244,809.1931,0.006375062103739986,-1.287515702979733,37.865648467714834,766.5499877929688,825.4199829101562,0.0,-0.02512671242297535,4
2021-11-05,813.6199951171875,810.9000244140625,814.829,816.5471,811.244,809.1931,808.14056,0.0061795378034187965,-1.0569265974196478,39.8907951120497,766.5499877929688,825.4199829101562,0.005302551440579939,-0.006056501849535243,5
2021-11-08,810.9000244140625,803.1699829101562,815.68365,812.8358,811.1151,813.83844,815.0014,0.006059680757184561,-1.0649881222333546,43.448434686727985,766.5499877929688,825.4199829101562,0.012794378665092953,0.0006815673405753802,1
2021-11-09,803.1699829101562,793.0800170898438,812.8358,811.1151,813.83844,815.0014,818.9321,0.0063908150595352485,-1.5395123309938947,42.38229635952964,766.5499877929688,825.4199829101562,-0.005691556501315152,0.001371751683183903,2
2021-11-10,793.0800170898438,794.72998046875,811.1151,813.83844,815.0014,818.9321,816.7207,0.007017631830633008,-2.4286269666771267,30.075899073717622,766.5499877929688,825.4199829101562,-0.011943193107045617,0.0004622873191744523,3
2021-11-11,794.72998046875,793.6599731445312,813.83844,815.0014,818.9321,816.7207,817.43506,0.006816420679319511,-2.776239804612656,26.55892200429531,766.5499877929688,825.4199829101562,0.017521189890522815,0.018146044875158175,4
2021-11-12,793.6599731445312,800.3800048828125,815.0014,818.9321,816.7207,817.43506,816.9702,0.0066168670163404,-2.933481930821152,27.249773694244595,766.5499877929688,825.4199829101562,0.011512569024587669,0.024488422472680817,5
2021-11-15,800.3800048828125,797.5499877929688,799.42865,798.4126,795.713,797.214,799.3621,0.006754700748480602,-2.459332398206715,42.44182990043003,766.5499877929688,825.4199829101562,-0.010945115749440501,0.0004539965825769881,1
2021-11-16,797.5499877929688,811.5,798.4126,795.713,797.214,799.3621,800.2208,0.006615366863593691,-2.2181509974740177,43.31865357606131,766.5499877929688,825.4199829101562,-0.011066238230316975,-0.004908700927959923,2
2021-11-17,811.5,829.25,795.713,797.214,799.3621,800.2208,798.4436,0.0077825113156781535,-1.0597147526943373,55.67203793457964,766.5499877929688,825.4199829101562,-0.019811861032998198,-0.012708018554341697,3
2021-11-18,829.25,832.1599731445312,797.214,799.3621,800.2208,798.4436,793.29114,0.009368881357443988,0.8578335637409021,65.81389440845044,766.5499877929688,829.25,0.008621789527720714,-0.021455344462745427,4
2021-11-19,832.1599731445312,828.0,799.3621,800.2208,798.4436,793.29114,802.4781,0.009097777665867562,2.2016465477781066,63.54254475613955,766.5499877929688,832.1599731445312,0.022596648836052977,-0.010548744250369307,5
2021-11-22,828.0,811.7100219726562,829.0158,830.141,834.6848,825.81085,828.7614,0.008901565811514207,2.6592029900856082,61.114882302857495,766.5499877929688,832.1599731445312,-0.0029532077089218837,-0.0026094580383847956,1
2021-11-23,811.7100219726562,813.2000122070312,830.141,834.6848,825.81085,828.7614,833.109,0.01007895362614034,1.7571157016637398,49.345534863827865,766.5499877929688,832.1599731445312,0.006349919772657603,0.01491340074878258,2
2021-11-24,813.2000122070312,813.8800048828125,834.6848,825.81085,828.7614,833.109,832.6974,0.009748963367689443,1.1807901848877496,49.893959904376565,766.5499877929688,832.1599731445312,0.007769024297896241,0.043295209421133275,3
2021-11-25,813.8800048828125,818.5,825.81085,828.7614,833.109,832.6974,839.0553,0.009425602372826343,0.7844743598790798,50.14438583147937,766.5499877929688,832.1599731445312,0.0,0.034338803315733135,4
2021-11-26,818.5,831.5499877929688,828.7614,833.109,832.6974,839.0553,834.61554,0.00922479745658926,0.7714144282278959,54.133119659254454,766.5499877929688,832.1599731445312,-0.040396892628020986,-0.0288080585854751,5
2021-11-29,831.5499877929688,843.5,820.9246,817.31396,816.1102,817.2596,816.1253,0.0098045647025692,1.5354807178760863,64.58977876456066,770.1599731445312,832.1599731445312,0.01287945681614314,-0.013309131493576936,1
2021-11-30,843.5,826.8800048828125,817.31396,816.1102,817.2596,816.1253,816.6082,0.010165441010974982,2.672883506831911,75.43382588835706,777.5499877929688,843.5,-0.013697258099476054,-0.032892546874164375,2
2021-12-01,826.8800048828125,838.5599975585938,816.1102,817.2596,816.1253,816.6082,819.78986,0.011147471014421118,2.155298682291688,64.08976862377959,777.5499877929688,843.5,-0.007155021033390666,-0.047218535594427014,3
2021-12-02,838.5599975585938,837.0399780273438,817.2596,816.1253,816.6082,819.78986,814.7796,0.011365029958994284,2.428659081167826,68.00322453702344,777.5499877929688,843.5,0.012051826730420677,-0.03566630556254375,4
2021-12-03,837.0399780273438,820.8054809570312,816.1253,816.6082,819.78986,814.7796,818.40497,0.010991754477169921,2.3355092723796043,65.33890873170924,777.5499877929688,843.5,-0.00758856972241096,-0.003503413982650099,5
2021-12-06,820.8054809570312,845.6300048828125,837.52094,844.6573,844.8416,842.99713,838.2904,0.011819079401178198,1.0731543539124067,58.748954078656965,777.5499877929688,843.5,0.016389022124856982,0.0,1
2021-12-07,845.6300048828125,839.47998046875,844.6573,844.8416,842.99713,838.2904,833.03937,0.013841416142085419,1.761983917495768,61.86891734594855,777.5499877929688,845.6300048828125,0.0002305308491431459,0.014025232466480745,2
2021-12-08,839.47998046875,839.0,844.8416,842.99713,838.2904,833.03937,840.45123,0.013501810269632089,1.6569292991266806,53.869746308216584,777.5499877929688,845.6300048828125,0.012143573592484372,0.033784544593284,3
2021-12-09,839.0,824.7659301757812,842.99713,838.2904,833.03937,840.45123,834.0117,0.013032707341314438,1.417863073589995,52.63586957800026,783.1300048828125,845.6300048828125,-0.013989420272332785,0.007211011600265139,4
2021-12-10,824.7659301757812,835.8202514648438,838.2904,833.03937,840.45123,834.0117,843.6631,0.013385033406086521,0.22634776814341784,48.84351342137301,784.010009765625,845.6300048828125,-0.010913827542635871,0.003867337677266016,5
2021-12-13,835.8202514648438,840.9099731445312,823.3379,828.91364,823.28467,830.80884,825.3051,0.01337722591480353,0.11364718281944697,58.95708999219983,784.8900146484375,845.6300048828125,-0.0007006382375670685,-0.01314265270553694,1
2021-12-14,840.9099731445312,842.75,828.91364,823.28467,830.80884,825.3051,824.618,0.013007412993673162,0.30212887726945414,60.02624491068692,784.8900146484375,845.6300048828125,-0.006093297896441775,-0.019363678483354393,2
2021-12-15,842.75,850.8099975585938,823.28467,830.80884,825.3051,824.618,836.16785,0.012571904178973406,0.46142872330941564,60.359017530826996,784.8900146484375,845.6300048828125,-0.01766811391749457,-0.048166636513674074,3
2021-12-16,850.8099975585938,846.010009765625,830.80884,825.3051,824.618,836.16785,841.5834,0.012386891180628317,0.9899795008423364,61.314040843369625,784.8900146484375,850.8099975585938,0.028539628694199994,-0.00681293490743192,4
2021-12-17,846.010009765625,842.7080078125,825.3051,824.618,836.16785,841.5834,834.4865,0.012063589338227033,0.8993115181078997,55.37398769744182,792.3300170898438,850.8099975585938,-0.0022114952662112626,0.0018678255936082667,5
2021-12-20,842.7080078125,870.9400024414062,843.458,853.7345,858.6142,852.83167,848.7128,0.011704715220561357,0.5188304220444637,49.68544067395596,793.0,850.8099975585938,-0.0006993315504947428,0.001869134722199476,1
2021-12-21,870.9400024414062,871.22998046875,853.7345,858.6142,852.83167,848.7128,860.57544,0.014195247570410368,1.987889002149089,66.02168216798597,793.0800170898438,870.9400024414062,0.011592922396493514,0.01974603434370721,2
2021-12-22,871.22998046875,860.1799926757812,858.6142,852.83167,848.7128,860.57544,860.229,0.013704966193605868,2.7514677184542613,62.95285317768566,793.0800170898438,871.22998046875,0.011801986464597361,0.05024525253543991,3
2021-12-23,860.1799926757812,858.7899780273438,852.83167,848.7128,860.57544,860.229,866.5595,0.013664858884242707,2.302875987563773,58.529867563257525,793.0800170898438,871.22998046875,-0.0005697162249116147,0.02011397966160029,4
2021-12-24,858.7899780273438,864.9199829101562,848.7128,860.57544,860.229,866.5595,861.08234,0.013205686844981277,1.7292634222369134,65.72249854986933,793.0800170898438,871.22998046875,0.0,0.0223724532800141,5
2021-12-27,864.9199829101562,856.7999877929688,855.357,849.2669,848.1213,847.5406,853.9831,0.012884016446192805,1.5833286756798444,59.44641481168862,793.0800170898438,871.22998046875,0.017623607188597904,0.04127799472187539,1
2021-12-28,856.7999877929688,855.0,849.2669,848.1213,847.5406,853.9831,857.90405,0.012698791487595342,0.8000938052635611,58.321159193181465,793.0800170898438,871.22998046875,-0.010129535152001214,0.01890277984642941,2
2021-12-29,855.0,848.8800048828125,848.1213,847.5406,853.9831,857.90405,858.8133,0.012283847108650261,0.05997455702660304,57.59070250135515,793.0800170898438,871.22998046875,-0.004080741511985847,0.0028476612058794593,3
2021-12-30,848.8800048828125,851.5,847.5406,853.9831,857.90405,858.8133,864.7394,0.012024682930924997,-0.890151849788916,62.39441135447731,793.0800170898438,871.22998046875,-0.003983371511130091,-0.0005698785440239056,4
2021-12-31,851.5,851.5,853.9831,857.90405,858.8133,864.7394,864.61444,0.011644437116762649,-1.3623048841602063,58.82434572328534,793.0800170898438,871.22998046875,0.015951443469743472,0.015500305101864023,5
2022-01-03,851.5,851.2999877929688,847.5388,849.20404,853.195,856.1237,848.8687,0.011253385036765389,-1.674219425504404,56.322104611124274,793.0800170898438,871.22998046875,-0.009132412861813816,-0.011310171187203606,1
2022-01-04,851.2999877929688,846.9299926757812,849.20404,853.195,856.1237,848.8687,850.07404,0.010876269072661428,-1.8782969351404404,55.206172348562276,793.0800170898438,871.22998046875,0.011598540419919987,0.01040724050241806,2
2022-01-05,846.9299926757812,838.02001953125,853.195,856.1237,848.8687,850.07404,854.0845,0.010603360824587127,-2.265923751005131,47.52626278506154,793.0800170898438,871.22998046875,-0.013866424055518837,0.0005679366761977919,3
2022-01-06,838.02001953125,837.0999755859375,856.1237,848.8687,850.07404,854.0845,845.1235,0.010627089642326806,-3.0328419707732444,45.15957273730325,793.0800170898438,871.22998046875,-0.012910766635443492,-0.008324775205729485,4
2022-01-07,837.0999755859375,818.8236083984375,848.8687,850.07404,854.0845,845.1235,853.29443,0.010273454733322439,-3.48047849816513,46.50162578719322,793.0800170898438,871.22998046875,0.01257011838481521,-0.011672288814117006,5
2022-01-10,818.8236083984375,835.0999755859375,839.8061,834.7445,837.0262,837.61523,836.1704,0.011508495424432412,-4.804236887094456,12.878131148937868,793.0800170898438,871.22998046875,-0.01337540682525785,-0.015856873464956206,1
2022-01-11,835.0999755859375,827.75,834.7445,837.0262,837.61523,836.1704,844.30414,0.012227787995881137,-4.3917132693920236,29.038723302394175,793.0800170898438,871.22998046875,0.017342074765997032,-0.010188149945531019,2
2022-01-12,827.75,822.9199829101562,837.0262,837.61523,836.1704,844.30414,839.68207,0.012048529247369134,-4.410315294470953,30.34134306943112,793.0800170898438,871.22998046875,0.03194669342781295,0.03621299166625708,3
2022-01-13,822.9199829101562,816.0,837.61523,836.1704,844.30414,839.68207,844.08856,0.011749838743599946,-4.527293506451057,29.12659704295767,793.0800170898438,871.22998046875,-0.006594926000907652,0.04277825855079889,4
2022-01-14,816.0,819.2100219726562,836.1704,844.30414,839.68207,844.08856,834.1679,0.011576417129278465,-4.822857933780755,21.791918215022008,793.0800170898438,871.22998046875,-0.02738977192518855,0.001930524510058539,5
2022-01-17,819.2100219726562,822.010009765625,825.80597,829.7154,830.25665,823.64166,824.1784,0.011231404381244692,-4.557397250546491,27.02401630733233,793.0800170898438,871.22998046875,0.0,0.015421777249824582,1
2022-01-18,822.010009765625,817.4099731445312,829.7154,830.25665,823.64166,824.1784,819.13904,0.010888663034067561,-3.9699929777736465,30.079166175256518,793.0800170898438,871.22998046875,-0.008079713934942308,-0.010066706506473249,2
2022-01-19,817.4099731445312,808.510009765625,830.25665,823.64166,824.1784,819.13904,822.5363,0.010632957633982134,-3.6747972560358475,30.64163569833984,793.0800170898438,871.22998046875,0.01957411991982976,-0.022239270694094763,3
2022-01-20,808.510009765625,802.260009765625,823.64166,824.1784,819.13904,822.5363,829.22284,0.010679889158098503,-3.8442625145768963,25.451894149563515,793.0800170898438,871.22998046875,0.025225332029441428,0.009373625898631402,4
2022-01-21,802.260009765625,798.4600219726562,824.1784,819.13904,822.5363,829.22284,822.4421,0.010528971264382599,-4.118208300767639,23.756236060761424,793.0800170898438,871.22998046875,-0.014083219115167165,0.022894669087008435,5
2022-01-24,798.4600219726562,806.8599853515625,804.3411,804.4415,805.6094,810.26514,816.36194,0.01025759918833542,-4.277539481656121,22.87830276752652,793.0800170898438,871.22998046875,-0.024565182341617964,-0.001926804766231232,1
2022-01-25,806.8599853515625,799.4600219726562,804.4415,805.6094,810.26514,816.36194,812.4912,0.010272452534426562,-3.5683582843959476,30.24992825069478,793.0800170898438,871.22998046875,0.009043688843895115,0.015310766309797925,2
2022-01-26,799.4600219726562,802.5,805.6094,810.26514,816.36194,812.4912,812.7173,0.010227542281565742,-3.352168208458834,30.70701283884354,793.0800170898438,871.22998046875,0.013747089738331865,0.009411723472707979,3
2022-01-27,802.5,804.75,810.26514,816.36194,812.4912,812.7173,810.5309,0.009929017283004103,-2.782415517198409,33.04797162730334,793.0800170898438,871.22998046875,-0.020522123140248878,-0.03572595527889426,4
2022-01-28,804.75,794.6881713867188,816.36194,812.4912,812.7173,810.5309,815.6493,0.009619430082112313,-2.0649968702308055,41.82016582307759,793.0800170898438,871.22998046875,-0.02524230684042503,-0.04642655840956916,5
2022-01-31,794.6881713867188,800.22998046875,811.5104,805.3885,805.4177,805.0787,807.29224,0.009881354460087904,-2.0736379277929284,24.683034638870936,793.0800170898438,871.22998046875,0.003479847337282577,-0.019305028504098203,1
2022-02-01,800.22998046875,802.2999877929688,805.3885,805.4177,805.0787,807.29224,810.7312,0.009713050829959215,-1.5363922184610814,32.359762443173366,793.0800170898438,871.22998046875,0.025381507559161062,-0.003151010459079471,2
2022-02-02,802.2999877929688,810.3800048828125,805.4177,805.0787,807.29224,810.7312,823.3922,0.009407948962290111,-0.9032190958394661,36.297828502826924,793.6599731445312,871.22998046875,0.013901630631165696,-0.0029969446217859275,3
2022-02-03,810.3800048828125,818.1300048828125,805.0787,807.29224,810.7312,823.3922,823.60864,0.009452096367023636,0.14249089143817883,46.3221643143132,793.6599731445312,871.22998046875,-0.005470372576170145,0.01212320356764538,4
2022-02-04,818.1300048828125,828.0,807.29224,810.7312,823.3922,823.60864,819.45044,0.00945771207248859,1.370567462569813,49.33285778164184,794.6881713867188,871.22998046875,0.0037989316585365146,0.04194748585584403,5
2022-02-07,828.0,824.1799926757812,816.95996,816.82196,819.272,819.166,815.30273,0.009650815177800011,2.7807394074733267,53.40287958369336,794.6881713867188,871.22998046875,-0.004918922281595184,0.0332330554396653,1
2022-02-08,824.1799926757812,827.0800170898438,816.82196,819.272,819.166,815.30273,814.4064,0.009412511580209816,3.3511198202690995,53.880400270354606,794.6881713867188,871.22998046875,-0.0004484546376708192,0.006886415857565109,2
2022-02-09,827.0800170898438,812.7999877929688,819.272,819.166,815.30273,814.4064,808.7683,0.009138989179772624,3.7864537328430705,61.43000651423703,794.6881713867188,871.22998046875,0.031128401116122112,0.024382081286345426,3
2022-02-10,812.7999877929688,804.75,819.166,815.30273,814.4064,808.7683,811.8525,0.009966377496014372,3.009301206239104,55.903849243929045,794.6881713867188,871.22998046875,0.012313761988536048,0.042762788102695994,4
2022-02-11,804.75,793.6327514648438,815.30273,814.4064,808.7683,811.8525,806.79364,0.009991164452417154,1.9036531770507192,53.36313504037198,794.6881713867188,871.22998046875,-0.03329086198279706,0.004795385437253877,5
2022-02-14,793.6327514648438,812.8800048828125,810.6743,811.44653,807.0225,806.77924,809.00287,0.010335939171491377,0.4499862019986649,43.12734556308419,793.6327514648438,871.22998046875,0.000554797715444434,0.010310434177770956,1
2022-02-15,812.8800048828125,800.4500122070312,811.44653,807.0225,806.77924,809.00287,800.3961,0.011759570451866526,0.7911572868877865,56.20846046851254,793.6327514648438,871.22998046875,0.00531026602842403,0.016145314351660226,2
2022-02-16,800.4500122070312,797.5499877929688,807.0225,806.77924,809.00287,800.3961,796.556,0.012071734715056136,0.2160422945563072,49.12742862279363,793.6327514648438,871.22998046875,0.0019841940669003784,-0.013042047904901643,3
2022-02-17,797.5499877929688,794.75,806.77924,809.00287,800.3961,796.556,803.13885,0.011705927701363321,-0.29554667470606155,46.95220098292261,793.6327514648438,871.22998046875,-0.0034195760465945794,-0.02844867435168828,4
2022-02-18,794.75,800.75,809.00287,800.3961,796.556,803.13885,804.6036,0.011353264519735937,-0.7334427101739278,50.02788680764049,793.6327514648438,871.22998046875,-0.001216278926307887,0.003218571351454909,5
2022-02-21,800.75,798.0399780273438,798.85455,799.97217,802.22046,810.95056,805.9954,0.011138532622965557,-0.5389278817725618,50.233581060852806,793.6327514648438,871.22998046875,0.0,0.002662142347020437,1
2022-02-22,798.0399780273438,792.219970703125,799.97217,802.22046,810.95056,805.9954,813.6868,0.010806616449313482,-0.5128518928969212,48.097438536655574,793.6327514648438,871.22998046875,-0.0021041150368183927,-0.004744485146335293,2
2022-02-23,792.219970703125,790.6799926757812,802.22046,810.95056,805.9954,813.6868,821.8954,0.010627611733351163,-0.7910201582993768,41.722456038049536,792.219970703125,871.22998046875,-0.006339359251972713,-0.012994166529529824,3
2022-02-24,790.6799926757812,816.25,810.95056,805.9954,813.6868,821.8954,832.0261,0.010289318638869761,-0.9703564222235403,36.73714575895713,790.6799926757812,871.22998046875,-0.006155277033755284,-0.015690629322818537,4
2022-02-25,816.25,791.4636840820312,805.9954,813.6868,821.8954,832.0261,832.39954,0.012909923288712728,0.6539619708158897,45.07067065426688,790.6799926757812,871.22998046875,0.004033195170668777,-0.010509936719237804,5
2022-02-28,791.4636840820312,798.7000122070312,828.147,826.3487,823.9424,832.6759,837.4607,0.014890781740982871,0.10851328664257753,38.32818286653961,790.6799926757812,871.22998046875,-0.006168393316155891,-0.01659471466683435,1
2022-03-01,798.7000122070312,806.1900024414062,826.3487,823.9424,832.6759,837.4607,844.51953,0.014564932071332956,0.2750529635382595,40.17905797291235,790.6799926757812,871.22998046875,0.031449872730158694,0.01696229159256836,2
2022-03-02,806.1900024414062,804.3599853515625,823.9424,832.6759,837.4607,844.51953,851.47906,0.014266878773059356,0.8946840884667395,47.59981028621074,790.6799926757812,871.22998046875,0.014932059853336425,0.03882623688511656,3
2022-03-03,804.3599853515625,795.6300048828125,832.6759,837.4607,844.51953,851.47906,845.15045,0.013793507217151047,1.1690018075127062,49.85167970987716,790.6799926757812,871.22998046875,0.024611441643241864,0.07128426464141129,4
2022-03-04,795.6300048828125,792.3056640625,837.4607,844.51953,851.47906,845.15045,861.21783,0.013636217445871759,0.7694996506094922,50.77359008874194,790.6799926757812,871.22998046875,0.03247536354111995,0.10219136097339607,5
2022-03-07,792.3056640625,812.0599975585938,802.25165,802.9932,800.8294,807.9318,811.0782,0.013223120974210953,0.3118242611785398,40.909743016663356,790.6799926757812,871.22998046875,-0.0429036430863589,0.06243675430156579,1
2022-03-08,812.0599975585938,809.4000244140625,802.9932,800.8294,807.9318,811.0782,808.88855,0.014279728409447941,1.3137954851036486,54.817767826840175,790.6799926757812,871.22998046875,-0.004563576043598594,0.024855519334022833,2
2022-03-09,809.4000244140625,804.0,800.8294,807.9318,811.0782,808.88855,809.4803,0.013822903696897353,1.744696849427653,54.927197635566394,790.6799926757812,871.22998046875,-0.02946942805330367,-0.01965413096874814,3
2022-03-10,804.0,801.5,807.9318,811.0782,808.88855,809.4803,811.7216,0.013474518218859225,1.6162339398690042,53.76471336389778,790.6799926757812,871.22998046875,0.017268899777085688,-0.026825999461753142,4
2022-03-11,801.5,805.4600219726562,811.0782,808.88855,809.4803,811.7216,805.62823,0.013048084355696226,1.3252956371614792,50.31419845641826,790.6799926757812,871.22998046875,-0.005939792974359469,-0.0635016700426106,5
2022-03-14,805.4600219726562,813.0,803.8733,803.7237,801.12396,801.0334,796.7324,0.012669591140426498,1.3570152659493755,53.07626983114803,790.6799926757812,871.22998046875,-0.022677285829660453,-0.044366858828737706,1
2022-03-15,813.0,809.3800048828125,803.7237,801.12396,801.0334,796.7324,798.431,0.01247273700471846,1.8146793596133683,58.49403626144647,790.6799926757812,871.22998046875,-0.002440578011937699,-0.04233589644929026,2
2022-03-16,809.3800048828125,797.6099853515625,801.12396,801.0334,796.7324,798.431,796.84814,0.012115407252352512,1.7989862482179007,57.51600316162715,790.6799926757812,864.9199829101562,0.0190334568099788,0.005258477284727984,3
2022-03-17,797.6099853515625,799.0599975585938,801.0334,796.7324,798.431,796.84814,797.4381,0.01232887989054115,0.9632088982555276,41.573330713893114,790.6799926757812,864.9199829101562,0.022094980037891683,0.01012166099736859,4
2022-03-18,799.0599975585938,803.010009765625,796.7324,798.431,796.84814,797.4381,798.8793,0.011923771069420204,0.4987076581892418,54.35243923762895,790.6799926757812,864.9199829101562,0.008491811707014074,0.024805034970467293,5
2022-03-21,803.010009765625,793.260009765625,802.80005,795.5985,793.0347,790.17737,790.6407,0.011591096690098016,0.4496725174613023,52.5661254721431,790.6799926757812,856.7999877929688,-0.006149358180897094,0.041883687022357084,1
2022-03-22,793.260009765625,792.280029296875,795.5985,793.0347,790.17737,790.6407,802.6608,0.011659000224488715,-0.21171368596650897,42.50337064337708,790.6799926757812,855.0,-0.002662225985065833,0.04165278120574175,2
2022-03-23,792.280029296875,792.1099853515625,793.0347,790.17737,790.6407,802.6608,788.28094,0.011275464233633568,-0.6620740181752758,42.926487911434386,790.6799926757812,851.5,0.015553332635634952,0.038034000735626315,3
2022-03-24,792.1099853515625,788.6099853515625,790.17737,790.6407,802.6608,788.28094,792.04987,0.0108990906929157,-0.9033615323770166,47.70917774766,790.6799926757812,851.5,-0.007058917381914071,0.008208146418343323,4
2022-03-25,788.6099853515625,777.510009765625,790.6407,802.6608,788.28094,792.04987,800.61835,0.010602800668772196,-1.2114086368247263,47.600345581940964,788.6099853515625,851.5,-0.009134470614113594,-0.009407113174252548,5
2022-03-28,777.510009765625,778.0800170898438,790.91644,792.3599,788.94336,791.7534,790.2981,0.01091151609886097,-2.0274026624912476,24.725699135685502,777.510009765625,851.2999877929688,0.005957539850870366,0.0026587868264541935,1
2022-03-29,778.0800170898438,779.7100219726562,792.3599,788.94336,791.7534,790.2981,792.55164,0.010547917705081821,-2.3696203157314066,26.365851299505806,777.510009765625,846.9299926757812,0.000530105600709956,0.0058647206206186315,2
2022-03-30,779.7100219726562,788.6300048828125,788.94336,791.7534,790.2981,792.55164,796.9458,0.010207202602561926,-2.323897090571367,30.56492390878627,777.510009765625,838.02001953125,0.0048646967103835375,-0.004829346857720597,3
2022-03-31,788.6300048828125,786.280029296875,791.7534,790.2981,792.55164,796.9458,798.122,0.010290919937865994,-1.5668909269780915,40.66174086953133,777.510009765625,837.0999755859375,0.0007381987602404795,0.0029604437923042982,4
2022-04-01,786.280029296875,782.5,790.2981,792.55164,796.9458,798.122,796.8258,0.009980902336505885,-1.119401072575057,35.75037432786496,777.510009765625,835.0999755859375,-0.012837722433705689,-0.0007469024409056691,5
2022-04-04,782.5,778.530029296875,787.4626,790.3796,791.26434,795.04724,799.70215,0.00973384303196709,-0.9780795475444943,25.99938523015446,777.510009765625,835.0999755859375,0.01987597695162795,0.013258378662701454,1
2022-04-05,778.530029296875,786.9099731445312,790.3796,791.26434,795.04724,799.70215,797.2048,0.00950583670968707,-1.0459590834384,25.856966260147843,777.510009765625,828.0,0.0030310269629588347,0.015795629597449748,2
2022-04-06,786.9099731445312,799.4099731445312,791.26434,795.04724,799.70215,797.2048,797.8764,0.00959434825173939,-0.4508767866790171,41.15700578371742,777.510009765625,828.0,-0.012074247417858537,-0.001265965165886409,3
2022-04-07,799.4099731445312,805.5499877929688,795.04724,799.70215,797.2048,797.8764,800.5541,0.010133227689483054,0.7925019435995759,50.244567396359564,777.510009765625,828.0,-0.008166738169883227,-0.010120147279645539,4
2022-04-08,805.5499877929688,814.5,799.70215,797.2048,797.8764,800.5541,802.0525,0.009987695007902673,1.9693546719041946,51.722254180961876,777.510009765625,828.0,0.005310605923722223,0.008008522274227657,5
2022-04-11,814.5,816.75,804.5751,803.08966,804.73114,801.6688,799.5526,0.010062920544596114,3.217656548185843,64.55991725855364,777.510009765625,828.0,-0.019575916918115405,-0.030985079734576468,1
2022-04-12,816.75,805.5499877929688,803.08966,804.73114,801.6688,799.5526,800.9885,0.00974989379293537,4.010390502402913,66.4869853008909,777.510009765625,828.0,0.016180371556952136,-0.018159026340501153,2
2022-04-13,805.5499877929688,805.3499755859375,804.73114,801.6688,799.5526,800.9885,798.2898,0.010110364863627753,3.6085380365309447,57.88363069260353,777.510009765625,828.0,0.0006375056286456698,-0.005598441965941124,3
2022-04-14,805.3499755859375,814.9000244140625,801.6688,799.5526,800.9885,798.2898,800.60876,0.009774097104022373,3.1727774296995452,60.214792656111264,777.510009765625,828.0,0.002122290505525724,0.004685800886825676,4
2022-04-15,814.9000244140625,814.4500122070312,799.5526,800.9885,798.2898,800.60876,800.29034,0.009923486975724061,3.35360186388918,73.25538489571866,777.510009765625,828.0,0.0,-0.0006355471812709671,5
2022-04-18,814.4500122070312,816.0900268554688,812.54034,808.2018,807.2379,812.44543,806.3504,0.009593573964749412,3.265586670605568,72.65478152962717,777.510009765625,828.0,0.01660923204110943,0.03618883431472056,1
2022-04-19,816.0900268554688,819.2999877929688,808.2018,807.2379,812.44543,806.3504,804.2283,0.009284815073274433,3.1396196076307286,72.65819108528193,777.510009765625,828.0,-0.017245385702313175,0.002125898998712925,2
2022-04-20,819.2999877929688,814.9299926757812,807.2379,812.44543,806.3504,804.2283,804.3548,0.009027255483246246,3.0895029258966193,70.5645567237294,777.510009765625,828.0,-0.013777188294921696,-0.01221582499720908,3
2022-04-21,814.9299926757812,824.3499755859375,812.44543,806.3504,804.2283,804.3548,801.4509,0.008845303849711054,2.598778303567583,68.70345562939345,777.510009765625,828.0,0.011547204670620877,-0.002862033835321452,4
2022-04-22,824.3499755859375,836.75,806.3504,804.2283,804.3548,801.4509,800.403,0.009051157039866092,2.731734796023771,75.44690838266818,777.510009765625,828.0,-0.026062172064567013,-0.028513891559325235,5
2022-04-25,836.75,844.4099731445312,825.0547,829.42865,832.7674,831.5615,834.90076,0.009564333130260824,3.4325858401671647,82.10895033843329,777.510009765625,836.75,-0.029565371325842638,-0.07235198536161626,1
2022-04-26,844.4099731445312,846.4099731445312,829.42865,832.7674,831.5615,834.90076,836.1278,0.009535123997200244,4.142319861659269,81.96573238742707,777.510009765625,844.4099731445312,-0.0020249359120116427,-0.058124767663280556,2
2022-04-27,846.4099731445312,846.4500122070312,832.7674,831.5615,834.90076,836.1278,836.3074,0.009234860381911267,4.449768682850454,79.58205088410244,777.510009765625,846.4099731445312,0.0032604763781424375,-0.04193992887490836,3
2022-04-28,846.4500122070312,857.510009765625,831.5615,834.90076,836.1278,836.3074,845.4532,0.008927434317453417,4.353733907681413,77.88381197133165,777.510009765625,846.4500122070312,-0.009246878261905584,-0.061656208048009954,4
2022-04-29,857.510009765625,852.010009765625,834.90076,836.1278,836.3074,845.4532,850.8689,0.009257297639103641,4.703182699037356,78.50229822015348,777.510009765625,857.510009765625,-0.004200460650535515,-0.04091653044853702,5
2022-05-02,852.010009765625,860.760009765625,859.1701,866.193,869.14307,879.78955,874.2772,0.009116426281259771,4.245993414617702,72.40151013399802,777.510009765625,857.510009765625,-0.03225530051190937,-0.043492930345010825,1
2022-05-03,860.760009765625,855.010009765625,866.193,869.14307,879.78955,874.2772,864.8642,0.009194863069031712,4.206909860770963,86.20326411752039,777.510009765625,860.760009765625,0.0036357441380119823,-0.038063096080001246,2
2022-05-04,855.010009765625,853.010009765625,869.14307,879.78955,874.2772,864.8642,872.60315,0.009071121224006719,3.496991179369024,80.35452600036412,777.510009765625,860.760009765625,0.013373043660184394,-0.028286092433934318,3
2022-05-05,853.010009765625,861.780029296875,879.78955,874.2772,864.8642,872.60315,881.9874,0.008795254543900517,2.6351670356655426,75.66328979903199,777.510009765625,860.760009765625,-0.010100497643645998,-0.029115212332185943,4
2022-05-06,861.780029296875,858.489990234375,874.2772,864.8642,872.60315,881.9874,878.2592,0.008899589678819484,2.4046211438403766,78.66053826542492,777.510009765625,861.780029296875,-0.005499333209514505,-0.03037544932002153,5
2022-05-09,858.489990234375,868.260009765625,864.3753,859.8938,856.104,852.6472,859.9592,0.008668935021735,1.806708444060238,75.17213690364464,777.510009765625,861.780029296875,-0.01620475325248406,-0.014686876360731162,1
2022-05-10,868.260009765625,866.3499755859375,859.8938,856.104,852.6472,859.9592,857.2999,0.008872369274304627,1.8392254926290228,76.96627740376954,777.510009765625,868.260009765625,-0.00922434401865177,-0.027276961675287176,2
2022-05-11,866.3499755859375,861.6300048828125,856.104,852.6472,859.9592,857.2999,859.9114,0.008601720174126215,1.5155933885599744,79.11000202482728,777.510009765625,868.260009765625,0.013864232358316693,-0.026799053750572017,3
2022-05-12,861.6300048828125,865.1599731445312,852.6472,859.9592,857.2999,859.9114,867.46063,0.008448570568797635,0.8029212967378001,72.29130414472071,777.510009765625,868.260009765625,-0.025850570766837735,-0.042006962601721556,4
2022-05-13,865.1599731445312,859.9000244140625,859.9592,857.2999,859.9114,867.46063,854.845,0.00823249289510506,0.40842773756217454,69.00331100142483,777.510009765625,868.260009765625,0.018225116357163194,-0.01900735737992101,5
2022-05-16,859.9000244140625,857.280029296875,866.79846,871.58594,872.99976,874.4704,878.88715,0.008130315792903962,-0.3278405342742339,60.704936716656135,777.510009765625,868.260009765625,0.0038199388179227,0.0008347209336865393,1
2022-05-17,857.280029296875,850.5,871.58594,872.99976,874.4704,878.88715,871.0123,0.007908024272362672,-1.0705072882152784,57.44830164753864,777.510009765625,868.260009765625,0.010194545833625966,0.0204597515924605,2
2022-05-18,850.5,854.22998046875,872.99976,874.4704,878.88715,871.0123,869.48114,0.00794042485147587,-2.0412964284381125,52.54045080702528,777.510009765625,868.260009765625,-0.013655709241902486,-0.007240340524546897,3
2022-05-19,854.22998046875,837.0499877929688,874.4704,878.88715,871.0123,869.48114,873.7772,0.007756696345442661,-2.4288010926186523,47.734160627520296,777.510009765625,868.260009765625,0.02433087712236187,0.0438489226558517,4
2022-05-20,837.0499877929688,836.0,878.88715,871.0123,869.48114,873.7772,868.7784,0.009224969719833056,-3.759290620084368,41.10158077138391,777.510009765625,868.260009765625,-0.0009338571984142075,0.024040211954999256,5
2022-05-23,836.0,829.97998046875,840.1584,832.6953,833.0626,832.3376,835.3557,0.008928880188234102,-4.573130918907383,33.78731370126019,777.510009765625,868.260009765625,0.015414272906901085,0.03598237321630625,1
2022-05-24,829.97998046875,829.8599853515625,832.6953,833.0626,832.3376,835.3557,840.5743,0.008849013678465882,-5.327235361327521,33.66825805691093,777.510009765625,868.260009765625,-0.005073188864434374,0.02028540269822681,2
2022-05-25,829.8599853515625,831.5999755859375,833.0626,832.3376,835.3557,840.5743,841.1112,0.00855917187795734,-5.615699503709923,34.51503383674749,777.510009765625,868.260009765625,-0.011275925634071683,0.022716352594954314,3
2022-05-26,831.5999755859375,823.3200073242188,832.3376,835.3557,840.5743,841.1112,839.4528,0.00829413160556052,-5.465688324992315,27.717020992786104,777.510009765625,868.260009765625,-0.005157028728977165,-0.007001104793343108,4
2022-05-27,823.3200073242188,826.0,835.3557,840.5743,841.1112,839.4528,836.90076,0.008451614409031949,-5.675706077040981,25.814859491353417,777.510009765625,868.260009765625,0.011450010894338128,0.005372521081748666,5
2022-05-30,826.0,829.989990234375,828.9455,826.6675,828.5027,834.3482,834.58716,0.00821445162366352,-5.38799832558304,17.79938164811982,777.510009765625,868.260009765625,0.0,-0.010005738498215714,1
2022-05-31,829.989990234375,823.7100219726562,826.6675,828.5027,834.3482,834.58716,827.8645,0.008037912113141608,-4.70752666495831,23.14617641278261,777.510009765625,868.260009765625,-0.002093226615656373,-0.007051192941729739,2
2022-06-01,823.7100219726562,823.1099853515625,828.5027,834.3482,834.58716,827.8645,823.4693,0.008036509899785032,-4.461224997265972,22.62483553689657,777.510009765625,868.260009765625,0.008115951194897815,0.012391857356007398,3
2022-06-02,823.1099853515625,812.72998046875,834.3482,834.58716,827.8645,823.4693,815.7396,0.007778570741036621,-4.127316208157492,18.30238629159078,777.510009765625,868.260009765625,0.05043842146787454,0.07027021817512688,4
2022-06-03,812.72998046875,811.3099975585938,834.58716,827.8645,823.4693,815.7396,816.1869,0.008240846087221304,-4.370728761225573,16.990849418606643,777.510009765625,868.260009765625,-0.01694109942939782,0.04031135339993543,5
2022-06-06,811.3099975585938,822.239990234375,812.5224,811.5205,806.2423,807.522,808.4254,0.007988377917173209,-4.38146561374079,17.281087773409496,777.510009765625,868.260009765625,-0.008523121594769303,0.031482332097146265,1
2022-06-07,822.239990234375,824.5,811.5205,806.2423,807.522,808.4254,804.81995,0.008459034392453145,-3.447670164763318,31.008033024656925,777.510009765625,868.260009765625,0.0,0.03364371971612258,2
2022-06-08,824.5,821.25,806.2423,807.522,808.4254,804.81995,807.156,0.00821041334300275,-2.5162513852687267,29.617435667395327,777.510009765625,868.260009765625,0.00427064122011487,0.029676671363824778,3
2022-06-09,821.25,826.0,807.522,808.4254,804.81995,807.156,802.6036,0.008016200254695786,-1.9810496726422988,36.61016598476189,777.510009765625,868.260009765625,-0.015710969258667343,-0.03623187647048353,4
2022-06-10,826.0,844.1300048828125,808.4254,804.81995,807.156,802.6036,804.52484,0.007891229570103814,-1.2071887762129672,42.025512131111796,777.510009765625,868.260009765625,-0.020253815503193908,-0.03941928422135979,5
2022-06-13,844.1300048828125,862.4600219726562,826.1338,823.27856,821.2937,820.99133,825.7451,0.009466519331308326,0.5323240869920758,59.45731614785517,777.510009765625,868.260009765625,-0.019842227404011686,-0.05023089466661978,1
2022-06-14,862.4600219726562,868.5399780273438,823.27856,821.2937,820.99133,825.7451,824.37756,0.010706088018949471,2.7974517940021766,67.52314081201334,777.510009765625,868.260009765625,-0.013129773188470176,-0.06261963892486455,2
2022-06-15,868.5399780273438,856.52001953125,821.2937,820.99133,825.7451,824.37756,819.9541,0.010499277196818889,4.485136729517926,68.97084591055986,777.510009765625,868.5399780273438,0.0014407595155047006,-0.06526856461798695,3
2022-06-16,856.52001953125,866.5999755859375,820.99133,825.7451,824.37756,819.9541,823.146,0.010799079448342788,4.557103693912854,66.41940666050479,777.510009765625,868.5399780273438,-0.013406814849765658,-0.06311231584894181,4
2022-06-17,866.5999755859375,876.2999877929688,825.7451,824.37756,819.9541,823.146,825.6745,0.010860814408076349,5.012575664549891,68.7096872183801,777.510009765625,868.5399780273438,-0.02324972573064061,-0.0659149469320502,5
2022-06-20,876.2999877929688,883.0999755859375,862.5823,865.2716,876.8033,877.882,875.1819,0.010877853007149337,5.648872747421585,70.27407326255936,778.0800170898438,876.2999877929688,0.0,-0.04719551545742972,1
2022-06-21,883.0999755859375,873.5,865.2716,876.8033,877.882,875.1819,873.08466,0.010695389985229146,6.167204056201621,75.88250471476033,778.530029296875,883.0999755859375,0.006327245744323865,-0.02847525087375268,2
2022-06-22,873.5,889.760009765625,876.8033,877.882,875.1819,873.08466,869.25903,0.010738195142090089,5.523761264371382,70.36291615487448,778.530029296875,883.0999755859375,-0.022891807166630616,-0.051829653058205145,3
2022-06-23,889.760009765625,903.530029296875,877.882,875.1819,873.08466,869.25903,864.1433,0.011419465148852006,5.823605390202097,79.71611393869071,778.530029296875,889.760009765625,-0.05007527019268089,-0.08596787216867789,4
2022-06-24,903.530029296875,917.3699951171876,875.1819,873.08466,869.25903,864.1433,862.226,0.011724831659311784,6.5267866226081015,82.48101463924698,778.530029296875,903.530029296875,0.00039898684129586245,-0.06409457078601756,5
2022-06-27,917.3699951171876,920.0900268554688,900.3696,907.369,900.16077,886.3024,891.7504,0.011989231879121702,7.435497759137309,82.8329151127342,778.530029296875,917.3699951171876,0.005040481110548134,-0.05936524813098821,1
2022-06-28,920.0900268554688,910.6799926757812,907.369,900.16077,886.3024,891.7504,894.60785,0.01160501370882171,7.698799700082773,82.88725517988648,786.9099731445312,920.0900268554688,0.0013221940432880405,-0.06406141162189975,2
2022-06-29,910.6799926757812,926.2999877929688,900.16077,886.3024,891.7504,894.60785,901.58203,0.011543860763030801,6.752109347397539,79.51681116642916,799.4099731445312,920.0900268554688,-0.0013221940432880527,-0.043654282616796554,3
2022-06-30,926.2999877929688,916.25,886.3024,891.7504,894.60785,901.58203,901.6435,0.011987879578410365,6.678614911130435,80.88816042975748,805.3499755859375,926.2999877929688,-0.017215369716929715,-0.01170683719890485,4
2022-07-01,916.25,932.0800170898438,891.7504,894.60785,901.58203,901.6435,879.5729,0.011941640233621204,5.502855204558156,73.37310036467618,805.3499755859375,926.2999877929688,-0.02604633327227293,-0.03750000871876455,5
2022-07-04,932.0800170898438,928.25,910.90155,925.4353,915.3791,906.7644,902.8165,0.012357826799070291,5.336911578741269,72.93452288558375,805.3499755859375,932.0800170898438,0.0,-0.04233926540706707,1
2022-07-05,928.25,952.7999877929688,925.4353,915.3791,906.7644,902.8165,905.04504,0.011992263352469714,4.545778795070248,69.96590471688833,805.3499755859375,932.0800170898438,-0.05509627519484512,-0.09487314354525148,2
2022-07-06,952.7999877929688,969.5,915.3791,906.7644,902.8165,905.04504,905.8068,0.013425090625563255,5.20504690835255,79.70503816862893,805.3499755859375,952.7999877929688,-0.002045878120812058,-0.09552793248066674,3
2022-07-07,969.5,951.280029296875,906.7644,902.8165,905.04504,905.8068,914.9602,0.013726792869417168,6.226007823326217,80.50153890465305,811.3099975585938,969.5,0.04686572875972961,-0.03567100148385011,4
2022-07-08,951.280029296875,973.6099853515624,902.8165,905.04504,905.8068,914.9602,911.4363,0.014182775125111196,5.17744825992478,71.15689512941553,811.3099975585938,969.5,-0.014057007328479318,-0.02403976076187497,5
2022-07-11,973.6099853515624,993.2999877929688,948.02905,958.9268,940.1845,934.1102,940.43994,0.014974896623886236,5.462721720714882,73.48104055878856,811.3099975585938,973.6099853515624,-0.027119838109684272,-0.050151964670569295,1
2022-07-12,993.2999877929688,1019.1500244140624,958.9268,940.1845,934.1102,940.43994,941.3819,0.0153720001022356,6.388135054238525,79.53357249451776,811.3099975585938,993.2999877929688,-0.041883173257640245,-0.037518244242400196,2
2022-07-13,1019.1500244140624,1012.2000122070312,940.1845,934.1102,940.43994,941.3819,946.28894,0.016297034336202717,8.044823100714147,80.45760412123008,811.3099975585938,1019.1500244140624,0.008758752448604084,-0.027062601478739276,3
2022-07-14,1012.2000122070312,1008.8400268554688,934.1102,940.43994,941.3819,946.28894,955.2882,0.015833827453640318,7.961455376716039,76.42880702247102,811.3099975585938,1019.1500244140624,-0.03519335333759035,-0.10371301325472843,4
2022-07-15,1008.8400268554688,1050.25,940.43994,941.3819,946.28894,955.2882,961.51776,0.015308924377553474,7.002786039836181,73.44062579867946,811.3099975585938,1019.1500244140624,0.007447646427040558,-0.08422993432958804,5
2022-07-18,1050.25,1050.260009765625,998.95184,1000.36163,996.00726,992.82306,973.5604,0.018186496954000944,8.386903034708993,77.83575276740152,811.3099975585938,1050.25,0.034488832166270904,-0.026036349209872158,1
2022-07-19,1050.260009765625,1050.260009765625,1000.36163,996.00726,992.82306,973.5604,980.6592,0.017538454711217347,8.505711021504055,81.10072189587632,811.3099975585938,1050.260009765625,-0.0170197516986835,-0.0015167226062545254,2
2022-07-20,1050.260009765625,926.9600219726562,996.00726,992.82306,973.5604,980.6592,976.7634,0.01691898580499661,7.8051946883522305,79.68676137963216,811.3099975585938,1050.260009765625,0.011478714797717558,0.0012028111525550541,3
2022-07-21,926.9600219726562,928.3200073242188,992.82306,973.5604,980.6592,976.7634,988.8779,0.038406848165307365,-1.258642819077437,51.662892126230936,811.3099975585938,1050.260009765625,-0.008293771177248261,0.028500247255772822,4
2022-07-22,928.3200073242188,951.9299926757812,973.5604,980.6592,976.7634,988.8779,1008.36444,0.036846733380363685,-7.130929715429218,49.38873544322336,811.3099975585938,1050.260009765625,0.013984128994097221,0.03524504079025386,5
2022-07-25,951.9299926757812,936.4299926757812,925.20795,930.7379,924.96106,927.9337,923.19525,0.0360542462171627,-9.25878368556338,53.617034209642604,811.3099975585938,1050.260009765625,0.0007463414598675229,0.0008960636010747351,1
2022-07-26,936.4299926757812,924.4000244140624,930.7379,924.96106,927.9337,923.19525,919.66583,0.03492666965079437,-11.402959274239432,47.42844585340897,811.3099975585938,1050.260009765625,0.009356231511626789,0.027646920601218986,2
2022-07-27,924.4000244140624,909.75,924.96106,927.9337,923.19525,919.66583,911.2763,0.03374591642424335,-13.197524740097059,42.809770766791175,811.3099975585938,1050.260009765625,0.013799446663093596,0.030034583046752456,3
2022-07-28,909.75,908.4500122070312,927.9337,923.19525,919.66583,911.2763,927.29724,0.03273300642654178,-14.816013301192669,43.30268680738713,811.3099975585938,1050.260009765625,0.013179943583044093,0.052392445929093076,4
2022-07-29,908.4500122070312,900.5999755859375,923.19525,919.66583,911.2763,927.29724,917.6513,0.031463421197746234,-15.353559584438678,38.727426734888994,811.3099975585938,1050.260009765625,0.030885074406484785,0.0703300272766233,5
2022-08-01,900.5999755859375,891.2000122070312,917.86096,905.3427,902.7067,880.17145,875.96826,0.030346982295618982,-15.568428070943337,33.27801164287804,811.3099975585938,1050.260009765625,-0.008968687961960311,0.059982086234383176,1
2022-08-02,891.2000122070312,909.2899780273438,905.3427,902.7067,880.17145,875.96826,867.8199,0.029328760865829445,-15.633213712671463,25.46311284777211,811.3099975585938,1050.260009765625,-0.00777228609106147,0.04198077243110068,2
2022-08-03,909.2899780273438,911.1199951171876,902.7067,880.17145,875.96826,867.8199,867.8341,0.028732312441413645,-13.810559848156744,31.073659794231034,811.3099975585938,1050.260009765625,-0.015728041877474796,0.01166349632649768,3
2022-08-04,911.1199951171876,901.9000244140624,880.17145,875.96826,867.8199,867.8341,872.1996,0.027641126248699785,-11.906636876569657,31.926450736908237,811.3099975585938,1050.260009765625,0.0038834928349346684,0.0023021973068511003,4
2022-08-05,901.9000244140624,917.6400146484376,875.96826,867.8199,867.8341,872.1996,885.35016,0.026740064734075933,-10.72962956362233,18.853656011202915,811.3099975585938,1050.260009765625,0.019898306639490177,-0.00864959162171594,5
2022-08-08,917.6400146484376,905.4000244140624,905.16144,920.68304,919.3421,923.42004,945.86597,0.02614831183379094,-8.452598178903287,23.881350178672477,811.3099975585938,1050.260009765625,0.009663298145692585,0.0099943832020153,1
2022-08-09,905.4000244140624,903.25,920.68304,919.3421,923.42004,945.86597,963.51917,0.025430027145496293,-7.37181057095297,22.782944826137395,811.3099975585938,1050.260009765625,0.0013927233381699987,0.019293539583505704,2
2022-08-10,903.25,887.0800170898438,919.3421,923.42004,945.86597,963.51917,955.659,0.024474661677541577,-6.436742165406358,41.82243334945842,811.3099975585938,1050.260009765625,0.017384534003716742,0.0536099918788567,3
2022-08-11,887.0800170898438,884.4099731445312,923.42004,945.86597,963.51917,955.659,947.46857,0.024069722242875555,-6.522075924449643,37.094750851276345,811.3099975585938,1050.260009765625,0.014933773931209706,0.06531724353625883,4
2022-08-12,884.4099731445312,875.260009765625,945.86597,963.51917,955.659,947.46857,970.32263,0.02317100760666644,-6.366104958396798,25.684227832987773,811.3099975585938,1050.260009765625,-0.009341402279006945,0.03461867320093284,5
2022-08-15,875.260009765625,880.510009765625,889.7813,891.54065,890.1609,906.9816,892.0305,0.022476217573146943,-6.466088800321343,26.915232999265342,811.3099975585938,1050.260009765625,-0.012868122622951974,0.011567903005143867,1
2022-08-16,880.510009765625,881.0,891.54065,890.1609,906.9816,892.0305,905.1653,0.021675949062827538,-5.787549292775461,32.54314362954172,811.3099975585938,1050.260009765625,0.0020645340532498197,0.012247713487828573,2
2022-08-17,881.0,897.0999755859375,890.1609,906.9816,892.0305,905.1653,922.7346,0.020843840191357738,-4.947198301956185,37.113393600688184,811.3099975585938,1050.260009765625,-0.010643498782088992,-0.015729691308753988,3
2022-08-18,897.0999755859375,929.2000122070312,906.9816,892.0305,905.1653,922.7346,925.31195,0.020644357565863903,-3.0420111327734105,45.50849058289944,811.3099975585938,1050.260009765625,0.013389684468500692,-0.017248319969877204,4
2022-08-19,929.2000122070312,944.0,892.0305,905.1653,922.7346,925.31195,905.4044,0.022072226843400444,0.45874153903239545,59.495369471624066,811.3099975585938,1050.260009765625,0.0100955673417733,0.0020402429275102473,5
2022-08-22,944.0,937.5,927.9779,935.42535,939.34674,938.88,932.02686,0.021660866032952787,3.6709542519625593,66.92307963173869,811.3099975585938,1050.260009765625,-0.003535497640372084,0.011435682596212025,1
2022-08-23,937.5,916.25,935.42535,939.34674,938.88,932.02686,935.2007,0.020925460354224063,5.166243902685769,59.76733855646604,811.3099975585938,1050.260009765625,0.009220382581036387,0.01869932088893004,2
2022-08-24,916.25,920.9299926757812,939.34674,938.88,932.02686,935.2007,918.6669,0.021106539107659833,4.553928429816544,51.56564922751366,811.3099975585938,1050.260009765625,-0.011948522410051805,0.017370761294765398,3
2022-08-25,920.9299926757812,898.0,938.88,932.02686,935.2007,918.6669,924.336,0.020345367311754528,4.297117716788029,55.97337274365502,811.3099975585938,1050.260009765625,0.013566875289911354,0.017551046027566717,4
2022-08-26,898.0,892.6500244140625,932.02686,935.2007,918.6669,924.336,942.2696,0.0207793140415712,2.5047941782217604,44.10138846931081,811.3099975585938,1050.260009765625,0.00026944961898488136,0.007601432750977542,5
2022-08-29,892.6500244140625,882.010009765625,881.28424,897.32184,892.5119,905.508,898.61945,0.020057360050917995,0.9602041979494658,46.00538795328914,821.25,1050.260009765625,-0.023168122718755138,-0.011987508048778482,1
2022-08-30,882.010009765625,889.9500122070312,897.32184,892.5119,905.508,898.61945,927.04095,0.019578636632832155,-0.6879276623701909,43.68158145297699,821.25,1050.260009765625,-0.022729784336666843,-0.0430557120735055,2
2022-08-31,889.9500122070312,896.5,892.5119,905.508,898.61945,927.04095,940.71747,0.018981918623308933,-1.127258560975159,50.89771521911948,821.25,1050.260009765625,-0.007503393602892206,-0.0387925032159316,3
2022-09-01,896.5,896.5700073242188,905.508,898.61945,927.04095,940.71747,936.4006,0.018356737093032795,-0.8720442207330805,53.69206400922108,826.0,1050.260009765625,-0.03000371904235822,-0.07977361640278688,4
2022-09-02,896.5700073242188,878.219970703125,898.61945,927.04095,940.71747,936.4006,939.2325,0.017644441749594095,-0.6064307877201882,56.889751892919094,844.1300048828125,1050.260009765625,0.0020479730731946338,-0.0781355159281152,5
2022-09-05,878.219970703125,881.25,897.31805,882.05444,902.29266,901.58344,903.58826,0.017923249655095508,-1.5223652934616112,49.31742501862891,856.52001953125,1050.260009765625,0.0,-0.05652831376030598,1
2022-09-06,881.25,892.5,882.05444,902.29266,901.58344,903.58826,906.2311,0.01725179721280436,-1.762960718926598,50.07340417600945,856.52001953125,1050.260009765625,0.013787355194825272,-0.02143863852435258,2
2022-09-07,892.5,883.530029296875,902.29266,901.58344,903.58826,906.2311,903.3313,0.01694136919728643,-1.039056811586856,48.60977580361326,856.52001953125,1050.260009765625,-0.008976500708669724,-0.02287910297967991,3
2022-09-08,883.530029296875,881.75,901.58344,903.58826,906.2311,903.3313,911.44275,0.016529972743818934,-1.0365947190013536,33.954049717641084,866.5999755859375,1050.260009765625,0.028106252131502352,0.03558354527065715,4
2022-09-09,881.75,904.97998046875,903.58826,906.2311,903.3313,911.44275,914.9626,0.01589258342032243,-1.02523957363596,25.926219664181644,873.5,1050.260009765625,0.012645967498656327,0.04661701697555643,5
2022-09-12,904.97998046875,897.8499755859375,885.3914,882.7737,883.71747,883.99445,885.83704,0.0168938242756636,0.5895114331132598,38.864533905814774,873.5,1050.260009765625,0.012350083783838168,0.05962297183065138,1
2022-09-13,897.8499755859375,917.010009765625,882.7737,883.71747,883.99445,885.83704,880.68634,0.016394315970214915,1.1857450323375254,43.025010990027994,873.5,1050.260009765625,-0.012350083783838062,0.032285957132354604,2
2022-09-14,917.010009765625,919.9500122070312,883.71747,883.99445,885.83704,880.68634,877.9873,0.016799988467413988,2.7874024238494632,48.661025705387715,875.260009765625,1050.260009765625,-0.009962910990771172,0.03126820169490785,3
2022-09-15,919.9500122070312,923.25,883.99445,885.83704,880.68634,877.9873,879.25793,0.016173319284579733,3.893800856452156,58.68343977496348,875.260009765625,1050.260009765625,-0.006224401018000892,-0.0035350813451689458,4
2022-09-16,923.25,921.8699951171876,885.83704,880.68634,877.9873,879.25793,884.8996,0.015574755471423616,4.645879998655741,62.304951727577425,875.260009765625,1050.260009765625,0.010586630784932173,-0.005585026647819549,5
2022-09-19,921.8699951171876,922.3200073242188,933.80725,930.1446,940.9013,943.8389,940.8605,0.014973924810811022,4.827198343022381,67.31836908742221,875.260009765625,1050.260009765625,-0.0009834160131192236,-0.01875605540780757,1
2022-09-20,922.3200073242188,932.5999755859376,930.1446,940.9013,943.8389,940.8605,936.23596,0.014385390193891713,4.747055123507579,65.04320507205765,875.260009765625,1050.260009765625,-0.002673926948828699,-0.009215300626779192,2
2022-09-21,932.5999755859376,936.260009765625,940.9013,943.8389,940.8605,936.23596,941.78705,0.014153408126496837,5.123739433084916,66.21449578587931,875.260009765625,1050.260009765625,-0.010198392195087953,-0.009448584332964268,3
2022-09-22,936.260009765625,944.3800048828124,943.8389,940.8605,936.23596,941.78705,946.61957,0.013632982239335623,5.332861207391961,67.27002417289759,875.260009765625,1050.260009765625,-0.003851363389370319,-0.007095177293159109,4
2022-09-23,944.3800048828124,970.0499877929688,940.8605,936.23596,941.78705,946.61957,939.38696,0.01330604024693837,5.698465140181284,81.60107003879712,875.260009765625,1050.260009765625,-0.03697658256135126,-0.05321541355646259,5
2022-09-26,970.0499877929688,993.510009765625,953.792,960.3967,953.74554,959.2238,975.5667,0.01482212591068803,7.249994762295967,84.87275474578041,875.260009765625,1050.260009765625,-0.01735274304609566,-0.06858748162685718,1
2022-09-27,993.510009765625,984.6599731445312,960.3967,953.74554,959.2238,975.5667,982.54,0.01569809243621341,9.305947135962843,86.19651277744248,875.260009765625,1050.260009765625,0.0028629649246226284,-0.0634160475993138,2
2022-09-28,984.6599731445312,956.030029296875,953.74554,959.2238,975.5667,982.54,989.8042,0.015307038443730603,9.487122904094784,86.27066737591919,875.260009765625,1050.260009765625,0.017599265856016143,-0.03701597703143894,3
2022-09-29,956.030029296875,963.25,959.2238,975.5667,982.54,989.8042,984.766,0.01685447057576679,7.199796941316148,72.33851345299055,875.260009765625,1050.260009765625,0.017004246566302488,-0.016721466251386062,4
2022-09-30,963.25,967.510009765625,975.5667,982.54,989.8042,984.766,997.13104,0.016337831099695676,5.756615324119544,69.39102147462566,875.260009765625,1050.260009765625,0.000581184279762811,0.02091054328462235,5
2022-10-03,967.510009765625,939.9600219726562,981.0054,994.08057,997.72217,1033.1578,1012.2671,0.015758390244330043,4.716162711268003,73.63279680818201,875.260009765625,1050.260009765625,0.004637698966480462,0.04360948251906449,1
2022-10-04,939.9600219726562,931.3400268554688,994.08057,997.72217,1033.1578,1012.2671,1004.45465,0.01714767782318367,1.9418862623791053,57.36663616932491,875.260009765625,1050.260009765625,0.01720224306202251,0.05868189465213416,2
2022-10-05,931.3400268554688,939.6599731445312,997.72217,1033.1578,1012.2671,1004.45465,1011.38293,0.016696333036860234,-0.5700432644045197,53.52741346955008,875.260009765625,1050.260009765625,0.0041132293482632675,0.044500313567666754,3
2022-10-06,939.6599731445312,943.5800170898438,1033.1578,1012.2671,1004.45465,1011.38293,1011.9802,0.01623952264702824,-1.7034925966937653,54.92881061125752,875.260009765625,1050.260009765625,-0.016411392102800407,0.010174374078467156,4
2022-10-07,943.5800170898438,937.8300170898438,1012.2671,1004.45465,1011.38293,1011.9802,1024.2413,0.01566025756756884,-2.190428846133546,56.42270533058339,875.260009765625,1050.260009765625,-0.01814931900831225,-0.008570600924277232,5
2022-10-10,937.8300170898438,937.6799926757812,944.19476,949.4143,947.1827,944.7986,943.8986,0.015163869788375558,-2.8587444006487566,54.44897464681812,875.260009765625,1050.260009765625,0.011943086371317376,-0.0013013048970335777,1
2022-10-11,937.6799926757812,927.010009765625,949.4143,947.1827,944.7986,943.8986,943.3732,0.014586290268229173,-3.241817767893256,51.54708774408205,875.260009765625,1050.260009765625,0.00706917560844575,-0.011370086166157839,2
2022-10-12,927.010009765625,944.010009765625,947.1827,944.7986,943.8986,943.3732,964.5179,0.014393158075710854,-4.089995935540516,47.29832257549266,875.260009765625,993.510009765625,-0.009678647353026296,-0.024911552276031694,3
2022-10-13,944.010009765625,937.510009765625,944.7986,943.8986,943.3732,964.5179,967.48645,0.014711850776314041,-3.4100742851476777,49.89726350098604,875.260009765625,993.510009765625,0.006655117764567944,-0.002158254229820148,4
2022-10-14,937.510009765625,961.510009765625,943.8986,943.3732,964.5179,967.48645,968.0873,0.014286356889653176,-3.299954740083324,39.88813379941089,875.260009765625,993.510009765625,-0.004914713560715287,0.011135562746811269,5
2022-10-17,961.510009765625,971.3499755859376,945.2798,938.6345,942.1353,937.3971,940.2597,0.015392281670085764,-1.5987887534503118,40.08919362790317,875.260009765625,993.510009765625,0.001447980587636241,0.0005790806494070534,1
2022-10-18,971.3499755859376,972.75,938.6345,942.1353,937.3971,940.2597,943.53467,0.015062386819428729,0.11042004904821479,45.90284794632303,875.260009765625,993.510009765625,-0.014281731075751121,-0.020557741820916364,2
2022-10-19,972.75,973.7000122070312,942.1353,937.3971,940.2597,943.53467,949.4445,0.014494776621865052,1.196201370023287,56.18342335119244,875.260009765625,993.510009765625,-0.01359559953264893,-0.024386666555919177,3
2022-10-20,973.7000122070312,978.0,937.3971,940.2597,943.53467,949.4445,941.2981,0.013945761871398298,1.8028668597314645,54.05259163913465,875.260009765625,993.510009765625,0.026574235556435358,-0.004758470460401795,4
2022-10-21,978.0,972.25,940.2597,943.53467,949.4445,941.2981,936.0898,0.013465691282279046,2.287107938465031,54.066834386789864,875.260009765625,993.510009765625,0.020648862969661265,0.02101144478272712,5
2022-10-24,972.25,986.25,993.73944,1002.79236,1015.556,1024.6465,1027.9457,0.013061010228946927,2.022651526667575,65.06484238894271,875.260009765625,993.510009765625,-0.012424278700876038,0.006945498083716214,1
2022-10-25,986.25,967.0,1002.79236,1015.556,1024.6465,1027.9457,1034.9663,0.013158474851549098,2.5585781030150443,74.39359355841779,875.260009765625,993.510009765625,-0.008369469804456653,0.01291645649461232,2
2022-10-26,967.0,951.2999877929688,1015.556,1024.6465,1027.9457,1034.9663,1046.3562,0.01380391839329041,1.4403062346465791,61.07062587705879,875.260009765625,993.510009765625,0.05057572217400336,0.08004755459026167,3
2022-10-27,951.2999877929688,943.25,1024.6465,1027.9457,1034.9663,1046.3562,1043.9937,0.014044396838460607,-0.4328943342480276,52.85375208699968,875.260009765625,993.510009765625,-0.001102673735418754,0.05056505065479429,4
2022-10-28,943.25,942.9000244140624,1027.9457,1034.9663,1046.3562,1043.9937,1042.0153,0.013722587351158355,-2.1918799780878953,51.97004325616087,875.260009765625,993.510009765625,-0.04499098542763021,-0.01617937035703842,5
2022-10-31,942.9000244140624,943.0,952.10736,954.3767,960.741,948.0682,947.5984,0.013203069546406064,-3.2906764573161453,51.89461152765609,875.260009765625,993.510009765625,-0.015263035855571663,-0.0189682378767118,1
2022-11-01,943.0,942.9400024414062,954.3767,960.741,948.0682,947.5984,954.23926,0.01270165838080255,-3.8818634811362873,56.28587058755782,875.260009765625,993.510009765625,0.027735406246531834,0.017098975529084716,2
2022-11-02,942.9400024414062,944.2000122070312,960.741,948.0682,947.5984,954.23926,960.37585,0.012218281516306065,-4.12526129192083,49.51473563873811,875.260009765625,993.510009765625,-0.0011403988240251282,-0.03416444057258297,3
2022-11-03,944.2000122070312,944.1599731445312,948.0682,947.5984,954.23926,960.37585,961.89777,0.011756006869239199,-4.0442701577417735,53.18541363093968,875.260009765625,993.510009765625,-0.014076654119052961,-0.0466142358416485,4
2022-11-04,944.1599731445312,926.260009765625,947.5984,954.23926,960.37585,961.89777,949.9714,0.011305251266916056,-3.8379523757012493,39.29670620962212,875.260009765625,993.510009765625,0.07198753440505058,0.07169644101465344,5
2022-11-07,926.260009765625,916.3499755859376,950.35693,958.01794,963.90106,948.3592,951.124,0.012134077700232058,-4.694928973851654,24.699824243926926,878.219970703125,993.510009765625,-0.023149192689883615,0.0632781125602481,1
2022-11-08,916.3499755859376,906.5,958.01794,963.90106,948.3592,951.124,955.1015,0.012060372973328286,-5.652834452328053,21.112463001889537,878.219970703125,993.510009765625,0.020723298470771447,0.055848371355531515,2
2022-11-09,906.5,906.5,963.90106,948.3592,951.124,955.1015,949.8892,0.01199537992359353,-6.607068457316997,18.456609842982886,878.219970703125,993.510009765625,0.009668401989680267,0.06732272638763452,3
2022-11-10,906.5,893.9500122070312,948.3592,951.124,955.1015,949.8892,946.52545,0.011540491493220504,-6.865317454471516,15.02640359404154,878.219970703125,993.510009765625,0.014461307722984953,0.09822072766190723,4
2022-11-11,893.9500122070312,890.4600219726562,951.124,955.1015,949.8892,946.52545,957.6041,0.011773334457117392,-7.459062147716276,14.089149879939598,878.219970703125,993.510009765625,0.040020823400885835,0.06366941121361316,5
2022-11-14,890.4600219726562,890.7000122070312,896.8545,908.1673,914.1515,911.9747,898.4833,0.01138351807625151,-7.636775375871361,1.3805563489669908,878.219970703125,993.510009765625,-0.024597693190473145,0.06212980087137904,1
2022-11-15,890.7000122070312,886.5,908.1673,914.1515,911.9747,898.4833,890.26575,0.010951377318685744,-7.288967725056313,2.012549451950079,878.219970703125,993.510009765625,-0.004028875090579742,0.03616247929078336,2
2022-11-16,886.5,911.75,914.1515,911.9747,898.4833,890.26575,881.44305,0.010622333351977868,-6.896743971417996,2.3529073853504485,878.219970703125,993.510009765625,-0.013503933351268576,0.012428225905735614,3
2022-11-17,911.75,921.2000122070312,911.9747,898.4833,890.26575,881.44305,879.995,0.012819724231593006,-4.602092029264524,31.51407391275697,878.219970703125,993.510009765625,-0.02634723067351903,-0.02805582461738392,4
2022-11-18,921.2000122070312,941.2999877929688,898.4833,890.26575,881.44305,879.995,887.5198,0.012650279872811483,-2.2331536119013187,38.494159588507856,878.219970703125,993.510009765625,-0.015707520511022276,-0.08073905535915317,5
2022-11-21,941.2999877929688,941.5999755859376,904.2292,893.7172,907.4074,906.50146,913.95306,0.01352528957860044,0.7429080540192654,49.25633753779988,878.219970703125,993.510009765625,-0.01679775910019108,-0.07354084428749706,1
2022-11-22,941.5999755859376,926.0,893.7172,907.4074,906.50146,913.95306,909.4285,0.013017029067062645,2.6782105376721113,49.41503967499071,878.219970703125,993.510009765625,0.011967852886423014,-0.05860135630646501,2
2022-11-23,926.0,915.9500122070312,907.4074,906.50146,913.95306,909.4285,908.3296,0.01336172430898043,2.83893087341672,42.939160406313995,878.219970703125,993.510009765625,0.0008296518546003267,-0.04501056896691484,3
2022-11-24,915.9500122070312,909.8499755859376,906.50146,913.95306,909.4285,908.3296,903.49695,0.013216711297823504,2.2266690300908225,39.844487451946165,878.219970703125,993.510009765625,0.0,-0.01951484615233005,4
2022-11-25,909.8499755859376,921.72998046875,913.95306,909.4285,908.3296,903.49695,908.3734,0.01285992060503564,1.4090143364732786,43.54393005231866,878.219970703125,993.510009765625,0.0024847678648594,-0.0015143387245341122,5
2022-11-28,921.72998046875,912.9500122070312,919.1803,921.4859,912.7336,922.1346,919.1922,0.01286858927406242,1.6497190090002416,52.084304791919436,881.25,993.510009765625,-0.0044216719910320414,0.010919791024767169,1
2022-11-29,912.9500122070312,900.0499877929688,921.4859,912.7336,922.1346,919.1922,925.08203,0.012673330398490177,1.2189334277739299,52.51973426635454,881.75,993.510009765625,0.005386385951892888,0.004288302246022378,2
2022-11-30,900.0499877929688,890.0,912.7336,922.1346,919.1922,925.08203,925.4032,0.012825922477614538,0.12414270214333989,47.7109751115628,881.75,993.510009765625,0.027041511441138335,0.03096060441992118,3
2022-12-01,890.0,879.1099853515625,922.1346,919.1922,925.08203,925.4032,931.46857,0.01273742067609032,-1.1478431125656172,48.572868873824035,881.75,993.510009765625,0.02240428742869569,0.0543192317616381,4
2022-12-02,879.1099853515625,883.0,919.1922,925.08203,925.4032,931.46857,925.4565,0.012731915617773424,-2.515204162827553,46.107401628469624,879.1099853515625,993.510009765625,0.008875067017934285,0.061078220033170316,5
2022-12-05,883.0,895.6300048828125,877.06866,871.6859,895.25183,914.1039,904.69507,0.012310777923856884,-2.921705637353167,47.423711161256726,879.1099853515625,993.510009765625,-0.015319461924328762,0.04957759202194217,1
2022-12-06,895.6300048828125,878.75,871.6859,895.25183,914.1039,904.69507,907.1241,0.012463038604852553,-2.1402245490492504,52.891621322986445,879.1099853515625,993.510009765625,0.0057887476955071826,0.04999998686399055,2
2022-12-07,878.75,866.4000244140625,895.25183,914.1039,904.69507,907.1241,895.3701,0.013106904491286884,-2.5334874132042735,38.96321070234114,878.75,993.510009765625,0.011477864376372472,0.033784669701573074,3
2022-12-08,866.4000244140625,863.5,914.1039,904.69507,907.1241,895.3701,898.94586,0.013215911471295215,-3.3475713219744563,32.02099705997907,866.4000244140625,993.510009765625,0.006463335625930137,0.017435812484469817,4
2022-12-09,863.5,843.0218505859375,904.69507,907.1241,895.3701,898.94586,906.68176,0.01275704762935667,-3.772038485976566,21.227817763124918,863.5,993.510009765625,-0.001160356135408776,0.007276475459677466,5
2022-12-12,843.0218505859375,866.75,854.9872,850.7018,849.19165,849.49365,842.98663,0.013961746284170096,-5.043247785433369,18.27800115959512,843.0218505859375,993.510009765625,-0.020197407299658264,0.0023750001179665896,1
2022-12-13,866.75,856.7999877929688,850.7018,849.19165,849.49365,842.98663,849.3078,0.015435318178490056,-3.9459024601371677,31.881437372521702,843.0218505859375,993.510009765625,0.010735868843074823,0.007346156997833926,2
2022-12-14,856.7999877929688,870.6500244140625,849.19165,849.49365,842.98663,849.3078,847.879,0.015195770588299495,-3.561785724254598,31.900943131945056,843.0218505859375,993.510009765625,0.009203525932870658,0.005057714240165767,3
2022-12-15,870.6500244140625,878.0499877929688,849.49365,842.98663,849.3078,847.879,840.6564,0.015258991456588843,-2.117861339602216,38.548497874279704,843.0218505859375,993.510009765625,-0.029329148152795206,-0.030279619736966037,4
2022-12-16,878.0499877929688,865.8007202148438,842.98663,849.3078,847.879,840.6564,831.1095,0.01485675856613736,-0.49216452617939765,36.89676196753728,843.0218505859375,993.510009765625,-0.000398732072796037,-0.029540776036496498,5
2022-12-19,865.8007202148438,888.7000122070312,878.6892,883.183,886.1421,894.49335,903.393,0.014821314099731045,-0.09060426219820172,36.14443050207593,843.0218505859375,993.510009765625,0.005699561054415408,-0.004080576126231864,1
2022-12-20,888.7000122070312,885.8099975585938,883.183,886.1421,894.49335,903.393,902.6546,0.01594954789454717,1.7659459392481125,46.849764898725866,843.0218505859375,986.25,0.0038255842291201646,-0.010938938886725983,2
2022-12-21,885.8099975585938,870.75,886.1421,894.49335,903.393,902.6546,910.9182,0.015371852030352939,2.787293967003178,48.7889110978994,843.0218505859375,986.25,0.002235839507275352,-0.01780645308956023,3
2022-12-22,870.75,870.8599853515625,894.49335,903.393,902.6546,910.9182,902.70374,0.015539634084859335,2.4486000167415227,47.64048722035373,843.0218505859375,986.25,-0.014423036346991203,-0.0030561042062156605,4
2022-12-23,870.8599853515625,877.5,903.393,902.6546,910.9182,902.70374,895.2086,0.014950705731560963,2.2377450143294944,46.49891183964931,843.0218505859375,986.25,0.013634490901053129,0.011032857332827783,5
2022-12-26,877.5,878.0,871.9941,881.1205,873.0477,862.74615,869.9303,0.0145303319789846,2.5297012962761443,44.58433639606277,843.0218505859375,986.25,0.0,0.005286804379288604,1
2022-12-27,878.0,867.5999755859375,881.1205,873.0477,862.74615,869.9303,862.1566,0.013983455848303324,2.7238980278210985,49.7516636594688,843.0218505859375,986.25,0.007987978209936256,0.009479924778386864,2
2022-12-28,867.5999755859375,861.75,873.0477,862.74615,869.9303,862.1566,871.0046,0.013861908111788392,2.144818445274842,50.402519782025095,843.0218505859375,986.25,-0.0003913355462330034,0.006831324994028573,3
2022-12-29,861.75,856.0,862.74615,869.9303,862.1566,871.0046,880.5164,0.013476577593370988,1.3969055698867177,49.4243605969689,843.0218505859375,986.25,-0.0028746701664194908,0.018525978919132217,4
2022-12-30,856.0,847.75,869.9303,862.1566,871.0046,880.5164,880.28217,0.01310716022410342,0.5855744641598957,54.72700256364427,843.0218505859375,986.25,-0.004064797677231731,0.000657390806735002,5
2023-01-02,847.75,847.75,866.15454,865.2999,856.27405,862.7769,859.0763,0.012903134279217743,-0.38385344470242977,42.20023772918517,843.0218505859375,986.25,0.0,0.000657390806735002,1
2023-01-03,847.75,862.3499755859375,865.2999,856.27405,862.7769,859.0763,862.781,0.01241870235478021,-0.8741837478979093,45.954357016294985,843.0218505859375,986.25,-0.010433957899771593,-0.017607898169920345,2
2023-01-04,862.3499755859375,854.9099731445312,856.27405,862.7769,859.0763,862.781,860.2034,0.012827722147353388,-0.10479225351832078,46.31431678207126,843.0218505859375,986.25,-0.007061513953980213,-0.024138823323434276,3
2023-01-05,854.9099731445312,851.5,862.7769,859.0763,862.781,860.2034,847.0009,0.012583771980359915,0.00753461966533564,39.728199320498305,843.0218505859375,986.25,0.020774820894930334,-0.0007851402520186023,4
2023-01-06,851.5,840.8800048828125,859.0763,862.781,860.2034,847.0009,848.41235,0.01216599122173267,-0.040692360642401226,43.11135703058895,843.0218505859375,986.25,0.02342691166842184,0.02706606879185705,5
2023-01-09,840.8800048828125,835.1300048828125,850.8538,839.8112,835.95825,841.7314,838.4242,0.012223002954057966,-0.6470572601220539,23.874547087857465,840.8800048828125,986.25,0.027755004194320008,0.05597157246120396,1
2023-01-10,835.1300048828125,826.4500122070312,839.8112,835.95825,841.7314,838.4242,840.53906,0.011922955819799361,-1.25919905884499,23.15107923904546,835.1300048828125,986.25,0.0119969437033643,0.07992561796214906,2
2023-01-11,826.4500122070312,823.260009765625,835.95825,841.7314,838.4242,840.53906,841.5053,0.011843097717233752,-2.026987539697192,24.829534932594257,826.4500122070312,986.25,0.021286480607387536,0.11097739183657855,3
2023-01-12,823.260009765625,818.0,841.7314,838.4242,840.53906,841.5053,835.89655,0.011452877798051772,-2.497105338894201,23.869126837656324,823.260009765625,986.25,0.007553507080328285,0.09638548574162632,4
2023-01-13,818.0,805.4324340820312,838.4242,840.53906,841.5053,835.89655,824.8386,0.011171327976468833,-2.882416193139635,16.833872692978716,818.0,986.25,0.0051230495099683585,0.07649994323948066,5
2023-01-16,805.4324340820312,822.1799926757812,812.37103,810.0571,807.0306,800.8967,800.78503,0.011588856778248382,-3.6541546178994295,14.346400505230136,805.4324340820312,986.25,0.0,0.047032508820924114,1
2023-01-17,822.1799926757812,814.6500244140625,810.0571,807.0306,800.8967,800.78503,803.9657,0.01249339379567732,-2.7484912356527555,28.994606959523125,805.4324340820312,967.0,0.0017809851053655899,0.03639051967513167,2
2023-01-18,814.6500244140625,823.5,807.0306,800.8967,800.78503,803.9657,801.0813,0.012298863160189638,-2.382011948180846,28.55095553793967,805.4324340820312,951.2999877929688,0.003197666423112939,0.01781198257515709,3
2023-01-19,823.5,823.25,800.8967,800.78503,803.9657,801.0813,804.39233,0.01219551012654262,-1.3219354185261736,35.60609664848687,805.4324340820312,944.2000122070312,-0.0004730585681476769,0.009675146986824212,4
2023-01-20,823.25,814.7999877929688,800.78503,803.9657,801.0813,804.39233,807.10345,0.011740563403941124,-0.46042276253426095,38.321657162806936,805.4324340820312,944.2000122070312,0.005191713423161991,0.009744477613699455,5
2023-01-23,814.7999877929688,812.780029296875,821.337,810.9037,817.98444,813.58795,820.39435,0.011664834668772068,-0.29078423846124934,35.464730256940456,805.4324340820312,944.2000122070312,0.0012938117847990998,0.011051742413415949,1
2023-01-24,812.780029296875,800.9500122070312,810.9037,817.98444,813.58795,820.39435,823.2579,0.011252961209606767,-0.15267798603872862,25.403196009046994,805.4324340820312,944.2000122070312,-0.002000141594498202,0.007236046037013875,2
2023-01-25,800.9500122070312,802.9500122070312,817.98444,813.58795,820.39435,823.2579,823.8065,0.011577613598758061,-0.6672823459206505,24.342662781653758,800.9500122070312,944.2000122070312,-0.0012964038611068427,0.0027196126392917664,3
2023-01-26,802.9500122070312,801.780029296875,813.58795,820.39435,823.2579,823.8065,823.05786,0.011164247368822685,-0.6798964089248507,26.60130053731146,800.9500122070312,944.1599731445312,0.006347835431552937,0.009582435514727459,4
2023-01-27,801.780029296875,790.1696166992188,820.39435,823.2579,823.8065,823.05786,827.8799,0.010757097645046555,-0.5779627112109793,29.2672159903685,800.9500122070312,941.5999755859376,-0.010128509708496632,-0.005766716237829345,5
2023-01-30,790.1696166992188,807.0,818.83356,820.61456,829.3389,824.0935,820.3676,0.01112646975337877,-1.074542767089799,27.554698597821854,790.1696166992188,941.5999755859376,-0.004865078397412996,-0.011871271907578336,1
2023-01-31,807.0,795.6599731445312,820.61456,829.3389,824.0935,820.3676,819.6501,0.012160592294675709,-0.10275384981629543,41.020793098609566,790.1696166992188,941.5999755859376,0.0059298314901479595,-0.0040042864239617434,2
2023-02-01,795.6599731445312,786.0499877929688,829.3389,824.0935,820.3676,819.6501,829.41547,0.012350468571917858,-0.059098056202230964,38.15000212262705,790.1696166992188,941.5999755859376,-0.028180971315559473,-0.030424461567597743,3
2023-02-02,786.0499877929688,779.5,824.0935,820.3676,819.6501,829.41547,833.0187,0.01236163736225363,-0.4889247288990646,36.77629727532648,786.0499877929688,941.5999755859376,-0.004143869067426235,-0.04054378431003555,4
2023-02-03,779.5,777.9078369140625,820.3676,819.6501,829.41547,833.0187,822.3982,0.012128740436442046,-0.9965925603285513,38.704231582966045,779.5,941.5999755859376,-0.007600786928514156,-0.03811547722662296,5
2023-02-06,777.9078369140625,803.9000244140625,779.6741,783.9684,799.68536,796.9106,787.7477,0.011692259752168768,-1.2077687089576443,27.782355265455152,777.9078369140625,941.5999755859376,-0.004811026420657321,-0.03806348406160235,1
2023-02-07,803.9000244140625,794.9199829101562,783.9684,799.68536,796.9106,787.7477,791.1387,0.014400581195620193,0.54108214937337,45.448583108942714,777.9078369140625,941.5999755859376,0.0110675198721468,-0.03310863666744213,2
2023-02-08,794.9199829101562,800.3499755859375,799.68536,796.9106,787.7477,791.1387,791.6318,0.014207745796972253,1.1936831226072542,37.91288698353796,777.9078369140625,941.5999755859376,-0.011067519872146717,-0.016419390279435155,3
2023-02-09,800.3499755859375,799.7999877929688,796.9106,787.7477,791.1387,791.6318,785.7053,0.01379427859230282,2.041859555949589,40.72160920336125,777.9078369140625,941.5999755859376,0.015216951712487221,0.0028090764453617277,4
2023-02-10,799.7999877929688,792.5676879882812,787.7477,791.1387,791.6318,785.7053,785.0708,0.01327945617207878,2.5818738944360042,43.50678173528722,777.9078369140625,941.5999755859376,-0.01918171810292671,-0.00873739793860361,5
2023-02-13,792.5676879882812,792.22998046875,803.88513,804.8006,802.5019,808.9411,808.9584,0.013033085323541669,2.4680956036505037,41.628245025495055,777.9078369140625,941.5999755859376,0.014665304492188851,0.010757993611667398,1
2023-02-14,792.22998046875,786.8300170898438,804.8006,802.5019,808.9411,808.9584,813.1952,0.012548651498085381,2.3848686884067725,46.008231142553,777.9078369140625,926.0,0.005611882545715784,0.005258679345935938,2
2023-02-15,786.8300170898438,791.6300048828125,802.5019,808.9411,808.9584,813.1952,813.8949,0.012233990595974704,1.9966567351543887,42.84351713859911,777.9078369140625,921.72998046875,-0.014212463309734498,0.002102163792357256,3
2023-02-16,791.6300048828125,791.1199951171875,808.9411,808.9584,813.1952,813.8949,807.17944,0.011891176380701198,2.0840230509613455,45.6345906283535,777.9078369140625,921.72998046875,0.027625758127863238,0.014614526743646643,4
2023-02-17,791.1199951171875,782.6790771484375,808.9584,813.1952,813.8949,807.17944,805.4098,0.011452536344962511,2.121271176537242,50.45189525525944,777.9078369140625,921.72998046875,-0.012440602597921168,0.0214772657311858,5
2023-02-20,782.6790771484375,797.3400268554688,785.9695,779.7417,784.84357,780.9477,778.51135,0.01142618604948168,1.6141867435587471,37.43302960384811,777.9078369140625,912.9500122070312,0.0,0.006606300737598383,1
2023-02-21,797.3400268554688,802.2899780273438,779.7417,784.84357,780.9477,778.51135,778.36096,0.012104491659179938,2.2631355790343832,50.83930352991685,777.9078369140625,900.0499877929688,0.028869487950406024,0.030291920626919024,2
2023-02-22,802.2899780273438,800.5399780273438,784.84357,780.9477,778.51135,778.36096,780.66724,0.011772190845609244,2.977753317178122,58.50919306001681,777.9078369140625,895.6300048828125,-0.007585686633612644,0.03714210735661347,3
2023-02-23,800.5399780273438,803.7999877929688,780.9477,778.51135,778.36096,780.66724,778.9659,0.0113548819358885,3.261707474983833,61.608115197879336,777.9078369140625,895.6300048828125,-0.031299737103105005,-0.02220626723462047,4
2023-02-24,803.7999877929688,798.2564697265625,778.51135,778.36096,780.66724,778.9659,783.93646,0.010987162465747477,3.57313772564439,64.0269947657136,777.9078369140625,895.6300048828125,-0.0293992354981824,-0.038648499255246056,5
2023-02-27,798.2564697265625,833.1400146484375,805.50946,802.6241,799.38995,802.44385,798.421,0.010758594599700484,3.315499287410038,46.07242798913274,777.9078369140625,895.6300048828125,0.013561207960721376,-0.025522611343045405,1
2023-02-28,833.1400146484375,826.9600219726562,802.6241,799.38995,802.44385,798.421,805.06903,0.015557176646919484,5.287089473717609,69.55012029219796,777.9078369140625,888.7000122070312,0.02183520450674725,-0.03235330880738346,2
2023-03-01,826.9600219726562,810.5700073242188,799.38995,802.44385,798.421,805.06903,802.561,0.015121240310527138,5.919933575138279,63.50779679081426,777.9078369140625,888.7000122070312,0.01705936313808211,-0.008209315009926495,3
2023-03-02,810.5700073242188,812.3800048828125,802.44385,798.421,805.06903,802.561,801.94867,0.015566444884428337,5.015430356932364,54.70969312368149,777.9078369140625,888.7000122070312,-0.020359430144531593,0.002700750436095859,4
2023-03-03,812.3800048828125,802.6599731445312,798.421,805.06903,802.561,801.94867,799.79675,0.014998482428209923,4.344814255675642,59.095180749222884,777.9078369140625,888.7000122070312,-0.001470238400068026,0.031099910829641097,5
2023-03-06,802.6599731445312,799.0399780273438,819.4054,822.14484,824.0746,823.6737,814.98987,0.014821233825145769,3.1102266283145905,54.4083223223089,777.9078369140625,888.7000122070312,0.005502254552679114,0.02282371820718736,1
2023-03-07,799.0399780273438,803.219970703125,822.14484,824.0746,823.6737,814.98987,814.6083,0.01433174052457428,1.9690729485613234,55.23947563337918,777.9078369140625,888.7000122070312,-0.028195284362454855,-0.027089646552807715,2
2023-03-08,803.219970703125,802.52001953125,824.0746,823.6737,814.98987,814.6083,811.0573,0.013873358813664416,1.4395921018132674,55.000031597440184,777.9078369140625,888.7000122070312,0.013702273664630739,-0.030350317414737333,3
2023-03-09,802.52001953125,795.9500122070312,823.6737,814.98987,814.6083,811.0573,816.42926,0.013368760324928149,1.006544460114622,54.91004206098844,777.9078369140625,888.7000122070312,0.0032114679606452434,-0.007223312152376789,4
2023-03-10,795.9500122070312,779.7490844726562,814.98987,814.6083,811.0573,816.42926,813.32434,0.013080285848490221,0.27973296752582866,55.80947841314305,777.9078369140625,888.7000122070312,-0.0022222975731185043,-0.007969658283858653,5
2023-03-13,779.7490844726562,803.3499755859375,787.3288,785.8289,793.72675,794.12744,789.5313,0.013800096727517475,-1.208363765216065,42.40184163266684,777.9078369140625,888.7000122070312,0.00591503105341583,-0.007560086945883955,1
2023-03-14,803.3499755859375,802.1500244140625,785.8289,793.72675,794.12744,789.5313,801.3278,0.015539955195226975,-0.552797648247271,50.394318292763224,777.9078369140625,885.8099975585938,-0.014604223875148894,0.006020300835024324,2
2023-03-15,802.1500244140625,820.0999755859375,793.72675,794.12744,789.5313,801.3278,811.93726,0.014972825305061423,-0.1694629235428522,50.60139717291577,777.9078369140625,878.0,-0.03915589726406634,-0.04577512730602055,3
2023-03-16,820.0999755859375,824.8300170898438,794.12744,789.5313,801.3278,811.93726,814.8827,0.015605946458796219,1.245635668985392,55.48640965263292,777.9078369140625,878.0,0.00749165073918125,-0.04168211727218339,4
2023-03-17,824.8300170898438,801.855224609375,789.5313,801.3278,811.93726,814.8827,820.8535,0.01510606071605479,2.3867392521717923,58.99363559932989,777.9078369140625,878.0,0.00718046840986544,-0.03262878198893262,5
2023-03-20,801.855224609375,825.5800170898438,827.0166,825.102,826.75714,837.1387,827.3006,0.016472446691130342,1.5227918933707083,38.48355023991387,777.9078369140625,878.0,0.015718420931151944,-0.02309862719641554,1
2023-03-21,825.5800170898438,822.25,825.102,826.75714,837.1387,827.3006,837.1644,0.017718984973820323,2.424194659284785,49.55010991564909,777.9078369140625,867.5999755859375,0.010758108421719634,0.0019947380861452912,2
2023-03-22,822.25,810.25,826.75714,837.1387,827.3006,837.1644,836.76245,0.017095122456044592,2.6527316885666363,54.162169874559616,777.9078369140625,862.3499755859375,0.012365729819804586,0.05497216038767177,3
2023-03-23,810.25,806.7999877929688,837.1387,827.3006,837.1644,836.76245,836.2086,0.016950349794320457,1.888205054212543,49.29236349538124,777.9078369140625,862.3499755859375,0.018869600463035117,0.06704412747205492,4
2023-03-24,806.7999877929688,811.989990234375,827.3006,837.1644,836.76245,836.2086,834.10077,0.016365860373055,1.0826597491782948,51.43519956531417,777.9078369140625,862.3499755859375,-0.010791223100072961,0.048038829786683154,5
2023-03-27,811.989990234375,805.72998046875,802.03284,798.295,793.7366,797.9503,787.841,0.01585183435178149,0.8425507016618814,54.44097874714973,777.9078369140625,862.3499755859375,0.0007311193639447331,0.0324486747873515,1
2023-03-28,805.72998046875,797.97998046875,798.295,793.7366,797.9503,787.841,799.6289,0.015418061741291062,0.2367996858528867,50.84865664446727,777.9078369140625,862.3499755859375,0.0018256371744921763,0.023267423364606306,2
2023-03-29,797.97998046875,791.6199951171875,793.7366,797.9503,787.841,799.6289,800.71344,0.015089002871737565,-0.6620015730674256,48.53482277784869,777.9078369140625,854.9099731445312,0.000729253137918563,0.011429206999362302,3
2023-03-30,791.6199951171875,788.8200073242188,797.9503,787.841,799.6289,800.71344,798.17413,0.014702956255508493,-1.6071480768225321,48.60070494348026,777.9078369140625,851.5,-0.005971596378464641,-0.013386404183101578,4
2023-03-31,788.8200073242188,794.3900146484375,787.841,799.6289,800.71344,798.17413,795.9491,0.014199351630230632,-2.300942997730152,53.20934579600707,777.9078369140625,840.8800048828125,0.003416706066053802,0.0007313866968537584,5
2023-04-03,794.3900146484375,810.22998046875,788.84045,801.1375,804.8641,797.82416,785.6293,0.013805049689326323,-2.261427890733789,46.3662934609124,777.9078369140625,835.1300048828125,-0.011024021312221891,-0.010963479465040846,1
2023-04-04,810.22998046875,807.22998046875,801.1375,804.8641,797.82416,785.6293,795.3498,0.014320569058170805,-1.1038007016995868,52.92901526569603,777.9078369140625,833.1400146484375,-0.01889903608714559,-0.03124999637617685,2
2023-04-05,807.22998046875,811.3699951171875,804.8641,797.82416,785.6293,795.3498,806.4749,0.013835985963673523,-0.5058540711940649,44.7674274330512,777.9078369140625,833.1400146484375,0.003633381905590772,-0.02843253246316824,3
2023-04-06,811.3699951171875,819.4000244140625,797.82416,785.6293,795.3498,806.4749,804.82874,0.013396463727905261,0.16676227584797543,44.501157223282505,777.9078369140625,833.1400146484375,0.006979120201193603,-0.015768208523734242,4
2023-04-07,819.4000244140625,818.2000122070312,785.6293,795.3498,806.4749,804.82874,803.45264,0.013170457235085706,1.098792056385164,58.164562570723525,777.9078369140625,833.1400146484375,0.0,-0.01912530089128879,5
2023-04-10,818.2000122070312,818.8699951171875,818.1275,819.449,817.2819,818.75134,817.67505,0.012695457182321518,1.553014555083075,45.654733240855876,777.9078369140625,833.1400146484375,-0.009859673722404379,-0.017982556652820742,1
2023-04-11,818.8699951171875,808.9500122070312,819.449,817.2819,818.75134,817.67505,817.217,0.012230489776602042,1.7997446976565423,47.945535812332864,777.9078369140625,833.1400146484375,0.009486993831041722,0.010292428601610957,2
2023-04-12,808.9500122070312,801.5399780273438,817.2819,818.75134,817.67505,817.217,808.4789,0.012253884510543038,1.2235597886519423,49.18933155916749,777.9078369140625,833.1400146484375,0.014798628628832805,0.021635800762927544,3
2023-04-13,801.5399780273438,793.7000122070312,818.75134,817.67505,817.217,808.4789,805.438,0.012077291773321765,0.31918255688412,46.874251931377174,777.9078369140625,833.1400146484375,0.009624302089538152,0.024341790619454812,4
2023-04-14,793.7000122070312,796.6500244140625,817.67505,817.217,808.4789,805.438,806.9314,0.011949083345331204,-0.7716550302652726,39.46308177334636,777.9078369140625,833.1400146484375,-0.004008994226112893,0.02024343093453213,5
2023-04-17,796.6500244140625,800.22998046875,793.82153,793.09393,797.3609,794.74915,794.41626,0.011550220953764045,-1.2318288987356087,44.5615966824007,777.9078369140625,833.1400146484375,-0.010154878050209506,0.01994229510879201,1
2023-04-18,800.22998046875,794.3800048828125,793.09393,797.3609,794.74915,794.41626,801.9175,0.011186907126015732,-1.2295827598106783,51.418485563492474,777.9078369140625,833.1400146484375,0.005762989613076451,0.016151089314345217,2
2023-04-19,794.3800048828125,794.1400146484375,797.3609,794.74915,794.41626,801.9175,801.5115,0.010968526065533255,-1.5366122045649684,51.75127685975379,777.9078369140625,833.1400146484375,-0.004288415260551209,-0.003060303529715846,3
2023-04-20,794.1400146484375,792.22998046875,794.74915,794.41626,801.9175,801.5115,798.937,0.010563240076580374,-1.6598761934427393,53.48899020506518,777.9078369140625,833.1400146484375,-0.012355035239129451,-0.024733325586464024,4
2023-04-21,792.22998046875,802.2000122070312,794.41626,801.9175,801.5115,798.937,801.0074,0.010195181562310895,-1.7642929621838315,48.511962326031195,777.9078369140625,833.1400146484375,-0.010497426478094585,-0.03104079241685562,5
2023-04-24,802.2000122070312,813.7999877929688,798.54175,795.50696,789.7284,788.63043,797.3633,0.010390479893578063,-1.0892437254914404,43.9814378527636,777.9078369140625,833.1400146484375,-0.006807022403893281,-0.027791420683896603,1
2023-04-25,813.7999877929688,812.0499877929688,795.50696,789.7284,788.63043,797.3633,795.5846,0.010739696867282713,0.14547432148055095,54.361975525963246,777.9078369140625,833.1400146484375,-0.027441165924599584,-0.059542730708092136,2
2023-04-26,812.0499877929688,804.5999755859375,789.7284,788.63043,797.3633,795.5846,798.40857,0.01036437116486358,0.8139601565294943,50.46625948652447,777.9078369140625,833.1400146484375,0.0010394877687441904,-0.05451869366760972,3
2023-04-27,804.5999755859375,802.8599853515625,788.63043,797.3633,795.5846,798.40857,798.66766,0.010310528125075744,0.7268828361633874,39.77048947957253,777.9078369140625,833.1400146484375,0.003759195881210624,-0.0391595715104606,4
2023-04-28,802.8599853515625,806.5,797.3633,795.5846,798.40857,798.66766,793.2258,0.009951659274494403,0.5335414543213604,39.47582418042569,777.9078369140625,833.1400146484375,0.0014221580602516819,-0.027638224368655026,5
2023-05-01,806.5,806.1199951171875,816.656,807.5203,815.4484,809.4833,822.307,0.009659101678965698,0.62585438619097,41.84574878130819,779.7490844726562,833.1400146484375,0.01207159133459514,-0.00910701055555569,1
2023-05-02,806.1199951171875,808.719970703125,807.5203,815.4484,809.4833,822.307,822.29645,0.009303344921075575,0.634396007693764,47.86607058208451,779.7490844726562,833.1400146484375,-0.017772523114037694,0.0005200451073577131,2
2023-05-03,808.719970703125,803.9500122070312,815.4484,809.4833,822.307,822.29645,809.19867,0.008997562904349232,0.778713103776111,55.83739821261097,779.7490844726562,833.1400146484375,-0.004297160324024852,-0.004805156281834185,3
2023-05-04,803.9500122070312,798.1300048828125,809.4833,822.307,822.29645,809.19867,813.5749,0.008826328457672174,0.5284594759811612,58.77118945050537,779.7490844726562,833.1400146484375,0.004816738162005003,-0.0037521389499391854,4
2023-05-05,798.1300048828125,793.3099975585938,822.307,822.29645,809.19867,813.5749,816.04663,0.008746144122625922,-0.024200857888755478,51.207163325494015,779.7490844726562,833.1400146484375,0.005568909257022228,0.00038763042482372424,5
2023-05-08,793.3099975585938,795.989990234375,799.05115,795.2099,802.3544,807.84393,805.7229,0.008597484782105728,-0.6735596661377466,44.46755249327823,779.7490844726562,833.1400146484375,0.011939282355043677,0.00025527891412603583,1
2023-05-09,795.989990234375,790.1900024414062,795.2099,802.3544,807.84393,805.7229,808.2167,0.008326090679259174,-0.8693190856649364,51.35589142999307,779.7490844726562,833.1400146484375,-0.007429275661692721,0.010654856768553432,2
2023-05-10,790.1900024414062,788.1199951171875,802.3544,807.84393,805.7229,808.2167,806.71765,0.008283946861964271,-1.3097003524667876,46.95825300123236,779.7490844726562,833.1400146484375,-0.015809547951148546,-0.0009134763649813484,3
2023-05-11,788.1199951171875,794.5,807.84393,805.7229,808.2167,806.71765,804.1614,0.00801423963914002,-1.6392966286967265,46.84284259504104,779.7490844726562,833.1400146484375,-0.03468557850457871,-0.03961036829788316,4
2023-05-12,794.5,785.25,805.7229,808.2167,806.71765,804.1614,802.8046,0.008027152571249462,-1.3391807107701763,43.73982126109675,779.7490844726562,833.1400146484375,0.005125463963486874,-0.040036154146678875,5
2023-05-15,785.25,784.0900268554688,800.7238,794.346,783.5088,791.387,795.55884,0.00840985429825244,-1.654524094786129,25.866436628133144,779.7490844726562,833.1400146484375,0.005634548971556217,-0.04606943116600621,1
2023-05-16,784.0900268554688,798.6300048828125,794.346,783.5088,791.387,795.55884,796.3801,0.008114604334250392,-1.8190370153354047,26.127056655611668,779.7490844726562,833.1400146484375,-0.02245763893263928,-0.06029826048232537,2
2023-05-17,798.6300048828125,792.7100219726562,783.5088,791.387,795.55884,796.3801,795.94305,0.009299418357232508,-0.874308125163572,45.45317625008367,779.7490844726562,833.1400146484375,0.02392815004955149,-0.022204816254516438,3
2023-05-18,792.7100219726562,795.6400146484375,791.387,795.55884,796.3801,795.94305,791.8009,0.009201810778947864,-0.5875663908902471,42.732365288486164,779.7490844726562,833.1400146484375,-0.01656717064687948,-0.004327256921215604,4
2023-05-19,795.6400146484375,798.1900024414062,795.55884,796.3801,795.94305,791.8009,794.18176,0.00892053306439043,-0.162145784738426,42.144093389612,779.7490844726562,833.1400146484375,0.011075242204644457,0.0016144334429831172,5
2023-05-22,798.1900024414062,797.3800048828125,794.7144,796.1287,796.71704,797.11066,795.0911,0.008637725075929354,0.3040133396837419,44.43820402683874,779.7490844726562,833.1400146484375,-0.013114515091443305,-0.016989947379504006,1
2023-05-23,797.3800048828125,800.5,796.1287,796.71704,797.11066,795.0911,795.0629,0.008331723401656993,0.5561504230329151,41.84173687917477,779.7490844726562,826.9600219726562,-0.00888530991358293,-0.0035572612989332613,2
2023-05-24,800.5,806.8300170898438,796.71704,797.11066,795.0911,795.0629,793.47095,0.008096450363525225,0.9104605668646264,47.45761492120293,779.7490844726562,825.5800170898438,-0.024462668056277986,-0.05062786318863031,3
2023-05-25,806.8300170898438,808.0999755859375,797.11066,795.0911,795.0629,793.47095,794.15753,0.008088652915020774,1.513018261675414,56.363386365645276,779.7490844726562,825.5800170898438,0.0075694084632956645,-0.027434489127555722,4
2023-05-26,808.0999755859375,798.0499877929688,795.0911,795.0629,793.47095,794.15753,795.9657,0.007806625833926073,1.913216049140227,61.41028116156313,779.7490844726562,825.5800170898438,0.02564247865789359,-0.01316320313384186,5
2023-05-29,798.0499877929688,800.6500244140625,810.8126,811.18756,811.87256,809.17706,806.6458,0.008300136456131084,1.4388264046396861,51.426988952261766,779.7490844726562,825.5800170898438,0.0,-0.000136081588732107,1
2023-05-30,800.6500244140625,804.3499755859375,811.18756,811.87256,809.17706,806.6458,807.47986,0.008046538917772345,1.2451462193351988,57.58193258164501,779.7490844726562,825.5800170898438,-0.0042283548101820076,0.0045310987786865466,2
2023-05-31,804.3499755859375,809.6300048828125,811.87256,809.17706,806.6458,807.47986,810.42737,0.007853560787255336,1.3049183570926302,61.492714837942316,779.7490844726562,825.5800170898438,-0.007408443894296499,0.021809513515384894,3
2023-06-01,809.6300048828125,801.0,809.17706,806.6458,807.47986,810.42737,807.5012,0.007773119415969039,1.6182788682209877,60.88334723624709,779.7490844726562,825.5800170898438,0.02057994553461066,0.035190663287100125,4
2023-06-02,801.0,798.4400024414062,806.6458,807.47986,810.42737,807.5012,809.4169,0.008072937495021647,1.182762513301649,61.431285062709755,779.7490844726562,825.5800170898438,0.0043074591099826285,0.013338784260622932,5
2023-06-05,798.4400024414062,797.0999755859375,798.8103,798.47125,794.96063,795.8269,789.925,0.00783884611605666,0.6853730656526597,60.20770559988886,784.0900268554688,825.5800170898438,0.010688134115109844,0.024227571844242925,1
2023-06-06,797.0999755859375,795.739990234375,798.47125,794.96063,795.8269,789.925,790.0853,0.007575866622500581,0.2515703152507436,48.659984048956446,784.0900268554688,825.5800170898438,0.0011952753285475503,0.029797694861238944,2
2023-06-07,795.739990234375,791.1300048828125,794.96063,795.8269,789.925,790.0853,793.9991,0.007324064762138777,-0.12148395242459335,52.88403778070322,784.0900268554688,825.5800170898438,-0.0033238208879205174,0.03401263257313856,3
2023-06-08,791.1300048828125,788.3800048828125,795.8269,789.925,790.0853,793.9991,792.6688,0.007253846710562537,-0.6440366477723923,45.840238871575,784.0900268554688,825.5800170898438,0.011124483941375437,0.02428164383448844,4
2023-06-09,788.3800048828125,787.7999877929688,789.925,790.0853,793.9991,792.6688,794.28033,0.007068292601136712,-1.1127311758844345,40.98511082468734,784.0900268554688,825.5800170898438,-0.00197744003290699,0.017864324235938003,5
2023-06-12,787.7999877929688,788.2000122070312,785.13306,784.4431,783.59595,783.9831,781.4359,0.006822153093847606,-1.3820793272519383,41.159082332133586,784.0900268554688,825.5800170898438,-0.010212986332559824,-0.0031893910355502535,1
2023-06-13,788.2000122070312,803.2100219726562,784.4431,783.59595,783.9831,781.4359,783.13776,0.006581436146263113,-1.446667358909481,38.048987037447766,784.0900268554688,822.25,0.020583935275454008,0.01632600826471336,2
2023-06-14,803.2100219726562,800.5800170898438,783.59595,783.9831,781.4359,783.13776,781.0211,0.00818129767719968,-0.4438575219606502,46.990360628984696,784.0900268554688,819.4000244140625,0.009747274464701498,0.029697703396231304,3
2023-06-15,800.5800170898438,793.0399780273438,783.9831,781.4359,783.13776,781.0211,780.1978,0.007947155794777415,0.05067478788318036,43.886218672372536,784.0900268554688,819.4000244140625,0.007858378187557228,0.026340087950802935,4
2023-06-16,793.0399780273438,779.3716430664062,781.4359,783.13776,781.0211,780.1978,778.75073,0.008106525370064932,-0.11275801885284498,45.753517352409844,784.0900268554688,819.4000244140625,-0.003084460410103486,0.0252045372143775,5
2023-06-19,779.3716430664062,794.0800170898438,790.65594,793.0294,793.7714,793.4878,790.44696,0.009176534900903581,-1.0708597250577903,34.81382809580106,779.3716430664062,819.4000244140625,0.0,0.035728586651725215,1
2023-06-20,794.0800170898438,801.9299926757812,793.0294,793.7714,793.4878,790.44696,792.71643,0.010202992307978527,-0.663443247384967,43.66574587091242,779.3716430664062,819.4000244140625,-0.0015458052679607943,0.01305993258268679,2
2023-06-21,801.9299926757812,802.0399780273438,793.7714,793.4878,790.44696,792.71643,793.2819,0.010180161684369131,0.14232128402519062,45.39675473708408,779.3716430664062,819.4000244140625,0.008344622172603903,0.01163995784443688,3
2023-06-22,802.0399780273438,804.1900024414062,793.4878,790.44696,792.71643,793.2819,796.8961,0.009805627793632315,0.6612506763102521,50.69224100176077,779.3716430664062,819.4000244140625,-0.005769626410965113,-0.0020531592954239016,4
2023-06-23,804.1900024414062,805.75,790.44696,792.71643,793.2819,796.8961,794.4691,0.009472619050926553,1.1018776270948303,53.84837858947251,779.3716430664062,819.4000244140625,-0.021444705405699288,-0.02020852925352061,5
2023-06-26,805.75,805.1799926757812,803.28534,803.4056,804.2858,803.2691,804.0587,0.00914193354431038,1.430162194150939,55.77231997393288,779.3716430664062,819.4000244140625,-0.005136663843470601,-0.025228484725805553,1
2023-06-27,805.1799926757812,797.1900024414062,803.4056,804.2858,803.2691,804.0587,803.40405,0.008815817919204626,1.531631947576239,56.3666121382415,779.3716430664062,819.4000244140625,-0.0013213204804728195,-0.025009638786476784,2
2023-06-28,797.1900024414062,799.97998046875,804.2858,803.2691,804.0587,803.40405,803.4927,0.008941273364005383,1.0086024838866439,53.908829284232326,779.3716430664062,819.4000244140625,-0.016262717242044696,-0.04870877533380267,3
2023-06-29,799.97998046875,802.8499755859375,803.2691,804.0587,803.40405,803.4927,802.866,0.00866795329291809,0.8072206596328182,57.47837788917832,779.3716430664062,819.4000244140625,-0.011624889717818434,-0.05426256063088443,4
2023-06-30,802.8499755859375,801.22998046875,804.0587,803.40405,803.4927,802.866,800.53217,0.008409889670185135,0.8212647969942164,59.424296882226,779.3716430664062,818.8699951171875,0.017119762454237415,-0.017078312485071433,5
2023-07-03,801.22998046875,798.7999877929688,799.2578,796.5226,798.5152,798.4909,795.09875,0.008132551432761344,0.6811850207952281,58.03657138210672,779.3716430664062,818.8699951171875,0.010106497435022531,-0.0019807033640914067,1
2023-07-04,798.7999877929688,798.8300170898438,796.5226,798.5152,798.4909,795.09875,797.4744,0.007893044359066952,0.3986018644527136,46.780371557973275,779.3716430664062,813.7999877929688,0.0,-0.0006611284288313783,2
2023-07-05,798.8300170898438,796.8900146484375,798.5152,798.4909,795.09875,797.4744,791.5338,0.0076139827394995415,0.197598187144705,48.6719630046837,779.3716430664062,813.7999877929688,-0.006770702010279596,0.008869773535351826,3
2023-07-06,796.8900146484375,803.7999877929688,798.4909,795.09875,797.4744,791.5338,792.9674,0.007380117828916483,-0.06790929767662512,53.19310707202423,779.3716430664062,813.7999877929688,-0.008965057989726697,0.011556769262616557,4
2023-07-07,803.7999877929688,807.3200073242188,795.09875,797.4744,791.5338,792.9674,799.7142,0.0074896999798764715,0.20501136744756798,72.81814989144911,779.3716430664062,813.7999877929688,0.012555242100977429,0.006950019600544154,5
2023-07-10,807.3200073242188,812.3900146484375,800.7728,807.5264,804.1495,805.5495,800.3991,0.0073173478157418205,0.5842952311993824,65.63533410792593,779.3716430664062,813.7999877929688,0.0011939115667481735,-0.001984634335997325,1
2023-07-11,812.3900146484375,815.4600219726562,807.5264,804.1495,805.5495,800.3991,795.47906,0.007255334079165169,1.1079476732492637,63.22045325857708,779.3716430664062,813.7999877929688,-0.004784095677998842,-0.0067478324508565305,2
2023-07-12,815.4600219726562,811.0599975585938,804.1495,805.5495,800.3991,795.47906,798.86066,0.007070270439595604,1.5644762524877875,65.78085345827449,779.3716430664062,815.4600219726562,0.023304332366448292,0.023578000066059764,3
2023-07-13,811.0599975585938,809.4600219726562,805.5495,800.3991,795.47906,798.86066,799.27423,0.006993878129759529,1.4747151803989207,57.67253978121694,779.3716430664062,815.4600219726562,0.0225191512031186,0.056317223864340855,4
2023-07-14,809.4600219726562,814.0,800.3991,795.47906,798.86066,799.27423,794.2937,0.006775729797841175,1.222587162555115,54.13972570273521,779.3716430664062,815.4600219726562,-0.0019105072686509909,0.041146794010585866,5
2023-07-17,814.0,817.97998046875,811.5947,813.75916,815.1806,811.2791,805.54987,0.006707904219746078,1.2709586281008454,59.040603795493304,779.3716430664062,815.4600219726562,-0.02321484567832466,0.01604133760183599,1
2023-07-18,817.97998046875,815.3499755859375,813.75916,815.1806,811.2791,805.54987,809.17,0.006603019161020005,1.4665071283037738,73.21867020399148,779.3716430664062,817.97998046875,-0.004184115000889452,0.016651125683782075,2
2023-07-19,815.3499755859375,806.2000122070312,815.1806,811.2791,805.54987,809.17,809.50397,0.006442833717908587,1.3188760776326598,67.22707931426069,779.3716430664062,817.97998046875,-0.004333273471702537,-0.011061951845156256,3
2023-07-20,806.2000122070312,816.5,811.2791,805.54987,809.17,809.50397,808.3824,0.006975159672351049,0.5447912918203377,53.29145183207581,779.3716430664062,817.97998046875,0.004726311972921368,-0.028502350329623765,4
2023-07-21,816.5,819.1400146484375,805.54987,809.17,809.50397,808.3824,804.6652,0.007557003269145341,0.6586450004365862,62.816882070996336,779.3716430664062,817.97998046875,-0.0038055661640326076,-0.030341652249292708,5
2023-07-24,819.1400146484375,828.0599975585938,810.8692,809.5278,808.53796,808.69543,808.9952,0.007339189197382487,0.8327301794172346,67.01241021609397,779.3716430664062,819.1400146484375,0.009812374827090159,0.0022181887119131455,1
2023-07-25,828.0599975585938,828.27001953125,809.5278,808.53796,808.69543,808.9952,807.94836,0.007659388864440373,1.4343163871896603,71.28295742199721,779.3716430664062,828.0599975585938,0.015886632740097148,0.022536678724215796,2
2023-07-26,828.27001953125,824.239990234375,808.53796,808.69543,808.9952,807.94836,808.7387,0.007389766389012918,1.7131973584987055,73.4389246715733,779.3716430664062,828.27001953125,-0.002951527767644946,0.023950540961372488,3
2023-07-27,824.239990234375,827.3900146484375,808.69543,808.9952,807.94836,808.7387,808.4972,0.00726465961811233,1.5006986482742501,65.95379583234482,779.3716430664062,828.27001953125,-0.006964162724217499,0.012049771430441484,4
2023-07-28,827.3900146484375,827.7899780273438,808.9952,807.94836,808.7387,808.4972,808.1126,0.007081494193830079,1.4461460649361566,65.75601079830608,779.3716430664062,828.27001953125,0.013752529805071608,0.029976356249394237,5
2023-07-31,827.7899780273438,840.22998046875,822.86053,824.97,822.8495,820.58435,820.7201,0.006836124773054073,1.3146522605410134,63.04640309085061,779.3716430664062,828.27001953125,0.019592326557728506,0.04009889357765986,1
2023-08-01,840.22998046875,841.1300048828125,824.97,822.8495,820.58435,820.7201,818.7333,0.0077343692894872055,1.9071971187096803,68.10935465474819,779.3716430664062,840.22998046875,-0.02560987630344337,-0.002178334410962627,2
2023-08-02,841.1300048828125,844.3900146484375,822.8495,820.58435,820.7201,818.7333,815.325,0.0074659583976922515,2.181691876782171,73.1700021727741,779.3716430664062,841.1300048828125,-0.01709664310155804,-0.01619328175002482,3
2023-08-03,844.3900146484375,850.8499755859375,820.58435,820.7201,818.7333,815.325,814.95374,0.00727474586202692,2.3880857596520872,76.2434253064369,779.3716430664062,844.3900146484375,0.012591799371307437,0.003235358841086416,4
2023-08-04,850.8499755859375,848.5499877929688,820.7201,818.7333,815.325,814.95374,814.8539,0.007309423703199592,2.739746302501773,76.90958912901627,779.3716430664062,850.8499755859375,-0.008030064930524057,-0.01838142090532226,5
2023-08-07,848.5499877929688,858.5999755859375,852.33734,855.60486,853.356,851.22797,851.1161,0.007099317259950356,2.5987386476382213,72.8851754612821,779.3716430664062,850.8499755859375,-0.008357339027301281,-0.045437466914907694,1
2023-08-08,858.5999755859375,859.9600219726562,855.60486,853.356,851.22797,851.1161,849.76196,0.007549262613539902,2.938551504339994,79.14029292942585,779.3716430664062,858.5999755859375,-0.01719393193101052,-0.037370021768439385,2
2023-08-09,859.9600219726562,861.3699951171875,853.356,851.22797,851.1161,849.76196,851.8085,0.007294659348353431,3.0006504786418056,90.4697186062454,779.3716430664062,859.9600219726562,0.005189291827776515,-0.015676075650851443,3
2023-08-10,861.3699951171875,845.9500122070312,851.22797,851.1161,849.76196,851.8085,849.45874,0.007051834707421899,2.8817755604561412,88.99702091723498,779.3716430664062,861.3699951171875,-0.004389179490860506,-0.032249742605117926,4
2023-08-11,845.9500122070312,859.5,851.1161,849.76196,851.8085,849.45874,849.5645,0.008440794218094896,1.575084705159389,69.06556570155709,779.3716430664062,861.3699951171875,-0.009778385518049592,-0.03394020214050885,5
2023-08-14,859.5,859.5499877929688,840.5129,839.5676,835.3876,842.14136,845.0562,0.009207578975670322,1.4375986406288614,70.97678237066273,779.3716430664062,861.3699951171875,0.0026885324997722154,-0.023210077033650276,1
2023-08-15,859.5499877929688,862.5499877929688,839.5676,835.3876,842.14136,845.0562,848.04456,0.008873129248421655,1.1753396947404546,70.91467072588445,779.3716430664062,861.3699951171875,-0.017059705490878745,-0.02307895719985653,2
2023-08-16,862.5499877929688,869.8300170898438,835.3876,842.14136,845.0562,848.04456,845.9276,0.008601080521805362,1.034207621750518,75.9729011957935,779.3716430664062,862.5499877929688,-0.0027348548463458165,-0.0307896322247001,3
2023-08-17,869.8300170898438,864.489990234375,842.14136,845.0562,848.04456,845.9276,844.98413,0.008592392323935627,1.2471782049805427,77.24706795142576,779.3716430664062,869.8300170898438,0.009268137866743572,-0.01746201606144195,4
2023-08-18,864.489990234375,870.510009765625,845.0562,848.04456,845.9276,844.98413,841.27313,0.008465413715394684,0.8627041308332295,72.1564893512749,779.3716430664062,869.8300170898438,0.003656304592353999,-0.00417285472378181,5
2023-08-21,870.510009765625,869.030029296875,861.20404,857.17694,854.30145,852.43536,852.58234,0.008369569418688513,0.8469234301874327,69.81676676748648,779.3716430664062,870.510009765625,0.0035083052685989068,-0.003356168044612107,1
2023-08-22,869.030029296875,869.0499877929688,857.17694,854.30145,852.43536,852.58234,858.3351,0.00808889287783442,0.5824970552344109,68.12161047857664,779.3716430664062,870.510009765625,0.010318368615644781,0.02430697451997884,2
2023-08-23,869.0499877929688,868.5999755859375,854.30145,852.43536,852.58234,858.3351,856.69653,0.0078036213518022195,0.2704810282010932,66.72090915486837,779.3716430664062,870.510009765625,0.014032524141701211,0.04162671531280616,3
2023-08-24,868.5999755859375,849.7100219726562,852.43536,852.58234,858.3351,856.69653,857.7663,0.00753249594507632,-0.08561578838432382,63.10350296659962,779.3716430664062,870.510009765625,-0.009510047638679794,0.02224936080465751,4
2023-08-25,849.7100219726562,844.97998046875,852.58234,858.3351,856.69653,857.7663,852.28735,0.009456865964393104,-1.6272732521081892,50.68787649348751,779.3716430664062,870.510009765625,-0.001992676402528614,0.016490973416875446,5
2023-08-28,844.97998046875,849.4500122070312,857.28986,857.7445,866.1884,860.2355,859.3298,0.009250245504178885,-2.923839534026552,41.379749925830694,779.3716430664062,870.510009765625,-0.0015970304193956549,0.011314670399150616,1
2023-08-29,849.4500122070312,855.9500122070312,857.7445,866.1884,860.2355,859.3298,860.89624,0.009025601306304275,-3.4050280614242947,43.60004162671245,779.3716430664062,870.510009765625,0.010335333734980575,0.011331827618756833,2
2023-08-30,855.9500122070312,851.8099975585938,866.1884,860.2355,859.3298,860.89624,859.8866,0.008936315323102387,-3.2126203312429134,46.8922120691405,779.3716430664062,870.510009765625,-0.002111348615072487,-0.004863902072552222,3
2023-08-31,851.8099975585938,851.75,860.2355,859.3298,860.89624,859.8866,857.7152,0.008725975682101931,-3.279800513961648,53.85931372470202,779.3716430664062,870.510009765625,-0.0033079877942261316,0.0013271704159714907,4
2023-09-01,851.75,853.3499755859375,859.3298,860.89624,859.8866,857.7152,854.74005,0.008416508891487741,-3.238311187427577,43.793053554075165,779.3716430664062,870.510009765625,0.010547220161808302,0.013962768529229388,5
2023-09-04,853.3499755859375,857.3099975585938,850.5124,852.2416,850.0821,848.7695,851.38904,0.008132735445196848,-3.017568482503867,45.15472945836342,779.3716430664062,870.510009765625,0.0,0.0155833916624755,1
2023-09-05,857.3099975585938,873.6199951171875,852.2416,850.0821,848.7695,851.38904,852.5863,0.007940108234309377,-2.5385546342078715,45.96551808402053,779.3716430664062,870.510009765625,-0.0003934915141578225,0.0047456171807207185,2
2023-09-06,873.6199951171875,872.1300048828125,850.0821,848.7695,851.38904,852.5863,850.0458,0.009191110698861858,-1.128839664642296,52.561833446789194,779.3716430664062,873.6199951171875,-0.0165358614550924,-0.009643322664233506,3
2023-09-07,872.1300048828125,882.780029296875,848.7695,851.38904,852.5863,850.0458,849.51764,0.008877810096468344,-0.34305963408394025,55.44781458959687,779.3716430664062,873.6199951171875,-0.006020497844491621,-0.0123260350178588,4
2023-09-08,882.780029296875,895.6400146484375,851.38904,852.5863,850.0458,849.51764,846.5464,0.00915890253068041,0.7859874525668618,58.20737092391305,779.3716430664062,882.780029296875,-0.01228667031147108,-0.034622942815061473,5
2023-09-11,895.6400146484375,886.239990234375,880.2372,878.8385,872.54144,871.17285,867.1198,0.009649494173194518,2.2102442856105347,65.44756986126248,794.0800170898438,895.6400146484375,0.0240263755923222,-0.011147545986488218,1
2023-09-12,886.239990234375,892.1099853515625,878.8385,872.54144,871.17285,867.1198,867.3862,0.009752671897512668,2.3192515582551945,58.99905229745974,796.8900146484375,895.6400146484375,-0.004785940347257476,-0.015481504480623815,2
2023-09-13,892.1099853515625,881.3099975585938,872.54144,871.17285,867.1198,867.3862,868.57544,0.009562116528362226,2.567382475198933,61.64668446177458,796.8900146484375,895.6400146484375,0.0010655164645383217,0.0020007824530545656,3
2023-09-14,881.3099975585938,888.739990234375,871.17285,867.1198,867.3862,868.57544,873.20685,0.0098159577298231,1.8200150152375905,67.01849723751096,796.8900146484375,895.6400146484375,0.007030601726295184,0.01516370289001577,4
2023-09-15,888.739990234375,884.1400146484375,867.1198,867.3862,868.57544,873.20685,869.8534,0.009722806484640741,1.647113278444353,72.90139830118672,796.8900146484375,895.6400146484375,-0.005035805340189019,0.022551268577280258,5
2023-09-18,884.1400146484375,886.1199951171875,888.3599,885.2499,886.9268,887.97235,881.7055,0.009487054612539604,1.0718607478298061,68.13003482711169,796.8900146484375,895.6400146484375,-0.005862794874404328,-0.0075597029848361984,1
2023-09-19,886.1199951171875,883.8499755859375,885.2499,886.9268,887.97235,881.7055,883.2301,0.009164422544209502,0.6920526586664337,66.5496407194049,796.8900146484375,895.6400146484375,-0.007377114694002764,-0.010127959985331293,2
2023-09-20,883.8499755859375,882.0999755859375,886.9268,887.97235,881.7055,883.2301,887.2309,0.008869920846302969,0.1818531274315589,67.94354246039858,796.8900146484375,895.6400146484375,0.008712615559420978,-0.0025292935561095522,3
2023-09-21,882.0999755859375,889.219970703125,887.97235,881.7055,883.2301,887.2309,890.25226,0.008576024035148839,-0.3505557795379506,66.68131546671748,796.8900146484375,895.6400146484375,-0.0215845213732607,-0.030667531045628558,4
2023-09-22,889.219970703125,894.3400268554688,881.7055,883.2301,887.2309,890.25226,890.08936,0.008544065378751247,-0.302113984299055,68.58741773631596,796.8900146484375,895.6400146484375,-0.00027282213398609857,-0.026039604154837446,5
2023-09-25,894.3400268554688,902.9000244140624,884.6964,885.8421,887.57056,890.6841,891.2448,0.008379618570754262,-0.019088474449233672,68.96058373721326,796.8900146484375,895.6400146484375,-0.004374588745683959,-0.024589071246342516,1
2023-09-26,902.9000244140624,903.5999755859376,885.8421,887.57056,890.6841,891.2448,888.29663,0.008473324622957515,0.6157054288839845,66.28477271708886,796.8900146484375,902.9000244140624,-0.006735854335471202,-0.023963378289850734,2
2023-09-27,903.5999755859376,908.6300048828124,887.57056,890.6841,891.2448,888.29663,886.19965,0.008176345023038236,0.9346908858909941,67.65793731138419,796.8900146484375,903.5999755859376,0.0005515977620020256,-0.03189641567116119,3
2023-09-28,908.6300048828124,904.9000244140624,890.6841,891.2448,888.29663,886.19965,880.72156,0.008022670938433873,1.3132171027000528,65.48088310549012,803.7999877929688,908.6300048828124,0.018439332917652356,0.0076366772754749256,4
2023-09-29,904.9000244140624,890.6500244140625,891.2448,888.29663,886.19965,880.72156,886.6134,0.007830139566476014,1.14718289881122,56.22647363487567,806.2000122070312,908.6300048828124,0.008490072133495771,0.01650529155265818,5
2023-10-02,890.6500244140625,908.0800170898438,902.5623,907.59766,907.0463,902.1666,898.6278,0.008728501579911205,-0.02544517123444834,52.783762375016956,806.2000122070312,908.6300048828124,-0.025551838783158306,-0.004795156656592168,1
2023-10-03,908.0800170898438,917.0999755859376,907.59766,907.0463,902.1666,898.6278,901.4713,0.009904302347889573,0.2542854425056955,58.79698085295949,806.2000122070312,908.6300048828124,-0.004553301089427976,-0.002620697021484375,2
2023-10-04,917.0999755859376,914.8300170898438,907.0463,902.1666,898.6278,901.4713,904.6268,0.00990542556252761,0.8923740994397491,70.10900466457394,806.2000122070312,917.0999755859376,-0.0087506252678274,-0.011855522946193589,3
2023-10-05,914.8300170898438,913.9000244140624,902.1666,898.6278,901.4713,904.6268,907.41675,0.009576915080816564,0.999094945292665,65.56129042592153,806.2000122070312,917.0999755859376,-0.010377369546376294,-0.039924222321116046,4
2023-10-06,913.9000244140624,923.0,898.6278,901.4713,904.6268,907.41675,909.5498,0.009240580157624394,0.8504066071491341,68.56290069593547,806.2000122070312,917.0999755859376,0.021614201324313763,-0.02724101782335615,5
2023-10-09,923.0,920.5499877929688,913.1885,913.60156,912.684,910.12036,905.7439,0.009294065613454876,1.1875781229069684,71.12743130390751,806.2000122070312,923.0,0.004953880384421103,0.0028909565836614123,1
2023-10-10,920.5499877929688,928.7000122070312,913.60156,912.684,910.12036,905.7439,909.3826,0.008997119999391488,1.0718021255808576,70.98105088618314,806.2000122070312,923.0,-0.002886785805103314,0.0045636831163507734,2
2023-10-11,928.7000122070312,925.0399780273438,912.684,910.12036,905.7439,909.3826,907.3167,0.008988134983714669,1.3522232908882383,74.82424578992985,806.2000122070312,928.7000122070312,-0.0049682374726279415,0.008370527473150303,3
2023-10-12,925.0399780273438,936.1799926757812,910.12036,905.7439,909.3826,907.3167,906.83325,0.008742944077192796,1.109500681850946,69.81195897949712,816.5,928.7000122070312,-0.00554939837534599,0.013250682453870887,4
2023-10-13,936.1799926757812,938.9500122070312,905.7439,909.3826,907.3167,906.83325,903.1879,0.009019112662332138,1.493581374394772,71.69674326979556,819.1400146484375,936.1799926757812,-0.003903037387205174,-0.012277586450168083,5
2023-10-16,938.9500122070312,946.5800170898438,925.4524,924.0202,924.7968,927.1214,927.5354,0.008731905217449064,1.7128383799885043,69.88856346064094,824.239990234375,938.9500122070312,0.0019533896712972216,-0.015236796617722292,1
2023-10-17,946.5800170898438,936.72998046875,924.0202,924.7968,927.1214,927.5354,926.35333,0.008691820494589666,2.1235422834143662,72.02749209689792,824.239990234375,946.5800170898438,-0.00321113906573755,-0.015556155978267148,2
2023-10-18,936.72998046875,939.7100219726562,924.7968,927.1214,927.5354,926.35333,924.1133,0.008870903483607065,1.5123362215575753,63.72337089556778,824.239990234375,946.5800170898438,0.0018162787238428498,-0.00885447264074299,3
2023-10-19,939.7100219726562,941.2100219726562,927.1214,927.5354,926.35333,924.1133,931.15076,0.00859570282564797,1.10799591525274,67.1258363576635,827.3900146484375,946.5800170898438,0.002648646316544683,-0.0006956196856256845,4
2023-10-20,941.2100219726562,944.1300048828124,927.5354,926.35333,924.1133,931.15076,930.549,0.008302081225661596,0.757533105921592,78.44282181634378,827.7899780273438,946.5800170898438,-0.013878399770406624,-0.010614488604124455,5
2023-10-23,944.1300048828124,932.47998046875,941.0429,938.66656,944.58966,944.5791,934.7543,0.008049732900600091,0.5481049282958761,74.23689698386248,840.22998046875,946.5800170898438,0.008714011252535694,-0.003902966094710328,1
2023-10-24,932.47998046875,925.989990234375,938.66656,944.58966,944.5791,934.7543,938.7006,0.00849023163050337,-0.4930199745764945,59.98700032499178,841.1300048828125,946.5800170898438,0.010302177055933804,0.009648967568538589,2
2023-10-25,925.989990234375,923.97998046875,944.58966,944.5791,934.7543,938.7006,938.9968,0.008420740428140176,-1.6704337655878128,56.87019946479739,844.3900146484375,946.5800170898438,-0.010582072795597842,-0.00279173378429189,3
2023-10-26,923.97998046875,929.3400268554688,944.5791,934.7543,938.7006,938.9968,935.846,0.008151012266816575,-2.58183967091105,56.12389740182119,844.97998046875,946.5800170898438,-0.0009803193019683053,-0.0064040099196466665,4
2023-10-27,929.3400268554688,918.446044921875,934.7543,938.7006,938.9968,935.846,946.18823,0.008011245752821522,-2.802515282620197,54.03513706064108,844.97998046875,946.5800170898438,0.01818863610653167,0.025974027722385735,5
2023-10-30,918.446044921875,906.9400024414062,933.4857,937.67584,938.8413,943.955,944.4581,0.008388170822004666,-3.6095929635553894,48.790895959738386,844.97998046875,946.5800170898438,0.004256155347682994,0.02141056253706744,1
2023-10-31,906.9400024414062,895.530029296875,937.67584,938.8413,943.955,944.4581,943.39703,0.00880697391248952,-4.772741037025359,37.95929919173876,844.97998046875,946.5800170898438,-0.002194459013838501,0.008725790029044262,2
2023-11-01,895.530029296875,895.1799926757812,938.8413,943.955,944.4581,943.39703,937.2084,0.009183539389751107,-6.081084027450245,34.96081028370004,844.97998046875,946.5800170898438,0.0009606765995697496,0.020436717155070994,3
2023-11-02,895.1799926757812,886.6599731445312,943.955,944.4581,943.39703,937.2084,933.546,0.008859149397297168,-6.692167545964242,26.52318450163345,844.97998046875,946.5800170898438,0.006017543945370837,0.02760263757690561,4
2023-11-03,886.6599731445312,869.6134033203125,944.4581,943.39703,937.2084,933.546,936.38196,0.008946090874652536,-7.3403247470699995,21.90827760151403,844.97998046875,946.5800170898438,0.0020431616991153164,0.011144723421003443,5
2023-11-06,869.6134033203125,881.2999877929688,893.3643,892.5213,890.8288,893.0016,882.94666,0.010138052876430003,-8.50515597790419,12.450458358817485,844.97998046875,946.5800170898438,0.00948005082811503,0.016440658433805024,1
2023-11-07,881.2999877929688,885.8200073242188,892.5213,890.8288,893.0016,882.94666,881.9754,0.01040928125103725,-8.079698350791269,23.433551774392313,844.97998046875,946.5800170898438,-0.01070543384542201,0.007826467153232814,2
2023-11-08,885.8200073242188,898.3699951171875,890.8288,893.0016,882.94666,881.9754,889.6039,0.010122315336247927,-7.1187198336424045,24.547352957455388,844.97998046875,946.5800170898438,-0.011510144819098731,-0.004663912218007072,3
2023-11-09,898.3699951171875,910.75,893.0016,882.94666,881.9754,889.6039,893.3763,0.010463129975184888,-5.343784461730651,31.678714825892015,844.97998046875,946.5800170898438,0.0019275703259737918,-0.008726496964047948,4
2023-11-10,910.75,901.6378173828124,882.94666,881.9754,889.6039,893.3763,898.03174,0.010733263541001752,-3.1503900938457736,36.793093455687064,844.97998046875,946.5800170898438,-0.014269157458469892,-0.02476529606533104,5
2023-11-13,901.6378173828124,922.3300170898438,904.9641,901.2299,909.74445,912.6965,909.192,0.010713713932908065,-2.1740959116586978,37.54711866411684,844.97998046875,946.5800170898438,0.021805997400871528,-0.012670216689994464,1
2023-11-14,922.3300170898438,890.8499755859375,901.2299,909.74445,912.6965,909.192,913.3999,0.012011615271442667,-0.10483424518088302,48.67428454697519,844.97998046875,946.5800170898438,0.005445889973388243,0.003405942508251873,2
2023-11-15,890.8499755859375,887.0999755859375,909.74445,912.6965,909.192,913.3999,911.53033,0.015045199709040788,-0.7882674614610554,40.11090034199982,844.97998046875,946.5800170898438,0.009459553378394794,0.024669225438631367,3
2023-11-16,887.0999755859375,880.8400268554688,912.6965,909.192,913.3999,911.53033,909.2461,0.014520538802226724,-1.389746715834026,37.269243179068084,844.97998046875,946.5800170898438,-0.003503105593846559,0.019119661530883528,4
2023-11-17,880.8400268554688,860.1034545898438,909.192,913.3999,911.53033,909.2461,910.65594,0.014112658002472654,-2.065339828582469,38.34020338793171,844.97998046875,946.5800170898438,0.008868639896387446,0.04297475870056515,5
2023-11-20,860.1034545898438,877.8499755859375,881.97943,884.30676,880.1958,879.9146,874.7274,0.01510819004639049,-3.6711273313383135,36.2644699460438,849.4500122070312,946.5800170898438,0.01986821597491017,0.040955658504646573,1
2023-11-21,877.8499755859375,869.4000244140625,884.30676,880.1958,879.9146,874.7274,875.6477,0.015571568575369905,-3.3114962723375374,45.00085254905264,851.75,946.5800170898438,0.0005244771158837516,0.03584527141973299,2
2023-11-22,869.4000244140625,871.0499877929688,880.1958,879.9146,874.7274,875.6477,881.95966,0.015223069394235822,-3.403081473860131,43.02982636737877,851.75,946.5800170898438,-0.012663431778597542,0.013180907914631196,3
2023-11-23,871.0499877929688,872.9299926757812,879.9146,874.7274,875.6477,881.95966,887.0492,0.014653415228861918,-3.120369975925806,45.61666365022431,851.75,946.5800170898438,0.003313248705167273,0.0201106990764907,4
2023-11-24,872.9299926757812,855.2303466796875,874.7274,875.6477,881.95966,887.0492,884.992,0.014112072202680504,-2.5960840962626506,51.018020836650926,853.3499755859375,946.5800170898438,0.0046201451544259815,0.015785957461276718,5
2023-11-27,855.2303466796875,870.6500244140625,890.09656,887.16437,901.3334,913.65607,900.49115,0.014721027641124079,-3.19147858302677,42.2828436932788,855.2303466796875,946.5800170898438,-0.008995938382002399,-0.013114741591156507,1
2023-11-28,870.6500244140625,867.1699829101562,887.16437,901.3334,913.65607,900.49115,906.35266,0.014977272229395574,-2.336583575855279,45.78158578904687,855.2303466796875,946.5800170898438,0.010180578370415694,-0.0035391204282871373,2
2023-11-29,867.1699829101562,869.1500244140625,901.3334,913.65607,900.49115,906.35266,906.02795,0.014459163998795438,-1.8183006015697565,40.863123719547545,855.2303466796875,946.5800170898438,-0.0039541648051622256,0.005177224793810262,3
2023-11-30,869.1500244140625,870.2000122070312,913.65607,900.49115,906.35266,906.02795,909.66644,0.013929348948823327,-1.1855747614878371,37.02731448313983,855.2303466796875,946.5800170898438,0.011293615185232465,0.01323100072396232,4
2023-12-01,870.2000122070312,855.7864379882812,900.49115,906.35266,906.02795,909.66644,921.26056,0.01341284702807235,-0.5709385746769904,39.67726536123974,855.2303466796875,946.5800170898438,0.020677894818539374,0.029632543995026277,5
2023-12-04,855.7864379882812,867.5,861.68317,862.692,863.18506,850.25,843.728,0.013716556975734621,-0.9854079940191376,27.210474256249384,855.2303466796875,946.5800170898438,-0.022900289170939624,0.015415242148678267,1
2023-12-05,867.5,878.4500122070312,862.692,863.18506,850.25,843.728,847.6565,0.01370661226532472,-0.3535549577488126,40.75098252346065,855.2303466796875,946.5800170898438,-0.012643355374770926,-0.007498047677441814,2
2023-12-06,878.4500122070312,870.4299926757812,863.18506,850.25,843.728,847.6565,848.05475,0.013622987694914858,0.8530678013378399,46.75860169826848,855.2303466796875,946.5800170898438,-0.014955544784657965,-0.018357096998765914,3
2023-12-07,870.4299926757812,872.1599731445312,850.25,843.728,847.6565,848.05475,855.2293,0.013364002955022214,1.1441245065038945,46.14983841592527,855.2303466796875,946.5800170898438,0.01813137003665527,-0.011621862778246046,4
2023-12-08,872.1599731445312,859.9549560546875,843.728,847.6565,848.05475,855.2293,852.1865,0.012877193007661113,1.4656790041404832,55.18859053280673,855.2303466796875,946.5800170898438,0.009336658119057371,-0.02276796839919933,5
2023-12-11,859.9549560546875,882.239990234375,867.98193,870.8044,875.262,869.9002,866.9852,0.013000750726076694,0.8968529407264096,41.913060267549305,855.2303466796875,946.5800170898438,-0.010526403080123783,-0.010600687529182173,1
2023-12-12,882.239990234375,876.9000244140625,870.8044,875.262,869.9002,866.9852,880.50433,0.014317704293337594,1.9988027810746907,55.15758370991025,855.2303466796875,946.5800170898438,0.0015860542510079912,0.003578522218146465,2
2023-12-13,876.9000244140625,874.780029296875,875.262,869.9002,866.9852,880.50433,880.22943,0.013889631997465852,2.3226779192590623,52.282200753280776,855.2303466796875,946.5800170898438,0.0,0.018700381719912295,3
2023-12-14,874.780029296875,865.1199951171875,869.9002,866.9852,880.50433,880.22943,878.69476,0.013392115279783208,2.3420899930443957,50.72038246745315,855.2303466796875,946.5800170898438,0.026713416462568893,0.027480537653599736,4
2023-12-15,865.1199951171875,857.5003662109375,866.9852,880.50433,880.22943,878.69476,872.39575,0.013259793117095455,1.6831271285965155,54.1081247730836,855.2303466796875,946.5800170898438,-0.0009004914113787476,0.017015722082822246,5
2023-12-18,857.5003662109375,873.75,874.4064,862.2409,861.6322,866.74335,849.7844,0.01300489490523863,0.759893628013633,44.15918052199864,855.2303466796875,946.5800170898438,-0.009569435673899764,0.01798943881375036,1
2023-12-19,873.75,862.3699951171875,862.2409,861.6322,866.74335,849.7844,862.53754,0.013515013960822492,1.2409664691220357,52.62494077222789,855.2303466796875,946.5800170898438,0.012396816590175663,0.029054383176943418,2
2023-12-20,862.3699951171875,870.0999755859375,861.6322,866.74335,849.7844,862.53754,856.402,0.013511778890164798,0.8109252802314995,47.483966184708464,855.2303466796875,946.5800170898438,0.0014107288714222278,0.030507124376599574,3
2023-12-21,870.0999755859375,878.6799926757812,866.74335,849.7844,862.53754,856.402,864.65027,0.013227957733026036,1.0500652962601054,49.96463048459473,855.2303466796875,946.5800170898438,0.0017925663016952,0.005143366607700988,4
2023-12-22,878.6799926757812,863.5426635742188,849.7844,862.53754,856.402,864.65027,854.7928,0.013006789093533169,1.7479530526385396,58.442641769342615,855.2303466796875,946.5800170898438,-0.0033316308647010615,0.002702690926488464,5
2023-12-25,863.5426635742188,892.239990234375,881.6471,874.0536,871.32263,870.2409,866.6989,0.013414033310646657,1.1792210113817454,48.57656581711844,855.2303466796875,946.5800170898438,0.0,0.012344047422991241,1
2023-12-26,892.239990234375,892.2100219726562,874.0536,871.32263,870.2409,866.6989,872.8173,0.0156798593599218,2.6411477346056955,54.39860574701053,855.2303466796875,946.5800170898438,0.0,-0.00012832745691085886,2
2023-12-27,892.2100219726562,883.6300048828125,871.32263,870.2409,866.6989,872.8173,868.35455,0.015091400047850291,3.4598868568060994,57.32033341156043,855.2303466796875,946.5800170898438,0.012246637907082969,0.010765104564100873,3
2023-12-28,883.6300048828125,884.6400146484375,870.2409,866.6989,872.8173,868.35455,872.1593,0.014775626005595247,3.2790388698637165,53.685412375925594,855.2303466796875,946.5800170898438,-0.007764293971769715,0.0011513753949217605,4
2023-12-29,884.6400146484375,871.8646850585938,866.6989,872.8173,868.35455,872.1593,871.8978,0.014227590399274521,3.0856889154425557,58.54633668052879,855.2303466796875,946.5800170898438,-0.008340339060424478,-0.003850562623176049,5
2024-01-01,871.8646850585938,872.6539916992188,874.06915,883.70886,879.3718,879.1782,863.6323,0.014278354314203595,2.007857632306772,46.15470922517805,855.2303466796875,946.5800170898438,0.0,-0.003850562623176049,1
2024-01-02,872.6539916992188,883.8200073242188,883.70886,879.3718,879.1782,863.6323,886.9525,0.013749594601549307,1.2932393655503502,48.371402686119225,855.2303466796875,946.5800170898438,-0.002967966591667373,-0.006802717757627788,2
2024-01-03,883.8200073242188,881.72998046875,879.3718,879.1782,863.6323,886.9525,885.2749,0.013674869013195845,1.5030072226382925,53.24235279695097,855.2303466796875,946.5800170898438,-0.005572455833696384,-0.024343845596417543,3
2024-01-04,881.72998046875,886.97998046875,879.1782,863.6323,886.9525,885.2749,883.16833,0.013187065069654723,1.4317706960641692,56.29955490287401,855.2303466796875,946.5800170898438,-0.0042977199205602975,-0.020955792212577862,4
2024-01-05,886.97998046875,877.2498779296875,863.6323,886.9525,885.2749,883.16833,877.6318,0.01279617506353528,1.6533004734475005,61.38517052510097,855.2303466796875,946.5800170898438,-0.009573209599656254,-0.022162083219848337,5
2024-01-08,877.2498779296875,903.5,882.8058,881.58856,882.66345,881.3348,868.28876,0.012699009204841469,1.0869541873350266,51.42334603229448,855.2303466796875,946.5800170898438,0.0013167965968514327,-0.0208736214438968,1
2024-01-09,903.5,917.6500244140624,881.58856,882.66345,881.3348,868.28876,882.3178,0.014611260783997791,2.3501677462241233,64.92212031160733,855.2303466796875,944.1300048828124,-0.013513687151423264,-0.031144960099858503,2
2024-01-10,917.6500244140624,916.1900024414062,882.66345,881.3348,868.28876,882.3178,876.5903,0.014679108171327171,3.916337757306275,66.48346533195436,855.2303466796875,944.1300048828124,0.008632709208340604,-0.017283998813949042,3
2024-01-11,916.1900024414062,913.469970703125,881.3348,868.28876,882.3178,876.5903,874.85236,0.014142885795047834,4.585170964998856,63.67824288605131,855.2303466796875,944.1300048828124,-0.001190846936655388,-0.014226077191731546,4
2024-01-12,913.469970703125,895.7639770507812,868.28876,882.3178,876.5903,874.85236,877.10864,0.013647185238422224,4.565648094944314,70.01924077497597,855.2303466796875,944.1300048828124,-0.009712037259593223,-0.014362920379632372,5
2024-01-15,895.7639770507812,910.1400146484376,910.11743,921.28326,920.8937,933.56464,919.72766,0.014205091836028517,3.14892527717938,51.549591379379756,855.2303466796875,932.47998046875,0.0,-0.015659949782439515,1
2024-01-16,910.1400146484376,922.2899780273438,921.28326,920.8937,933.56464,919.72766,935.03705,0.01433607975571474,2.970954798812903,57.00100237318888,855.2303466796875,929.3400268554688,0.007060573294444214,0.004801890608076558,2
2024-01-17,922.2899780273438,921.2000122070312,920.8937,933.56464,919.72766,935.03705,933.1385,0.014257800929358092,3.4299055316445024,64.68587454457689,855.2303466796875,929.3400268554688,-0.009067916399167259,-0.012827247795101129,3
2024-01-18,921.2000122070312,919.5900268554688,933.56464,919.72766,935.03705,933.1385,934.9934,0.013735594031303979,3.411248385535039,63.87971940211911,855.2303466796875,929.3400268554688,0.0033433155392109354,-0.008341083331350049,4
2024-01-19,919.5900268554688,896.9052124023438,919.72766,935.03705,933.1385,934.9934,933.99695,0.01323934593812662,3.0532525554169343,69.79686949335866,855.2303466796875,922.3300170898438,0.011152546895434285,0.012566826528235877,5
2024-01-22,896.9052124023438,909.3099975585938,913.2551,908.35187,911.4584,910.9066,893.37146,0.014479090070240057,1.1494272064181708,58.51319664178978,855.2303466796875,922.3300170898438,-0.006091927798664638,0.00641709341361039,1
2024-01-23,909.3099975585938,911.989990234375,908.35187,911.4584,910.9066,893.37146,910.79456,0.014423764744165552,0.6132240276550789,58.8709047036433,855.2303466796875,922.3300170898438,0.0070157113821105385,0.006371944630932478,2
2024-01-24,911.989990234375,910.3300170898438,911.4584,910.9066,893.37146,910.79456,906.32544,0.013910832503104034,0.34031738779932574,60.487877318616725,855.2303466796875,922.3300170898438,0.02398134195657936,0.040187502714746116,3
2024-01-25,910.3300170898438,909.3699951171876,910.9066,893.37146,910.79456,906.32544,906.1282,0.013409139311673344,-0.030995997219569915,58.299472354472286,855.2303466796875,922.3300170898438,-0.004388225975928769,0.0321762593912731,4
2024-01-26,909.3699951171876,894.8502197265625,893.37146,910.79456,906.32544,906.1282,906.8262,0.012919971383847035,-0.39978406771937713,62.17577523809884,855.2303466796875,922.3300170898438,-0.0038879951335731126,0.016767934230467983,5
2024-01-29,894.8502197265625,929.77001953125,906.5728,904.44464,910.88525,903.2188,892.8656,0.013212412467940646,-1.6120974362730838,46.40106496662075,855.2303466796875,922.3300170898438,0.005826338664611392,0.028958546584102605,1
2024-01-30,929.77001953125,932.1500244140624,904.44464,910.88525,903.2188,892.8656,899.62415,0.0164124464153,-0.1307721645602289,54.29966481608194,855.2303466796875,929.77001953125,0.008612481930482765,0.030602869740803996,2
2024-01-31,932.1500244140624,930.280029296875,910.88525,903.2188,892.8656,899.62415,906.112,0.015814765999064288,0.8849044670979076,55.62522668573513,855.2303466796875,932.1500244140624,-0.0010245069182320638,0.0051513152016488106,3
2024-02-01,930.280029296875,931.5700073242188,903.2188,892.8656,899.62415,906.112,901.0924,0.015240951847547859,1.282236157421865,55.96054409637429,855.2303466796875,932.1500244140624,-0.012895073103420765,-0.003363086672848506,4
2024-02-02,931.5700073242188,927.764404296875,892.8656,899.62415,906.112,901.0924,899.9729,0.014682458863240886,1.4699120623217148,64.36895686515797,855.2303466796875,932.1500244140624,-0.00807924613882932,-0.007531500601108183,5
2024-02-05,927.764404296875,953.739990234375,914.84424,921.8355,913.2272,907.93713,894.71075,0.014190555208410893,1.1878031959441984,57.72832382318617,855.2303466796875,932.1500244140624,-0.013037647679487865,-0.026077933021060186,1
2024-02-06,953.739990234375,947.5999755859376,921.8355,913.2272,907.93713,894.71075,925.57404,0.015565865949000559,2.523889610809066,62.299547572228775,855.2303466796875,953.739990234375,0.0027797897522733395,-0.03174198624611986,2
2024-02-07,947.5999755859376,953.0999755859376,913.2272,907.93713,894.71075,925.57404,923.413,0.015100275593753766,2.7488945642102305,59.932241500221195,855.2303466796875,953.739990234375,-0.011968248285595201,-0.042280580520691634,3
2024-02-08,953.0999755859376,965.4199829101562,907.93713,894.71075,925.57404,923.413,918.39795,0.014623737567711603,3.00227330624085,62.24865282599789,855.2303466796875,953.739990234375,-0.008598753918678276,-0.03815706056902598,4
2024-02-09,965.4199829101562,956.61083984375,894.71075,925.57404,923.413,918.39795,910.10944,0.014498955410929626,3.688547803435764,77.09688725646397,855.2303466796875,965.4199829101562,-0.0052762832972284785,-0.035457268609672514,5
2024-02-12,956.61083984375,970.469970703125,957.0562,958.5026,959.7814,955.14734,948.9109,0.014196386594156571,3.253357367283021,69.25461316955253,855.2303466796875,965.4199829101562,0.011464089588562928,-0.011532392405875388,1
2024-02-13,970.469970703125,969.8800048828124,958.5026,959.7814,955.14734,948.9109,956.7592,0.01420754650651461,3.5772890642712056,71.81941734484003,855.2303466796875,970.469970703125,-0.0038965189956569586,-0.018109726753085535,2
2024-02-14,969.8800048828124,957.3300170898438,959.7814,955.14734,948.9109,956.7592,970.6958,0.013688592162356971,3.4297818130825295,72.39748162710802,855.2303466796875,970.469970703125,-0.0036415105876551235,-0.009899649857991832,3
2024-02-15,957.3300170898438,967.1900024414062,955.14734,948.9109,956.7592,970.6958,981.34607,0.01366728874822373,2.2234405082900714,66.59183441633166,855.2303466796875,970.469970703125,0.015019725602353009,0.013763357118999996,4
2024-02-16,967.1900024414062,951.2039184570312,948.9109,956.7592,970.6958,981.34607,973.2468,0.013446651340926534,1.84176539793115,75.85979681596017,855.2303466796875,970.469970703125,0.02146373864108183,0.04123709873187334,5
2024-02-19,951.2039184570312,964.5,973.5318,972.5276,982.53235,980.3022,962.84314,0.013739892533637846,0.3433496019958806,58.86170786718734,855.7864379882812,970.469970703125,0.0,0.029368425104719497,1
2024-02-20,964.5,962.0999755859376,972.5276,982.53235,980.3022,962.84314,975.96204,0.013748212020848314,0.09146864352277007,62.26757384310015,855.7864379882812,970.469970703125,0.007398266423897814,0.04106082787224886,2
2024-02-21,962.0999755859376,969.1799926757812,982.53235,980.3022,962.84314,975.96204,973.3712,0.013265150153722555,-0.36780170091811115,62.01826698756082,855.7864379882812,970.469970703125,0.0020669521599391153,0.04702067943721747,3
2024-02-22,969.1799926757812,978.469970703125,980.3022,962.84314,975.96204,973.3712,965.732,0.012926111958659295,-0.3271515881709135,63.60987965389234,855.7864379882812,970.469970703125,0.005918700162107859,0.0375349480128178,4
2024-02-23,978.469970703125,965.7730712890624,962.84314,975.96204,973.3712,965.732,964.3883,0.01270952306777392,0.16648822479688086,67.64825845704144,855.7864379882812,978.469970703125,-0.003984854851828057,0.011464280791233981,5
2024-02-26,965.7730712890624,986.5499877929688,971.28314,971.7024,971.8509,967.9278,968.5974,0.012764360490252327,-0.48535482200016844,54.614714091368256,857.5003662109375,978.469970703125,-0.01505351262094677,-0.0036477793558462998,1
2024-02-27,986.5499877929688,980.97998046875,971.7024,971.8509,967.9278,968.5974,971.813,0.01356582684289149,0.31633330878924504,63.429721542834244,857.5003662109375,986.5499877929688,0.0018289248539391089,-0.00918138163277236,2
2024-02-28,980.97998046875,978.6400146484376,971.8509,967.9278,968.5974,971.813,971.9476,0.01316644573299671,0.30492069047777903,59.60821350744193,857.5003662109375,986.5499877929688,-0.0009140131607922762,-0.012130579660818576,3
2024-02-29,978.6400146484376,966.280029296875,967.9278,968.5974,971.813,971.9476,974.6859,0.012705163462047218,-0.010090729800191767,54.89253221187538,857.5003662109375,986.5499877929688,0.0018271916643559571,-0.016164198369149646,4
2024-03-01,966.280029296875,945.7276000976562,968.5974,971.813,971.9476,974.6859,962.21497,0.012733630833714064,-1.1383098173592288,53.486779203811736,857.5003662109375,986.5499877929688,0.005331944340947728,-0.006955165023490556,5
2024-03-04,945.7276000976562,973.8800048828124,965.8131,965.8527,973.97174,959.90936,967.37354,0.013608732017490495,-3.2373167964407337,41.48859467192859,857.5003662109375,986.5499877929688,-0.0007785185222983851,0.007322206384455706,1
2024-03-05,973.8800048828124,976.989990234375,965.8527,973.97174,959.90936,967.37354,967.06946,0.015309367032965236,-2.719154183022612,51.15666597246,857.5003662109375,986.5499877929688,-0.0020789760346844135,0.0033933727851452843,2
2024-03-06,976.989990234375,985.1500244140624,973.97174,959.90936,967.37354,967.06946,962.76324,0.014768099116549104,-2.1797145146275305,56.013299456185905,857.5003662109375,986.5499877929688,0.00687020292499271,0.011234482470363995,3
2024-03-07,985.1500244140624,980.5399780273438,959.90936,967.37354,967.06946,962.76324,969.0495,0.01439582744079031,-1.3279667905112298,55.551069949174696,857.5003662109375,986.5499877929688,0.012580403026815255,0.02216717603286776,4
2024-03-08,980.5399780273438,953.6156616210938,967.37354,967.06946,962.76324,969.0495,952.03424,0.013932288296810792,-1.1370504542016349,59.75301817969311,857.5003662109375,986.5499877929688,-0.008841141992994045,0.007782093707221492,5
2024-03-11,953.6156616210938,965.8800048828124,990.1868,982.0166,986.2569,983.12634,971.5551,0.015425778968235269,-2.791791593617603,46.68206967971829,862.3699951171875,986.5499877929688,0.00960619751598691,0.018302153955888478,1
2024-03-12,965.8800048828124,950.760009765625,982.0166,986.2569,983.12634,971.5551,981.28094,0.015245674756183863,-3.0093190517145327,51.08691913217753,862.3699951171875,986.5499877929688,0.0006371602048168774,0.021071760951267778,2
2024-03-13,950.760009765625,945.3699951171876,986.2569,983.12634,971.5551,981.28094,980.58057,0.015311533154094805,-4.055371322708725,44.93754313169033,863.5426635742188,986.5499877929688,0.03196757906286835,0.04702226566450993,3
2024-03-14,945.3699951171876,941.3200073242188,983.12634,971.5551,981.28094,980.58057,981.4479,0.014835304781631302,-4.935703472600256,40.70368211738894,863.5426635742188,986.5499877929688,-0.0038320318658366615,0.029978329731760442,4
2024-03-15,941.3200073242188,925.2318725585938,971.5551,981.28094,980.58057,981.4479,976.66235,0.0143438305481435,-5.569250145166362,42.781614836643655,863.5426635742188,986.5499877929688,0.018529276188101282,0.05855861025226895,5
2024-03-18,925.2318725585938,946.4099731445312,940.1584,940.2303,947.1095,946.831,934.9619,0.014604228978477773,-6.770457866976424,31.383963580139792,871.8646850585938,986.5499877929688,0.00048616871846409864,0.04894841448449586,1
2024-03-19,946.4099731445312,965.8699951171876,940.2303,947.1095,946.831,934.9619,948.08014,0.015327456565086406,-5.8708199209338625,40.413184560351574,871.8646850585938,986.5499877929688,-0.013703930026624763,0.03401270379245908,2
2024-03-20,965.8699951171876,962.510009765625,947.1095,946.831,934.9619,948.08014,949.80383,0.01574402970038775,-3.7978360953480728,46.765770316887235,871.8646850585938,986.5499877929688,-0.00494010682405259,-0.0034546427527572428,3
2024-03-21,962.510009765625,968.6300048828124,946.831,934.9619,948.08014,949.80383,941.9818,0.015198145824417692,-2.5457545605815413,48.9995691707671,871.8646850585938,986.5499877929688,0.001979066521667773,0.0023532391084879647,4
2024-03-22,968.6300048828124,964.0664672851562,934.9619,948.08014,949.80383,941.9818,937.1826,0.014735503272085237,-1.263042365049977,56.581628697587064,871.8646850585938,986.5499877929688,-0.01255848718644402,-0.028328300020244564,5
2024-03-25,964.0664672851562,977.8800048828124,964.9841,971.1534,974.1447,967.34814,967.78455,0.014259134269867744,-0.7072927277801857,46.73748817533501,872.6539916992188,986.5499877929688,0.0027489503641431926,-0.026127129687189266,1
2024-03-26,977.8800048828124,981.530029296875,971.1534,974.1447,967.34814,967.78455,973.5316,0.014254255457977988,0.538071617221271,50.276226976665214,877.2498779296875,986.5499877929688,-0.0027489503641432724,-0.015399720206958028,2
2024-03-27,981.530029296875,979.3900146484376,974.1447,967.34814,967.78455,973.5316,972.2194,0.013767120898532898,1.5005510025266804,48.844131830165566,877.2498779296875,986.5499877929688,-0.0008762558461157091,-0.011390310092347132,3
2024-03-28,979.3900146484376,980.4600219726562,967.34814,967.78455,973.5316,972.2194,980.7708,0.013280734660413724,1.8623419900406724,49.62693083736121,877.2498779296875,986.5499877929688,0.0027513568915070647,-0.010626521453959085,4
2024-03-29,980.4600219726562,979.27001953125,967.78455,973.5316,972.2194,980.7708,979.1458,0.012798746445304819,2.029278894680348,60.46419336695319,877.2498779296875,986.5499877929688,0.0,0.0018768601466823153,5
2024-04-01,979.27001953125,984.97998046875,974.0438,972.99646,975.592,972.6419,955.7602,0.012337708096707076,1.916480246204789,55.712787277302866,894.8502197265625,986.5499877929688,0.010559764969196424,0.009732975949414087,1
2024-04-02,984.97998046875,975.5700073242188,972.99646,975.592,972.6419,955.7602,972.6278,0.011984642263057057,2.0702333610829022,65.87442706982532,894.8502197265625,986.5499877929688,0.005914301943359764,0.018518548350672678,2
2024-04-03,975.5700073242188,954.3900146484376,975.592,972.6419,955.7602,972.6278,965.6832,0.011850752718305428,1.4133586141310417,63.505869957445846,894.8502197265625,986.5499877929688,0.02977338834622253,0.05021910323682551,3
2024-04-04,954.3900146484376,940.2999877929688,972.6419,955.7602,972.6278,965.6832,970.48456,0.012908325639727105,-0.4715239922226262,55.06851545816864,894.8502197265625,986.5499877929688,0.01267868785322154,0.06069689807511909,4
2024-04-05,940.2999877929688,927.7029418945312,955.7602,972.6278,965.6832,970.48456,969.7727,0.013091664328977022,-2.573749719780526,55.9353581708184,894.8502197265625,986.5499877929688,-0.0016497692716825132,0.0589484356025073,5
2024-04-08,927.7029418945312,933.3106079101562,933.90845,935.0494,943.11847,940.234,912.6695,0.01314840202679594,-4.600855105641884,42.09700925267931,894.8502197265625,986.5499877929688,0.008806469090440208,0.05709341235206255,1
2024-04-09,933.3106079101562,941.0900268554688,935.0494,943.11847,940.234,912.6695,923.53296,0.012768582857409705,-5.302343838418949,34.42160970051218,894.8502197265625,986.5499877929688,0.002102026889271717,0.0530711533565644,2
2024-04-10,941.0900268554688,947.489990234375,943.11847,940.234,912.6695,923.53296,932.4659,0.012499366275388765,-4.985507223454306,40.167211617396916,894.8502197265625,986.5499877929688,-0.000933639226970129,0.021225907099426636,3
2024-04-11,947.489990234375,954.8599853515624,940.234,912.6695,923.53296,932.4659,920.55945,0.012176936026964546,-4.123683759831147,40.32060998730127,894.8502197265625,986.5499877929688,-0.007030778924386207,0.001295146535488632,4
2024-04-12,954.8599853515624,964.1300048828124,912.6695,923.53296,932.4659,920.55945,927.99384,0.011912327669177039,-2.894147438887394,45.89024337745541,894.8502197265625,986.5499877929688,0.001292747486602454,0.004245813348425959,5
2024-04-15,964.1300048828124,972.2999877929688,953.4179,953.3496,949.5378,942.2499,938.98035,0.011763817663748805,-1.3707386816720426,43.60251537463678,894.8502197265625,986.5499877929688,0.028138256630377733,0.02384854750851167,1
2024-04-16,972.2999877929688,979.9600219726562,953.3496,949.5378,942.2499,938.98035,948.27075,0.01155549616374236,0.18992644443150808,45.87885959208544,894.8502197265625,986.5499877929688,-0.016927148262715064,0.0045497565582635294,2
2024-04-17,979.9600219726562,978.4299926757812,949.5378,942.2499,938.98035,948.27075,950.5382,0.011328179488357603,1.6591538785610978,50.242547866778615,894.8502197265625,986.5499877929688,0.008556985206100346,0.014128945362502582,3
2024-04-18,978.4299926757812,965.6900024414062,942.2499,938.98035,948.27075,950.5382,945.63776,0.0109268672983312,2.4037806802116037,49.139556398119964,894.8502197265625,986.5499877929688,0.022316666301241708,0.044332063487079305,4
2024-04-19,965.6900024414062,958.6400146484376,938.98035,948.27075,950.5382,945.63776,937.65436,0.011135837668126288,1.9343350549675677,44.75732094729446,894.8502197265625,986.5499877929688,0.01375477653638138,0.057427991432051406,5
2024-04-22,958.6400146484376,952.1300048828124,967.45166,964.0653,960.58453,954.27875,958.4241,0.010925040285829656,1.0872553904966071,39.93537054191543,925.2318725585938,986.5499877929688,-0.00033316364718428856,0.027746063044642694,1
2024-04-23,952.1300048828124,953.2000122070312,964.0653,960.58453,954.27875,958.4241,955.2184,0.010699903909293934,0.07986940322318697,40.84046897516263,925.2318725585938,986.5499877929688,-0.002224498456326981,0.04296828277046873,2
2024-04-24,953.2000122070312,952.1799926757812,960.58453,954.27875,958.4241,955.2184,958.74414,0.010314221687132136,-0.49162769960790753,49.44827691591969,925.2318725585938,986.5499877929688,-0.005247004104412529,0.02867007295470909,3
2024-04-25,952.1799926757812,948.0,954.27875,958.4241,955.2184,958.74414,959.6086,0.009944683132000304,-0.892219384015724,56.2675330697201,925.2318725585938,986.5499877929688,0.022905541498675425,0.02927600964004672,4
2024-04-26,948.0,951.469970703125,958.4241,955.2184,958.74414,959.6086,958.4335,0.009664077745691823,-1.3643197404578522,61.75181553140734,925.2318725585938,986.5499877929688,-0.00032827392489267614,0.014882255535155991,5
2024-04-29,951.469970703125,941.5399780273438,960.2992,956.9228,961.4697,967.94495,961.7935,0.009359264163112854,-1.3651797145899711,60.78098287423785,925.2318725585938,986.5499877929688,0.01950650398856371,0.035218244771028646,1
2024-04-30,941.5399780273438,957.510009765625,956.9228,961.4697,967.94495,961.7935,971.58594,0.009483842192948322,-1.922673102635486,50.260478868422126,925.2318725585938,986.5499877929688,-0.02049186837508004,0.01647920770168736,2
2024-05-01,957.510009765625,959.8800048828124,961.4697,967.94495,961.7935,971.58594,974.6173,0.010210777386258944,-1.1425675942813545,55.2220204824535,925.2318725585938,986.5499877929688,-0.002632464921645256,0.01914030968048815,3
2024-05-02,959.8800048828124,947.1500244140624,967.94495,961.7935,971.58594,974.6173,977.25415,0.00986150437935953,-0.4302938533999807,52.76007039105694,925.2318725585938,986.5499877929688,-0.012933317917676535,-0.016737761883553245,4
2024-05-03,947.1500244140624,942.75,961.7935,971.58594,974.6173,977.25415,982.79913,0.010197639651913282,-0.7605387555911476,41.00636860310997,925.2318725585938,986.5499877929688,0.017535645885979678,0.0009849834380221767,5
2024-05-06,942.75,929.3900146484376,953.99817,954.68414,955.51373,952.9323,952.72125,0.009918067346043904,-1.1935704060621035,33.69746976697827,925.2318725585938,986.5499877929688,0.01324951378365935,-0.005258616357531054,1
2024-05-07,929.3900146484376,936.9500122070312,954.68414,955.51373,952.9323,952.72125,953.9958,0.01033999343626631,-2.2374099509148286,23.75168776464882,925.2318725585938,986.5499877929688,-0.0019438071566325993,0.013364081295802015,2
2024-05-08,936.9500122070312,935.6300048828124,955.51373,952.9323,952.72125,953.9958,956.5468,0.010197191328934686,-2.2692083105552836,29.738185617023973,925.2318725585938,986.5499877929688,-0.013823437394735733,0.0020867714839110266,3
2024-05-09,935.6300048828124,924.0499877929688,952.9323,952.72125,953.9958,956.5468,954.2834,0.009839678109505737,-2.22654112080106,33.472621095451416,925.2318725585938,986.5499877929688,0.009924347576340845,0.025255923301156197,4
2024-05-10,924.0499877929688,913.1746826171876,952.72125,953.9958,956.5468,954.2834,948.3066,0.010090743898439917,-2.789132168306094,31.884353537090576,924.0499877929688,986.5499877929688,0.01849315461480506,0.026238084936127178,5
2024-05-13,913.1746826171876,923.4099731445312,908.8742,914.7831,911.97626,906.17755,895.964,0.010262717618909085,-3.650265336361926,30.490211542200257,913.1746826171876,986.5499877929688,0.023374418437470987,0.03668142740628882,1
2024-05-14,923.4099731445312,914.0800170898438,914.7831,911.97626,906.17755,895.964,892.7352,0.01033243021573092,-3.2978283055852327,36.334920985113015,913.1746826171876,986.5499877929688,0.030541355672711972,0.07091116149403265,2
2024-05-15,914.0800170898438,904.7899780273438,911.97626,906.17755,895.964,892.7352,903.7351,0.010349488508003338,-3.444316227561403,33.761061302299154,913.1746826171876,986.5499877929688,0.003224888630024549,0.08932492001061543,3
2024-05-16,904.7899780273438,898.030029296875,906.17755,895.964,892.7352,903.7351,909.6224,0.010369518704078595,-3.8854438026263445,32.351816462660295,904.7899780273438,986.5499877929688,-0.015717986101867597,0.061747176854992245,4
2024-05-17,898.030029296875,894.0,895.964,892.7352,903.7351,909.6224,901.83966,0.010211947697947239,-4.317801001106536,28.744849833126224,898.030029296875,986.5499877929688,0.0331721954064959,0.0774475583265764,5
2024-05-20,894.0,887.0900268554688,906.4489,901.7044,901.3665,908.85583,903.7529,0.009926520561954944,-4.53793799612785,30.160363570230203,894.0,986.5499877929688,0.00601311573402973,0.05890310881543807,1
2024-05-21,887.0900268554688,888.0,901.7044,901.3665,908.85583,903.7529,894.48315,0.009810602491241298,-4.7869679436313834,18.207840347151716,887.0900268554688,985.1500244140624,0.006172529764052082,0.033410754196908386,2
2024-05-22,888.0,898.1900024414062,901.3665,908.85583,903.7529,894.48315,894.43396,0.009461306177284343,-4.5310917010555745,17.11517153873291,887.0900268554688,985.1500244140624,-0.05037867628083627,-0.02052525106754622,3
2024-05-23,898.1900024414062,909.1099853515624,908.85583,903.7529,894.48315,894.43396,891.66113,0.009621413486879423,-3.3696064312291583,27.068023403074022,887.0900268554688,985.1500244140624,-0.01053286097353198,-0.015433362302261722,4
2024-05-24,909.1099853515624,905.719970703125,903.7529,894.48315,894.43396,891.66113,896.9279,0.009825576916480522,-1.647124281985997,35.150585400339565,887.0900268554688,985.1500244140624,-0.007920855535350033,-0.05507219127647332,5
2024-05-27,905.719970703125,901.8699951171876,911.7515,914.282,917.39886,922.43176,920.9343,0.009533235527041316,-0.5727920015783994,38.54311671184691,887.0900268554688,985.1500244140624,0.0,-0.06073710259782753,1
2024-05-28,901.8699951171876,895.8800048828125,914.282,917.39886,922.43176,920.9343,923.41034,0.009271362484177694,0.010926100760634938,32.387872458694645,887.0900268554688,985.1500244140624,0.02009599827290059,-0.04756783704930668,2
2024-05-29,895.8800048828125,910.280029296875,917.39886,922.43176,920.9343,923.41034,922.3987,0.009132311697858362,0.11994163539662495,30.937171438540076,887.0900268554688,985.1500244140624,-0.014461603129634713,-0.012737503853637878,3
2024-05-30,910.280029296875,916.8400268554688,922.43176,920.9343,923.41034,922.3987,925.5031,0.009795774458000473,1.226677751470696,43.57027759237163,887.0900268554688,984.97998046875,-0.02817387080286396,-0.030001089998319956,4
2024-05-31,916.8400268554688,918.5800170898438,920.9343,923.41034,922.3987,925.5031,928.34106,0.00963457100799312,2.3976208180202967,51.783358723766874,887.0900268554688,984.97998046875,-0.013359344858423529,-0.03526209977387032,5
2024-06-03,918.5800170898438,904.010009765625,913.70465,916.63983,909.24994,914.4086,913.7869,0.009301932354672112,3.234358516943665,47.43822992027285,887.0900268554688,984.97998046875,0.014429002560831695,-0.021240982030069928,1
2024-06-04,904.010009765625,905.75,916.63983,909.24994,914.4086,913.7869,906.28534,0.009989476286289031,2.769521894886857,44.94020072731911,887.0900268554688,984.97998046875,-0.0279693436772657,-0.06717266531470713,2
2024-06-05,905.75,908.8800048828124,909.24994,914.4086,913.7869,906.28534,905.22534,0.009643325770942872,2.5478048484050824,50.521978587229725,887.0900268554688,984.97998046875,0.015598963957449268,-0.038705622540649486,3
2024-06-06,908.8800048828124,908.0499877929688,914.4086,913.7869,906.28534,905.22534,905.10516,0.009341385283484436,2.5729937407497037,56.141730433568824,887.0900268554688,984.97998046875,0.015359267282059677,0.004066792312715365,4
2024-06-07,908.0499877929688,900.9844970703124,913.7869,906.28534,905.22534,905.10516,907.5809,0.009013767731736051,2.4930343246685283,58.252083319890296,887.0900268554688,984.97998046875,-0.04279131341481485,-0.025054223416923954,5
2024-06-10,900.9844970703124,919.9400024414062,903.1581,899.24115,904.80066,901.22253,897.7262,0.00896134165533422,1.947746101087148,58.1458609606839,887.0900268554688,984.97998046875,0.013700313066128967,-0.025764397382646267,1
2024-06-11,919.9400024414062,922.75,899.24115,904.80066,901.22253,897.7262,890.7254,0.010300292671901405,2.7955435791668144,65.45518982855627,887.0900268554688,984.97998046875,-0.007379337539937879,-0.005496942863520457,2
2024-06-12,922.75,916.4500122070312,904.80066,901.22253,897.7262,890.7254,887.1706,0.009961452645291252,3.435317042732149,62.798199306515485,887.0900268554688,984.97998046875,0.012851028875042267,-0.008226021321262612,3
2024-06-13,916.4500122070312,917.7000122070312,901.22253,897.7262,890.7254,887.1706,891.39307,0.009793801505923256,3.321959336975622,54.01836581533815,887.0900268554688,984.97998046875,-0.01628375290112501,-0.039117419244663915,4
2024-06-14,917.7000122070312,924.8800048828124,897.7262,890.7254,887.1706,891.39307,891.75055,0.00945029067083834,3.216747168620894,56.715949100290494,887.0900268554688,984.97998046875,0.009604300840204132,0.012570910229002774,5
2024-06-17,924.8800048828124,926.3900146484376,925.45325,923.80383,927.91693,925.8956,926.62695,0.009345091167099395,3.4932625225701113,62.435020555933654,887.0900268554688,984.97998046875,-0.006503193353933149,-0.007681300940289606,1
2024-06-18,926.3900146484376,934.9500122070312,923.80383,927.91693,925.8956,926.62695,927.5902,0.009022172468911656,3.6247349853191437,67.32715686492006,887.0900268554688,984.97998046875,0.008917257879037289,0.008622603663855404,2
2024-06-19,934.9500122070312,932.0900268554688,927.91693,925.8956,926.62695,927.5902,934.60345,0.009039549670021275,4.100057616716361,65.00589182651078,887.0900268554688,984.97998046875,0.0,-0.004256303690364653,3
2024-06-20,932.0900268554688,931.97998046875,925.8956,926.62695,927.5902,934.60345,934.7569,0.008764574427270045,4.027840183737822,59.71325496050258,887.0900268554688,984.97998046875,0.01220063799655793,0.024514665479307807,4
2024-06-21,931.97998046875,918.0421752929688,926.62695,927.5902,934.60345,934.7569,935.0287,0.00845570526822232,3.7825354210431437,58.71587313560231,887.0900268554688,984.97998046875,-0.02721855311482856,-0.01252475472119591,5
2024-06-24,918.0421752929688,944.9199829101562,926.9792,932.70056,936.0669,933.9191,933.517,0.009149782793345183,2.550525729243527,59.20276807966074,887.0900268554688,984.97998046875,0.007316293073440092,0.0012163750189434393,1
2024-06-25,944.9199829101562,940.6500244140624,932.70056,936.0669,933.9191,933.517,935.8238,0.01175441143535048,3.363596379054066,69.3190363375287,887.0900268554688,979.9600219726562,-0.0327824390894477,-0.03967552912777993,2
2024-06-26,940.6500244140624,946.4000244140624,936.0669,933.9191,933.517,935.8238,931.5441,0.011399797512128718,3.4204172771750168,65.49506082284688,887.0900268554688,979.9600219726562,-0.0030862946880555733,-0.04263480449414338,3
2024-06-27,946.4000244140624,954.1300048828124,933.9191,933.517,935.8238,931.5441,934.5473,0.011103833978837187,3.6319113564742884,67.84775493810211,887.0900268554688,979.9600219726562,-0.008969709638196547,-0.06268952676442138,4
2024-06-28,954.1300048828124,942.049560546875,933.517,935.8238,931.5441,934.5473,934.9286,0.010918260332731123,4.047344587383166,74.5813967144102,887.0900268554688,979.9600219726562,0.014222117373647194,-0.023030683208763957,5
2024-07-01,942.049560546875,946.4000244140624,956.13605,955.41016,951.5731,946.3281,947.86896,0.011094045143780519,3.2953454838490313,60.920887531828704,887.0900268554688,979.9600219726562,0.00816603727846639,-0.02220015637562485,1
2024-07-02,946.4000244140624,946.7899780273438,955.41016,951.5731,946.3281,947.86896,952.15625,0.010762126586719324,2.8921148626240303,61.506682203636416,887.0900268554688,979.9600219726562,0.0006775653866961057,0.011070545667796774,2
2024-07-03,946.7899780273438,941.27001953125,951.5731,946.3281,947.86896,952.15625,949.5802,0.01037764599515925,2.469281358096694,65.66233704036055,887.0900268554688,979.9600219726562,0.024860493631748855,0.03972525881040615,3
2024-07-04,941.27001953125,936.9000244140624,946.3281,947.86896,952.15625,949.5802,947.8299,0.010140676963305242,1.6735420012056803,61.65373554113064,887.0900268554688,979.9600219726562,0.0,0.04909324372885023,4
2024-07-05,936.9000244140624,935.1300048828124,947.86896,952.15625,949.5802,947.8299,942.1786,0.009868032574371391,0.7553600879992963,56.11292661607531,887.0900268554688,979.9600219726562,0.025546321916446516,0.061040911443722354,5
2024-07-08,935.1300048828124,939.489990234375,936.81647,931.12885,931.2792,928.03986,927.1108,0.009535384301291862,-0.02723108484169412,54.433104076835896,887.0900268554688,979.9600219726562,-0.007865990774347974,0.04416590551180254,1
2024-07-09,939.489990234375,934.989990234375,931.12885,931.2792,928.03986,927.1108,927.3127,0.009277360598261617,-0.29254723003725136,52.40525059449783,887.0900268554688,979.9600219726562,-0.009565322367084766,0.033525220050735605,2
2024-07-10,934.989990234375,912.5900268554688,931.2792,928.03986,927.1108,927.3127,924.03986,0.009051808631644134,-0.7844938907241108,51.510139320705875,887.0900268554688,978.4299926757812,0.006423190591299147,0.014644392983972663,3
2024-07-11,912.5900268554688,913.8099975585938,928.03986,927.1108,927.3127,924.03986,917.0239,0.010944598515679985,-2.5332453361014045,41.80519219885563,887.0900268554688,965.6900024414062,-0.021720901163740036,-0.007156967844835652,4
2024-07-12,913.8099975585938,898.9515991210938,927.1108,927.3127,924.03986,917.0239,922.8272,0.01055906094780127,-3.4649224405400245,47.995909736745666,887.0900268554688,959.8800048828124,0.01976558846027169,-0.012879771838777561,5
2024-07-15,898.9515991210938,909.27001953125,910.6372,904.17773,901.6861,901.76965,901.5512,0.011122551219752719,-4.853819821529854,25.436128049178294,887.0900268554688,959.8800048828124,-0.015228992799344712,-0.020121247860706418,1
2024-07-16,909.27001953125,909.8099975585938,904.17773,901.6861,901.76965,901.5512,899.8951,0.01114515384683525,-4.8386971198595,34.24976135537899,887.0900268554688,959.8800048828124,-0.01894630220224455,-0.029270489154923328,2
2024-07-17,909.8099975585938,923.9299926757812,901.6861,901.76965,901.5512,899.8951,897.6707,0.010747970970214116,-4.557363566920057,30.62123530731408,887.0900268554688,959.8800048828124,-0.010177538893199707,-0.045252285403101514,3
2024-07-18,923.9299926757812,932.780029296875,901.76965,901.5512,899.8951,897.6707,893.21533,0.011147988095390936,-3.2468900607867432,35.01947056768323,887.0900268554688,959.8800048828124,-0.030700708760375874,-0.05378735717889246,4
2024-07-19,932.780029296875,941.760009765625,901.5512,899.8951,897.6707,893.21533,892.7267,0.011041619215505711,-1.6889848768016948,45.249665319604155,887.0900268554688,959.8800048828124,-0.011078471169803832,-0.08252689590867787,5
2024-07-22,941.760009765625,943.5999755859376,932.1924,930.1238,933.72546,930.05475,926.0061,0.010944987730396379,-0.04552002378233966,47.72985982954993,887.0900268554688,959.8800048828124,-0.009167236684088352,-0.07694850737539423,1
2024-07-23,943.5999755859376,946.2000122070312,930.1238,933.72546,930.05475,926.0061,920.4822,0.010566342523695298,1.1098635237839898,48.46111673488815,887.0900268554688,959.8800048828124,-0.008286871976554549,-0.06705667742125507,2
2024-07-24,946.2000122070312,947.1099853515624,933.72546,930.05475,926.0061,920.4822,916.6244,0.010215302861669627,1.9447363894231362,52.447211337042134,887.0900268554688,959.8800048828124,-0.011400955993048967,-0.06819735832874815,3
2024-07-25,947.1099853515624,946.6400146484376,930.05475,926.0061,920.4822,916.6244,907.1279,0.009856791561420308,2.422665603386288,55.24843469388523,887.0900268554688,954.1300048828124,0.0032881265324324637,-0.035982093456063576,4
2024-07-26,946.6400146484376,937.5270385742188,926.0061,920.4822,916.6244,907.1279,916.34094,0.009511556352650385,2.5582290749683545,55.99687849404522,887.0900268554688,954.1300048828124,-0.001947274275511693,-0.027139144229286913,5
2024-07-29,937.5270385742188,956.3099975585938,931.18286,926.4029,924.6791,937.5785,931.2104,0.009555120031779135,1.9146907380786404,49.025537043893706,887.0900268554688,954.1300048828124,-0.010408474810337234,-0.028345947095199987,1
2024-07-30,956.3099975585938,955.5399780273438,926.4029,924.6791,937.5785,931.2104,927.3371,0.01062918191695395,2.5924512623204294,59.269356858045576,887.0900268554688,956.3099975585938,0.0002462533816531066,-0.02001922530176685,2
2024-07-31,955.5399780273438,942.7999877929688,924.6791,937.5785,931.2104,927.3371,927.12787,0.010256595571028133,2.809112857909809,72.99920644155063,887.0900268554688,956.3099975585938,0.023593370826798465,0.01488164689946495,3
2024-08-01,942.7999877929688,948.0800170898438,937.5785,931.2104,927.3371,927.12787,927.3577,0.010551730886658051,1.9551107164657182,63.81887880681643,887.0900268554688,956.3099975585938,-0.022732313002838966,-0.011185410743160967,4
2024-08-02,948.0800170898438,930.9984741210938,931.2104,927.3371,927.12787,927.3577,933.7753,0.010281540076001733,1.6203449459106363,75.77178973252313,887.0900268554688,956.3099975585938,0.00429420279958116,-0.0049944468711952935,5
2024-08-05,930.9984741210938,953.1599731445312,945.7933,940.51385,933.08154,939.03973,931.82446,0.011083076749228902,0.19781905303957892,60.64312138514039,887.0900268554688,956.3099975585938,-0.02479059580656718,-0.019202322532810838,1
2024-08-06,953.1599731445312,944.5800170898438,940.51385,933.08154,939.03973,931.82446,934.77386,0.012402752372307303,0.6720257382365373,67.52236658502267,887.0900268554688,956.3099975585938,0.006878875148857098,-0.012675441267994792,2
2024-08-07,944.5800170898438,944.0900268554688,933.08154,939.03973,931.82446,934.77386,936.9884,0.012213082237629007,0.34682943148696577,58.738240708791096,887.0900268554688,956.3099975585938,-0.018619202580670492,-0.05348554220513352,3
2024-08-08,944.0900268554688,935.1799926757812,939.03973,931.82446,934.77386,936.9884,927.67004,0.011775751599959281,0.05312236874222975,55.15032421780545,887.0900268554688,956.3099975585938,0.0019029332241082232,-0.029878334708595813,4
2024-08-09,935.1799926757812,931.8300170898438,931.82446,934.77386,936.9884,927.67004,931.29425,0.011650215511700694,-0.7429198468068821,47.00169485020293,887.0900268554688,956.3099975585938,0.008832886712819966,-0.02546525189412581,5
2024-08-12,931.8300170898438,933.52001953125,924.6514,926.9141,928.63965,925.671,909.0117,0.011280529803416832,-1.4555629411977726,44.70960566550284,887.0900268554688,956.3099975585938,0.01866882114543386,0.017821250336697538,1
2024-08-13,933.52001953125,931.3400268554688,926.9141,928.63965,925.671,909.0117,921.2032,0.010888401249607644,-1.753618007790763,44.253549815808434,888.0,956.3099975585938,-0.004696598507653004,0.006107414660529139,2
2024-08-14,931.3400268554688,933.6400146484376,928.63965,925.671,909.0117,921.2032,920.7501,0.010524888184091245,-2.01916998856583,42.93453917198136,895.8800048828125,956.3099975585938,-0.0027291121621621237,0.022222246442522322,3
2024-08-15,933.6400146484376,932.2000122070312,925.671,909.0117,921.2032,920.7501,917.945,0.010171717995790398,-1.9599250068990575,44.269540792716406,895.8800048828125,956.3099975585938,0.02792926345594375,0.04917617465270208,4
2024-08-16,932.2000122070312,937.8099975585938,909.0117,921.2032,920.7501,917.945,912.84106,0.009824461230536884,-1.9344196752893155,47.481453864648714,895.8800048828125,956.3099975585938,-0.0027822873448715467,0.037060310914598826,5
2024-08-19,937.8099975585938,922.9099731445312,934.4969,935.5026,933.0195,938.11273,944.3538,0.00960717919885024,-1.4770760496948436,40.0089657718475,895.8800048828125,956.3099975585938,0.009404466138288877,0.027496983460981842,1
2024-08-20,922.9099731445312,923.3800048828124,935.5026,933.0195,938.11273,944.3538,941.68005,0.010245293702057377,-2.0785736091277043,34.7113280476966,895.8800048828125,956.3099975585938,-0.004088557498111929,0.028121933742551633,2
2024-08-21,923.3800048828124,915.5800170898438,933.0195,938.11273,944.3538,941.68005,947.94446,0.009884963206414035,-2.3265822480837324,39.718681233459634,898.9515991210938,956.3099975585938,0.007682204488819919,0.0388819525373482,3
2024-08-22,915.5800170898438,919.010009765625,938.11273,944.3538,941.68005,947.94446,950.4265,0.009818846749419184,-2.862500431882683,33.241032277882624,898.9515991210938,956.3099975585938,-0.009732768985843696,0.00048317348900567183,4
2024-08-23,919.010009765625,908.4000244140624,944.3538,941.68005,947.94446,950.4265,950.668,0.009522216966265401,-2.8275856881544,42.805033059213535,898.9515991210938,956.3099975585938,0.01283688121007074,0.016232564829346596,5
2024-08-26,908.4000244140624,906.3599853515624,915.7909,910.05646,913.07605,916.0286,905.1182,0.009721852656011061,-3.3262681708952297,18.81272247100698,898.9515991210938,956.3099975585938,0.004044782599055961,0.010800450091235947,1
2024-08-27,906.3599853515624,907.27001953125,910.05646,913.07605,916.0286,905.1182,911.75854,0.009403569912928412,-3.5787621087045496,20.69916196019892,898.9515991210938,956.3099975585938,0.004501323054126366,0.019520503711044603,2
2024-08-28,907.27001953125,912.3800048828124,913.07605,916.0286,905.1182,911.75854,912.40704,0.009076937716863402,-3.4672901814068133,21.95310415111122,898.9515991210938,956.3099975585938,-0.020417457696083448,-0.008728919640821823,3
2024-08-29,912.3800048828124,914.5800170898438,916.0286,905.1182,911.75854,912.40704,908.8101,0.008881207566122862,-2.8576013160567326,31.565347759100675,898.9515991210938,956.3099975585938,0.0006029682943513182,0.0015697281970487912,4
2024-08-30,914.5800170898438,913.52001953125,905.1182,911.75854,912.40704,908.8101,911.3711,0.008591791928821042,-2.146795260209549,35.78844788433811,898.9515991210938,956.3099975585938,-0.000602968294351396,-0.011801165553951888,5
2024-09-02,913.52001953125,915.0999755859376,920.6986,918.0024,917.94324,914.15314,917.4605,0.008299573937728184,-1.6130257629381433,33.34999959350591,898.9515991210938,956.3099975585938,0.0,-0.01579014229368231,1
2024-09-03,915.0999755859376,928.2999877929688,918.0024,917.94324,914.15314,917.4605,921.35535,0.008020565701381249,-1.046048345691264,36.34372244514195,898.9515991210938,956.3099975585938,-0.02764023713283298,-0.04692120222696072,2
2024-09-04,928.2999877929688,942.8300170898438,917.94324,914.15314,917.4605,921.35535,923.39813,0.008636877000027871,0.2559702522003917,46.20521366194207,898.9515991210938,956.3099975585938,-0.003105085111750596,-0.030277491617961977,3
2024-09-05,942.8300170898438,942.1599731445312,914.15314,917.4605,921.35535,923.39813,925.9587,0.00930455035606087,2.034739631150086,56.36908061899614,898.9515991210938,956.3099975585938,0.014326561027738912,-0.016877678364688273,4
2024-09-06,942.1599731445312,943.2100219726562,917.4605,921.35535,923.39813,925.9587,927.10364,0.008983411378918425,3.0444103859692726,52.770327526024055,898.9515991210938,956.3099975585938,-0.01557118096774766,-0.03148367681139164,5
2024-09-09,943.2100219726562,943.4000244140624,940.12836,945.9573,945.9441,954.74756,947.57184,0.008674587843392907,3.6219298889901332,65.69749441188908,898.9515991210938,956.3099975585938,0.017286439839061352,-0.014595933712157162,1
2024-09-10,943.4000244140624,949.2999877929688,945.9573,945.9441,954.74756,947.57184,952.83276,0.008373688088133211,3.8351695708575524,65.54829143613411,898.9515991210938,956.3099975585938,-0.01083079435184659,0.002108159485470008,2
2024-09-11,949.2999877929688,941.6500244140624,945.9441,954.74756,947.57184,952.83276,955.7547,0.00824620897881589,4.164562581907973,76.9845673524969,898.9515991210938,956.3099975585938,0.010463569894938275,0.015798086292642198,3
2024-09-12,941.6500244140624,933.72998046875,954.74756,947.57184,952.83276,955.7547,953.4015,0.008269061210742886,3.675274372378249,66.97150658758014,898.9515991210938,956.3099975585938,0.01217145342574411,0.013611289352515344,4
2024-09-13,933.72998046875,928.8200073242188,947.57184,952.83276,955.7547,953.4015,950.0326,0.008316209803238961,2.6728893262168825,69.7858958638064,898.9515991210938,956.3099975585938,0.01011089337881664,0.03998008318548353,5
2024-09-16,928.8200073242188,922.3499755859376,936.2759,934.7646,930.5215,931.72565,929.9635,0.008162838946684053,1.5874554346622574,66.79126781977496,898.9515991210938,956.3099975585938,0.00906053645250728,0.03146039659731232,1
2024-09-17,922.3499755859376,929.4099731445312,934.7646,930.5215,931.72565,929.9635,928.0039,0.008115510750942934,0.40369094701171426,60.40857457252689,898.9515991210938,956.3099975585938,0.0001187212220558712,0.042816446438048404,2
2024-09-18,929.4099731445312,930.25,930.5215,931.72565,929.9635,928.0039,924.03516,0.008088460431260356,0.08288440501376304,61.44639799410417,898.9515991210938,956.3099975585938,0.005797778381147515,0.03796221553272156,3
2024-09-19,930.25,930.3599853515624,931.72565,929.9635,928.0039,924.03516,927.6658,0.007812154355034562,-0.07735251549607514,60.72844278222356,898.9515991210938,956.3099975585938,0.011262404495693233,0.03701908583172897,4
2024-09-20,930.3599853515624,927.9000244140624,929.9635,928.0039,924.03516,927.6658,932.3849,0.007543625624750333,-0.17496086509520536,61.681428668202116,898.9515991210938,956.3099975585938,-0.0010504611301073035,0.025508902292358842,5
2024-09-23,927.9000244140624,922.3099975585938,924.4348,929.35406,927.5496,928.6529,929.8,0.007325109065296863,-0.3918072458907237,58.77195330682,898.9515991210938,956.3099975585938,0.001750230130358872,0.01803945332479335,1
2024-09-24,922.3099975585938,913.22998046875,929.35406,927.5496,928.6529,929.8,927.06854,0.007272978474249154,-0.8708827555248654,45.41699978331848,898.9515991210938,956.3099975585938,0.032233120582951455,0.05126381367872481,2
2024-09-25,913.22998046875,911.3699951171876,927.5496,928.6529,929.8,927.06854,931.46313,0.007535796321498158,-1.7099425785857916,25.292158267296728,898.9515991210938,956.3099975585938,-0.0003387253064925078,0.04483248253491049,3
2024-09-26,911.3699951171876,905.4000244140624,928.6529,929.8,927.06854,931.46313,934.97516,0.0073026699572710085,-2.265985829593213,24.799505244784797,898.9515991210938,956.3099975585938,0.03396927361253579,0.06882876616543135,4
2024-09-27,905.4000244140624,899.75,929.8,927.06854,931.46313,934.97516,932.28564,0.007286282386908428,-2.872616093538096,21.360379544468728,898.9515991210938,956.3099975585938,-0.008770054674294606,0.06060960762030686,5
2024-09-30,899.75,897.4099731445312,901.9392,908.4792,910.0447,913.1114,913.44684,0.007250124884244782,-3.452187258450963,19.46268202950725,898.9515991210938,956.3099975585938,-0.009959156737551753,0.048262946395565824,1
2024-10-01,897.4099731445312,903.72998046875,908.4792,910.0447,913.1114,913.44684,909.99506,0.007043356795414826,-3.765311681652464,11.79503126803121,897.4099731445312,956.3099975585938,0.008747270990222236,0.023930453579292812,2
2024-10-02,903.72998046875,911.1699829101562,910.0447,913.1114,913.44684,909.99506,909.9357,0.00705228741555876,-3.3337728925072505,21.522980286895915,897.4099731445312,956.3099975585938,0.013251060309858634,0.037940429599268334,3
2024-10-03,911.1699829101562,920.3900146484376,913.1114,913.44684,909.99506,909.9357,907.0825,0.0071507122809254696,-2.3790417901568803,32.934958351146676,897.4099731445312,956.3099975585938,-0.020664692030848586,-0.017245142709215823,4
2024-10-04,920.3900146484376,923.8499755859376,913.44684,909.99506,909.9357,907.0825,906.32574,0.007406899506425171,-1.0274128350885041,44.01364772334239,897.4099731445312,956.3099975585938,0.00454323643639212,-0.00407395984970126,5
2024-10-07,923.8499755859376,925.8699951171876,921.37573,919.43994,915.0498,920.0851,913.09937,0.007219364188094182,0.13687680133398938,51.11275924084609,897.4099731445312,956.3099975585938,-0.0007742044750523483,0.005115712028949617,1
2024-10-08,925.8699951171876,933.1900024414062,919.43994,915.0498,920.0851,913.09937,919.1921,0.006995344215293378,1.030506129057545,47.16166180715223,897.4099731445312,956.3099975585938,-0.023962600218861506,-0.027229604001752186,2
2024-10-09,933.1900024414062,932.7999877929688,915.0498,920.0851,913.09937,919.1921,912.63715,0.007071281809073046,2.0435294001296507,52.13538734345561,897.4099731445312,956.3099975585938,-0.013003527344188167,-0.05243693761411903,3
2024-10-10,932.7999877929688,929.5900268554688,920.0851,913.09937,919.1921,912.63715,913.74915,0.006834219907793626,2.5815889208923473,51.76504662845505,897.4099731445312,956.3099975585938,0.006865063336545291,-0.025988367376033456,4
2024-10-11,929.5900268554688,929.760009765625,913.09937,919.1921,912.63715,913.74915,911.74567,0.006677168637591163,2.607898047746554,51.209389640192576,897.4099731445312,956.3099975585938,0.015051426299758246,-0.01569930316931963,5
2024-10-14,929.760009765625,926.3099975585938,926.8848,926.62585,920.839,920.0659,923.7647,0.006453151121450023,2.521828967066206,55.77968254148638,897.4099731445312,956.3099975585938,-0.019966589598124317,-0.03441025300120396,1
2024-10-15,926.3099975585938,939.489990234375,926.62585,920.839,920.0659,923.7647,927.0812,0.006326977406726356,2.1330678967226104,61.11868026277696,897.4099731445312,956.3099975585938,-0.014543239227710301,-0.025272044125808683,2
2024-10-16,939.489990234375,937.1300048828124,920.839,920.0659,923.7647,927.0812,928.9043,0.007186961337318919,2.6313912167667377,70.04561537243261,897.4099731445312,956.3099975585938,0.007182639183070338,-0.00539608853382374,3
2024-10-17,937.1300048828124,945.9099731445312,920.0659,923.7647,927.0812,928.9043,930.6732,0.006982669125905495,2.661876348806738,73.84635991002065,897.4099731445312,956.3099975585938,-0.010443370880604458,-0.02246299809091158,4
2024-10-18,945.9099731445312,930.7589721679688,923.7647,927.0812,928.9043,930.6732,932.6879,0.007183347976204286,3.1023903471374483,83.1323506605134,897.4099731445312,956.3099975585938,0.013785382802360822,-0.02369981935567907,5
2024-10-21,930.7589721679688,951.75,945.6522,945.6019,945.7616,946.96814,946.0169,0.008222050509992987,2.2425204987428664,70.21863463992108,897.4099731445312,956.3099975585938,-0.005306331502970384,-0.009281577388423005,1
2024-10-22,951.75,948.5499877929688,945.6019,945.7616,946.96814,946.0169,939.4623,0.009943956385187545,2.914059732526087,74.7164128089551,897.4099731445312,955.5399780273438,0.005766385567984585,0.01104525856094856,2
2024-10-23,948.5499877929688,944.8300170898438,945.7616,946.96814,946.0169,939.4623,938.63043,0.009635449274898279,2.959795922196738,70.11798127068676,897.4099731445312,953.1599731445312,-0.010054969620869941,-0.00623339491539567,3
2024-10-24,944.8300170898438,946.4600219726562,946.96814,946.0169,939.4623,938.63043,936.1616,0.009359199179093133,2.570964810884508,63.98138817717676,897.4099731445312,953.1599731445312,0.0034786367081482633,0.007698586853333055,4
2024-10-25,946.4600219726562,935.7185668945312,946.0169,939.4623,938.63043,936.1616,932.704,0.00903758309779086,2.2657016981712816,63.21113029783638,897.4099731445312,953.1599731445312,0.004619474922603476,-0.0014956842728116415,5
2024-10-28,935.7185668945312,946.4400024414062,941.2597,940.6928,939.16235,937.83655,931.87866,0.009268042987768755,1.2341381195952845,55.22230198271341,897.4099731445312,953.1599731445312,-0.0017298446095613334,0.0020818470088422797,1
2024-10-29,946.4400024414062,955.75,940.6928,939.16235,937.83655,931.87866,932.04553,0.0094408087329647,1.1683184352083105,56.78132137805565,897.4099731445312,951.75,0.00011546014043166252,-0.003564873157259643,2
2024-10-30,955.75,961.3400268554688,939.16235,937.83655,931.87866,932.04553,929.0023,0.009469765841890403,1.6185211816718752,60.76305103627994,897.4099731445312,955.75,-0.0011547609895255664,0.005343190367856402,3
2024-10-31,961.3400268554688,960.9400024414062,937.83655,931.87866,932.04553,929.0023,924.49066,0.009261177957549542,2.12746764197271,64.5649052622619,897.4099731445312,961.3400268554688,-0.0032403544840676935,-0.001389059382812976,4
2024-11-01,960.9400024414062,947.4153442382812,931.87866,932.04553,929.0023,924.49066,924.2453,0.00893686801831876,2.2594337023408535,64.2732968956844,897.4099731445312,961.3400268554688,0.007851309416842709,0.0018435066469856885,5
2024-11-04,947.4153442382812,953.8599853515624,959.60846,957.6086,955.9696,957.5907,960.2196,0.009457681468144415,1.305464699082492,58.8455257433219,897.4099731445312,961.3400268554688,0.01359326842658909,0.017313086318757512,1
2024-11-05,953.8599853515624,956.0800170898438,957.6086,955.9696,957.5907,960.2196,962.68176,0.009295897022453075,0.9922798798424415,56.38302140922167,897.4099731445312,961.3400268554688,0.009822251413223898,0.027236014088185545,2
2024-11-06,956.0800170898438,962.9400024414062,955.9696,957.5907,960.2196,962.68176,959.65607,0.008987480807097402,0.8252775314119827,58.42790203256428,897.4099731445312,961.3400268554688,-0.05258911842530857,-0.024263436698556816,3
2024-11-07,962.9400024414062,957.1799926757812,957.5907,960.2196,962.68176,959.65607,954.8475,0.008873862926185706,1.0528840881142045,57.70559767401527,897.4099731445312,962.9400024414062,0.043447321295367755,0.022371605775549922,4
2024-11-08,957.1799926757812,945.7733154296876,960.2196,962.68176,959.65607,954.8475,955.95276,0.00872594586651145,0.7081140083217345,63.065059397334366,897.4099731445312,962.9400024414062,-0.028404111061249033,-0.014031022988213265,5
2024-11-11,945.7733154296876,968.6599731445312,969.665,965.40765,966.9729,962.0537,967.971,0.009040766117032546,-0.3393083031795374,46.73508445529177,897.4099731445312,962.9400024414062,-0.017770402770283862,-0.04447472119309048,1
2024-11-12,968.6599731445312,985.4099731445312,965.40765,966.9729,962.0537,967.971,960.9315,0.010826559734870652,0.4170620614538372,59.04099319706987,897.4099731445312,968.6599731445312,-0.021968305360875098,-0.07437363226057027,2
2024-11-13,985.4099731445312,979.4099731445312,966.9729,962.0537,967.971,960.9315,968.02625,0.01140626948938715,1.8717868180491477,66.33053978110081,897.4099731445312,985.4099731445312,-0.013072124212538998,-0.03706331991150083,3
2024-11-14,979.4099731445312,975.0800170898438,962.0537,967.971,960.9315,968.02625,970.5304,0.011125199436453025,2.2318494699604354,62.80946907753184,897.4099731445312,985.4099731445312,0.0017201059739166069,-0.0764172119838589,4
2024-11-15,975.0800170898438,961.9932861328124,967.971,960.9315,968.02625,970.5304,967.95667,0.010797188793110155,1.9884155092601397,66.10479914014243,897.4099731445312,985.4099731445312,-0.005416024015032468,-0.05493989504576591,5
2024-11-18,961.9932861328124,972.3499755859376,972.22046,976.4813,977.2688,978.7242,973.2164,0.011052716719153043,0.8161138559171626,56.24281889026893,897.4099731445312,985.4099731445312,0.01397245036674078,-0.02445978743095288,1
2024-11-19,972.3499755859376,970.7899780273438,976.4813,977.2688,978.7242,973.2164,985.4566,0.011029168110133825,0.6173141516993574,56.60742415069481,897.4099731445312,985.4099731445312,0.005341190903602937,0.0025488418048948414,2
2024-11-20,970.7899780273438,972.75,977.2688,978.7242,973.2164,985.4566,979.52435,0.010644284014787809,0.2772059089666037,53.88611622305685,897.4099731445312,985.4099731445312,0.0032633707191537793,0.01906046895632941,3
2024-11-21,972.75,973.0900268554688,978.7242,973.2164,985.4566,979.52435,982.95056,0.01027613116896611,0.09036486271770272,54.79511802242735,897.4099731445312,985.4099731445312,-0.007388136557883757,0.00982076167507639,4
2024-11-22,973.0900268554688,964.489013671875,973.2164,985.4566,979.52435,982.95056,982.67413,0.009911410052019027,-0.09420702124562297,61.67440419891561,897.4099731445312,985.4099731445312,-0.009527380066168888,0.005677551917394998,5
2024-11-25,964.489013671875,975.7000122070312,976.19836,973.9081,974.91364,972.8518,964.9295,0.00986994219437743,-0.8380626456370592,54.74011643288999,897.4099731445312,985.4099731445312,0.004286314657899773,-0.004016552332532198,1
2024-11-26,975.7000122070312,976.969970703125,973.9081,974.91364,972.8518,964.9295,974.59503,0.010002718069692367,-0.6272059246975292,58.100154920307254,897.4099731445312,985.4099731445312,-0.012914458354139725,-0.022033917091298035,2
2024-11-27,976.969970703125,976.8499755859376,974.91364,972.8518,964.9295,974.59503,973.3886,0.009653585551918163,-0.46199188133000035,56.07259416514014,897.4099731445312,985.4099731445312,0.006908460270460658,-0.018462638279616122,3
2024-11-28,976.8499755859376,977.4400024414062,972.8518,964.9295,974.59503,973.3886,978.1589,0.009314030184214226,-0.42169719664103056,58.950769697370355,897.4099731445312,985.4099731445312,0.0,-0.011184051727036284,4
2024-11-29,977.4400024414062,960.9544067382812,964.9295,974.59503,973.3886,978.1589,969.0506,0.008987865181892802,-0.4155387830710282,65.98325480751154,897.4099731445312,985.4099731445312,0.00331395542562012,0.0015955435270758422,5
2024-12-02,960.9544067382812,978.260009765625,977.4586,978.0439,977.4846,983.67804,980.11975,0.009837754574014639,-1.5198784001048686,45.8420665042769,897.4099731445312,985.4099731445312,-0.0012261194171518171,-0.003910496093641412,1
2024-12-03,978.260009765625,972.0,978.0439,977.4846,983.67804,980.11975,984.48883,0.010618583485363702,-1.102425890348977,46.16486638498594,897.4099731445312,985.4099731445312,0.017150550571007218,0.02649167447523416,2
2024-12-04,972.0,974.72998046875,977.4846,983.67804,980.11975,984.48883,986.10767,0.010395327984188407,-1.2544168111800058,46.03645656833959,897.4099731445312,985.4099731445312,-0.0009651810670761947,0.018441182129404488,3
2024-12-05,974.72998046875,969.6799926757812,983.67804,980.11975,984.48883,986.10767,988.4485,0.010051271772529203,-1.1787769829707813,49.809507296518255,897.4099731445312,985.4099731445312,-0.001691427036356159,0.016720019200111805,4
2024-12-06,969.6799926757812,957.8364868164062,980.11975,984.48883,986.10767,988.4485,984.5078,0.009804712636307366,-1.458240503839324,54.584157486024345,897.4099731445312,985.4099731445312,0.0008460711338127912,0.014213965432842037,5
2024-12-09,957.8364868164062,969.1799926757812,971.5811,971.59247,968.48834,968.3668,953.4554,0.010040219431202192,-2.375848811880511,41.495343681978305,897.4099731445312,985.4099731445312,0.02033065993438071,0.03631450449593498,1
2024-12-10,969.1799926757812,974.469970703125,971.59247,968.48834,968.3668,953.4554,969.3189,0.010176382225280105,-2.1601754069886123,49.15362135063781,897.4099731445312,985.4099731445312,0.0,0.018692684080309226,2
2024-12-11,974.469970703125,974.7000122070312,968.48834,968.3668,953.4554,969.3189,970.2282,0.009917996846414104,-1.6268874633978037,50.87361207903555,897.4099731445312,985.4099731445312,-0.0022517461047863417,0.017382912422678014,3
2024-12-12,974.7000122070312,976.3900146484376,968.3668,953.4554,969.3189,970.2282,972.93207,0.009568504680989982,-1.2416860377629835,50.81866270401393,897.4099731445312,985.4099731445312,-0.004518987951738658,0.014510263472407563,4
2024-12-13,976.3900146484376,965.2628784179688,953.4554,969.3189,970.2282,972.93207,965.8554,0.009241866174940765,-0.8734939179737085,56.509027835269116,897.4099731445312,985.4099731445312,-0.01102599903417866,0.002537139949653557,5
2024-12-16,965.2628784179688,983.5700073242188,981.4102,982.037,980.313,978.1315,967.88574,0.009455813444097362,-1.351233118428869,44.28636535559775,897.4099731445312,985.4099731445312,-0.0013265764037010605,-0.01894161902904953,1
2024-12-17,983.5700073242188,982.1099853515624,982.037,980.313,978.1315,967.88574,978.5858,0.01040900014284764,-0.45263603286735155,53.045069906931566,897.4099731445312,985.4099731445312,-0.012629201966152723,-0.03125369397812252,2
2024-12-18,982.1099853515624,993.9199829101562,980.313,978.1315,967.88574,978.5858,980.2061,0.010050708708029554,0.0010542882728783454,52.39717835029168,897.4099731445312,985.4099731445312,0.002075347014305267,-0.02705275613333742,3
2024-12-19,993.9199829101562,991.1500244140624,978.1315,967.88574,978.5858,980.2061,977.7037,0.010200194561053012,0.9989617147912631,56.81371059646967,897.4099731445312,993.9199829101562,-0.019580631900887508,-0.041597135021522465,4
2024-12-20,991.1500244140624,1010.3800048828124,967.88574,978.5858,980.2061,977.7037,975.6641,0.00987307089902225,1.3529263536698055,64.08156248203234,897.4099731445312,993.9199829101562,0.005085840171359418,-0.02603043482857998,5
2025-01-06,1010.3800048828124,1010.5800170898438,987.58813,1000.6619,1004.71564,1006.08057,1000.2002,0.009810323338009087,1.7916498180711384,70.66590026788533,926.3099975585938,1010.3800048828124,0.021429735158765856,0.01587688739483173,1
2025-01-07,1010.5800170898438,1004.3400268554688,1000.6619,1004.71564,1006.08057,1000.2002,987.17096,0.009465950664095408,2.1159527164327088,64.83230816257574,926.3099975585938,1010.5800170898438,0.008084555631823191,0.02842670957710182,2
2025-01-08,1004.3400268554688,1000.8400268554688,1004.71564,1006.08057,1000.2002,987.17096,995.8884,0.009295675416677458,1.7452780548569358,61.59853614326232,930.7589721679688,1010.5800170898438,0.01597552148922448,0.06058702888106693,3
2025-01-09,1000.8400268554688,1006.0700073242188,1006.08057,1000.2002,987.17096,995.8884,998.3788,0.009025816247020198,1.1293182348564041,53.95335116754581,930.7589721679688,1010.5800170898438,0.012225389355236115,0.0729597294085199,4
2025-01-10,1006.0700073242188,1008.9400024414062,1000.2002,987.17096,995.8884,998.3788,1001.04175,0.00881499405024327,0.9464610751026754,58.29060547952087,930.7589721679688,1010.5800170898438,-0.0011690706262276669,0.05817542837432925,5
2025-01-13,1008.9400024414062,1008.010009765625,998.927,1001.14197,1002.89014,1001.5442,998.25653,0.008537845218502246,0.8918840186502273,72.61137975344715,930.7589721679688,1010.5800170898438,0.004900805420346145,0.04082867761393312,1
2025-01-14,1008.010009765625,1006.0999755859376,1001.14197,1002.89014,1001.5442,998.25653,993.731,0.008246473123346958,0.6760323376608621,64.62923271357197,935.7185668945312,1010.5800170898438,0.0034860233805795665,0.03605338146364766,2
2025-01-15,1006.0999755859376,1005.489990234375,1002.89014,1001.5442,998.25653,993.731,1000.1729,0.007980185444085113,0.30632737454758896,62.56841159809692,935.7185668945312,1010.5800170898438,0.011303415838173602,0.031224120797995875,3
2025-01-16,1005.489990234375,1013.0599975585938,1001.5442,998.25653,993.731,1000.1729,994.63434,0.0077061875653920316,-0.05816140308331086,63.34862953751338,935.7185668945312,1010.5800170898438,0.01163071682537297,0.03061106244377288,4
2025-01-17,1013.0599975585938,1000.23291015625,998.25653,993.731,1000.1729,994.63434,994.4977,0.007698441168214887,0.12188691152105591,67.44949378207187,935.7185668945312,1013.0599975585938,-0.016689905700843943,0.014738613581286432,5
2025-01-20,1000.23291015625,1007.2999877929688,1014.0189,1013.94946,1007.1233,1006.2729,1010.52893,0.00821860568701131,-0.6681706431088195,64.46420026443607,935.7185668945312,1013.0599975585938,0.0,0.00977774314311354,1
2025-01-21,1007.2999877929688,1003.4299926757812,1013.94946,1007.1233,1006.2729,1010.52893,1004.3534,0.00814648881144298,-0.75373360753035,60.57072293112931,945.7733154296876,1013.0599975585938,-0.006128301580466994,0.00011593210184236907,2
2025-01-22,1003.4299926757812,990.8099975585938,1007.1233,1006.2729,1010.52893,1004.3534,1004.79297,0.007940788092554895,-1.0895081799584094,57.21504144637216,945.7733154296876,1013.0599975585938,-0.009204786171019986,-0.02018576031546615,3
2025-01-23,990.8099975585938,987.0499877929688,1006.2729,1010.52893,1004.3534,1004.79297,1004.762,0.00841631622095735,-2.1204300318301383,40.71053440339451,945.7733154296876,1013.0599975585938,0.006533654698869979,-0.025167228157144683,4
2025-01-24,987.0499877929688,966.6174926757812,1010.52893,1004.3534,1004.79297,1004.762,1002.81726,0.008196417148888791,-2.9627576486668996,33.144065173159305,945.7733154296876,1013.0599975585938,-0.002212010159230562,-0.010951039186174481,5
2025-01-27,966.6174926757812,986.8499755859376,989.12616,989.2744,987.4454,989.9735,986.8389,0.009743746183401045,-4.699968188291887,25.422532808309384,945.7733154296876,1013.0599975585938,-0.020369261459914086,-0.030893440556739114,1
2025-01-28,986.8499755859376,994.030029296875,989.2744,987.4454,989.9735,986.8389,982.0137,0.010909398136118988,-4.301150484956984,41.54491104891299,945.7733154296876,1013.0599975585938,0.0040361400459950495,-0.020992781408593158,2
2025-01-29,994.030029296875,991.2999877929688,987.4454,989.9735,986.8389,982.0137,991.7639,0.010690565750400458,-3.407590690353634,46.82100226967474,945.7733154296876,1013.0599975585938,0.008728571240526836,-0.003277522791118762,3
2025-01-30,991.2999877929688,983.77001953125,989.9735,986.8389,982.0137,991.7639,991.2644,0.010340904201570647,-2.8754505550147353,42.94038571273538,945.7733154296876,1013.0599975585938,0.007138274803439134,-0.002674702122338482,4
2025-01-31,983.77001953125,987.900146484375,986.8389,982.0137,991.7639,991.2644,990.44934,0.010195366677952006,-2.8975033041755736,38.48258388273928,945.7733154296876,1013.0599975585938,-0.006081895310409236,-0.0065267781302247845,5
2025-02-03,987.900146484375,985.1500244140624,984.0724,985.2194,990.91583,989.25836,988.09375,0.009894342227593575,-2.515033342651385,41.05984811401543,945.7733154296876,1013.0599975585938,0.007480180735855045,0.021529763102614546,1
2025-02-04,985.1500244140624,971.7000122070312,985.2194,990.91583,989.25836,988.09375,987.43994,0.00958066622445569,-2.3324152397945284,40.75542618162927,957.8364868164062,1013.0599975585938,0.011231533344878048,0.028906579234281207,2
2025-02-05,971.7000122070312,970.219970703125,990.91583,989.25836,988.09375,987.43994,990.7274,0.009977132263907899,-2.962159498390724,36.60716661675133,957.8364868164062,1013.0599975585938,0.020964651419344747,0.041573702557784656,3
2025-02-06,970.219970703125,962.0700073242188,989.25836,988.09375,987.43994,990.7274,993.3242,0.00963765779446929,-3.297417585513249,32.158836433144984,957.8364868164062,1013.0599975585938,0.004275338767884391,0.038596008179180456,4
2025-02-07,962.0700073242188,947.8109130859376,988.09375,987.43994,990.7274,993.3242,994.93695,0.009585471480949806,-3.848666012819198,33.462422471137444,957.8364868164062,1013.0599975585938,0.028336209444502193,0.07496479661922238,5
2025-02-10,947.8109130859376,961.3900146484376,959.2636,966.6771,970.70496,976.2145,970.33093,0.010104820820480703,-4.8874942185230825,25.733483579558225,947.8109130859376,1013.0599975585938,0.02564242139116298,0.09466694191592809,1
2025-02-11,961.3900146484376,961.030029296875,966.6771,970.70496,976.2145,970.33093,978.0062,0.010455482615595379,-4.389762683344527,34.109894510903516,947.8109130859376,1013.0599975585938,-0.0228089383976497,0.05803105189777886,2
2025-02-12,961.030029296875,956.0,970.70496,976.2145,970.33093,978.0062,971.99164,0.010087161421088554,-3.8345919857201674,37.59410922645458,947.8109130859376,1013.0599975585938,0.0222769264194491,0.05942039099462237,3
2025-02-13,956.0,952.4400024414062,976.2145,970.33093,978.0062,971.99164,976.7178,0.009841880440856715,-3.561813982923548,37.20047522408849,947.8109130859376,1013.0599975585938,0.014999774021689321,0.07084321859047207,4
2025-02-14,952.4400024414062,928.5040893554688,970.33093,978.0062,971.99164,976.7178,977.5758,0.009555310415085208,-3.378401638217447,43.21138111587681,947.8109130859376,1013.0599975585938,-0.023872587026951185,0.016370142615055504,5
2025-02-17,928.5040893554688,947.1599731445312,958.66705,962.3403,956.5308,961.29706,955.6431,0.01151406522601423,-4.553260001273388,23.019106288360533,928.5040893554688,1013.0599975585938,0.0,-0.009360737935553285,1
2025-02-18,947.1599731445312,948.969970703125,962.3403,956.5308,961.29706,955.6431,961.8524,0.012311132669218232,-3.7893813381934365,30.405540917699184,928.5040893554688,1013.0599975585938,-0.015473949459281645,-0.0020676954116424233,2
2025-02-19,948.969970703125,950.760009765625,956.5308,961.29706,955.6431,961.8524,968.6577,0.011876355843125028,-2.91681198606161,32.166358011516834,928.5040893554688,1013.0599975585938,-0.006125566588133508,-0.030012727837424712,3
2025-02-20,950.760009765625,942.2899780273438,961.29706,955.6431,961.8524,968.6577,968.67487,0.011460254210988374,-2.0164846430792007,35.386081168862745,928.5040893554688,1013.0599975585938,0.011129332905545155,-0.03375975046488873,4
2025-02-21,942.2899780273438,930.7056274414062,955.6431,961.8524,968.6577,968.67487,966.62787,0.01132280886189642,-1.796133548948049,30.555045253260573,928.5040893554688,1013.0599975585938,-0.010471269367841866,-0.020723702939401897,5
2025-02-24,930.7056274414062,943.3300170898438,935.96954,931.0346,935.6788,933.3953,933.8988,0.011431494175624921,-2.2081843642972334,28.414685671060624,928.5040893554688,1013.0599975585938,-0.009474510390437337,-0.02995805184596864,1
2025-02-25,943.3300170898438,941.8200073242188,931.0346,935.6788,933.3953,933.8988,933.6271,0.01159007950880101,-1.4450339156631973,38.67816159147906,928.5040893554688,1013.0599975585938,-0.006886650883797669,-0.021592143138089753,2
2025-02-26,941.8200073242188,941.9400024414062,935.6788,933.3953,933.8988,933.6271,933.8013,0.011187910048032303,-0.8840265152369238,38.66891224187533,928.5040893554688,1013.0599975585938,0.012405953665810794,-0.0032917144602511196,3
2025-02-27,941.9400024414062,952.239990234375,933.3953,933.8988,933.6271,933.8013,938.44104,0.010791607866891819,-0.37308941733611967,41.41861723718035,928.5040893554688,1013.0599975585938,0.008331578098502572,-0.0060763626595096935,4
2025-02-28,952.239990234375,940.6137084960938,933.8988,933.6271,933.8013,938.44104,940.2172,0.010799278041760407,0.7301941145089703,51.95406706398227,928.5040893554688,1013.0599975585938,-0.014404511438083157,-0.009978026799712601,5
2025-03-03,940.6137084960938,950.0999755859376,950.8673,949.7684,956.2526,954.6051,943.77826,0.010944120561359716,0.7459654118529855,40.67297274932743,928.5040893554688,1013.0599975585938,0.013640030476108149,0.013172401591244692,1
2025-03-04,950.0999755859376,947.030029296875,949.7684,956.2526,954.6051,943.77826,952.1789,0.010883659059272556,1.424931689137754,45.46482745486561,928.5040893554688,1013.0599975585938,-0.010764556028160344,0.009251023403499046,2
2025-03-05,947.030029296875,939.0700073242188,956.2526,954.6051,943.77826,952.1789,946.22656,0.010539810658678761,1.6794272856421824,46.21657802194408,928.5040893554688,1013.0599975585938,0.05144233767329024,0.04942760641594816,3
2025-03-06,939.0700073242188,928.510009765625,954.6051,943.77826,952.1789,946.22656,944.4355,0.010429789803940654,1.338630842578544,44.56252792533388,928.5040893554688,1013.0599975585938,0.002618996735577343,0.04344975656317446,4
2025-03-07,928.510009765625,914.76953125,943.77826,952.1789,946.22656,944.4355,951.7664,0.010526170797260323,0.4736066161769088,50.002701725594925,928.5040893554688,1013.0599975585938,-0.020292329949920637,0.03732416465304328,5
2025-03-10,914.76953125,942.1199951171876,926.9861,928.8081,920.3388,926.1846,915.2461,0.010935145664926493,-0.8786977392817565,34.52466005488117,914.76953125,1013.0599975585938,-0.009332316703541513,0.013766022728977697,1
2025-03-11,942.1199951171876,937.239990234375,928.8081,920.3388,926.1846,915.2461,924.85626,0.01316329946272816,0.15880086626910206,47.36928464607355,914.76953125,1013.0599975585938,0.021430455186379798,0.04693530897151047,2
2025-03-12,937.239990234375,938.5900268554688,920.3388,926.1846,915.2461,924.85626,923.04553,0.01277125719010328,0.5825591196458149,44.92804859284444,914.76953125,1013.0599975585938,0.01694430857674518,0.011433987840227288,3
2025-03-13,938.5900268554688,937.7000122070312,926.1846,915.2461,924.85626,923.04553,912.853,0.012317619138280006,0.9956816267303292,48.53365340423659,914.76953125,1013.0599975585938,0.015947632797405603,0.025005265763140345,4
2025-03-14,937.7000122070312,916.7955932617188,915.2461,924.85626,923.04553,912.853,913.6733,0.011882135692257849,1.2352570909270408,53.02871405721245,914.76953125,1013.0599975585938,-0.005937733472506577,0.039824913300253756,5
2025-03-17,916.7955932617188,920.0,940.7385,935.751,938.24054,937.6349,925.4045,0.01298795103742726,0.07340976338803529,39.27884088965353,914.76953125,1013.0599975585938,0.013057342105819809,0.06336882487162808,1
2025-03-18,920.0,916.6900024414062,935.751,938.24054,937.6349,925.4045,931.48804,0.012553387033537226,-0.3675146463543175,41.30277285406574,914.76953125,1013.0599975585938,0.01198830020340408,0.05337558472913837,2
2025-03-19,916.6900024414062,916.2899780273438,938.24054,937.6349,925.4045,931.48804,935.9567,0.012148076998751742,-0.7483609748383468,40.185204164911084,914.76953125,1013.0599975585938,0.01648665430651425,0.05289361319120863,3
2025-03-20,916.2899780273438,926.5499877929688,937.6349,925.4045,931.48804,935.9567,941.2998,0.011717424961149137,-0.8841735781420859,34.86090398913085,914.76953125,1013.0599975585938,0.0017714450653270794,0.038072894515949196,4
2025-03-21,926.5499877929688,915.72509765625,925.4045,931.48804,935.9567,941.2998,934.81854,0.011677760384477518,-0.17697058051165016,44.00860979569679,914.76953125,1013.0599975585938,0.0004915325117683023,0.044768441929863075,5
2025-03-24,915.72509765625,927.97998046875,927.29926,925.8668,921.07117,918.8741,923.633,0.011711142420743397,-0.32364018772128667,35.52084522366157,914.76953125,1013.0599975585938,-0.00462985906017308,0.02645187424024765,1
2025-03-25,927.97998046875,919.280029296875,925.8668,921.07117,918.8741,923.633,925.26154,0.011830940057359683,0.47582289430108204,42.55215372750252,914.76953125,1013.0599975585938,0.02322734568162919,0.03805328581196973,2
2025-03-26,919.280029296875,923.1199951171876,921.07117,918.8741,923.633,925.26154,930.6032,0.01169932772847872,0.4880213932934172,42.30737658051112,914.76953125,1013.0599975585938,0.0063467838469931665,0.027580744797815793,3
2025-03-27,923.1199951171876,932.72998046875,918.8741,923.633,925.26154,930.6032,928.2745,0.011335461901948826,0.8052941454545781,47.7893385588821,914.76953125,1013.0599975585938,-0.02298064644999868,0.002458172895057004,4
2025-03-28,932.72998046875,916.3352661132812,923.633,925.26154,930.6032,928.2745,931.96344,0.0112700471102967,1.663543305709661,57.62463647048335,914.76953125,1013.0599975585938,0.002938365143867073,0.004914023567330483,5
2025-03-31,916.3352661132812,940.6799926757812,929.7692,924.88556,919.18896,922.75684,919.04474,0.011887963579753495,1.152524423656958,37.93113102383562,914.76953125,1013.0599975585938,-0.018258628772333623,-0.008688812726354047,1
2025-04-01,940.6799926757812,946.030029296875,924.88556,919.18896,922.75684,919.04474,925.55145,0.01342838625088419,2.4073324223611294,51.361966997293024,914.76953125,1013.0599975585938,-0.00019920859062432655,-0.031641912320292516,2
2025-04-02,946.030029296875,955.3400268554688,919.18896,922.75684,919.04474,925.55145,922.67584,0.013029966107095165,3.4854638568626637,52.85521345763851,914.76953125,1013.0599975585938,0.0008961737723840239,-0.03690569622017882,3
2025-04-03,955.3400268554688,949.0599975585938,922.75684,919.04474,925.55145,922.67584,917.25757,0.012826016403386632,4.6411117910655655,56.35868646901863,914.76953125,1013.0599975585938,-0.04322195932757321,-0.056204018771529,4
2025-04-04,949.0599975585938,935.25,919.04474,925.55145,922.67584,917.25757,924.15436,0.012502343210360634,4.77926746586546,63.001073298094525,914.76953125,1013.0599975585938,-0.09282933543076072,-0.1423961147916047,5
2025-04-28,935.25,943.489990234375,941.9768,943.7498,939.47284,955.1697,958.1992,0.012283084300926297,-4.514860955392704,45.03630473955754,914.76953125,1000.8300170898438,0.0005168878655258812,0.022508648121600274,1
2025-04-29,943.489990234375,945.1900024414062,943.7498,939.47284,955.1697,958.1992,962.9099,0.012068507255737786,-4.272217692073456,45.914980828570165,914.76953125,1000.8300170898438,-0.0031052435334028017,-0.00975261937351989,2
2025-04-30,945.1900024414062,950.72998046875,939.47284,955.1697,958.1992,962.9099,963.1728,0.011648251564697447,-3.825574413191852,28.940524210131088,914.76953125,1000.8300170898438,-0.05607352061762226,-0.05697442543363044,3
2025-05-01,950.72998046875,947.260009765625,955.1697,958.1992,962.9099,963.1728,964.84955,0.011336970376869036,-3.0207047497009003,25.63701952329427,914.76953125,1000.8300170898438,0.004594671450517154,-0.05546392962787922,4
2025-05-02,947.260009765625,947.9299926757812,958.1992,962.9099,963.1728,964.84955,967.6002,0.010983323442271278,-2.601607408024634,30.477498355741403,914.76953125,1000.8300170898438,0.010099495402357292,-0.043015141441810484,5
2025-05-05,947.9299926757812,939.2999877929688,956.11163,960.867,959.9914,962.25745,958.78674,0.010593709976433186,-2.176142701739002,24.174004868959088,914.76953125,1000.8300170898438,0.005925177969817894,-0.03782546872315758,1
2025-05-06,939.2999877929688,938.5399780273438,960.867,959.9914,962.25745,958.78674,958.9388,0.010523141183776,-2.357534242697721,27.268828220299625,914.76953125,1000.8300170898438,0.017039799034740594,-0.018245868037416145,2
2025-05-07,938.5399780273438,946.030029296875,959.9914,962.25745,958.78674,958.9388,956.8719,0.010152128565644215,-2.4021646783027646,29.164747613564614,914.76953125,1000.8300170898438,-0.025344934089104907,0.012390341830550685,3
2025-05-08,946.030029296875,941.010009765625,962.25745,958.78674,958.9388,956.8719,956.677,0.010012895485644243,-1.8267616605659418,33.67522868617067,914.76953125,1000.8300170898438,-0.012094951453395206,-0.004365854960933389,4
2025-05-09,941.010009765625,934.3300170898438,958.78674,958.9388,956.8719,956.677,958.58923,0.009770724617041242,-1.6870971966757842,31.448717344952,914.76953125,1000.8300170898438,0.010902897168546432,-0.0035656393260454274,5
2025-05-12,934.3300170898438,945.8900146484376,944.1862,939.64825,942.09454,946.7466,951.7216,0.009628800824932037,-1.9299570309679024,31.902838009810154,914.76953125,1000.8300170898438,-0.007073377887293767,-0.016434030580881873,1
2025-05-13,945.8900146484376,940.0,939.64825,942.09454,946.7466,951.7216,955.1741,0.009849282402274296,-1.23141224353449,45.99503296997778,914.76953125,1000.8300170898438,0.022247173859377273,-0.011298875177932762,2
2025-05-14,940.0,940.72998046875,942.09454,946.7466,951.7216,955.1741,945.6423,0.009658066555000315,-1.09024452433998,48.8685240734151,914.76953125,1000.8300170898438,-0.015173795972083464,-0.0011913440703725517,3
2025-05-15,940.72998046875,938.9199829101562,946.7466,951.7216,955.1741,945.6423,946.00433,0.009316243122297502,-0.8808726877702044,52.93943607000831,914.76953125,1000.8300170898438,0.007238909746494404,0.018307369178190317,4
2025-05-16,938.9199829101562,941.8599853515624,951.7216,955.1741,945.6423,946.00433,940.6912,0.009003014556442118,-0.7998152262220266,52.69099778468974,914.76953125,1000.8300170898438,-0.01934837533708332,-0.012036441071987002,5
2025-05-19,941.8599853515624,940.5800170898438,942.1682,930.97095,937.0173,936.5095,936.32086,0.008718585142009272,-0.4984750513299585,48.70408292005931,914.76953125,1000.8300170898438,0.0169772425792154,0.012012735098903228,1
2025-05-20,940.5800170898438,942.3800048828124,930.97095,937.0173,936.5095,936.32086,927.94995,0.00841753141843396,-0.34303523538730785,46.31023890384833,914.76953125,1000.8300170898438,-0.0030260346385719466,-0.013243575430261126,2
2025-05-21,942.3800048828124,943.2000122070312,937.0173,936.5095,936.32086,927.94995,929.1644,0.00812940145168403,-0.08985390311688901,42.891215424138764,914.76953125,1000.8300170898438,0.003996732489320712,0.005855551952188467,3
2025-05-22,943.2000122070312,942.4500122070312,936.5095,936.32086,927.94995,929.1644,930.17664,0.007838997358210122,0.1489824653383387,46.38017446384746,914.76953125,1000.8300170898438,0.002261338227305517,0.0008612740038163401,4
2025-05-23,942.4500122070312,940.219970703125,936.32086,927.94995,929.1644,930.17664,920.50134,0.007561026566258271,0.2657737305065808,45.12110297937456,914.76953125,1000.8300170898438,0.03342458026543332,0.05509821662590008,5
2025-05-26,940.219970703125,940.6300048828124,942.92456,944.29376,944.96216,947.0301,948.52325,0.007321349415597406,0.20488855500781256,50.92441881145978,914.76953125,1000.8300170898438,0.0,0.03733675518572619,1
2025-05-27,940.6300048828124,938.4600219726562,944.29376,944.96216,947.0301,948.52325,949.9178,0.007055659865465476,0.2038474101385419,52.11497958704677,914.76953125,1000.8300170898438,-0.0202812436660701,0.01959083770773821,2
2025-05-28,938.4600219726562,938.9199829101562,944.96216,947.0301,948.52325,949.9178,948.58093,0.006834542081949716,0.07525465006554466,41.41528383614509,914.76953125,1000.8300170898438,-0.014111840791877541,0.0012936701049730578,3
2025-05-29,938.9199829101562,938.4299926757812,947.0301,948.52325,949.9178,948.58093,950.29425,0.006585104847172025,0.04112140539966669,47.35640205725542,914.76953125,1000.8300170898438,0.002043566522742006,0.001075640416875799,4
2025-05-30,938.4299926757812,921.7597045898438,948.52325,949.9178,948.58093,950.29425,949.05756,0.006346718785392961,0.007265487563326456,56.14873993577942,914.76953125,1000.8300170898438,-0.0002148995271001742,-0.032039905709952646,5
2025-06-02,921.7597045898438,938.6599731445312,937.9703,934.6626,936.08795,934.16724,932.21857,0.00794130864123582,-1.0572471923083215,18.6213924812169,914.76953125,1000.8300170898438,0.03837293468076727,0.005825419364221747,1
2025-06-03,938.6599731445312,939.6099853515624,934.6626,936.08795,934.16724,932.21857,935.1648,0.00907756289181646,-0.5671478717078777,48.64535682245319,914.76953125,1000.8300170898438,-0.00518450319141898,0.02112530328766563,2
2025-06-04,939.6099853515624,937.6500244140624,936.08795,934.16724,932.21857,935.1648,934.19104,0.008764370456110683,-0.14495513596600906,48.87280304091313,915.72509765625,1000.8300170898438,0.011370771023053533,0.047480617966164276,3
2025-06-05,937.6500244140624,930.260009765625,934.16724,932.21857,935.1648,934.19104,934.44086,0.008482664819381988,0.027165721328144876,48.725721837821695,915.72509765625,1000.8300170898438,0.010022539816397101,0.05587187011257291,4
2025-06-06,930.260009765625,931.0900268554688,932.21857,935.1648,934.19104,934.44086,936.5404,0.008475419113371347,-0.31307174825772144,39.31478907764479,915.72509765625,1000.8300170898438,-0.017140032791401298,0.03815148098800861,5
2025-06-09,931.0900268554688,935.719970703125,932.31494,929.90356,932.83624,931.63226,929.7254,0.008184638461572236,-0.4313129048437263,41.18531452673583,915.72509765625,1000.8300170898438,0.016325676622677046,0.015513556447825906,1
2025-06-10,935.719970703125,937.6900024414062,929.90356,932.83624,931.63226,929.7254,931.5562,0.008006767928712806,-0.1607271786946658,44.12286201183642,915.72509765625,1000.8300170898438,-0.005207608171614772,0.015490093298274395,2
2025-06-11,937.6900024414062,933.6099853515624,932.83624,931.63226,929.7254,931.5562,932.46246,0.007748549995976496,0.1700001068091912,45.23442514949825,915.72509765625,1000.8300170898438,-0.01714026613943747,-0.013053741787069396,3
2025-06-12,933.6099853515624,929.6099853515624,931.63226,929.7254,931.5562,932.46246,929.4077,0.0075830400592328895,0.13459823894917866,42.77073494075718,915.72509765625,1000.8300170898438,0.004260792393544969,-0.018723926075535434,4
2025-06-13,929.6099853515624,913.9111328125,929.7254,931.5562,932.46246,929.4077,931.18677,0.007422970756694276,-0.12363073760040066,41.5674000655847,915.72509765625,1000.8300170898438,-0.0038443294507411077,-0.005590051932799723,5
2025-06-16,913.9111328125,935.7999877929688,931.64844,931.9284,926.7643,927.4731,926.2268,0.008544298421514399,-1.2542982982756539,32.91617819918234,913.9111328125,1000.8300170898438,0.004880837537628862,-0.01690603544999363,1
2025-06-17,935.7999877929688,945.02001953125,931.9284,926.7643,927.4731,926.2268,930.8969,0.010391053266554526,-0.470903517968313,48.64170612332418,913.9111328125,1000.8300170898438,-0.005401492987357544,-0.017096623965461525,2
2025-06-18,945.02001953125,942.760009765625,926.7643,927.4731,926.2268,930.8969,929.06866,0.01035261662872609,0.6637001889712089,52.85908078477324,913.9111328125,1000.8300170898438,0.009227140365298444,0.00916468878405733,3
2025-06-19,942.760009765625,940.5800170898438,927.4731,926.2268,930.8969,929.06866,931.60254,0.010010780321584915,1.2248149096221628,51.996350777823494,913.9111328125,1000.8300170898438,0.0,0.004873994923362875,4
2025-06-20,940.5800170898438,939.5,926.2268,930.8969,929.06866,931.60254,929.1699,0.009682558616190183,1.3993781859465186,60.01527860060493,913.9111328125,1000.8300170898438,-0.0039291905707601535,0.004788723808827911,5
2025-06-23,939.5,947.8900146484376,945.1801,942.3498,940.38684,939.7993,931.65247,0.009351187304832252,1.3895160165158145,50.53752941902455,913.9111328125,1000.8300170898438,0.0035163385627902445,0.00341862558664852,1
2025-06-24,947.8900146484376,935.4400024414062,942.3498,940.38684,939.7993,931.65247,934.5805,0.009323479981101236,1.865764855562976,54.8377226828786,913.9111328125,1000.8300170898438,0.004943401982937207,0.013852762854439359,2
2025-06-25,935.4400024414062,936.9299926757812,940.38684,939.7993,931.65247,934.5805,938.1007,0.009694241689411088,1.287518622757526,48.8497593672073,913.9111328125,1000.8300170898438,0.009407022913502858,0.0140351536768969,3
2025-06-26,936.9299926757812,930.75,939.7993,931.65247,934.5805,938.1007,938.1161,0.009363218122700221,0.9653318049528326,53.69865072236071,913.9111328125,1000.8300170898438,0.030568031659263944,0.04551083630942393,4
2025-06-27,930.75,919.1043090820312,931.65247,934.5805,938.1007,938.1161,937.68567,0.009220909000948001,0.328847055855755,49.822008571448656,913.9111328125,1000.8300170898438,0.0005921175328644001,0.050248615334513205,5
2025-06-30,919.1043090820312,931.1400146484376,933.70996,931.70087,932.71893,929.28766,922.6541,0.009539685541779442,-0.8208255672317635,41.89744801652948,913.9111328125,1000.8300170898438,-0.007624898296181614,0.03861248754123834,1
2025-07-01,931.1400146484376,928.1300048828124,931.70087,932.71893,929.28766,922.6541,933.21454,0.009830522182254182,-0.7187244419127854,47.09145853942792,913.9111328125,1000.8300170898438,0.003572071455522733,0.037189182664681984,2
2025-07-02,928.1300048828124,925.760009765625,932.71893,929.28766,922.6541,933.21454,932.81274,0.009531317374003517,-0.7959323762528938,47.54325248153828,913.9111328125,1000.8300170898438,0.019810456383350664,0.048035834704737546,3
2025-07-03,925.760009765625,927.2899780273438,929.28766,922.6541,933.21454,932.81274,930.3591,0.00922899113206968,-0.9388220573372119,48.24840552086324,913.9111328125,1000.8300170898438,-0.010150398354574054,0.006218604453699726,4
2025-07-04,927.2899780273438,930.0,922.6541,933.21454,932.81274,930.3591,930.31946,0.00891770676393417,-0.8643629544283438,56.98778089126488,913.9111328125,988.8900146484376,-0.015521100680582477,-0.009864889083736028,5
2025-07-07,930.0,940.9400024414062,929.52094,929.66766,933.3189,932.7169,915.8985,0.00864091924789813,-0.580298784643241,46.21170624906817,913.9111328125,988.8900146484376,-0.006797970921758149,-0.009045780631216718,1
2025-07-08,940.9400024414062,943.22998046875,929.66766,933.3189,932.7169,915.8985,922.77893,0.008896873588560856,0.346791412254134,47.39367388776818,913.9111328125,971.260009765625,0.12443711051778991,0.11826468675963543,2
2025-07-09,943.22998046875,948.9400024414062,933.3189,932.7169,915.8985,922.77893,924.3786,0.0086108818122731,1.0755035075475687,50.300103672177656,913.9111328125,968.9500122070312,-0.03634795017511664,0.05719554564282536,3
2025-07-10,948.9400024414062,949.5599975585938,932.7169,915.8985,922.77893,924.3786,926.77454,0.008461408620071604,1.8574836845011669,55.108053397935116,913.9111328125,968.9500122070312,0.01901523296442158,0.0884833678604466,4
2025-07-11,949.5599975585938,937.8051147460938,915.8985,922.77893,924.3786,926.77454,930.7442,0.008171891232619678,2.302791366295598,56.18153165080117,913.9111328125,968.9000244140624,0.002520242449624556,0.10829928518606531,5
2025-07-14,937.8051147460938,967.97998046875,949.8161,948.32764,949.35944,954.22943,942.5471,0.008592944829506885,1.7187511592066163,44.04924228509437,913.9111328125,961.1500244140624,-0.008486090965581885,0.10642992124748905,1
2025-07-15,967.97998046875,966.8400268554688,948.32764,949.35944,954.22943,942.5471,950.7356,0.01183429421553471,3.1920932043007477,65.87918316482228,913.9111328125,967.97998046875,0.0056053193852702386,-0.017537639937346385,2
2025-07-16,966.8400268554688,967.4299926757812,949.35944,954.22943,942.5471,950.7356,948.9182,0.011417748602860213,3.872013523360909,64.64583129107916,913.9111328125,967.97998046875,-0.008965419068541565,0.009736377861406166,3
2025-07-17,967.4299926757812,964.4500122070312,954.22943,942.5471,950.7356,948.9182,948.40955,0.01101380103468518,4.120564243833078,69.0010313639614,913.9111328125,967.97998046875,-0.0019121251718409395,-0.011175162112175514,4
2025-07-18,964.4500122070312,963.3900146484376,942.5471,950.7356,948.9182,948.40955,950.18054,0.010662776933033396,3.8484941859119246,75.80702531988527,913.9111328125,967.97998046875,0.016630897874152062,0.0028767118707508916,5
2025-07-21,963.3900146484376,953.6199951171876,971.44836,970.66455,972.11694,968.6223,956.6304,0.010295766322440942,3.378128799381005,70.97434415479249,913.9111328125,967.97998046875,0.005809515450518906,0.017316408827306524,1
2025-07-22,953.6199951171876,950.22998046875,970.66455,972.11694,968.6223,956.6304,974.0748,0.010318713493794764,2.2445803803456457,65.23798264971353,913.9111328125,967.97998046875,0.01529990821973815,0.027226834256098353,2
2025-07-23,950.22998046875,948.0599975585938,972.11694,968.6223,956.6304,974.0748,976.177,0.010010367188049443,1.1568253198004923,64.45196472549212,913.9111328125,967.97998046875,0.01705576477175168,0.054307297408622335,3
2025-07-24,948.0599975585938,949.75,968.6223,956.6304,974.0748,976.177,977.43396,0.009686406462358924,0.23001750331110493,62.17473435655254,913.9111328125,967.97998046875,-0.003110981742288766,0.05304409153048228,4
2025-07-25,949.75,936.902587890625,956.6304,974.0748,976.177,977.43396,975.0505,0.009361857980696458,-0.30151591036360337,61.71694289989122,913.9111328125,967.97998046875,-0.0023395420911621516,0.03325567276353716,5
2025-07-28,936.902587890625,958.5599975585938,956.28564,956.6807,959.6431,958.22876,963.05927,0.009763772664697775,-1.4844917450591302,47.65776094849546,913.9111328125,967.97998046875,-0.02967166185911239,-0.0027626894313318353,1
2025-07-29,958.5599975585938,960.239990234375,956.6807,959.6431,958.22876,963.05927,966.70807,0.011203171412017819,-0.8083649474404409,57.26165935683082,913.9111328125,967.97998046875,0.0015180785029724258,-0.0164121707724854,2
2025-07-30,960.239990234375,981.4299926757812,959.6431,958.22876,963.05927,966.70807,969.9684,0.010817818701688148,-0.2755019749899841,55.56515450195596,913.9111328125,967.97998046875,-0.005996298009491309,-0.038826557665286816,3
2025-07-31,981.4299926757812,972.2000122070312,958.22876,963.05927,966.70807,969.9684,963.7141,0.01193722961222483,1.3853436188276715,63.051365829565746,913.9111328125,981.4299926757812,-0.25171204689975507,-0.25038944728076956,4
2025-08-01,972.2000122070312,946.9133911132812,963.05927,966.70807,969.9684,963.7141,962.723,0.011801732049229914,1.7216328755854606,64.3827959579955,913.9111328125,981.4299926757812,0.018758362788043485,-0.2344062217256714,5
2025-08-04,946.9133911132812,966.280029296875,975.34546,979.2639,971.66046,980.4688,975.94946,0.013434797216264354,0.18146579964242449,40.815162173971586,913.9111328125,981.4299926757812,0.0005664247692132296,-0.21090256882712116,1
2025-08-05,966.280029296875,966.3499755859376,979.2639,971.66046,980.4688,975.94946,987.5638,0.014034536977417088,0.3951634421492711,49.78932890637019,913.9111328125,981.4299926757812,-0.011618793284061735,-0.22120104760364112,2
2025-08-06,966.3499755859376,974.3499755859376,971.66046,980.4688,975.94946,987.5638,985.71594,0.013526800022354256,0.4645766750997513,49.59210159309747,913.9111328125,981.4299926757812,0.006167912535331675,-0.21166972016508326,3
2025-08-07,974.3499755859376,969.8300170898438,980.4688,975.94946,987.5638,985.71594,984.52545,0.013219191477007418,0.9449351165864313,53.602396489484086,913.9111328125,981.4299926757812,-0.002850748171675486,0.011084137503954374,4
2025-08-08,969.8300170898438,967.780029296875,975.94946,987.5638,985.71594,984.52545,981.05707,0.01281290445669777,0.8565366696081771,52.2858290427867,913.9111328125,981.4299926757812,0.017433119829275943,0.009745092845735045,5
2025-08-11,967.780029296875,968.6900024414062,966.08057,962.0932,961.68396,961.6979,958.113,0.01237277213621775,0.5719619558960183,55.31740603695806,913.9111328125,981.4299926757812,-0.00720806458524645,0.0019252772945803865,1
2025-08-12,968.6900024414062,956.3499755859376,962.0932,961.68396,961.6979,958.113,964.61523,0.011936534813936221,0.3669398105205257,57.06371682821366,913.9111328125,981.4299926757812,0.019033274217507272,0.03311188376798834,2
2025-08-13,956.3499755859376,952.6199951171876,961.68396,961.6979,958.113,964.61523,957.93396,0.012031236844594815,-0.6238931022036995,52.94309095297967,913.9111328125,981.4299926757812,-0.005895178664802649,0.020724227824573435,3
2025-08-14,952.6199951171876,965.510009765625,961.6979,958.113,964.61523,957.93396,960.8422,0.011658807732965605,-1.504420857316533,51.00435214993134,913.9111328125,981.4299926757812,-0.0039121324246721165,0.019641421940717097,4
2025-08-15,965.510009765625,963.5999755859376,958.113,964.61523,957.93396,960.8422,953.776,0.011793452145868863,-1.2055746161914733,60.00815678101819,913.9111328125,981.4299926757812,0.0030193399399282292,0.005049946697623178,5
2025-08-18,963.5999755859376,963.6900024414062,961.963,959.2406,971.2894,965.5494,960.2635,0.011393426812973046,-1.1249424084608934,52.04589139419915,913.9111328125,981.4299926757812,-0.00470071048434155,0.00757312473158709,1
2025-08-19,963.6900024414062,963.0399780273438,959.2406,971.2894,965.5494,960.2635,960.6089,0.010993839327613372,-1.055106208863502,51.41878666819945,913.9111328125,981.4299926757812,-0.010827956116400377,-0.02206946370231232,2
2025-08-20,963.0399780273438,965.77001953125,971.2894,965.5494,960.2635,960.6089,962.7379,0.010611726401831334,-1.040521209643119,40.89992582265572,913.9111328125,981.4299926757812,0.003848380140796914,-0.012494368012545436,3
2025-08-21,965.77001953125,970.4299926757812,965.5494,960.2635,960.6089,962.7379,959.6863,0.010265271357981933,-0.8432516934379484,46.59944467290769,913.9111328125,981.4299926757812,0.0012418493801091871,-0.0073916435742335815,4
2025-08-22,970.4299926757812,959.52001953125,960.2635,960.6089,962.7379,959.6863,960.29004,0.009983896257731432,-0.4167345853716711,65.90751826927053,913.9111328125,981.4299926757812,0.003604074293522632,-0.006811061642008607,5
2025-08-25,959.52001953125,962.1300048828124,969.00226,974.3757,964.6126,966.4863,962.32495,0.010117182736815304,-0.8615760350994153,44.83653085885633,913.9111328125,981.4299926757812,0.004262868581374833,0.0021314846700646027,1
2025-08-26,962.1300048828124,966.0499877929688,974.3757,964.6126,966.4863,962.32495,969.24164,0.009787829354236359,-0.9644729517762789,46.897080365349076,913.9111328125,981.4299926757812,-0.0035886086139926654,0.009412586143516415,2
2025-08-27,966.0499877929688,968.1699829101562,964.6126,966.4863,962.32495,969.24164,964.4405,0.00950367996783685,-0.7618524205556865,43.50751719956254,913.9111328125,981.4299926757812,-0.00812182105277228,-0.0025982560861105976,3
2025-08-28,968.1699829101562,967.8200073242188,966.4863,962.32495,969.24164,964.4405,972.1715,0.009188305545232263,-0.49149577498493713,48.65081790258188,913.9111328125,981.4299926757812,0.011038585829641259,0.007221045955739741,4
2025-08-29,967.8200073242188,965.9600219726562,962.32495,969.24164,964.4405,972.1715,965.1259,0.00886939668341268,-0.3493635289910997,50.03341526450095,913.9111328125,981.4299926757812,0.0122468306693877,0.015963938997440145,5
2025-09-01,965.9600219726562,966.9600219726562,965.7657,969.764,970.33923,969.06464,977.1915,0.008579172895265219,-0.39061968516248946,47.75384269265688,913.9111328125,981.4299926757812,0.0,0.01164223621210304,1
2025-09-02,966.9600219726562,973.1400146484376,969.764,970.33923,969.06464,977.1915,974.018,0.008282612084649369,-0.3612495381420433,60.732397287929615,913.9111328125,981.4299926757812,0.0112237356170585,0.026738559202860702,2
2025-09-03,973.1400146484376,967.9099731445312,970.33923,969.06464,977.1915,974.018,968.9941,0.0081668177770993,0.04224656775312807,69.77642405547289,913.9111328125,981.4299926757812,-0.0024102020135148045,0.03261967807309602,3
2025-09-04,967.9099731445312,971.739990234375,969.06464,977.1915,974.018,968.9941,968.3408,0.008026306425156317,-0.06917236987087305,52.71366085070966,913.9111328125,981.4299926757812,-0.015586431517168008,0.005488942099886781,4
2025-09-05,971.739990234375,966.7100219726562,977.1915,974.018,968.9941,968.3408,965.79694,0.007812997292695812,0.08086011493817047,58.82099270065254,913.9111328125,981.4299926757812,-0.0012262060033473832,-0.007967196219578743,5
2025-09-08,966.7100219726562,970.0399780273438,970.6129,972.26935,970.84753,967.32587,971.5873,0.007681698757439038,-0.17870752775192367,52.95616888160267,919.1043090820312,981.4299926757812,0.001783104664788798,-0.006196719896335799,1
2025-09-09,970.0399780273438,966.6699829101562,972.26935,970.84753,967.32587,971.5873,968.6354,0.007466323350456886,-0.14747948017027213,56.51043026696122,919.1043090820312,981.4299926757812,0.0023355300255342216,-0.014990708484330898,2
2025-09-10,966.6699829101562,961.3900146484376,970.84753,967.32587,971.5873,968.6354,968.2182,0.007275599609049998,-0.3628624493452297,50.82717463622828,919.1043090820312,981.4299926757812,0.010827696674733928,-0.0018645656890414898,3
2025-09-11,961.3900146484376,952.3400268554688,967.32587,971.5873,968.6354,968.2182,971.5953,0.007191734008703538,-0.8425886821431847,41.78480106939426,919.1043090820312,981.4299926757812,0.008861649127066629,0.02283867285421701,4
2025-09-12,952.3400268554688,939.7928466796876,971.5873,968.6354,968.2182,971.5953,973.8385,0.007426662781941129,-1.7015255185533626,43.246790076822336,919.1043090820312,981.4299926757812,-0.00043574574458165135,0.02364750580927535,5
2025-09-15,939.7928466796876,951.0700073242188,957.73444,958.5402,953.93286,957.193,955.79285,0.00804686004298367,-2.972421853438853,32.29936292177679,919.1043090820312,981.4299926757812,0.014496124151625057,0.03674422955889191,1
2025-09-16,951.0700073242188,947.260009765625,958.5402,953.93286,957.193,955.79285,956.42615,0.008390850733883543,-2.9077154112445047,39.36899755874011,919.1043090820312,981.4299926757812,-0.004844718213337427,0.02932680995512264,2
2025-09-17,947.260009765625,951.6400146484376,953.93286,957.193,955.79285,956.42615,956.2584,0.008180567956508523,-2.965470960502576,35.508214390559814,919.1043090820312,981.4299926757812,-0.01347256315564885,0.004615364300429615,3
2025-09-18,951.6400146484376,955.0599975585938,957.193,955.79285,956.42615,956.2584,960.73,0.00798883661127908,-2.5675299415476878,39.379618745888635,919.1043090820312,981.4299926757812,-0.00658479329356115,-0.010783136885352353,4
2025-09-19,955.0599975585938,954.9400024414062,955.79285,956.42615,956.2584,960.73,962.44183,0.007769009707341239,-1.9602423071405364,42.98891801023557,919.1043090820312,981.4299926757812,0.006147083897539443,-0.0042498105017862815,5
2025-09-22,954.9400024414062,955.7899780273438,952.7339,958.763,961.9444,964.5515,964.7896,0.007503642520631182,-1.4750206301130477,42.17999015232135,925.760009765625,981.4299926757812,0.0008751230140683835,-0.017720971340503936,1
2025-09-23,955.7899780273438,948.0900268554688,958.763,961.9444,964.5515,964.7896,966.3045,0.007249828548820232,-1.0264805178345546,37.87121763565898,925.760009765625,981.4299926757812,0.0025115780623503393,-0.010468392426800657,2
2025-09-24,948.0900268554688,952.010009765625,961.9444,964.5515,964.7896,966.3045,964.27026,0.007353441969631177,-1.1677417083232267,36.60708393823409,925.760009765625,981.4299926757812,0.0359897946923935,0.039706837475414876,3
2025-09-25,952.010009765625,959.1300048828124,964.5515,964.7896,966.3045,964.27026,962.816,0.007182640623107959,-0.9270552176146505,36.684066653814355,927.2899780273438,981.4299926757812,-0.011108339286396362,0.035014297239563265,4
2025-09-26,959.1300048828124,959.510009765625,964.7896,966.3045,964.27026,962.816,965.1229,0.007211945561499578,-0.25325825384049905,45.02454654789872,930.0,981.4299926757812,0.0032924609806411808,0.032063934796977035,5
2025-09-29,959.510009765625,964.9400024414062,958.616,956.06793,957.50543,957.76263,956.3563,0.006967514571308315,0.22712920934691327,42.80977406945872,936.902587890625,981.4299926757812,0.026266398390743108,0.058604882695763916,1
2025-09-30,964.9400024414062,961.260009765625,956.06793,957.50543,957.76263,956.3563,954.20154,0.006892113829676926,0.8828693897517046,48.85103319453632,936.902587890625,981.4299926757812,-0.007464320808828171,0.04809684813175413,2
2025-10-01,961.260009765625,959.5499877929688,957.50543,957.76263,956.3563,954.20154,953.91705,0.0067479953350375954,1.0307520518704227,49.911782393256615,936.902587890625,981.4299926757812,0.005293001339195736,0.016412428769158143,3
2025-10-02,959.5499877929688,961.469970703125,957.76263,956.3563,954.20154,953.91705,952.5438,0.006542763863563643,0.9759368424864083,55.43375063478397,936.902587890625,981.4299926757812,0.013876902206789601,0.042127651544435034,4
2025-10-03,961.469970703125,947.3361206054688,956.3563,954.20154,953.91705,952.5438,956.2801,0.006342119987433836,1.026382111800595,69.45286722724418,936.902587890625,981.4299926757812,0.03214425535149481,0.07263285307489423,5
2025-10-06,947.3361206054688,961.4299926757812,960.51337,959.52545,956.6921,953.12274,949.4879,0.007358916809506638,0.11330073522825157,46.812660992505776,936.902587890625,981.4299926757812,-0.014136641324961854,0.030159038634841144,1
2025-10-07,961.4299926757812,959.1099853515624,959.52545,956.6921,953.12274,949.4879,949.4671,0.00812287535682058,0.4453338065425907,60.28933762231167,936.902587890625,981.4299926757812,0.012157573009370483,0.05057232865741804,2
2025-10-08,959.1099853515624,950.469970703125,956.6921,953.12274,949.4879,949.4671,950.5825,0.007875944543641659,0.49186432668899305,55.59149570728374,936.902587890625,981.4299926757812,-0.00039624630372070505,0.044612332535692696,3
2025-10-09,950.469970703125,950.4600219726562,953.12274,949.4879,949.4671,950.5825,952.711,0.008003995065455564,-0.04744098892360049,46.81326206399155,936.902587890625,981.4299926757812,0.005829193522269696,0.03623933371301177,4
2025-10-10,950.4600219726562,947.030029296875,949.4879,949.4671,950.5825,952.711,954.8218,0.007730680568250563,-0.37480680797230237,46.88490443362131,936.902587890625,981.4299926757812,-0.045755712154609496,-0.04141959453758439,5
2025-10-13,947.030029296875,956.5499877929688,948.72845,947.70807,946.89484,948.2666,945.0904,0.007537988184276416,-0.7695769535567907,44.11986184914024,936.902587890625,981.4299926757812,0.050669262739308656,0.022759197617018966,1
2025-10-14,956.5499877929688,960.8499755859376,947.70807,946.89484,948.2666,945.0904,950.5605,0.007747166374719164,-0.357710669928472,55.54332663586686,936.902587890625,981.4299926757812,-0.023808263054996025,-0.013371560913445458,2
2025-10-15,960.8499755859376,959.1199951171876,946.89484,948.2666,945.0904,950.5605,950.1378,0.007572575548586702,0.20583794872534944,55.763619722233344,936.902587890625,981.4299926757812,-0.0017081338268076546,-0.014665057805874357,3
2025-10-16,959.1199951171876,954.969970703125,948.2666,945.0904,950.5605,950.1378,952.0503,0.00733610188500177,0.4496283329090742,49.99298029345814,936.902587890625,981.4299926757812,-0.002819727655700685,-0.02315039465544041,4
2025-10-17,954.969970703125,960.6500244140624,945.0904,950.5605,950.1378,952.0503,948.6689,0.007193256877834743,0.32475421084259537,46.97603397977736,936.902587890625,981.4299926757812,-0.005359277641309777,0.017118735064109204,5
2025-10-20,960.6500244140624,950.5499877929688,957.5119,955.5177,957.3671,954.3151,952.0335,0.0071215110354385484,0.6019468668455574,47.15207798995945,939.7928466796876,981.4299926757812,0.013394668513055687,-0.020096061112937248,1
2025-10-21,950.5499877929688,950.9500122070312,955.5177,957.3671,954.3151,952.0335,953.05725,0.007467925215681848,0.10819583445483438,43.44854468107985,939.7928466796876,981.4299926757812,-0.013698908181214555,-0.010139622662464027,2
2025-10-22,950.9500122070312,949.75,957.3671,954.3151,952.0335,953.05725,953.53217,0.0072162028854509085,-0.17304175614279838,44.65360074309721,939.7928466796876,981.4299926757812,0.0062683731636311866,-0.002212420782887569,3
2025-10-23,949.75,946.9400024414062,954.3151,952.0335,953.05725,953.53217,953.66565,0.006985030689915651,-0.40805330128799033,42.648162385177784,939.7928466796876,974.3499755859376,0.024097514963004135,0.025010002231266974,4
2025-10-24,946.9400024414062,930.953857421875,952.0335,953.05725,953.53217,953.66565,954.74756,0.006805080241144282,-0.7035870310591443,49.71037181297427,939.7928466796876,974.3499755859376,0.002260402648139722,0.03285008226081634,5
2025-10-27,930.953857421875,939.9000244140624,949.2358,949.3767,945.80914,948.5615,942.7875,0.008045157023518979,-1.8608298590926444,28.31688241756811,930.953857421875,974.3499755859376,0.009185120348577347,0.028511388470005342,1
2025-10-28,939.9000244140624,942.0999755859376,949.3767,945.80914,948.5615,942.7875,948.64124,0.008169841100458222,-1.9021475607219238,37.51015898816474,930.953857421875,974.3499755859376,0.0,0.042697818997057636,2
2025-10-29,942.0999755859376,940.510009765625,945.80914,948.5615,942.7875,948.64124,947.2067,0.007911437632127257,-1.66805142419599,44.060655513342326,930.953857421875,974.3499755859376,0.01792990668350266,0.0549284499159023,3
2025-10-30,940.510009765625,942.02001953125,948.5615,942.7875,948.64124,947.2067,951.4478,0.0076591835556507745,-1.5116647577658537,43.09432613117736,930.953857421875,973.1400146484376,-0.03016277423724716,-0.0007870346826330495,4
2025-10-31,942.02001953125,928.7900390625,942.7875,948.64124,947.2067,951.4478,954.2799,0.007410349720435427,-1.2109043396322678,46.42766371539686,930.953857421875,973.1400146484376,-0.002464690218088246,-0.005497271819360028,5
2025-11-03,928.7900390625,938.530029296875,942.5118,941.6875,946.64325,948.13135,946.7576,0.008129909234549055,-1.7733314545392913,31.200683823426132,928.7900390625,973.1400146484376,-0.003658812833263493,-0.018188918603281323,1
2025-11-04,938.530029296875,946.3900146484376,941.6875,946.64325,948.13135,946.7576,950.90845,0.008321542795674947,-1.3773727843778962,35.92198324912722,928.7900390625,973.1400146484376,-0.024266670048338407,-0.0417274482139362,2
2025-11-05,946.3900146484376,943.4199829101562,946.64325,948.13135,946.7576,950.90845,951.8372,0.0083297497802049,-0.5183114873316859,42.547054384119306,928.7900390625,973.1400146484376,0.007483036775056278,-0.05168628697970788,3
2025-11-06,943.4199829101562,942.0,948.13135,946.7576,950.90845,951.8372,949.5007,0.008093912962380387,-0.1039849013214269,43.143157578924274,928.7900390625,973.1400146484376,-0.0035323091084347048,-0.026092983432397396,4
2025-11-07,942.0,929.9956665039062,946.7576,950.90845,951.8372,949.5007,951.89087,0.007831371997716616,0.10902839711203427,38.33823625946694,928.7900390625,973.1400146484376,-0.0015176195049082092,-0.025170187712219842,5
2025-11-10,929.9956665039062,937.4400024414062,938.82495,943.2055,944.4367,944.5523,943.2774,0.008333684311641448,-0.49102110730567006,37.44645128390184,928.7900390625,973.1400146484376,0.029727812977192947,0.007925492846686696,1
2025-11-11,937.4400024414062,935.6300048828124,943.2055,944.4367,944.5523,943.2774,940.41425,0.008315833998705238,-0.32693925430914916,42.402499869569674,928.7900390625,973.1400146484376,-0.007597063291670923,0.024868034884034967,2
2025-11-12,935.6300048828124,929.52001953125,944.4367,944.5523,943.2774,940.41425,942.9271,0.00805139556554826,-0.2823608952530403,42.113573917134254,928.7900390625,973.1400146484376,0.00808840261445958,0.025488642810716573,3
2025-11-13,929.52001953125,929.3800048828124,944.5523,943.2774,940.41425,942.9271,942.4633,0.007984863878843862,-0.5887935000709756,40.61634283001391,928.7900390625,973.1400146484376,-0.00039301465230442604,0.028713012096169634,4
2025-11-14,929.3800048828124,918.2572631835938,943.2774,940.41425,942.9271,942.4633,940.166,0.007714250761416451,-0.7168377105118209,48.97768234489992,928.7900390625,973.1400146484376,-0.007497343296060943,0.022579947714006256,5
2025-11-17,918.2572631835938,923.3699951171876,927.21155,925.0091,927.9458,928.0728,920.40326,0.008143354441237993,-1.4256174068043563,36.3282349448458,918.2572631835938,973.1400146484376,-0.009851313783992953,-0.017102397290192584,1
2025-11-18,923.3699951171876,931.9000244140624,925.0091,927.9458,928.0728,920.40326,928.46075,0.007997003943500561,-1.421876183367936,38.588199069122695,918.2572631835938,973.1400146484376,-0.007528247203173337,-0.01703475579439549,2
2025-11-19,931.9000244140624,931.9500122070312,927.9458,928.0728,920.40326,928.46075,924.05804,0.008095245878089912,-0.7504120946515682,45.163155137274636,918.2572631835938,973.1400146484376,0.009126948000411297,-0.016013371490300174,3
2025-11-20,931.9500122070312,930.1500244140624,928.0728,920.40326,928.46075,924.05804,922.93866,0.00782000354664686,-0.23509760389116785,44.24861066858721,918.2572631835938,973.1400146484376,-0.009731717101725797,-0.02515975567567426,4
2025-11-21,930.1500244140624,938.5700073242188,920.40326,928.46075,924.05804,922.93866,926.3131,0.007576970195264582,0.03780642184875305,50.89338553101943,918.2572631835938,973.1400146484376,0.009831592742830271,-0.008119593913595539,5
2025-11-24,938.5700073242188,940.6400146484376,930.1158,933.7513,933.4382,934.7686,928.6425,0.007695466547415848,0.796594670478723,50.0267253781743,918.2572631835938,973.1400146484376,-0.009327625128735287,-0.007600021362304687,1
2025-11-25,940.6400146484376,934.9600219726562,933.7513,933.4382,934.7686,928.6425,931.0037,0.007455712708157957,1.4130925954608733,45.83358394571208,918.2572631835938,973.1400146484376,0.007529003250223698,0.00745585929321252,2
2025-11-26,934.9600219726562,925.7000122070312,933.4382,934.7686,928.6425,931.0037,932.0818,0.007397748256183212,1.410280243809046,44.1016065173061,918.2572631835938,971.739990234375,0.02078460076161925,0.01926915372923704,3
2025-11-27,925.7000122070312,926.8800048828124,934.7686,928.6425,931.0037,932.0818,927.60657,0.0076494368959176,0.7877609958704443,39.7554117452999,918.2572631835938,971.739990234375,0.0,0.02923681534878243,4
2025-11-28,926.8800048828124,927.5700073242188,928.6425,931.0037,932.0818,927.60657,924.0645,0.0073976566335544345,0.47391605810222615,47.73339821982483,918.2572631835938,970.0399780273438,0.015743829246684975,0.03533993057228265,5
2025-12-01,927.5700073242188,929.2999877929688,932.6162,932.60034,926.519,924.69714,927.218,0.007151638828196861,0.3376442855645392,42.03717527767225,918.2572631835938,970.0399780273438,0.006439489345742295,0.05179362656480815,1
2025-12-02,929.2999877929688,923.4600219726562,932.60034,926.519,924.69714,927.218,930.8284,0.006928228468388516,0.3854149328259746,44.88652443804586,918.2572631835938,966.6699829101562,-0.011175470790599912,0.032303227051274946,2
2025-12-03,923.4600219726562,918.4500122070312,926.519,924.69714,927.218,930.8284,927.83716,0.006921244208269537,0.06206086107006925,45.08320036922922,918.2572631835938,964.9400024414062,0.028084817441979566,0.03986683869984172,3
2025-12-04,918.4500122070312,917.22998046875,924.69714,927.218,930.8284,927.83716,933.07983,0.0068597959283579505,-0.42413183270103616,41.781394652952365,918.2572631835938,964.9400024414062,-0.003113356145866483,0.03663439736823619,4
2025-12-05,917.22998046875,921.3800048828124,927.218,930.8284,927.83716,933.07983,934.529,0.006645211667965774,-0.7440673697751548,49.09238957523337,917.22998046875,964.9400024414062,0.016958269780918606,0.03789409295744963,5
2025-12-08,921.3800048828124,922.6900024414062,921.6827,922.2831,922.984,924.4977,917.281,0.006531529802941603,-0.5986242741888326,48.211405662675,917.22998046875,964.9400024414062,-0.0032568630065428986,0.027878939822582584,1
2025-12-09,922.6900024414062,925.6799926757812,922.2831,922.984,924.4977,917.281,921.9115,0.006326005096924739,-0.34899472822232536,40.48747461069759,917.22998046875,964.9400024414062,-0.023386275095255215,0.015404030581514997,2
2025-12-10,925.6799926757812,923.3300170898438,922.984,924.4977,917.281,921.9115,926.46295,0.0061746433619969876,0.06085951050174376,43.89481741743318,917.22998046875,964.9400024414062,0.006656519081847274,-0.006122883664581537,3
2025-12-11,923.3300170898438,913.75,924.4977,917.281,921.9115,926.46295,926.52856,0.0060186622497811785,0.20873139147855735,43.42966075483741,917.22998046875,964.9400024414062,0.028313075901739357,0.02560709664163906,4
2025-12-12,913.75,906.0599975585938,917.281,921.9115,926.46295,926.52856,926.743,0.006487603448715061,-0.2772339814335911,26.611375361627083,913.75,964.9400024414062,-0.02679770979515132,-0.01830170484789763,5
2026-01-05,906.0599975585938,903.52001953125,902.70355,904.8383,904.1408,903.21106,905.93365,0.006882671593020853,-0.1544230337801995,43.307222970036975,899.6400146484375,960.8499755859376,0.049212251505801795,0.027399634522696052,1
2026-01-06,903.52001953125,893.4299926757812,904.8383,904.1408,903.21106,905.93365,906.70624,0.006702770161607757,-0.022263795724411395,44.43652299038522,899.6400146484375,960.8499755859376,0.014411638803103236,0.09470903987897603,2
2026-01-07,893.4299926757812,894.8400268554688,904.1408,903.21106,905.93365,906.70624,907.31726,0.007168488942685183,-0.5234242833962846,33.548367408014045,893.4299926757812,960.8499755859376,-0.03409949050896024,0.014229603482946837,3
2026-01-08,894.8400268554688,896.489990234375,903.21106,905.93365,906.70624,907.31726,904.86865,0.00693936162178047,-0.6601656259761768,35.24280401348153,893.4299926757812,960.8499755859376,-0.010817465155150153,0.020692699547030118,4
2026-01-09,896.489990234375,894.6300048828125,905.93365,906.70624,907.31726,904.86865,906.2125,0.006724615136175823,-0.5445115292769174,32.756638792370794,893.4299926757812,960.6500244140624,0.018790451803464538,0.038209283664598484,5
2026-01-12,894.6300048828125,883.6699829101562,895.2355,894.84344,895.11664,895.06836,895.474,0.0065313897217167734,-0.49947931598776485,35.646401148690515,893.4299926757812,960.6500244140624,0.021874933032647856,0.010211856709487977,1
2026-01-13,883.6699829101562,885.5499877929688,894.84344,895.11664,895.06836,895.474,896.23914,0.007151631099419052,-1.0806768574975836,30.016597349768986,883.6699829101562,960.6500244140624,-0.002509469057374457,-0.006738235477985919,2
2026-01-14,885.5499877929688,881.3400268554688,895.11664,895.06836,895.474,896.23914,896.93445,0.006933247145404376,-1.202032143290868,32.32324331283404,883.6699829101562,950.9500122070312,0.006511423888848364,0.03442930086758259,3
2026-01-15,881.3400268554688,882.510009765625,895.06836,895.474,896.23914,896.93445,895.66614,0.00683280362856859,-1.4147132841956154,31.309366569244546,881.3400268554688,950.9500122070312,-0.01020329524776686,0.035064811351222,4
2026-01-16,882.510009765625,886.1900024414062,895.474,896.23914,896.93445,895.66614,897.6654,0.006615048062753778,-1.3269267393939117,34.122037703768456,881.3400268554688,949.75,-0.0271818592347448,-0.011442299815128397,5
2026-01-19,886.1900024414062,887.2899780273438,887.9801,889.79095,887.8018,886.8274,893.6355,0.006488152484435801,-0.8922074921060812,36.145931731726726,881.3400268554688,946.9400024414062,0.0,-0.03283212982080563,1
2026-01-20,887.2899780273438,884.6099853515625,889.79095,887.8018,886.8274,893.6355,893.1663,0.006283833083719008,-0.4254433913196394,28.109720742374307,881.3400268554688,946.3900146484376,-0.002681326556787939,-0.032998330590654296,2
2026-01-21,884.6099853515625,874.3499755859375,887.8018,886.8274,893.6355,893.1663,896.306,0.0061406349175571065,-0.20332181484729261,34.6546037960407,881.3400268554688,946.3900146484376,-0.007563600184284361,-0.046513565616810186,3
2026-01-22,874.3499755859375,871.25,886.8274,893.6355,893.1663,896.306,895.1825,0.006735317489357893,-0.6294569840068043,28.89327644453138,874.3499755859375,946.3900146484376,0.0022663907619747447,-0.0345494498094415,4
2026-01-23,871.25,870.0399780273438,893.6355,893.1663,896.306,895.1825,896.46313,0.0065894547884264385,-0.9811968987910706,19.243633037774117,871.25,946.3900146484376,0.028920358078275955,0.02116264081050704,5
2026-01-26,870.0399780273438,864.5900268554688,869.06195,869.9967,870.5538,871.07104,873.6439,0.006387750789700325,-1.1450197513215485,19.706774731907856,870.0399780273438,946.3900146484376,0.012274291330000235,0.033773927530305545,1
2026-01-27,864.5900268554688,859.75,869.9967,870.5538,871.07104,873.6439,872.5656,0.006416546117888088,-1.4504446097751327,21.513198192332368,864.5900268554688,946.3900146484376,-0.026329633060980427,0.009613724717015762,2
2026-01-28,859.75,862.4400024414062,870.5538,871.07104,873.6439,872.5656,868.4661,0.0063972971474177175,-1.7863821848445909,17.53920996258836,859.75,946.3900146484376,0.010920700845244964,0.028449273413167116,3
2026-01-29,862.4400024414062,859.1599731445312,871.07104,873.6439,872.5656,868.4661,869.44275,0.006241184408083304,-1.6392137322114824,19.095982353064997,859.75,946.3900146484376,0.046909494425695066,0.07540271670557619,4
2026-01-30,859.1599731445312,865.9299926757812,873.6439,872.5656,868.4661,869.44275,867.1382,0.006132317866546583,-1.5742159729846161,18.61611757297817,859.1599731445312,943.4199829101562,-0.04614611810401607,-0.0023684553371519567,5
2026-02-02,865.9299926757812,865.1099853515625,862.57007,869.0375,866.3052,861.1979,862.7042,0.0062843170325334805,-0.9191699083183593,33.04662801413889,859.1599731445312,942.0,-0.01632724135572056,-0.0304980541634082,1
2026-02-03,865.1099853515625,860.0399780273438,869.0375,866.3052,861.1979,862.7042,864.40436,0.0060887238111846445,-0.41091440213928543,30.062404520844964,859.1599731445312,940.6400146484376,0.04400577841713017,0.04014758758922545,2
2026-02-04,860.0399780273438,858.2100219726562,866.3052,861.1979,862.7042,864.40436,868.30835,0.00611084889166091,-0.2915964818838912,29.566336508442106,859.1599731445312,940.6400146484376,-0.0397915610591698,-0.01128548340161593,3
2026-02-05,858.2100219726562,866.2100219726562,861.1979,862.7042,864.40436,868.30835,870.5977,0.0059463881349963044,-0.2148748380185026,26.979914356453378,858.2100219726562,940.6400146484376,-0.004645243148040119,-0.060966745173061276,4
2026-02-06,866.2100219726562,860.3900146484375,862.7042,864.40436,868.30835,870.5977,874.965,0.006255595924381837,0.4589409837458689,32.5043879058412,858.2100219726562,940.6400146484376,0.011061263030683612,-0.005680806960189312,5
2026-02-09,860.3900146484375,852.3699951171875,873.1028,877.77075,878.2169,878.951,874.0761,0.006329139459256384,0.5886747290650707,28.24331915893525,858.2100219726562,940.6400146484376,0.013803843930585742,0.024735039547115235,1
2026-02-10,852.3699951171875,855.1599731445312,877.77075,878.2169,878.951,874.0761,873.8622,0.006633471125503176,0.2288461639782735,25.997637115463263,852.3699951171875,940.6400146484376,-0.008276419658565643,-0.027463932627255154,2
2026-02-11,855.1599731445312,854.1400146484375,878.2169,878.951,874.0761,873.8622,873.2605,0.006470806552461363,0.27037943846274715,33.9252792289263,852.3699951171875,940.6400146484376,0.00894897896843896,0.02111219766757396,3
2026-02-12,854.1400146484375,856.6099853515625,878.951,874.0761,873.8622,873.2605,874.19073,0.006270822363009783,0.3175437977891029,35.15015648142459,852.3699951171875,940.6400146484376,-0.030377758462980523,-0.004828397820511218,4
2026-02-13,856.6099853515625,862.4000244140625,874.0761,873.8622,873.2605,874.19073,870.9939,0.0061130617045509796,0.5877605601860658,38.59350457479069,852.3699951171875,940.6400146484376,0.0037186207526305258,-0.012108825402949145,5
2026-02-16,862.4000244140625,862.3200073242188,858.9203,856.98926,858.7381,859.7884,866.4232,0.006174727969505268,1.1941564195896461,48.15064885264051,852.3699951171875,940.6400146484376,0.0,-0.02565183316811802,1
2026-02-17,862.3200073242188,865.719970703125,856.98926,858.7381,859.7884,866.4232,864.6279,0.005977146718893901,1.6021395569996812,52.35996946561463,852.3699951171875,940.6400146484376,-0.02792183898914965,-0.04460651552373478,2
2026-02-18,865.719970703125,861.5900268554688,858.7381,859.7884,866.4232,864.6279,863.40704,0.005875069326053035,2.0828069174509736,52.97314164124455,852.3699951171875,940.6400146484376,0.028094448608724638,-0.026138836483646104,3
2026-02-19,861.5900268554688,865.02001953125,859.7884,866.4232,864.6279,863.40704,863.7527,0.00584038673418386,2.0985457372406984,52.1693077873649,852.3699951171875,934.9600219726562,-0.01102105618140487,-0.007104468900400771,4
2026-02-20,865.02001953125,866.4000244140625,866.4232,864.6279,863.40704,863.7527,864.48157,0.005747715746525941,2.299725777274057,49.136153836348406,852.3699951171875,929.2999877929688,0.01747295267048268,0.0066464966813204055,5
2026-02-23,866.4000244140625,866.4000244140625,866.7318,868.56067,866.36273,866.0468,868.32086,0.005580298093519582,2.4705236193947897,51.21176262845165,852.3699951171875,929.2999877929688,-0.009996651615555126,-0.0033664662098414413,1
2026-02-24,866.4000244140625,860.6599731445312,868.56067,866.36273,866.0468,868.32086,866.2294,0.0054063155937510085,2.519625472608692,56.60305861091362,852.3699951171875,929.2999877929688,0.02565121835476392,0.05148233040219137,2
2026-02-25,860.6599731445312,856.530029296875,866.36273,866.0468,868.32086,866.2294,866.2606,0.00554695377638056,2.1178172390014742,52.35255780587354,852.3699951171875,929.2999877929688,0.009493868339474848,0.032104923106046575,3
2026-02-26,856.530029296875,865.1699829101562,866.0468,868.32086,866.2294,866.2606,866.39905,0.005535746295725459,1.5523771103986004,39.95849093397931,852.3699951171875,925.6799926757812,-0.005450026589920928,0.037870856353763575,4
2026-02-27,865.1699829101562,873.1599731445312,868.32086,866.2294,866.2606,866.39905,865.3443,0.005981925010403405,1.725423827675927,54.68442139036666,852.3699951171875,925.6799926757812,0.009622278291953983,0.029754770273000934,5
2026-03-02,873.1599731445312,882.6500244140625,861.62976,862.5591,863.0469,863.9992,861.5682,0.006276719280320585,2.3068566638877783,70.38640583086053,852.3699951171875,925.6799926757812,-0.018489498291913743,0.02104625328883844,1
2026-03-03,882.6500244140625,899.9199829101562,862.5591,863.0469,863.9992,861.5682,860.34485,0.006711253013570604,3.2042509355291546,73.82571353303194,852.3699951171875,925.6799926757812,-0.020741198751393842,-0.02524057010822666,2
2026-03-04,899.9199829101562,894.3800048828125,863.0469,863.9992,861.5682,860.34485,862.3846,0.008302664531248592,4.741833190996336,80.95756175960497,852.3699951171875,925.6799926757812,0.01401752384407531,-0.020821105716782883,3
2026-03-05,894.3800048828125,905.6699829101562,863.9992,861.5682,860.34485,862.3846,863.9153,0.008195646284870432,5.133585811885875,74.52283769110664,852.3699951171875,925.6799926757812,-0.01757458022170611,-0.032621530733064764,4
2026-03-06,905.6699829101562,910.8900146484376,861.5682,860.34485,862.3846,863.9153,863.3988,0.008591593804177658,5.848966293584757,76.22109404878236,852.3699951171875,923.3300170898438,0.0006950803071056875,-0.04121907675843482,5
2026-03-09,910.8900146484376,914.8200073242188,907.5087,909.5047,908.8388,912.19507,913.3347,0.008427450059430474,6.328988252790502,77.70684270449254,852.3699951171875,917.4199829101562,0.0075276058723092055,-0.015947046602633207,1
2026-03-10,914.8200073242188,888.6900024414062,909.5047,908.8388,912.19507,913.3347,914.7525,0.00821101273675743,6.5395761817965585,77.84084184063695,852.3699951171875,917.4199829101562,0.01768594808097934,0.02260324596150283,2
2026-03-11,888.6900024414062,896.9400024414062,908.8388,912.19507,913.3347,914.7525,915.0708,0.01122037768923444,4.636984877766675,62.29805427467942,852.3699951171875,917.4199829101562,-0.00995792118644709,-0.001622549388886966,3
2026-03-12,896.9400024414062,915.7000122070312,912.19507,913.3347,914.7525,915.0708,916.5276,0.011089880353836002,3.693113716754075,63.87826080495329,852.3699951171875,917.4199829101562,-0.0035989598931909124,0.012428351132187836,4
2026-03-13,915.7000122070312,916.7100219726562,913.3347,914.7525,915.0708,916.5276,910.13904,0.012079599368806808,4.061935970564916,68.62064084635945,852.3699951171875,917.4199829101562,-0.01906637758896683,-0.007382320531314223,5
2026-03-16,916.7100219726562,909.4199829101562,916.2427,916.366,913.827,915.38245,912.5561,0.011633466628114635,4.092173247209368,68.85824089288256,852.3699951171875,916.7100219726562,0.013211876292665282,-0.0017239465889763107,1
2026-03-17,909.4199829101562,906.9099731445312,916.366,913.827,915.38245,912.5561,911.9229,0.011424816786603554,3.3695903152649933,68.06730062925854,852.3699951171875,916.7100219726562,-0.011114142119103089,-0.03006432536706745,2
2026-03-18,906.9099731445312,915.1300048828124,913.827,915.38245,912.5561,911.9229,912.57324,0.01103597921810867,2.5104035772124966,68.89436734170667,852.3699951171875,916.7100219726562,-0.030586158824142798,-0.04986743510960443,3
2026-03-19,915.1300048828124,912.489990234375,915.38245,912.5561,911.9229,912.57324,905.98285,0.010905729603315937,2.28968067238546,68.79608346517804,852.3699951171875,916.7100219726562,-0.0220268873083426,-0.06721606842549674,4
2026-03-20,912.489990234375,927.5499877929688,912.5561,911.9229,912.57324,905.98285,907.77905,0.010544278291015854,1.7824237537635117,65.41747675952651,852.3699951171875,916.7100219726562,-0.016797736235749178,-0.06509751401327181,5
2026-03-23,927.5499877929688,910.6799926757812,903.79175,905.2074,904.8218,900.90015,899.67596,0.011078830951198014,2.247675036572492,66.86446230443383,852.3699951171875,927.5499877929688,0.017993370747035806,-0.06061657871469147,1
2026-03-24,910.6799926757812,917.3599853515624,905.2074,904.8218,900.90015,899.67596,901.4715,0.011808845435675761,1.2552659340376895,54.053647620633114,852.3699951171875,927.5499877929688,-0.003130129888579305,-0.053086509909244815,2
2026-03-25,917.3599853515624,916.6900024414062,904.8218,900.90015,899.67596,901.4715,894.68854,0.01154295157408239,0.9012914654809094,58.58358061686219,852.3699951171875,927.5499877929688,0.019449943827491212,-0.004501277604227053,3
2026-03-26,916.6900024414062,928.0399780273438,900.90015,899.67596,901.4715,894.68854,894.6535,0.011126218145775127,0.49491888695049546,54.47095483977049,852.3699951171875,927.5499877929688,-0.015033763846452861,0.002484766531912412,4
2026-03-27,928.0399780273438,922.719970703125,899.67596,901.4715,894.68854,894.6535,896.84906,0.011220411775591632,0.84296456042477,56.62825845832159,852.3699951171875,928.0399780273438,0.003756852986170725,0.02330365801249282,5
2026-03-30,922.719970703125,930.219970703125,924.60406,924.3543,926.30133,922.2501,926.1092,0.01093365479403635,0.5798591974697906,53.020785829545105,852.3699951171875,928.0399780273438,0.0016448554664745389,0.0067101715386548,1
2026-03-31,930.219970703125,926.1099853515624,924.3543,926.30133,922.2501,926.1092,924.72504,0.010757899206277882,0.7643099238836069,68.51865863170949,852.3699951171875,930.219970703125,0.020157100232811233,0.030428761233812707,2
2026-04-01,926.1099853515624,912.4600219726562,926.30133,922.2501,926.1092,924.72504,927.83734,0.01044642367614467,0.4769467656277726,63.50586584932309,852.3699951171875,930.219970703125,0.006511190388170775,0.017182179484824228,3
2026-04-02,912.4600219726562,916.5,922.2501,926.1092,924.72504,927.83734,931.97705,0.010863851708179963,-0.7009823121162189,48.42535474309824,852.3699951171875,930.219970703125,-0.010905599959187336,0.021389953439539953,4
2026-04-03,916.5,919.3699951171876,926.1092,924.72504,927.83734,931.97705,929.47754,0.010537324560852072,-1.2448234522740407,49.90084882168291,852.3699951171875,930.219970703125,0.0,0.017559940445507377,5
2026-04-06,919.3699951171876,915.969970703125,919.5131,926.35986,928.3844,932.85913,932.1662,0.010192434172853005,-1.434549877838668,54.90197021790217,852.3699951171875,930.219970703125,0.003678236070027349,0.01963113213823332,1
2026-04-07,915.969970703125,916.4600219726562,926.35986,928.3844,932.85913,932.1662,929.7198,0.009885184966732541,-1.789246657126574,54.424693557204556,852.3699951171875,930.219970703125,-0.00700938080004491,-0.007695788907116561,2
2026-04-08,916.4600219726562,897.22998046875,928.3844,932.85913,932.1662,929.7198,924.52246,0.009534985953152778,-1.9764162695826641,50.702597783645984,852.3699951171875,930.219970703125,0.03804424731409376,0.024093163669519635,3
2026-04-09,897.22998046875,891.6199951171875,932.85913,932.1662,929.7198,924.52246,926.34955,0.010865075807019998,-3.3027569576429823,43.140951498883986,852.3699951171875,930.219970703125,-0.001998676585020025,0.03325542621894548,4
2026-04-10,891.6199951171875,894.4400024414062,932.1662,929.7198,924.52246,926.34955,923.2701,0.01061958910749371,-4.396851220045333,32.35091834574844,852.3699951171875,930.219970703125,0.021087830597987828,0.055275907672740744,5
2026-04-13,894.4400024414062,894.8900146484375,887.8258,885.8633,884.6633,889.87213,889.35425,0.010272864007566121,-4.740019941175568,40.74538862439237,852.3699951171875,930.219970703125,0.01781159571001089,0.07029639655088779,1
2026-04-14,894.8900146484375,886.22998046875,885.8633,884.6633,889.87213,889.35425,892.088,0.009908202900567901,-4.73497769684538,36.216434786515606,852.3699951171875,930.219970703125,0.015689537291392698,0.09486879517192584,2
2026-04-15,886.22998046875,884.9500122070312,884.6633,889.87213,889.35425,892.088,890.1316,0.009923732259220532,-5.082537793823954,32.98323955293658,852.3699951171875,930.219970703125,0.0002470874559217801,0.054258181882307535,3
2026-04-16,884.9500122070312,886.1199951171875,889.87213,889.35425,892.088,890.1316,897.16473,0.009582024750758512,-5.150319835264265,22.87552770823639,852.3699951171875,930.219970703125,-0.0009061811693833574,0.05541058349503046,4
2026-04-17,886.1199951171875,890.3200073242188,889.35425,892.088,890.1316,897.16473,901.0648,0.00924918803710333,-4.871100384114239,25.6907801924456,852.3699951171875,930.219970703125,0.0060804956810176485,0.03968994091703001,5
2026-04-20,890.3200073242188,881.219970703125,882.1262,883.30206,881.109,886.8242,886.07153,0.009009236579174023,-4.184552650838848,22.284009188338132,852.3699951171875,930.219970703125,-0.011120855384533909,0.010040151349522604,1
2026-04-21,881.219970703125,891.9400024414062,883.30206,881.109,886.8242,886.07153,881.70636,0.009139784608148682,-4.117930011164624,20.83931366656158,852.3699951171875,930.219970703125,-0.005732044023659669,-0.011366406140214242,2
2026-04-22,891.9400024414062,889.72998046875,881.109,886.8242,886.07153,881.70636,879.8341,0.009392250346822773,-3.169100824206549,36.14264257580332,852.3699951171875,930.219970703125,0.019552618230260894,0.007905115060130407,3
2026-04-23,889.72998046875,894.469970703125,886.8242,886.07153,881.70636,879.8341,875.846,0.009089438615011797,-2.535003657485399,31.46382529845529,852.3699951171875,930.219970703125,-0.007297785574562695,0.00148352826945099,4
2026-04-24,894.469970703125,896.1099853515625,886.07153,881.70636,879.8341,875.846,883.90283,0.008880816335726141,-1.6821035162808653,33.193873431488015,852.3699951171875,930.219970703125,-0.00859581222512715,-0.013107221292054893,5
2026-04-27,896.1099853515625,893.5399780273438,885.4307,879.4122,883.9143,885.7921,885.79767,0.00858151432403183,-0.930771689959025,36.26940468936461,852.3699951171875,930.219970703125,-0.0009134808991143975,-0.002982049323892126,1
2026-04-28,893.5399780273438,891.1199951171875,879.4122,883.9143,885.7921,885.79767,885.3911,0.008321849465336885,-0.5490393215118572,34.59677498744844,852.3699951171875,930.219970703125,-0.01734799613390739,-0.014496357795268236,2
2026-04-29,891.1199951171875,904.469970703125,883.9143,885.7921,885.79767,885.3911,879.8086,0.008068767951935164,-0.40815019517188045,44.695280407310214,852.3699951171875,930.219970703125,-0.006105378262062169,-0.039460768845391785,3
2026-04-30,904.469970703125,900.469970703125,885.7921,885.79767,885.3911,879.8086,880.22656,0.008752676134260928,0.5817295786904464,59.83465499715985,852.3699951171875,930.219970703125,0.008047844376794507,-0.02460701060108167,4
2026-05-01,900.469970703125,899.25,885.79767,885.3911,879.8086,880.22656,884.5679,0.008537770804441408,0.9432883207234264,54.53312422398437,852.3699951171875,930.219970703125,0.0010119821779090508,-0.015190471648038998,5
2026-05-04,899.25,911.719970703125,895.18427,891.6218,893.84045,898.7454,900.4327,0.008250353406061943,1.0673391360829219,53.24017795260161,852.3699951171875,930.219970703125,-0.023365961327474982,-0.0370555076314941,1
2026-05-05,911.719970703125,904.8200073242188,891.6218,893.84045,898.7454,900.4327,903.0143,0.008776043466526414,1.907249032127175,67.92798036983424,854.1400146484375,930.219970703125,0.025218539468338824,0.004818598720404222,2
2026-05-06,904.8200073242188,896.1199951171875,893.84045,898.7454,900.4327,903.0143,906.20624,0.008725658465419282,1.9113251190551461,62.95137872210412,854.1400146484375,930.219970703125,0.03204049835903662,0.0438887297223548,3
2026-05-07,896.1199951171875,890.469970703125,898.7454,900.4327,903.0143,906.20624,903.5852,0.008830058175435555,1.2720718844722658,55.93542329016048,856.530029296875,930.219970703125,-0.0014676820261337934,0.03400268898815978,4
2026-05-08,890.469970703125,892.1799926757812,900.4327,903.0143,906.20624,903.5852,907.3395,0.00869996499522979,0.45484679188052546,50.087503427840836,856.530029296875,930.219970703125,0.01963461678704533,0.05343895881660789,5
2026-05-11,892.1799926757812,897.219970703125,896.69006,897.2941,894.6434,895.58563,899.0563,0.008410262094518646,0.03757695447602449,56.99873798297096,856.530029296875,930.219970703125,0.025983655041448343,0.10672989606842626,1
2026-05-12,897.219970703125,912.9600219726562,897.2941,894.6434,895.58563,899.0563,900.15106,0.008252505595566496,0.10528966752984958,53.63534360672547,856.530029296875,930.219970703125,0.011086720769667314,0.09119978265917399,2
2026-05-13,912.9600219726562,886.6199951171875,894.6434,895.58563,899.0563,900.15106,901.3166,0.009229662335245217,1.1560441357733826,63.482328136191704,856.530029296875,930.219970703125,0.022942177639864655,0.08131672485869916,3
2026-05-14,886.6199951171875,894.2999877929688,895.58563,899.0563,900.15106,901.3166,899.32623,0.011951038286633813,0.07978070834012474,46.3573199137181,856.530029296875,930.219970703125,-0.010300755993562987,0.07180743420834021,4
2026-05-15,894.2999877929688,897.72998046875,899.0563,900.15106,901.3166,899.32623,895.76746,0.011743910919854116,-0.10234048846847299,49.204676198215445,856.530029296875,930.219970703125,-0.04931180430300637,0.00040007316233989156,5
2026-05-18,897.72998046875,900.5,890.668,894.90643,894.68774,887.4056,892.405,0.011362213175719359,0.014524619991980847,51.82730212811264,856.530029296875,930.219970703125,0.003273801195157019,-0.02206283618749147,1
2026-05-19,900.5,905.030029296875,894.90643,894.68774,887.4056,892.405,897.47626,0.010981805304874527,0.2705112413584798,54.07826299252717,856.530029296875,930.219970703125,-0.01720712646640829,-0.04934466693495037,2
2026-05-20,905.030029296875,897.72998046875,894.68774,887.4056,892.405,897.47626,892.87976,0.010670310317902392,0.711980451793638,50.2637306039017,856.530029296875,930.219970703125,0.02015245445655226,-0.05199303633060097,3
2026-05-21,897.72998046875,898.3400268554688,887.4056,892.405,897.47626,892.87976,893.08405,0.010529361246497821,0.4899733139714516,48.74863551877047,865.1699829101562,930.219970703125,-0.005339752746315452,-0.047278285427929306,4
2026-05-22,898.3400268554688,896.6300048828125,892.405,897.47626,892.87976,893.08405,890.94293,0.010156376245868291,0.3674370846410434,49.58208337701523,873.1599731445312,930.219970703125,0.01349334518027408,0.014476505806940564,5
2026-05-25,896.6300048828125,896.7100219726562,901.0916,899.5314,896.7332,896.01764,896.8389,0.00981315796132,0.16477203927138656,42.30968783866003,881.219970703125,930.219970703125,0.0,0.011160741947081566,1
2026-05-26,896.7100219726562,893.8300170898438,899.5314,896.7332,896.01764,896.8389,898.4435,0.009467814767987203,0.03636840323124724,45.55813331550445,881.219970703125,930.219970703125,0.002991429972730405,0.03179239260258109,2
2026-05-27,893.8300170898438,894.030029296875,896.7332,896.01764,896.8389,898.4435,897.20715,0.009180989009456268,-0.22774306743692968,48.660365838418386,881.219970703125,930.219970703125,-0.008842665101228171,0.002305009765288181,3
2026-05-28,894.030029296875,890.969970703125,896.01764,896.8389,898.4435,897.20715,900.3467,0.008859970672849958,-0.3659898523255126,52.22447317116332,881.219970703125,930.219970703125,0.014329838466993622,0.022215109420296482,4
2026-05-29,890.969970703125,889.5999755859375,896.8389,898.4435,897.20715,900.3467,896.89844,0.008605577343742109,-0.6253159031463272,49.256471975463015,881.219970703125,930.219970703125,-0.0057230335454064194,0.0027593698651848576,5
2026-06-01,889.5999755859375,891.9400024414062,891.0498,888.8925,888.19147,888.74023,886.75824,0.008318543691543025,-0.8376566678487599,45.09654826784976,881.219970703125,930.219970703125,0.02553796337409885,0.028697596972302092,1
2026-06-02,891.9400024414062,889.7999877929688,888.8925,888.19147,888.74023,886.75824,888.12305,0.008057480961886491,-0.7707425877126735,33.654802676042436,881.219970703125,930.219970703125,0.01905393732165074,0.045354477186779235,2
2026-06-03,889.7999877929688,894.9600219726562,888.19147,888.74023,886.75824,888.12305,888.28436,0.007808662198574666,-0.8164538318711478,53.96505038789777,881.219970703125,930.219970703125,-0.025666836602769052,0.02791437320339968,3
2026-06-04,894.9600219726562,895.6300048828125,888.74023,886.75824,888.12305,888.28436,886.016,0.007692047149726667,-0.46262726302891544,50.87816460835839,881.219970703125,930.219970703125,0.004618267070789165,0.017980026516798444,4
2026-06-05,895.6300048828125,914.260009765625,886.75824,888.12305,888.28436,886.016,885.9354,0.007427590089380356,-0.16241646807155363,46.9845537917882,881.219970703125,930.219970703125,-0.03875390986788241,-0.015095482152516212,5
2026-06-08,914.260009765625,922.9199829101562,893.9011,897.3678,898.27026,891.60156,895.5762,0.009058443096551688,1.2349882769713205,63.57530475247668,881.219970703125,930.219970703125,0.010482107026258984,-0.029812992715881368,1
2026-06-09,922.9199829101562,916.4299926757812,897.3678,898.27026,891.60156,895.5762,898.8493,0.00909273458317019,2.607759746091152,66.31990031302512,881.219970703125,930.219970703125,-0.004274931670488298,-0.05218439396108085,2
2026-06-10,916.4299926757812,915.1799926757812,898.27026,891.60156,895.5762,898.8493,898.45154,0.008989594656648116,2.920349724557699,67.31476740598075,881.219970703125,930.219970703125,-0.00852488121841812,-0.035796925787185976,3
2026-06-11,915.1799926757812,906.02001953125,891.60156,895.5762,898.8493,898.45154,898.2,0.00868797914175527,2.879799868046669,65.40988624076209,881.219970703125,930.219970703125,0.0015989373612835867,-0.03870378218788057,4
2026-06-12,906.02001953125,899.1099853515625,895.5762,898.8493,898.45154,898.2,902.9006,0.00882728329081975,2.1086748415435816,57.561605215456055,881.219970703125,930.219970703125,0.027031900562995762,0.02666237905305861,5
2026-06-15,899.1099853515625,889.969970703125,913.66394,919.79456,918.0417,916.53674,916.82587,0.008777554972894968,1.0588428521591648,51.741119938504426,881.219970703125,930.219970703125,0.008053949730139183,0.02417250543245539,1
2026-06-16,889.969970703125,885.260009765625,919.79456,918.0417,916.53674,916.82587,917.271,0.008921878338193223,-0.2553687953759394,47.43280094759411,881.219970703125,930.219970703125,0.001002161336406582,0.029591444546162984,2
2026-06-17,885.260009765625,886.3499755859375,918.0417,916.53674,916.82587,917.271,917.4609,0.008737395154766627,-1.383097629000073,44.49741966021314,881.219970703125,930.219970703125,-0.001156423524832199,0.03720596472992238,3
2026-06-18,886.3499755859375,900.1799926757812,916.53674,916.82587,917.271,917.4609,919.03424,0.008440900477252157,-1.9615351034296482,47.02779409501132,881.219970703125,930.219970703125,-0.016646363132267167,0.018453423316065413,4
2026-06-19,900.1799926757812,901.2100219726562,916.82587,917.271,917.4609,919.03424,917.6327,0.009134555510405823,-1.347853703008475,55.866055638239764,881.219970703125,930.219970703125,0.0,-0.008708534706596658,5
2026-06-22,901.2100219726562,905.9500122070312,908.63837,914.22345,907.5684,914.7002,918.1544,0.008821804956887636,-0.8329387666919557,55.21549456541895,881.219970703125,930.219970703125,-0.002827690066274483,-0.019436934213317634,1
2026-06-23,905.9500122070312,913.469970703125,914.22345,907.5684,914.7002,918.1544,922.00775,0.008626573177761833,-0.16826195264863136,58.82804722135477,881.219970703125,926.1099853515624,-0.03449037300966138,-0.053629227612700635,2
2026-06-24,913.469970703125,918.219970703125,907.5684,914.7002,918.1544,922.00775,920.1449,0.008610214233956533,0.7332338310418236,59.86356679106153,881.219970703125,922.9199829101562,-0.03277353237773814,-0.08308266552958499,3
2026-06-25,918.219970703125,919.8300170898438,914.7002,918.1544,922.00775,920.1449,922.71454,0.008423129482005208,1.5574617900175167,61.53609748677809,881.219970703125,922.9199829101562,0.021226927609582807,-0.04769000085650414,4
2026-06-26,919.8300170898438,921.989990234375,918.1544,922.00775,920.1449,922.71454,932.54504,0.008145430056582704,2.0861181072498454,53.442953713911024,881.219970703125,922.9199829101562,0.011628054340762762,-0.03655185646337098,5
2026-06-29,921.989990234375,921.760009765625,920.6123,917.9001,917.66956,923.69885,923.63367,0.007888980648942022,2.4321431637087816,49.374920516407464,881.219970703125,922.9199829101562,-0.0071901852926039185,-0.04074573984098327,1
2026-06-30,921.760009765625,921.5700073242188,917.9001,917.66956,923.69885,923.63367,924.47284,0.007621082741765419,2.487494676357592,53.91165527874357,881.219970703125,922.9199829101562,0.015460074778671905,0.008386308770899966,2
2026-07-01,921.5700073242188,925.0599975585938,917.66956,923.69885,923.63367,924.47284,929.1822,0.007363000562062163,2.354637826044433,54.763694472705694,881.219970703125,922.9199829101562,-0.011205093563390204,0.030371872014752988,3
2026-07-02,925.0599975585938,924.739990234375,923.69885,923.63367,924.47284,929.1822,926.4874,0.0071805247707429,2.340262035192377,65.50487734809046,881.219970703125,925.0599975585938,-0.0014708001647411473,0.007248191997320506,4
2026-07-03,924.739990234375,920.8400268554688,923.63367,924.47284,929.1822,926.4874,925.7879,0.0069393453816054725,2.152422405857302,73.38080146457818,881.219970703125,925.0599975585938,0.0,-0.004396312045217968,5
2026-07-06,920.8400268554688,927.5800170898438,923.39496,920.0298,916.8292,922.067,927.4492,0.006810327753335887,1.6323356288407531,81.13791366897617,881.219970703125,925.0599975585938,0.010331583040322573,0.013202152997047715,1
2026-07-07,927.5800170898438,926.489990234375,920.0298,916.8292,922.067,927.4492,932.75134,0.006859554163626338,1.6065631442504724,91.00782694375411,881.219970703125,927.5800170898438,-0.0010526365940761889,-0.0033911841839605,2
2026-07-08,926.489990234375,934.6599731445312,916.8292,922.067,927.4492,932.75134,927.5562,0.006639266663271577,1.38861323721677,88.89538143442148,881.219970703125,927.5800170898438,-0.01914013935616124,-0.01126802788681746,3
2026-07-09,934.6599731445312,926.9600219726562,922.067,927.4492,932.75134,927.5562,918.33673,0.006829201375018674,1.6494227988783754,87.52723600999096,881.219970703125,934.6599731445312,0.026163935290325936,0.01643635719341348,4
2026-07-10,926.9600219726562,926.8699951171876,927.4492,932.75134,927.5562,918.33673,916.9105,0.006984301664971892,1.1800959659582864,74.47259733630331,881.219970703125,934.6599731445312,0.002972223900634411,0.01946192773692595,5
2026-07-13,926.8699951171876,930.5,933.4776,936.2148,939.8583,934.83826,934.5102,0.006750745535725309,0.7606945884013374,71.80986923737728,881.219970703125,934.6599731445312,-8.024741299155112e-05,0.008902529714526746,1
2026-07-14,930.5,925.0499877929688,936.2148,939.8583,934.83826,934.5102,940.5875,0.0066038331291648515,0.6302411903138259,69.32159071078978,885.260009765625,934.6599731445312,0.015442498101460594,0.02568252652061329,2
2026-07-15,925.0499877929688,924.47998046875,939.8583,934.83826,934.5102,940.5875,943.36066,0.006590405039276235,0.10683144534100375,57.62790196738703,885.260009765625,934.6599731445312,-0.005782877839766474,0.03947474432763048,3
2026-07-16,924.47998046875,924.1300048828124,934.83826,934.5102,940.5875,943.36066,949.4298,0.006375094638405781,-0.3242507007386495,55.31668413655265,885.260009765625,934.6599731445312,0.0003971654574320329,0.01303296045665884,4
2026-07-17,924.1300048828124,933.97998046875,934.5102,940.5875,943.36066,949.4298,949.2316,0.006166158403720602,-0.6600847136489651,52.552503144946996,885.260009765625,934.6599731445312,-0.012144638701152746,-0.0021657517630200027,5
2026-07-20,933.97998046875,933.780029296875,918.06024,922.35846,921.19543,910.20807,914.9335,0.006601567739859497,-0.2661725466284075,61.854860675248396,885.260009765625,934.6599731445312,0.012620983706146529,0.010588799429111227,1
2026-07-21,933.780029296875,934.1699829101562,922.35846,921.19543,910.20807,914.9335,922.0022,0.00638390565889761,-0.0762753244115153,61.842923159438925,885.260009765625,934.6599731445312,0.03310222155002192,0.028594033945984972,2
2026-07-22,934.1699829101562,935.9400024414062,921.19543,910.20807,914.9335,922.0022,921.5763,0.006174174890511813,0.013614748806704213,59.401462833301,885.260009765625,934.6599731445312,-0.009257887611187711,0.02502586293244361,3
2026-07-23,935.9400024414062,941.8900146484376,910.20807,914.9335,922.0022,921.5763,918.2324,0.005990403399842465,0.12415164435103687,61.2224928109164,885.260009765625,935.9400024414062,-0.02289224847416917,0.0014294511624003904,4
2026-07-24,941.8900146484376,945.989990234375,914.9335,922.0022,921.5763,918.2324,916.0952,0.0060323262283515835,0.5083094420486125,70.25989635162911,885.260009765625,941.8900146484376,0.0023762931297229128,0.01607723228984954,5
2026-07-27,945.989990234375,940.0399780273438,946.1582,949.2629,953.6665,953.73676,951.2693,0.005944615536029436,0.9246057785779378,68.66763296624677,885.260009765625,945.989990234375,0.003001827486801528,0.006350284179513034,1
2026-07-28,940.0399780273438,934.3800048828124,949.2629,953.6665,953.73676,951.2693,951.9112,0.006014617630310188,0.6957488808208465,62.50694351332197,885.260009765625,945.989990234375,-0.0026854447899488545,-0.029027818332004473,2
2026-07-29,934.3800048828124,934.9099731445312,953.6665,953.73676,951.2693,951.9112,951.16284,0.00605759245781094,0.09144335420626426,49.72902722724013,885.260009765625,945.989990234375,-0.007701210872198454,-0.02751515146139386,3
2026-07-30,934.9099731445312,925.0499877929688,953.73676,951.2693,951.9112,951.16284,954.92035,0.0058617916971177774,-0.3216882232408338,58.934563643297864,885.260009765625,945.989990234375,0.026892641982221528,0.022125320371429308,4
2026-07-31,925.0499877929688,922.9500122070312,951.2693,951.9112,951.16284,954.92035,953.9964,0.006378340306285139,-1.2556680072893132,48.322877682951294,885.260009765625,945.989990234375,-0.0013198401493381645,0.01835438219749644,5
2026-08-03,922.9500122070312,924.6599731445312,925.66376,922.83386,923.1913,926.22675,922.5179,0.006204022032436179,-1.9690569772921984,42.84087160343787,885.260009765625,945.989990234375,0.012046488506285159,0.02760683194262729,1
2026-08-04,924.6599731445312,914.4600219726562,922.83386,923.1913,926.22675,922.5179,923.79694,0.006019266398836605,-2.2591577426086484,49.601942570092994,885.260009765625,945.989990234375,0.01591509584598905,0.04689974766550047,2
2026-08-05,914.4600219726562,913.52001953125,923.1913,926.22675,922.5179,923.79694,925.18726,0.006570704706062703,-3.0236557898141756,41.4534190592707,885.260009765625,945.989990234375,0.012686404289486142,0.06846259748900979,3
2026-08-06,913.52001953125,915.3800048828124,926.22675,922.5179,923.79694,925.18726,920.50055,0.006361763344405977,-3.4475807935800087,41.04033431880702,885.260009765625,945.989990234375,-0.00238988478246076,0.03762895949832691,4
2026-08-07,915.3800048828124,912.5,922.5179,923.79694,925.18726,920.50055,922.0103,0.0061743566529379205,-3.449271948846257,31.842956967720966,885.260009765625,945.989990234375,-0.01757539541130289,0.0208980779076065,5
2026-08-10,912.5,914.989990234375,916.3273,918.40906,917.72986,917.13,917.4826,0.00603993110554418,-3.4808599695373554,30.259632609892037,885.260009765625,945.989990234375,0.003646060691822296,0.012358017598907476,1
2026-08-11,914.989990234375,913.52001953125,918.40906,917.72986,917.13,917.4826,923.61456,0.005885888898810422,-3.1788967429693624,32.87495054501302,885.260009765625,945.989990234375,0.0026502001102386456,-0.0009821324940826734,2
2026-08-12,913.52001953125,914.0900268554688,917.72986,917.13,917.4826,923.61456,925.00104,0.005716634502223678,-2.9291695750267124,29.874258288269047,885.260009765625,945.989990234375,-0.0022711594833249556,-0.015813806580395398,3
2026-08-13,914.0900268554688,914.0,917.13,917.4826,923.61456,925.00104,926.0899,0.005535795134796854,-2.5884112655318345,22.37667068151781,885.260009765625,945.989990234375,-0.0006823476740331839,-0.014131836529064641,4
2026-08-14,914.0,913.0999755859376,917.4826,923.61456,925.00104,926.0899,924.78564,0.0053611054969486425,-2.2446818402702,15.460895695495168,885.260009765625,945.989990234375,0.0010612446835852258,0.004413710180685897,5
2026-08-17,913.0999755859376,914.7899780273438,916.287,918.5314,919.75385,918.4153,919.5736,0.005202050955802455,-1.9636851095850687,17.353228767413114,885.260009765625,945.989990234375,0.0006816241669075291,0.0014405984698549184,1
2026-08-18,914.7899780273438,922.9400024414062,918.5314,919.75385,918.4153,919.5736,919.4845,0.00506136607562949,-1.5669732307555,23.73276679046144,885.260009765625,945.989990234375,-0.018569289721207194,-0.019585588700257436,2
2026-08-19,922.9400024414062,921.1599731445312,919.75385,918.4153,919.5736,919.4845,917.3923,0.00544754580163298,-0.7026946716028013,36.67335322993609,885.260009765625,945.989990234375,0.0007710276924720535,-0.01659844312706868,3
2026-08-20,921.1599731445312,922.27001953125,918.4153,919.5736,919.4845,917.3923,917.35486,0.005306738708637995,-0.2227725318376672,44.71895290526358,885.260009765625,945.989990234375,-0.004247954192756235,-0.020098622289650085,4
2026-08-21,922.27001953125,921.1300048828124,919.5736,919.4845,917.3923,917.35486,918.7155,0.005149268729749149,0.17602976092194567,49.05135021449139,885.260009765625,945.989990234375,0.01832946105727777,-0.0030305296436349055,5
2026-08-24,921.1300048828124,912.1900024414062,916.2186,913.55597,913.01855,914.84235,914.0562,0.005004660656582619,0.3590869838118551,44.995803518122536,885.260009765625,945.989990234375,0.0029593341759600266,-0.0007571342173834435,1
2026-08-25,912.1900024414062,912.77001953125,913.55597,913.01855,914.84235,914.0562,912.85535,0.005546265296190972,-0.10127221615310411,46.66273047367113,885.260009765625,945.989990234375,0.016606289178301835,0.03501731693057663,2
2026-08-26,912.77001953125,919.219970703125,913.01855,914.84235,914.0562,912.85535,912.0123,0.005373006754336425,-0.33300334909744,48.885591775435124,885.260009765625,945.989990234375,-0.01728842999342165,0.016493236372894807,3
2026-08-27,919.219970703125,922.6699829101562,914.84235,914.0562,912.85535,912.0123,910.86273,0.005529176905457356,-0.03392264811744883,55.02086106562238,885.260009765625,945.989990234375,-0.001137984674680693,0.0196594201689716,4
2026-08-28,922.6699829101562,931.510009765625,914.0562,912.85535,912.0123,910.86273,912.4614,0.005442395684177358,0.3908105425244952,63.10223081943502,885.260009765625,945.989990234375,-0.003802589714711809,-0.002659837376031039,5
2026-08-31,931.510009765625,934.030029296875,920.44196,922.3616,923.06555,923.9468,924.38684,0.005850090890412298,1.2151224702286558,68.29048092725552,885.260009765625,945.989990234375,0.004788932365228237,-0.0008334353389590339,1
2026-09-01,934.030029296875,935.6400146484376,922.3616,923.06555,923.9468,924.38684,926.4529,0.00570384507891547,1.840573203189745,72.19207827681134,885.260009765625,945.989990234375,-0.013282694622597117,-0.03025561869400699,2
2026-09-02,935.6400146484376,937.5999755859376,923.06555,923.9468,924.38684,926.4529,926.3675,0.005538454669525789,2.2463231369557746,72.80413151507419,885.260009765625,945.989990234375,-0.0008456413975780643,-0.014178502753753543,3
2026-09-03,937.5999755859376,932.6400146484376,923.9468,924.38684,926.4529,926.3675,923.8734,0.0053892525865986305,2.510313583574141,74.02271913954569,885.260009765625,945.989990234375,0.011622735706030072,-0.0015181041759266365,4
