ds,y,nhits_h1,nhits_h2,nhits_h3,nhits_h4,nhits_h5,vol_garch,macd,rsi,precio_min_ventana,precio_max_ventana,dias_desde_refit,copper_ret_1d,copper_mom_5d,y_next,ds_salida,ds_reloj
2020-12-07,743.4000244140625,751.7786,750.6515,750.07776,749.4335,751.5877,0.0068659752890102,-1.3000030232420494,31.65589305389317,743.4000244140625,803.5999755859375,1,0.010010049910142307,0.03368143826266595,744.7000122070312,2020-12-08,2020-12-04
2020-12-08,744.7000122070312,750.6515,750.07776,749.4335,751.5877,751.8108,0.0066581027375259,-1.6178821416579643,34.89935360188758,743.4000244140625,803.5999755859375,2,-0.0015663484164623479,0.02572724984573018,744.4000244140625,2020-12-09,2020-12-07
2020-12-09,744.4000244140625,750.07776,749.4335,751.5877,751.8108,751.54736,0.0064470273600392,-1.7164425753819668,37.81822862856375,743.4000244140625,803.5999755859375,3,-0.00414142427707529,0.007497123233670974,742.7000122070312,2020-12-10,2020-12-08
2020-12-10,742.7000122070312,749.4335,751.5877,751.8108,751.54736,751.35724,0.0062748905580876,-1.757805773214118,35.66309498287079,742.7000122070312,803.5999755859375,4,0.0039988454471531765,0.009496400942806571,734.2999877929688,2020-12-11,2020-12-09
2020-12-11,734.2999877929688,751.5877,751.8108,751.54736,751.35724,750.0295,0.0067827876622904,-2.184723256182009,25.168929019912696,734.2999877929688,803.5999755859375,5,0.01765956801103442,0.02630060449627686,733.7999877929688,2020-12-14,2020-12-10
2020-12-14,733.7999877929688,736.0654,735.70624,735.0991,736.1331,737.09375,0.0065687955086174,-2.321778447307325,10.400011718735698,733.7999877929688,803.5999755859375,1,-0.013108925112561077,0.002845757153371549,734.9000244140625,2020-12-15,2020-12-11
2020-12-15,734.9000244140625,735.70624,735.0991,736.1331,737.09375,739.2991,0.0063696461982865,-2.1625665079698493,12.35302213419341,733.7999877929688,803.5999755859375,2,-0.0005676568532849705,0.0038477910283128596,735.7000122070312,2020-12-16,2020-12-14
2020-12-16,735.7000122070312,735.0991,736.1331,737.09375,739.2991,739.51556,0.006173306690791,-1.8402257125802235,16.588851684739524,733.7999877929688,803.5999755859375,3,0.004532594732826386,0.012593059330743893,733.7000122070312,2020-12-17,2020-12-15
2020-12-17,733.7000122070312,736.1331,737.09375,739.2991,739.51556,738.31384,0.006025961950951,-1.6070309807122287,12.93309539516342,733.7000122070312,803.5999755859375,4,0.004512075897879891,0.013112886307093197,721.4000244140625,2020-12-18,2020-12-16
2020-12-18,721.4000244140625,737.09375,739.2991,739.51556,738.31384,741.03125,0.0073426603502038,-2.095594137217532,6.015059159344176,721.4000244140625,803.5999755859375,5,0.012026430542292521,0.00742192617644431,724.7999877929688,2020-12-21,2020-12-17
2020-12-21,724.7999877929688,719.6788,718.72424,716.8847,715.9252,715.9045,0.0072036087601296,-2.0042193786308538,13.252966272552683,721.4000244140625,803.5999755859375,1,0.008719203163225152,0.029653818787127317,725.0999755859375,2020-12-22,2020-12-18
2020-12-22,725.0999755859375,718.72424,716.8847,715.9252,715.9045,716.41595,0.0069712712715097,-1.7474059643741295,14.315291221565433,721.4000244140625,803.5999755859375,2,-0.015413769301266707,0.014480374434948994,722.2000122070312,2020-12-23,2020-12-21
2020-12-23,722.2000122070312,716.8847,715.9252,715.9045,716.41595,717.5064,0.0068341262236305,-1.6005921058252088,14.649630354354445,721.4000244140625,803.5999755859375,3,-0.015512951902100029,-0.005652973075548363,713.5999755859375,2020-12-24,2020-12-22
2020-12-24,713.5999755859375,715.9252,715.9045,716.41595,717.5064,718.3899,0.007333667467197,-1.8905373475422795,13.717641005977327,713.5999755859375,803.5999755859375,4,0.00961822368998747,-0.0005627054297451403,714.2999877929688,2020-12-25,2020-12-23
2020-12-25,714.2999877929688,715.9045,716.41595,717.5064,718.3899,718.6909,0.0070994625595937,-1.841219016560922,17.155705824243512,713.5999755859375,803.5999755859375,5,0.002249690773362123,-0.010286333630522511,711.5,2020-12-29,2020-12-24
2020-12-29,711.5,722.7723,723.5907,727.45416,730.45306,733.674,0.0067359474265402,-1.4835942241691529,13.846127017513735,711.5,803.5999755859375,2,0.0028050483012747717,-0.016122378874030886,714.9000244140625,2020-12-30,2020-12-28
2020-12-30,714.9000244140625,723.5907,727.45416,730.45306,733.674,734.8979,0.00663302903324,-1.0033425809196483,20.55086800504316,711.5,803.5999755859375,3,-0.004773267568748166,-0.005597531817169981,711.0,2020-12-31,2020-12-29
2020-12-31,711.0,727.45416,730.45306,733.674,734.8979,735.0349,0.0065867165130713,-0.7977892345608293,22.71664972834361,711.0,803.5999755859375,4,-0.0028184884850533864,0.007106337739378394,710.0,2021-01-01,2020-12-30
2021-01-01,710.0,730.45306,733.674,734.8979,735.0349,737.4786,0.0063911229603222,-0.588295798818324,22.45372561596747,710.0,803.5999755859375,5,-0.00821884864248363,-0.010698228131136536,703.7999877929688,2021-01-05,2020-12-31
2021-01-05,703.7999877929688,718.17,717.0627,716.85876,717.274,715.9231,0.0064289490221221,-0.4293995883290051,16.421026932565795,703.7999877929688,803.5999755859375,2,0.011037337127536937,-0.001966283594082451,695.4000244140625,2021-01-06,2021-01-04
2021-01-06,695.4000244140625,717.0627,716.85876,717.274,715.9231,715.7988,0.0069827078021149,-0.9044672155138632,14.471230227257024,695.4000244140625,803.5999755859375,3,0.024328744190622302,0.019747937462204476,696.0,2021-01-07,2021-01-05
2021-01-07,696.0,716.85876,717.274,715.9231,715.7988,714.1742,0.0067620845469237,-1.008759623370441,19.905149521842503,695.4000244140625,803.5999755859375,4,0.0026061400085380447,0.027300907064262823,712.2999877929688,2021-01-08,2021-01-06
2021-01-08,712.2999877929688,717.274,715.9231,715.7988,714.1742,712.65857,0.0088916016231609,0.1290471416873604,38.6569822698885,695.4000244140625,793.0,5,0.01238864164946358,0.0430425952323417,703.3304443359375,2021-01-11,2021-01-07
2021-01-11,703.3304443359375,703.62573,702.3678,699.97253,702.5789,702.3419,0.0092334516881425,0.3727953194253217,32.93108728943339,695.4000244140625,787.0999755859375,1,-0.0059709326787447245,0.04538990462171073,719.0,2021-01-12,2021-01-08
2021-01-12,719.0,702.3678,699.97253,702.5789,702.3419,698.91833,0.0106458280808633,1.6149472817109096,47.9095578449096,695.4000244140625,785.5,2,-0.030261423589353787,0.003095952171877183,724.5,2021-01-13,2021-01-11
2021-01-13,724.5,699.97253,702.5789,702.3419,698.91833,698.4212,0.0104644758289665,2.7650856593641144,57.42113285450946,695.4000244140625,782.5,3,0.011438296923926266,-0.00975142121178066,737.2999877929688,2021-01-14,2021-01-12
2021-01-14,737.2999877929688,702.5789,702.3419,698.91833,698.4212,697.5351,0.0111091799800802,4.256825527806733,63.44415015069869,695.4000244140625,778.2999877929688,4,0.003323205417966472,-0.009041093563939735,726.0,2021-01-15,2021-01-13
2021-01-15,726.0,702.3419,698.91833,698.4212,697.5351,697.3186,0.0115009121945509,4.336768817466117,56.04095773948372,695.4000244140625,775.2000122070312,5,0.014001568268525182,-0.007441459866258496,723.4689331054688,2021-01-18,2021-01-14
2021-01-18,723.4689331054688,730.2877,732.0878,735.98975,740.80334,748.5695,0.0111386046607988,4.07736227581208,56.19701618943184,695.4000244140625,774.7999877929688,1,-0.017879738594029113,-0.0191915432830798,733.5,2021-01-19,2021-01-15
2021-01-19,733.5,732.0878,735.98975,740.80334,748.5695,752.2778,0.0113439640898921,4.411249251342703,59.01151374931395,695.4000244140625,773.4000244140625,2,0.0,0.010942770909641162,736.7999877929688,2021-01-20,2021-01-18
2021-01-20,736.7999877929688,735.98975,740.80334,748.5695,752.2778,753.25183,0.0110084397155313,4.659882329878457,62.57295434846882,695.4000244140625,773.4000244140625,3,0.009117342638361609,0.008599139735508151,721.5999755859375,2021-01-21,2021-01-19
2021-01-21,721.5999755859375,740.80334,748.5695,752.2778,753.25183,751.8425,0.0120049248637412,3.650798565542869,54.965694189698326,695.4000244140625,773.4000244140625,4,0.0031578581146133864,0.0084323843742432,716.9000244140625,2021-01-22,2021-01-20
2021-01-22,716.9000244140625,748.5695,752.2778,753.25183,751.8425,749.2196,0.0117189206916633,2.568068545273273,52.83949054440858,695.4000244140625,773.4000244140625,5,0.0021908531376899996,-0.0034078647061656746,727.0999755859375,2021-01-25,2021-01-21
2021-01-25,727.0999755859375,717.5445,715.5155,715.156,711.0938,713.15814,0.0119041811671262,2.440960786346212,59.28278691514336,695.4000244140625,773.4000244140625,1,-0.005486224494399296,0.009020269020598558,732.5,2021-01-26,2021-01-22
2021-01-26,732.5,715.5155,715.156,711.0938,713.15814,715.0049,0.0116481378934486,2.6075981905404,65.14271137156973,695.4000244140625,773.4000244140625,2,0.0013744131974424212,0.010408033257109529,732.7000122070312,2021-01-27,2021-01-25
2021-01-27,732.7000122070312,715.156,711.0938,713.15814,715.0049,714.82404,0.0112436747427768,2.611818089491282,65.02853029610023,695.4000244140625,773.4000244140625,3,-0.0034395156780045112,-0.0022001917446712693,738.2000122070312,2021-01-28,2021-01-26
2021-01-28,738.2000122070312,711.0938,713.15814,715.0049,714.82404,713.71643,0.0110272452220862,2.8462966060964296,61.63511113987051,695.4000244140625,773.4000244140625,4,-0.015695844799481936,-0.020836182154799314,735.5,2021-01-29,2021-01-27
2021-01-29,735.5,713.15814,715.0049,714.82404,713.71643,710.3086,0.0106964469502188,2.6830121040577173,65.31422481372448,695.4000244140625,773.4000244140625,5,0.0032147296487249717,-0.019833125906013445,734.2999877929688,2021-02-01,2021-01-28
2021-02-01,734.2999877929688,740.87744,743.5184,743.96545,739.88605,736.3946,0.0103420625946966,2.368588459718893,58.4472380808603,695.4000244140625,773.4000244140625,1,-0.0026549381584333254,-0.017054060519955155,733.2999877929688,2021-02-02,2021-01-29
2021-02-02,733.2999877929688,743.5184,743.96545,739.88605,736.3946,730.63477,0.0099987205183641,1.9832821556065716,55.11258183272685,695.4000244140625,773.4000244140625,2,-0.0032232896853065453,-0.021562980619232078,732.2000122070312,2021-02-03,2021-02-01
2021-02-03,732.2000122070312,743.96545,739.88605,736.3946,730.63477,726.8014,0.0096701736363989,1.5628458571810009,46.570848394711525,695.4000244140625,773.4000244140625,3,-0.006477983976974251,-0.0245314184492475,735.2000122070312,2021-02-05,2021-02-02
2021-02-05,735.2000122070312,736.3946,730.63477,726.8014,724.59106,721.7692,0.0090884822991994,1.104309545786053,59.23256207176153,695.4000244140625,773.4000244140625,5,0.007600304097534089,-0.001539991069400266,738.5,2021-02-08,2021-02-04
2021-02-08,738.5,712.25446,715.69244,715.4522,715.12317,711.4737,0.0088562342217325,1.1777539968837472,54.40141412621829,695.4000244140625,773.4000244140625,1,0.020264386695531118,0.01562935951506085,735.0,2021-02-09,2021-02-05
2021-02-09,735.0,715.69244,715.4522,715.12317,711.4737,721.3243,0.0086556401636551,0.9223979167716344,48.4210616487862,695.4000244140625,773.4000244140625,2,0.010932047306130873,0.029522872605347687,734.2000122070312,2021-02-10,2021-02-08
2021-02-10,734.2000122070312,715.4522,715.12317,711.4737,721.3243,726.18475,0.0083708470898838,0.6445483611951355,64.78880504099823,695.4000244140625,773.4000244140625,3,0.014705183351721931,0.048147098773228536,724.5999755859375,2021-02-11,2021-02-09
2021-02-11,724.5999755859375,715.12317,711.4737,721.3243,726.18475,722.5646,0.0088212902961357,-0.1959019499897172,58.105211759868425,695.4000244140625,773.4000244140625,4,0.013831859146124684,0.06965244782917844,725.7999877929688,2021-02-12,2021-02-10
2021-02-12,725.7999877929688,711.4737,721.3243,726.18475,722.5646,722.5594,0.0085344359304747,-0.6552413358127973,48.3117068414753,695.4000244140625,773.4000244140625,5,0.000528153994474969,0.06211439171036102,721.2999877929688,2021-02-15,2021-02-11
2021-02-15,721.2999877929688,727.0082,728.6512,731.4042,731.78815,729.72815,0.0084176254070522,-1.2138964825764738,35.106381251836325,695.4000244140625,773.4000244140625,1,0.0038211104503456115,0.044792555522243364,718.7999877929688,2021-02-16,2021-02-12
2021-02-16,718.7999877929688,728.6512,731.4042,731.78815,729.72815,728.6168,0.0081906406921953,-1.675113155039322,32.58143369811633,695.4000244140625,773.2999877929688,2,0.0,0.03343303840023268,718.0999755859375,2021-02-17,2021-02-15
2021-02-17,718.0999755859375,731.4042,731.78815,729.72815,728.6168,723.7973,0.0079196325410819,-1.932390601843891,21.367499074040268,695.4000244140625,768.2000122070312,3,0.012026289584637934,0.030668285967424096,712.7000122070312,2021-02-18,2021-02-16
2021-02-18,712.7000122070312,731.78815,729.72815,728.6168,723.7973,718.613,0.0079205763825953,-2.343891578855015,19.841276248758703,695.4000244140625,768.2000122070312,4,-0.0031233976197787097,0.01334035541278491,710.5,2021-02-19,2021-02-17
2021-02-19,710.5,729.72815,728.6168,723.7973,718.613,715.2296,0.0077013101342008,-2.620929704457075,19.3299029886786,695.4000244140625,768.2000122070312,5,0.02076827313014467,0.03405945615005395,708.4000244140625,2021-02-22,2021-02-18
2021-02-22,708.4000244140625,707.38464,705.6133,700.1474,698.65906,699.3727,0.0074867427765363,-2.786808591035747,18.79700973351018,695.4000244140625,761.4000244140625,1,0.043346586160945506,0.07574963265228313,706.5,2021-02-23,2021-02-19
2021-02-23,706.5,705.6133,700.1474,698.65906,699.3727,708.9735,0.0072726279219758,-2.855207257611513,18.427512900608704,695.4000244140625,759.5,2,0.015165591889079963,0.09218834891937815,704.2000122070312,2021-02-24,2021-02-22
2021-02-24,704.2000122070312,700.1474,698.65906,699.3727,708.9735,714.90326,0.0070847933142526,-2.877938773235134,17.441860465116278,695.4000244140625,755.5,3,0.008393297899842403,0.08822763670312699,700.4000244140625,2021-02-25,2021-02-23
2021-02-25,700.4000244140625,698.65906,699.3727,708.9735,714.90326,723.1309,0.0070042977379796,-2.960022470865753,10.27397546608995,695.4000244140625,750.0999755859375,4,0.026743684145325672,0.12122006171784441,715.5,2021-02-26,2021-02-24
2021-02-26,715.5,699.3727,708.9735,714.90326,723.1309,726.4579,0.0087977456489189,-1.8621060042256552,29.316537680443503,695.4000244140625,744.7000122070312,5,-0.008171009534660136,0.08923776184952181,723.4000244140625,2021-03-01,2021-02-25
2021-03-01,723.4000244140625,714.97833,709.40686,721.85614,714.63794,728.52765,0.0089664620916529,-0.5373828375661929,40.33335367838542,695.4000244140625,744.7000122070312,1,-0.04103194619546087,0.0011002230058880643,722.4000244140625,2021-03-02,2021-02-26
2021-03-02,722.4000244140625,709.40686,721.85614,714.63794,728.52765,738.14575,0.0086779539600275,0.2933002354544149,40.199347674226445,695.4000244140625,744.4000244140625,2,0.006087210099527751,-0.007947017738226802,728.5,2021-03-03,2021-03-01
2021-03-03,728.5,721.85614,714.63794,728.52765,738.14575,737.9936,0.0086646238733282,1.2232181340947634,53.43917793001295,695.4000244140625,742.7000122070312,3,0.026824739620605623,0.010507498214493937,727.0999755859375,2021-03-04,2021-03-02
2021-03-04,727.0999755859375,714.63794,728.52765,738.14575,737.9936,738.54785,0.0083958512270113,1.6851662258805158,51.1423450172647,695.4000244140625,738.5,4,-0.018725640031191874,-0.0344106571161761,731.5999755859375,2021-03-05,2021-03-03
2021-03-05,731.5999755859375,728.52765,738.14575,737.9936,738.54785,736.26855,0.0082703692316104,2.202268766377092,59.05096170658268,695.4000244140625,738.5,5,-0.03978912495984579,-0.06446316695449032,732.9000244140625,2021-03-08,2021-03-04
2021-03-08,732.9000244140625,729.4977,726.334,728.4323,729.7246,731.9049,0.0080084705014601,2.517600853050604,62.65712166155849,695.4000244140625,738.5,1,0.023769368152198076,-0.001831767381264405,736.0,2021-03-09,2021-03-05
2021-03-09,736.0,726.334,728.4323,729.7246,731.9049,736.5016,0.0078173540222307,2.799065898290185,65.40450252649936,695.4000244140625,738.5,2,0.004029062680954104,-0.003884032096423542,734.9000244140625,2021-03-10,2021-03-08
2021-03-10,734.9000244140625,728.4323,729.7246,731.9049,736.5016,736.1003,0.0075724831101079,2.770138165989889,70.63198628637294,695.4000244140625,738.5,3,-0.020682779387527755,-0.05010052288125251,723.9000244140625,2021-03-11,2021-03-09
2021-03-11,723.9000244140625,729.7246,731.9049,736.5016,736.1003,738.24146,0.0083456451899833,1.910068558497981,60.702899073552274,695.4000244140625,738.5,4,0.00558211193960872,-0.026727682229187005,712.7999877929688,2021-03-12,2021-03-10
2021-03-12,712.7999877929688,731.9049,736.5016,736.1003,738.24146,739.52783,0.009044708901546,0.5634040594859455,53.07259855339935,695.4000244140625,738.5,5,0.024680619799534884,0.03808574072280796,723.5999755859375,2021-03-15,2021-03-11
2021-03-15,723.5999755859375,718.3513,717.8565,712.8579,715.94196,718.96265,0.0095746358901707,0.3786699715130441,60.62110284840839,695.4000244140625,738.5,1,0.0006032592635764687,0.014313748824532789,722.5999755859375,2021-03-16,2021-03-12
2021-03-16,722.5999755859375,717.8565,712.8579,715.94196,718.96265,720.28656,0.0092625483233134,0.1779847015107033,61.6161367063986,695.4000244140625,738.5,2,0.00024117884471256955,0.010478913710657739,727.2999877929688,2021-03-17,2021-03-15
2021-03-17,727.2999877929688,712.8579,715.94196,718.96265,720.28656,719.2152,0.0091060653261022,0.3411775927556001,66.79148007519284,695.4000244140625,738.5,3,-0.016412772188325007,0.014802891084194535,721.9000244140625,2021-03-18,2021-03-16
2021-03-18,721.9000244140625,715.94196,718.96265,720.28656,719.2152,711.6465,0.0090259544063049,0.0785529656995328,54.54547030866092,695.4000244140625,738.5,4,0.011941116105170712,0.021276588214642324,720.0999755859375,2021-03-19,2021-03-17
2021-03-19,720.0999755859375,718.96265,720.28656,719.2152,711.6465,717.7254,0.0087542900962756,-0.2076395169788697,47.43386755665919,695.4000244140625,738.5,5,-0.0026682077001745565,-0.006275651001248662,712.7999877929688,2021-03-22,2021-03-18
2021-03-22,712.7999877929688,719.9414,721.12366,715.4997,713.8458,713.7596,0.0088864664188817,-0.8441211955392169,43.20111073552512,695.4000244140625,738.5,1,0.0015775180322680441,-0.005307034575667284,716.2999877929688,2021-03-23,2021-03-19
2021-03-23,716.2999877929688,721.12366,715.4997,713.8458,713.7596,718.1122,0.0086818411906288,-0.9756380213634092,41.02941084073159,695.4000244140625,738.5,2,0.00616509596797972,0.0006029319073336323,722.5,2021-03-24,2021-03-22
2021-03-24,722.5,715.4997,713.8458,713.7596,718.1122,717.17017,0.0086823735616459,-0.609226183222518,46.84067822756708,695.4000244140625,738.5,3,-0.014811572761879678,0.002206380125604916,727.2000122070312,2021-03-25,2021-03-23
2021-03-25,727.2000122070312,713.8458,713.7596,718.1122,717.17017,709.18494,0.0085576043870972,-0.0442681650330999,46.98632897252836,695.4000244140625,738.5,4,-0.004044370217164056,-0.013687006059690358,724.7000122070312,2021-03-26,2021-03-24
2021-03-26,724.7000122070312,713.7596,718.1122,717.17017,709.18494,714.71564,0.0083293208974471,0.1561316570611232,44.47438621428272,695.4000244140625,738.5,5,-0.021474152909001003,-0.03206223089596623,732.4000244140625,2021-03-29,2021-03-25
2021-03-29,732.4000244140625,733.77057,734.2295,738.8927,736.45306,744.5542,0.00850322667278,0.7681132690253543,47.71575294719069,695.4000244140625,738.5,1,0.023191937333871187,-0.010913078139776489,733.5999755859375,2021-03-30,2021-03-26
2021-03-30,733.5999755859375,734.2295,738.8927,736.45306,744.5542,749.73755,0.0082326614103191,1.189415890415448,49.17614168197058,695.4000244140625,738.5,2,-0.008742177867836775,-0.025548310992055703,728.7999877929688,2021-03-31,2021-03-29
2021-03-31,728.7999877929688,738.8927,736.45306,744.5542,749.73755,751.6269,0.0081538958353378,1.083506227803685,53.36998800285782,696.0,738.5,3,-0.014951731127624176,-0.02568487897748763,720.0,2021-04-01,2021-03-30
2021-04-01,720.0,736.45306,744.5542,749.73755,751.6269,755.1429,0.0085176314391718,0.3949618937655857,55.113647693450766,700.4000244140625,738.5,4,0.0050087114359113295,-0.01682427727224071,716.5999755859375,2021-04-02,2021-03-31
2021-04-02,716.5999755859375,744.5542,749.73755,751.6269,755.1429,750.7859,0.0083358884548773,-0.2789590835629927,44.44444444444444,700.4000244140625,738.5,5,0.00012494902745103476,0.004642431651793275,721.0,2021-04-06,2021-04-01
2021-04-06,721.0,717.8034,716.0355,715.5792,712.58295,711.3244,0.0079521318576934,-0.6343312250614311,44.89466244201909,700.4000244140625,738.5,2,0.03569840708627201,0.017285859360330842,717.2999877929688,2021-04-07,2021-04-05
2021-04-07,717.2999877929688,716.0355,715.5792,712.58295,711.3244,718.7345,0.0078153843901792,-0.8028431766425916,46.166640048583936,700.4000244140625,738.5,3,-0.005437760323936038,0.020652956685072603,713.2000122070312,2021-04-08,2021-04-06
2021-04-08,713.2000122070312,715.5792,712.58295,711.3244,718.7345,722.45984,0.0077148092991897,-1.127210441329244,44.46230759961322,700.4000244140625,738.5,4,-0.01526187929104689,0.020336452129255188,707.7000122070312,2021-04-09,2021-04-07
2021-04-09,707.7000122070312,712.58295,711.3244,718.7345,722.45984,722.21783,0.0077433929908254,-1.619038075631321,45.7851441438533,700.4000244140625,738.5,5,0.009672498938159392,0.025106198418825526,710.0999755859375,2021-04-12,2021-04-08
2021-04-12,710.0999755859375,713.2785,718.1435,714.5918,710.3755,725.0993,0.0075379300007257,-1.6821968857060463,44.78113128834608,700.4000244140625,738.5,1,-0.012999931559483379,0.011739710631842884,712.7999877929688,2021-04-13,2021-04-09
2021-04-13,712.7999877929688,718.1435,714.5918,710.3755,725.0993,716.3724,0.0073543048094374,-1.4503810100430186,41.32377588400036,700.4000244140625,738.5,2,-0.005073881548938817,-0.028681598752523248,707.5999755859375,2021-04-14,2021-04-12
2021-04-14,707.5999755859375,714.5918,710.3755,725.0993,716.3724,719.0468,0.0073794496826955,-1.5466882777329725,32.624069727300366,700.4000244140625,738.5,3,0.0032206173632353353,-0.02023504321405221,709.0999755859375,2021-04-15,2021-04-13
2021-04-15,709.0999755859375,710.3755,725.0993,716.3724,719.0468,723.3787,0.0071576138481661,-1.4125038467118345,35.920535258843216,700.4000244140625,738.5,4,0.023708710203915604,0.018700722037502584,698.0,2021-04-16,2021-04-14
2021-04-16,698.0,725.0993,716.3724,719.0468,723.3787,724.729,0.0080855210419024,-1.9417674779756384,20.748242123029584,698.0,738.5,5,0.021624486094410433,0.030949271427430983,702.2999877929688,2021-04-19,2021-04-15
2021-04-19,702.2999877929688,688.13666,692.0944,691.1762,696.4707,702.4425,0.0079765520196537,-1.8719072608563636,24.71728084766936,698.0,738.5,1,-0.012009036212427845,0.03197134056168487,700.0999755859375,2021-04-20,2021-04-16
2021-04-20,700.0999755859375,692.0944,691.1762,696.4707,702.4425,706.8157,0.0077632336968304,-1.840738370067733,25.800996530361644,698.0,738.5,2,0.016607777466976493,0.05459051581590679,696.5,2021-04-21,2021-04-19
2021-04-21,696.5,691.1762,696.4707,702.4425,706.8157,703.07935,0.0076367187850704,-1.920601354990442,28.280951381696667,696.5,738.5,3,-0.006136441950969237,0.044768673251099865,697.7000122070312,2021-04-22,2021-04-20
2021-04-22,697.7000122070312,696.4707,702.4425,706.8157,703.07935,706.3186,0.0073999631145717,-1.7551689726408457,31.7919299471146,696.5,738.5,4,0.014688002811719945,0.03538650129247061,706.2999877929688,2021-04-23,2021-04-21
2021-04-23,706.2999877929688,702.4425,706.8157,703.07935,706.3186,705.74817,0.007829155827697,-0.9684136847918232,41.487604806548624,696.5,738.5,5,-0.0014007337467382489,0.01181886568555778,712.9000244140625,2021-04-26,2021-04-22
2021-04-26,712.9000244140625,718.6965,717.3351,713.53796,713.502,711.1291,0.0079427278316106,0.0411075291220104,43.54068429516507,696.5,738.5,1,0.014495528570305756,0.03899524246543073,704.5999755859375,2021-04-27,2021-04-23
2021-04-27,704.5999755859375,717.3351,713.53796,713.502,711.1291,712.1156,0.0082851707618595,0.1863510031852762,40.56462517786808,696.5,738.5,2,0.02388920803618793,0.04658822452320772,701.5,2021-04-28,2021-04-26
2021-04-28,701.5,713.53796,713.502,711.1291,712.1156,723.9491,0.0081010034342138,0.1136998252046819,41.17645975775575,696.5,738.5,3,0.0642153066728483,0.12286933149100794,695.7999877929688,2021-04-29,2021-04-27
2021-04-29,695.7999877929688,713.502,711.1291,712.1156,723.9491,727.7336,0.0081305802325704,-0.2579024124553895,41.0526132225094,695.7999877929688,738.5,4,-0.04440381313038143,0.05843933360936106,708.9000244140625,2021-04-30,2021-04-28
2021-04-30,708.9000244140625,711.1291,712.1156,723.9491,727.7336,724.87897,0.0092330325247393,0.4029616282988666,49.22283028922098,695.7999877929688,738.5,5,-0.009745403319025842,0.04964375624035088,710.2000122070312,2021-05-03,2021-04-29
2021-05-03,710.2000122070312,709.38416,712.14734,712.60406,709.00366,709.563,0.0089365744871703,0.922341964918199,48.28497763119329,695.7999877929688,736.0,1,-0.003120809214669029,0.03131479586307801,703.9000244140625,2021-05-04,2021-04-30
2021-05-04,703.9000244140625,712.14734,712.60406,709.00366,709.563,708.2188,0.0089595406926998,0.838701390425066,47.594310795044166,695.7999877929688,736.0,2,0.014187807813497627,0.021357973922324427,703.2999877929688,2021-05-05,2021-05-03
2021-05-05,703.2999877929688,712.60406,709.00366,709.563,708.2188,709.0098,0.0086674235168687,0.7433295659709138,46.18422162168674,695.7999877929688,736.0,3,-0.0015421186716272925,-0.04364331736302519,704.5999755859375,2021-05-06,2021-05-04
2021-05-06,704.5999755859375,709.00366,709.563,708.2188,709.0098,713.1416,0.0083942636812658,0.7651652908065136,54.98487030504637,695.7999877929688,736.0,4,0.0006612142306960406,0.00044078795734489855,699.7000122070312,2021-05-07,2021-05-05
2021-05-07,699.7000122070312,709.563,708.2188,709.0098,713.1416,710.8725,0.0083295659214572,0.4619094060242728,48.0539119120802,695.7999877929688,736.0,5,0.0174714913257196,0.02804360709212753,694.9000244140625,2021-05-10,2021-05-06
2021-05-10,694.9000244140625,693.069,695.1163,699.299,698.1118,694.3658,0.0082628357648611,-0.0238830036461559,46.253638802163486,694.9000244140625,736.0,1,0.031329113091163485,0.06407673511659143,696.5,2021-05-11,2021-05-07
2021-05-11,696.5,695.1163,699.299,698.1118,694.3658,696.1416,0.0080121226063846,-0.1901345843907913,50.0,694.9000244140625,736.0,2,-0.006842448062350475,0.041932593723215304,702.0,2021-05-12,2021-05-10
2021-05-12,702.0,699.299,698.1118,694.3658,696.1416,697.0832,0.0080086186542634,0.1019348205964654,52.99859627677098,694.9000244140625,736.0,3,0.009461819095785704,0.05346126922578398,706.9000244140625,2021-05-13,2021-05-11
2021-05-13,706.9000244140625,698.1118,694.3658,696.1416,697.0832,699.02905,0.0079486829619992,0.6274388091385479,50.44120300184991,694.9000244140625,736.0,4,-0.005455899067965582,0.04703679693176985,707.2000122070312,2021-05-14,2021-05-12
2021-05-14,707.2000122070312,694.3658,696.1416,697.0832,699.02905,701.08795,0.0076901125610763,0.9767136342421584,45.38086622421957,694.9000244140625,736.0,5,-0.009938743351079252,0.018727033693980797,699.2999877929688,2021-05-17,2021-05-13
2021-05-17,699.2999877929688,702.71735,701.9414,708.53687,704.598,706.4143,0.0080116470089132,0.6716901200773346,45.67700746461105,694.9000244140625,736.0,1,-0.00885860766012958,-0.021401545128546938,715.0999755859375,2021-05-18,2021-05-14
2021-05-18,715.0999755859375,701.9414,708.53687,704.598,706.4143,708.2473,0.0096728075170591,1.4835034132143208,59.189172693201016,694.9000244140625,736.0,2,0.01225307234489491,-0.002535139730362111,711.9000244140625,2021-05-19,2021-05-17
2021-05-19,711.9000244140625,708.53687,704.598,706.4143,708.2473,703.64087,0.009428526423022,1.7368588643845433,61.25877647882335,694.9000244140625,736.0,3,0.0029607591243407698,-0.008998685891298293,714.5999755859375,2021-05-20,2021-05-18
2021-05-20,714.5999755859375,704.598,706.4143,708.2473,703.64087,704.7468,0.009165199852773,1.999461779583907,54.664455676982406,694.9000244140625,736.0,4,-0.0313162130068712,-0.03429776009447427,720.7000122070312,2021-05-21,2021-05-19
2021-05-21,720.7000122070312,706.4143,708.2473,703.64087,704.7468,705.1032,0.009125955317173,2.466523079642556,57.96662789060705,694.9000244140625,736.0,5,-0.00163553912768276,-0.02624595554850256,720.5,2021-05-24,2021-05-20
2021-05-24,720.5,718.0131,718.72577,721.45,725.9517,728.9989,0.0088265351872464,2.629574706009669,63.87959524864202,694.9000244140625,736.0,1,-0.018947464727376417,-0.03602063036358731,729.2999877929688,2021-05-25,2021-05-21
2021-05-25,729.2999877929688,718.72577,721.45,725.9517,728.9989,730.64685,0.0090889956020855,3.161897164564407,69.11768137796088,694.9000244140625,736.0,2,0.010069303102651882,-0.03812344199780583,733.5,2021-05-26,2021-05-24
2021-05-26,733.5,721.45,725.9517,728.9989,730.64685,722.36615,0.0089096031714375,3.596999905133929,70.38086334304387,694.9000244140625,736.0,3,-0.004303036537704567,-0.045085002481607454,729.5,2021-05-27,2021-05-25
2021-05-27,729.5,725.9517,728.9989,730.64685,722.36615,724.6578,0.0087414149029731,3.4168544925845152,71.28572412608479,694.9000244140625,736.0,4,0.0024296326940673584,-0.012310700217634096,724.2000122070312,2021-05-28,2021-05-26
2021-05-28,724.2000122070312,728.9989,730.64685,722.36615,724.6578,729.04517,0.0086750588548471,2.769777090713497,70.78015117685406,694.9000244140625,736.0,5,0.029025375367174044,0.018441797661603785,724.0,2021-05-31,2021-05-27
2021-05-31,724.0,725.37036,721.6773,716.99347,720.2911,722.76587,0.0083928235346958,2.1831122757259047,69.89870457030705,694.9000244140625,736.0,1,0.0034227852531662456,0.04148133457138478,722.4000244140625,2021-06-01,2021-05-28
2021-06-01,722.4000244140625,721.6773,716.99347,720.2911,722.76587,722.7809,0.0081425294318708,1.5707486920832938,65.64420221748753,694.9000244140625,734.9000244140625,2,0.0,0.031046964915537406,728.0,2021-06-02,2021-05-31
2021-06-02,728.0,716.99347,720.2911,722.76587,722.7809,727.9085,0.0081202923899129,1.4302827384442205,66.00910990419597,694.9000244140625,733.5999755859375,3,-0.0043875518245004505,0.030959829367792343,718.0,2021-06-03,2021-06-01
2021-06-03,718.0,720.2911,722.76587,722.7809,727.9085,722.8549,0.0086586737974118,0.5941426333293527,57.142857142857146,694.9000244140625,733.5999755859375,4,-0.013388296308474998,0.014780479235545775,718.5,2021-06-04,2021-06-02
2021-06-04,718.5,722.76587,722.7809,727.9085,722.8549,725.7853,0.0083762866994894,0.0345305923250274,64.07627795920304,694.9000244140625,733.5999755859375,5,-0.028332377874284862,-0.041787242652017706,717.7999877929688,2021-06-07,2021-06-03
2021-06-07,717.7999877929688,718.9188,719.7825,717.76404,716.45544,717.0081,0.0081100878214291,-0.3990839052395238,52.54238846698061,694.9000244140625,733.5999755859375,1,0.014652273684639288,-0.03096636080519646,715.9000244140625,2021-06-08,2021-06-04
2021-06-08,715.9000244140625,719.7825,717.76404,716.45544,717.0081,713.2899,0.0078807039063456,-0.8066632826155815,53.8610093202465,694.9000244140625,733.5999755859375,2,-0.0005511286529771498,-0.0315002758679964,717.2000122070312,2021-06-09,2021-06-07
2021-06-09,717.2000122070312,717.76404,716.45544,717.0081,713.2899,720.2725,0.0076377681732355,-0.9705064096745736,52.57940328403288,694.9000244140625,733.5999755859375,3,0.006155296333228396,-0.02123551550932761,719.4000244140625,2021-06-10,2021-06-08
2021-06-10,719.4000244140625,716.45544,717.0081,713.2899,720.2725,716.9425,0.0074298514794163,-0.9133420136270304,48.60216182869444,694.9000244140625,733.5999755859375,4,-0.005824561671397553,-0.013804332355920799,719.2999877929688,2021-06-11,2021-06-09
2021-06-11,719.2999877929688,717.0081,713.2899,720.2725,716.9425,714.8402,0.007190518377104,-0.8653530875023652,48.70688237700551,694.9000244140625,733.5999755859375,5,-0.010303133803955268,0.004137280903106027,721.5,2021-06-14,2021-06-10
2021-06-14,721.5,719.5515,722.3446,720.79834,714.52313,718.0368,0.0069999362185965,-0.6768747693656865,40.20101735515264,694.9000244140625,733.5999755859375,1,0.01140472334101938,0.0008815839127802555,718.9000244140625,2021-06-15,2021-06-11
2021-06-15,718.9000244140625,722.3446,720.79834,714.52313,718.0368,720.3738,0.0068457466724746,-0.7150020397133781,30.890059884831945,694.9000244140625,733.5999755859375,2,-0.0020940166441878005,-0.0006614735751243036,726.5999755859375,2021-06-16,2021-06-14
2021-06-16,726.5999755859375,720.79834,714.52313,718.0368,720.3738,720.6414,0.0071728151828807,-0.234215710874317,46.539342275465856,694.9000244140625,733.5999755859375,3,-0.043288974204270095,-0.04887136526633857,729.7000122070312,2021-06-17,2021-06-15
2021-06-17,729.7000122070312,714.52313,718.0368,720.3738,720.6414,718.3662,0.0070244135331528,0.2535900196788985,56.92696066071791,694.9000244140625,733.5999755859375,4,0.012024140439162556,-0.03174254472220675,738.0,2021-06-18,2021-06-16
2021-06-18,738.0,718.0368,720.3738,720.6414,718.3662,716.9321,0.0073948211998733,1.0514945455860607,64.64437390347237,694.9000244140625,738.0,5,-0.048511249256526764,-0.06803999315223574,748.2000122070312,2021-06-21,2021-06-17
2021-06-21,748.2000122070312,733.8136,737.93115,740.43005,738.6364,741.0672,0.0079796204166626,2.120794065623369,72.87234445494164,694.9000244140625,748.2000122070312,1,-0.005271442057981501,-0.08345264324118647,747.0999755859375,2021-06-22,2021-06-18
2021-06-22,747.0999755859375,737.93115,740.43005,738.6364,741.0672,744.29285,0.0077330999598276,2.5781678265079657,68.40073853680336,694.9000244140625,748.2000122070312,2,0.005988064755717649,-0.07601501763466256,740.9000244140625,2021-06-23,2021-06-21
2021-06-23,740.9000244140625,740.43005,738.6364,741.0672,744.29285,749.6377,0.0078035404490739,2.2966812899209685,73.80461126549672,694.9000244140625,748.2000122070312,3,0.011161344012827815,-0.024308805885532716,735.7000122070312,2021-06-24,2021-06-22
2021-06-24,735.7000122070312,738.6364,741.0672,744.29285,749.6377,751.33264,0.0077808279591883,1.625426589829794,66.28789411322718,694.9000244140625,748.2000122070312,4,0.02253318671770442,-0.014001155047797701,733.5,2021-06-25,2021-06-23
2021-06-25,733.5,741.0672,744.29285,749.6377,751.33264,750.9212,0.0075745743981239,0.9328093519574576,64.45673640562423,694.9000244140625,748.2000122070312,5,-0.004512539660794791,0.03035006534645816,732.7000122070312,2021-06-28,2021-06-24
2021-06-28,732.7000122070312,737.7818,742.9163,746.425,735.0029,738.9196,0.0073385253775607,0.3503308555623654,65.78945858845907,694.9000244140625,748.2000122070312,1,-0.002903500398113391,0.03279276513435352,734.5,2021-06-29,2021-06-25
2021-06-29,734.5,742.9163,746.425,735.0029,738.9196,738.73224,0.0071286931923594,0.0325455668572676,66.10799242118567,694.9000244140625,748.2000122070312,2,-0.004896805697030001,0.021611911147388273,727.2000122070312,2021-06-30,2021-06-28
2021-06-30,727.2000122070312,746.425,735.0029,738.9196,738.73224,743.8391,0.0073886686680805,-0.6834896779007051,56.63264405804984,694.9000244140625,748.2000122070312,3,-0.00035061145826322903,0.00991859591752164,731.7999877929688,2021-07-01,2021-06-29
2021-07-01,731.7999877929688,735.0029,738.9196,738.73224,743.8391,743.63135,0.0073284984308352,-0.85061885541705,59.87362911794938,694.9000244140625,748.2000122070312,4,0.004665815048149154,-0.007965746113655919,740.0,2021-07-02,2021-06-30
2021-07-02,740.0,738.9196,738.73224,743.8391,743.63135,747.8768,0.0076465940139303,-0.4332584971606108,63.3477774548401,694.9000244140625,748.2000122070312,5,-0.012765905292922918,-0.016119672576616055,735.1500244140625,2021-07-05,2021-07-01
2021-07-05,735.1500244140625,739.001,744.21716,750.1286,752.2594,748.39545,0.0076051106824106,-0.5032623910029335,61.35570694223364,694.9000244140625,748.2000122070312,1,0.009385324889507184,-0.00395434342215364,735.8800048828125,2021-07-06,2021-07-02
2021-07-06,735.8800048828125,744.21716,750.1286,752.2594,748.39545,758.4316,0.0073641415493487,-0.5178202400510248,57.18491453371112,694.9000244140625,748.2000122070312,2,0.0,0.0009350600828209919,747.4400024414062,2021-07-07,2021-07-05
2021-07-07,747.4400024414062,750.1286,752.2594,748.39545,758.4316,758.2728,0.0081774285090782,0.1954641709628148,62.14403778434777,694.9000244140625,748.2000122070312,3,-0.0056206630299764915,-0.004326043982302,748.5999755859375,2021-07-08,2021-07-06
2021-07-08,748.5999755859375,752.2594,748.39545,758.4316,758.2728,770.8217,0.0079202589059389,0.6634036983276648,58.04248201358892,694.9000244140625,748.5999755859375,4,0.016537025296375227,0.007564247325372619,752.9000244140625,2021-07-09,2021-07-07
2021-07-09,752.9000244140625,748.39545,758.4316,758.2728,770.8217,776.93445,0.0077994436606951,1.1519159056000667,53.91668082344647,694.9000244140625,752.9000244140625,5,-0.013371488070429429,0.006954268484942704,748.25,2021-07-12,2021-07-08
2021-07-12,748.25,757.44684,757.49335,757.56244,758.184,754.22284,0.007727282255386,1.0539158382752385,50.904819621936944,694.9000244140625,752.9000244140625,1,0.018785304387606946,0.016464244730375985,743.1900024414062,2021-07-13,2021-07-09
2021-07-13,743.1900024414062,757.49335,757.56244,758.184,754.22284,750.9504,0.0076936795261267,0.5648729496378397,51.83462507029168,694.9000244140625,752.9000244140625,2,-0.00680078879935816,0.009574938989454905,749.219970703125,2021-07-14,2021-07-12
2021-07-14,749.219970703125,757.56244,758.184,754.22284,750.9504,752.9347,0.0077247519113946,0.56281668344322,60.68941621795868,694.9000244140625,752.9000244140625,3,-0.0019681857282249364,0.01326913090770513,744.6300048828125,2021-07-15,2021-07-13
2021-07-15,744.6300048828125,758.184,754.22284,750.9504,752.9347,752.5187,0.007654042799404,0.1870798344883182,58.47937281452273,694.9000244140625,752.9000244140625,4,-0.00872959171829475,-0.012012022596948148,756.4500122070312,2021-07-16,2021-07-14
2021-07-16,756.4500122070312,754.22284,750.9504,752.9347,752.5187,758.4564,0.0084412157021939,0.6436437387626501,65.49251810751755,694.9000244140625,756.4500122070312,5,0.013008367366183172,0.014397769141162885,757.2999877929688,2021-07-19,2021-07-15
2021-07-19,757.2999877929688,751.3905,754.3486,752.7643,752.3517,750.4979,0.0081699682968689,0.8963950046985714,65.05945897133441,694.9000244140625,757.2999877929688,1,-0.00011544681092663539,-0.004595055968248396,759.75,2021-07-20,2021-07-16
2021-07-20,759.75,754.3486,752.7643,752.3517,750.4979,745.4897,0.0079453436996702,1.1082183520621776,72.9710847213787,694.9000244140625,759.75,2,-0.028563388889063745,-0.026023639122399016,757.75,2021-07-21,2021-07-19
2021-07-21,757.75,752.7643,752.3517,750.4979,745.4897,749.77484,0.0077240089514654,0.9967695062730816,69.01101495519165,694.9000244140625,759.75,3,0.014851806274035205,-0.009502813941660197,752.2100219726562,2021-07-22,2021-07-20
2021-07-22,752.2100219726562,752.3517,750.4979,745.4897,749.77484,750.339,0.0077257245710648,0.4603572782944285,59.307851576131206,694.9000244140625,759.75,4,0.0021037466339359693,0.001285910649166152,753.3800048828125,2021-07-23,2021-07-21
2021-07-23,753.3800048828125,750.4979,745.4897,749.77484,750.339,750.36676,0.0074868375143373,0.1128706346189831,64.72299010580363,694.9000244140625,759.75,5,0.015179078440340365,0.0034617737945363465,761.7100219726562,2021-07-26,2021-07-22
2021-07-26,761.7100219726562,748.10724,750.3451,747.9609,750.6682,749.37573,0.0077719766722116,0.3586941103384768,68.58008642043603,694.9000244140625,761.7100219726562,1,0.013364711728005902,0.017080180512443935,759.6699829101562,2021-07-27,2021-07-23
2021-07-27,759.6699829101562,750.3451,747.9609,750.6682,749.37573,750.6054,0.007559145485347,0.3008961080321004,60.19335094152263,694.9000244140625,761.7100219726562,2,0.04058149206515783,0.08989442651452573,767.4600219726562,2021-07-28,2021-07-26
2021-07-28,767.4600219726562,747.9609,750.6682,749.37573,750.6054,749.70154,0.0077653551138721,0.6824707301995385,64.15493131947414,694.9000244140625,767.4600219726562,3,-0.009414458188131294,0.06376507320373762,761.4000244140625,2021-07-29,2021-07-27
2021-07-29,761.4000244140625,750.6682,749.37573,750.6054,749.70154,751.28735,0.0078042792021748,0.434000359317757,56.21526717829797,694.9000244140625,767.4600219726562,4,-0.01484789860388056,0.04588448592832043,759.780029296875,2021-07-30,2021-07-28
2021-07-30,759.780029296875,749.37573,750.6054,749.70154,751.28735,752.93774,0.0075775658416127,0.0860166287589603,58.82175486179992,694.9000244140625,767.4600219726562,5,0.009112161958738268,0.039558401419895584,756.1500244140625,2021-08-02,2021-07-29
2021-08-02,756.1500244140625,760.75183,764.4587,762.55945,759.78345,761.95294,0.0074473464846125,-0.4345684423686595,60.13769198817873,696.5,767.4600219726562,1,-0.008777292901011693,0.01679345532458257,767.9500122070312,2021-08-03,2021-07-30
2021-08-03,767.9500122070312,764.4587,762.55945,759.78345,761.95294,757.599,0.0082294595707572,-0.0503502055899636,63.438112245478855,699.2999877929688,767.9500122070312,2,-0.010883711128238811,-0.03421225913048556,775.2999877929688,2021-08-04,2021-08-02
2021-08-04,775.2999877929688,762.55945,759.78345,761.95294,757.599,759.1887,0.0083243571745082,0.5969652360591118,71.16630624058041,699.2999877929688,775.2999877929688,3,-0.011117587657581399,-0.035855720781950005,773.8400268554688,2021-08-05,2021-08-03
2021-08-05,773.8400268554688,759.78345,761.95294,757.599,759.1887,759.19183,0.0080726035557011,0.8116613917576894,64.00388486181807,699.2999877929688,775.2999877929688,4,-0.012165873542960521,-0.033266390891058414,777.489990234375,2021-08-06,2021-08-04
2021-08-06,777.489990234375,761.95294,757.599,759.1887,759.19183,757.57587,0.0079002429775979,1.068198924664415,65.55710962727048,699.2999877929688,777.489990234375,5,0.003573300745128146,-0.0386061923212971,787.75,2021-08-09,2021-08-05
2021-08-09,787.75,777.7358,776.8834,777.4792,773.1599,773.6996,0.008348124043728,1.7569167775231789,69.25723439194839,711.9000244140625,787.75,1,0.0,-0.030130615381177037,785.1500244140625,2021-08-10,2021-08-06
2021-08-10,785.1500244140625,776.8834,777.4792,773.1599,773.6996,775.0624,0.0081284431393577,1.855714563714608,68.69034910811976,711.9000244140625,787.75,2,-0.013553595701871597,-0.032716601011901575,778.5,2021-08-11,2021-08-09
2021-08-11,778.5,777.4792,773.1599,773.6996,775.0624,768.8928,0.0081822545648511,1.3168885341404175,67.66562795035489,714.5999755859375,787.75,3,0.01493339169938163,-0.007186827152890446,770.9099731445312,2021-08-12,2021-08-10
2021-08-12,770.9099731445312,773.1599,773.6996,775.0624,768.8928,772.79736,0.0083296368424408,0.3436681853666634,60.84372420844223,715.9000244140625,787.75,4,0.0028684109943628113,0.007852175632893968,774.2999877929688,2021-08-13,2021-08-11
2021-08-13,774.2999877929688,773.6996,775.0624,768.8928,772.79736,772.26715,0.0081339853730008,-0.1508669801228652,58.29487639357816,715.9000244140625,787.75,5,-0.0018348393211124997,0.0024162821866453993,775.489990234375,2021-08-16,2021-08-12
2021-08-16,775.489990234375,772.0657,760.0879,766.4153,766.4198,771.4987,0.0078801634093783,-0.4595029789055225,60.54105274288201,715.9000244140625,787.75,1,0.007091448503645414,0.009550130393647702,786.27001953125,2021-08-17,2021-08-13
2021-08-17,786.27001953125,760.0879,766.4153,766.4198,771.4987,767.05707,0.0084039035875489,-0.0223813623071382,62.05305985483905,715.9000244140625,787.75,2,-0.01492737705102726,0.008164181466840701,789.469970703125,2021-08-18,2021-08-16
2021-08-18,789.469970703125,766.4153,766.4198,771.4987,767.05707,769.99146,0.0081939856698488,0.3755601765939609,68.67099605061449,715.9000244140625,789.469970703125,3,-0.028633784386797412,-0.03481563228124527,787.2100219726562,2021-08-19,2021-08-17
2021-08-19,787.2100219726562,766.4198,771.4987,767.05707,769.99146,767.3685,0.007969461688687,0.3787896147458323,68.0913057165101,715.9000244140625,789.469970703125,4,-0.020202619271785523,-0.056828523604368936,786.010009765625,2021-08-20,2021-08-18
2021-08-20,786.010009765625,771.4987,767.05707,769.99146,767.3685,766.4718,0.0077268245329062,0.2012311970755647,70.34616587482199,715.9000244140625,789.469970703125,5,-0.01900856626589939,-0.07288799778089004,786.1300048828125,2021-08-23,2021-08-19
2021-08-23,786.1300048828125,783.94714,787.624,784.90375,780.3785,781.60803,0.0074804467133332,0.0034474965251263,64.73259728299095,715.9000244140625,789.469970703125,1,0.023493114300061776,-0.05755642862779377,783.8800048828125,2021-08-24,2021-08-20
2021-08-24,783.8800048828125,787.624,784.90375,780.3785,781.60803,783.049,0.0072855897702217,-0.3479002802809425,57.57953184023431,715.9000244140625,789.469970703125,2,0.023898832525376987,-0.020245278766039883,782.0700073242188,2021-08-25,2021-08-23
2021-08-25,782.0700073242188,784.90375,780.3785,781.60803,783.049,785.4968,0.007084209296862,-0.7482079510222697,57.22562557069795,715.9000244140625,789.469970703125,3,0.004829547756957162,0.013095311350836587,783.469970703125,2021-08-26,2021-08-24
2021-08-26,783.469970703125,780.3785,781.60803,783.049,785.4968,789.8802,0.0068730477244715,-0.9516604199495796,55.46616618537744,715.9000244140625,789.469970703125,4,0.00234736071800499,0.036200117749578944,786.4099731445312,2021-08-27,2021-08-25
2021-08-27,786.4099731445312,781.60803,783.049,785.4968,789.8802,795.68835,0.0067201365656482,-0.9206118257335252,48.5858712076808,715.9000244140625,789.469970703125,5,-0.004464830380560233,0.05138046045575173,782.7000122070312,2021-08-30,2021-08-26
2021-08-30,782.7000122070312,791.1096,793.7075,795.8211,789.6561,793.7919,0.006632125244856,-1.16649699353737,47.473689642889056,715.9000244140625,789.469970703125,1,0.01646761273866541,0.044019871578625656,782.219970703125,2021-08-31,2021-08-27
2021-08-31,782.219970703125,793.7075,795.8211,789.6561,793.7919,793.6246,0.0064268925922214,-1.3642845762969662,54.39505603069069,717.2000122070312,789.469970703125,2,0.010256470859227965,0.0298736879799198,775.3499755859375,2021-09-01,2021-08-30
2021-09-01,775.3499755859375,795.8211,789.6561,793.7919,793.6246,793.6938,0.0066500645883022,-1.9262396036261409,55.33655235756111,718.9000244140625,789.469970703125,3,-0.00022931487279600338,0.024676854582713147,770.8099975585938,2021-09-02,2021-08-31
2021-09-02,770.8099975585938,789.6561,793.7919,793.6246,793.6938,795.8192,0.0066293485694663,-2.5339025819726526,45.91812842119089,718.9000244140625,789.469970703125,4,-0.022498947515922945,-0.0004688992037769529,768.8300170898438,2021-09-03,2021-09-01
2021-09-03,768.8300170898438,793.7919,793.6246,793.6938,795.8192,801.4424,0.0064607670969754,-2.969211380957629,42.35186589603803,718.9000244140625,789.469970703125,5,0.006313583580268056,0.010362729795147558,766.5499877929688,2021-09-06,2021-09-02
2021-09-06,766.5499877929688,774.20306,773.91724,772.1683,778.47266,783.53394,0.0063114404320781,-3.286053294713109,21.86056962896255,718.9000244140625,789.469970703125,1,0.008241019236161445,0.0020849818450598004,770.1599731445312,2021-09-07,2021-09-03
2021-09-07,770.1599731445312,773.91724,772.1683,778.47266,783.53394,780.7988,0.0062270077466655,-3.128656528342124,22.764376019049223,726.5999755859375,789.469970703125,2,0.0,-0.008140346043159174,780.280029296875,2021-09-08,2021-09-06
2021-09-08,780.280029296875,772.1683,778.47266,783.53394,780.7988,777.59406,0.0068969789616118,-2.259678792492984,41.99954621746894,727.2000122070312,789.469970703125,3,-0.011158980827595135,-0.01892201339453035,787.1799926757812,2021-09-09,2021-09-07
2021-09-09,787.1799926757812,778.47266,783.53394,780.7988,777.59406,775.3548,0.0070426759586375,-1.1905976724429763,51.19361776584443,727.2000122070312,789.469970703125,4,-0.0106940976464112,-0.007271906461618859,792.9000244140625,2021-09-10,2021-09-08
2021-09-10,792.9000244140625,783.53394,780.7988,777.59406,775.3548,773.6864,0.0070606619480806,-0.1247254945490343,56.19851798866697,727.2000122070312,792.9000244140625,5,0.012095813030311571,-0.0015150972870077322,787.9600219726562,2021-09-13,2021-09-09
2021-09-13,787.9600219726562,793.5648,799.98157,793.5167,787.2245,792.43634,0.0070377318437717,0.2032463968010049,53.56022509514776,727.2000122070312,792.9000244140625,1,0.03768406881650757,0.028320412080785947,784.5599975585938,2021-09-14,2021-09-10
2021-09-14,784.5599975585938,799.98157,793.5167,787.2245,792.43634,791.53656,0.0069151858645399,0.1493384159416781,52.11410223722967,727.2000122070312,792.9000244140625,2,-0.01918003193451112,0.008785136218006135,783.260009765625,2021-09-15,2021-09-13
2021-09-15,783.260009765625,793.5167,787.2245,792.43634,791.53656,803.73724,0.0067153227420135,-0.0074194665087641,49.821431537682095,727.2000122070312,792.9000244140625,3,-0.010482219734218319,0.009468073816507494,777.5499877929688,2021-09-16,2021-09-14
2021-09-16,777.5499877929688,787.2245,792.43634,791.53656,803.73724,814.6728,0.0067877829952347,-0.5018453357533188,42.80378742811818,727.2000122070312,792.9000244140625,4,0.019607402467313417,0.04052462454988069,783.1300048828125,2021-09-17,2021-09-15
2021-09-17,783.1300048828125,792.43634,791.53656,803.73724,814.6728,820.5644,0.0068180967540849,-0.4603486119266926,50.33894994317958,727.2000122070312,792.9000244140625,5,-0.02879719785590884,-0.0011672964197084075,784.010009765625,2021-09-20,2021-09-16
2021-09-20,784.010009765625,782.0087,787.4898,788.1321,786.74146,782.72516,0.006609540762161,-0.3840158875038031,51.40219087543221,727.2000122070312,792.9000244140625,1,-0.007742880476100124,-0.0455260495884921,788.5,2021-09-21,2021-09-17
2021-09-21,788.5,787.4898,788.1321,786.74146,782.72516,783.399,0.006561447745434,-0.058594038901921,60.69976301105087,727.2000122070312,792.9000244140625,2,-0.03073485131819312,-0.056491350653917645,785.5499877929688,2021-09-22,2021-09-20
2021-09-22,785.5499877929688,788.1321,786.74146,782.72516,783.399,786.08057,0.0064381924216879,-0.0687771309020877,62.31203122514652,731.7999877929688,792.9000244140625,3,0.002668207700174605,-0.04400186759386724,787.0999755859375,2021-09-23,2021-09-21
2021-09-23,787.0999755859375,786.74146,782.72516,783.399,786.08057,791.641,0.0062559841485947,-0.001440839240999,65.37096013876922,735.1500244140625,792.9000244140625,4,0.02971408323821386,-0.034290909535865874,784.8900146484375,2021-09-24,2021-09-22
2021-09-24,784.8900146484375,782.72516,783.399,786.08057,791.641,789.4881,0.0061121879965251,-0.1289946394664984,65.44812375649707,735.1500244140625,792.9000244140625,5,-0.005068699628163132,-0.011102052734611177,792.3300170898438,2021-09-27,2021-09-23
2021-09-27,792.3300170898438,783.834,784.2074,783.18896,775.31036,772.6769,0.006389670474175,0.2441169309865922,67.54234979803073,735.8800048828125,792.9000244140625,1,0.013265431133486612,0.009892784366166004,793.0,2021-09-28,2021-09-24
2021-09-28,793.0,784.2074,783.18896,775.31036,772.6769,771.79224,0.006194646962776,0.4788735088702189,61.8347348479686,743.1900024414062,793.0,2,0.001398448442729701,0.0428709835272861,802.1699829101562,2021-09-29,2021-09-27
2021-09-29,802.1699829101562,783.18896,775.31036,772.6769,771.79224,774.76996,0.0066771416703468,1.155964222920792,63.38152796000297,743.1900024414062,802.1699829101562,3,-0.011360445887335986,0.028343049699533662,809.5,2021-09-30,2021-09-28
2021-09-30,809.5,775.31036,772.6769,771.79224,774.76996,769.2596,0.0068654099798189,1.954750193566421,64.40470061840207,743.1900024414062,809.5,4,-0.01065731292806011,-0.012345737154354736,810.3300170898438,2021-10-01,2021-09-29
2021-10-01,810.3300170898438,772.6769,771.79224,774.76996,769.2596,779.8998,0.0066541878475095,2.3686686269931068,70.90262664421905,743.1900024414062,810.3300170898438,5,-0.02653947251399646,-0.03332540670907974,802.760009765625,2021-10-04,2021-09-30
2021-10-04,802.760009765625,810.75433,808.9645,803.8719,801.06506,807.80225,0.0069051594059743,1.9781926469160744,65.77671161414094,743.1900024414062,810.3300170898438,1,0.024990710086426587,-0.02192416670827986,805.3599853515625,2021-10-05,2021-10-01
2021-10-05,805.3599853515625,808.9645,803.8719,801.06506,807.80225,804.20074,0.0067350274727499,1.7485230774732967,68.73514996978253,744.6300048828125,810.3300170898438,2,0.012559400382500427,-0.010946764159792594,810.7000122070312,2021-10-06,2021-10-04
2021-10-06,810.7000122070312,803.8719,801.06506,807.80225,804.20074,806.7037,0.0067320550243644,1.8025619421978745,78.28018486544353,744.6300048828125,810.7000122070312,3,-0.010534481818709952,-0.010129504257835799,812.6599731445312,2021-10-07,2021-10-05
2021-10-07,812.6599731445312,801.06506,807.80225,804.20074,806.7037,805.99524,0.0065476255359016,1.8117746368075516,76.85034213695468,752.2100219726562,812.6599731445312,4,-0.010766960141821892,-0.010238034849531757,811.760009765625,2021-10-08,2021-10-06
2021-10-08,811.760009765625,807.80225,804.20074,806.7037,805.99524,809.07556,0.0063538966365903,1.6057651222915703,75.22273827725395,752.2100219726562,812.6599731445312,5,0.02236055645606652,0.03936424668126014,823.9500122070312,2021-10-11,2021-10-07
2021-10-11,823.9500122070312,806.07684,807.15735,810.21063,813.42163,819.358,0.0072323377060728,2.1073690303871317,78.26508435050646,752.2100219726562,823.9500122070312,1,0.00749946452518983,0.021342541913286477,822.6599731445312,2021-10-13,2021-10-08
2021-10-13,822.6599731445312,810.21063,813.42163,819.358,822.15656,824.97626,0.0068006010127222,2.055869095890028,79.88238154294982,752.2100219726562,823.9500122070312,3,0.010682870726733957,0.0194277594795878,814.7100219726562,2021-10-14,2021-10-12
2021-10-14,814.7100219726562,813.42163,819.358,822.15656,824.97626,822.1163,0.007066475521462,1.2455379180693242,72.85410766860232,753.3800048828125,823.9500122070312,4,0.04328608012221442,0.07579724684991875,825.4199829101562,2021-10-15,2021-10-13
2021-10-15,825.4199829101562,819.358,822.15656,824.97626,822.1163,819.7014,0.0076074796001569,1.2753546451172095,74.14977380161181,756.1500244140625,825.4199829101562,5,0.024258091768928465,0.11414474261518967,823.25,2021-10-18,2021-10-14
2021-10-18,823.25,818.1069,811.13184,808.025,808.9753,805.7622,0.0074013460848523,1.0053220427913452,71.60409121897891,756.1500244140625,825.4199829101562,1,0.021889815135657773,0.11362039207434038,816.6300048828125,2021-10-19,2021-10-15
2021-10-19,816.6300048828125,811.13184,808.025,808.9753,805.7622,810.78796,0.0074783801009665,0.2752245297784466,60.71749438821348,756.1500244140625,825.4199829101562,2,-0.0007396026716169423,0.1044828927571742,810.0,2021-10-20,2021-10-18
2021-10-20,810.0,808.025,808.9753,805.7622,810.78796,816.1339,0.0075550101718194,-0.7062259304867737,50.37447636392227,756.1500244140625,825.4199829101562,3,-0.0034940996754851796,0.0889351418852152,813.5499877929688,2021-10-21,2021-10-19
2021-10-21,813.5499877929688,808.9753,805.7622,810.78796,816.1339,814.0827,0.0073943652552746,-1.142497311677113,52.31719722618017,756.1500244140625,825.4199829101562,4,0.008870135393080384,0.0520959737456351,817.6599731445312,2021-10-22,2021-10-20
2021-10-22,817.6599731445312,805.7622,810.78796,816.1339,814.0827,820.7612,0.007269058349912,-1.1758492228610926,61.284459478823926,756.1500244140625,825.4199829101562,5,-0.03628974508804447,-0.009715988711575948,815.3499755859375,2021-10-25,2021-10-21
2021-10-25,815.3499755859375,816.8438,814.28876,816.5249,815.88934,816.1038,0.0070833753780234,-1.361938966643553,57.5992786823138,766.5499877929688,825.4199829101562,1,-0.013278690294991742,-0.04393751036219276,807.4000244140625,2021-10-26,2021-10-22
2021-10-26,807.4000244140625,814.28876,816.5249,815.88934,816.1038,815.2629,0.0073282241714266,-1.9908312222499749,47.58560265933361,766.5499877929688,825.4199829101562,2,0.005618262331948899,-0.03783962990866056,803.6300048828125,2021-10-27,2021-10-25
2021-10-27,803.6300048828125,816.5249,815.88934,816.1038,815.2629,816.17957,0.0072073037416173,-2.5930049632420227,43.56379993648501,766.5499877929688,825.4199829101562,3,-0.014383974458996975,-0.04826059139336282,804.9000244140625,2021-10-28,2021-10-26
2021-10-28,804.9000244140625,815.88934,816.1038,815.2629,816.17957,819.5995,0.0069904261982557,-2.819311613008983,45.13613490762491,766.5499877929688,825.4199829101562,4,-0.022427198827258542,-0.07758619738912609,805.3900146484375,2021-10-29,2021-10-27
2021-10-29,805.3900146484375,816.1038,815.2629,816.17957,819.5995,822.0437,0.0067733779736891,-2.84152254919848,34.22302468078924,766.5499877929688,825.4199829101562,5,0.011445513487450607,-0.0324866809972524,813.0,2021-11-01,2021-10-28
2021-11-01,813.0,803.6951,806.0604,816.282,809.66003,814.829,0.0069786843680578,-2.273788052689218,41.75821651673532,766.5499877929688,825.4199829101562,1,-0.014070309600734762,-0.033252280147623554,811.6500244140625,2021-11-02,2021-10-29
2021-11-02,811.6500244140625,806.0604,816.282,809.66003,814.829,816.5471,0.0067780291042283,-1.9326701205671768,41.72057402037326,766.5499877929688,825.4199829101562,2,0.006038126637894827,-0.03284629206321449,812.8699951171875,2021-11-03,2021-11-01
2021-11-03,812.8699951171875,816.282,809.66003,814.829,816.5471,811.244,0.0065767275197446,-1.583060111934523,48.46048176651126,766.5499877929688,825.4199829101562,3,-0.006381033013645503,-0.025075163101379208,813.3900146484375,2021-11-04,2021-11-02
2021-11-04,813.3900146484375,809.66003,814.829,816.5471,811.244,809.1931,0.0063750621037399,-1.287515702979733,37.865648467714834,766.5499877929688,825.4199829101562,4,-0.011034561912988544,-0.013904688655884444,813.6199951171875,2021-11-05,2021-11-03
2021-11-05,813.6199951171875,814.829,816.5471,811.244,809.1931,808.14056,0.0061795378034187,-1.0569265974196478,39.8907951120497,766.5499877929688,825.4199829101562,5,0.0,-0.02512671242297535,810.9000244140625,2021-11-08,2021-11-04
2021-11-08,810.9000244140625,815.68365,812.8358,811.1151,813.83844,815.0014,0.0060596807571845,-1.0649881222333546,43.44843468672799,766.5499877929688,825.4199829101562,1,0.005302551440579939,-0.006056501849535243,803.1699829101562,2021-11-09,2021-11-05
2021-11-09,803.1699829101562,812.8358,811.1151,813.83844,815.0014,818.9321,0.0063908150595352,-1.5395123309938947,42.38229635952964,766.5499877929688,825.4199829101562,2,0.012794378665092953,0.0006815673405753802,793.0800170898438,2021-11-10,2021-11-08
2021-11-10,793.0800170898438,811.1151,813.83844,815.0014,818.9321,816.7207,0.007017631830633,-2.4286269666771267,30.075899073717625,766.5499877929688,825.4199829101562,3,-0.005691556501315152,0.001371751683183903,794.72998046875,2021-11-11,2021-11-09
2021-11-11,794.72998046875,813.83844,815.0014,818.9321,816.7207,817.43506,0.0068164206793195,-2.776239804612656,26.55892200429531,766.5499877929688,825.4199829101562,4,-0.011943193107045617,0.0004622873191744523,793.6599731445312,2021-11-12,2021-11-10
2021-11-12,793.6599731445312,815.0014,818.9321,816.7207,817.43506,816.9702,0.0066168670163404,-2.933481930821152,27.249773694244595,766.5499877929688,825.4199829101562,5,0.017521189890522815,0.018146044875158175,800.3800048828125,2021-11-15,2021-11-11
2021-11-15,800.3800048828125,799.42865,798.4126,795.713,797.214,799.3621,0.0067547007484806,-2.459332398206715,42.44182990043003,766.5499877929688,825.4199829101562,1,0.011512569024587669,0.024488422472680817,797.5499877929688,2021-11-16,2021-11-12
2021-11-16,797.5499877929688,798.4126,795.713,797.214,799.3621,800.2208,0.0066153668635936,-2.2181509974740177,43.31865357606131,766.5499877929688,825.4199829101562,2,-0.010945115749440501,0.0004539965825769881,811.5,2021-11-17,2021-11-15
2021-11-17,811.5,795.713,797.214,799.3621,800.2208,798.4436,0.0077825113156781,-1.0597147526943371,55.67203793457964,766.5499877929688,825.4199829101562,3,-0.011066238230316975,-0.004908700927959923,829.25,2021-11-18,2021-11-16
2021-11-18,829.25,797.214,799.3621,800.2208,798.4436,793.29114,0.0093688813574439,0.8578335637409021,65.81389440845044,766.5499877929688,829.25,4,-0.019811861032998198,-0.012708018554341697,832.1599731445312,2021-11-19,2021-11-17
2021-11-19,832.1599731445312,799.3621,800.2208,798.4436,793.29114,802.4781,0.0090977776658675,2.201646547778106,63.54254475613955,766.5499877929688,832.1599731445312,5,0.008621789527720714,-0.021455344462745427,828.0,2021-11-22,2021-11-18
2021-11-22,828.0,829.0158,830.141,834.6848,825.81085,828.7614,0.0089015658115142,2.659202990085608,61.114882302857495,766.5499877929688,832.1599731445312,1,0.022596648836052977,-0.010548744250369307,811.7100219726562,2021-11-23,2021-11-19
2021-11-23,811.7100219726562,830.141,834.6848,825.81085,828.7614,833.109,0.0100789536261403,1.7571157016637398,49.345534863827865,766.5499877929688,832.1599731445312,2,-0.0029532077089218837,-0.0026094580383847956,813.2000122070312,2021-11-24,2021-11-22
2021-11-24,813.2000122070312,834.6848,825.81085,828.7614,833.109,832.6974,0.0097489633676894,1.1807901848877496,49.893959904376565,766.5499877929688,832.1599731445312,3,0.006349919772657603,0.01491340074878258,813.8800048828125,2021-11-25,2021-11-23
2021-11-25,813.8800048828125,825.81085,828.7614,833.109,832.6974,839.0553,0.0094256023728263,0.7844743598790798,50.14438583147937,766.5499877929688,832.1599731445312,4,0.007769024297896241,0.043295209421133275,818.5,2021-11-26,2021-11-24
2021-11-26,818.5,828.7614,833.109,832.6974,839.0553,834.61554,0.0092247974565892,0.7714144282278959,54.13311965925445,766.5499877929688,832.1599731445312,5,0.0,0.034338803315733135,831.5499877929688,2021-11-29,2021-11-25
2021-11-29,831.5499877929688,820.9246,817.31396,816.1102,817.2596,816.1253,0.0098045647025692,1.5354807178760863,64.58977876456066,770.1599731445312,832.1599731445312,1,-0.040396892628020986,-0.0288080585854751,843.5,2021-11-30,2021-11-26
2021-11-30,843.5,817.31396,816.1102,817.2596,816.1253,816.6082,0.0101654410109749,2.672883506831911,75.43382588835706,777.5499877929688,843.5,2,0.01287945681614314,-0.013309131493576936,826.8800048828125,2021-12-01,2021-11-29
2021-12-01,826.8800048828125,816.1102,817.2596,816.1253,816.6082,819.78986,0.0111474710144211,2.155298682291688,64.08976862377959,777.5499877929688,843.5,3,-0.013697258099476054,-0.032892546874164375,838.5599975585938,2021-12-02,2021-11-30
2021-12-02,838.5599975585938,817.2596,816.1253,816.6082,819.78986,814.7796,0.0113650299589942,2.428659081167826,68.00322453702344,777.5499877929688,843.5,4,-0.007155021033390666,-0.047218535594427014,837.0399780273438,2021-12-03,2021-12-01
2021-12-03,837.0399780273438,816.1253,816.6082,819.78986,814.7796,818.40497,0.0109917544771699,2.3355092723796043,65.33890873170924,777.5499877929688,843.5,5,0.012051826730420677,-0.03566630556254375,820.8054809570312,2021-12-06,2021-12-02
2021-12-06,820.8054809570312,837.52094,844.6573,844.8416,842.99713,838.2904,0.0118190794011781,1.0731543539124069,58.748954078656965,777.5499877929688,843.5,1,-0.00758856972241096,-0.003503413982650099,845.6300048828125,2021-12-07,2021-12-03
2021-12-07,845.6300048828125,844.6573,844.8416,842.99713,838.2904,833.03937,0.0138414161420854,1.761983917495768,61.86891734594855,777.5499877929688,845.6300048828125,2,0.016389022124856982,0.0,839.47998046875,2021-12-08,2021-12-06
2021-12-08,839.47998046875,844.8416,842.99713,838.2904,833.03937,840.45123,0.013501810269632,1.6569292991266806,53.86974630821658,777.5499877929688,845.6300048828125,3,0.0002305308491431459,0.014025232466480745,839.0,2021-12-09,2021-12-07
2021-12-09,839.0,842.99713,838.2904,833.03937,840.45123,834.0117,0.0130327073413144,1.417863073589995,52.63586957800026,783.1300048828125,845.6300048828125,4,0.012143573592484372,0.033784544593284,824.7659301757812,2021-12-10,2021-12-08
2021-12-10,824.7659301757812,838.2904,833.03937,840.45123,834.0117,843.6631,0.0133850334060865,0.2263477681434178,48.84351342137301,784.010009765625,845.6300048828125,5,-0.013989420272332785,0.007211011600265139,835.8202514648438,2021-12-13,2021-12-09
2021-12-13,835.8202514648438,823.3379,828.91364,823.28467,830.80884,825.3051,0.0133772259148035,0.1136471828194469,58.95708999219983,784.8900146484375,845.6300048828125,1,-0.010913827542635871,0.003867337677266016,840.9099731445312,2021-12-14,2021-12-10
2021-12-14,840.9099731445312,828.91364,823.28467,830.80884,825.3051,824.618,0.0130074129936731,0.3021288772694541,60.02624491068692,784.8900146484375,845.6300048828125,2,-0.0007006382375670685,-0.01314265270553694,842.75,2021-12-15,2021-12-13
2021-12-15,842.75,823.28467,830.80884,825.3051,824.618,836.16785,0.0125719041789734,0.4614287233094156,60.359017530827,784.8900146484375,845.6300048828125,3,-0.006093297896441775,-0.019363678483354393,850.8099975585938,2021-12-16,2021-12-14
2021-12-16,850.8099975585938,830.80884,825.3051,824.618,836.16785,841.5834,0.0123868911806283,0.9899795008423364,61.314040843369625,784.8900146484375,850.8099975585938,4,-0.01766811391749457,-0.048166636513674074,846.010009765625,2021-12-17,2021-12-15
2021-12-17,846.010009765625,825.3051,824.618,836.16785,841.5834,834.4865,0.012063589338227,0.8993115181078997,55.37398769744182,792.3300170898438,850.8099975585938,5,0.028539628694199994,-0.00681293490743192,842.7080078125,2021-12-20,2021-12-16
2021-12-20,842.7080078125,843.458,853.7345,858.6142,852.83167,848.7128,0.0117047152205613,0.5188304220444637,49.68544067395596,793.0,850.8099975585938,1,-0.0022114952662112626,0.0018678255936082667,870.9400024414062,2021-12-21,2021-12-17
2021-12-21,870.9400024414062,853.7345,858.6142,852.83167,848.7128,860.57544,0.0141952475704103,1.987889002149089,66.02168216798597,793.0800170898438,870.9400024414062,2,-0.0006993315504947428,0.001869134722199476,871.22998046875,2021-12-22,2021-12-20
2021-12-22,871.22998046875,858.6142,852.83167,848.7128,860.57544,860.229,0.0137049661936058,2.7514677184542613,62.95285317768566,793.0800170898438,871.22998046875,3,0.011592922396493514,0.01974603434370721,860.1799926757812,2021-12-23,2021-12-21
2021-12-23,860.1799926757812,852.83167,848.7128,860.57544,860.229,866.5595,0.0136648588842427,2.302875987563773,58.529867563257525,793.0800170898438,871.22998046875,4,0.011801986464597361,0.05024525253543991,858.7899780273438,2021-12-24,2021-12-22
2021-12-24,858.7899780273438,848.7128,860.57544,860.229,866.5595,861.08234,0.0132056868449812,1.7292634222369134,65.72249854986933,793.0800170898438,871.22998046875,5,-0.0005697162249116147,0.02011397966160029,864.9199829101562,2021-12-27,2021-12-23
2021-12-27,864.9199829101562,855.357,849.2669,848.1213,847.5406,853.9831,0.0128840164461928,1.5833286756798444,59.44641481168862,793.0800170898438,871.22998046875,1,0.0,0.0223724532800141,856.7999877929688,2021-12-28,2021-12-24
2021-12-28,856.7999877929688,849.2669,848.1213,847.5406,853.9831,857.90405,0.0126987914875953,0.8000938052635611,58.321159193181465,793.0800170898438,871.22998046875,2,0.017623607188597904,0.04127799472187539,855.0,2021-12-29,2021-12-27
2021-12-29,855.0,848.1213,847.5406,853.9831,857.90405,858.8133,0.0122838471086502,0.059974557026603,57.59070250135515,793.0800170898438,871.22998046875,3,-0.010129535152001214,0.01890277984642941,848.8800048828125,2021-12-30,2021-12-28
2021-12-30,848.8800048828125,847.5406,853.9831,857.90405,858.8133,864.7394,0.0120246829309249,-0.890151849788916,62.39441135447731,793.0800170898438,871.22998046875,4,-0.004080741511985847,0.0028476612058794593,851.5,2021-12-31,2021-12-29
2021-12-31,851.5,853.9831,857.90405,858.8133,864.7394,864.61444,0.0116444371167626,-1.3623048841602063,58.82434572328534,793.0800170898438,871.22998046875,5,-0.003983371511130091,-0.0005698785440239056,851.2999877929688,2022-01-04,2021-12-30
2022-01-04,851.2999877929688,849.20404,853.195,856.1237,848.8687,850.07404,0.0108762690726614,-1.8782969351404404,55.20617234856228,793.0800170898438,871.22998046875,2,0.006819030607929684,0.006268555291044773,846.9299926757812,2022-01-05,2022-01-03
2022-01-05,846.9299926757812,853.195,856.1237,848.8687,850.07404,854.0845,0.0106033608245871,-2.265923751005131,47.52626278506154,793.0800170898438,871.22998046875,3,0.011598540419919987,0.00022394792532591526,838.02001953125,2022-01-06,2022-01-04
2022-01-06,838.02001953125,856.1237,848.8687,850.07404,854.0845,845.1235,0.0106270896423268,-3.0328419707732444,45.15957273730325,793.0800170898438,871.22998046875,4,-0.013866424055518837,-0.003506802804751801,837.0999755859375,2022-01-07,2022-01-05
2022-01-07,837.0999755859375,848.8687,850.07404,854.0845,845.1235,853.29443,0.0102734547333224,-3.48047849816513,46.50162578719322,793.0800170898438,871.22998046875,5,-0.012910766635443492,-0.012267128901910939,818.8236083984375,2022-01-10,2022-01-06
2022-01-10,818.8236083984375,839.8061,834.7445,837.0262,837.61523,836.1704,0.0115084954244324,-4.804236887094456,12.878131148937868,793.0800170898438,871.22998046875,1,0.01257011838481521,0.0042193753253821535,835.0999755859375,2022-01-11,2022-01-07
2022-01-11,835.0999755859375,834.7445,837.0262,837.61523,836.1704,844.30414,0.0122277879958811,-4.391713269392024,29.03872330239417,793.0800170898438,871.22998046875,2,-0.01337540682525785,-0.015856873464956206,827.75,2022-01-12,2022-01-10
2022-01-12,827.75,837.0262,837.61523,836.1704,844.30414,839.68207,0.0120485292473691,-4.410315294470953,30.34134306943112,793.0800170898438,871.22998046875,3,0.017342074765997032,-0.010188149945531019,822.9199829101562,2022-01-13,2022-01-11
2022-01-13,822.9199829101562,837.61523,836.1704,844.30414,839.68207,844.08856,0.0117498387435999,-4.527293506451057,29.12659704295767,793.0800170898438,871.22998046875,4,0.03194669342781295,0.03621299166625708,816.0,2022-01-14,2022-01-12
2022-01-14,816.0,836.1704,844.30414,839.68207,844.08856,834.1679,0.0115764171292784,-4.822857933780755,21.791918215022008,793.0800170898438,871.22998046875,5,-0.006594926000907652,0.04277825855079889,819.2100219726562,2022-01-17,2022-01-13
2022-01-17,819.2100219726562,825.80597,829.7154,830.25665,823.64166,824.1784,0.0112314043812446,-4.557397250546491,27.02401630733233,793.0800170898438,871.22998046875,1,-0.02738977192518855,0.001930524510058539,822.010009765625,2022-01-18,2022-01-14
2022-01-18,822.010009765625,829.7154,830.25665,823.64166,824.1784,819.13904,0.0108886630340675,-3.9699929777736473,30.07916617525652,793.0800170898438,871.22998046875,2,0.0,0.015421777249824582,817.4099731445312,2022-01-19,2022-01-17
2022-01-19,817.4099731445312,830.25665,823.64166,824.1784,819.13904,822.5363,0.0106329576339821,-3.674797256035848,30.64163569833984,793.0800170898438,871.22998046875,3,-0.008079713934942308,-0.010066706506473249,808.510009765625,2022-01-20,2022-01-18
2022-01-20,808.510009765625,823.64166,824.1784,819.13904,822.5363,829.22284,0.0106798891580985,-3.844262514576896,25.451894149563515,793.0800170898438,871.22998046875,4,0.01957411991982976,-0.022239270694094763,802.260009765625,2022-01-21,2022-01-19
2022-01-21,802.260009765625,824.1784,819.13904,822.5363,829.22284,822.4421,0.0105289712643825,-4.118208300767639,23.756236060761424,793.0800170898438,871.22998046875,5,0.025225332029441428,0.009373625898631402,798.4600219726562,2022-01-24,2022-01-20
2022-01-24,798.4600219726562,804.3411,804.4415,805.6094,810.26514,816.36194,0.0102575991883354,-4.277539481656121,22.87830276752652,793.0800170898438,871.22998046875,1,-0.014083219115167165,0.022894669087008435,806.8599853515625,2022-01-25,2022-01-21
2022-01-25,806.8599853515625,804.4415,805.6094,810.26514,816.36194,812.4912,0.0102724525344265,-3.568358284395948,30.24992825069478,793.0800170898438,871.22998046875,2,-0.024565182341617964,-0.001926804766231232,799.4600219726562,2022-01-26,2022-01-24
2022-01-26,799.4600219726562,805.6094,810.26514,816.36194,812.4912,812.7173,0.0102275422815657,-3.352168208458834,30.70701283884354,793.0800170898438,871.22998046875,3,0.009043688843895115,0.015310766309797925,802.5,2022-01-27,2022-01-25
2022-01-27,802.5,810.26514,816.36194,812.4912,812.7173,810.5309,0.0099290172830041,-2.782415517198409,33.04797162730334,793.0800170898438,871.22998046875,4,0.013747089738331865,0.009411723472707979,804.75,2022-01-28,2022-01-26
2022-01-28,804.75,816.36194,812.4912,812.7173,810.5309,815.6493,0.0096194300821123,-2.064996870230805,41.82016582307759,793.0800170898438,871.22998046875,5,-0.020522123140248878,-0.03572595527889426,794.6881713867188,2022-01-31,2022-01-27
2022-01-31,794.6881713867188,811.5104,805.3885,805.4177,805.0787,807.29224,0.0098813544600879,-2.0736379277929284,24.683034638870936,793.0800170898438,871.22998046875,1,-0.02524230684042503,-0.04642655840956916,800.22998046875,2022-02-01,2022-01-28
2022-02-01,800.22998046875,805.3885,805.4177,805.0787,807.29224,810.7312,0.0097130508299592,-1.5363922184610814,32.359762443173366,793.0800170898438,871.22998046875,2,0.003479847337282577,-0.019305028504098203,802.2999877929688,2022-02-02,2022-01-31
2022-02-02,802.2999877929688,805.4177,805.0787,807.29224,810.7312,823.3922,0.0094079489622901,-0.903219095839466,36.29782850282693,793.6599731445312,871.22998046875,3,0.025381507559161062,-0.003151010459079471,810.3800048828125,2022-02-03,2022-02-01
2022-02-03,810.3800048828125,805.0787,807.29224,810.7312,823.3922,823.60864,0.0094520963670236,0.1424908914381788,46.3221643143132,793.6599731445312,871.22998046875,4,0.013901630631165696,-0.0029969446217859275,818.1300048828125,2022-02-04,2022-02-02
2022-02-04,818.1300048828125,807.29224,810.7312,823.3922,823.60864,819.45044,0.0094577120724885,1.370567462569813,49.33285778164184,794.6881713867188,871.22998046875,5,-0.005470372576170145,0.01212320356764538,828.0,2022-02-07,2022-02-03
2022-02-07,828.0,816.95996,816.82196,819.272,819.166,815.30273,0.0096508151778,2.7807394074733267,53.40287958369336,794.6881713867188,871.22998046875,1,0.0037989316585365146,0.04194748585584403,824.1799926757812,2022-02-08,2022-02-04
2022-02-08,824.1799926757812,816.82196,819.272,819.166,815.30273,814.4064,0.0094125115802098,3.3511198202690995,53.880400270354606,794.6881713867188,871.22998046875,2,-0.004918922281595184,0.0332330554396653,827.0800170898438,2022-02-09,2022-02-07
2022-02-09,827.0800170898438,819.272,819.166,815.30273,814.4064,808.7683,0.0091389891797726,3.7864537328430714,61.43000651423703,794.6881713867188,871.22998046875,3,-0.0004484546376708192,0.006886415857565109,812.7999877929688,2022-02-10,2022-02-08
2022-02-10,812.7999877929688,819.166,815.30273,814.4064,808.7683,811.8525,0.0099663774960143,3.009301206239104,55.903849243929045,794.6881713867188,871.22998046875,4,0.031128401116122112,0.024382081286345426,804.75,2022-02-11,2022-02-09
2022-02-11,804.75,815.30273,814.4064,808.7683,811.8525,806.79364,0.0099911644524171,1.9036531770507192,53.36313504037198,794.6881713867188,871.22998046875,5,0.012313761988536048,0.042762788102695994,793.6327514648438,2022-02-14,2022-02-10
2022-02-14,793.6327514648438,810.6743,811.44653,807.0225,806.77924,809.00287,0.0103359391714913,0.4499862019986649,43.12734556308419,793.6327514648438,871.22998046875,1,-0.03329086198279706,0.004795385437253877,812.8800048828125,2022-02-15,2022-02-11
2022-02-15,812.8800048828125,811.44653,807.0225,806.77924,809.00287,800.3961,0.0117595704518665,0.7911572868877865,56.20846046851254,793.6327514648438,871.22998046875,2,0.000554797715444434,0.010310434177770956,800.4500122070312,2022-02-16,2022-02-14
2022-02-16,800.4500122070312,807.0225,806.77924,809.00287,800.3961,796.556,0.0120717347150561,0.2160422945563072,49.12742862279363,793.6327514648438,871.22998046875,3,0.00531026602842403,0.016145314351660226,797.5499877929688,2022-02-17,2022-02-15
2022-02-17,797.5499877929688,806.77924,809.00287,800.3961,796.556,803.13885,0.0117059277013633,-0.2955466747060615,46.95220098292261,793.6327514648438,871.22998046875,4,0.0019841940669003784,-0.013042047904901643,794.75,2022-02-18,2022-02-16
2022-02-18,794.75,809.00287,800.3961,796.556,803.13885,804.6036,0.0113532645197359,-0.7334427101739278,50.02788680764049,793.6327514648438,871.22998046875,5,-0.0034195760465945794,-0.02844867435168828,800.75,2022-02-21,2022-02-17
2022-02-21,800.75,798.85455,799.97217,802.22046,810.95056,805.9954,0.0111385326229655,-0.5389278817725618,50.233581060852806,793.6327514648438,871.22998046875,1,-0.001216278926307887,0.003218571351454909,798.0399780273438,2022-02-22,2022-02-18
2022-02-22,798.0399780273438,799.97217,802.22046,810.95056,805.9954,813.6868,0.0108066164493134,-0.5128518928969212,48.09743853665557,793.6327514648438,871.22998046875,2,0.0,0.002662142347020437,792.219970703125,2022-02-23,2022-02-21
2022-02-23,792.219970703125,802.22046,810.95056,805.9954,813.6868,821.8954,0.0106276117333511,-0.7910201582993768,41.722456038049536,792.219970703125,871.22998046875,3,-0.0021041150368183927,-0.004744485146335293,790.6799926757812,2022-02-24,2022-02-22
2022-02-24,790.6799926757812,810.95056,805.9954,813.6868,821.8954,832.0261,0.0102893186388697,-0.9703564222235403,36.73714575895713,790.6799926757812,871.22998046875,4,-0.006339359251972713,-0.012994166529529824,816.25,2022-02-25,2022-02-23
2022-02-25,816.25,805.9954,813.6868,821.8954,832.0261,832.39954,0.0129099232887127,0.6539619708158897,45.07067065426688,790.6799926757812,871.22998046875,5,-0.006155277033755284,-0.015690629322818537,791.4636840820312,2022-02-28,2022-02-24
2022-02-28,791.4636840820312,828.147,826.3487,823.9424,832.6759,837.4607,0.0148907817409828,0.1085132866425775,38.32818286653961,790.6799926757812,871.22998046875,1,0.004033195170668777,-0.010509936719237804,798.7000122070312,2022-03-01,2022-02-25
2022-03-01,798.7000122070312,826.3487,823.9424,832.6759,837.4607,844.51953,0.0145649320713329,0.2750529635382595,40.17905797291235,790.6799926757812,871.22998046875,2,-0.006168393316155891,-0.01659471466683435,806.1900024414062,2022-03-02,2022-02-28
2022-03-02,806.1900024414062,823.9424,832.6759,837.4607,844.51953,851.47906,0.0142668787730593,0.8946840884667395,47.59981028621074,790.6799926757812,871.22998046875,3,0.031449872730158694,0.01696229159256836,804.3599853515625,2022-03-03,2022-03-01
2022-03-03,804.3599853515625,832.6759,837.4607,844.51953,851.47906,845.15045,0.013793507217151,1.1690018075127062,49.85167970987716,790.6799926757812,871.22998046875,4,0.014932059853336425,0.03882623688511656,795.6300048828125,2022-03-04,2022-03-02
2022-03-04,795.6300048828125,837.4607,844.51953,851.47906,845.15045,861.21783,0.0136362174458717,0.7694996506094922,50.77359008874194,790.6799926757812,871.22998046875,5,0.024611441643241864,0.07128426464141129,792.3056640625,2022-03-07,2022-03-03
2022-03-07,792.3056640625,802.25165,802.9932,800.8294,807.9318,811.0782,0.0132231209742109,0.3118242611785398,40.90974301666336,790.6799926757812,871.22998046875,1,0.03247536354111995,0.10219136097339607,812.0599975585938,2022-03-08,2022-03-04
2022-03-08,812.0599975585938,802.9932,800.8294,807.9318,811.0782,808.88855,0.0142797284094479,1.3137954851036486,54.817767826840175,790.6799926757812,871.22998046875,2,-0.0429036430863589,0.06243675430156579,809.4000244140625,2022-03-09,2022-03-07
2022-03-09,809.4000244140625,800.8294,807.9318,811.0782,808.88855,809.4803,0.0138229036968973,1.744696849427653,54.9271976355664,790.6799926757812,871.22998046875,3,-0.004563576043598594,0.024855519334022833,804.0,2022-03-10,2022-03-08
2022-03-10,804.0,807.9318,811.0782,808.88855,809.4803,811.7216,0.0134745182188592,1.6162339398690042,53.76471336389778,790.6799926757812,871.22998046875,4,-0.02946942805330367,-0.01965413096874814,801.5,2022-03-11,2022-03-09
2022-03-11,801.5,811.0782,808.88855,809.4803,811.7216,805.62823,0.0130480843556962,1.3252956371614792,50.31419845641826,790.6799926757812,871.22998046875,5,0.017268899777085688,-0.026825999461753142,805.4600219726562,2022-03-14,2022-03-10
2022-03-14,805.4600219726562,803.8733,803.7237,801.12396,801.0334,796.7324,0.0126695911404264,1.3570152659493755,53.07626983114803,790.6799926757812,871.22998046875,1,-0.005939792974359469,-0.0635016700426106,813.0,2022-03-15,2022-03-11
2022-03-15,813.0,803.7237,801.12396,801.0334,796.7324,798.431,0.0124727370047184,1.8146793596133683,58.49403626144647,790.6799926757812,871.22998046875,2,-0.022677285829660453,-0.044366858828737706,809.3800048828125,2022-03-16,2022-03-14
2022-03-16,809.3800048828125,801.12396,801.0334,796.7324,798.431,796.84814,0.0121154072523525,1.7989862482179009,57.51600316162715,790.6799926757812,864.9199829101562,3,-0.002440578011937699,-0.04233589644929026,797.6099853515625,2022-03-17,2022-03-15
2022-03-17,797.6099853515625,801.0334,796.7324,798.431,796.84814,797.4381,0.0123288798905411,0.9632088982555276,41.57333071389312,790.6799926757812,864.9199829101562,4,0.0190334568099788,0.005258477284727984,799.0599975585938,2022-03-18,2022-03-16
2022-03-18,799.0599975585938,796.7324,798.431,796.84814,797.4381,798.8793,0.0119237710694202,0.4987076581892418,54.35243923762895,790.6799926757812,864.9199829101562,5,0.022094980037891683,0.01012166099736859,803.010009765625,2022-03-21,2022-03-17
2022-03-21,803.010009765625,802.80005,795.5985,793.0347,790.17737,790.6407,0.011591096690098,0.4496725174613023,52.5661254721431,790.6799926757812,856.7999877929688,1,0.008491811707014074,0.024805034970467293,793.260009765625,2022-03-22,2022-03-18
2022-03-22,793.260009765625,795.5985,793.0347,790.17737,790.6407,802.6608,0.0116590002244887,-0.2117136859665089,42.50337064337708,790.6799926757812,855.0,2,-0.006149358180897094,0.041883687022357084,792.280029296875,2022-03-23,2022-03-21
2022-03-23,792.280029296875,793.0347,790.17737,790.6407,802.6608,788.28094,0.0112754642336335,-0.6620740181752758,42.92648791143439,790.6799926757812,851.5,3,-0.002662225985065833,0.04165278120574175,792.1099853515625,2022-03-24,2022-03-22
2022-03-24,792.1099853515625,790.17737,790.6407,802.6608,788.28094,792.04987,0.0108990906929157,-0.9033615323770166,47.70917774766,790.6799926757812,851.5,4,0.015553332635634952,0.038034000735626315,788.6099853515625,2022-03-25,2022-03-23
2022-03-25,788.6099853515625,790.6407,802.6608,788.28094,792.04987,800.61835,0.0106028006687721,-1.2114086368247263,47.60034558194096,788.6099853515625,851.5,5,-0.007058917381914071,0.008208146418343323,777.510009765625,2022-03-28,2022-03-24
2022-03-28,777.510009765625,790.91644,792.3599,788.94336,791.7534,790.2981,0.0109115160988609,-2.027402662491248,24.725699135685502,777.510009765625,851.2999877929688,1,-0.009134470614113594,-0.009407113174252548,778.0800170898438,2022-03-29,2022-03-25
2022-03-29,778.0800170898438,792.3599,788.94336,791.7534,790.2981,792.55164,0.0105479177050818,-2.369620315731406,26.36585129950581,777.510009765625,846.9299926757812,2,0.005957539850870366,0.0026587868264541935,779.7100219726562,2022-03-30,2022-03-28
2022-03-30,779.7100219726562,788.94336,791.7534,790.2981,792.55164,796.9458,0.0102072026025619,-2.323897090571367,30.56492390878627,777.510009765625,838.02001953125,3,0.000530105600709956,0.0058647206206186315,788.6300048828125,2022-03-31,2022-03-29
2022-03-31,788.6300048828125,791.7534,790.2981,792.55164,796.9458,798.122,0.0102909199378659,-1.5668909269780915,40.66174086953133,777.510009765625,837.0999755859375,4,0.0048646967103835375,-0.004829346857720597,786.280029296875,2022-04-01,2022-03-30
2022-04-01,786.280029296875,790.2981,792.55164,796.9458,798.122,796.8258,0.0099809023365058,-1.119401072575057,35.75037432786496,777.510009765625,835.0999755859375,5,0.0007381987602404795,0.0029604437923042982,782.5,2022-04-04,2022-03-31
2022-04-04,782.5,787.4626,790.3796,791.26434,795.04724,799.70215,0.009733843031967,-0.9780795475444944,25.99938523015446,777.510009765625,835.0999755859375,1,-0.012837722433705689,-0.0007469024409056691,778.530029296875,2022-04-05,2022-04-01
2022-04-05,778.530029296875,790.3796,791.26434,795.04724,799.70215,797.2048,0.009505836709687,-1.0459590834384,25.856966260147843,777.510009765625,828.0,2,0.01987597695162795,0.013258378662701454,786.9099731445312,2022-04-06,2022-04-04
2022-04-06,786.9099731445312,791.26434,795.04724,799.70215,797.2048,797.8764,0.0095943482517393,-0.4508767866790171,41.15700578371742,777.510009765625,828.0,3,0.0030310269629588347,0.015795629597449748,799.4099731445312,2022-04-07,2022-04-05
2022-04-07,799.4099731445312,795.04724,799.70215,797.2048,797.8764,800.5541,0.010133227689483,0.7925019435995759,50.24456739635957,777.510009765625,828.0,4,-0.012074247417858537,-0.001265965165886409,805.5499877929688,2022-04-08,2022-04-06
2022-04-08,805.5499877929688,799.70215,797.2048,797.8764,800.5541,802.0525,0.0099876950079026,1.9693546719041943,51.72225418096188,777.510009765625,828.0,5,-0.008166738169883227,-0.010120147279645539,814.5,2022-04-11,2022-04-07
2022-04-11,814.5,804.5751,803.08966,804.73114,801.6688,799.5526,0.0100629205445961,3.217656548185843,64.55991725855364,777.510009765625,828.0,1,0.005310605923722223,0.008008522274227657,816.75,2022-04-12,2022-04-08
2022-04-12,816.75,803.08966,804.73114,801.6688,799.5526,800.9885,0.0097498937929353,4.010390502402913,66.4869853008909,777.510009765625,828.0,2,-0.019575916918115405,-0.030985079734576468,805.5499877929688,2022-04-13,2022-04-11
2022-04-13,805.5499877929688,804.73114,801.6688,799.5526,800.9885,798.2898,0.0101103648636277,3.6085380365309447,57.88363069260353,777.510009765625,828.0,3,0.016180371556952136,-0.018159026340501153,805.3499755859375,2022-04-14,2022-04-12
2022-04-14,805.3499755859375,801.6688,799.5526,800.9885,798.2898,800.60876,0.0097740971040223,3.172777429699545,60.214792656111264,777.510009765625,828.0,4,0.0006375056286456698,-0.005598441965941124,814.9000244140625,2022-04-15,2022-04-13
2022-04-15,814.9000244140625,799.5526,800.9885,798.2898,800.60876,800.29034,0.009923486975724,3.35360186388918,73.25538489571866,777.510009765625,828.0,5,0.002122290505525724,0.004685800886825676,814.4500122070312,2022-04-18,2022-04-14
2022-04-18,814.4500122070312,812.54034,808.2018,807.2379,812.44543,806.3504,0.0095935739647494,3.265586670605568,72.65478152962717,777.510009765625,828.0,1,0.0,-0.0006355471812709671,816.0900268554688,2022-04-19,2022-04-15
2022-04-19,816.0900268554688,808.2018,807.2379,812.44543,806.3504,804.2283,0.0092848150732744,3.139619607630729,72.65819108528193,777.510009765625,828.0,2,0.01660923204110943,0.03618883431472056,819.2999877929688,2022-04-20,2022-04-18
2022-04-20,819.2999877929688,807.2379,812.44543,806.3504,804.2283,804.3548,0.0090272554832462,3.08950292589662,70.5645567237294,777.510009765625,828.0,3,-0.017245385702313175,0.002125898998712925,814.9299926757812,2022-04-21,2022-04-19
2022-04-21,814.9299926757812,812.44543,806.3504,804.2283,804.3548,801.4509,0.008845303849711,2.598778303567583,68.70345562939345,777.510009765625,828.0,4,-0.013777188294921696,-0.01221582499720908,824.3499755859375,2022-04-22,2022-04-20
2022-04-22,824.3499755859375,806.3504,804.2283,804.3548,801.4509,800.403,0.009051157039866,2.731734796023771,75.44690838266818,777.510009765625,828.0,5,0.011547204670620877,-0.002862033835321452,836.75,2022-04-25,2022-04-21
2022-04-25,836.75,825.0547,829.42865,832.7674,831.5615,834.90076,0.0095643331302608,3.4325858401671647,82.10895033843329,777.510009765625,836.75,1,-0.026062172064567013,-0.028513891559325235,844.4099731445312,2022-04-26,2022-04-22
2022-04-26,844.4099731445312,829.42865,832.7674,831.5615,834.90076,836.1278,0.0095351239972002,4.142319861659269,81.96573238742707,777.510009765625,844.4099731445312,2,-0.029565371325842638,-0.07235198536161626,846.4099731445312,2022-04-27,2022-04-25
2022-04-27,846.4099731445312,832.7674,831.5615,834.90076,836.1278,836.3074,0.0092348603819112,4.449768682850454,79.58205088410244,777.510009765625,846.4099731445312,3,-0.0020249359120116427,-0.058124767663280556,846.4500122070312,2022-04-28,2022-04-26
2022-04-28,846.4500122070312,831.5615,834.90076,836.1278,836.3074,845.4532,0.0089274343174534,4.353733907681413,77.88381197133165,777.510009765625,846.4500122070312,4,0.0032604763781424375,-0.04193992887490836,857.510009765625,2022-04-29,2022-04-27
2022-04-29,857.510009765625,834.90076,836.1278,836.3074,845.4532,850.8689,0.0092572976391036,4.703182699037356,78.50229822015348,777.510009765625,857.510009765625,5,-0.009246878261905584,-0.061656208048009954,852.010009765625,2022-05-02,2022-04-28
2022-05-02,852.010009765625,859.1701,866.193,869.14307,879.78955,874.2772,0.0091164262812597,4.245993414617702,72.40151013399802,777.510009765625,857.510009765625,1,-0.004200460650535515,-0.04091653044853702,860.760009765625,2022-05-03,2022-04-29
2022-05-03,860.760009765625,866.193,869.14307,879.78955,874.2772,864.8642,0.0091948630690317,4.206909860770963,86.20326411752039,777.510009765625,860.760009765625,2,-0.03225530051190937,-0.043492930345010825,855.010009765625,2022-05-04,2022-05-02
2022-05-04,855.010009765625,869.14307,879.78955,874.2772,864.8642,872.60315,0.0090711212240067,3.496991179369024,80.35452600036412,777.510009765625,860.760009765625,3,0.0036357441380119823,-0.038063096080001246,853.010009765625,2022-05-05,2022-05-03
2022-05-05,853.010009765625,879.78955,874.2772,864.8642,872.60315,881.9874,0.0087952545439005,2.6351670356655426,75.66328979903199,777.510009765625,860.760009765625,4,0.013373043660184394,-0.028286092433934318,861.780029296875,2022-05-06,2022-05-04
2022-05-06,861.780029296875,874.2772,864.8642,872.60315,881.9874,878.2592,0.0088995896788194,2.4046211438403766,78.66053826542492,777.510009765625,861.780029296875,5,-0.010100497643645998,-0.029115212332185943,858.489990234375,2022-05-09,2022-05-05
2022-05-09,858.489990234375,864.3753,859.8938,856.104,852.6472,859.9592,0.008668935021735,1.806708444060238,75.17213690364464,777.510009765625,861.780029296875,1,-0.005499333209514505,-0.03037544932002153,868.260009765625,2022-05-10,2022-05-06
2022-05-10,868.260009765625,859.8938,856.104,852.6472,859.9592,857.2999,0.0088723692743046,1.8392254926290228,76.96627740376954,777.510009765625,868.260009765625,2,-0.01620475325248406,-0.014686876360731162,866.3499755859375,2022-05-11,2022-05-09
2022-05-11,866.3499755859375,856.104,852.6472,859.9592,857.2999,859.9114,0.0086017201741262,1.5155933885599744,79.11000202482728,777.510009765625,868.260009765625,3,-0.00922434401865177,-0.027276961675287176,861.6300048828125,2022-05-12,2022-05-10
2022-05-12,861.6300048828125,852.6472,859.9592,857.2999,859.9114,867.46063,0.0084485705687976,0.8029212967378001,72.29130414472071,777.510009765625,868.260009765625,4,0.013864232358316693,-0.026799053750572017,865.1599731445312,2022-05-13,2022-05-11
2022-05-13,865.1599731445312,859.9592,857.2999,859.9114,867.46063,854.845,0.008232492895105,0.4084277375621745,69.00331100142483,777.510009765625,868.260009765625,5,-0.025850570766837735,-0.042006962601721556,859.9000244140625,2022-05-16,2022-05-12
2022-05-16,859.9000244140625,866.79846,871.58594,872.99976,874.4704,878.88715,0.0081303157929039,-0.3278405342742339,60.704936716656135,777.510009765625,868.260009765625,1,0.018225116357163194,-0.01900735737992101,857.280029296875,2022-05-17,2022-05-13
2022-05-17,857.280029296875,871.58594,872.99976,874.4704,878.88715,871.0123,0.0079080242723626,-1.0705072882152784,57.44830164753864,777.510009765625,868.260009765625,2,0.0038199388179227,0.0008347209336865393,850.5,2022-05-18,2022-05-16
2022-05-18,850.5,872.99976,874.4704,878.88715,871.0123,869.48114,0.0079404248514758,-2.0412964284381125,52.54045080702528,777.510009765625,868.260009765625,3,0.010194545833625966,0.0204597515924605,854.22998046875,2022-05-19,2022-05-17
2022-05-19,854.22998046875,874.4704,878.88715,871.0123,869.48114,873.7772,0.0077566963454426,-2.4288010926186523,47.734160627520296,777.510009765625,868.260009765625,4,-0.013655709241902486,-0.007240340524546897,837.0499877929688,2022-05-20,2022-05-18
2022-05-20,837.0499877929688,878.88715,871.0123,869.48114,873.7772,868.7784,0.009224969719833,-3.759290620084368,41.10158077138391,777.510009765625,868.260009765625,5,0.02433087712236187,0.0438489226558517,836.0,2022-05-23,2022-05-19
2022-05-23,836.0,840.1584,832.6953,833.0626,832.3376,835.3557,0.0089288801882341,-4.573130918907383,33.78731370126019,777.510009765625,868.260009765625,1,-0.0009338571984142075,0.024040211954999256,829.97998046875,2022-05-24,2022-05-20
2022-05-24,829.97998046875,832.6953,833.0626,832.3376,835.3557,840.5743,0.0088490136784658,-5.327235361327521,33.66825805691093,777.510009765625,868.260009765625,2,0.015414272906901085,0.03598237321630625,829.8599853515625,2022-05-25,2022-05-23
2022-05-25,829.8599853515625,833.0626,832.3376,835.3557,840.5743,841.1112,0.0085591718779573,-5.615699503709923,34.51503383674749,777.510009765625,868.260009765625,3,-0.005073188864434374,0.02028540269822681,831.5999755859375,2022-05-26,2022-05-24
2022-05-26,831.5999755859375,832.3376,835.3557,840.5743,841.1112,839.4528,0.0082941316055605,-5.465688324992315,27.717020992786104,777.510009765625,868.260009765625,4,-0.011275925634071683,0.022716352594954314,823.3200073242188,2022-05-27,2022-05-25
2022-05-27,823.3200073242188,835.3557,840.5743,841.1112,839.4528,836.90076,0.0084516144090319,-5.675706077040981,25.814859491353417,777.510009765625,868.260009765625,5,-0.005157028728977165,-0.007001104793343108,826.0,2022-05-30,2022-05-26
2022-05-30,826.0,828.9455,826.6675,828.5027,834.3482,834.58716,0.0082144516236635,-5.38799832558304,17.79938164811982,777.510009765625,868.260009765625,1,0.011450010894338128,0.005372521081748666,829.989990234375,2022-05-31,2022-05-27
2022-05-31,829.989990234375,826.6675,828.5027,834.3482,834.58716,827.8645,0.0080379121131416,-4.70752666495831,23.14617641278261,777.510009765625,868.260009765625,2,0.0,-0.010005738498215714,823.7100219726562,2022-06-01,2022-05-30
2022-06-01,823.7100219726562,828.5027,834.3482,834.58716,827.8645,823.4693,0.008036509899785,-4.461224997265972,22.62483553689657,777.510009765625,868.260009765625,3,-0.002093226615656373,-0.007051192941729739,823.1099853515625,2022-06-02,2022-05-31
2022-06-02,823.1099853515625,834.3482,834.58716,827.8645,823.4693,815.7396,0.0077785707410366,-4.127316208157492,18.30238629159078,777.510009765625,868.260009765625,4,0.008115951194897815,0.012391857356007398,812.72998046875,2022-06-03,2022-06-01
2022-06-03,812.72998046875,834.58716,827.8645,823.4693,815.7396,816.1869,0.0082408460872213,-4.370728761225573,16.990849418606643,777.510009765625,868.260009765625,5,0.05043842146787454,0.07027021817512688,811.3099975585938,2022-06-06,2022-06-02
2022-06-06,811.3099975585938,812.5224,811.5205,806.2423,807.522,808.4254,0.0079883779171732,-4.38146561374079,17.281087773409496,777.510009765625,868.260009765625,1,-0.01694109942939782,0.04031135339993543,822.239990234375,2022-06-07,2022-06-03
2022-06-07,822.239990234375,811.5205,806.2423,807.522,808.4254,804.81995,0.0084590343924531,-3.447670164763318,31.008033024656925,777.510009765625,868.260009765625,2,-0.008523121594769303,0.031482332097146265,824.5,2022-06-08,2022-06-06
2022-06-08,824.5,806.2423,807.522,808.4254,804.81995,807.156,0.0082104133430027,-2.5162513852687267,29.617435667395327,777.510009765625,868.260009765625,3,0.0,0.03364371971612258,821.25,2022-06-09,2022-06-07
2022-06-09,821.25,807.522,808.4254,804.81995,807.156,802.6036,0.0080162002546957,-1.9810496726422988,36.61016598476189,777.510009765625,868.260009765625,4,0.00427064122011487,0.029676671363824778,826.0,2022-06-10,2022-06-08
2022-06-10,826.0,808.4254,804.81995,807.156,802.6036,804.52484,0.0078912295701038,-1.2071887762129672,42.0255121311118,777.510009765625,868.260009765625,5,-0.015710969258667343,-0.03623187647048353,844.1300048828125,2022-06-13,2022-06-09
2022-06-13,844.1300048828125,826.1338,823.27856,821.2937,820.99133,825.7451,0.0094665193313083,0.5323240869920758,59.45731614785517,777.510009765625,868.260009765625,1,-0.020253815503193908,-0.03941928422135979,862.4600219726562,2022-06-14,2022-06-10
2022-06-14,862.4600219726562,823.27856,821.2937,820.99133,825.7451,824.37756,0.0107060880189494,2.7974517940021766,67.52314081201334,777.510009765625,868.260009765625,2,-0.019842227404011686,-0.05023089466661978,868.5399780273438,2022-06-15,2022-06-13
2022-06-15,868.5399780273438,821.2937,820.99133,825.7451,824.37756,819.9541,0.0104992771968188,4.485136729517926,68.97084591055986,777.510009765625,868.5399780273438,3,-0.013129773188470176,-0.06261963892486455,856.52001953125,2022-06-16,2022-06-14
2022-06-16,856.52001953125,820.99133,825.7451,824.37756,819.9541,823.146,0.0107990794483427,4.557103693912854,66.41940666050479,777.510009765625,868.5399780273438,4,0.0014407595155047006,-0.06526856461798695,866.5999755859375,2022-06-17,2022-06-15
2022-06-17,866.5999755859375,825.7451,824.37756,819.9541,823.146,825.6745,0.0108608144080763,5.012575664549891,68.7096872183801,777.510009765625,868.5399780273438,5,-0.013406814849765658,-0.06311231584894181,876.2999877929688,2022-06-20,2022-06-16
2022-06-20,876.2999877929688,862.5823,865.2716,876.8033,877.882,875.1819,0.0108778530071493,5.648872747421585,70.27407326255936,778.0800170898438,876.2999877929688,1,-0.02324972573064061,-0.0659149469320502,883.0999755859375,2022-06-21,2022-06-17
2022-06-21,883.0999755859375,865.2716,876.8033,877.882,875.1819,873.08466,0.0106953899852291,6.167204056201621,75.88250471476033,778.530029296875,883.0999755859375,2,0.0,-0.04719551545742972,873.5,2022-06-22,2022-06-20
2022-06-22,873.5,876.8033,877.882,875.1819,873.08466,869.25903,0.01073819514209,5.523761264371382,70.36291615487448,778.530029296875,883.0999755859375,3,0.006327245744323865,-0.02847525087375268,889.760009765625,2022-06-23,2022-06-21
2022-06-23,889.760009765625,877.882,875.1819,873.08466,869.25903,864.1433,0.011419465148852,5.823605390202097,79.71611393869071,778.530029296875,889.760009765625,4,-0.022891807166630616,-0.051829653058205145,903.530029296875,2022-06-24,2022-06-22
2022-06-24,903.530029296875,875.1819,873.08466,869.25903,864.1433,862.226,0.0117248316593117,6.5267866226081015,82.48101463924698,778.530029296875,903.530029296875,5,-0.05007527019268089,-0.08596787216867789,917.3699951171876,2022-06-27,2022-06-23
2022-06-27,917.3699951171876,900.3696,907.369,900.16077,886.3024,891.7504,0.0119892318791217,7.435497759137309,82.8329151127342,778.530029296875,917.3699951171876,1,0.00039898684129586245,-0.06409457078601756,920.0900268554688,2022-06-28,2022-06-24
2022-06-28,920.0900268554688,907.369,900.16077,886.3024,891.7504,894.60785,0.0116050137088217,7.698799700082773,82.88725517988648,786.9099731445312,920.0900268554688,2,0.005040481110548134,-0.05936524813098821,910.6799926757812,2022-06-29,2022-06-27
2022-06-29,910.6799926757812,900.16077,886.3024,891.7504,894.60785,901.58203,0.0115438607630308,6.752109347397539,79.51681116642916,799.4099731445312,920.0900268554688,3,0.0013221940432880405,-0.06406141162189975,926.2999877929688,2022-06-30,2022-06-28
2022-06-30,926.2999877929688,886.3024,891.7504,894.60785,901.58203,901.6435,0.0119878795784103,6.678614911130435,80.88816042975748,805.3499755859375,926.2999877929688,4,-0.0013221940432880527,-0.043654282616796554,916.25,2022-07-01,2022-06-29
2022-07-01,916.25,891.7504,894.60785,901.58203,901.6435,879.5729,0.0119416402336212,5.502855204558156,73.37310036467618,805.3499755859375,926.2999877929688,5,-0.017215369716929715,-0.01170683719890485,932.0800170898438,2022-07-04,2022-06-30
2022-07-04,932.0800170898438,910.90155,925.4353,915.3791,906.7644,902.8165,0.0123578267990702,5.336911578741269,72.93452288558375,805.3499755859375,932.0800170898438,1,-0.02604633327227293,-0.03750000871876455,928.25,2022-07-05,2022-07-01
2022-07-05,928.25,925.4353,915.3791,906.7644,902.8165,905.04504,0.0119922633524697,4.545778795070248,69.96590471688833,805.3499755859375,932.0800170898438,2,0.0,-0.04233926540706707,952.7999877929688,2022-07-06,2022-07-04
2022-07-06,952.7999877929688,915.3791,906.7644,902.8165,905.04504,905.8068,0.0134250906255632,5.20504690835255,79.70503816862893,805.3499755859375,952.7999877929688,3,-0.05509627519484512,-0.09487314354525148,969.5,2022-07-07,2022-07-05
2022-07-07,969.5,906.7644,902.8165,905.04504,905.8068,914.9602,0.0137267928694171,6.226007823326217,80.50153890465305,811.3099975585938,969.5,4,-0.002045878120812058,-0.09552793248066674,951.280029296875,2022-07-08,2022-07-06
2022-07-08,951.280029296875,902.8165,905.04504,905.8068,914.9602,911.4363,0.0141827751251111,5.17744825992478,71.15689512941553,811.3099975585938,969.5,5,0.04686572875972961,-0.03567100148385011,973.6099853515624,2022-07-11,2022-07-07
2022-07-11,973.6099853515624,948.02905,958.9268,940.1845,934.1102,940.43994,0.0149748966238862,5.462721720714882,73.48104055878856,811.3099975585938,973.6099853515624,1,-0.014057007328479318,-0.02403976076187497,993.2999877929688,2022-07-12,2022-07-08
2022-07-12,993.2999877929688,958.9268,940.1845,934.1102,940.43994,941.3819,0.0153720001022356,6.388135054238525,79.53357249451776,811.3099975585938,993.2999877929688,2,-0.027119838109684272,-0.050151964670569295,1019.1500244140624,2022-07-13,2022-07-11
2022-07-13,1019.1500244140624,940.1845,934.1102,940.43994,941.3819,946.28894,0.0162970343362027,8.044823100714147,80.45760412123008,811.3099975585938,1019.1500244140624,3,-0.041883173257640245,-0.037518244242400196,1012.2000122070312,2022-07-14,2022-07-12
2022-07-14,1012.2000122070312,934.1102,940.43994,941.3819,946.28894,955.2882,0.0158338274536403,7.961455376716039,76.42880702247102,811.3099975585938,1019.1500244140624,4,0.008758752448604084,-0.027062601478739276,1008.8400268554688,2022-07-15,2022-07-13
2022-07-15,1008.8400268554688,940.43994,941.3819,946.28894,955.2882,961.51776,0.0153089243775534,7.002786039836181,73.44062579867946,811.3099975585938,1019.1500244140624,5,-0.03519335333759035,-0.10371301325472843,1050.25,2022-07-18,2022-07-14
2022-07-18,1050.25,998.95184,1000.36163,996.00726,992.82306,973.5604,0.0181864969540009,8.386903034708993,77.83575276740152,811.3099975585938,1050.25,1,0.007447646427040558,-0.08422993432958804,1050.260009765625,2022-07-19,2022-07-15
2022-07-19,1050.260009765625,1000.36163,996.00726,992.82306,973.5604,980.6592,0.0175384547112173,8.505711021504055,81.10072189587632,811.3099975585938,1050.260009765625,2,0.034488832166270904,-0.026036349209872158,926.9600219726562,2022-07-21,2022-07-18
2022-07-21,926.9600219726562,992.82306,973.5604,980.6592,976.7634,988.8779,0.0384068481653073,-1.258642819077437,51.662892126230936,811.3099975585938,1050.260009765625,4,-0.005541036900965808,0.010010615105475316,928.3200073242188,2022-07-22,2022-07-20
2022-07-22,928.3200073242188,973.5604,980.6592,976.7634,988.8779,1008.36444,0.0368467333803636,-7.130929715429218,49.38873544322336,811.3099975585938,1050.260009765625,5,-0.008293771177248261,-0.00706659617707227,951.9299926757812,2022-07-25,2022-07-21
2022-07-25,951.9299926757812,925.20795,930.7379,924.96106,927.9337,923.19525,0.0360542462171627,-9.25878368556338,53.61703420964261,811.3099975585938,1050.260009765625,1,0.013984128994097221,0.04298396242395465,936.4299926757812,2022-07-26,2022-07-22
2022-07-26,936.4299926757812,930.7379,924.96106,927.9337,923.19525,919.66583,0.0349266696507943,-11.402959274239432,47.42844585340897,811.3099975585938,1050.260009765625,2,0.0007463414598675229,0.036017975486043685,924.4000244140624,2022-07-27,2022-07-25
2022-07-27,924.4000244140624,924.96106,927.9337,923.19525,919.66583,911.2763,0.0337459164242433,-13.19752474009706,42.809770766791175,811.3099975585938,1050.260009765625,3,0.009356231511626789,0.010304624594001223,909.75,2022-07-28,2022-07-26
2022-07-28,909.75,927.9337,923.19525,919.66583,911.2763,927.29724,0.0327330064265417,-14.816013301192667,43.30268680738713,811.3099975585938,1050.260009765625,4,0.013799446663093596,0.030034583046752456,908.4500122070312,2022-07-29,2022-07-27
2022-07-29,908.4500122070312,923.19525,919.66583,911.2763,927.29724,917.6513,0.0314634211977462,-15.353559584438678,38.727426734888994,811.3099975585938,1050.260009765625,5,0.013179943583044093,0.052392445929093076,900.5999755859375,2022-08-01,2022-07-28
2022-08-01,900.5999755859375,917.86096,905.3427,902.7067,880.17145,875.96826,0.0303469822956189,-15.568428070943336,33.27801164287804,811.3099975585938,1050.260009765625,1,0.030885074406484785,0.0703300272766233,891.2000122070312,2022-08-02,2022-07-29
2022-08-02,891.2000122070312,905.3427,902.7067,880.17145,875.96826,867.8199,0.0293287608658294,-15.633213712671465,25.46311284777211,811.3099975585938,1050.260009765625,2,-0.008968687961960311,0.059982086234383176,909.2899780273438,2022-08-03,2022-08-01
2022-08-03,909.2899780273438,902.7067,880.17145,875.96826,867.8199,867.8341,0.0287323124414136,-13.810559848156744,31.073659794231038,811.3099975585938,1050.260009765625,3,-0.00777228609106147,0.04198077243110068,911.1199951171876,2022-08-04,2022-08-02
2022-08-04,911.1199951171876,880.17145,875.96826,867.8199,867.8341,872.1996,0.0276411262486997,-11.906636876569657,31.92645073690824,811.3099975585938,1050.260009765625,4,-0.015728041877474796,0.01166349632649768,901.9000244140624,2022-08-05,2022-08-03
2022-08-05,901.9000244140624,875.96826,867.8199,867.8341,872.1996,885.35016,0.0267400647340759,-10.72962956362233,18.853656011202915,811.3099975585938,1050.260009765625,5,0.0038834928349346684,0.0023021973068511003,917.6400146484376,2022-08-08,2022-08-04
2022-08-08,917.6400146484376,905.16144,920.68304,919.3421,923.42004,945.86597,0.0261483118337909,-8.452598178903287,23.88135017867248,811.3099975585938,1050.260009765625,1,0.019898306639490177,-0.00864959162171594,905.4000244140624,2022-08-09,2022-08-05
2022-08-09,905.4000244140624,920.68304,919.3421,923.42004,945.86597,963.51917,0.0254300271454962,-7.37181057095297,22.782944826137395,811.3099975585938,1050.260009765625,2,0.009663298145692585,0.0099943832020153,903.25,2022-08-10,2022-08-08
2022-08-10,903.25,919.3421,923.42004,945.86597,963.51917,955.659,0.0244746616775415,-6.436742165406358,41.82243334945842,811.3099975585938,1050.260009765625,3,0.0013927233381699987,0.019293539583505704,887.0800170898438,2022-08-11,2022-08-09
2022-08-11,887.0800170898438,923.42004,945.86597,963.51917,955.659,947.46857,0.0240697222428755,-6.522075924449643,37.094750851276345,811.3099975585938,1050.260009765625,4,0.017384534003716742,0.0536099918788567,884.4099731445312,2022-08-12,2022-08-10
2022-08-12,884.4099731445312,945.86597,963.51917,955.659,947.46857,970.32263,0.0231710076066664,-6.366104958396798,25.684227832987773,811.3099975585938,1050.260009765625,5,0.014933773931209706,0.06531724353625883,875.260009765625,2022-08-15,2022-08-11
2022-08-15,875.260009765625,889.7813,891.54065,890.1609,906.9816,892.0305,0.0224762175731469,-6.466088800321343,26.915232999265346,811.3099975585938,1050.260009765625,1,-0.009341402279006945,0.03461867320093284,880.510009765625,2022-08-16,2022-08-12
2022-08-16,880.510009765625,891.54065,890.1609,906.9816,892.0305,905.1653,0.0216759490628275,-5.787549292775461,32.54314362954172,811.3099975585938,1050.260009765625,2,-0.012868122622951974,0.011567903005143867,881.0,2022-08-17,2022-08-15
2022-08-17,881.0,890.1609,906.9816,892.0305,905.1653,922.7346,0.0208438401913577,-4.947198301956185,37.11339360068818,811.3099975585938,1050.260009765625,3,0.0020645340532498197,0.012247713487828573,897.0999755859375,2022-08-18,2022-08-16
2022-08-18,897.0999755859375,906.9816,892.0305,905.1653,922.7346,925.31195,0.0206443575658639,-3.0420111327734105,45.50849058289944,811.3099975585938,1050.260009765625,4,-0.010643498782088992,-0.015729691308753988,929.2000122070312,2022-08-19,2022-08-17
2022-08-19,929.2000122070312,892.0305,905.1653,922.7346,925.31195,905.4044,0.0220722268434004,0.4587415390323954,59.49536947162407,811.3099975585938,1050.260009765625,5,0.013389684468500692,-0.017248319969877204,944.0,2022-08-22,2022-08-18
2022-08-22,944.0,927.9779,935.42535,939.34674,938.88,932.02686,0.0216608660329527,3.6709542519625593,66.92307963173869,811.3099975585938,1050.260009765625,1,0.0100955673417733,0.0020402429275102473,937.5,2022-08-23,2022-08-19
2022-08-23,937.5,935.42535,939.34674,938.88,932.02686,935.2007,0.020925460354224,5.166243902685769,59.76733855646604,811.3099975585938,1050.260009765625,2,-0.003535497640372084,0.011435682596212025,916.25,2022-08-24,2022-08-22
2022-08-24,916.25,939.34674,938.88,932.02686,935.2007,918.6669,0.0211065391076598,4.553928429816544,51.56564922751366,811.3099975585938,1050.260009765625,3,0.009220382581036387,0.01869932088893004,920.9299926757812,2022-08-25,2022-08-23
2022-08-25,920.9299926757812,938.88,932.02686,935.2007,918.6669,924.336,0.0203453673117545,4.297117716788029,55.97337274365502,811.3099975585938,1050.260009765625,4,-0.011948522410051805,0.017370761294765398,898.0,2022-08-26,2022-08-24
2022-08-26,898.0,932.02686,935.2007,918.6669,924.336,942.2696,0.0207793140415712,2.5047941782217604,44.10138846931081,811.3099975585938,1050.260009765625,5,0.013566875289911354,0.017551046027566717,892.6500244140625,2022-08-29,2022-08-25
2022-08-29,892.6500244140625,881.28424,897.32184,892.5119,905.508,898.61945,0.0200573600509179,0.9602041979494658,46.00538795328914,821.25,1050.260009765625,1,0.00026944961898488136,0.007601432750977542,882.010009765625,2022-08-30,2022-08-26
2022-08-30,882.010009765625,897.32184,892.5119,905.508,898.61945,927.04095,0.0195786366328321,-0.6879276623701909,43.68158145297699,821.25,1050.260009765625,2,-0.023168122718755138,-0.011987508048778482,889.9500122070312,2022-08-31,2022-08-29
2022-08-31,889.9500122070312,892.5119,905.508,898.61945,927.04095,940.71747,0.0189819186233089,-1.127258560975159,50.89771521911948,821.25,1050.260009765625,3,-0.022729784336666843,-0.0430557120735055,896.5,2022-09-01,2022-08-30
2022-09-01,896.5,905.508,898.61945,927.04095,940.71747,936.4006,0.0183567370930327,-0.8720442207330805,53.69206400922108,826.0,1050.260009765625,4,-0.007503393602892206,-0.0387925032159316,896.5700073242188,2022-09-02,2022-08-31
2022-09-02,896.5700073242188,898.61945,927.04095,940.71747,936.4006,939.2325,0.017644441749594,-0.6064307877201882,56.88975189291909,844.1300048828125,1050.260009765625,5,-0.03000371904235822,-0.07977361640278688,878.219970703125,2022-09-05,2022-09-01
2022-09-05,878.219970703125,897.31805,882.05444,902.29266,901.58344,903.58826,0.0179232496550955,-1.5223652934616112,49.31742501862891,856.52001953125,1050.260009765625,1,0.0020479730731946338,-0.0781355159281152,881.25,2022-09-06,2022-09-02
2022-09-06,881.25,882.05444,902.29266,901.58344,903.58826,906.2311,0.0172517972128043,-1.762960718926598,50.07340417600945,856.52001953125,1050.260009765625,2,0.0,-0.05652831376030598,892.5,2022-09-07,2022-09-05
2022-09-07,892.5,902.29266,901.58344,903.58826,906.2311,903.3313,0.0169413691972864,-1.039056811586856,48.60977580361326,856.52001953125,1050.260009765625,3,0.013787355194825272,-0.02143863852435258,883.530029296875,2022-09-08,2022-09-06
2022-09-08,883.530029296875,901.58344,903.58826,906.2311,903.3313,911.44275,0.0165299727438189,-1.0365947190013536,33.954049717641084,866.5999755859375,1050.260009765625,4,-0.008976500708669724,-0.02287910297967991,881.75,2022-09-09,2022-09-07
2022-09-09,881.75,903.58826,906.2311,903.3313,911.44275,914.9626,0.0158925834203224,-1.02523957363596,25.926219664181644,873.5,1050.260009765625,5,0.028106252131502352,0.03558354527065715,904.97998046875,2022-09-12,2022-09-08
2022-09-12,904.97998046875,885.3914,882.7737,883.71747,883.99445,885.83704,0.0168938242756636,0.5895114331132598,38.86453390581477,873.5,1050.260009765625,1,0.012645967498656327,0.04661701697555643,897.8499755859375,2022-09-13,2022-09-09
2022-09-13,897.8499755859375,882.7737,883.71747,883.99445,885.83704,880.68634,0.0163943159702149,1.1857450323375254,43.025010990028,873.5,1050.260009765625,2,0.012350083783838168,0.05962297183065138,917.010009765625,2022-09-14,2022-09-12
2022-09-14,917.010009765625,883.71747,883.99445,885.83704,880.68634,877.9873,0.0167999884674139,2.7874024238494632,48.66102570538772,875.260009765625,1050.260009765625,3,-0.012350083783838062,0.032285957132354604,919.9500122070312,2022-09-15,2022-09-13
2022-09-15,919.9500122070312,883.99445,885.83704,880.68634,877.9873,879.25793,0.0161733192845797,3.893800856452156,58.68343977496348,875.260009765625,1050.260009765625,4,-0.009962910990771172,0.03126820169490785,923.25,2022-09-16,2022-09-14
2022-09-16,923.25,885.83704,880.68634,877.9873,879.25793,884.8996,0.0155747554714236,4.645879998655741,62.30495172757743,875.260009765625,1050.260009765625,5,-0.006224401018000892,-0.0035350813451689458,921.8699951171876,2022-09-19,2022-09-15
2022-09-19,921.8699951171876,933.80725,930.1446,940.9013,943.8389,940.8605,0.014973924810811,4.827198343022381,67.31836908742221,875.260009765625,1050.260009765625,1,0.010586630784932173,-0.005585026647819549,922.3200073242188,2022-09-20,2022-09-16
2022-09-20,922.3200073242188,930.1446,940.9013,943.8389,940.8605,936.23596,0.0143853901938917,4.747055123507579,65.04320507205765,875.260009765625,1050.260009765625,2,-0.0009834160131192236,-0.01875605540780757,932.5999755859376,2022-09-21,2022-09-19
2022-09-21,932.5999755859376,940.9013,943.8389,940.8605,936.23596,941.78705,0.0141534081264968,5.123739433084916,66.21449578587931,875.260009765625,1050.260009765625,3,-0.002673926948828699,-0.009215300626779192,936.260009765625,2022-09-22,2022-09-20
2022-09-22,936.260009765625,943.8389,940.8605,936.23596,941.78705,946.61957,0.0136329822393356,5.332861207391961,67.27002417289759,875.260009765625,1050.260009765625,4,-0.010198392195087953,-0.009448584332964268,944.3800048828124,2022-09-23,2022-09-21
2022-09-23,944.3800048828124,940.8605,936.23596,941.78705,946.61957,939.38696,0.0133060402469383,5.698465140181284,81.60107003879712,875.260009765625,1050.260009765625,5,-0.003851363389370319,-0.007095177293159109,970.0499877929688,2022-09-26,2022-09-22
2022-09-26,970.0499877929688,953.792,960.3967,953.74554,959.2238,975.5667,0.014822125910688,7.249994762295967,84.87275474578041,875.260009765625,1050.260009765625,1,-0.03697658256135126,-0.05321541355646259,993.510009765625,2022-09-27,2022-09-23
2022-09-27,993.510009765625,960.3967,953.74554,959.2238,975.5667,982.54,0.0156980924362134,9.305947135962844,86.19651277744248,875.260009765625,1050.260009765625,2,-0.01735274304609566,-0.06858748162685718,984.6599731445312,2022-09-28,2022-09-26
2022-09-28,984.6599731445312,953.74554,959.2238,975.5667,982.54,989.8042,0.0153070384437306,9.487122904094784,86.27066737591919,875.260009765625,1050.260009765625,3,0.0028629649246226284,-0.0634160475993138,956.030029296875,2022-09-29,2022-09-27
2022-09-29,956.030029296875,959.2238,975.5667,982.54,989.8042,984.766,0.0168544705757667,7.199796941316148,72.33851345299055,875.260009765625,1050.260009765625,4,0.017599265856016143,-0.03701597703143894,963.25,2022-09-30,2022-09-28
2022-09-30,963.25,975.5667,982.54,989.8042,984.766,997.13104,0.0163378310996956,5.756615324119544,69.39102147462566,875.260009765625,1050.260009765625,5,0.017004246566302488,-0.016721466251386062,967.510009765625,2022-10-03,2022-09-29
2022-10-03,967.510009765625,981.0054,994.08057,997.72217,1033.1578,1012.2671,0.01575839024433,4.716162711268003,73.63279680818201,875.260009765625,1050.260009765625,1,0.000581184279762811,0.02091054328462235,939.9600219726562,2022-10-04,2022-09-30
2022-10-04,939.9600219726562,994.08057,997.72217,1033.1578,1012.2671,1004.45465,0.0171476778231836,1.941886262379105,57.36663616932491,875.260009765625,1050.260009765625,2,0.004637698966480462,0.04360948251906449,931.3400268554688,2022-10-05,2022-10-03
2022-10-05,931.3400268554688,997.72217,1033.1578,1012.2671,1004.45465,1011.38293,0.0166963330368602,-0.5700432644045197,53.52741346955008,875.260009765625,1050.260009765625,3,0.01720224306202251,0.05868189465213416,939.6599731445312,2022-10-06,2022-10-04
2022-10-06,939.6599731445312,1033.1578,1012.2671,1004.45465,1011.38293,1011.9802,0.0162395226470282,-1.7034925966937653,54.92881061125752,875.260009765625,1050.260009765625,4,0.0041132293482632675,0.044500313567666754,943.5800170898438,2022-10-07,2022-10-05
2022-10-07,943.5800170898438,1012.2671,1004.45465,1011.38293,1011.9802,1024.2413,0.0156602575675688,-2.190428846133546,56.42270533058339,875.260009765625,1050.260009765625,5,-0.016411392102800407,0.010174374078467156,937.8300170898438,2022-10-10,2022-10-06
2022-10-10,937.8300170898438,944.19476,949.4143,947.1827,944.7986,943.8986,0.0151638697883755,-2.858744400648757,54.44897464681812,875.260009765625,1050.260009765625,1,-0.01814931900831225,-0.008570600924277232,937.6799926757812,2022-10-11,2022-10-07
2022-10-11,937.6799926757812,949.4143,947.1827,944.7986,943.8986,943.3732,0.0145862902682291,-3.241817767893256,51.54708774408205,875.260009765625,1050.260009765625,2,0.011943086371317376,-0.0013013048970335777,927.010009765625,2022-10-12,2022-10-10
2022-10-12,927.010009765625,947.1827,944.7986,943.8986,943.3732,964.5179,0.0143931580757108,-4.089995935540516,47.29832257549266,875.260009765625,993.510009765625,3,0.00706917560844575,-0.011370086166157839,944.010009765625,2022-10-13,2022-10-11
2022-10-13,944.010009765625,944.7986,943.8986,943.3732,964.5179,967.48645,0.014711850776314,-3.4100742851476777,49.89726350098604,875.260009765625,993.510009765625,4,-0.009678647353026296,-0.024911552276031694,937.510009765625,2022-10-14,2022-10-12
2022-10-14,937.510009765625,943.8986,943.3732,964.5179,967.48645,968.0873,0.0142863568896531,-3.299954740083324,39.88813379941089,875.260009765625,993.510009765625,5,0.006655117764567944,-0.002158254229820148,961.510009765625,2022-10-17,2022-10-13
2022-10-17,961.510009765625,945.2798,938.6345,942.1353,937.3971,940.2597,0.0153922816700857,-1.5987887534503118,40.08919362790317,875.260009765625,993.510009765625,1,-0.004914713560715287,0.011135562746811269,971.3499755859376,2022-10-18,2022-10-14
2022-10-18,971.3499755859376,938.6345,942.1353,937.3971,940.2597,943.53467,0.0150623868194287,0.1104200490482147,45.90284794632303,875.260009765625,993.510009765625,2,0.001447980587636241,0.0005790806494070534,972.75,2022-10-19,2022-10-17
2022-10-19,972.75,942.1353,937.3971,940.2597,943.53467,949.4445,0.014494776621865,1.196201370023287,56.18342335119244,875.260009765625,993.510009765625,3,-0.014281731075751121,-0.020557741820916364,973.7000122070312,2022-10-20,2022-10-18
2022-10-20,973.7000122070312,937.3971,940.2597,943.53467,949.4445,941.2981,0.0139457618713982,1.8028668597314643,54.05259163913465,875.260009765625,993.510009765625,4,-0.01359559953264893,-0.024386666555919177,978.0,2022-10-21,2022-10-19
2022-10-21,978.0,940.2597,943.53467,949.4445,941.2981,936.0898,0.013465691282279,2.287107938465031,54.06683438678986,875.260009765625,993.510009765625,5,0.026574235556435358,-0.004758470460401795,972.25,2022-10-24,2022-10-20
2022-10-24,972.25,993.73944,1002.79236,1015.556,1024.6465,1027.9457,0.0130610102289469,2.022651526667575,65.06484238894271,875.260009765625,993.510009765625,1,0.020648862969661265,0.02101144478272712,986.25,2022-10-25,2022-10-21
2022-10-25,986.25,1002.79236,1015.556,1024.6465,1027.9457,1034.9663,0.013158474851549,2.5585781030150443,74.39359355841779,875.260009765625,993.510009765625,2,-0.012424278700876038,0.006945498083716214,967.0,2022-10-26,2022-10-24
2022-10-26,967.0,1015.556,1024.6465,1027.9457,1034.9663,1046.3562,0.0138039183932904,1.4403062346465791,61.07062587705879,875.260009765625,993.510009765625,3,-0.008369469804456653,0.01291645649461232,951.2999877929688,2022-10-27,2022-10-25
2022-10-27,951.2999877929688,1024.6465,1027.9457,1034.9663,1046.3562,1043.9937,0.0140443968384606,-0.4328943342480276,52.85375208699968,875.260009765625,993.510009765625,4,0.05057572217400336,0.08004755459026167,943.25,2022-10-28,2022-10-26
2022-10-28,943.25,1027.9457,1034.9663,1046.3562,1043.9937,1042.0153,0.0137225873511583,-2.1918799780878957,51.97004325616087,875.260009765625,993.510009765625,5,-0.001102673735418754,0.05056505065479429,942.9000244140624,2022-10-31,2022-10-27
2022-10-31,942.9000244140624,952.10736,954.3767,960.741,948.0682,947.5984,0.013203069546406,-3.2906764573161453,51.89461152765609,875.260009765625,993.510009765625,1,-0.04499098542763021,-0.01617937035703842,943.0,2022-11-01,2022-10-28
2022-11-01,943.0,954.3767,960.741,948.0682,947.5984,954.23926,0.0127016583808025,-3.8818634811362873,56.28587058755782,875.260009765625,993.510009765625,2,-0.015263035855571663,-0.0189682378767118,942.9400024414062,2022-11-02,2022-10-31
2022-11-02,942.9400024414062,960.741,948.0682,947.5984,954.23926,960.37585,0.012218281516306,-4.12526129192083,49.51473563873811,875.260009765625,993.510009765625,3,0.027735406246531834,0.017098975529084716,944.2000122070312,2022-11-03,2022-11-01
2022-11-03,944.2000122070312,948.0682,947.5984,954.23926,960.37585,961.89777,0.0117560068692391,-4.0442701577417735,53.18541363093968,875.260009765625,993.510009765625,4,-0.0011403988240251282,-0.03416444057258297,944.1599731445312,2022-11-04,2022-11-02
2022-11-04,944.1599731445312,947.5984,954.23926,960.37585,961.89777,949.9714,0.011305251266916,-3.837952375701249,39.29670620962212,875.260009765625,993.510009765625,5,-0.014076654119052961,-0.0466142358416485,926.260009765625,2022-11-07,2022-11-03
2022-11-07,926.260009765625,950.35693,958.01794,963.90106,948.3592,951.124,0.012134077700232,-4.694928973851654,24.69982424392693,878.219970703125,993.510009765625,1,0.07198753440505058,0.07169644101465344,916.3499755859376,2022-11-08,2022-11-04
2022-11-08,916.3499755859376,958.01794,963.90106,948.3592,951.124,955.1015,0.0120603729733282,-5.652834452328053,21.112463001889537,878.219970703125,993.510009765625,2,-0.023149192689883615,0.0632781125602481,906.5,2022-11-09,2022-11-07
2022-11-09,906.5,963.90106,948.3592,951.124,955.1015,949.8892,0.0119953799235935,-6.607068457316997,18.45660984298289,878.219970703125,993.510009765625,3,0.020723298470771447,0.055848371355531515,893.9500122070312,2022-11-11,2022-11-08
2022-11-11,893.9500122070312,951.124,955.1015,949.8892,946.52545,957.6041,0.0117733344571173,-7.459062147716276,14.089149879939598,878.219970703125,993.510009765625,5,0.024129709712665284,0.08286975299754128,890.4600219726562,2022-11-14,2022-11-10
2022-11-14,890.4600219726562,896.8545,908.1673,914.1515,911.9747,898.4833,0.0113835180762515,-7.636775375871361,1.3805563489669908,878.219970703125,993.510009765625,1,0.040020823400885835,0.1430637680191746,890.7000122070312,2022-11-15,2022-11-11
2022-11-15,890.7000122070312,908.1673,914.1515,911.9747,898.4833,890.26575,0.0109513773186857,-7.288967725056313,2.012549451950079,878.219970703125,993.510009765625,2,-0.024597693190473145,0.03782475987086295,886.5,2022-11-16,2022-11-14
2022-11-16,886.5,914.1515,911.9747,898.4833,890.26575,881.44305,0.0106223333519778,-6.896743971417996,2.3529073853504485,878.219970703125,993.510009765625,3,-0.004028875090579742,0.05785922116639416,911.75,2022-11-17,2022-11-15
2022-11-17,911.75,911.9747,898.4833,890.26575,881.44305,879.995,0.012819724231593,-4.602092029264524,31.51407391275697,878.219970703125,993.510009765625,4,-0.013503933351268576,0.02226426173271319,921.2000122070312,2022-11-18,2022-11-16
2022-11-18,921.2000122070312,898.4833,890.26575,881.44305,879.995,887.5198,0.0126502798728114,-2.2331536119013187,38.494159588507856,878.219970703125,993.510009765625,5,-0.02634723067351903,-0.02805582461738392,941.2999877929688,2022-11-21,2022-11-17
2022-11-21,941.2999877929688,904.2292,893.7172,907.4074,906.50146,913.95306,0.0135252895786004,0.7429080540192654,49.25633753779988,878.219970703125,993.510009765625,1,-0.015707520511022276,-0.08073905535915317,941.5999755859376,2022-11-22,2022-11-18
2022-11-22,941.5999755859376,893.7172,907.4074,906.50146,913.95306,909.4285,0.0130170290670626,2.6782105376721117,49.41503967499071,878.219970703125,993.510009765625,2,-0.01679775910019108,-0.07354084428749706,926.0,2022-11-23,2022-11-21
2022-11-23,926.0,907.4074,906.50146,913.95306,909.4285,908.3296,0.0133617243089804,2.83893087341672,42.939160406314,878.219970703125,993.510009765625,3,0.011967852886423014,-0.05860135630646501,915.9500122070312,2022-11-24,2022-11-22
2022-11-24,915.9500122070312,906.50146,913.95306,909.4285,908.3296,903.49695,0.0132167112978235,2.2266690300908225,39.844487451946165,878.219970703125,993.510009765625,4,0.0008296518546003267,-0.04501056896691484,909.8499755859376,2022-11-25,2022-11-23
2022-11-25,909.8499755859376,913.95306,909.4285,908.3296,903.49695,908.3734,0.0128599206050356,1.4090143364732786,43.54393005231866,878.219970703125,993.510009765625,5,0.0,-0.01951484615233005,921.72998046875,2022-11-28,2022-11-24
2022-11-28,921.72998046875,919.1803,921.4859,912.7336,922.1346,919.1922,0.0128685892740624,1.6497190090002416,52.08430479191944,881.25,993.510009765625,1,0.0024847678648594,-0.0015143387245341122,912.9500122070312,2022-11-29,2022-11-25
2022-11-29,912.9500122070312,921.4859,912.7336,922.1346,919.1922,925.08203,0.0126733303984901,1.21893342777393,52.51973426635454,881.75,993.510009765625,2,-0.0044216719910320414,0.010919791024767169,900.0499877929688,2022-11-30,2022-11-28
2022-11-30,900.0499877929688,912.7336,922.1346,919.1922,925.08203,925.4032,0.0128259224776145,0.1241427021433398,47.7109751115628,881.75,993.510009765625,3,0.005386385951892888,0.004288302246022378,890.0,2022-12-01,2022-11-29
2022-12-01,890.0,922.1346,919.1922,925.08203,925.4032,931.46857,0.0127374206760903,-1.1478431125656172,48.57286887382404,881.75,993.510009765625,4,0.027041511441138335,0.03096060441992118,879.1099853515625,2022-12-02,2022-11-30
2022-12-02,879.1099853515625,919.1922,925.08203,925.4032,931.46857,925.4565,0.0127319156177734,-2.515204162827553,46.10740162846962,879.1099853515625,993.510009765625,5,0.02240428742869569,0.0543192317616381,883.0,2022-12-05,2022-12-01
2022-12-05,883.0,877.06866,871.6859,895.25183,914.1039,904.69507,0.0123107779238568,-2.921705637353167,47.423711161256726,879.1099853515625,993.510009765625,1,0.008875067017934285,0.061078220033170316,895.6300048828125,2022-12-06,2022-12-02
2022-12-06,895.6300048828125,871.6859,895.25183,914.1039,904.69507,907.1241,0.0124630386048525,-2.1402245490492504,52.891621322986445,879.1099853515625,993.510009765625,2,-0.015319461924328762,0.04957759202194217,878.75,2022-12-07,2022-12-05
2022-12-07,878.75,895.25183,914.1039,904.69507,907.1241,895.3701,0.0131069044912868,-2.533487413204273,38.96321070234114,878.75,993.510009765625,3,0.0057887476955071826,0.04999998686399055,866.4000244140625,2022-12-08,2022-12-06
2022-12-08,866.4000244140625,914.1039,904.69507,907.1241,895.3701,898.94586,0.0132159114712952,-3.3475713219744563,32.02099705997907,866.4000244140625,993.510009765625,4,0.011477864376372472,0.033784669701573074,863.5,2022-12-09,2022-12-07
2022-12-09,863.5,904.69507,907.1241,895.3701,898.94586,906.68176,0.0127570476293566,-3.772038485976566,21.22781776312492,863.5,993.510009765625,5,0.006463335625930137,0.017435812484469817,843.0218505859375,2022-12-12,2022-12-08
2022-12-12,843.0218505859375,854.9872,850.7018,849.19165,849.49365,842.98663,0.01396174628417,-5.043247785433369,18.27800115959512,843.0218505859375,993.510009765625,1,-0.001160356135408776,0.007276475459677466,866.75,2022-12-13,2022-12-09
2022-12-13,866.75,850.7018,849.19165,849.49365,842.98663,849.3078,0.01543531817849,-3.945902460137168,31.881437372521702,843.0218505859375,993.510009765625,2,-0.020197407299658264,0.0023750001179665896,856.7999877929688,2022-12-14,2022-12-12
2022-12-14,856.7999877929688,849.19165,849.49365,842.98663,849.3078,847.879,0.0151957705882994,-3.561785724254598,31.900943131945056,843.0218505859375,993.510009765625,3,0.010735868843074823,0.007346156997833926,870.6500244140625,2022-12-15,2022-12-13
2022-12-15,870.6500244140625,849.49365,842.98663,849.3078,847.879,840.6564,0.0152589914565888,-2.117861339602216,38.5484978742797,843.0218505859375,993.510009765625,4,0.009203525932870658,0.005057714240165767,878.0499877929688,2022-12-16,2022-12-14
2022-12-16,878.0499877929688,842.98663,849.3078,847.879,840.6564,831.1095,0.0148567585661373,-0.4921645261793976,36.89676196753728,843.0218505859375,993.510009765625,5,-0.029329148152795206,-0.030279619736966037,865.8007202148438,2022-12-19,2022-12-15
2022-12-19,865.8007202148438,878.6892,883.183,886.1421,894.49335,903.393,0.014821314099731,-0.0906042621982017,36.14443050207593,843.0218505859375,993.510009765625,1,-0.000398732072796037,-0.029540776036496498,888.7000122070312,2022-12-20,2022-12-16
2022-12-20,888.7000122070312,883.183,886.1421,894.49335,903.393,902.6546,0.0159495478945471,1.7659459392481125,46.849764898725866,843.0218505859375,986.25,2,0.005699561054415408,-0.004080576126231864,885.8099975585938,2022-12-21,2022-12-19
2022-12-21,885.8099975585938,886.1421,894.49335,903.393,902.6546,910.9182,0.0153718520303529,2.787293967003178,48.7889110978994,843.0218505859375,986.25,3,0.0038255842291201646,-0.010938938886725983,870.75,2022-12-22,2022-12-20
2022-12-22,870.75,894.49335,903.393,902.6546,910.9182,902.70374,0.0155396340848593,2.4486000167415227,47.64048722035373,843.0218505859375,986.25,4,0.002235839507275352,-0.01780645308956023,870.8599853515625,2022-12-23,2022-12-21
2022-12-23,870.8599853515625,903.393,902.6546,910.9182,902.70374,895.2086,0.0149507057315609,2.2377450143294944,46.49891183964931,843.0218505859375,986.25,5,-0.014423036346991203,-0.0030561042062156605,877.5,2022-12-26,2022-12-22
2022-12-26,877.5,871.9941,881.1205,873.0477,862.74615,869.9303,0.0145303319789846,2.5297012962761443,44.58433639606277,843.0218505859375,986.25,1,0.013634490901053129,0.011032857332827783,878.0,2022-12-27,2022-12-23
2022-12-27,878.0,881.1205,873.0477,862.74615,869.9303,862.1566,0.0139834558483033,2.7238980278210985,49.7516636594688,843.0218505859375,986.25,2,0.0,0.005286804379288604,867.5999755859375,2022-12-28,2022-12-26
2022-12-28,867.5999755859375,873.0477,862.74615,869.9303,862.1566,871.0046,0.0138619081117883,2.144818445274842,50.402519782025095,843.0218505859375,986.25,3,0.007987978209936256,0.009479924778386864,861.75,2022-12-29,2022-12-27
2022-12-29,861.75,862.74615,869.9303,862.1566,871.0046,880.5164,0.0134765775933709,1.3969055698867177,49.4243605969689,843.0218505859375,986.25,4,-0.0003913355462330034,0.006831324994028573,856.0,2022-12-30,2022-12-28
2022-12-30,856.0,869.9303,862.1566,871.0046,880.5164,880.28217,0.0131071602241034,0.5855744641598957,54.72700256364427,843.0218505859375,986.25,5,-0.0028746701664194908,0.018525978919132217,847.75,2023-01-02,2022-12-29
2023-01-02,847.75,866.15454,865.2999,856.27405,862.7769,859.0763,0.0129031342792177,-0.3838534447024297,42.20023772918517,843.0218505859375,986.25,1,-0.004064797677231731,0.000657390806735002,862.3499755859375,2023-01-04,2022-12-30
2023-01-04,862.3499755859375,856.27405,862.7769,859.0763,862.781,860.2034,0.0128277221473533,-0.1047922535183207,46.31431678207126,843.0218505859375,986.25,3,-0.010433957899771593,-0.009729145709173851,854.9099731445312,2023-01-05,2023-01-03
2023-01-05,854.9099731445312,862.7769,859.0763,862.781,860.2034,847.0009,0.0125837719803599,0.0075346196653356,39.72819932049831,843.0218505859375,986.25,4,-0.007061513953980213,-0.024520637776400123,851.5,2023-01-06,2023-01-04
2023-01-06,851.5,859.0763,862.781,860.2034,847.0009,848.41235,0.0121659912217326,-0.0406923606424012,43.11135703058895,843.0218505859375,986.25,5,0.020774820894930334,-0.003653428732288228,840.8800048828125,2023-01-09,2023-01-05
2023-01-09,840.8800048828125,850.8538,839.8112,835.95825,841.7314,838.4242,0.0122230029540579,-0.6470572601220539,23.874547087857465,840.8800048828125,986.25,1,0.02342691166842184,0.022899726427010856,835.1300048828125,2023-01-10,2023-01-06
2023-01-10,835.1300048828125,839.8112,835.95825,841.7314,838.4242,840.53906,0.0119229558197993,-1.25919905884499,23.15107923904546,835.1300048828125,986.25,2,0.027755004194320008,0.05597157246120396,826.4500122070312,2023-01-11,2023-01-09
2023-01-11,826.4500122070312,835.95825,841.7314,838.4242,840.53906,841.5053,0.0118430977172337,-2.026987539697192,24.829534932594257,826.4500122070312,986.25,3,0.0119969437033643,0.07992561796214906,823.260009765625,2023-01-12,2023-01-10
2023-01-12,823.260009765625,841.7314,838.4242,840.53906,841.5053,835.89655,0.0114528777980517,-2.497105338894201,23.869126837656324,823.260009765625,986.25,4,0.021286480607387536,0.11097739183657855,818.0,2023-01-13,2023-01-11
2023-01-13,818.0,838.4242,840.53906,841.5053,835.89655,824.8386,0.0111713279764688,-2.882416193139635,16.833872692978716,818.0,986.25,5,0.007553507080328285,0.09638548574162632,805.4324340820312,2023-01-16,2023-01-12
2023-01-16,805.4324340820312,812.37103,810.0571,807.0306,800.8967,800.78503,0.0115888567782483,-3.6541546178994295,14.346400505230136,805.4324340820312,986.25,1,0.0051230495099683585,0.07649994323948066,822.1799926757812,2023-01-17,2023-01-13
2023-01-17,822.1799926757812,810.0571,807.0306,800.8967,800.78503,803.9657,0.0124933937956773,-2.7484912356527555,28.994606959523125,805.4324340820312,967.0,2,0.0,0.047032508820924114,814.6500244140625,2023-01-18,2023-01-16
2023-01-18,814.6500244140625,807.0306,800.8967,800.78503,803.9657,801.0813,0.0122988631601896,-2.382011948180846,28.55095553793967,805.4324340820312,951.2999877929688,3,0.0017809851053655899,0.03639051967513167,823.5,2023-01-19,2023-01-17
2023-01-19,823.5,800.8967,800.78503,803.9657,801.0813,804.39233,0.0121955101265426,-1.3219354185261736,35.60609664848687,805.4324340820312,944.2000122070312,4,0.003197666423112939,0.01781198257515709,823.25,2023-01-20,2023-01-18
2023-01-20,823.25,800.78503,803.9657,801.0813,804.39233,807.10345,0.0117405634039411,-0.4604227625342609,38.321657162806936,805.4324340820312,944.2000122070312,5,-0.0004730585681476769,0.009675146986824212,814.7999877929688,2023-01-23,2023-01-19
2023-01-23,814.7999877929688,821.337,810.9037,817.98444,813.58795,820.39435,0.011664834668772,-0.2907842384612493,35.464730256940456,805.4324340820312,944.2000122070312,1,0.005191713423161991,0.009744477613699455,812.780029296875,2023-01-24,2023-01-20
2023-01-24,812.780029296875,810.9037,817.98444,813.58795,820.39435,823.2579,0.0112529612096067,-0.1526779860387286,25.403196009046997,805.4324340820312,944.2000122070312,2,0.0012938117847990998,0.011051742413415949,800.9500122070312,2023-01-25,2023-01-23
2023-01-25,800.9500122070312,817.98444,813.58795,820.39435,823.2579,823.8065,0.011577613598758,-0.6672823459206505,24.34266278165376,800.9500122070312,944.2000122070312,3,-0.002000141594498202,0.007236046037013875,802.9500122070312,2023-01-26,2023-01-24
2023-01-26,802.9500122070312,813.58795,820.39435,823.2579,823.8065,823.05786,0.0111642473688226,-0.6798964089248507,26.60130053731146,800.9500122070312,944.1599731445312,4,-0.0012964038611068427,0.0027196126392917664,801.780029296875,2023-01-27,2023-01-25
2023-01-27,801.780029296875,820.39435,823.2579,823.8065,823.05786,827.8799,0.0107570976450465,-0.5779627112109793,29.2672159903685,800.9500122070312,941.5999755859376,5,0.006347835431552937,0.009582435514727459,790.1696166992188,2023-01-30,2023-01-26
2023-01-30,790.1696166992188,818.83356,820.61456,829.3389,824.0935,820.3676,0.0111264697533787,-1.074542767089799,27.55469859782185,790.1696166992188,941.5999755859376,1,-0.010128509708496632,-0.005766716237829345,807.0,2023-01-31,2023-01-27
2023-01-31,807.0,820.61456,829.3389,824.0935,820.3676,819.6501,0.0121605922946757,-0.1027538498162954,41.020793098609566,790.1696166992188,941.5999755859376,2,-0.004865078397412996,-0.011871271907578336,795.6599731445312,2023-02-01,2023-01-30
2023-02-01,795.6599731445312,829.3389,824.0935,820.3676,819.6501,829.41547,0.0123504685719178,-0.0590980562022309,38.15000212262705,790.1696166992188,941.5999755859376,3,0.0059298314901479595,-0.0040042864239617434,786.0499877929688,2023-02-02,2023-01-31
2023-02-02,786.0499877929688,824.0935,820.3676,819.6501,829.41547,833.0187,0.0123616373622536,-0.4889247288990646,36.77629727532648,786.0499877929688,941.5999755859376,4,-0.028180971315559473,-0.030424461567597743,779.5,2023-02-03,2023-02-01
2023-02-03,779.5,820.3676,819.6501,829.41547,833.0187,822.3982,0.012128740436442,-0.9965925603285511,38.704231582966045,779.5,941.5999755859376,5,-0.004143869067426235,-0.04054378431003555,777.9078369140625,2023-02-06,2023-02-02
2023-02-06,777.9078369140625,779.6741,783.9684,799.68536,796.9106,787.7477,0.0116922597521687,-1.2077687089576443,27.782355265455152,777.9078369140625,941.5999755859376,1,-0.007600786928514156,-0.03811547722662296,803.9000244140625,2023-02-07,2023-02-03
2023-02-07,803.9000244140625,783.9684,799.68536,796.9106,787.7477,791.1387,0.0144005811956201,0.54108214937337,45.44858310894272,777.9078369140625,941.5999755859376,2,-0.004811026420657321,-0.03806348406160235,794.9199829101562,2023-02-08,2023-02-06
2023-02-08,794.9199829101562,799.68536,796.9106,787.7477,791.1387,791.6318,0.0142077457969722,1.1936831226072542,37.91288698353796,777.9078369140625,941.5999755859376,3,0.0110675198721468,-0.03310863666744213,800.3499755859375,2023-02-09,2023-02-07
2023-02-09,800.3499755859375,796.9106,787.7477,791.1387,791.6318,785.7053,0.0137942785923028,2.041859555949589,40.72160920336125,777.9078369140625,941.5999755859376,4,-0.011067519872146717,-0.016419390279435155,799.7999877929688,2023-02-10,2023-02-08
2023-02-10,799.7999877929688,787.7477,791.1387,791.6318,785.7053,785.0708,0.0132794561720787,2.581873894436004,43.50678173528722,777.9078369140625,941.5999755859376,5,0.015216951712487221,0.0028090764453617277,792.5676879882812,2023-02-13,2023-02-09
2023-02-13,792.5676879882812,803.88513,804.8006,802.5019,808.9411,808.9584,0.0130330853235416,2.468095603650504,41.628245025495055,777.9078369140625,941.5999755859376,1,-0.01918171810292671,-0.00873739793860361,792.22998046875,2023-02-14,2023-02-10
2023-02-14,792.22998046875,804.8006,802.5019,808.9411,808.9584,813.1952,0.0125486514980853,2.3848686884067725,46.008231142553,777.9078369140625,926.0,2,0.014665304492188851,0.010757993611667398,786.8300170898438,2023-02-15,2023-02-13
2023-02-15,786.8300170898438,802.5019,808.9411,808.9584,813.1952,813.8949,0.0122339905959747,1.996656735154389,42.84351713859911,777.9078369140625,921.72998046875,3,0.005611882545715784,0.005258679345935938,791.6300048828125,2023-02-16,2023-02-14
2023-02-16,791.6300048828125,808.9411,808.9584,813.1952,813.8949,807.17944,0.0118911763807011,2.084023050961345,45.6345906283535,777.9078369140625,921.72998046875,4,-0.014212463309734498,0.002102163792357256,791.1199951171875,2023-02-17,2023-02-15
2023-02-17,791.1199951171875,808.9584,813.1952,813.8949,807.17944,805.4098,0.0114525363449625,2.121271176537242,50.45189525525944,777.9078369140625,921.72998046875,5,0.027625758127863238,0.014614526743646643,782.6790771484375,2023-02-20,2023-02-16
2023-02-20,782.6790771484375,785.9695,779.7417,784.84357,780.9477,778.51135,0.0114261860494816,1.6141867435587471,37.43302960384811,777.9078369140625,912.9500122070312,1,-0.012440602597921168,0.0214772657311858,797.3400268554688,2023-02-21,2023-02-17
2023-02-21,797.3400268554688,779.7417,784.84357,780.9477,778.51135,778.36096,0.0121044916591799,2.2631355790343832,50.83930352991685,777.9078369140625,900.0499877929688,2,0.0,0.006606300737598383,802.2899780273438,2023-02-22,2023-02-20
2023-02-22,802.2899780273438,784.84357,780.9477,778.51135,778.36096,780.66724,0.0117721908456092,2.977753317178122,58.50919306001681,777.9078369140625,895.6300048828125,3,0.028869487950406024,0.030291920626919024,800.5399780273438,2023-02-23,2023-02-21
2023-02-23,800.5399780273438,780.9477,778.51135,778.36096,780.66724,778.9659,0.0113548819358885,3.261707474983833,61.608115197879336,777.9078369140625,895.6300048828125,4,-0.007585686633612644,0.03714210735661347,803.7999877929688,2023-02-24,2023-02-22
2023-02-24,803.7999877929688,778.51135,778.36096,780.66724,778.9659,783.93646,0.0109871624657474,3.57313772564439,64.0269947657136,777.9078369140625,895.6300048828125,5,-0.031299737103105005,-0.02220626723462047,798.2564697265625,2023-02-27,2023-02-23
2023-02-27,798.2564697265625,805.50946,802.6241,799.38995,802.44385,798.421,0.0107585945997004,3.315499287410038,46.07242798913274,777.9078369140625,895.6300048828125,1,-0.0293992354981824,-0.038648499255246056,833.1400146484375,2023-02-28,2023-02-24
2023-02-28,833.1400146484375,802.6241,799.38995,802.44385,798.421,805.06903,0.0155571766469194,5.287089473717609,69.55012029219796,777.9078369140625,888.7000122070312,2,0.013561207960721376,-0.025522611343045405,826.9600219726562,2023-03-01,2023-02-27
2023-03-01,826.9600219726562,799.38995,802.44385,798.421,805.06903,802.561,0.0151212403105271,5.919933575138279,63.50779679081426,777.9078369140625,888.7000122070312,3,0.02183520450674725,-0.03235330880738346,810.5700073242188,2023-03-02,2023-02-28
2023-03-02,810.5700073242188,802.44385,798.421,805.06903,802.561,801.94867,0.0155664448844283,5.015430356932364,54.70969312368149,777.9078369140625,888.7000122070312,4,0.01705936313808211,-0.008209315009926495,812.3800048828125,2023-03-03,2023-03-01
2023-03-03,812.3800048828125,798.421,805.06903,802.561,801.94867,799.79675,0.0149984824282099,4.344814255675642,59.09518074922288,777.9078369140625,888.7000122070312,5,-0.020359430144531593,0.002700750436095859,802.6599731445312,2023-03-06,2023-03-02
2023-03-06,802.6599731445312,819.4054,822.14484,824.0746,823.6737,814.98987,0.0148212338251457,3.1102266283145905,54.4083223223089,777.9078369140625,888.7000122070312,1,-0.001470238400068026,0.031099910829641097,799.0399780273438,2023-03-07,2023-03-03
2023-03-07,799.0399780273438,822.14484,824.0746,823.6737,814.98987,814.6083,0.0143317405245742,1.9690729485613236,55.23947563337918,777.9078369140625,888.7000122070312,2,0.005502254552679114,0.02282371820718736,803.219970703125,2023-03-08,2023-03-06
2023-03-08,803.219970703125,824.0746,823.6737,814.98987,814.6083,811.0573,0.0138733588136644,1.4395921018132674,55.00003159744018,777.9078369140625,888.7000122070312,3,-0.028195284362454855,-0.027089646552807715,802.52001953125,2023-03-09,2023-03-07
2023-03-09,802.52001953125,823.6737,814.98987,814.6083,811.0573,816.42926,0.0133687603249281,1.006544460114622,54.91004206098844,777.9078369140625,888.7000122070312,4,0.013702273664630739,-0.030350317414737333,795.9500122070312,2023-03-10,2023-03-08
2023-03-10,795.9500122070312,814.98987,814.6083,811.0573,816.42926,813.32434,0.0130802858484902,0.2797329675258286,55.80947841314305,777.9078369140625,888.7000122070312,5,0.0032114679606452434,-0.007223312152376789,779.7490844726562,2023-03-13,2023-03-09
2023-03-13,779.7490844726562,787.3288,785.8289,793.72675,794.12744,789.5313,0.0138000967275174,-1.208363765216065,42.40184163266684,777.9078369140625,888.7000122070312,1,-0.0022222975731185043,-0.007969658283858653,803.3499755859375,2023-03-14,2023-03-10
2023-03-14,803.3499755859375,785.8289,793.72675,794.12744,789.5313,801.3278,0.0155399551952269,-0.552797648247271,50.39431829276322,777.9078369140625,885.8099975585938,2,0.00591503105341583,-0.007560086945883955,802.1500244140625,2023-03-15,2023-03-13
2023-03-15,802.1500244140625,793.72675,794.12744,789.5313,801.3278,811.93726,0.0149728253050614,-0.1694629235428522,50.60139717291577,777.9078369140625,878.0,3,-0.014604223875148894,0.006020300835024324,820.0999755859375,2023-03-16,2023-03-14
2023-03-16,820.0999755859375,794.12744,789.5313,801.3278,811.93726,814.8827,0.0156059464587962,1.245635668985392,55.48640965263292,777.9078369140625,878.0,4,-0.03915589726406634,-0.04577512730602055,824.8300170898438,2023-03-17,2023-03-15
2023-03-17,824.8300170898438,789.5313,801.3278,811.93726,814.8827,820.8535,0.0151060607160547,2.3867392521717923,58.99363559932989,777.9078369140625,878.0,5,0.00749165073918125,-0.04168211727218339,801.855224609375,2023-03-20,2023-03-16
2023-03-20,801.855224609375,827.0166,825.102,826.75714,837.1387,827.3006,0.0164724466911303,1.5227918933707083,38.48355023991387,777.9078369140625,878.0,1,0.00718046840986544,-0.03262878198893262,825.5800170898438,2023-03-21,2023-03-17
2023-03-21,825.5800170898438,825.102,826.75714,837.1387,827.3006,837.1644,0.0177189849738203,2.424194659284785,49.55010991564909,777.9078369140625,867.5999755859375,2,0.015718420931151944,-0.02309862719641554,822.25,2023-03-22,2023-03-20
2023-03-22,822.25,826.75714,837.1387,827.3006,837.1644,836.76245,0.0170951224560445,2.6527316885666363,54.162169874559616,777.9078369140625,862.3499755859375,3,0.010758108421719634,0.0019947380861452912,810.25,2023-03-23,2023-03-21
2023-03-23,810.25,837.1387,827.3006,837.1644,836.76245,836.2086,0.0169503497943204,1.888205054212543,49.29236349538124,777.9078369140625,862.3499755859375,4,0.012365729819804586,0.05497216038767177,806.7999877929688,2023-03-24,2023-03-22
2023-03-24,806.7999877929688,827.3006,837.1644,836.76245,836.2086,834.10077,0.016365860373055,1.0826597491782948,51.43519956531417,777.9078369140625,862.3499755859375,5,0.018869600463035117,0.06704412747205492,811.989990234375,2023-03-27,2023-03-23
2023-03-27,811.989990234375,802.03284,798.295,793.7366,797.9503,787.841,0.0158518343517814,0.8425507016618814,54.44097874714973,777.9078369140625,862.3499755859375,1,-0.010791223100072961,0.048038829786683154,805.72998046875,2023-03-28,2023-03-24
2023-03-28,805.72998046875,798.295,793.7366,797.9503,787.841,799.6289,0.015418061741291,0.2367996858528867,50.84865664446727,777.9078369140625,862.3499755859375,2,0.0007311193639447331,0.0324486747873515,797.97998046875,2023-03-29,2023-03-27
2023-03-29,797.97998046875,793.7366,797.9503,787.841,799.6289,800.71344,0.0150890028717375,-0.6620015730674256,48.53482277784869,777.9078369140625,854.9099731445312,3,0.0018256371744921763,0.023267423364606306,791.6199951171875,2023-03-30,2023-03-28
2023-03-30,791.6199951171875,797.9503,787.841,799.6289,800.71344,798.17413,0.0147029562555084,-1.607148076822532,48.60070494348026,777.9078369140625,851.5,4,0.000729253137918563,0.011429206999362302,788.8200073242188,2023-03-31,2023-03-29
2023-03-31,788.8200073242188,787.841,799.6289,800.71344,798.17413,795.9491,0.0141993516302306,-2.300942997730152,53.20934579600707,777.9078369140625,840.8800048828125,5,-0.005971596378464641,-0.013386404183101578,794.3900146484375,2023-04-03,2023-03-30
2023-04-03,794.3900146484375,788.84045,801.1375,804.8641,797.82416,785.6293,0.0138050496893263,-2.261427890733789,46.3662934609124,777.9078369140625,835.1300048828125,1,0.003416706066053802,0.0007313866968537584,810.22998046875,2023-04-04,2023-03-31
2023-04-04,810.22998046875,801.1375,804.8641,797.82416,785.6293,795.3498,0.0143205690581708,-1.1038007016995868,52.92901526569603,777.9078369140625,833.1400146484375,2,-0.011024021312221891,-0.010963479465040846,807.22998046875,2023-04-05,2023-04-03
2023-04-05,807.22998046875,804.8641,797.82416,785.6293,795.3498,806.4749,0.0138359859636735,-0.5058540711940649,44.7674274330512,777.9078369140625,833.1400146484375,3,-0.01889903608714559,-0.03124999637617685,811.3699951171875,2023-04-06,2023-04-04
2023-04-06,811.3699951171875,797.82416,785.6293,795.3498,806.4749,804.82874,0.0133964637279052,0.1667622758479754,44.501157223282505,777.9078369140625,833.1400146484375,4,0.003633381905590772,-0.02843253246316824,819.4000244140625,2023-04-07,2023-04-05
2023-04-07,819.4000244140625,785.6293,795.3498,806.4749,804.82874,803.45264,0.0131704572350857,1.098792056385164,58.164562570723525,777.9078369140625,833.1400146484375,5,0.006979120201193603,-0.015768208523734242,818.2000122070312,2023-04-10,2023-04-06
2023-04-10,818.2000122070312,818.1275,819.449,817.2819,818.75134,817.67505,0.0126954571823215,1.553014555083075,45.65473324085588,777.9078369140625,833.1400146484375,1,0.0,-0.01912530089128879,818.8699951171875,2023-04-11,2023-04-07
2023-04-11,818.8699951171875,819.449,817.2819,818.75134,817.67505,817.217,0.012230489776602,1.7997446976565423,47.945535812332864,777.9078369140625,833.1400146484375,2,-0.009859673722404379,-0.017982556652820742,808.9500122070312,2023-04-12,2023-04-10
2023-04-12,808.9500122070312,817.2819,818.75134,817.67505,817.217,808.4789,0.012253884510543,1.2235597886519425,49.18933155916749,777.9078369140625,833.1400146484375,3,0.009486993831041722,0.010292428601610957,801.5399780273438,2023-04-13,2023-04-11
2023-04-13,801.5399780273438,818.75134,817.67505,817.217,808.4789,805.438,0.0120772917733217,0.31918255688412,46.87425193137717,777.9078369140625,833.1400146484375,4,0.014798628628832805,0.021635800762927544,793.7000122070312,2023-04-14,2023-04-12
2023-04-14,793.7000122070312,817.67505,817.217,808.4789,805.438,806.9314,0.0119490833453312,-0.7716550302652726,39.46308177334636,777.9078369140625,833.1400146484375,5,0.009624302089538152,0.024341790619454812,796.6500244140625,2023-04-17,2023-04-13
2023-04-17,796.6500244140625,793.82153,793.09393,797.3609,794.74915,794.41626,0.011550220953764,-1.2318288987356087,44.5615966824007,777.9078369140625,833.1400146484375,1,-0.004008994226112893,0.02024343093453213,800.22998046875,2023-04-18,2023-04-14
2023-04-18,800.22998046875,793.09393,797.3609,794.74915,794.41626,801.9175,0.0111869071260157,-1.2295827598106783,51.41848556349248,777.9078369140625,833.1400146484375,2,-0.010154878050209506,0.01994229510879201,794.3800048828125,2023-04-19,2023-04-17
2023-04-19,794.3800048828125,797.3609,794.74915,794.41626,801.9175,801.5115,0.0109685260655332,-1.5366122045649684,51.75127685975379,777.9078369140625,833.1400146484375,3,0.005762989613076451,0.016151089314345217,794.1400146484375,2023-04-20,2023-04-18
2023-04-20,794.1400146484375,794.74915,794.41626,801.9175,801.5115,798.937,0.0105632400765803,-1.6598761934427393,53.48899020506518,777.9078369140625,833.1400146484375,4,-0.004288415260551209,-0.003060303529715846,792.22998046875,2023-04-21,2023-04-19
2023-04-21,792.22998046875,794.41626,801.9175,801.5115,798.937,801.0074,0.0101951815623108,-1.7642929621838317,48.5119623260312,777.9078369140625,833.1400146484375,5,-0.012355035239129451,-0.024733325586464024,802.2000122070312,2023-04-24,2023-04-20
2023-04-24,802.2000122070312,798.54175,795.50696,789.7284,788.63043,797.3633,0.010390479893578,-1.0892437254914404,43.9814378527636,777.9078369140625,833.1400146484375,1,-0.010497426478094585,-0.03104079241685562,813.7999877929688,2023-04-25,2023-04-21
2023-04-25,813.7999877929688,795.50696,789.7284,788.63043,797.3633,795.5846,0.0107396968672827,0.1454743214805509,54.361975525963246,777.9078369140625,833.1400146484375,2,-0.006807022403893281,-0.027791420683896603,812.0499877929688,2023-04-26,2023-04-24
2023-04-26,812.0499877929688,789.7284,788.63043,797.3633,795.5846,798.40857,0.0103643711648635,0.8139601565294943,50.46625948652447,777.9078369140625,833.1400146484375,3,-0.027441165924599584,-0.059542730708092136,804.5999755859375,2023-04-27,2023-04-25
2023-04-27,804.5999755859375,788.63043,797.3633,795.5846,798.40857,798.66766,0.0103105281250757,0.7268828361633874,39.77048947957253,777.9078369140625,833.1400146484375,4,0.0010394877687441904,-0.05451869366760972,802.8599853515625,2023-04-28,2023-04-26
2023-04-28,802.8599853515625,797.3633,795.5846,798.40857,798.66766,793.2258,0.0099516592744944,0.5335414543213604,39.47582418042569,777.9078369140625,833.1400146484375,5,0.003759195881210624,-0.0391595715104606,806.5,2023-05-01,2023-04-27
2023-05-01,806.5,816.656,807.5203,815.4484,809.4833,822.307,0.0096591016789656,0.62585438619097,41.84574878130819,779.7490844726562,833.1400146484375,1,0.0014221580602516819,-0.027638224368655026,806.1199951171875,2023-05-02,2023-04-28
2023-05-02,806.1199951171875,807.5203,815.4484,809.4833,822.307,822.29645,0.0093033449210755,0.634396007693764,47.86607058208451,779.7490844726562,833.1400146484375,2,0.01207159133459514,-0.00910701055555569,808.719970703125,2023-05-03,2023-05-01
2023-05-03,808.719970703125,815.4484,809.4833,822.307,822.29645,809.19867,0.0089975629043492,0.778713103776111,55.83739821261097,779.7490844726562,833.1400146484375,3,-0.017772523114037694,0.0005200451073577131,803.9500122070312,2023-05-04,2023-05-02
2023-05-04,803.9500122070312,809.4833,822.307,822.29645,809.19867,813.5749,0.0088263284576721,0.5284594759811612,58.77118945050537,779.7490844726562,833.1400146484375,4,-0.004297160324024852,-0.004805156281834185,798.1300048828125,2023-05-05,2023-05-03
2023-05-05,798.1300048828125,822.307,822.29645,809.19867,813.5749,816.04663,0.0087461441226259,-0.0242008578887554,51.207163325494015,779.7490844726562,833.1400146484375,5,0.004816738162005003,-0.0037521389499391854,793.3099975585938,2023-05-08,2023-05-04
2023-05-08,793.3099975585938,799.05115,795.2099,802.3544,807.84393,805.7229,0.0085974847821057,-0.6735596661377466,44.46755249327823,779.7490844726562,833.1400146484375,1,0.005568909257022228,0.00038763042482372424,795.989990234375,2023-05-09,2023-05-05
2023-05-09,795.989990234375,795.2099,802.3544,807.84393,805.7229,808.2167,0.0083260906792591,-0.8693190856649364,51.35589142999307,779.7490844726562,833.1400146484375,2,0.011939282355043677,0.00025527891412603583,790.1900024414062,2023-05-10,2023-05-08
2023-05-10,790.1900024414062,802.3544,807.84393,805.7229,808.2167,806.71765,0.0082839468619642,-1.3097003524667876,46.95825300123236,779.7490844726562,833.1400146484375,3,-0.007429275661692721,0.010654856768553432,788.1199951171875,2023-05-11,2023-05-09
2023-05-11,788.1199951171875,807.84393,805.7229,808.2167,806.71765,804.1614,0.00801423963914,-1.6392966286967263,46.84284259504104,779.7490844726562,833.1400146484375,4,-0.015809547951148546,-0.0009134763649813484,794.5,2023-05-12,2023-05-10
2023-05-12,794.5,805.7229,808.2167,806.71765,804.1614,802.8046,0.0080271525712494,-1.3391807107701763,43.73982126109675,779.7490844726562,833.1400146484375,5,-0.03468557850457871,-0.03961036829788316,785.25,2023-05-15,2023-05-11
2023-05-15,785.25,800.7238,794.346,783.5088,791.387,795.55884,0.0084098542982524,-1.654524094786129,25.866436628133144,779.7490844726562,833.1400146484375,1,0.005125463963486874,-0.040036154146678875,784.0900268554688,2023-05-16,2023-05-12
2023-05-16,784.0900268554688,794.346,783.5088,791.387,795.55884,796.3801,0.0081146043342503,-1.8190370153354047,26.127056655611668,779.7490844726562,833.1400146484375,2,0.005634548971556217,-0.04606943116600621,798.6300048828125,2023-05-17,2023-05-15
2023-05-17,798.6300048828125,783.5088,791.387,795.55884,796.3801,795.94305,0.0092994183572325,-0.874308125163572,45.45317625008367,779.7490844726562,833.1400146484375,3,-0.02245763893263928,-0.06029826048232537,792.7100219726562,2023-05-18,2023-05-16
2023-05-18,792.7100219726562,791.387,795.55884,796.3801,795.94305,791.8009,0.0092018107789478,-0.5875663908902471,42.73236528848616,779.7490844726562,833.1400146484375,4,0.02392815004955149,-0.022204816254516438,795.6400146484375,2023-05-19,2023-05-17
2023-05-19,795.6400146484375,795.55884,796.3801,795.94305,791.8009,794.18176,0.0089205330643904,-0.162145784738426,42.144093389612,779.7490844726562,833.1400146484375,5,-0.01656717064687948,-0.004327256921215604,798.1900024414062,2023-05-22,2023-05-18
2023-05-22,798.1900024414062,794.7144,796.1287,796.71704,797.11066,795.0911,0.0086377250759293,0.3040133396837419,44.43820402683874,779.7490844726562,833.1400146484375,1,0.011075242204644457,0.0016144334429831172,797.3800048828125,2023-05-23,2023-05-19
2023-05-23,797.3800048828125,796.1287,796.71704,797.11066,795.0911,795.0629,0.0083317234016569,0.5561504230329151,41.84173687917477,779.7490844726562,826.9600219726562,2,-0.013114515091443305,-0.016989947379504006,800.5,2023-05-24,2023-05-22
2023-05-24,800.5,796.71704,797.11066,795.0911,795.0629,793.47095,0.0080964503635252,0.9104605668646264,47.45761492120293,779.7490844726562,825.5800170898438,3,-0.00888530991358293,-0.0035572612989332613,806.8300170898438,2023-05-25,2023-05-23
2023-05-25,806.8300170898438,797.11066,795.0911,795.0629,793.47095,794.15753,0.0080886529150207,1.513018261675414,56.36338636564528,779.7490844726562,825.5800170898438,4,-0.024462668056277986,-0.05062786318863031,808.0999755859375,2023-05-26,2023-05-24
2023-05-26,808.0999755859375,795.0911,795.0629,793.47095,794.15753,795.9657,0.007806625833926,1.913216049140227,61.41028116156313,779.7490844726562,825.5800170898438,5,0.0075694084632956645,-0.027434489127555722,798.0499877929688,2023-05-29,2023-05-25
2023-05-29,798.0499877929688,810.8126,811.18756,811.87256,809.17706,806.6458,0.008300136456131,1.438826404639686,51.426988952261766,779.7490844726562,825.5800170898438,1,0.02564247865789359,-0.01316320313384186,800.6500244140625,2023-05-30,2023-05-26
2023-05-30,800.6500244140625,811.18756,811.87256,809.17706,806.6458,807.47986,0.0080465389177723,1.2451462193351988,57.58193258164501,779.7490844726562,825.5800170898438,2,0.0,-0.000136081588732107,804.3499755859375,2023-05-31,2023-05-29
2023-05-31,804.3499755859375,811.87256,809.17706,806.6458,807.47986,810.42737,0.0078535607872553,1.3049183570926302,61.49271483794232,779.7490844726562,825.5800170898438,3,-0.0042283548101820076,0.0045310987786865466,809.6300048828125,2023-06-01,2023-05-30
2023-06-01,809.6300048828125,809.17706,806.6458,807.47986,810.42737,807.5012,0.007773119415969,1.6182788682209877,60.88334723624709,779.7490844726562,825.5800170898438,4,-0.007408443894296499,0.021809513515384894,801.0,2023-06-02,2023-05-31
2023-06-02,801.0,806.6458,807.47986,810.42737,807.5012,809.4169,0.0080729374950216,1.182762513301649,61.43128506270976,779.7490844726562,825.5800170898438,5,0.02057994553461066,0.035190663287100125,798.4400024414062,2023-06-05,2023-06-01
2023-06-05,798.4400024414062,798.8103,798.47125,794.96063,795.8269,789.925,0.0078388461160566,0.6853730656526597,60.20770559988886,784.0900268554688,825.5800170898438,1,0.0043074591099826285,0.013338784260622932,797.0999755859375,2023-06-06,2023-06-02
2023-06-06,797.0999755859375,798.47125,794.96063,795.8269,789.925,790.0853,0.0075758666225005,0.2515703152507436,48.659984048956446,784.0900268554688,825.5800170898438,2,0.010688134115109844,0.024227571844242925,795.739990234375,2023-06-07,2023-06-05
2023-06-07,795.739990234375,794.96063,795.8269,789.925,790.0853,793.9991,0.0073240647621387,-0.1214839524245933,52.88403778070322,784.0900268554688,825.5800170898438,3,0.0011952753285475503,0.029797694861238944,791.1300048828125,2023-06-08,2023-06-06
2023-06-08,791.1300048828125,795.8269,789.925,790.0853,793.9991,792.6688,0.0072538467105625,-0.6440366477723923,45.840238871575,784.0900268554688,825.5800170898438,4,-0.0033238208879205174,0.03401263257313856,788.3800048828125,2023-06-09,2023-06-07
2023-06-09,788.3800048828125,789.925,790.0853,793.9991,792.6688,794.28033,0.0070682926011367,-1.1127311758844345,40.98511082468734,784.0900268554688,825.5800170898438,5,0.011124483941375437,0.02428164383448844,787.7999877929688,2023-06-12,2023-06-08
2023-06-12,787.7999877929688,785.13306,784.4431,783.59595,783.9831,781.4359,0.0068221530938476,-1.3820793272519385,41.15908233213359,784.0900268554688,825.5800170898438,1,-0.00197744003290699,0.017864324235938003,788.2000122070312,2023-06-13,2023-06-09
2023-06-13,788.2000122070312,784.4431,783.59595,783.9831,781.4359,783.13776,0.0065814361462631,-1.446667358909481,38.048987037447766,784.0900268554688,822.25,2,-0.010212986332559824,-0.0031893910355502535,803.2100219726562,2023-06-14,2023-06-12
2023-06-14,803.2100219726562,783.59595,783.9831,781.4359,783.13776,781.0211,0.0081812976771996,-0.4438575219606502,46.990360628984696,784.0900268554688,819.4000244140625,3,0.020583935275454008,0.01632600826471336,800.5800170898438,2023-06-15,2023-06-13
2023-06-15,800.5800170898438,783.9831,781.4359,783.13776,781.0211,780.1978,0.0079471557947774,0.0506747878831803,43.886218672372536,784.0900268554688,819.4000244140625,4,0.009747274464701498,0.029697703396231304,793.0399780273438,2023-06-16,2023-06-14
2023-06-16,793.0399780273438,781.4359,783.13776,781.0211,780.1978,778.75073,0.0081065253700649,-0.1127580188528449,45.75351735240984,784.0900268554688,819.4000244140625,5,0.007858378187557228,0.026340087950802935,779.3716430664062,2023-06-19,2023-06-15
2023-06-19,779.3716430664062,790.65594,793.0294,793.7714,793.4878,790.44696,0.0091765349009035,-1.0708597250577905,34.81382809580106,779.3716430664062,819.4000244140625,1,-0.003084460410103486,0.0252045372143775,794.0800170898438,2023-06-20,2023-06-16
2023-06-20,794.0800170898438,793.0294,793.7714,793.4878,790.44696,792.71643,0.0102029923079785,-0.663443247384967,43.66574587091242,779.3716430664062,819.4000244140625,2,0.0,0.035728586651725215,801.9299926757812,2023-06-21,2023-06-19
2023-06-21,801.9299926757812,793.7714,793.4878,790.44696,792.71643,793.2819,0.0101801616843691,0.1423212840251906,45.39675473708408,779.3716430664062,819.4000244140625,3,-0.0015458052679607943,0.01305993258268679,802.0399780273438,2023-06-22,2023-06-20
2023-06-22,802.0399780273438,793.4878,790.44696,792.71643,793.2819,796.8961,0.0098056277936323,0.6612506763102521,50.69224100176077,779.3716430664062,819.4000244140625,4,0.008344622172603903,0.01163995784443688,804.1900024414062,2023-06-23,2023-06-21
2023-06-23,804.1900024414062,790.44696,792.71643,793.2819,796.8961,794.4691,0.0094726190509265,1.1018776270948305,53.84837858947251,779.3716430664062,819.4000244140625,5,-0.005769626410965113,-0.0020531592954239016,805.75,2023-06-26,2023-06-22
2023-06-26,805.75,803.28534,803.4056,804.2858,803.2691,804.0587,0.0091419335443103,1.430162194150939,55.77231997393288,779.3716430664062,819.4000244140625,1,-0.021444705405699288,-0.02020852925352061,805.1799926757812,2023-06-27,2023-06-23
2023-06-27,805.1799926757812,803.4056,804.2858,803.2691,804.0587,803.40405,0.0088158179192046,1.531631947576239,56.3666121382415,779.3716430664062,819.4000244140625,2,-0.005136663843470601,-0.025228484725805553,797.1900024414062,2023-06-28,2023-06-26
2023-06-28,797.1900024414062,804.2858,803.2691,804.0587,803.40405,803.4927,0.0089412733640053,1.008602483886644,53.908829284232326,779.3716430664062,819.4000244140625,3,-0.0013213204804728195,-0.025009638786476784,799.97998046875,2023-06-29,2023-06-27
2023-06-29,799.97998046875,803.2691,804.0587,803.40405,803.4927,802.866,0.008667953292918,0.8072206596328182,57.47837788917832,779.3716430664062,819.4000244140625,4,-0.016262717242044696,-0.04870877533380267,802.8499755859375,2023-06-30,2023-06-28
2023-06-30,802.8499755859375,804.0587,803.40405,803.4927,802.866,800.53217,0.0084098896701851,0.8212647969942164,59.424296882226,779.3716430664062,818.8699951171875,5,-0.011624889717818434,-0.05426256063088443,801.22998046875,2023-07-03,2023-06-29
2023-07-03,801.22998046875,799.2578,796.5226,798.5152,798.4909,795.09875,0.0081325514327613,0.6811850207952281,58.03657138210672,779.3716430664062,818.8699951171875,1,0.017119762454237415,-0.017078312485071433,798.7999877929688,2023-07-04,2023-06-30
2023-07-04,798.7999877929688,796.5226,798.5152,798.4909,795.09875,797.4744,0.0078930443590669,0.3986018644527136,46.78037155797328,779.3716430664062,813.7999877929688,2,0.010106497435022531,-0.0019807033640914067,798.8300170898438,2023-07-05,2023-07-03
2023-07-05,798.8300170898438,798.5152,798.4909,795.09875,797.4744,791.5338,0.0076139827394995,0.197598187144705,48.6719630046837,779.3716430664062,813.7999877929688,3,0.0,-0.0006611284288313783,796.8900146484375,2023-07-06,2023-07-04
2023-07-06,796.8900146484375,798.4909,795.09875,797.4744,791.5338,792.9674,0.0073801178289164,-0.0679092976766251,53.19310707202423,779.3716430664062,813.7999877929688,4,-0.006770702010279596,0.008869773535351826,803.7999877929688,2023-07-07,2023-07-05
2023-07-07,803.7999877929688,795.09875,797.4744,791.5338,792.9674,799.7142,0.0074896999798764,0.2050113674475679,72.81814989144911,779.3716430664062,813.7999877929688,5,-0.008965057989726697,0.011556769262616557,807.3200073242188,2023-07-10,2023-07-06
2023-07-10,807.3200073242188,800.7728,807.5264,804.1495,805.5495,800.3991,0.0073173478157418,0.5842952311993824,65.63533410792593,779.3716430664062,813.7999877929688,1,0.012555242100977429,0.006950019600544154,812.3900146484375,2023-07-11,2023-07-07
2023-07-11,812.3900146484375,807.5264,804.1495,805.5495,800.3991,795.47906,0.0072553340791651,1.1079476732492637,63.22045325857708,779.3716430664062,813.7999877929688,2,0.0011939115667481735,-0.001984634335997325,815.4600219726562,2023-07-12,2023-07-10
2023-07-12,815.4600219726562,804.1495,805.5495,800.3991,795.47906,798.86066,0.0070702704395956,1.5644762524877875,65.78085345827449,779.3716430664062,815.4600219726562,3,-0.004784095677998842,-0.0067478324508565305,811.0599975585938,2023-07-13,2023-07-11
2023-07-13,811.0599975585938,805.5495,800.3991,795.47906,798.86066,799.27423,0.0069938781297595,1.474715180398921,57.67253978121694,779.3716430664062,815.4600219726562,4,0.023304332366448292,0.023578000066059764,809.4600219726562,2023-07-14,2023-07-12
2023-07-14,809.4600219726562,800.3991,795.47906,798.86066,799.27423,794.2937,0.0067757297978411,1.222587162555115,54.13972570273521,779.3716430664062,815.4600219726562,5,0.0225191512031186,0.056317223864340855,814.0,2023-07-17,2023-07-13
2023-07-17,814.0,811.5947,813.75916,815.1806,811.2791,805.54987,0.006707904219746,1.2709586281008454,59.0406037954933,779.3716430664062,815.4600219726562,1,-0.0019105072686509909,0.041146794010585866,817.97998046875,2023-07-18,2023-07-14
2023-07-18,817.97998046875,813.75916,815.1806,811.2791,805.54987,809.17,0.00660301916102,1.4665071283037738,73.21867020399148,779.3716430664062,817.97998046875,2,-0.02321484567832466,0.01604133760183599,815.3499755859375,2023-07-19,2023-07-17
2023-07-19,815.3499755859375,815.1806,811.2791,805.54987,809.17,809.50397,0.0064428337179085,1.3188760776326598,67.22707931426069,779.3716430664062,817.97998046875,3,-0.004184115000889452,0.016651125683782075,806.2000122070312,2023-07-20,2023-07-18
2023-07-20,806.2000122070312,811.2791,805.54987,809.17,809.50397,808.3824,0.006975159672351,0.5447912918203377,53.29145183207581,779.3716430664062,817.97998046875,4,-0.004333273471702537,-0.011061951845156256,816.5,2023-07-21,2023-07-19
2023-07-21,816.5,805.54987,809.17,809.50397,808.3824,804.6652,0.0075570032691453,0.6586450004365862,62.816882070996336,779.3716430664062,817.97998046875,5,0.004726311972921368,-0.028502350329623765,819.1400146484375,2023-07-24,2023-07-20
2023-07-24,819.1400146484375,810.8692,809.5278,808.53796,808.69543,808.9952,0.0073391891973824,0.8327301794172346,67.01241021609397,779.3716430664062,819.1400146484375,1,-0.0038055661640326076,-0.030341652249292708,828.0599975585938,2023-07-25,2023-07-21
2023-07-25,828.0599975585938,809.5278,808.53796,808.69543,808.9952,807.94836,0.0076593888644403,1.4343163871896605,71.28295742199721,779.3716430664062,828.0599975585938,2,0.009812374827090159,0.0022181887119131455,828.27001953125,2023-07-26,2023-07-24
2023-07-26,828.27001953125,808.53796,808.69543,808.9952,807.94836,808.7387,0.0073897663890129,1.7131973584987057,73.4389246715733,779.3716430664062,828.27001953125,3,0.015886632740097148,0.022536678724215796,824.239990234375,2023-07-27,2023-07-25
2023-07-27,824.239990234375,808.69543,808.9952,807.94836,808.7387,808.4972,0.0072646596181123,1.50069864827425,65.95379583234482,779.3716430664062,828.27001953125,4,-0.002951527767644946,0.023950540961372488,827.3900146484375,2023-07-28,2023-07-26
2023-07-28,827.3900146484375,808.9952,807.94836,808.7387,808.4972,808.1126,0.00708149419383,1.4461460649361566,65.75601079830608,779.3716430664062,828.27001953125,5,-0.006964162724217499,0.012049771430441484,827.7899780273438,2023-07-31,2023-07-27
2023-07-31,827.7899780273438,822.86053,824.97,822.8495,820.58435,820.7201,0.006836124773054,1.3146522605410134,63.04640309085061,779.3716430664062,828.27001953125,1,0.013752529805071608,0.029976356249394237,840.22998046875,2023-08-01,2023-07-28
2023-08-01,840.22998046875,824.97,822.8495,820.58435,820.7201,818.7333,0.0077343692894872,1.9071971187096803,68.10935465474819,779.3716430664062,840.22998046875,2,0.019592326557728506,0.04009889357765986,841.1300048828125,2023-08-02,2023-07-31
2023-08-02,841.1300048828125,822.8495,820.58435,820.7201,818.7333,815.325,0.0074659583976922,2.181691876782171,73.1700021727741,779.3716430664062,841.1300048828125,3,-0.02560987630344337,-0.002178334410962627,844.3900146484375,2023-08-03,2023-08-01
2023-08-03,844.3900146484375,820.58435,820.7201,818.7333,815.325,814.95374,0.0072747458620269,2.3880857596520872,76.2434253064369,779.3716430664062,844.3900146484375,4,-0.01709664310155804,-0.01619328175002482,850.8499755859375,2023-08-04,2023-08-02
2023-08-04,850.8499755859375,820.7201,818.7333,815.325,814.95374,814.8539,0.0073094237031995,2.739746302501773,76.90958912901627,779.3716430664062,850.8499755859375,5,0.012591799371307437,0.003235358841086416,848.5499877929688,2023-08-07,2023-08-03
2023-08-07,848.5499877929688,852.33734,855.60486,853.356,851.22797,851.1161,0.0070993172599503,2.5987386476382213,72.8851754612821,779.3716430664062,850.8499755859375,1,-0.008030064930524057,-0.01838142090532226,858.5999755859375,2023-08-08,2023-08-04
2023-08-08,858.5999755859375,855.60486,853.356,851.22797,851.1161,849.76196,0.0075492626135399,2.938551504339994,79.14029292942585,779.3716430664062,858.5999755859375,2,-0.008357339027301281,-0.045437466914907694,859.9600219726562,2023-08-09,2023-08-07
2023-08-09,859.9600219726562,853.356,851.22797,851.1161,849.76196,851.8085,0.0072946593483534,3.0006504786418056,90.4697186062454,779.3716430664062,859.9600219726562,3,-0.01719393193101052,-0.037370021768439385,861.3699951171875,2023-08-10,2023-08-08
2023-08-10,861.3699951171875,851.22797,851.1161,849.76196,851.8085,849.45874,0.0070518347074218,2.881775560456141,88.99702091723498,779.3716430664062,861.3699951171875,4,0.005189291827776515,-0.015676075650851443,845.9500122070312,2023-08-11,2023-08-09
2023-08-11,845.9500122070312,851.1161,849.76196,851.8085,849.45874,849.5645,0.0084407942180948,1.575084705159389,69.06556570155709,779.3716430664062,861.3699951171875,5,-0.004389179490860506,-0.032249742605117926,859.5,2023-08-14,2023-08-10
2023-08-14,859.5,840.5129,839.5676,835.3876,842.14136,845.0562,0.0092075789756703,1.4375986406288614,70.97678237066273,779.3716430664062,861.3699951171875,1,-0.009778385518049592,-0.03394020214050885,859.5499877929688,2023-08-15,2023-08-11
2023-08-15,859.5499877929688,839.5676,835.3876,842.14136,845.0562,848.04456,0.0088731292484216,1.1753396947404546,70.91467072588445,779.3716430664062,861.3699951171875,2,0.0026885324997722154,-0.023210077033650276,862.5499877929688,2023-08-16,2023-08-14
2023-08-16,862.5499877929688,835.3876,842.14136,845.0562,848.04456,845.9276,0.0086010805218053,1.034207621750518,75.9729011957935,779.3716430664062,862.5499877929688,3,-0.017059705490878745,-0.02307895719985653,869.8300170898438,2023-08-17,2023-08-15
2023-08-17,869.8300170898438,842.14136,845.0562,848.04456,845.9276,844.98413,0.0085923923239356,1.2471782049805429,77.24706795142576,779.3716430664062,869.8300170898438,4,-0.0027348548463458165,-0.0307896322247001,864.489990234375,2023-08-18,2023-08-16
2023-08-18,864.489990234375,845.0562,848.04456,845.9276,844.98413,841.27313,0.0084654137153946,0.8627041308332295,72.1564893512749,779.3716430664062,869.8300170898438,5,0.009268137866743572,-0.01746201606144195,870.510009765625,2023-08-21,2023-08-17
2023-08-21,870.510009765625,861.20404,857.17694,854.30145,852.43536,852.58234,0.0083695694186885,0.8469234301874327,69.81676676748648,779.3716430664062,870.510009765625,1,0.003656304592353999,-0.00417285472378181,869.030029296875,2023-08-22,2023-08-18
2023-08-22,869.030029296875,857.17694,854.30145,852.43536,852.58234,858.3351,0.0080888928778344,0.5824970552344109,68.12161047857664,779.3716430664062,870.510009765625,2,0.0035083052685989068,-0.003356168044612107,869.0499877929688,2023-08-23,2023-08-21
2023-08-23,869.0499877929688,854.30145,852.43536,852.58234,858.3351,856.69653,0.0078036213518022,0.2704810282010932,66.72090915486837,779.3716430664062,870.510009765625,3,0.010318368615644781,0.02430697451997884,868.5999755859375,2023-08-24,2023-08-22
2023-08-24,868.5999755859375,852.43536,852.58234,858.3351,856.69653,857.7663,0.0075324959450763,-0.0856157883843238,63.10350296659962,779.3716430664062,870.510009765625,4,0.014032524141701211,0.04162671531280616,849.7100219726562,2023-08-25,2023-08-23
2023-08-25,849.7100219726562,852.58234,858.3351,856.69653,857.7663,852.28735,0.0094568659643931,-1.6272732521081892,50.68787649348751,779.3716430664062,870.510009765625,5,-0.009510047638679794,0.02224936080465751,844.97998046875,2023-08-28,2023-08-24
2023-08-28,844.97998046875,857.28986,857.7445,866.1884,860.2355,859.3298,0.0092502455041788,-2.923839534026552,41.37974992583069,779.3716430664062,870.510009765625,1,-0.001992676402528614,0.016490973416875446,849.4500122070312,2023-08-29,2023-08-25
2023-08-29,849.4500122070312,857.7445,866.1884,860.2355,859.3298,860.89624,0.0090256013063042,-3.4050280614242947,43.60004162671245,779.3716430664062,870.510009765625,2,-0.0015970304193956549,0.011314670399150616,855.9500122070312,2023-08-30,2023-08-28
2023-08-30,855.9500122070312,866.1884,860.2355,859.3298,860.89624,859.8866,0.0089363153231023,-3.2126203312429134,46.8922120691405,779.3716430664062,870.510009765625,3,0.010335333734980575,0.011331827618756833,851.8099975585938,2023-08-31,2023-08-29
2023-08-31,851.8099975585938,860.2355,859.3298,860.89624,859.8866,857.7152,0.0087259756821019,-3.279800513961648,53.85931372470202,779.3716430664062,870.510009765625,4,-0.002111348615072487,-0.004863902072552222,851.75,2023-09-01,2023-08-30
2023-09-01,851.75,859.3298,860.89624,859.8866,857.7152,854.74005,0.0084165088914877,-3.238311187427577,43.793053554075165,779.3716430664062,870.510009765625,5,-0.0033079877942261316,0.0013271704159714907,853.3499755859375,2023-09-04,2023-08-31
2023-09-04,853.3499755859375,850.5124,852.2416,850.0821,848.7695,851.38904,0.0081327354451968,-3.017568482503867,45.15472945836342,779.3716430664062,870.510009765625,1,0.010547220161808302,0.013962768529229388,857.3099975585938,2023-09-05,2023-09-01
2023-09-05,857.3099975585938,852.2416,850.0821,848.7695,851.38904,852.5863,0.0079401082343093,-2.5385546342078715,45.96551808402053,779.3716430664062,870.510009765625,2,0.0,0.0155833916624755,873.6199951171875,2023-09-06,2023-09-04
2023-09-06,873.6199951171875,850.0821,848.7695,851.38904,852.5863,850.0458,0.0091911106988618,-1.128839664642296,52.5618334467892,779.3716430664062,873.6199951171875,3,-0.0003934915141578225,0.0047456171807207185,872.1300048828125,2023-09-07,2023-09-05
2023-09-07,872.1300048828125,848.7695,851.38904,852.5863,850.0458,849.51764,0.0088778100964683,-0.3430596340839402,55.44781458959687,779.3716430664062,873.6199951171875,4,-0.0165358614550924,-0.009643322664233506,882.780029296875,2023-09-08,2023-09-06
2023-09-08,882.780029296875,851.38904,852.5863,850.0458,849.51764,846.5464,0.0091589025306804,0.7859874525668618,58.20737092391305,779.3716430664062,882.780029296875,5,-0.006020497844491621,-0.0123260350178588,895.6400146484375,2023-09-11,2023-09-07
2023-09-11,895.6400146484375,880.2372,878.8385,872.54144,871.17285,867.1198,0.0096494941731945,2.2102442856105347,65.44756986126248,794.0800170898438,895.6400146484375,1,-0.01228667031147108,-0.034622942815061473,886.239990234375,2023-09-12,2023-09-08
2023-09-12,886.239990234375,878.8385,872.54144,871.17285,867.1198,867.3862,0.0097526718975126,2.3192515582551945,58.99905229745974,796.8900146484375,895.6400146484375,2,0.0240263755923222,-0.011147545986488218,892.1099853515625,2023-09-13,2023-09-11
2023-09-13,892.1099853515625,872.54144,871.17285,867.1198,867.3862,868.57544,0.0095621165283622,2.567382475198933,61.64668446177458,796.8900146484375,895.6400146484375,3,-0.004785940347257476,-0.015481504480623815,881.3099975585938,2023-09-14,2023-09-12
2023-09-14,881.3099975585938,871.17285,867.1198,867.3862,868.57544,873.20685,0.0098159577298231,1.8200150152375905,67.01849723751096,796.8900146484375,895.6400146484375,4,0.0010655164645383217,0.0020007824530545656,888.739990234375,2023-09-15,2023-09-13
2023-09-15,888.739990234375,867.1198,867.3862,868.57544,873.20685,869.8534,0.0097228064846407,1.647113278444353,72.90139830118672,796.8900146484375,895.6400146484375,5,0.007030601726295184,0.01516370289001577,884.1400146484375,2023-09-18,2023-09-14
2023-09-18,884.1400146484375,888.3599,885.2499,886.9268,887.97235,881.7055,0.0094870546125396,1.071860747829806,68.13003482711169,796.8900146484375,895.6400146484375,1,-0.005035805340189019,0.022551268577280258,886.1199951171875,2023-09-19,2023-09-15
2023-09-19,886.1199951171875,885.2499,886.9268,887.97235,881.7055,883.2301,0.0091644225442095,0.6920526586664337,66.5496407194049,796.8900146484375,895.6400146484375,2,-0.005862794874404328,-0.0075597029848361984,883.8499755859375,2023-09-20,2023-09-18
2023-09-20,883.8499755859375,886.9268,887.97235,881.7055,883.2301,887.2309,0.0088699208463029,0.1818531274315589,67.94354246039858,796.8900146484375,895.6400146484375,3,-0.007377114694002764,-0.010127959985331293,882.0999755859375,2023-09-21,2023-09-19
2023-09-21,882.0999755859375,887.97235,881.7055,883.2301,887.2309,890.25226,0.0085760240351488,-0.3505557795379506,66.68131546671748,796.8900146484375,895.6400146484375,4,0.008712615559420978,-0.0025292935561095522,889.219970703125,2023-09-22,2023-09-20
2023-09-22,889.219970703125,881.7055,883.2301,887.2309,890.25226,890.08936,0.0085440653787512,-0.302113984299055,68.58741773631596,796.8900146484375,895.6400146484375,5,-0.0215845213732607,-0.030667531045628558,894.3400268554688,2023-09-25,2023-09-21
2023-09-25,894.3400268554688,884.6964,885.8421,887.57056,890.6841,891.2448,0.0083796185707542,-0.0190884744492336,68.96058373721326,796.8900146484375,895.6400146484375,1,-0.00027282213398609857,-0.026039604154837446,902.9000244140624,2023-09-26,2023-09-22
2023-09-26,902.9000244140624,885.8421,887.57056,890.6841,891.2448,888.29663,0.0084733246229575,0.6157054288839845,66.28477271708886,796.8900146484375,902.9000244140624,2,-0.004374588745683959,-0.024589071246342516,903.5999755859376,2023-09-27,2023-09-25
2023-09-27,903.5999755859376,887.57056,890.6841,891.2448,888.29663,886.19965,0.0081763450230382,0.934690885890994,67.65793731138419,796.8900146484375,903.5999755859376,3,-0.006735854335471202,-0.023963378289850734,908.6300048828124,2023-09-28,2023-09-26
2023-09-28,908.6300048828124,890.6841,891.2448,888.29663,886.19965,880.72156,0.0080226709384338,1.3132171027000528,65.48088310549012,803.7999877929688,908.6300048828124,4,0.0005515977620020256,-0.03189641567116119,904.9000244140624,2023-09-29,2023-09-27
2023-09-29,904.9000244140624,891.2448,888.29663,886.19965,880.72156,886.6134,0.007830139566476,1.14718289881122,56.22647363487567,806.2000122070312,908.6300048828124,5,0.018439332917652356,0.0076366772754749256,890.6500244140625,2023-10-02,2023-09-28
2023-10-02,890.6500244140625,902.5623,907.59766,907.0463,902.1666,898.6278,0.0087285015799112,-0.0254451712344483,52.78376237501696,806.2000122070312,908.6300048828124,1,0.008490072133495771,0.01650529155265818,908.0800170898438,2023-10-03,2023-09-29
2023-10-03,908.0800170898438,907.59766,907.0463,902.1666,898.6278,901.4713,0.0099043023478895,0.2542854425056955,58.79698085295949,806.2000122070312,908.6300048828124,2,-0.025551838783158306,-0.004795156656592168,917.0999755859376,2023-10-04,2023-10-02
2023-10-04,917.0999755859376,907.0463,902.1666,898.6278,901.4713,904.6268,0.0099054255625276,0.8923740994397491,70.10900466457394,806.2000122070312,917.0999755859376,3,-0.004553301089427976,-0.002620697021484375,914.8300170898438,2023-10-05,2023-10-03
2023-10-05,914.8300170898438,902.1666,898.6278,901.4713,904.6268,907.41675,0.0095769150808165,0.999094945292665,65.56129042592153,806.2000122070312,917.0999755859376,4,-0.0087506252678274,-0.011855522946193589,913.9000244140624,2023-10-06,2023-10-04
2023-10-06,913.9000244140624,898.6278,901.4713,904.6268,907.41675,909.5498,0.0092405801576243,0.8504066071491341,68.56290069593547,806.2000122070312,917.0999755859376,5,-0.010377369546376294,-0.039924222321116046,923.0,2023-10-09,2023-10-05
2023-10-09,923.0,913.1885,913.60156,912.684,910.12036,905.7439,0.0092940656134548,1.1875781229069684,71.12743130390751,806.2000122070312,923.0,1,0.021614201324313763,-0.02724101782335615,920.5499877929688,2023-10-10,2023-10-06
2023-10-10,920.5499877929688,913.60156,912.684,910.12036,905.7439,909.3826,0.0089971199993914,1.0718021255808576,70.98105088618314,806.2000122070312,923.0,2,0.004953880384421103,0.0028909565836614123,928.7000122070312,2023-10-11,2023-10-09
2023-10-11,928.7000122070312,912.684,910.12036,905.7439,909.3826,907.3167,0.0089881349837146,1.3522232908882383,74.82424578992985,806.2000122070312,928.7000122070312,3,-0.002886785805103314,0.0045636831163507734,925.0399780273438,2023-10-12,2023-10-10
2023-10-12,925.0399780273438,910.12036,905.7439,909.3826,907.3167,906.83325,0.0087429440771927,1.109500681850946,69.81195897949712,816.5,928.7000122070312,4,-0.0049682374726279415,0.008370527473150303,936.1799926757812,2023-10-13,2023-10-11
2023-10-13,936.1799926757812,905.7439,909.3826,907.3167,906.83325,903.1879,0.0090191126623321,1.493581374394772,71.69674326979556,819.1400146484375,936.1799926757812,5,-0.00554939837534599,0.013250682453870887,938.9500122070312,2023-10-16,2023-10-12
2023-10-16,938.9500122070312,925.4524,924.0202,924.7968,927.1214,927.5354,0.008731905217449,1.7128383799885043,69.88856346064094,824.239990234375,938.9500122070312,1,-0.003903037387205174,-0.012277586450168083,946.5800170898438,2023-10-17,2023-10-13
2023-10-17,946.5800170898438,924.0202,924.7968,927.1214,927.5354,926.35333,0.0086918204945896,2.1235422834143662,72.02749209689792,824.239990234375,946.5800170898438,2,0.0019533896712972216,-0.015236796617722292,936.72998046875,2023-10-18,2023-10-16
2023-10-18,936.72998046875,924.7968,927.1214,927.5354,926.35333,924.1133,0.008870903483607,1.5123362215575753,63.72337089556778,824.239990234375,946.5800170898438,3,-0.00321113906573755,-0.015556155978267148,939.7100219726562,2023-10-19,2023-10-17
2023-10-19,939.7100219726562,927.1214,927.5354,926.35333,924.1133,931.15076,0.0085957028256479,1.10799591525274,67.1258363576635,827.3900146484375,946.5800170898438,4,0.0018162787238428498,-0.00885447264074299,941.2100219726562,2023-10-20,2023-10-18
2023-10-20,941.2100219726562,927.5354,926.35333,924.1133,931.15076,930.549,0.0083020812256615,0.757533105921592,78.44282181634378,827.7899780273438,946.5800170898438,5,0.002648646316544683,-0.0006956196856256845,944.1300048828124,2023-10-23,2023-10-19
2023-10-23,944.1300048828124,941.0429,938.66656,944.58966,944.5791,934.7543,0.0080497329006,0.5481049282958761,74.23689698386248,840.22998046875,946.5800170898438,1,-0.013878399770406624,-0.010614488604124455,932.47998046875,2023-10-24,2023-10-20
2023-10-24,932.47998046875,938.66656,944.58966,944.5791,934.7543,938.7006,0.0084902316305033,-0.4930199745764945,59.98700032499178,841.1300048828125,946.5800170898438,2,0.008714011252535694,-0.003902966094710328,925.989990234375,2023-10-25,2023-10-23
2023-10-25,925.989990234375,944.58966,944.5791,934.7543,938.7006,938.9968,0.0084207404281401,-1.6704337655878128,56.87019946479739,844.3900146484375,946.5800170898438,3,0.010302177055933804,0.009648967568538589,923.97998046875,2023-10-26,2023-10-24
2023-10-26,923.97998046875,944.5791,934.7543,938.7006,938.9968,935.846,0.0081510122668165,-2.58183967091105,56.12389740182119,844.97998046875,946.5800170898438,4,-0.010582072795597842,-0.00279173378429189,929.3400268554688,2023-10-27,2023-10-25
2023-10-27,929.3400268554688,934.7543,938.7006,938.9968,935.846,946.18823,0.0080112457528215,-2.802515282620197,54.03513706064108,844.97998046875,946.5800170898438,5,-0.0009803193019683053,-0.0064040099196466665,918.446044921875,2023-10-30,2023-10-26
2023-10-30,918.446044921875,933.4857,937.67584,938.8413,943.955,944.4581,0.0083881708220046,-3.609592963555389,48.79089595973839,844.97998046875,946.5800170898438,1,0.01818863610653167,0.025974027722385735,906.9400024414062,2023-10-31,2023-10-27
2023-10-31,906.9400024414062,937.67584,938.8413,943.955,944.4581,943.39703,0.0088069739124895,-4.772741037025359,37.95929919173876,844.97998046875,946.5800170898438,2,0.004256155347682994,0.02141056253706744,895.530029296875,2023-11-01,2023-10-30
2023-11-01,895.530029296875,938.8413,943.955,944.4581,943.39703,937.2084,0.0091835393897511,-6.081084027450245,34.96081028370004,844.97998046875,946.5800170898438,3,-0.002194459013838501,0.008725790029044262,895.1799926757812,2023-11-02,2023-10-31
2023-11-02,895.1799926757812,943.955,944.4581,943.39703,937.2084,933.546,0.0088591493972971,-6.692167545964242,26.52318450163345,844.97998046875,946.5800170898438,4,0.0009606765995697496,0.020436717155070994,886.6599731445312,2023-11-03,2023-11-01
2023-11-03,886.6599731445312,944.4581,943.39703,937.2084,933.546,936.38196,0.0089460908746525,-7.340324747069999,21.90827760151403,844.97998046875,946.5800170898438,5,0.006017543945370837,0.02760263757690561,869.6134033203125,2023-11-06,2023-11-02
2023-11-06,869.6134033203125,893.3643,892.5213,890.8288,893.0016,882.94666,0.01013805287643,-8.50515597790419,12.450458358817484,844.97998046875,946.5800170898438,1,0.0020431616991153164,0.011144723421003443,881.2999877929688,2023-11-07,2023-11-03
2023-11-07,881.2999877929688,892.5213,890.8288,893.0016,882.94666,881.9754,0.0104092812510372,-8.079698350791269,23.433551774392317,844.97998046875,946.5800170898438,2,0.00948005082811503,0.016440658433805024,885.8200073242188,2023-11-08,2023-11-06
2023-11-08,885.8200073242188,890.8288,893.0016,882.94666,881.9754,889.6039,0.0101223153362479,-7.1187198336424045,24.547352957455388,844.97998046875,946.5800170898438,3,-0.01070543384542201,0.007826467153232814,898.3699951171875,2023-11-09,2023-11-07
2023-11-09,898.3699951171875,893.0016,882.94666,881.9754,889.6039,893.3763,0.0104631299751848,-5.343784461730651,31.678714825892012,844.97998046875,946.5800170898438,4,-0.011510144819098731,-0.004663912218007072,910.75,2023-11-10,2023-11-08
2023-11-10,910.75,882.94666,881.9754,889.6039,893.3763,898.03174,0.0107332635410017,-3.1503900938457736,36.79309345568706,844.97998046875,946.5800170898438,5,0.0019275703259737918,-0.008726496964047948,901.6378173828124,2023-11-13,2023-11-09
2023-11-13,901.6378173828124,904.9641,901.2299,909.74445,912.6965,909.192,0.010713713932908,-2.1740959116586978,37.54711866411684,844.97998046875,946.5800170898438,1,-0.014269157458469892,-0.02476529606533104,922.3300170898438,2023-11-14,2023-11-10
2023-11-14,922.3300170898438,901.2299,909.74445,912.6965,909.192,913.3999,0.0120116152714426,-0.104834245180883,48.67428454697519,844.97998046875,946.5800170898438,2,0.021805997400871528,-0.012670216689994464,890.8499755859375,2023-11-15,2023-11-13
2023-11-15,890.8499755859375,909.74445,912.6965,909.192,913.3999,911.53033,0.0150451997090407,-0.7882674614610554,40.11090034199982,844.97998046875,946.5800170898438,3,0.005445889973388243,0.003405942508251873,887.0999755859375,2023-11-16,2023-11-14
2023-11-16,887.0999755859375,912.6965,909.192,913.3999,911.53033,909.2461,0.0145205388022267,-1.389746715834026,37.26924317906808,844.97998046875,946.5800170898438,4,0.009459553378394794,0.024669225438631367,880.8400268554688,2023-11-17,2023-11-15
2023-11-17,880.8400268554688,909.192,913.3999,911.53033,909.2461,910.65594,0.0141126580024726,-2.065339828582469,38.34020338793171,844.97998046875,946.5800170898438,5,-0.003503105593846559,0.019119661530883528,860.1034545898438,2023-11-20,2023-11-16
2023-11-20,860.1034545898438,881.97943,884.30676,880.1958,879.9146,874.7274,0.0151081900463904,-3.6711273313383135,36.2644699460438,849.4500122070312,946.5800170898438,1,0.008868639896387446,0.04297475870056515,877.8499755859375,2023-11-21,2023-11-17
2023-11-21,877.8499755859375,884.30676,880.1958,879.9146,874.7274,875.6477,0.0155715685753699,-3.3114962723375374,45.00085254905264,851.75,946.5800170898438,2,0.01986821597491017,0.040955658504646573,869.4000244140625,2023-11-22,2023-11-20
2023-11-22,869.4000244140625,880.1958,879.9146,874.7274,875.6477,881.95966,0.0152230693942358,-3.403081473860131,43.02982636737877,851.75,946.5800170898438,3,0.0005244771158837516,0.03584527141973299,871.0499877929688,2023-11-23,2023-11-21
2023-11-23,871.0499877929688,879.9146,874.7274,875.6477,881.95966,887.0492,0.0146534152288619,-3.120369975925806,45.61666365022431,851.75,946.5800170898438,4,-0.012663431778597542,0.013180907914631196,872.9299926757812,2023-11-24,2023-11-22
2023-11-24,872.9299926757812,874.7274,875.6477,881.95966,887.0492,884.992,0.0141120722026805,-2.5960840962626506,51.018020836650926,853.3499755859375,946.5800170898438,5,0.003313248705167273,0.0201106990764907,855.2303466796875,2023-11-27,2023-11-23
2023-11-27,855.2303466796875,890.09656,887.16437,901.3334,913.65607,900.49115,0.014721027641124,-3.19147858302677,42.2828436932788,855.2303466796875,946.5800170898438,1,0.0046201451544259815,0.015785957461276718,870.6500244140625,2023-11-28,2023-11-24
2023-11-28,870.6500244140625,887.16437,901.3334,913.65607,900.49115,906.35266,0.0149772722293955,-2.336583575855279,45.78158578904687,855.2303466796875,946.5800170898438,2,-0.008995938382002399,-0.013114741591156507,867.1699829101562,2023-11-29,2023-11-27
2023-11-29,867.1699829101562,901.3334,913.65607,900.49115,906.35266,906.02795,0.0144591639987954,-1.8183006015697565,40.863123719547545,855.2303466796875,946.5800170898438,3,0.010180578370415694,-0.0035391204282871373,869.1500244140625,2023-11-30,2023-11-28
2023-11-30,869.1500244140625,913.65607,900.49115,906.35266,906.02795,909.66644,0.0139293489488233,-1.1855747614878371,37.02731448313983,855.2303466796875,946.5800170898438,4,-0.0039541648051622256,0.005177224793810262,870.2000122070312,2023-12-01,2023-11-29
2023-12-01,870.2000122070312,900.49115,906.35266,906.02795,909.66644,921.26056,0.0134128470280723,-0.5709385746769904,39.67726536123974,855.2303466796875,946.5800170898438,5,0.011293615185232465,0.01323100072396232,855.7864379882812,2023-12-04,2023-11-30
2023-12-04,855.7864379882812,861.68317,862.692,863.18506,850.25,843.728,0.0137165569757346,-0.9854079940191376,27.210474256249384,855.2303466796875,946.5800170898438,1,0.020677894818539374,0.029632543995026277,867.5,2023-12-05,2023-12-01
2023-12-05,867.5,862.692,863.18506,850.25,843.728,847.6565,0.0137066122653247,-0.3535549577488126,40.75098252346065,855.2303466796875,946.5800170898438,2,-0.022900289170939624,0.015415242148678267,878.4500122070312,2023-12-06,2023-12-04
2023-12-06,878.4500122070312,863.18506,850.25,843.728,847.6565,848.05475,0.0136229876949148,0.8530678013378399,46.75860169826848,855.2303466796875,946.5800170898438,3,-0.012643355374770926,-0.007498047677441814,870.4299926757812,2023-12-07,2023-12-05
2023-12-07,870.4299926757812,850.25,843.728,847.6565,848.05475,855.2293,0.0133640029550222,1.1441245065038943,46.14983841592527,855.2303466796875,946.5800170898438,4,-0.014955544784657965,-0.018357096998765914,872.1599731445312,2023-12-08,2023-12-06
2023-12-08,872.1599731445312,843.728,847.6565,848.05475,855.2293,852.1865,0.0128771930076611,1.4656790041404832,55.18859053280673,855.2303466796875,946.5800170898438,5,0.01813137003665527,-0.011621862778246046,859.9549560546875,2023-12-11,2023-12-07
2023-12-11,859.9549560546875,867.98193,870.8044,875.262,869.9002,866.9852,0.0130007507260766,0.8968529407264096,41.913060267549305,855.2303466796875,946.5800170898438,1,0.009336658119057371,-0.02276796839919933,882.239990234375,2023-12-12,2023-12-08
2023-12-12,882.239990234375,870.8044,875.262,869.9002,866.9852,880.50433,0.0143177042933375,1.998802781074691,55.15758370991025,855.2303466796875,946.5800170898438,2,-0.010526403080123783,-0.010600687529182173,876.9000244140625,2023-12-13,2023-12-11
2023-12-13,876.9000244140625,875.262,869.9002,866.9852,880.50433,880.22943,0.0138896319974658,2.3226779192590623,52.282200753280776,855.2303466796875,946.5800170898438,3,0.0015860542510079912,0.003578522218146465,874.780029296875,2023-12-14,2023-12-12
2023-12-14,874.780029296875,869.9002,866.9852,880.50433,880.22943,878.69476,0.0133921152797832,2.342089993044396,50.72038246745315,855.2303466796875,946.5800170898438,4,0.0,0.018700381719912295,865.1199951171875,2023-12-15,2023-12-13
2023-12-15,865.1199951171875,866.9852,880.50433,880.22943,878.69476,872.39575,0.0132597931170954,1.6831271285965157,54.1081247730836,855.2303466796875,946.5800170898438,5,0.026713416462568893,0.027480537653599736,857.5003662109375,2023-12-18,2023-12-14
2023-12-18,857.5003662109375,874.4064,862.2409,861.6322,866.74335,849.7844,0.0130048949052386,0.759893628013633,44.15918052199864,855.2303466796875,946.5800170898438,1,-0.0009004914113787476,0.017015722082822246,873.75,2023-12-19,2023-12-15
2023-12-19,873.75,862.2409,861.6322,866.74335,849.7844,862.53754,0.0135150139608224,1.2409664691220357,52.62494077222789,855.2303466796875,946.5800170898438,2,-0.009569435673899764,0.01798943881375036,862.3699951171875,2023-12-20,2023-12-18
2023-12-20,862.3699951171875,861.6322,866.74335,849.7844,862.53754,856.402,0.0135117788901647,0.8109252802314995,47.483966184708464,855.2303466796875,946.5800170898438,3,0.012396816590175663,0.029054383176943418,870.0999755859375,2023-12-21,2023-12-19
2023-12-21,870.0999755859375,866.74335,849.7844,862.53754,856.402,864.65027,0.013227957733026,1.0500652962601054,49.96463048459473,855.2303466796875,946.5800170898438,4,0.0014107288714222278,0.030507124376599574,878.6799926757812,2023-12-22,2023-12-20
2023-12-22,878.6799926757812,849.7844,862.53754,856.402,864.65027,854.7928,0.0130067890935331,1.7479530526385396,58.442641769342615,855.2303466796875,946.5800170898438,5,0.0017925663016952,0.005143366607700988,863.5426635742188,2023-12-25,2023-12-21
2023-12-25,863.5426635742188,881.6471,874.0536,871.32263,870.2409,866.6989,0.0134140333106466,1.1792210113817454,48.57656581711844,855.2303466796875,946.5800170898438,1,-0.0033316308647010615,0.002702690926488464,892.239990234375,2023-12-26,2023-12-22
2023-12-26,892.239990234375,874.0536,871.32263,870.2409,866.6989,872.8173,0.0156798593599218,2.6411477346056955,54.39860574701053,855.2303466796875,946.5800170898438,2,0.0,0.012344047422991241,892.2100219726562,2023-12-27,2023-12-25
2023-12-27,892.2100219726562,871.32263,870.2409,866.6989,872.8173,868.35455,0.0150914000478502,3.4598868568060994,57.32033341156043,855.2303466796875,946.5800170898438,3,0.0,-0.00012832745691085886,883.6300048828125,2023-12-28,2023-12-26
2023-12-28,883.6300048828125,870.2409,866.6989,872.8173,868.35455,872.1593,0.0147756260055952,3.2790388698637165,53.6854123759256,855.2303466796875,946.5800170898438,4,0.012246637907082969,0.010765104564100873,884.6400146484375,2023-12-29,2023-12-27
2023-12-29,884.6400146484375,866.6989,872.8173,868.35455,872.1593,871.8978,0.0142275903992745,3.085688915442556,58.54633668052879,855.2303466796875,946.5800170898438,5,-0.007764293971769715,0.0011513753949217605,871.8646850585938,2024-01-01,2023-12-28
2024-01-01,871.8646850585938,874.06915,883.70886,879.3718,879.1782,863.6323,0.0142783543142035,2.007857632306772,46.15470922517805,855.2303466796875,946.5800170898438,1,-0.008340339060424478,-0.003850562623176049,872.6539916992188,2024-01-02,2023-12-29
2024-01-02,872.6539916992188,883.70886,879.3718,879.1782,863.6323,886.9525,0.0137495946015493,1.2932393655503502,48.371402686119225,855.2303466796875,946.5800170898438,2,0.0,-0.003850562623176049,883.8200073242188,2024-01-03,2024-01-01
2024-01-03,883.8200073242188,879.3718,879.1782,863.6323,886.9525,885.2749,0.0136748690131958,1.5030072226382925,53.24235279695097,855.2303466796875,946.5800170898438,3,-0.002967966591667373,-0.006802717757627788,881.72998046875,2024-01-04,2024-01-02
2024-01-04,881.72998046875,879.1782,863.6323,886.9525,885.2749,883.16833,0.0131870650696547,1.4317706960641692,56.29955490287401,855.2303466796875,946.5800170898438,4,-0.005572455833696384,-0.024343845596417543,886.97998046875,2024-01-05,2024-01-03
2024-01-05,886.97998046875,863.6323,886.9525,885.2749,883.16833,877.6318,0.0127961750635352,1.6533004734475003,61.38517052510097,855.2303466796875,946.5800170898438,5,-0.0042977199205602975,-0.020955792212577862,877.2498779296875,2024-01-08,2024-01-04
2024-01-08,877.2498779296875,882.8058,881.58856,882.66345,881.3348,868.28876,0.0126990092048414,1.0869541873350266,51.42334603229448,855.2303466796875,946.5800170898438,1,-0.009573209599656254,-0.022162083219848337,903.5,2024-01-09,2024-01-05
2024-01-09,903.5,881.58856,882.66345,881.3348,868.28876,882.3178,0.0146112607839977,2.3501677462241237,64.92212031160733,855.2303466796875,944.1300048828124,2,0.0013167965968514327,-0.0208736214438968,917.6500244140624,2024-01-10,2024-01-08
2024-01-10,917.6500244140624,882.66345,881.3348,868.28876,882.3178,876.5903,0.0146791081713271,3.916337757306275,66.48346533195436,855.2303466796875,944.1300048828124,3,-0.013513687151423264,-0.031144960099858503,916.1900024414062,2024-01-11,2024-01-09
2024-01-11,916.1900024414062,881.3348,868.28876,882.3178,876.5903,874.85236,0.0141428857950478,4.585170964998856,63.67824288605131,855.2303466796875,944.1300048828124,4,0.008632709208340604,-0.017283998813949042,913.469970703125,2024-01-12,2024-01-10
2024-01-12,913.469970703125,868.28876,882.3178,876.5903,874.85236,877.10864,0.0136471852384222,4.565648094944314,70.01924077497597,855.2303466796875,944.1300048828124,5,-0.001190846936655388,-0.014226077191731546,895.7639770507812,2024-01-15,2024-01-11
2024-01-15,895.7639770507812,910.11743,921.28326,920.8937,933.56464,919.72766,0.0142050918360285,3.14892527717938,51.54959137937976,855.2303466796875,932.47998046875,1,-0.009712037259593223,-0.014362920379632372,910.1400146484376,2024-01-16,2024-01-12
2024-01-16,910.1400146484376,921.28326,920.8937,933.56464,919.72766,935.03705,0.0143360797557147,2.970954798812903,57.00100237318888,855.2303466796875,929.3400268554688,2,0.0,-0.015659949782439515,922.2899780273438,2024-01-17,2024-01-15
2024-01-17,922.2899780273438,920.8937,933.56464,919.72766,935.03705,933.1385,0.014257800929358,3.4299055316445024,64.68587454457689,855.2303466796875,929.3400268554688,3,0.007060573294444214,0.004801890608076558,921.2000122070312,2024-01-18,2024-01-16
2024-01-18,921.2000122070312,933.56464,919.72766,935.03705,933.1385,934.9934,0.0137355940313039,3.411248385535039,63.87971940211911,855.2303466796875,929.3400268554688,4,-0.009067916399167259,-0.012827247795101129,919.5900268554688,2024-01-19,2024-01-17
2024-01-19,919.5900268554688,919.72766,935.03705,933.1385,934.9934,933.99695,0.0132393459381266,3.0532525554169343,69.79686949335866,855.2303466796875,922.3300170898438,5,0.0033433155392109354,-0.008341083331350049,896.9052124023438,2024-01-22,2024-01-18
2024-01-22,896.9052124023438,913.2551,908.35187,911.4584,910.9066,893.37146,0.01447909007024,1.1494272064181708,58.51319664178978,855.2303466796875,922.3300170898438,1,0.011152546895434285,0.012566826528235877,909.3099975585938,2024-01-23,2024-01-19
2024-01-23,909.3099975585938,908.35187,911.4584,910.9066,893.37146,910.79456,0.0144237647441655,0.6132240276550789,58.8709047036433,855.2303466796875,922.3300170898438,2,-0.006091927798664638,0.00641709341361039,911.989990234375,2024-01-24,2024-01-22
2024-01-24,911.989990234375,911.4584,910.9066,893.37146,910.79456,906.32544,0.013910832503104,0.3403173877993257,60.487877318616725,855.2303466796875,922.3300170898438,3,0.0070157113821105385,0.006371944630932478,910.3300170898438,2024-01-25,2024-01-23
2024-01-25,910.3300170898438,910.9066,893.37146,910.79456,906.32544,906.1282,0.0134091393116733,-0.0309959972195699,58.299472354472286,855.2303466796875,922.3300170898438,4,0.02398134195657936,0.040187502714746116,909.3699951171876,2024-01-26,2024-01-24
2024-01-26,909.3699951171876,893.37146,910.79456,906.32544,906.1282,906.8262,0.012919971383847,-0.3997840677193771,62.17577523809884,855.2303466796875,922.3300170898438,5,-0.004388225975928769,0.0321762593912731,894.8502197265625,2024-01-29,2024-01-25
2024-01-29,894.8502197265625,906.5728,904.44464,910.88525,903.2188,892.8656,0.0132124124679406,-1.6120974362730838,46.40106496662075,855.2303466796875,922.3300170898438,1,-0.0038879951335731126,0.016767934230467983,929.77001953125,2024-01-30,2024-01-26
2024-01-30,929.77001953125,904.44464,910.88525,903.2188,892.8656,899.62415,0.0164124464153,-0.1307721645602289,54.29966481608194,855.2303466796875,929.77001953125,2,0.005826338664611392,0.028958546584102605,932.1500244140624,2024-01-31,2024-01-29
2024-01-31,932.1500244140624,910.88525,903.2188,892.8656,899.62415,906.112,0.0158147659990642,0.8849044670979076,55.62522668573513,855.2303466796875,932.1500244140624,3,0.008612481930482765,0.030602869740803996,930.280029296875,2024-02-01,2024-01-30
2024-02-01,930.280029296875,903.2188,892.8656,899.62415,906.112,901.0924,0.0152409518475478,1.282236157421865,55.96054409637429,855.2303466796875,932.1500244140624,4,-0.0010245069182320638,0.0051513152016488106,931.5700073242188,2024-02-02,2024-01-31
2024-02-02,931.5700073242188,892.8656,899.62415,906.112,901.0924,899.9729,0.0146824588632408,1.4699120623217148,64.36895686515797,855.2303466796875,932.1500244140624,5,-0.012895073103420765,-0.003363086672848506,927.764404296875,2024-02-05,2024-02-01
2024-02-05,927.764404296875,914.84424,921.8355,913.2272,907.93713,894.71075,0.0141905552084108,1.1878031959441984,57.72832382318617,855.2303466796875,932.1500244140624,1,-0.00807924613882932,-0.007531500601108183,953.739990234375,2024-02-06,2024-02-02
2024-02-06,953.739990234375,921.8355,913.2272,907.93713,894.71075,925.57404,0.0155658659490005,2.523889610809066,62.299547572228775,855.2303466796875,953.739990234375,2,-0.013037647679487865,-0.026077933021060186,947.5999755859376,2024-02-07,2024-02-05
2024-02-07,947.5999755859376,913.2272,907.93713,894.71075,925.57404,923.413,0.0151002755937537,2.7488945642102305,59.9322415002212,855.2303466796875,953.739990234375,3,0.0027797897522733395,-0.03174198624611986,953.0999755859376,2024-02-08,2024-02-06
2024-02-08,953.0999755859376,907.93713,894.71075,925.57404,923.413,918.39795,0.0146237375677116,3.00227330624085,62.24865282599789,855.2303466796875,953.739990234375,4,-0.011968248285595201,-0.042280580520691634,965.4199829101562,2024-02-09,2024-02-07
2024-02-09,965.4199829101562,894.71075,925.57404,923.413,918.39795,910.10944,0.0144989554109296,3.688547803435764,77.09688725646397,855.2303466796875,965.4199829101562,5,-0.008598753918678276,-0.03815706056902598,956.61083984375,2024-02-12,2024-02-08
2024-02-12,956.61083984375,957.0562,958.5026,959.7814,955.14734,948.9109,0.0141963865941565,3.253357367283021,69.25461316955253,855.2303466796875,965.4199829101562,1,-0.0052762832972284785,-0.035457268609672514,970.469970703125,2024-02-13,2024-02-09
2024-02-13,970.469970703125,958.5026,959.7814,955.14734,948.9109,956.7592,0.0142075465065146,3.5772890642712056,71.81941734484003,855.2303466796875,970.469970703125,2,0.011464089588562928,-0.011532392405875388,969.8800048828124,2024-02-14,2024-02-12
2024-02-14,969.8800048828124,959.7814,955.14734,948.9109,956.7592,970.6958,0.0136885921623569,3.429781813082529,72.39748162710802,855.2303466796875,970.469970703125,3,-0.0038965189956569586,-0.018109726753085535,957.3300170898438,2024-02-15,2024-02-13
2024-02-15,957.3300170898438,955.14734,948.9109,956.7592,970.6958,981.34607,0.0136672887482237,2.2234405082900714,66.59183441633166,855.2303466796875,970.469970703125,4,-0.0036415105876551235,-0.009899649857991832,967.1900024414062,2024-02-16,2024-02-14
2024-02-16,967.1900024414062,948.9109,956.7592,970.6958,981.34607,973.2468,0.0134466513409265,1.84176539793115,75.85979681596017,855.2303466796875,970.469970703125,5,0.015019725602353009,0.013763357118999996,951.2039184570312,2024-02-19,2024-02-15
2024-02-19,951.2039184570312,973.5318,972.5276,982.53235,980.3022,962.84314,0.0137398925336378,0.3433496019958806,58.86170786718734,855.7864379882812,970.469970703125,1,0.02146373864108183,0.04123709873187334,964.5,2024-02-20,2024-02-16
2024-02-20,964.5,972.5276,982.53235,980.3022,962.84314,975.96204,0.0137482120208483,0.09146864352277,62.26757384310015,855.7864379882812,970.469970703125,2,0.0,0.029368425104719497,962.0999755859376,2024-02-21,2024-02-19
2024-02-21,962.0999755859376,982.53235,980.3022,962.84314,975.96204,973.3712,0.0132651501537225,-0.3678017009181111,62.01826698756082,855.7864379882812,970.469970703125,3,0.007398266423897814,0.04106082787224886,969.1799926757812,2024-02-22,2024-02-20
2024-02-22,969.1799926757812,980.3022,962.84314,975.96204,973.3712,965.732,0.0129261119586592,-0.3271515881709135,63.60987965389234,855.7864379882812,970.469970703125,4,0.0020669521599391153,0.04702067943721747,978.469970703125,2024-02-23,2024-02-21
2024-02-23,978.469970703125,962.84314,975.96204,973.3712,965.732,964.3883,0.0127095230677739,0.1664882247968808,67.64825845704144,855.7864379882812,978.469970703125,5,0.005918700162107859,0.0375349480128178,965.7730712890624,2024-02-26,2024-02-22
2024-02-26,965.7730712890624,971.28314,971.7024,971.8509,967.9278,968.5974,0.0127643604902523,-0.4853548220001684,54.614714091368256,857.5003662109375,978.469970703125,1,-0.003984854851828057,0.011464280791233981,986.5499877929688,2024-02-27,2024-02-23
2024-02-27,986.5499877929688,971.7024,971.8509,967.9278,968.5974,971.813,0.0135658268428914,0.316333308789245,63.42972154283424,857.5003662109375,986.5499877929688,2,-0.01505351262094677,-0.0036477793558462998,980.97998046875,2024-02-28,2024-02-26
2024-02-28,980.97998046875,971.8509,967.9278,968.5974,971.813,971.9476,0.0131664457329967,0.304920690477779,59.60821350744193,857.5003662109375,986.5499877929688,3,0.0018289248539391089,-0.00918138163277236,978.6400146484376,2024-02-29,2024-02-27
2024-02-29,978.6400146484376,967.9278,968.5974,971.813,971.9476,974.6859,0.0127051634620472,-0.0100907298001917,54.89253221187538,857.5003662109375,986.5499877929688,4,-0.0009140131607922762,-0.012130579660818576,966.280029296875,2024-03-01,2024-02-28
2024-03-01,966.280029296875,968.5974,971.813,971.9476,974.6859,962.21497,0.012733630833714,-1.1383098173592288,53.486779203811736,857.5003662109375,986.5499877929688,5,0.0018271916643559571,-0.016164198369149646,945.7276000976562,2024-03-04,2024-02-29
2024-03-04,945.7276000976562,965.8131,965.8527,973.97174,959.90936,967.37354,0.0136087320174904,-3.2373167964407337,41.48859467192859,857.5003662109375,986.5499877929688,1,0.005331944340947728,-0.006955165023490556,973.8800048828124,2024-03-05,2024-03-01
2024-03-05,973.8800048828124,965.8527,973.97174,959.90936,967.37354,967.06946,0.0153093670329652,-2.719154183022612,51.15666597246,857.5003662109375,986.5499877929688,2,-0.0007785185222983851,0.007322206384455706,976.989990234375,2024-03-06,2024-03-04
2024-03-06,976.989990234375,973.97174,959.90936,967.37354,967.06946,962.76324,0.0147680991165491,-2.1797145146275305,56.01329945618591,857.5003662109375,986.5499877929688,3,-0.0020789760346844135,0.0033933727851452843,985.1500244140624,2024-03-07,2024-03-05
2024-03-07,985.1500244140624,959.90936,967.37354,967.06946,962.76324,969.0495,0.0143958274407903,-1.3279667905112298,55.551069949174696,857.5003662109375,986.5499877929688,4,0.00687020292499271,0.011234482470363995,980.5399780273438,2024-03-08,2024-03-06
2024-03-08,980.5399780273438,967.37354,967.06946,962.76324,969.0495,952.03424,0.0139322882968107,-1.1370504542016349,59.75301817969311,857.5003662109375,986.5499877929688,5,0.012580403026815255,0.02216717603286776,953.6156616210938,2024-03-11,2024-03-07
2024-03-11,953.6156616210938,990.1868,982.0166,986.2569,983.12634,971.5551,0.0154257789682352,-2.791791593617603,46.68206967971829,862.3699951171875,986.5499877929688,1,-0.008841141992994045,0.007782093707221492,965.8800048828124,2024-03-12,2024-03-08
2024-03-12,965.8800048828124,982.0166,986.2569,983.12634,971.5551,981.28094,0.0152456747561838,-3.0093190517145327,51.08691913217753,862.3699951171875,986.5499877929688,2,0.00960619751598691,0.018302153955888478,950.760009765625,2024-03-13,2024-03-11
2024-03-13,950.760009765625,986.2569,983.12634,971.5551,981.28094,980.58057,0.0153115331540948,-4.055371322708725,44.93754313169033,863.5426635742188,986.5499877929688,3,0.0006371602048168774,0.021071760951267778,945.3699951171876,2024-03-14,2024-03-12
2024-03-14,945.3699951171876,983.12634,971.5551,981.28094,980.58057,981.4479,0.0148353047816313,-4.935703472600256,40.70368211738894,863.5426635742188,986.5499877929688,4,0.03196757906286835,0.04702226566450993,941.3200073242188,2024-03-15,2024-03-13
2024-03-15,941.3200073242188,971.5551,981.28094,980.58057,981.4479,976.66235,0.0143438305481435,-5.569250145166362,42.781614836643655,863.5426635742188,986.5499877929688,5,-0.0038320318658366615,0.029978329731760442,925.2318725585938,2024-03-18,2024-03-14
2024-03-18,925.2318725585938,940.1584,940.2303,947.1095,946.831,934.9619,0.0146042289784777,-6.770457866976424,31.383963580139792,871.8646850585938,986.5499877929688,1,0.018529276188101282,0.05855861025226895,946.4099731445312,2024-03-19,2024-03-15
2024-03-19,946.4099731445312,940.2303,947.1095,946.831,934.9619,948.08014,0.0153274565650864,-5.870819920933863,40.41318456035157,871.8646850585938,986.5499877929688,2,0.00048616871846409864,0.04894841448449586,965.8699951171876,2024-03-20,2024-03-18
2024-03-20,965.8699951171876,947.1095,946.831,934.9619,948.08014,949.80383,0.0157440297003877,-3.7978360953480728,46.76577031688724,871.8646850585938,986.5499877929688,3,-0.013703930026624763,0.03401270379245908,962.510009765625,2024-03-21,2024-03-19
2024-03-21,962.510009765625,946.831,934.9619,948.08014,949.80383,941.9818,0.0151981458244176,-2.5457545605815413,48.9995691707671,871.8646850585938,986.5499877929688,4,-0.00494010682405259,-0.0034546427527572428,968.6300048828124,2024-03-22,2024-03-20
2024-03-22,968.6300048828124,934.9619,948.08014,949.80383,941.9818,937.1826,0.0147355032720852,-1.263042365049977,56.58162869758706,871.8646850585938,986.5499877929688,5,0.001979066521667773,0.0023532391084879647,964.0664672851562,2024-03-25,2024-03-21
2024-03-25,964.0664672851562,964.9841,971.1534,974.1447,967.34814,967.78455,0.0142591342698677,-0.7072927277801857,46.73748817533501,872.6539916992188,986.5499877929688,1,-0.01255848718644402,-0.028328300020244564,977.8800048828124,2024-03-26,2024-03-22
2024-03-26,977.8800048828124,971.1534,974.1447,967.34814,967.78455,973.5316,0.0142542554579779,0.538071617221271,50.276226976665214,877.2498779296875,986.5499877929688,2,0.0027489503641431926,-0.026127129687189266,981.530029296875,2024-03-27,2024-03-25
2024-03-27,981.530029296875,974.1447,967.34814,967.78455,973.5316,972.2194,0.0137671208985328,1.5005510025266804,48.844131830165566,877.2498779296875,986.5499877929688,3,-0.0027489503641432724,-0.015399720206958028,979.3900146484376,2024-03-28,2024-03-26
2024-03-28,979.3900146484376,967.34814,967.78455,973.5316,972.2194,980.7708,0.0132807346604137,1.8623419900406724,49.62693083736121,877.2498779296875,986.5499877929688,4,-0.0008762558461157091,-0.011390310092347132,980.4600219726562,2024-03-29,2024-03-27
2024-03-29,980.4600219726562,967.78455,973.5316,972.2194,980.7708,979.1458,0.0127987464453048,2.029278894680348,60.46419336695319,877.2498779296875,986.5499877929688,5,0.0027513568915070647,-0.010626521453959085,979.27001953125,2024-04-01,2024-03-28
2024-04-01,979.27001953125,974.0438,972.99646,975.592,972.6419,955.7602,0.012337708096707,1.916480246204789,55.71278727730287,894.8502197265625,986.5499877929688,1,0.0,0.0018768601466823153,984.97998046875,2024-04-02,2024-03-29
2024-04-02,984.97998046875,972.99646,975.592,972.6419,955.7602,972.6278,0.011984642263057,2.0702333610829022,65.87442706982532,894.8502197265625,986.5499877929688,2,0.010559764969196424,0.009732975949414087,975.5700073242188,2024-04-03,2024-04-01
2024-04-03,975.5700073242188,975.592,972.6419,955.7602,972.6278,965.6832,0.0118507527183054,1.4133586141310417,63.505869957445846,894.8502197265625,986.5499877929688,3,0.005914301943359764,0.018518548350672678,954.3900146484376,2024-04-04,2024-04-02
2024-04-04,954.3900146484376,972.6419,955.7602,972.6278,965.6832,970.48456,0.0129083256397271,-0.4715239922226262,55.06851545816864,894.8502197265625,986.5499877929688,4,0.02977338834622253,0.05021910323682551,940.2999877929688,2024-04-05,2024-04-03
2024-04-05,940.2999877929688,955.7602,972.6278,965.6832,970.48456,969.7727,0.013091664328977,-2.573749719780526,55.9353581708184,894.8502197265625,986.5499877929688,5,0.01267868785322154,0.06069689807511909,927.7029418945312,2024-04-08,2024-04-04
2024-04-08,927.7029418945312,933.90845,935.0494,943.11847,940.234,912.6695,0.0131484020267959,-4.600855105641884,42.09700925267931,894.8502197265625,986.5499877929688,1,-0.0016497692716825132,0.0589484356025073,933.3106079101562,2024-04-09,2024-04-05
2024-04-09,933.3106079101562,935.0494,943.11847,940.234,912.6695,923.53296,0.0127685828574097,-5.302343838418949,34.42160970051218,894.8502197265625,986.5499877929688,2,0.008806469090440208,0.05709341235206255,941.0900268554688,2024-04-10,2024-04-08
2024-04-10,941.0900268554688,943.11847,940.234,912.6695,923.53296,932.4659,0.0124993662753887,-4.985507223454306,40.16721161739692,894.8502197265625,986.5499877929688,3,0.002102026889271717,0.0530711533565644,947.489990234375,2024-04-11,2024-04-09
2024-04-11,947.489990234375,940.234,912.6695,923.53296,932.4659,920.55945,0.0121769360269645,-4.123683759831147,40.32060998730127,894.8502197265625,986.5499877929688,4,-0.000933639226970129,0.021225907099426636,954.8599853515624,2024-04-12,2024-04-10
2024-04-12,954.8599853515624,912.6695,923.53296,932.4659,920.55945,927.99384,0.011912327669177,-2.894147438887394,45.89024337745541,894.8502197265625,986.5499877929688,5,-0.007030778924386207,0.001295146535488632,964.1300048828124,2024-04-15,2024-04-11
2024-04-15,964.1300048828124,953.4179,953.3496,949.5378,942.2499,938.98035,0.0117638176637488,-1.3707386816720426,43.60251537463678,894.8502197265625,986.5499877929688,1,0.001292747486602454,0.004245813348425959,972.2999877929688,2024-04-16,2024-04-12
2024-04-16,972.2999877929688,953.3496,949.5378,942.2499,938.98035,948.27075,0.0115554961637423,0.189926444431508,45.87885959208544,894.8502197265625,986.5499877929688,2,0.028138256630377733,0.02384854750851167,979.9600219726562,2024-04-17,2024-04-15
2024-04-17,979.9600219726562,949.5378,942.2499,938.98035,948.27075,950.5382,0.0113281794883576,1.6591538785610978,50.242547866778615,894.8502197265625,986.5499877929688,3,-0.016927148262715064,0.0045497565582635294,978.4299926757812,2024-04-18,2024-04-16
2024-04-18,978.4299926757812,942.2499,938.98035,948.27075,950.5382,945.63776,0.0109268672983312,2.403780680211604,49.13955639811997,894.8502197265625,986.5499877929688,4,0.008556985206100346,0.014128945362502582,965.6900024414062,2024-04-19,2024-04-17
2024-04-19,965.6900024414062,938.98035,948.27075,950.5382,945.63776,937.65436,0.0111358376681262,1.934335054967568,44.75732094729446,894.8502197265625,986.5499877929688,5,0.022316666301241708,0.044332063487079305,958.6400146484376,2024-04-22,2024-04-18
2024-04-22,958.6400146484376,967.45166,964.0653,960.58453,954.27875,958.4241,0.0109250402858296,1.0872553904966071,39.93537054191543,925.2318725585938,986.5499877929688,1,0.01375477653638138,0.057427991432051406,952.1300048828124,2024-04-23,2024-04-19
2024-04-23,952.1300048828124,964.0653,960.58453,954.27875,958.4241,955.2184,0.0106999039092939,0.0798694032231869,40.84046897516263,925.2318725585938,986.5499877929688,2,-0.00033316364718428856,0.027746063044642694,953.2000122070312,2024-04-24,2024-04-22
2024-04-24,953.2000122070312,960.58453,954.27875,958.4241,955.2184,958.74414,0.0103142216871321,-0.4916276996079075,49.44827691591969,925.2318725585938,986.5499877929688,3,-0.002224498456326981,0.04296828277046873,952.1799926757812,2024-04-25,2024-04-23
2024-04-25,952.1799926757812,954.27875,958.4241,955.2184,958.74414,959.6086,0.0099446831320003,-0.892219384015724,56.2675330697201,925.2318725585938,986.5499877929688,4,-0.005247004104412529,0.02867007295470909,948.0,2024-04-26,2024-04-24
2024-04-26,948.0,958.4241,955.2184,958.74414,959.6086,958.4335,0.0096640777456918,-1.3643197404578522,61.75181553140734,925.2318725585938,986.5499877929688,5,0.022905541498675425,0.02927600964004672,951.469970703125,2024-04-29,2024-04-25
2024-04-29,951.469970703125,960.2992,956.9228,961.4697,967.94495,961.7935,0.0093592641631128,-1.3651797145899711,60.78098287423785,925.2318725585938,986.5499877929688,1,-0.00032827392489267614,0.014882255535155991,941.5399780273438,2024-04-30,2024-04-26
2024-04-30,941.5399780273438,956.9228,961.4697,967.94495,961.7935,971.58594,0.0094838421929483,-1.922673102635486,50.260478868422126,925.2318725585938,986.5499877929688,2,0.01950650398856371,0.035218244771028646,957.510009765625,2024-05-01,2024-04-29
2024-05-01,957.510009765625,961.4697,967.94495,961.7935,971.58594,974.6173,0.0102107773862589,-1.1425675942813545,55.2220204824535,925.2318725585938,986.5499877929688,3,-0.02049186837508004,0.01647920770168736,959.8800048828124,2024-05-02,2024-04-30
2024-05-02,959.8800048828124,967.94495,961.7935,971.58594,974.6173,977.25415,0.0098615043793595,-0.4302938533999807,52.76007039105694,925.2318725585938,986.5499877929688,4,-0.002632464921645256,0.01914030968048815,947.1500244140624,2024-05-03,2024-05-01
2024-05-03,947.1500244140624,961.7935,971.58594,974.6173,977.25415,982.79913,0.0101976396519132,-0.7605387555911476,41.00636860310997,925.2318725585938,986.5499877929688,5,-0.012933317917676535,-0.016737761883553245,942.75,2024-05-06,2024-05-02
2024-05-06,942.75,953.99817,954.68414,955.51373,952.9323,952.72125,0.0099180673460439,-1.1935704060621035,33.69746976697827,925.2318725585938,986.5499877929688,1,0.017535645885979678,0.0009849834380221767,929.3900146484376,2024-05-07,2024-05-03
2024-05-07,929.3900146484376,954.68414,955.51373,952.9323,952.72125,953.9958,0.0103399934362663,-2.2374099509148286,23.75168776464882,925.2318725585938,986.5499877929688,2,0.01324951378365935,-0.005258616357531054,936.9500122070312,2024-05-08,2024-05-06
2024-05-08,936.9500122070312,955.51373,952.9323,952.72125,953.9958,956.5468,0.0101971913289346,-2.269208310555284,29.738185617023973,925.2318725585938,986.5499877929688,3,-0.0019438071566325993,0.013364081295802015,935.6300048828124,2024-05-09,2024-05-07
2024-05-09,935.6300048828124,952.9323,952.72125,953.9958,956.5468,954.2834,0.0098396781095057,-2.22654112080106,33.472621095451416,925.2318725585938,986.5499877929688,4,-0.013823437394735733,0.0020867714839110266,924.0499877929688,2024-05-10,2024-05-08
2024-05-10,924.0499877929688,952.72125,953.9958,956.5468,954.2834,948.3066,0.0100907438984399,-2.789132168306094,31.884353537090576,924.0499877929688,986.5499877929688,5,0.009924347576340845,0.025255923301156197,913.1746826171876,2024-05-13,2024-05-09
2024-05-13,913.1746826171876,908.8742,914.7831,911.97626,906.17755,895.964,0.010262717618909,-3.650265336361926,30.490211542200257,913.1746826171876,986.5499877929688,1,0.01849315461480506,0.026238084936127178,923.4099731445312,2024-05-14,2024-05-10
2024-05-14,923.4099731445312,914.7831,911.97626,906.17755,895.964,892.7352,0.0103324302157309,-3.2978283055852327,36.334920985113015,913.1746826171876,986.5499877929688,2,0.023374418437470987,0.03668142740628882,914.0800170898438,2024-05-15,2024-05-13
2024-05-15,914.0800170898438,911.97626,906.17755,895.964,892.7352,903.7351,0.0103494885080033,-3.444316227561403,33.761061302299154,913.1746826171876,986.5499877929688,3,0.030541355672711972,0.07091116149403265,904.7899780273438,2024-05-16,2024-05-14
2024-05-16,904.7899780273438,906.17755,895.964,892.7352,903.7351,909.6224,0.0103695187040785,-3.885443802626345,32.351816462660295,904.7899780273438,986.5499877929688,4,0.003224888630024549,0.08932492001061543,898.030029296875,2024-05-17,2024-05-15
2024-05-17,898.030029296875,895.964,892.7352,903.7351,909.6224,901.83966,0.0102119476979472,-4.317801001106536,28.744849833126224,898.030029296875,986.5499877929688,5,-0.015717986101867597,0.061747176854992245,894.0,2024-05-20,2024-05-16
2024-05-20,894.0,906.4489,901.7044,901.3665,908.85583,903.7529,0.0099265205619549,-4.53793799612785,30.160363570230203,894.0,986.5499877929688,1,0.0331721954064959,0.0774475583265764,887.0900268554688,2024-05-21,2024-05-17
2024-05-21,887.0900268554688,901.7044,901.3665,908.85583,903.7529,894.48315,0.0098106024912412,-4.786967943631384,18.20784034715172,887.0900268554688,985.1500244140624,2,0.00601311573402973,0.05890310881543807,888.0,2024-05-22,2024-05-20
2024-05-22,888.0,901.3665,908.85583,903.7529,894.48315,894.43396,0.0094613061772843,-4.531091701055575,17.11517153873291,887.0900268554688,985.1500244140624,3,0.006172529764052082,0.033410754196908386,898.1900024414062,2024-05-23,2024-05-21
2024-05-23,898.1900024414062,908.85583,903.7529,894.48315,894.43396,891.66113,0.0096214134868794,-3.3696064312291583,27.068023403074022,887.0900268554688,985.1500244140624,4,-0.05037867628083627,-0.02052525106754622,909.1099853515624,2024-05-24,2024-05-22
2024-05-24,909.1099853515624,903.7529,894.48315,894.43396,891.66113,896.9279,0.0098255769164805,-1.647124281985997,35.150585400339565,887.0900268554688,985.1500244140624,5,-0.01053286097353198,-0.015433362302261722,905.719970703125,2024-05-27,2024-05-23
2024-05-27,905.719970703125,911.7515,914.282,917.39886,922.43176,920.9343,0.0095332355270413,-0.5727920015783994,38.54311671184691,887.0900268554688,985.1500244140624,1,-0.007920855535350033,-0.05507219127647332,901.8699951171876,2024-05-28,2024-05-24
2024-05-28,901.8699951171876,914.282,917.39886,922.43176,920.9343,923.41034,0.0092713624841776,0.0109261007606349,32.387872458694645,887.0900268554688,985.1500244140624,2,0.0,-0.06073710259782753,895.8800048828125,2024-05-29,2024-05-27
2024-05-29,895.8800048828125,917.39886,922.43176,920.9343,923.41034,922.3987,0.0091323116978583,0.1199416353966249,30.93717143854008,887.0900268554688,985.1500244140624,3,0.02009599827290059,-0.04756783704930668,910.280029296875,2024-05-30,2024-05-28
2024-05-30,910.280029296875,922.43176,920.9343,923.41034,922.3987,925.5031,0.0097957744580004,1.226677751470696,43.57027759237163,887.0900268554688,984.97998046875,4,-0.014461603129634713,-0.012737503853637878,916.8400268554688,2024-05-31,2024-05-29
2024-05-31,916.8400268554688,920.9343,923.41034,922.3987,925.5031,928.34106,0.0096345710079931,2.3976208180202967,51.78335872376688,887.0900268554688,984.97998046875,5,-0.02817387080286396,-0.030001089998319956,918.5800170898438,2024-06-03,2024-05-30
2024-06-03,918.5800170898438,913.70465,916.63983,909.24994,914.4086,913.7869,0.0093019323546721,3.234358516943665,47.43822992027285,887.0900268554688,984.97998046875,1,-0.013359344858423529,-0.03526209977387032,904.010009765625,2024-06-04,2024-05-31
2024-06-04,904.010009765625,916.63983,909.24994,914.4086,913.7869,906.28534,0.009989476286289,2.769521894886857,44.94020072731911,887.0900268554688,984.97998046875,2,0.014429002560831695,-0.021240982030069928,905.75,2024-06-05,2024-06-03
2024-06-05,905.75,909.24994,914.4086,913.7869,906.28534,905.22534,0.0096433257709428,2.5478048484050824,50.521978587229725,887.0900268554688,984.97998046875,3,-0.0279693436772657,-0.06717266531470713,908.8800048828124,2024-06-06,2024-06-04
2024-06-06,908.8800048828124,914.4086,913.7869,906.28534,905.22534,905.10516,0.0093413852834844,2.572993740749704,56.14173043356882,887.0900268554688,984.97998046875,4,0.015598963957449268,-0.038705622540649486,908.0499877929688,2024-06-07,2024-06-05
2024-06-07,908.0499877929688,913.7869,906.28534,905.22534,905.10516,907.5809,0.009013767731736,2.4930343246685283,58.252083319890296,887.0900268554688,984.97998046875,5,0.015359267282059677,0.004066792312715365,900.9844970703124,2024-06-10,2024-06-06
2024-06-10,900.9844970703124,903.1581,899.24115,904.80066,901.22253,897.7262,0.0089613416553342,1.947746101087148,58.1458609606839,887.0900268554688,984.97998046875,1,-0.04279131341481485,-0.025054223416923954,919.9400024414062,2024-06-11,2024-06-07
2024-06-11,919.9400024414062,899.24115,904.80066,901.22253,897.7262,890.7254,0.0103002926719014,2.7955435791668144,65.45518982855627,887.0900268554688,984.97998046875,2,0.013700313066128967,-0.025764397382646267,922.75,2024-06-12,2024-06-10
2024-06-12,922.75,904.80066,901.22253,897.7262,890.7254,887.1706,0.0099614526452912,3.435317042732149,62.798199306515485,887.0900268554688,984.97998046875,3,-0.007379337539937879,-0.005496942863520457,916.4500122070312,2024-06-13,2024-06-11
2024-06-13,916.4500122070312,901.22253,897.7262,890.7254,887.1706,891.39307,0.0097938015059232,3.321959336975622,54.01836581533815,887.0900268554688,984.97998046875,4,0.012851028875042267,-0.008226021321262612,917.7000122070312,2024-06-14,2024-06-12
2024-06-14,917.7000122070312,897.7262,890.7254,887.1706,891.39307,891.75055,0.0094502906708383,3.216747168620894,56.715949100290494,887.0900268554688,984.97998046875,5,-0.01628375290112501,-0.039117419244663915,924.8800048828124,2024-06-17,2024-06-13
2024-06-17,924.8800048828124,925.45325,923.80383,927.91693,925.8956,926.62695,0.0093450911670993,3.4932625225701117,62.43502055593365,887.0900268554688,984.97998046875,1,0.009604300840204132,0.012570910229002774,926.3900146484376,2024-06-18,2024-06-14
2024-06-18,926.3900146484376,923.80383,927.91693,925.8956,926.62695,927.5902,0.0090221724689116,3.624734985319144,67.32715686492006,887.0900268554688,984.97998046875,2,-0.006503193353933149,-0.007681300940289606,934.9500122070312,2024-06-19,2024-06-17
2024-06-19,934.9500122070312,927.91693,925.8956,926.62695,927.5902,934.60345,0.0090395496700212,4.100057616716361,65.00589182651078,887.0900268554688,984.97998046875,3,0.008917257879037289,0.008622603663855404,932.0900268554688,2024-06-20,2024-06-18
2024-06-20,932.0900268554688,925.8956,926.62695,927.5902,934.60345,934.7569,0.00876457442727,4.027840183737822,59.71325496050258,887.0900268554688,984.97998046875,4,0.0,-0.004256303690364653,931.97998046875,2024-06-21,2024-06-19
2024-06-21,931.97998046875,926.62695,927.5902,934.60345,934.7569,935.0287,0.0084557052682223,3.782535421043144,58.71587313560231,887.0900268554688,984.97998046875,5,0.01220063799655793,0.024514665479307807,918.0421752929688,2024-06-24,2024-06-20
2024-06-24,918.0421752929688,926.9792,932.70056,936.0669,933.9191,933.517,0.0091497827933451,2.550525729243527,59.20276807966074,887.0900268554688,984.97998046875,1,-0.02721855311482856,-0.01252475472119591,944.9199829101562,2024-06-25,2024-06-21
2024-06-25,944.9199829101562,932.70056,936.0669,933.9191,933.517,935.8238,0.0117544114353504,3.363596379054066,69.3190363375287,887.0900268554688,979.9600219726562,2,0.007316293073440092,0.0012163750189434393,940.6500244140624,2024-06-26,2024-06-24
2024-06-26,940.6500244140624,936.0669,933.9191,933.517,935.8238,931.5441,0.0113997975121287,3.4204172771750168,65.49506082284688,887.0900268554688,979.9600219726562,3,-0.0327824390894477,-0.03967552912777993,946.4000244140624,2024-06-27,2024-06-25
2024-06-27,946.4000244140624,933.9191,933.517,935.8238,931.5441,934.5473,0.0111038339788371,3.631911356474288,67.84775493810211,887.0900268554688,979.9600219726562,4,-0.0030862946880555733,-0.04263480449414338,954.1300048828124,2024-06-28,2024-06-26
2024-06-28,954.1300048828124,933.517,935.8238,931.5441,934.5473,934.9286,0.0109182603327311,4.047344587383166,74.5813967144102,887.0900268554688,979.9600219726562,5,-0.008969709638196547,-0.06268952676442138,942.049560546875,2024-07-01,2024-06-27
2024-07-01,942.049560546875,956.13605,955.41016,951.5731,946.3281,947.86896,0.0110940451437805,3.2953454838490317,60.920887531828704,887.0900268554688,979.9600219726562,1,0.014222117373647194,-0.023030683208763957,946.4000244140624,2024-07-02,2024-06-28
2024-07-02,946.4000244140624,955.41016,951.5731,946.3281,947.86896,952.15625,0.0107621265867193,2.8921148626240303,61.506682203636416,887.0900268554688,979.9600219726562,2,0.00816603727846639,-0.02220015637562485,946.7899780273438,2024-07-03,2024-07-01
2024-07-03,946.7899780273438,951.5731,946.3281,947.86896,952.15625,949.5802,0.0103776459951592,2.469281358096694,65.66233704036055,887.0900268554688,979.9600219726562,3,0.0006775653866961057,0.011070545667796774,941.27001953125,2024-07-04,2024-07-02
2024-07-04,941.27001953125,946.3281,947.86896,952.15625,949.5802,947.8299,0.0101406769633052,1.6735420012056803,61.65373554113064,887.0900268554688,979.9600219726562,4,0.024860493631748855,0.03972525881040615,936.9000244140624,2024-07-05,2024-07-03
2024-07-05,936.9000244140624,947.86896,952.15625,949.5802,947.8299,942.1786,0.0098680325743713,0.7553600879992963,56.11292661607531,887.0900268554688,979.9600219726562,5,0.0,0.04909324372885023,935.1300048828124,2024-07-08,2024-07-04
2024-07-08,935.1300048828124,936.81647,931.12885,931.2792,928.03986,927.1108,0.0095353843012918,-0.0272310848416941,54.433104076835896,887.0900268554688,979.9600219726562,1,0.025546321916446516,0.061040911443722354,939.489990234375,2024-07-09,2024-07-05
2024-07-09,939.489990234375,931.12885,931.2792,928.03986,927.1108,927.3127,0.0092773605982616,-0.2925472300372513,52.40525059449783,887.0900268554688,979.9600219726562,2,-0.007865990774347974,0.04416590551180254,934.989990234375,2024-07-10,2024-07-08
2024-07-10,934.989990234375,931.2792,928.03986,927.1108,927.3127,924.03986,0.0090518086316441,-0.7844938907241108,51.51013932070588,887.0900268554688,978.4299926757812,3,-0.009565322367084766,0.033525220050735605,912.5900268554688,2024-07-11,2024-07-09
2024-07-11,912.5900268554688,928.03986,927.1108,927.3127,924.03986,917.0239,0.0109445985156799,-2.5332453361014045,41.80519219885563,887.0900268554688,965.6900024414062,4,0.006423190591299147,0.014644392983972663,913.8099975585938,2024-07-12,2024-07-10
2024-07-12,913.8099975585938,927.1108,927.3127,924.03986,917.0239,922.8272,0.0105590609478012,-3.4649224405400245,47.99590973674567,887.0900268554688,959.8800048828124,5,-0.021720901163740036,-0.007156967844835652,898.9515991210938,2024-07-15,2024-07-11
2024-07-15,898.9515991210938,910.6372,904.17773,901.6861,901.76965,901.5512,0.0111225512197527,-4.853819821529854,25.436128049178294,887.0900268554688,959.8800048828124,1,0.01976558846027169,-0.012879771838777561,909.27001953125,2024-07-16,2024-07-12
2024-07-16,909.27001953125,904.17773,901.6861,901.76965,901.5512,899.8951,0.0111451538468352,-4.8386971198595,34.24976135537899,887.0900268554688,959.8800048828124,2,-0.015228992799344712,-0.020121247860706418,909.8099975585938,2024-07-17,2024-07-15
2024-07-17,909.8099975585938,901.6861,901.76965,901.5512,899.8951,897.6707,0.0107479709702141,-4.557363566920057,30.62123530731408,887.0900268554688,959.8800048828124,3,-0.01894630220224455,-0.029270489154923328,923.9299926757812,2024-07-18,2024-07-16
2024-07-18,923.9299926757812,901.76965,901.5512,899.8951,897.6707,893.21533,0.0111479880953909,-3.2468900607867432,35.01947056768323,887.0900268554688,959.8800048828124,4,-0.010177538893199707,-0.045252285403101514,932.780029296875,2024-07-19,2024-07-17
2024-07-19,932.780029296875,901.5512,899.8951,897.6707,893.21533,892.7267,0.0110416192155057,-1.6889848768016948,45.24966531960416,887.0900268554688,959.8800048828124,5,-0.030700708760375874,-0.05378735717889246,941.760009765625,2024-07-22,2024-07-18
2024-07-22,941.760009765625,932.1924,930.1238,933.72546,930.05475,926.0061,0.0109449877303963,-0.0455200237823396,47.72985982954993,887.0900268554688,959.8800048828124,1,-0.011078471169803832,-0.08252689590867787,943.5999755859376,2024-07-23,2024-07-19
2024-07-23,943.5999755859376,930.1238,933.72546,930.05475,926.0061,920.4822,0.0105663425236952,1.1098635237839898,48.46111673488815,887.0900268554688,959.8800048828124,2,-0.009167236684088352,-0.07694850737539423,946.2000122070312,2024-07-24,2024-07-22
2024-07-24,946.2000122070312,933.72546,930.05475,926.0061,920.4822,916.6244,0.0102153028616696,1.944736389423136,52.44721133704213,887.0900268554688,959.8800048828124,3,-0.008286871976554549,-0.06705667742125507,947.1099853515624,2024-07-25,2024-07-23
2024-07-25,947.1099853515624,930.05475,926.0061,920.4822,916.6244,907.1279,0.0098567915614203,2.422665603386288,55.24843469388523,887.0900268554688,954.1300048828124,4,-0.011400955993048967,-0.06819735832874815,946.6400146484376,2024-07-26,2024-07-24
2024-07-26,946.6400146484376,926.0061,920.4822,916.6244,907.1279,916.34094,0.0095115563526503,2.5582290749683545,55.99687849404522,887.0900268554688,954.1300048828124,5,0.0032881265324324637,-0.035982093456063576,937.5270385742188,2024-07-29,2024-07-25
2024-07-29,937.5270385742188,931.18286,926.4029,924.6791,937.5785,931.2104,0.0095551200317791,1.9146907380786404,49.025537043893706,887.0900268554688,954.1300048828124,1,-0.001947274275511693,-0.027139144229286913,956.3099975585938,2024-07-30,2024-07-26
2024-07-30,956.3099975585938,926.4029,924.6791,937.5785,931.2104,927.3371,0.0106291819169539,2.592451262320429,59.269356858045576,887.0900268554688,956.3099975585938,2,-0.010408474810337234,-0.028345947095199987,955.5399780273438,2024-07-31,2024-07-29
2024-07-31,955.5399780273438,924.6791,937.5785,931.2104,927.3371,927.12787,0.0102565955710281,2.809112857909809,72.99920644155063,887.0900268554688,956.3099975585938,3,0.0002462533816531066,-0.02001922530176685,942.7999877929688,2024-08-01,2024-07-30
2024-08-01,942.7999877929688,937.5785,931.2104,927.3371,927.12787,927.3577,0.010551730886658,1.9551107164657184,63.81887880681643,887.0900268554688,956.3099975585938,4,0.023593370826798465,0.01488164689946495,948.0800170898438,2024-08-02,2024-07-31
2024-08-02,948.0800170898438,931.2104,927.3371,927.12787,927.3577,933.7753,0.0102815400760017,1.6203449459106365,75.77178973252313,887.0900268554688,956.3099975585938,5,-0.022732313002838966,-0.011185410743160967,930.9984741210938,2024-08-05,2024-08-01
2024-08-05,930.9984741210938,945.7933,940.51385,933.08154,939.03973,931.82446,0.0110830767492289,0.1978190530395789,60.64312138514039,887.0900268554688,956.3099975585938,1,0.00429420279958116,-0.0049944468711952935,953.1599731445312,2024-08-06,2024-08-02
2024-08-06,953.1599731445312,940.51385,933.08154,939.03973,931.82446,934.77386,0.0124027523723073,0.6720257382365373,67.52236658502267,887.0900268554688,956.3099975585938,2,-0.02479059580656718,-0.019202322532810838,944.5800170898438,2024-08-07,2024-08-05
2024-08-07,944.5800170898438,933.08154,939.03973,931.82446,934.77386,936.9884,0.012213082237629,0.3468294314869657,58.738240708791096,887.0900268554688,956.3099975585938,3,0.006878875148857098,-0.012675441267994792,944.0900268554688,2024-08-08,2024-08-06
2024-08-08,944.0900268554688,939.03973,931.82446,934.77386,936.9884,927.67004,0.0117757515999592,0.0531223687422297,55.15032421780545,887.0900268554688,956.3099975585938,4,-0.018619202580670492,-0.05348554220513352,935.1799926757812,2024-08-09,2024-08-07
2024-08-09,935.1799926757812,931.82446,934.77386,936.9884,927.67004,931.29425,0.0116502155117006,-0.7429198468068821,47.00169485020293,887.0900268554688,956.3099975585938,5,0.0019029332241082232,-0.029878334708595813,931.8300170898438,2024-08-12,2024-08-08
2024-08-12,931.8300170898438,924.6514,926.9141,928.63965,925.671,909.0117,0.0112805298034168,-1.4555629411977726,44.70960566550284,887.0900268554688,956.3099975585938,1,0.008832886712819966,-0.02546525189412581,933.52001953125,2024-08-13,2024-08-09
2024-08-13,933.52001953125,926.9141,928.63965,925.671,909.0117,921.2032,0.0108884012496076,-1.753618007790763,44.253549815808434,888.0,956.3099975585938,2,0.01866882114543386,0.017821250336697538,931.3400268554688,2024-08-14,2024-08-12
2024-08-14,931.3400268554688,928.63965,925.671,909.0117,921.2032,920.7501,0.0105248881840912,-2.01916998856583,42.93453917198136,895.8800048828125,956.3099975585938,3,-0.004696598507653004,0.006107414660529139,933.6400146484376,2024-08-15,2024-08-13
2024-08-15,933.6400146484376,925.671,909.0117,921.2032,920.7501,917.945,0.0101717179957903,-1.9599250068990572,44.269540792716406,895.8800048828125,956.3099975585938,4,-0.0027291121621621237,0.022222246442522322,932.2000122070312,2024-08-16,2024-08-14
2024-08-16,932.2000122070312,909.0117,921.2032,920.7501,917.945,912.84106,0.0098244612305368,-1.9344196752893157,47.48145386464872,895.8800048828125,956.3099975585938,5,0.02792926345594375,0.04917617465270208,937.8099975585938,2024-08-19,2024-08-15
2024-08-19,937.8099975585938,934.4969,935.5026,933.0195,938.11273,944.3538,0.0096071791988502,-1.4770760496948436,40.0089657718475,895.8800048828125,956.3099975585938,1,-0.0027822873448715467,0.037060310914598826,922.9099731445312,2024-08-20,2024-08-16
2024-08-20,922.9099731445312,935.5026,933.0195,938.11273,944.3538,941.68005,0.0102452937020573,-2.0785736091277043,34.7113280476966,895.8800048828125,956.3099975585938,2,0.009404466138288877,0.027496983460981842,923.3800048828124,2024-08-21,2024-08-19
2024-08-21,923.3800048828124,933.0195,938.11273,944.3538,941.68005,947.94446,0.009884963206414,-2.3265822480837324,39.718681233459634,898.9515991210938,956.3099975585938,3,-0.004088557498111929,0.028121933742551633,915.5800170898438,2024-08-22,2024-08-20
2024-08-22,915.5800170898438,938.11273,944.3538,941.68005,947.94446,950.4265,0.0098188467494191,-2.862500431882683,33.241032277882624,898.9515991210938,956.3099975585938,4,0.007682204488819919,0.0388819525373482,919.010009765625,2024-08-23,2024-08-21
2024-08-23,919.010009765625,944.3538,941.68005,947.94446,950.4265,950.668,0.0095222169662654,-2.8275856881544,42.805033059213535,898.9515991210938,956.3099975585938,5,-0.009732768985843696,0.00048317348900567183,908.4000244140624,2024-08-26,2024-08-22
2024-08-26,908.4000244140624,915.7909,910.05646,913.07605,916.0286,905.1182,0.009721852656011,-3.3262681708952297,18.81272247100698,898.9515991210938,956.3099975585938,1,0.01283688121007074,0.016232564829346596,906.3599853515624,2024-08-27,2024-08-23
2024-08-27,906.3599853515624,910.05646,913.07605,916.0286,905.1182,911.75854,0.0094035699129284,-3.5787621087045496,20.69916196019892,898.9515991210938,956.3099975585938,2,0.004044782599055961,0.010800450091235947,907.27001953125,2024-08-28,2024-08-26
2024-08-28,907.27001953125,913.07605,916.0286,905.1182,911.75854,912.40704,0.0090769377168634,-3.4672901814068133,21.95310415111122,898.9515991210938,956.3099975585938,3,0.004501323054126366,0.019520503711044603,912.3800048828124,2024-08-29,2024-08-27
2024-08-29,912.3800048828124,916.0286,905.1182,911.75854,912.40704,908.8101,0.0088812075661228,-2.8576013160567326,31.565347759100675,898.9515991210938,956.3099975585938,4,-0.020417457696083448,-0.008728919640821823,914.5800170898438,2024-08-30,2024-08-28
2024-08-30,914.5800170898438,905.1182,911.75854,912.40704,908.8101,911.3711,0.008591791928821,-2.146795260209549,35.78844788433811,898.9515991210938,956.3099975585938,5,0.0006029682943513182,0.0015697281970487912,913.52001953125,2024-09-02,2024-08-29
2024-09-02,913.52001953125,920.6986,918.0024,917.94324,914.15314,917.4605,0.0082995739377281,-1.6130257629381433,33.34999959350591,898.9515991210938,956.3099975585938,1,-0.000602968294351396,-0.011801165553951888,915.0999755859376,2024-09-03,2024-08-30
2024-09-03,915.0999755859376,918.0024,917.94324,914.15314,917.4605,921.35535,0.0080205657013812,-1.046048345691264,36.34372244514195,898.9515991210938,956.3099975585938,2,0.0,-0.01579014229368231,928.2999877929688,2024-09-04,2024-09-02
2024-09-04,928.2999877929688,917.94324,914.15314,917.4605,921.35535,923.39813,0.0086368770000278,0.2559702522003917,46.20521366194207,898.9515991210938,956.3099975585938,3,-0.02764023713283298,-0.04692120222696072,942.8300170898438,2024-09-05,2024-09-03
2024-09-05,942.8300170898438,914.15314,917.4605,921.35535,923.39813,925.9587,0.0093045503560608,2.034739631150086,56.36908061899614,898.9515991210938,956.3099975585938,4,-0.003105085111750596,-0.030277491617961977,942.1599731445312,2024-09-06,2024-09-04
2024-09-06,942.1599731445312,917.4605,921.35535,923.39813,925.9587,927.10364,0.0089834113789184,3.0444103859692726,52.770327526024055,898.9515991210938,956.3099975585938,5,0.014326561027738912,-0.016877678364688273,943.2100219726562,2024-09-09,2024-09-05
2024-09-09,943.2100219726562,940.12836,945.9573,945.9441,954.74756,947.57184,0.0086745878433929,3.621929888990133,65.69749441188908,898.9515991210938,956.3099975585938,1,-0.01557118096774766,-0.03148367681139164,943.4000244140624,2024-09-10,2024-09-06
2024-09-10,943.4000244140624,945.9573,945.9441,954.74756,947.57184,952.83276,0.0083736880881332,3.835169570857552,65.54829143613411,898.9515991210938,956.3099975585938,2,0.017286439839061352,-0.014595933712157162,949.2999877929688,2024-09-11,2024-09-09
2024-09-11,949.2999877929688,945.9441,954.74756,947.57184,952.83276,955.7547,0.0082462089788158,4.164562581907973,76.9845673524969,898.9515991210938,956.3099975585938,3,-0.01083079435184659,0.002108159485470008,941.6500244140624,2024-09-12,2024-09-10
2024-09-12,941.6500244140624,954.74756,947.57184,952.83276,955.7547,953.4015,0.0082690612107428,3.675274372378249,66.97150658758014,898.9515991210938,956.3099975585938,4,0.010463569894938275,0.015798086292642198,933.72998046875,2024-09-13,2024-09-11
2024-09-13,933.72998046875,947.57184,952.83276,955.7547,953.4015,950.0326,0.0083162098032389,2.6728893262168825,69.7858958638064,898.9515991210938,956.3099975585938,5,0.01217145342574411,0.013611289352515344,928.8200073242188,2024-09-16,2024-09-12
2024-09-16,928.8200073242188,936.2759,934.7646,930.5215,931.72565,929.9635,0.008162838946684,1.5874554346622574,66.79126781977496,898.9515991210938,956.3099975585938,1,0.01011089337881664,0.03998008318548353,922.3499755859376,2024-09-17,2024-09-13
2024-09-17,922.3499755859376,934.7646,930.5215,931.72565,929.9635,928.0039,0.0081155107509429,0.4036909470117142,60.40857457252689,898.9515991210938,956.3099975585938,2,0.00906053645250728,0.03146039659731232,929.4099731445312,2024-09-18,2024-09-16
2024-09-18,929.4099731445312,930.5215,931.72565,929.9635,928.0039,924.03516,0.0080884604312603,0.082884405013763,61.44639799410417,898.9515991210938,956.3099975585938,3,0.0001187212220558712,0.042816446438048404,930.25,2024-09-19,2024-09-17
2024-09-19,930.25,931.72565,929.9635,928.0039,924.03516,927.6658,0.0078121543550345,-0.0773525154960751,60.72844278222356,898.9515991210938,956.3099975585938,4,0.005797778381147515,0.03796221553272156,930.3599853515624,2024-09-20,2024-09-18
2024-09-20,930.3599853515624,929.9635,928.0039,924.03516,927.6658,932.3849,0.0075436256247503,-0.1749608650952053,61.68142866820212,898.9515991210938,956.3099975585938,5,0.011262404495693233,0.03701908583172897,927.9000244140624,2024-09-23,2024-09-19
2024-09-23,927.9000244140624,924.4348,929.35406,927.5496,928.6529,929.8,0.0073251090652968,-0.3918072458907237,58.77195330682,898.9515991210938,956.3099975585938,1,-0.0010504611301073035,0.025508902292358842,922.3099975585938,2024-09-24,2024-09-20
2024-09-24,922.3099975585938,929.35406,927.5496,928.6529,929.8,927.06854,0.0072729784742491,-0.8708827555248654,45.41699978331848,898.9515991210938,956.3099975585938,2,0.001750230130358872,0.01803945332479335,913.22998046875,2024-09-25,2024-09-23
2024-09-25,913.22998046875,927.5496,928.6529,929.8,927.06854,931.46313,0.0075357963214981,-1.7099425785857916,25.292158267296728,898.9515991210938,956.3099975585938,3,0.032233120582951455,0.05126381367872481,911.3699951171876,2024-09-26,2024-09-24
2024-09-26,911.3699951171876,928.6529,929.8,927.06854,931.46313,934.97516,0.007302669957271,-2.265985829593213,24.7995052447848,898.9515991210938,956.3099975585938,4,-0.0003387253064925078,0.04483248253491049,905.4000244140624,2024-09-27,2024-09-25
2024-09-27,905.4000244140624,929.8,927.06854,931.46313,934.97516,932.28564,0.0072862823869084,-2.872616093538096,21.360379544468728,898.9515991210938,956.3099975585938,5,0.03396927361253579,0.06882876616543135,899.75,2024-09-30,2024-09-26
2024-09-30,899.75,901.9392,908.4792,910.0447,913.1114,913.44684,0.0072501248842447,-3.452187258450963,19.46268202950725,898.9515991210938,956.3099975585938,1,-0.008770054674294606,0.06060960762030686,897.4099731445312,2024-10-01,2024-09-27
2024-10-01,897.4099731445312,908.4792,910.0447,913.1114,913.44684,909.99506,0.0070433567954148,-3.765311681652464,11.79503126803121,897.4099731445312,956.3099975585938,2,-0.009959156737551753,0.048262946395565824,903.72998046875,2024-10-02,2024-09-30
2024-10-02,903.72998046875,910.0447,913.1114,913.44684,909.99506,909.9357,0.0070522874155587,-3.3337728925072505,21.522980286895915,897.4099731445312,956.3099975585938,3,0.008747270990222236,0.023930453579292812,911.1699829101562,2024-10-03,2024-10-01
2024-10-03,911.1699829101562,913.1114,913.44684,909.99506,909.9357,907.0825,0.0071507122809254,-2.3790417901568803,32.93495835114668,897.4099731445312,956.3099975585938,4,0.013251060309858634,0.037940429599268334,920.3900146484376,2024-10-04,2024-10-02
2024-10-04,920.3900146484376,913.44684,909.99506,909.9357,907.0825,906.32574,0.0074068995064251,-1.027412835088504,44.01364772334239,897.4099731445312,956.3099975585938,5,-0.020664692030848586,-0.017245142709215823,923.8499755859376,2024-10-07,2024-10-03
2024-10-07,923.8499755859376,921.37573,919.43994,915.0498,920.0851,913.09937,0.0072193641880941,0.1368768013339893,51.11275924084609,897.4099731445312,956.3099975585938,1,0.00454323643639212,-0.00407395984970126,925.8699951171876,2024-10-08,2024-10-04
2024-10-08,925.8699951171876,919.43994,915.0498,920.0851,913.09937,919.1921,0.0069953442152933,1.030506129057545,47.16166180715223,897.4099731445312,956.3099975585938,2,-0.0007742044750523483,0.005115712028949617,933.1900024414062,2024-10-09,2024-10-07
2024-10-09,933.1900024414062,915.0498,920.0851,913.09937,919.1921,912.63715,0.007071281809073,2.0435294001296507,52.13538734345561,897.4099731445312,956.3099975585938,3,-0.023962600218861506,-0.027229604001752186,932.7999877929688,2024-10-10,2024-10-08
2024-10-10,932.7999877929688,920.0851,913.09937,919.1921,912.63715,913.74915,0.0068342199077936,2.5815889208923477,51.76504662845505,897.4099731445312,956.3099975585938,4,-0.013003527344188167,-0.05243693761411903,929.5900268554688,2024-10-11,2024-10-09
2024-10-11,929.5900268554688,913.09937,919.1921,912.63715,913.74915,911.74567,0.0066771686375911,2.607898047746554,51.209389640192576,897.4099731445312,956.3099975585938,5,0.006865063336545291,-0.025988367376033456,929.760009765625,2024-10-14,2024-10-10
2024-10-14,929.760009765625,926.8848,926.62585,920.839,920.0659,923.7647,0.00645315112145,2.521828967066206,55.77968254148638,897.4099731445312,956.3099975585938,1,0.015051426299758246,-0.01569930316931963,926.3099975585938,2024-10-15,2024-10-11
2024-10-15,926.3099975585938,926.62585,920.839,920.0659,923.7647,927.0812,0.0063269774067263,2.1330678967226104,61.11868026277696,897.4099731445312,956.3099975585938,2,-0.019966589598124317,-0.03441025300120396,939.489990234375,2024-10-16,2024-10-14
2024-10-16,939.489990234375,920.839,920.0659,923.7647,927.0812,928.9043,0.0071869613373189,2.6313912167667377,70.04561537243261,897.4099731445312,956.3099975585938,3,-0.014543239227710301,-0.025272044125808683,937.1300048828124,2024-10-17,2024-10-15
2024-10-17,937.1300048828124,920.0659,923.7647,927.0812,928.9043,930.6732,0.0069826691259054,2.661876348806738,73.84635991002065,897.4099731445312,956.3099975585938,4,0.007182639183070338,-0.00539608853382374,945.9099731445312,2024-10-18,2024-10-16
2024-10-18,945.9099731445312,923.7647,927.0812,928.9043,930.6732,932.6879,0.0071833479762042,3.1023903471374483,83.1323506605134,897.4099731445312,956.3099975585938,5,-0.010443370880604458,-0.02246299809091158,930.7589721679688,2024-10-21,2024-10-17
2024-10-21,930.7589721679688,945.6522,945.6019,945.7616,946.96814,946.0169,0.0082220505099929,2.2425204987428664,70.21863463992108,897.4099731445312,956.3099975585938,1,0.013785382802360822,-0.02369981935567907,951.75,2024-10-22,2024-10-18
2024-10-22,951.75,945.6019,945.7616,946.96814,946.0169,939.4623,0.0099439563851875,2.914059732526087,74.7164128089551,897.4099731445312,955.5399780273438,2,-0.005306331502970384,-0.009281577388423005,948.5499877929688,2024-10-23,2024-10-21
2024-10-23,948.5499877929688,945.7616,946.96814,946.0169,939.4623,938.63043,0.0096354492748982,2.959795922196738,70.11798127068676,897.4099731445312,953.1599731445312,3,0.005766385567984585,0.01104525856094856,944.8300170898438,2024-10-24,2024-10-22
2024-10-24,944.8300170898438,946.96814,946.0169,939.4623,938.63043,936.1616,0.0093591991790931,2.570964810884508,63.98138817717676,897.4099731445312,953.1599731445312,4,-0.010054969620869941,-0.00623339491539567,946.4600219726562,2024-10-25,2024-10-23
2024-10-25,946.4600219726562,946.0169,939.4623,938.63043,936.1616,932.704,0.0090375830977908,2.2657016981712816,63.21113029783638,897.4099731445312,953.1599731445312,5,0.0034786367081482633,0.007698586853333055,935.7185668945312,2024-10-28,2024-10-24
2024-10-28,935.7185668945312,941.2597,940.6928,939.16235,937.83655,931.87866,0.0092680429877687,1.2341381195952843,55.22230198271341,897.4099731445312,953.1599731445312,1,0.004619474922603476,-0.0014956842728116415,946.4400024414062,2024-10-29,2024-10-25
2024-10-29,946.4400024414062,940.6928,939.16235,937.83655,931.87866,932.04553,0.0094408087329647,1.1683184352083105,56.78132137805565,897.4099731445312,951.75,2,-0.0017298446095613334,0.0020818470088422797,955.75,2024-10-30,2024-10-28
2024-10-30,955.75,939.16235,937.83655,931.87866,932.04553,929.0023,0.0094697658418904,1.6185211816718752,60.76305103627994,897.4099731445312,955.75,3,0.00011546014043166252,-0.003564873157259643,961.3400268554688,2024-10-31,2024-10-29
2024-10-31,961.3400268554688,937.83655,931.87866,932.04553,929.0023,924.49066,0.0092611779575495,2.12746764197271,64.5649052622619,897.4099731445312,961.3400268554688,4,-0.0011547609895255664,0.005343190367856402,960.9400024414062,2024-11-01,2024-10-30
2024-11-01,960.9400024414062,931.87866,932.04553,929.0023,924.49066,924.2453,0.0089368680183187,2.259433702340853,64.2732968956844,897.4099731445312,961.3400268554688,5,-0.0032403544840676935,-0.001389059382812976,947.4153442382812,2024-11-04,2024-10-31
2024-11-04,947.4153442382812,959.60846,957.6086,955.9696,957.5907,960.2196,0.0094576814681444,1.305464699082492,58.8455257433219,897.4099731445312,961.3400268554688,1,0.007851309416842709,0.0018435066469856885,953.8599853515624,2024-11-05,2024-11-01
2024-11-05,953.8599853515624,957.6086,955.9696,957.5907,960.2196,962.68176,0.009295897022453,0.9922798798424416,56.38302140922167,897.4099731445312,961.3400268554688,2,0.01359326842658909,0.017313086318757512,956.0800170898438,2024-11-06,2024-11-04
2024-11-06,956.0800170898438,955.9696,957.5907,960.2196,962.68176,959.65607,0.0089874808070974,0.8252775314119827,58.42790203256428,897.4099731445312,961.3400268554688,3,0.009822251413223898,0.027236014088185545,962.9400024414062,2024-11-07,2024-11-05
2024-11-07,962.9400024414062,957.5907,960.2196,962.68176,959.65607,954.8475,0.0088738629261857,1.0528840881142043,57.70559767401527,897.4099731445312,962.9400024414062,4,-0.05258911842530857,-0.024263436698556816,957.1799926757812,2024-11-08,2024-11-06
2024-11-08,957.1799926757812,960.2196,962.68176,959.65607,954.8475,955.95276,0.0087259458665114,0.7081140083217345,63.065059397334366,897.4099731445312,962.9400024414062,5,0.043447321295367755,0.022371605775549922,945.7733154296876,2024-11-11,2024-11-07
2024-11-11,945.7733154296876,969.665,965.40765,966.9729,962.0537,967.971,0.0090407661170325,-0.3393083031795374,46.73508445529177,897.4099731445312,962.9400024414062,1,-0.028404111061249033,-0.014031022988213265,968.6599731445312,2024-11-12,2024-11-08
2024-11-12,968.6599731445312,965.40765,966.9729,962.0537,967.971,960.9315,0.0108265597348706,0.4170620614538372,59.04099319706987,897.4099731445312,968.6599731445312,2,-0.017770402770283862,-0.04447472119309048,985.4099731445312,2024-11-13,2024-11-11
2024-11-13,985.4099731445312,966.9729,962.0537,967.971,960.9315,968.02625,0.0114062694893871,1.871786818049148,66.33053978110081,897.4099731445312,985.4099731445312,3,-0.021968305360875098,-0.07437363226057027,979.4099731445312,2024-11-14,2024-11-12
2024-11-14,979.4099731445312,962.0537,967.971,960.9315,968.02625,970.5304,0.011125199436453,2.2318494699604354,62.80946907753184,897.4099731445312,985.4099731445312,4,-0.013072124212538998,-0.03706331991150083,975.0800170898438,2024-11-15,2024-11-13
2024-11-15,975.0800170898438,967.971,960.9315,968.02625,970.5304,967.95667,0.0107971887931101,1.98841550926014,66.10479914014243,897.4099731445312,985.4099731445312,5,0.0017201059739166069,-0.0764172119838589,961.9932861328124,2024-11-18,2024-11-14
2024-11-18,961.9932861328124,972.22046,976.4813,977.2688,978.7242,973.2164,0.011052716719153,0.8161138559171626,56.24281889026893,897.4099731445312,985.4099731445312,1,-0.005416024015032468,-0.05493989504576591,972.3499755859376,2024-11-19,2024-11-15
2024-11-19,972.3499755859376,976.4813,977.2688,978.7242,973.2164,985.4566,0.0110291681101338,0.6173141516993574,56.60742415069481,897.4099731445312,985.4099731445312,2,0.01397245036674078,-0.02445978743095288,970.7899780273438,2024-11-20,2024-11-18
2024-11-20,970.7899780273438,977.2688,978.7242,973.2164,985.4566,979.52435,0.0106442840147878,0.2772059089666037,53.88611622305685,897.4099731445312,985.4099731445312,3,0.005341190903602937,0.0025488418048948414,972.75,2024-11-21,2024-11-19
2024-11-21,972.75,978.7242,973.2164,985.4566,979.52435,982.95056,0.0102761311689661,0.0903648627177027,54.79511802242735,897.4099731445312,985.4099731445312,4,0.0032633707191537793,0.01906046895632941,973.0900268554688,2024-11-22,2024-11-20
2024-11-22,973.0900268554688,973.2164,985.4566,979.52435,982.95056,982.67413,0.009911410052019,-0.0942070212456229,61.67440419891561,897.4099731445312,985.4099731445312,5,-0.007388136557883757,0.00982076167507639,964.489013671875,2024-11-25,2024-11-21
2024-11-25,964.489013671875,976.19836,973.9081,974.91364,972.8518,964.9295,0.0098699421943774,-0.8380626456370592,54.74011643288999,897.4099731445312,985.4099731445312,1,-0.009527380066168888,0.005677551917394998,975.7000122070312,2024-11-26,2024-11-22
2024-11-26,975.7000122070312,973.9081,974.91364,972.8518,964.9295,974.59503,0.0100027180696923,-0.6272059246975292,58.10015492030725,897.4099731445312,985.4099731445312,2,0.004286314657899773,-0.004016552332532198,976.969970703125,2024-11-27,2024-11-25
2024-11-27,976.969970703125,974.91364,972.8518,964.9295,974.59503,973.3886,0.0096535855519181,-0.4619918813300003,56.07259416514014,897.4099731445312,985.4099731445312,3,-0.012914458354139725,-0.022033917091298035,976.8499755859376,2024-11-28,2024-11-26
2024-11-28,976.8499755859376,972.8518,964.9295,974.59503,973.3886,978.1589,0.0093140301842142,-0.4216971966410305,58.95076969737036,897.4099731445312,985.4099731445312,4,0.006908460270460658,-0.018462638279616122,977.4400024414062,2024-11-29,2024-11-27
2024-11-29,977.4400024414062,964.9295,974.59503,973.3886,978.1589,969.0506,0.0089878651818928,-0.4155387830710282,65.98325480751154,897.4099731445312,985.4099731445312,5,0.0,-0.011184051727036284,960.9544067382812,2024-12-02,2024-11-28
2024-12-02,960.9544067382812,977.4586,978.0439,977.4846,983.67804,980.11975,0.0098377545740146,-1.5198784001048686,45.8420665042769,897.4099731445312,985.4099731445312,1,0.00331395542562012,0.0015955435270758422,978.260009765625,2024-12-03,2024-11-29
2024-12-03,978.260009765625,978.0439,977.4846,983.67804,980.11975,984.48883,0.0106185834853637,-1.102425890348977,46.16486638498594,897.4099731445312,985.4099731445312,2,-0.0012261194171518171,-0.003910496093641412,972.0,2024-12-04,2024-12-02
2024-12-04,972.0,977.4846,983.67804,980.11975,984.48883,986.10767,0.0103953279841884,-1.2544168111800058,46.03645656833959,897.4099731445312,985.4099731445312,3,0.017150550571007218,0.02649167447523416,974.72998046875,2024-12-05,2024-12-03
2024-12-05,974.72998046875,983.67804,980.11975,984.48883,986.10767,988.4485,0.0100512717725292,-1.1787769829707813,49.809507296518255,897.4099731445312,985.4099731445312,4,-0.0009651810670761947,0.018441182129404488,969.6799926757812,2024-12-06,2024-12-04
2024-12-06,969.6799926757812,980.11975,984.48883,986.10767,988.4485,984.5078,0.0098047126363073,-1.458240503839324,54.584157486024345,897.4099731445312,985.4099731445312,5,-0.001691427036356159,0.016720019200111805,957.8364868164062,2024-12-09,2024-12-05
2024-12-09,957.8364868164062,971.5811,971.59247,968.48834,968.3668,953.4554,0.0100402194312021,-2.375848811880511,41.49534368197831,897.4099731445312,985.4099731445312,1,0.0008460711338127912,0.014213965432842037,969.1799926757812,2024-12-10,2024-12-06
2024-12-10,969.1799926757812,971.59247,968.48834,968.3668,953.4554,969.3189,0.0101763822252801,-2.1601754069886123,49.15362135063781,897.4099731445312,985.4099731445312,2,0.02033065993438071,0.03631450449593498,974.469970703125,2024-12-11,2024-12-09
2024-12-11,974.469970703125,968.48834,968.3668,953.4554,969.3189,970.2282,0.0099179968464141,-1.6268874633978037,50.87361207903555,897.4099731445312,985.4099731445312,3,0.0,0.018692684080309226,974.7000122070312,2024-12-12,2024-12-10
2024-12-12,974.7000122070312,968.3668,953.4554,969.3189,970.2282,972.93207,0.0095685046809899,-1.2416860377629837,50.81866270401393,897.4099731445312,985.4099731445312,4,-0.0022517461047863417,0.017382912422678014,976.3900146484376,2024-12-13,2024-12-11
2024-12-13,976.3900146484376,953.4554,969.3189,970.2282,972.93207,965.8554,0.0092418661749407,-0.8734939179737085,56.50902783526912,897.4099731445312,985.4099731445312,5,-0.004518987951738658,0.014510263472407563,965.2628784179688,2024-12-16,2024-12-12
2024-12-16,965.2628784179688,981.4102,982.037,980.313,978.1315,967.88574,0.0094558134440973,-1.351233118428869,44.28636535559775,897.4099731445312,985.4099731445312,1,-0.01102599903417866,0.002537139949653557,983.5700073242188,2024-12-17,2024-12-13
2024-12-17,983.5700073242188,982.037,980.313,978.1315,967.88574,978.5858,0.0104090001428476,-0.4526360328673515,53.045069906931566,897.4099731445312,985.4099731445312,2,-0.0013265764037010605,-0.01894161902904953,982.1099853515624,2024-12-18,2024-12-16
2024-12-18,982.1099853515624,980.313,978.1315,967.88574,978.5858,980.2061,0.0100507087080295,0.0010542882728783,52.39717835029168,897.4099731445312,985.4099731445312,3,-0.012629201966152723,-0.03125369397812252,993.9199829101562,2024-12-19,2024-12-17
2024-12-19,993.9199829101562,978.1315,967.88574,978.5858,980.2061,977.7037,0.010200194561053,0.9989617147912632,56.81371059646967,897.4099731445312,993.9199829101562,4,0.002075347014305267,-0.02705275613333742,991.1500244140624,2024-12-20,2024-12-18
2024-12-20,991.1500244140624,967.88574,978.5858,980.2061,977.7037,975.6641,0.0098730708990222,1.3529263536698055,64.08156248203234,897.4099731445312,993.9199829101562,5,-0.019580631900887508,-0.041597135021522465,974.4860229492188,2024-12-23,2024-12-19
2025-01-06,1010.3800048828124,987.58813,1000.6619,1004.71564,1006.08057,1000.2002,0.009810323338009,1.7916498180711384,70.66590026788533,926.3099975585938,1010.3800048828124,1,0.012705730469062898,-0.0024693794475704784,1010.5800170898438,2025-01-07,2025-01-03
2025-01-07,1010.5800170898438,1000.6619,1004.71564,1006.08057,1000.2002,987.17096,0.0094659506640954,2.1159527164327088,64.83230816257574,926.3099975585938,1010.5800170898438,2,0.021429735158765856,0.013506833982797561,1004.3400268554688,2025-01-08,2025-01-06
2025-01-08,1004.3400268554688,1004.71564,1006.08057,1000.2002,987.17096,995.8884,0.0092956754166774,1.7452780548569358,61.59853614326232,930.7589721679688,1010.5800170898438,3,0.008084555631823191,0.024123089130108175,1000.8400268554688,2025-01-09,2025-01-07
2025-01-09,1000.8400268554688,1006.08057,1000.2002,987.17096,995.8884,998.3788,0.0090258162470201,1.129318234856404,53.95335116754581,930.7589721679688,1010.5800170898438,4,0.01597552148922448,0.04498830036864565,1006.0700073242188,2025-01-10,2025-01-08
2025-01-10,1006.0700073242188,1000.2002,987.17096,995.8884,998.3788,1001.04175,0.0088149940502432,0.9464610751026754,58.29060547952087,930.7589721679688,1010.5800170898438,5,0.012225389355236115,0.0729597294085199,1008.9400024414062,2025-01-13,2025-01-09
2025-01-13,1008.9400024414062,998.927,1001.14197,1002.89014,1001.5442,998.25653,0.0085378452185022,0.8918840186502273,72.61137975344715,930.7589721679688,1010.5800170898438,1,-0.0011690706262276669,0.05817542837432925,1008.010009765625,2025-01-14,2025-01-10
2025-01-14,1008.010009765625,1001.14197,1002.89014,1001.5442,998.25653,993.731,0.0082464731233469,0.6760323376608621,64.62923271357197,935.7185668945312,1010.5800170898438,2,0.004900805420346145,0.04082867761393312,1006.0999755859376,2025-01-15,2025-01-13
2025-01-15,1006.0999755859376,1002.89014,1001.5442,998.25653,993.731,1000.1729,0.0079801854440851,0.3063273745475889,62.56841159809692,935.7185668945312,1010.5800170898438,3,0.0034860233805795665,0.03605338146364766,1005.489990234375,2025-01-16,2025-01-14
2025-01-16,1005.489990234375,1001.5442,998.25653,993.731,1000.1729,994.63434,0.007706187565392,-0.0581614030833108,63.34862953751338,935.7185668945312,1010.5800170898438,4,0.011303415838173602,0.031224120797995875,1013.0599975585938,2025-01-17,2025-01-15
2025-01-17,1013.0599975585938,998.25653,993.731,1000.1729,994.63434,994.4977,0.0076984411682148,0.1218869115210559,67.44949378207187,935.7185668945312,1013.0599975585938,5,0.01163071682537297,0.03061106244377288,1000.23291015625,2025-01-20,2025-01-16
2025-01-20,1000.23291015625,1014.0189,1013.94946,1007.1233,1006.2729,1010.52893,0.0082186056870113,-0.6681706431088195,64.46420026443607,935.7185668945312,1013.0599975585938,1,-0.016689905700843943,0.014738613581286432,1007.2999877929688,2025-01-21,2025-01-17
2025-01-21,1007.2999877929688,1013.94946,1007.1233,1006.2729,1010.52893,1004.3534,0.0081464888114429,-0.75373360753035,60.57072293112931,945.7733154296876,1013.0599975585938,2,0.0,0.00977774314311354,1003.4299926757812,2025-01-22,2025-01-20
2025-01-22,1003.4299926757812,1007.1233,1006.2729,1010.52893,1004.3534,1004.79297,0.0079407880925548,-1.0895081799584094,57.21504144637216,945.7733154296876,1013.0599975585938,3,-0.006128301580466994,0.00011593210184236907,990.8099975585938,2025-01-23,2025-01-21
2025-01-23,990.8099975585938,1006.2729,1010.52893,1004.3534,1004.79297,1004.762,0.0084163162209573,-2.1204300318301383,40.71053440339451,945.7733154296876,1013.0599975585938,4,-0.009204786171019986,-0.02018576031546615,987.0499877929688,2025-01-24,2025-01-22
2025-01-24,987.0499877929688,1010.52893,1004.3534,1004.79297,1004.762,1002.81726,0.0081964171488887,-2.9627576486669,33.144065173159305,945.7733154296876,1013.0599975585938,5,0.006533654698869979,-0.025167228157144683,966.6174926757812,2025-01-27,2025-01-23
2025-01-27,966.6174926757812,989.12616,989.2744,987.4454,989.9735,986.8389,0.009743746183401,-4.699968188291887,25.422532808309384,945.7733154296876,1013.0599975585938,1,-0.002212010159230562,-0.010951039186174481,986.8499755859376,2025-01-28,2025-01-24
2025-01-28,986.8499755859376,989.2744,987.4454,989.9735,986.8389,982.0137,0.0109093981361189,-4.301150484956984,41.54491104891299,945.7733154296876,1013.0599975585938,2,-0.020369261459914086,-0.030893440556739114,994.030029296875,2025-01-29,2025-01-27
2025-01-29,994.030029296875,987.4454,989.9735,986.8389,982.0137,991.7639,0.0106905657504004,-3.407590690353634,46.82100226967474,945.7733154296876,1013.0599975585938,3,0.0040361400459950495,-0.020992781408593158,991.2999877929688,2025-01-30,2025-01-28
2025-01-30,991.2999877929688,989.9735,986.8389,982.0137,991.7639,991.2644,0.0103409042015706,-2.875450555014736,42.94038571273538,945.7733154296876,1013.0599975585938,4,0.008728571240526836,-0.003277522791118762,983.77001953125,2025-01-31,2025-01-29
2025-01-31,983.77001953125,986.8389,982.0137,991.7639,991.2644,990.44934,0.010195366677952,-2.8975033041755736,38.48258388273928,945.7733154296876,1013.0599975585938,5,0.007138274803439134,-0.002674702122338482,987.900146484375,2025-02-03,2025-01-30
2025-02-03,987.900146484375,984.0724,985.2194,990.91583,989.25836,988.09375,0.0098943422275935,-2.515033342651385,41.05984811401543,945.7733154296876,1013.0599975585938,1,-0.006081895310409236,-0.0065267781302247845,985.1500244140624,2025-02-04,2025-01-31
2025-02-04,985.1500244140624,985.2194,990.91583,989.25836,988.09375,987.43994,0.0095806662244556,-2.3324152397945284,40.75542618162927,957.8364868164062,1013.0599975585938,2,0.007480180735855045,0.021529763102614546,971.7000122070312,2025-02-05,2025-02-03
2025-02-05,971.7000122070312,990.91583,989.25836,988.09375,987.43994,990.7274,0.0099771322639078,-2.962159498390724,36.60716661675133,957.8364868164062,1013.0599975585938,3,0.011231533344878048,0.028906579234281207,970.219970703125,2025-02-06,2025-02-04
2025-02-06,970.219970703125,989.25836,988.09375,987.43994,990.7274,993.3242,0.0096376577944692,-3.297417585513249,32.158836433144984,957.8364868164062,1013.0599975585938,4,0.020964651419344747,0.041573702557784656,962.0700073242188,2025-02-07,2025-02-05
2025-02-07,962.0700073242188,988.09375,987.43994,990.7274,993.3242,994.93695,0.0095854714809498,-3.848666012819198,33.462422471137444,957.8364868164062,1013.0599975585938,5,0.004275338767884391,0.038596008179180456,947.8109130859376,2025-02-10,2025-02-06
2025-02-10,947.8109130859376,959.2636,966.6771,970.70496,976.2145,970.33093,0.0101048208204807,-4.8874942185230825,25.733483579558225,947.8109130859376,1013.0599975585938,1,0.028336209444502193,0.07496479661922238,961.3900146484376,2025-02-11,2025-02-07
2025-02-11,961.3900146484376,966.6771,970.70496,976.2145,970.33093,978.0062,0.0104554826155953,-4.389762683344527,34.10989451090352,947.8109130859376,1013.0599975585938,2,0.02564242139116298,0.09466694191592809,961.030029296875,2025-02-12,2025-02-10
2025-02-12,961.030029296875,970.70496,976.2145,970.33093,978.0062,971.99164,0.0100871614210885,-3.834591985720168,37.59410922645458,947.8109130859376,1013.0599975585938,3,-0.0228089383976497,0.05803105189777886,956.0,2025-02-13,2025-02-11
2025-02-13,956.0,976.2145,970.33093,978.0062,971.99164,976.7178,0.0098418804408567,-3.561813982923548,37.20047522408849,947.8109130859376,1013.0599975585938,4,0.0222769264194491,0.05942039099462237,952.4400024414062,2025-02-14,2025-02-12
2025-02-14,952.4400024414062,970.33093,978.0062,971.99164,976.7178,977.5758,0.0095553104150852,-3.378401638217447,43.21138111587681,947.8109130859376,1013.0599975585938,5,0.014999774021689321,0.07084321859047207,928.5040893554688,2025-02-17,2025-02-13
2025-02-17,928.5040893554688,958.66705,962.3403,956.5308,961.29706,955.6431,0.0115140652260142,-4.553260001273388,23.019106288360533,928.5040893554688,1013.0599975585938,1,-0.023872587026951185,0.016370142615055504,947.1599731445312,2025-02-18,2025-02-14
2025-02-18,947.1599731445312,962.3403,956.5308,961.29706,955.6431,961.8524,0.0123111326692182,-3.789381338193437,30.405540917699184,928.5040893554688,1013.0599975585938,2,0.0,-0.009360737935553285,948.969970703125,2025-02-19,2025-02-17
2025-02-19,948.969970703125,956.5308,961.29706,955.6431,961.8524,968.6577,0.011876355843125,-2.91681198606161,32.166358011516834,928.5040893554688,1013.0599975585938,3,-0.015473949459281645,-0.0020676954116424233,950.760009765625,2025-02-20,2025-02-18
2025-02-20,950.760009765625,961.29706,955.6431,961.8524,968.6577,968.67487,0.0114602542109883,-2.0164846430792007,35.386081168862745,928.5040893554688,1013.0599975585938,4,-0.006125566588133508,-0.030012727837424712,942.2899780273438,2025-02-21,2025-02-19
2025-02-21,942.2899780273438,955.6431,961.8524,968.6577,968.67487,966.62787,0.0113228088618964,-1.796133548948049,30.555045253260573,928.5040893554688,1013.0599975585938,5,0.011129332905545155,-0.03375975046488873,930.7056274414062,2025-02-24,2025-02-20
2025-02-24,930.7056274414062,935.96954,931.0346,935.6788,933.3953,933.8988,0.0114314941756249,-2.2081843642972334,28.414685671060624,928.5040893554688,1013.0599975585938,1,-0.010471269367841866,-0.020723702939401897,943.3300170898438,2025-02-25,2025-02-21
2025-02-25,943.3300170898438,931.0346,935.6788,933.3953,933.8988,933.6271,0.011590079508801,-1.4450339156631973,38.67816159147906,928.5040893554688,1013.0599975585938,2,-0.009474510390437337,-0.02995805184596864,941.8200073242188,2025-02-26,2025-02-24
2025-02-26,941.8200073242188,935.6788,933.3953,933.8988,933.6271,933.8013,0.0111879100480323,-0.8840265152369238,38.66891224187533,928.5040893554688,1013.0599975585938,3,-0.006886650883797669,-0.021592143138089753,941.9400024414062,2025-02-27,2025-02-25
2025-02-27,941.9400024414062,933.3953,933.8988,933.6271,933.8013,938.44104,0.0107916078668918,-0.3730894173361196,41.41861723718035,928.5040893554688,1013.0599975585938,4,0.012405953665810794,-0.0032917144602511196,952.239990234375,2025-02-28,2025-02-26
2025-02-28,952.239990234375,933.8988,933.6271,933.8013,938.44104,940.2172,0.0107992780417604,0.7301941145089703,51.95406706398227,928.5040893554688,1013.0599975585938,5,0.008331578098502572,-0.0060763626595096935,940.6137084960938,2025-03-03,2025-02-27
2025-03-03,940.6137084960938,950.8673,949.7684,956.2526,954.6051,943.77826,0.0109441205613597,0.7459654118529855,40.67297274932743,928.5040893554688,1013.0599975585938,1,-0.014404511438083157,-0.009978026799712601,950.0999755859376,2025-03-04,2025-02-28
2025-03-04,950.0999755859376,949.7684,956.2526,954.6051,943.77826,952.1789,0.0108836590592725,1.424931689137754,45.46482745486561,928.5040893554688,1013.0599975585938,2,0.013640030476108149,0.013172401591244692,947.030029296875,2025-03-05,2025-03-03
2025-03-05,947.030029296875,956.2526,954.6051,943.77826,952.1789,946.22656,0.0105398106586787,1.6794272856421824,46.21657802194408,928.5040893554688,1013.0599975585938,3,-0.010764556028160344,0.009251023403499046,939.0700073242188,2025-03-06,2025-03-04
2025-03-06,939.0700073242188,954.6051,943.77826,952.1789,946.22656,944.4355,0.0104297898039406,1.338630842578544,44.56252792533388,928.5040893554688,1013.0599975585938,4,0.05144233767329024,0.04942760641594816,928.510009765625,2025-03-07,2025-03-05
2025-03-07,928.510009765625,943.77826,952.1789,946.22656,944.4355,951.7664,0.0105261707972603,0.4736066161769088,50.002701725594925,928.5040893554688,1013.0599975585938,5,0.002618996735577343,0.04344975656317446,914.76953125,2025-03-10,2025-03-06
2025-03-10,914.76953125,926.9861,928.8081,920.3388,926.1846,915.2461,0.0109351456649264,-0.8786977392817565,34.52466005488117,914.76953125,1013.0599975585938,1,-0.020292329949920637,0.03732416465304328,942.1199951171876,2025-03-11,2025-03-07
2025-03-11,942.1199951171876,928.8081,920.3388,926.1846,915.2461,924.85626,0.0131632994627281,0.158800866269102,47.36928464607355,914.76953125,1013.0599975585938,2,-0.009332316703541513,0.013766022728977697,937.239990234375,2025-03-12,2025-03-10
2025-03-12,937.239990234375,920.3388,926.1846,915.2461,924.85626,923.04553,0.0127712571901032,0.5825591196458149,44.92804859284444,914.76953125,1013.0599975585938,3,0.021430455186379798,0.04693530897151047,938.5900268554688,2025-03-13,2025-03-11
2025-03-13,938.5900268554688,926.1846,915.2461,924.85626,923.04553,912.853,0.01231761913828,0.9956816267303292,48.53365340423659,914.76953125,1013.0599975585938,4,0.01694430857674518,0.011433987840227288,937.7000122070312,2025-03-14,2025-03-12
2025-03-14,937.7000122070312,915.2461,924.85626,923.04553,912.853,913.6733,0.0118821356922578,1.2352570909270408,53.02871405721245,914.76953125,1013.0599975585938,5,0.015947632797405603,0.025005265763140345,916.7955932617188,2025-03-17,2025-03-13
2025-03-17,916.7955932617188,940.7385,935.751,938.24054,937.6349,925.4045,0.0129879510374272,0.0734097633880352,39.27884088965353,914.76953125,1013.0599975585938,1,-0.005937733472506577,0.039824913300253756,920.0,2025-03-18,2025-03-14
2025-03-18,920.0,935.751,938.24054,937.6349,925.4045,931.48804,0.0125533870335372,-0.3675146463543175,41.30277285406574,914.76953125,1013.0599975585938,2,0.013057342105819809,0.06336882487162808,916.6900024414062,2025-03-19,2025-03-17
2025-03-19,916.6900024414062,938.24054,937.6349,925.4045,931.48804,935.9567,0.0121480769987517,-0.7483609748383468,40.185204164911084,914.76953125,1013.0599975585938,3,0.01198830020340408,0.05337558472913837,916.2899780273438,2025-03-20,2025-03-18
2025-03-20,916.2899780273438,937.6349,925.4045,931.48804,935.9567,941.2998,0.0117174249611491,-0.8841735781420859,34.86090398913085,914.76953125,1013.0599975585938,4,0.01648665430651425,0.05289361319120863,926.5499877929688,2025-03-21,2025-03-19
2025-03-21,926.5499877929688,925.4045,931.48804,935.9567,941.2998,934.81854,0.0116777603844775,-0.1769705805116501,44.00860979569679,914.76953125,1013.0599975585938,5,0.0017714450653270794,0.038072894515949196,915.72509765625,2025-03-24,2025-03-20
2025-03-24,915.72509765625,927.29926,925.8668,921.07117,918.8741,923.633,0.0117111424207433,-0.3236401877212866,35.52084522366157,914.76953125,1013.0599975585938,1,0.0004915325117683023,0.044768441929863075,927.97998046875,2025-03-25,2025-03-21
2025-03-25,927.97998046875,925.8668,921.07117,918.8741,923.633,925.26154,0.0118309400573596,0.475822894301082,42.55215372750252,914.76953125,1013.0599975585938,2,-0.00462985906017308,0.02645187424024765,919.280029296875,2025-03-26,2025-03-24
2025-03-26,919.280029296875,921.07117,918.8741,923.633,925.26154,930.6032,0.0116993277284787,0.4880213932934172,42.30737658051112,914.76953125,1013.0599975585938,3,0.02322734568162919,0.03805328581196973,923.1199951171876,2025-03-27,2025-03-25
2025-03-27,923.1199951171876,918.8741,923.633,925.26154,930.6032,928.2745,0.0113354619019488,0.8052941454545781,47.7893385588821,914.76953125,1013.0599975585938,4,0.0063467838469931665,0.027580744797815793,932.72998046875,2025-03-28,2025-03-26
2025-03-28,932.72998046875,923.633,925.26154,930.6032,928.2745,931.96344,0.0112700471102967,1.663543305709661,57.62463647048335,914.76953125,1013.0599975585938,5,-0.02298064644999868,0.002458172895057004,916.3352661132812,2025-03-31,2025-03-27
2025-03-31,916.3352661132812,929.7692,924.88556,919.18896,922.75684,919.04474,0.0118879635797534,1.152524423656958,37.93113102383562,914.76953125,1013.0599975585938,1,0.002938365143867073,0.004914023567330483,940.6799926757812,2025-04-01,2025-03-28
2025-04-01,940.6799926757812,924.88556,919.18896,922.75684,919.04474,925.55145,0.0134283862508841,2.407332422361129,51.361966997293024,914.76953125,1013.0599975585938,2,-0.018258628772333623,-0.008688812726354047,946.030029296875,2025-04-02,2025-03-31
2025-04-02,946.030029296875,919.18896,922.75684,919.04474,925.55145,922.67584,0.0130299661070951,3.485463856862664,52.85521345763851,914.76953125,1013.0599975585938,3,-0.00019920859062432655,-0.031641912320292516,955.3400268554688,2025-04-03,2025-04-01
2025-04-03,955.3400268554688,922.75684,919.04474,925.55145,922.67584,917.25757,0.0128260164033866,4.6411117910655655,56.35868646901863,914.76953125,1013.0599975585938,4,0.0008961737723840239,-0.03690569622017882,949.0599975585938,2025-04-04,2025-04-02
2025-04-04,949.0599975585938,919.04474,925.55145,922.67584,917.25757,924.15436,0.0125023432103606,4.77926746586546,63.001073298094525,914.76953125,1013.0599975585938,5,-0.04322195932757321,-0.056204018771529,955.0399780273438,2025-04-07,2025-04-03
2025-04-28,935.25,941.9768,943.7498,939.47284,955.1697,958.1992,0.0122830843009262,-4.514860955392704,45.03630473955754,914.76953125,1000.8300170898438,1,-0.0029941980225562568,0.034552842210761624,943.489990234375,2025-04-29,2025-04-25
2025-04-29,943.489990234375,943.7498,939.47284,955.1697,958.1992,962.9099,0.0120685072557377,-4.272217692073456,45.914980828570165,914.76953125,1000.8300170898438,2,0.0005168878655258812,0.024782804774027577,945.1900024414062,2025-04-30,2025-04-28
2025-04-30,945.1900024414062,939.47284,955.1697,958.1992,962.9099,963.1728,0.0116482515646974,-3.825574413191852,28.940524210131088,914.76953125,1000.8300170898438,3,-0.0031052435334028017,-0.00975261937351989,950.72998046875,2025-05-01,2025-04-29
2025-05-01,950.72998046875,955.1697,958.1992,962.9099,963.1728,964.84955,0.011336970376869,-3.0207047497009003,25.63701952329427,914.76953125,1000.8300170898438,4,-0.05607352061762226,-0.05697442543363044,947.260009765625,2025-05-02,2025-04-30
2025-05-02,947.260009765625,958.1992,962.9099,963.1728,964.84955,967.6002,0.0109833234422712,-2.601607408024634,30.477498355741403,914.76953125,1000.8300170898438,5,0.004594671450517154,-0.05546392962787922,947.9299926757812,2025-05-05,2025-05-01
2025-05-05,947.9299926757812,956.11163,960.867,959.9914,962.25745,958.78674,0.0105937099764331,-2.176142701739002,24.174004868959088,914.76953125,1000.8300170898438,1,0.010099495402357292,-0.043015141441810484,939.2999877929688,2025-05-06,2025-05-02
2025-05-06,939.2999877929688,960.867,959.9914,962.25745,958.78674,958.9388,0.010523141183776,-2.357534242697721,27.268828220299625,914.76953125,1000.8300170898438,2,0.005925177969817894,-0.03782546872315758,938.5399780273438,2025-05-07,2025-05-05
2025-05-07,938.5399780273438,959.9914,962.25745,958.78674,958.9388,956.8719,0.0101521285656442,-2.4021646783027646,29.16474761356461,914.76953125,1000.8300170898438,3,0.017039799034740594,-0.018245868037416145,946.030029296875,2025-05-08,2025-05-06
2025-05-08,946.030029296875,962.25745,958.78674,958.9388,956.8719,956.677,0.0100128954856442,-1.8267616605659416,33.67522868617067,914.76953125,1000.8300170898438,4,-0.025344934089104907,0.012390341830550685,941.010009765625,2025-05-09,2025-05-07
2025-05-09,941.010009765625,958.78674,958.9388,956.8719,956.677,958.58923,0.0097707246170412,-1.6870971966757842,31.448717344952,914.76953125,1000.8300170898438,5,-0.012094951453395206,-0.004365854960933389,934.3300170898438,2025-05-12,2025-05-08
2025-05-12,934.3300170898438,944.1862,939.64825,942.09454,946.7466,951.7216,0.009628800824932,-1.9299570309679024,31.902838009810157,914.76953125,1000.8300170898438,1,0.010902897168546432,-0.0035656393260454274,945.8900146484376,2025-05-13,2025-05-09
2025-05-13,945.8900146484376,939.64825,942.09454,946.7466,951.7216,955.1741,0.0098492824022742,-1.23141224353449,45.99503296997778,914.76953125,1000.8300170898438,2,-0.007073377887293767,-0.016434030580881873,940.0,2025-05-14,2025-05-12
2025-05-14,940.0,942.09454,946.7466,951.7216,955.1741,945.6423,0.0096580665550003,-1.09024452433998,48.8685240734151,914.76953125,1000.8300170898438,3,0.022247173859377273,-0.011298875177932762,940.72998046875,2025-05-15,2025-05-13
2025-05-15,940.72998046875,946.7466,951.7216,955.1741,945.6423,946.00433,0.0093162431222975,-0.8808726877702044,52.93943607000831,914.76953125,1000.8300170898438,4,-0.015173795972083464,-0.0011913440703725517,938.9199829101562,2025-05-16,2025-05-14
2025-05-16,938.9199829101562,951.7216,955.1741,945.6423,946.00433,940.6912,0.0090030145564421,-0.7998152262220266,52.69099778468974,914.76953125,1000.8300170898438,5,0.007238909746494404,0.018307369178190317,941.8599853515624,2025-05-19,2025-05-15
2025-05-19,941.8599853515624,942.1682,930.97095,937.0173,936.5095,936.32086,0.0087185851420092,-0.4984750513299585,48.70408292005931,914.76953125,1000.8300170898438,1,-0.01934837533708332,-0.012036441071987002,940.5800170898438,2025-05-20,2025-05-16
2025-05-20,940.5800170898438,930.97095,937.0173,936.5095,936.32086,927.94995,0.0084175314184339,-0.3430352353873078,46.31023890384833,914.76953125,1000.8300170898438,2,0.0169772425792154,0.012012735098903228,942.3800048828124,2025-05-21,2025-05-19
2025-05-21,942.3800048828124,937.0173,936.5095,936.32086,927.94995,929.1644,0.008129401451684,-0.089853903116889,42.89121542413877,914.76953125,1000.8300170898438,3,-0.0030260346385719466,-0.013243575430261126,943.2000122070312,2025-05-22,2025-05-20
2025-05-22,943.2000122070312,936.5095,936.32086,927.94995,929.1644,930.17664,0.0078389973582101,0.1489824653383387,46.38017446384746,914.76953125,1000.8300170898438,4,0.003996732489320712,0.005855551952188467,942.4500122070312,2025-05-23,2025-05-21
2025-05-23,942.4500122070312,936.32086,927.94995,929.1644,930.17664,920.50134,0.0075610265662582,0.2657737305065808,45.12110297937456,914.76953125,1000.8300170898438,5,0.002261338227305517,0.0008612740038163401,940.219970703125,2025-05-26,2025-05-22
2025-05-26,940.219970703125,942.92456,944.29376,944.96216,947.0301,948.52325,0.0073213494155974,0.2048885550078125,50.92441881145978,914.76953125,1000.8300170898438,1,0.03342458026543332,0.05509821662590008,940.6300048828124,2025-05-27,2025-05-23
2025-05-27,940.6300048828124,944.29376,944.96216,947.0301,948.52325,949.9178,0.0070556598654654,0.2038474101385419,52.11497958704677,914.76953125,1000.8300170898438,2,0.0,0.03733675518572619,938.4600219726562,2025-05-28,2025-05-26
2025-05-28,938.4600219726562,944.96216,947.0301,948.52325,949.9178,948.58093,0.0068345420819497,0.0752546500655446,41.41528383614509,914.76953125,1000.8300170898438,3,-0.0202812436660701,0.01959083770773821,938.9199829101562,2025-05-29,2025-05-27
2025-05-29,938.9199829101562,947.0301,948.52325,949.9178,948.58093,950.29425,0.006585104847172,0.0411214053996666,47.35640205725542,914.76953125,1000.8300170898438,4,-0.014111840791877541,0.0012936701049730578,938.4299926757812,2025-05-30,2025-05-28
2025-05-30,938.4299926757812,948.52325,949.9178,948.58093,950.29425,949.05756,0.0063467187853929,0.0072654875633264,56.14873993577942,914.76953125,1000.8300170898438,5,0.002043566522742006,0.001075640416875799,921.7597045898438,2025-06-02,2025-05-29
2025-06-02,921.7597045898438,937.9703,934.6626,936.08795,934.16724,932.21857,0.0079413086412358,-1.0572471923083215,18.6213924812169,914.76953125,1000.8300170898438,1,-0.0002148995271001742,-0.032039905709952646,938.6599731445312,2025-06-03,2025-05-30
2025-06-03,938.6599731445312,934.6626,936.08795,934.16724,932.21857,935.1648,0.0090775628918164,-0.5671478717078777,48.64535682245319,914.76953125,1000.8300170898438,2,0.03837293468076727,0.005825419364221747,939.6099853515624,2025-06-04,2025-06-02
2025-06-04,939.6099853515624,936.08795,934.16724,932.21857,935.1648,934.19104,0.0087643704561106,-0.144955135966009,48.87280304091313,915.72509765625,1000.8300170898438,3,-0.00518450319141898,0.02112530328766563,937.6500244140624,2025-06-05,2025-06-03
2025-06-05,937.6500244140624,934.16724,932.21857,935.1648,934.19104,934.44086,0.0084826648193819,0.0271657213281448,48.725721837821695,915.72509765625,1000.8300170898438,4,0.011370771023053533,0.047480617966164276,930.260009765625,2025-06-06,2025-06-04
2025-06-06,930.260009765625,932.21857,935.1648,934.19104,934.44086,936.5404,0.0084754191133713,-0.3130717482577214,39.31478907764479,915.72509765625,1000.8300170898438,5,0.010022539816397101,0.05587187011257291,931.0900268554688,2025-06-09,2025-06-05
2025-06-09,931.0900268554688,932.31494,929.90356,932.83624,931.63226,929.7254,0.0081846384615722,-0.4313129048437263,41.18531452673583,915.72509765625,1000.8300170898438,1,-0.017140032791401298,0.03815148098800861,935.719970703125,2025-06-10,2025-06-06
2025-06-10,935.719970703125,929.90356,932.83624,931.63226,929.7254,931.5562,0.0080067679287128,-0.1607271786946658,44.12286201183642,915.72509765625,1000.8300170898438,2,0.016325676622677046,0.015513556447825906,937.6900024414062,2025-06-11,2025-06-09
2025-06-11,937.6900024414062,932.83624,931.63226,929.7254,931.5562,932.46246,0.0077485499959764,0.1700001068091912,45.23442514949825,915.72509765625,1000.8300170898438,3,-0.005207608171614772,0.015490093298274395,933.6099853515624,2025-06-12,2025-06-10
2025-06-12,933.6099853515624,931.63226,929.7254,931.5562,932.46246,929.4077,0.0075830400592328,0.1345982389491786,42.77073494075718,915.72509765625,1000.8300170898438,4,-0.01714026613943747,-0.013053741787069396,929.6099853515624,2025-06-13,2025-06-11
2025-06-13,929.6099853515624,929.7254,931.5562,932.46246,929.4077,931.18677,0.0074229707566942,-0.1236307376004006,41.5674000655847,915.72509765625,1000.8300170898438,5,0.004260792393544969,-0.018723926075535434,913.9111328125,2025-06-16,2025-06-12
2025-06-16,913.9111328125,931.64844,931.9284,926.7643,927.4731,926.2268,0.0085442984215143,-1.254298298275654,32.91617819918234,913.9111328125,1000.8300170898438,1,-0.0038443294507411077,-0.005590051932799723,935.7999877929688,2025-06-17,2025-06-13
2025-06-17,935.7999877929688,931.9284,926.7643,927.4731,926.2268,930.8969,0.0103910532665545,-0.470903517968313,48.64170612332418,913.9111328125,1000.8300170898438,2,0.004880837537628862,-0.01690603544999363,945.02001953125,2025-06-18,2025-06-16
2025-06-18,945.02001953125,926.7643,927.4731,926.2268,930.8969,929.06866,0.010352616628726,0.6637001889712089,52.85908078477324,913.9111328125,1000.8300170898438,3,-0.005401492987357544,-0.017096623965461525,942.760009765625,2025-06-19,2025-06-17
2025-06-19,942.760009765625,927.4731,926.2268,930.8969,929.06866,931.60254,0.0100107803215849,1.2248149096221628,51.99635077782349,913.9111328125,1000.8300170898438,4,0.009227140365298444,0.00916468878405733,940.5800170898438,2025-06-20,2025-06-18
2025-06-20,940.5800170898438,926.2268,930.8969,929.06866,931.60254,929.1699,0.0096825586161901,1.3993781859465186,60.01527860060493,913.9111328125,1000.8300170898438,5,0.0,0.004873994923362875,939.5,2025-06-23,2025-06-19
2025-06-23,939.5,945.1801,942.3498,940.38684,939.7993,931.65247,0.0093511873048322,1.3895160165158145,50.53752941902455,913.9111328125,1000.8300170898438,1,-0.0039291905707601535,0.004788723808827911,947.8900146484376,2025-06-24,2025-06-20
2025-06-24,947.8900146484376,942.3498,940.38684,939.7993,931.65247,934.5805,0.0093234799811012,1.865764855562976,54.8377226828786,913.9111328125,1000.8300170898438,2,0.0035163385627902445,0.00341862558664852,935.4400024414062,2025-06-25,2025-06-23
2025-06-25,935.4400024414062,940.38684,939.7993,931.65247,934.5805,938.1007,0.009694241689411,1.287518622757526,48.8497593672073,913.9111328125,1000.8300170898438,3,0.004943401982937207,0.013852762854439359,936.9299926757812,2025-06-26,2025-06-24
2025-06-26,936.9299926757812,939.7993,931.65247,934.5805,938.1007,938.1161,0.0093632181227002,0.9653318049528326,53.69865072236071,913.9111328125,1000.8300170898438,4,0.009407022913502858,0.0140351536768969,930.75,2025-06-27,2025-06-25
2025-06-27,930.75,931.65247,934.5805,938.1007,938.1161,937.68567,0.009220909000948,0.328847055855755,49.822008571448656,913.9111328125,1000.8300170898438,5,0.030568031659263944,0.04551083630942393,919.1043090820312,2025-06-30,2025-06-26
2025-06-30,919.1043090820312,933.70996,931.70087,932.71893,929.28766,922.6541,0.0095396855417794,-0.8208255672317635,41.89744801652948,913.9111328125,1000.8300170898438,1,0.0005921175328644001,0.050248615334513205,931.1400146484376,2025-07-01,2025-06-27
2025-07-01,931.1400146484376,931.70087,932.71893,929.28766,922.6541,933.21454,0.0098305221822541,-0.7187244419127854,47.09145853942792,913.9111328125,1000.8300170898438,2,-0.007624898296181614,0.03861248754123834,928.1300048828124,2025-07-02,2025-06-30
2025-07-02,928.1300048828124,932.71893,929.28766,922.6541,933.21454,932.81274,0.0095313173740035,-0.7959323762528938,47.54325248153828,913.9111328125,1000.8300170898438,3,0.003572071455522733,0.037189182664681984,925.760009765625,2025-07-03,2025-07-01
2025-07-03,925.760009765625,929.28766,922.6541,933.21454,932.81274,930.3591,0.0092289911320696,-0.938822057337212,48.24840552086324,913.9111328125,1000.8300170898438,4,0.019810456383350664,0.048035834704737546,927.2899780273438,2025-07-04,2025-07-02
2025-07-04,927.2899780273438,922.6541,933.21454,932.81274,930.3591,930.31946,0.0089177067639341,-0.8643629544283438,56.98778089126488,913.9111328125,988.8900146484376,5,-0.010150398354574054,0.006218604453699726,930.0,2025-07-07,2025-07-03
2025-07-07,930.0,929.52094,929.66766,933.3189,932.7169,915.8985,0.0086409192478981,-0.580298784643241,46.21170624906817,913.9111328125,988.8900146484376,1,-0.015521100680582477,-0.009864889083736028,940.9400024414062,2025-07-08,2025-07-04
2025-07-08,940.9400024414062,929.66766,933.3189,932.7169,915.8985,922.77893,0.0088968735885608,0.346791412254134,47.39367388776818,913.9111328125,971.260009765625,2,-0.006797970921758149,-0.009045780631216718,943.22998046875,2025-07-09,2025-07-07
2025-07-09,943.22998046875,933.3189,932.7169,915.8985,922.77893,924.3786,0.0086108818122731,1.0755035075475687,50.300103672177656,913.9111328125,968.9500122070312,3,0.12443711051778991,0.11826468675963543,948.9400024414062,2025-07-10,2025-07-08
2025-07-10,948.9400024414062,932.7169,915.8985,922.77893,924.3786,926.77454,0.0084614086200716,1.8574836845011669,55.10805339793512,913.9111328125,968.9500122070312,4,-0.03634795017511664,0.05719554564282536,949.5599975585938,2025-07-11,2025-07-09
2025-07-11,949.5599975585938,915.8985,922.77893,924.3786,926.77454,930.7442,0.0081718912326196,2.302791366295598,56.18153165080117,913.9111328125,968.9000244140624,5,0.01901523296442158,0.0884833678604466,937.8051147460938,2025-07-14,2025-07-10
2025-07-14,937.8051147460938,949.8161,948.32764,949.35944,954.22943,942.5471,0.0085929448295068,1.7187511592066165,44.04924228509437,913.9111328125,961.1500244140624,1,0.002520242449624556,0.10829928518606531,967.97998046875,2025-07-15,2025-07-11
2025-07-15,967.97998046875,948.32764,949.35944,954.22943,942.5471,950.7356,0.0118342942155347,3.192093204300748,65.87918316482228,913.9111328125,967.97998046875,2,-0.008486090965581885,0.10642992124748905,966.8400268554688,2025-07-16,2025-07-14
2025-07-16,966.8400268554688,949.35944,954.22943,942.5471,950.7356,948.9182,0.0114177486028602,3.872013523360909,64.64583129107916,913.9111328125,967.97998046875,3,0.0056053193852702386,-0.017537639937346385,967.4299926757812,2025-07-17,2025-07-15
2025-07-17,967.4299926757812,954.22943,942.5471,950.7356,948.9182,948.40955,0.0110138010346851,4.120564243833078,69.0010313639614,913.9111328125,967.97998046875,4,-0.008965419068541565,0.009736377861406166,964.4500122070312,2025-07-18,2025-07-16
2025-07-18,964.4500122070312,942.5471,950.7356,948.9182,948.40955,950.18054,0.0106627769330333,3.8484941859119246,75.80702531988527,913.9111328125,967.97998046875,5,-0.0019121251718409395,-0.011175162112175514,963.3900146484376,2025-07-21,2025-07-17
2025-07-21,963.3900146484376,971.44836,970.66455,972.11694,968.6223,956.6304,0.0102957663224409,3.378128799381005,70.97434415479249,913.9111328125,967.97998046875,1,0.016630897874152062,0.0028767118707508916,953.6199951171876,2025-07-22,2025-07-18
2025-07-22,953.6199951171876,970.66455,972.11694,968.6223,956.6304,974.0748,0.0103187134937947,2.2445803803456457,65.23798264971353,913.9111328125,967.97998046875,2,0.005809515450518906,0.017316408827306524,950.22998046875,2025-07-23,2025-07-21
2025-07-23,950.22998046875,972.11694,968.6223,956.6304,974.0748,976.177,0.0100103671880494,1.1568253198004923,64.45196472549212,913.9111328125,967.97998046875,3,0.01529990821973815,0.027226834256098353,948.0599975585938,2025-07-24,2025-07-22
2025-07-24,948.0599975585938,968.6223,956.6304,974.0748,976.177,977.43396,0.0096864064623589,0.2300175033111049,62.17473435655254,913.9111328125,967.97998046875,4,0.01705576477175168,0.054307297408622335,949.75,2025-07-25,2025-07-23
2025-07-25,949.75,956.6304,974.0748,976.177,977.43396,975.0505,0.0093618579806964,-0.3015159103636033,61.71694289989122,913.9111328125,967.97998046875,5,-0.003110981742288766,0.05304409153048228,936.902587890625,2025-07-28,2025-07-24
2025-07-28,936.902587890625,956.28564,956.6807,959.6431,958.22876,963.05927,0.0097637726646977,-1.4844917450591302,47.65776094849546,913.9111328125,967.97998046875,1,-0.0023395420911621516,0.03325567276353716,958.5599975585938,2025-07-29,2025-07-25
2025-07-29,958.5599975585938,956.6807,959.6431,958.22876,963.05927,966.70807,0.0112031714120178,-0.8083649474404409,57.26165935683082,913.9111328125,967.97998046875,2,-0.02967166185911239,-0.0027626894313318353,960.239990234375,2025-07-30,2025-07-28
2025-07-30,960.239990234375,959.6431,958.22876,963.05927,966.70807,969.9684,0.0108178187016881,-0.2755019749899841,55.56515450195596,913.9111328125,967.97998046875,3,0.0015180785029724258,-0.0164121707724854,981.4299926757812,2025-07-31,2025-07-29
2025-07-31,981.4299926757812,958.22876,963.05927,966.70807,969.9684,963.7141,0.0119372296122248,1.3853436188276715,63.05136582956575,913.9111328125,981.4299926757812,4,-0.005996298009491309,-0.038826557665286816,972.2000122070312,2025-08-01,2025-07-30
2025-08-01,972.2000122070312,963.05927,966.70807,969.9684,963.7141,962.723,0.0118017320492299,1.7216328755854606,64.3827959579955,913.9111328125,981.4299926757812,5,-0.25171204689975507,-0.25038944728076956,946.9133911132812,2025-08-04,2025-07-31
2025-08-04,946.9133911132812,975.34546,979.2639,971.66046,980.4688,975.94946,0.0134347972162643,0.1814657996424244,40.81516217397159,913.9111328125,981.4299926757812,1,0.018758362788043485,-0.2344062217256714,966.280029296875,2025-08-05,2025-08-01
2025-08-05,966.280029296875,979.2639,971.66046,980.4688,975.94946,987.5638,0.014034536977417,0.3951634421492711,49.78932890637019,913.9111328125,981.4299926757812,2,0.0005664247692132296,-0.21090256882712116,966.3499755859376,2025-08-06,2025-08-04
2025-08-06,966.3499755859376,971.66046,980.4688,975.94946,987.5638,985.71594,0.0135268000223542,0.4645766750997513,49.59210159309747,913.9111328125,981.4299926757812,3,-0.011618793284061735,-0.22120104760364112,974.3499755859376,2025-08-07,2025-08-05
2025-08-07,974.3499755859376,980.4688,975.94946,987.5638,985.71594,984.52545,0.0132191914770074,0.9449351165864311,53.602396489484086,913.9111328125,981.4299926757812,4,0.006167912535331675,-0.21166972016508326,969.8300170898438,2025-08-08,2025-08-06
2025-08-08,969.8300170898438,975.94946,987.5638,985.71594,984.52545,981.05707,0.0128129044566977,0.8565366696081771,52.2858290427867,913.9111328125,981.4299926757812,5,-0.002850748171675486,0.011084137503954374,967.780029296875,2025-08-11,2025-08-07
2025-08-11,967.780029296875,966.08057,962.0932,961.68396,961.6979,958.113,0.0123727721362177,0.5719619558960183,55.31740603695806,913.9111328125,981.4299926757812,1,0.017433119829275943,0.009745092845735045,968.6900024414062,2025-08-12,2025-08-08
2025-08-12,968.6900024414062,962.0932,961.68396,961.6979,958.113,964.61523,0.0119365348139362,0.3669398105205257,57.06371682821366,913.9111328125,981.4299926757812,2,-0.00720806458524645,0.0019252772945803865,956.3499755859376,2025-08-13,2025-08-11
2025-08-13,956.3499755859376,961.68396,961.6979,958.113,964.61523,957.93396,0.0120312368445948,-0.6238931022036995,52.94309095297967,913.9111328125,981.4299926757812,3,0.019033274217507272,0.03311188376798834,952.6199951171876,2025-08-14,2025-08-12
2025-08-14,952.6199951171876,961.6979,958.113,964.61523,957.93396,960.8422,0.0116588077329656,-1.504420857316533,51.00435214993134,913.9111328125,981.4299926757812,4,-0.005895178664802649,0.020724227824573435,965.510009765625,2025-08-15,2025-08-13
2025-08-15,965.510009765625,958.113,964.61523,957.93396,960.8422,953.776,0.0117934521458688,-1.205574616191473,60.00815678101819,913.9111328125,981.4299926757812,5,-0.0039121324246721165,0.019641421940717097,963.5999755859376,2025-08-18,2025-08-14
2025-08-18,963.5999755859376,961.963,959.2406,971.2894,965.5494,960.2635,0.011393426812973,-1.1249424084608934,52.04589139419915,913.9111328125,981.4299926757812,1,0.0030193399399282292,0.005049946697623178,963.6900024414062,2025-08-19,2025-08-15
2025-08-19,963.6900024414062,959.2406,971.2894,965.5494,960.2635,960.6089,0.0109938393276133,-1.055106208863502,51.41878666819945,913.9111328125,981.4299926757812,2,-0.00470071048434155,0.00757312473158709,963.0399780273438,2025-08-20,2025-08-18
2025-08-20,963.0399780273438,971.2894,965.5494,960.2635,960.6089,962.7379,0.0106117264018313,-1.040521209643119,40.89992582265572,913.9111328125,981.4299926757812,3,-0.010827956116400377,-0.02206946370231232,965.77001953125,2025-08-21,2025-08-19
2025-08-21,965.77001953125,965.5494,960.2635,960.6089,962.7379,959.6863,0.0102652713579819,-0.8432516934379484,46.59944467290769,913.9111328125,981.4299926757812,4,0.003848380140796914,-0.012494368012545436,970.4299926757812,2025-08-22,2025-08-20
2025-08-22,970.4299926757812,960.2635,960.6089,962.7379,959.6863,960.29004,0.0099838962577314,-0.4167345853716711,65.90751826927053,913.9111328125,981.4299926757812,5,0.0012418493801091871,-0.0073916435742335815,959.52001953125,2025-08-25,2025-08-21
2025-08-25,959.52001953125,969.00226,974.3757,964.6126,966.4863,962.32495,0.0101171827368153,-0.8615760350994153,44.83653085885633,913.9111328125,981.4299926757812,1,0.003604074293522632,-0.006811061642008607,962.1300048828124,2025-08-26,2025-08-22
2025-08-26,962.1300048828124,974.3757,964.6126,966.4863,962.32495,969.24164,0.0097878293542363,-0.9644729517762788,46.89708036534908,913.9111328125,981.4299926757812,2,0.004262868581374833,0.0021314846700646027,966.0499877929688,2025-08-27,2025-08-25
2025-08-27,966.0499877929688,964.6126,966.4863,962.32495,969.24164,964.4405,0.0095036799678368,-0.7618524205556865,43.50751719956254,913.9111328125,981.4299926757812,3,-0.0035886086139926654,0.009412586143516415,968.1699829101562,2025-08-28,2025-08-26
2025-08-28,968.1699829101562,966.4863,962.32495,969.24164,964.4405,972.1715,0.0091883055452322,-0.4914957749849371,48.65081790258188,913.9111328125,981.4299926757812,4,-0.00812182105277228,-0.0025982560861105976,967.8200073242188,2025-08-29,2025-08-27
2025-08-29,967.8200073242188,962.32495,969.24164,964.4405,972.1715,965.1259,0.0088693966834126,-0.3493635289910997,50.03341526450095,913.9111328125,981.4299926757812,5,0.011038585829641259,0.007221045955739741,965.9600219726562,2025-09-01,2025-08-28
2025-09-01,965.9600219726562,965.7657,969.764,970.33923,969.06464,977.1915,0.0085791728952652,-0.3906196851624894,47.75384269265688,913.9111328125,981.4299926757812,1,0.0122468306693877,0.015963938997440145,966.9600219726562,2025-09-02,2025-08-29
2025-09-02,966.9600219726562,969.764,970.33923,969.06464,977.1915,974.018,0.0082826120846493,-0.3612495381420433,60.732397287929615,913.9111328125,981.4299926757812,2,0.0,0.01164223621210304,973.1400146484376,2025-09-03,2025-09-01
2025-09-03,973.1400146484376,970.33923,969.06464,977.1915,974.018,968.9941,0.0081668177770993,0.042246567753128,69.77642405547289,913.9111328125,981.4299926757812,3,0.0112237356170585,0.026738559202860702,967.9099731445312,2025-09-04,2025-09-02
2025-09-04,967.9099731445312,969.06464,977.1915,974.018,968.9941,968.3408,0.0080263064251563,-0.069172369870873,52.71366085070966,913.9111328125,981.4299926757812,4,-0.0024102020135148045,0.03261967807309602,971.739990234375,2025-09-05,2025-09-03
2025-09-05,971.739990234375,977.1915,974.018,968.9941,968.3408,965.79694,0.0078129972926958,0.0808601149381704,58.82099270065254,913.9111328125,981.4299926757812,5,-0.015586431517168008,0.005488942099886781,966.7100219726562,2025-09-08,2025-09-04
2025-09-08,966.7100219726562,970.6129,972.26935,970.84753,967.32587,971.5873,0.007681698757439,-0.1787075277519236,52.95616888160267,919.1043090820312,981.4299926757812,1,-0.0012262060033473832,-0.007967196219578743,970.0399780273438,2025-09-09,2025-09-05
2025-09-09,970.0399780273438,972.26935,970.84753,967.32587,971.5873,968.6354,0.0074663233504568,-0.1474794801702721,56.51043026696122,919.1043090820312,981.4299926757812,2,0.001783104664788798,-0.006196719896335799,966.6699829101562,2025-09-10,2025-09-08
2025-09-10,966.6699829101562,970.84753,967.32587,971.5873,968.6354,968.2182,0.0072755996090499,-0.3628624493452297,50.82717463622828,919.1043090820312,981.4299926757812,3,0.0023355300255342216,-0.014990708484330898,961.3900146484376,2025-09-11,2025-09-09
2025-09-11,961.3900146484376,967.32587,971.5873,968.6354,968.2182,971.5953,0.0071917340087035,-0.8425886821431847,41.78480106939426,919.1043090820312,981.4299926757812,4,0.010827696674733928,-0.0018645656890414898,952.3400268554688,2025-09-12,2025-09-10
2025-09-12,952.3400268554688,971.5873,968.6354,968.2182,971.5953,973.8385,0.0074266627819411,-1.7015255185533626,43.246790076822336,919.1043090820312,981.4299926757812,5,0.008861649127066629,0.02283867285421701,939.7928466796876,2025-09-15,2025-09-11
2025-09-15,939.7928466796876,957.73444,958.5402,953.93286,957.193,955.79285,0.0080468600429836,-2.972421853438853,32.29936292177679,919.1043090820312,981.4299926757812,1,-0.00043574574458165135,0.02364750580927535,951.0700073242188,2025-09-16,2025-09-12
2025-09-16,951.0700073242188,958.5402,953.93286,957.193,955.79285,956.42615,0.0083908507338835,-2.9077154112445047,39.36899755874011,919.1043090820312,981.4299926757812,2,0.014496124151625057,0.03674422955889191,947.260009765625,2025-09-17,2025-09-15
2025-09-17,947.260009765625,953.93286,957.193,955.79285,956.42615,956.2584,0.0081805679565085,-2.965470960502576,35.508214390559814,919.1043090820312,981.4299926757812,3,-0.004844718213337427,0.02932680995512264,951.6400146484376,2025-09-18,2025-09-16
2025-09-18,951.6400146484376,957.193,955.79285,956.42615,956.2584,960.73,0.007988836611279,-2.567529941547688,39.37961874588864,919.1043090820312,981.4299926757812,4,-0.01347256315564885,0.004615364300429615,955.0599975585938,2025-09-19,2025-09-17
2025-09-19,955.0599975585938,955.79285,956.42615,956.2584,960.73,962.44183,0.0077690097073412,-1.9602423071405364,42.98891801023557,919.1043090820312,981.4299926757812,5,-0.00658479329356115,-0.010783136885352353,954.9400024414062,2025-09-22,2025-09-18
2025-09-22,954.9400024414062,952.7339,958.763,961.9444,964.5515,964.7896,0.0075036425206311,-1.4750206301130475,42.17999015232135,925.760009765625,981.4299926757812,1,0.006147083897539443,-0.0042498105017862815,955.7899780273438,2025-09-23,2025-09-19
2025-09-23,955.7899780273438,958.763,961.9444,964.5515,964.7896,966.3045,0.0072498285488202,-1.0264805178345546,37.87121763565898,925.760009765625,981.4299926757812,2,0.0008751230140683835,-0.017720971340503936,948.0900268554688,2025-09-24,2025-09-22
2025-09-24,948.0900268554688,961.9444,964.5515,964.7896,966.3045,964.27026,0.0073534419696311,-1.1677417083232269,36.60708393823409,925.760009765625,981.4299926757812,3,0.0025115780623503393,-0.010468392426800657,952.010009765625,2025-09-25,2025-09-23
2025-09-25,952.010009765625,964.5515,964.7896,966.3045,964.27026,962.816,0.0071826406231079,-0.9270552176146504,36.68406665381436,927.2899780273438,981.4299926757812,4,0.0359897946923935,0.039706837475414876,959.1300048828124,2025-09-26,2025-09-24
2025-09-26,959.1300048828124,964.7896,966.3045,964.27026,962.816,965.1229,0.0072119455614995,-0.253258253840499,45.02454654789872,930.0,981.4299926757812,5,-0.011108339286396362,0.035014297239563265,959.510009765625,2025-09-29,2025-09-25
2025-09-29,959.510009765625,958.616,956.06793,957.50543,957.76263,956.3563,0.0069675145713083,0.2271292093469132,42.80977406945872,936.902587890625,981.4299926757812,1,0.0032924609806411808,0.032063934796977035,964.9400024414062,2025-09-30,2025-09-26
2025-09-30,964.9400024414062,956.06793,957.50543,957.76263,956.3563,954.20154,0.0068921138296769,0.8828693897517046,48.85103319453632,936.902587890625,981.4299926757812,2,0.026266398390743108,0.058604882695763916,961.260009765625,2025-10-01,2025-09-29
2025-10-01,961.260009765625,957.50543,957.76263,956.3563,954.20154,953.91705,0.0067479953350375,1.0307520518704227,49.911782393256615,936.902587890625,981.4299926757812,3,-0.007464320808828171,0.04809684813175413,959.5499877929688,2025-10-02,2025-09-30
2025-10-02,959.5499877929688,957.76263,956.3563,954.20154,953.91705,952.5438,0.0065427638635636,0.9759368424864084,55.43375063478397,936.902587890625,981.4299926757812,4,0.005293001339195736,0.016412428769158143,961.469970703125,2025-10-03,2025-10-01
2025-10-03,961.469970703125,956.3563,954.20154,953.91705,952.5438,956.2801,0.0063421199874338,1.026382111800595,69.45286722724418,936.902587890625,981.4299926757812,5,0.013876902206789601,0.042127651544435034,947.3361206054688,2025-10-06,2025-10-02
2025-10-06,947.3361206054688,960.51337,959.52545,956.6921,953.12274,949.4879,0.0073589168095066,0.1133007352282515,46.812660992505776,936.902587890625,981.4299926757812,1,0.03214425535149481,0.07263285307489423,961.4299926757812,2025-10-07,2025-10-03
2025-10-07,961.4299926757812,959.52545,956.6921,953.12274,949.4879,949.4671,0.0081228753568205,0.4453338065425907,60.28933762231167,936.902587890625,981.4299926757812,2,-0.014136641324961854,0.030159038634841144,959.1099853515624,2025-10-08,2025-10-06
2025-10-08,959.1099853515624,956.6921,953.12274,949.4879,949.4671,950.5825,0.0078759445436416,0.491864326688993,55.59149570728374,936.902587890625,981.4299926757812,3,0.012157573009370483,0.05057232865741804,950.469970703125,2025-10-09,2025-10-07
2025-10-09,950.469970703125,953.12274,949.4879,949.4671,950.5825,952.711,0.0080039950654555,-0.0474409889236004,46.81326206399155,936.902587890625,981.4299926757812,4,-0.00039624630372070505,0.044612332535692696,950.4600219726562,2025-10-10,2025-10-08
2025-10-10,950.4600219726562,949.4879,949.4671,950.5825,952.711,954.8218,0.0077306805682505,-0.3748068079723023,46.88490443362131,936.902587890625,981.4299926757812,5,0.005829193522269696,0.03623933371301177,947.030029296875,2025-10-13,2025-10-09
2025-10-13,947.030029296875,948.72845,947.70807,946.89484,948.2666,945.0904,0.0075379881842764,-0.7695769535567907,44.11986184914024,936.902587890625,981.4299926757812,1,-0.045755712154609496,-0.04141959453758439,956.5499877929688,2025-10-14,2025-10-10
2025-10-14,956.5499877929688,947.70807,946.89484,948.2666,945.0904,950.5605,0.0077471663747191,-0.357710669928472,55.54332663586686,936.902587890625,981.4299926757812,2,0.050669262739308656,0.022759197617018966,960.8499755859376,2025-10-15,2025-10-13
2025-10-15,960.8499755859376,946.89484,948.2666,945.0904,950.5605,950.1378,0.0075725755485867,0.2058379487253494,55.763619722233344,936.902587890625,981.4299926757812,3,-0.023808263054996025,-0.013371560913445458,959.1199951171876,2025-10-16,2025-10-14
2025-10-16,959.1199951171876,948.2666,945.0904,950.5605,950.1378,952.0503,0.0073361018850017,0.4496283329090742,49.99298029345814,936.902587890625,981.4299926757812,4,-0.0017081338268076546,-0.014665057805874357,954.969970703125,2025-10-17,2025-10-15
2025-10-17,954.969970703125,945.0904,950.5605,950.1378,952.0503,948.6689,0.0071932568778347,0.3247542108425953,46.97603397977736,936.902587890625,981.4299926757812,5,-0.002819727655700685,-0.02315039465544041,960.6500244140624,2025-10-20,2025-10-16
2025-10-20,960.6500244140624,957.5119,955.5177,957.3671,954.3151,952.0335,0.0071215110354385,0.6019468668455574,47.15207798995945,939.7928466796876,981.4299926757812,1,-0.005359277641309777,0.017118735064109204,950.5499877929688,2025-10-21,2025-10-17
2025-10-21,950.5499877929688,955.5177,957.3671,954.3151,952.0335,953.05725,0.0074679252156818,0.1081958344548343,43.44854468107985,939.7928466796876,981.4299926757812,2,0.013394668513055687,-0.020096061112937248,950.9500122070312,2025-10-22,2025-10-20
2025-10-22,950.9500122070312,957.3671,954.3151,952.0335,953.05725,953.53217,0.0072162028854509,-0.1730417561427983,44.65360074309721,939.7928466796876,981.4299926757812,3,-0.013698908181214555,-0.010139622662464027,949.75,2025-10-23,2025-10-21
2025-10-23,949.75,954.3151,952.0335,953.05725,953.53217,953.66565,0.0069850306899156,-0.4080533012879903,42.64816238517778,939.7928466796876,974.3499755859376,4,0.0062683731636311866,-0.002212420782887569,946.9400024414062,2025-10-24,2025-10-22
2025-10-24,946.9400024414062,952.0335,953.05725,953.53217,953.66565,954.74756,0.0068050802411442,-0.7035870310591443,49.71037181297427,939.7928466796876,974.3499755859376,5,0.024097514963004135,0.025010002231266974,930.953857421875,2025-10-27,2025-10-23
2025-10-27,930.953857421875,949.2358,949.3767,945.80914,948.5615,942.7875,0.0080451570235189,-1.8608298590926444,28.31688241756811,930.953857421875,974.3499755859376,1,0.002260402648139722,0.03285008226081634,939.9000244140624,2025-10-28,2025-10-24
2025-10-28,939.9000244140624,949.3767,945.80914,948.5615,942.7875,948.64124,0.0081698411004582,-1.902147560721924,37.51015898816474,930.953857421875,974.3499755859376,2,0.009185120348577347,0.028511388470005342,942.0999755859376,2025-10-29,2025-10-27
2025-10-29,942.0999755859376,945.80914,948.5615,942.7875,948.64124,947.2067,0.0079114376321272,-1.66805142419599,44.060655513342326,930.953857421875,974.3499755859376,3,0.0,0.042697818997057636,940.510009765625,2025-10-30,2025-10-28
2025-10-30,940.510009765625,948.5615,942.7875,948.64124,947.2067,951.4478,0.0076591835556507,-1.5116647577658535,43.09432613117736,930.953857421875,973.1400146484376,4,0.01792990668350266,0.0549284499159023,942.02001953125,2025-10-31,2025-10-29
2025-10-31,942.02001953125,942.7875,948.64124,947.2067,951.4478,954.2799,0.0074103497204354,-1.2109043396322678,46.42766371539686,930.953857421875,973.1400146484376,5,-0.03016277423724716,-0.0007870346826330495,928.7900390625,2025-11-03,2025-10-30
2025-11-03,928.7900390625,942.5118,941.6875,946.64325,948.13135,946.7576,0.008129909234549,-1.7733314545392913,31.20068382342613,928.7900390625,973.1400146484376,1,-0.002464690218088246,-0.005497271819360028,938.530029296875,2025-11-04,2025-10-31
2025-11-04,938.530029296875,941.6875,946.64325,948.13135,946.7576,950.90845,0.0083215427956749,-1.3773727843778962,35.92198324912722,928.7900390625,973.1400146484376,2,-0.003658812833263493,-0.018188918603281323,946.3900146484376,2025-11-05,2025-11-03
2025-11-05,946.3900146484376,946.64325,948.13135,946.7576,950.90845,951.8372,0.0083297497802049,-0.5183114873316859,42.547054384119306,928.7900390625,973.1400146484376,3,-0.024266670048338407,-0.0417274482139362,943.4199829101562,2025-11-06,2025-11-04
2025-11-06,943.4199829101562,948.13135,946.7576,950.90845,951.8372,949.5007,0.0080939129623803,-0.1039849013214269,43.143157578924274,928.7900390625,973.1400146484376,4,0.007483036775056278,-0.05168628697970788,942.0,2025-11-07,2025-11-05
2025-11-07,942.0,946.7576,950.90845,951.8372,949.5007,951.89087,0.0078313719977166,0.1090283971120342,38.33823625946694,928.7900390625,973.1400146484376,5,-0.0035323091084347048,-0.026092983432397396,929.9956665039062,2025-11-10,2025-11-06
2025-11-10,929.9956665039062,938.82495,943.2055,944.4367,944.5523,943.2774,0.0083336843116414,-0.49102110730567,37.44645128390184,928.7900390625,973.1400146484376,1,-0.0015176195049082092,-0.025170187712219842,937.4400024414062,2025-11-11,2025-11-07
2025-11-11,937.4400024414062,943.2055,944.4367,944.5523,943.2774,940.41425,0.0083158339987052,-0.3269392543091491,42.40249986956968,928.7900390625,973.1400146484376,2,0.029727812977192947,0.007925492846686696,935.6300048828124,2025-11-12,2025-11-10
2025-11-12,935.6300048828124,944.4367,944.5523,943.2774,940.41425,942.9271,0.0080513955655482,-0.2823608952530403,42.113573917134254,928.7900390625,973.1400146484376,3,-0.007597063291670923,0.024868034884034967,929.52001953125,2025-11-13,2025-11-11
2025-11-13,929.52001953125,944.5523,943.2774,940.41425,942.9271,942.4633,0.0079848638788438,-0.5887935000709756,40.61634283001391,928.7900390625,973.1400146484376,4,0.00808840261445958,0.025488642810716573,929.3800048828124,2025-11-14,2025-11-12
2025-11-14,929.3800048828124,943.2774,940.41425,942.9271,942.4633,940.166,0.0077142507614164,-0.7168377105118209,48.97768234489992,928.7900390625,973.1400146484376,5,-0.00039301465230442604,0.028713012096169634,918.2572631835938,2025-11-17,2025-11-13
2025-11-17,918.2572631835938,927.21155,925.0091,927.9458,928.0728,920.40326,0.0081433544412379,-1.4256174068043563,36.3282349448458,918.2572631835938,973.1400146484376,1,-0.007497343296060943,0.022579947714006256,923.3699951171876,2025-11-18,2025-11-14
2025-11-18,923.3699951171876,925.0091,927.9458,928.0728,920.40326,928.46075,0.0079970039435005,-1.421876183367936,38.588199069122695,918.2572631835938,973.1400146484376,2,-0.009851313783992953,-0.017102397290192584,931.9000244140624,2025-11-19,2025-11-17
2025-11-19,931.9000244140624,927.9458,928.0728,920.40326,928.46075,924.05804,0.0080952458780899,-0.7504120946515682,45.16315513727464,918.2572631835938,973.1400146484376,3,-0.007528247203173337,-0.01703475579439549,931.9500122070312,2025-11-20,2025-11-18
2025-11-20,931.9500122070312,928.0728,920.40326,928.46075,924.05804,922.93866,0.0078200035466468,-0.2350976038911678,44.24861066858721,918.2572631835938,973.1400146484376,4,0.009126948000411297,-0.016013371490300174,930.1500244140624,2025-11-21,2025-11-19
2025-11-21,930.1500244140624,920.40326,928.46075,924.05804,922.93866,926.3131,0.0075769701952645,0.037806421848753,50.89338553101943,918.2572631835938,973.1400146484376,5,-0.009731717101725797,-0.02515975567567426,938.5700073242188,2025-11-24,2025-11-20
2025-11-24,938.5700073242188,930.1158,933.7513,933.4382,934.7686,928.6425,0.0076954665474158,0.796594670478723,50.0267253781743,918.2572631835938,973.1400146484376,1,0.009831592742830271,-0.008119593913595539,940.6400146484376,2025-11-25,2025-11-21
2025-11-25,940.6400146484376,933.7513,933.4382,934.7686,928.6425,931.0037,0.0074557127081579,1.4130925954608733,45.83358394571208,918.2572631835938,973.1400146484376,2,-0.009327625128735287,-0.007600021362304687,934.9600219726562,2025-11-26,2025-11-24
2025-11-26,934.9600219726562,933.4382,934.7686,928.6425,931.0037,932.0818,0.0073977482561832,1.410280243809046,44.1016065173061,918.2572631835938,971.739990234375,3,0.007529003250223698,0.00745585929321252,925.7000122070312,2025-11-27,2025-11-25
2025-11-27,925.7000122070312,934.7686,928.6425,931.0037,932.0818,927.60657,0.0076494368959176,0.7877609958704443,39.7554117452999,918.2572631835938,971.739990234375,4,0.02078460076161925,0.01926915372923704,926.8800048828124,2025-11-28,2025-11-26
2025-11-28,926.8800048828124,928.6425,931.0037,932.0818,927.60657,924.0645,0.0073976566335544,0.4739160581022261,47.73339821982483,918.2572631835938,970.0399780273438,5,0.0,0.02923681534878243,927.5700073242188,2025-12-01,2025-11-27
2025-12-01,927.5700073242188,932.6162,932.60034,926.519,924.69714,927.218,0.0071516388281968,0.3376442855645392,42.03717527767225,918.2572631835938,970.0399780273438,1,0.015743829246684975,0.03533993057228265,929.2999877929688,2025-12-02,2025-11-28
2025-12-02,929.2999877929688,932.60034,926.519,924.69714,927.218,930.8284,0.0069282284683885,0.3854149328259746,44.88652443804586,918.2572631835938,966.6699829101562,2,0.006439489345742295,0.05179362656480815,923.4600219726562,2025-12-03,2025-12-01
2025-12-03,923.4600219726562,926.519,924.69714,927.218,930.8284,927.83716,0.0069212442082695,0.0620608610700692,45.08320036922922,918.2572631835938,964.9400024414062,3,-0.011175470790599912,0.032303227051274946,918.4500122070312,2025-12-04,2025-12-02
2025-12-04,918.4500122070312,924.69714,927.218,930.8284,927.83716,933.07983,0.0068597959283579,-0.4241318327010361,41.781394652952365,918.2572631835938,964.9400024414062,4,0.028084817441979566,0.03986683869984172,917.22998046875,2025-12-05,2025-12-03
2025-12-05,917.22998046875,927.218,930.8284,927.83716,933.07983,934.529,0.0066452116679657,-0.7440673697751548,49.09238957523337,917.22998046875,964.9400024414062,5,-0.003113356145866483,0.03663439736823619,921.3800048828124,2025-12-08,2025-12-04
2025-12-08,921.3800048828124,921.6827,922.2831,922.984,924.4977,917.281,0.0065315298029416,-0.5986242741888326,48.211405662675,917.22998046875,964.9400024414062,1,0.016958269780918606,0.03789409295744963,922.6900024414062,2025-12-09,2025-12-05
2025-12-09,922.6900024414062,922.2831,922.984,924.4977,917.281,921.9115,0.0063260050969247,-0.3489947282223253,40.48747461069759,917.22998046875,964.9400024414062,2,-0.0032568630065428986,0.027878939822582584,925.6799926757812,2025-12-10,2025-12-08
2025-12-10,925.6799926757812,922.984,924.4977,917.281,921.9115,926.46295,0.0061746433619969,0.0608595105017437,43.89481741743318,917.22998046875,964.9400024414062,3,-0.023386275095255215,0.015404030581514997,923.3300170898438,2025-12-11,2025-12-09
2025-12-11,923.3300170898438,924.4977,917.281,921.9115,926.46295,926.52856,0.0060186622497811,0.2087313914785573,43.42966075483741,917.22998046875,964.9400024414062,4,0.006656519081847274,-0.006122883664581537,913.75,2025-12-12,2025-12-10
2025-12-12,913.75,917.281,921.9115,926.46295,926.52856,926.743,0.006487603448715,-0.2772339814335911,26.611375361627083,913.75,964.9400024414062,5,0.028313075901739357,0.02560709664163906,909.75,2025-12-15,2025-12-11
2026-01-05,906.0599975585938,902.70355,904.8383,904.1408,903.21106,905.93365,0.0068826715930208,-0.1544230337801995,43.307222970036975,899.6400146484375,960.8499755859376,1,0.0017745793586180468,0.025734291083574203,903.52001953125,2026-01-06,2026-01-02
2026-01-06,903.52001953125,904.8383,904.1408,903.21106,905.93365,906.70624,0.0067027701616077,-0.0222637957244113,44.43652299038522,899.6400146484375,960.8499755859376,2,0.049212251505801795,0.027399634522696052,893.4299926757812,2026-01-07,2026-01-05
2026-01-07,893.4299926757812,904.1408,903.21106,905.93365,906.70624,907.31726,0.0071684889426851,-0.5234242833962846,33.548367408014045,893.4299926757812,960.8499755859376,3,0.014411638803103236,0.09470903987897603,894.8400268554688,2026-01-08,2026-01-06
2026-01-08,894.8400268554688,903.21106,905.93365,906.70624,907.31726,904.86865,0.0069393616217804,-0.6601656259761768,35.24280401348153,893.4299926757812,960.8499755859376,4,-0.03409949050896024,0.014229603482946837,896.489990234375,2026-01-09,2026-01-07
2026-01-09,896.489990234375,905.93365,906.70624,907.31726,904.86865,906.2125,0.0067246151361758,-0.5445115292769174,32.756638792370794,893.4299926757812,960.6500244140624,5,-0.010817465155150153,0.020692699547030118,894.6300048828125,2026-01-12,2026-01-08
2026-01-12,894.6300048828125,895.2355,894.84344,895.11664,895.06836,895.474,0.0065313897217167,-0.4994793159877648,35.646401148690515,893.4299926757812,960.6500244140624,1,0.018790451803464538,0.038209283664598484,883.6699829101562,2026-01-13,2026-01-09
2026-01-13,883.6699829101562,894.84344,895.11664,895.06836,895.474,896.23914,0.007151631099419,-1.0806768574975836,30.016597349768983,883.6699829101562,960.6500244140624,2,0.021874933032647856,0.010211856709487977,885.5499877929688,2026-01-14,2026-01-12
2026-01-14,885.5499877929688,895.11664,895.06836,895.474,896.23914,896.93445,0.0069332471454043,-1.202032143290868,32.32324331283404,883.6699829101562,950.9500122070312,3,-0.002509469057374457,-0.006738235477985919,881.3400268554688,2026-01-15,2026-01-13
2026-01-15,881.3400268554688,895.06836,895.474,896.23914,896.93445,895.66614,0.0068328036285685,-1.4147132841956154,31.309366569244546,881.3400268554688,950.9500122070312,4,0.006511423888848364,0.03442930086758259,882.510009765625,2026-01-16,2026-01-14
2026-01-16,882.510009765625,895.474,896.23914,896.93445,895.66614,897.6654,0.0066150480627537,-1.3269267393939117,34.122037703768456,881.3400268554688,949.75,5,-0.01020329524776686,0.035064811351222,886.1900024414062,2026-01-19,2026-01-15
2026-01-19,886.1900024414062,887.9801,889.79095,887.8018,886.8274,893.6355,0.0064881524844358,-0.8922074921060812,36.145931731726726,881.3400268554688,946.9400024414062,1,-0.0271818592347448,-0.011442299815128397,887.2899780273438,2026-01-20,2026-01-16
2026-01-20,887.2899780273438,889.79095,887.8018,886.8274,893.6355,893.1663,0.006283833083719,-0.4254433913196394,28.109720742374307,881.3400268554688,946.3900146484376,2,0.0,-0.03283212982080563,884.6099853515625,2026-01-21,2026-01-19
2026-01-21,884.6099853515625,887.8018,886.8274,893.6355,893.1663,896.306,0.0061406349175571,-0.2033218148472926,34.6546037960407,881.3400268554688,946.3900146484376,3,-0.002681326556787939,-0.032998330590654296,874.3499755859375,2026-01-22,2026-01-20
2026-01-22,874.3499755859375,886.8274,893.6355,893.1663,896.306,895.1825,0.0067353174893578,-0.6294569840068043,28.89327644453138,874.3499755859375,946.3900146484376,4,-0.007563600184284361,-0.046513565616810186,871.25,2026-01-23,2026-01-21
2026-01-23,871.25,893.6355,893.1663,896.306,895.1825,896.46313,0.0065894547884264,-0.9811968987910706,19.24363303777412,871.25,946.3900146484376,5,0.0022663907619747447,-0.0345494498094415,870.0399780273438,2026-01-26,2026-01-22
2026-01-26,870.0399780273438,869.06195,869.9967,870.5538,871.07104,873.6439,0.0063877507897003,-1.1450197513215483,19.706774731907856,870.0399780273438,946.3900146484376,1,0.028920358078275955,0.02116264081050704,864.5900268554688,2026-01-27,2026-01-23
2026-01-27,864.5900268554688,869.9967,870.5538,871.07104,873.6439,872.5656,0.006416546117888,-1.450444609775133,21.513198192332368,864.5900268554688,946.3900146484376,2,0.012274291330000235,0.033773927530305545,859.75,2026-01-28,2026-01-26
2026-01-28,859.75,870.5538,871.07104,873.6439,872.5656,868.4661,0.0063972971474177,-1.7863821848445909,17.53920996258836,859.75,946.3900146484376,3,-0.026329633060980427,0.009613724717015762,862.4400024414062,2026-01-29,2026-01-27
2026-01-29,862.4400024414062,871.07104,873.6439,872.5656,868.4661,869.44275,0.0062411844080833,-1.6392137322114824,19.095982353065,859.75,946.3900146484376,4,0.010920700845244964,0.028449273413167116,859.1599731445312,2026-01-30,2026-01-28
2026-01-30,859.1599731445312,873.6439,872.5656,868.4661,869.44275,867.1382,0.0061323178665465,-1.574215972984616,18.61611757297817,859.1599731445312,943.4199829101562,5,0.046909494425695066,0.07540271670557619,865.9299926757812,2026-02-02,2026-01-29
2026-02-02,865.9299926757812,862.57007,869.0375,866.3052,861.1979,862.7042,0.0062843170325334,-0.9191699083183592,33.04662801413889,859.1599731445312,942.0,1,-0.04614611810401607,-0.0023684553371519567,865.1099853515625,2026-02-03,2026-01-30
2026-02-03,865.1099853515625,869.0375,866.3052,861.1979,862.7042,864.40436,0.0060887238111846,-0.4109144021392854,30.062404520844964,859.1599731445312,940.6400146484376,2,-0.01632724135572056,-0.0304980541634082,860.0399780273438,2026-02-04,2026-02-02
2026-02-04,860.0399780273438,866.3052,861.1979,862.7042,864.40436,868.30835,0.0061108488916609,-0.2915964818838912,29.566336508442102,859.1599731445312,940.6400146484376,3,0.04400577841713017,0.04014758758922545,858.2100219726562,2026-02-05,2026-02-03
2026-02-05,858.2100219726562,861.1979,862.7042,864.40436,868.30835,870.5977,0.0059463881349963,-0.2148748380185026,26.979914356453374,858.2100219726562,940.6400146484376,4,-0.0397915610591698,-0.01128548340161593,866.2100219726562,2026-02-06,2026-02-04
2026-02-06,866.2100219726562,862.7042,864.40436,868.30835,870.5977,874.965,0.0062555959243818,0.4589409837458689,32.5043879058412,858.2100219726562,940.6400146484376,5,-0.004645243148040119,-0.060966745173061276,860.3900146484375,2026-02-09,2026-02-05
2026-02-09,860.3900146484375,873.1028,877.77075,878.2169,878.951,874.0761,0.0063291394592563,0.5886747290650707,28.24331915893525,858.2100219726562,940.6400146484376,1,0.011061263030683612,-0.005680806960189312,852.3699951171875,2026-02-10,2026-02-06
2026-02-10,852.3699951171875,877.77075,878.2169,878.951,874.0761,873.8622,0.0066334711255031,0.2288461639782735,25.997637115463263,852.3699951171875,940.6400146484376,2,0.013803843930585742,0.024735039547115235,855.1599731445312,2026-02-11,2026-02-09
2026-02-11,855.1599731445312,878.2169,878.951,874.0761,873.8622,873.2605,0.0064708065524613,0.2703794384627471,33.9252792289263,852.3699951171875,940.6400146484376,3,-0.008276419658565643,-0.027463932627255154,854.1400146484375,2026-02-12,2026-02-10
2026-02-12,854.1400146484375,878.951,874.0761,873.8622,873.2605,874.19073,0.0062708223630097,0.3175437977891029,35.15015648142459,852.3699951171875,940.6400146484376,4,0.00894897896843896,0.02111219766757396,856.6099853515625,2026-02-13,2026-02-11
2026-02-13,856.6099853515625,874.0761,873.8622,873.2605,874.19073,870.9939,0.0061130617045509,0.5877605601860658,38.59350457479069,852.3699951171875,940.6400146484376,5,-0.030377758462980523,-0.004828397820511218,862.4000244140625,2026-02-16,2026-02-12
2026-02-16,862.4000244140625,858.9203,856.98926,858.7381,859.7884,866.4232,0.0061747279695052,1.194156419589646,48.15064885264051,852.3699951171875,940.6400146484376,1,0.0037186207526305258,-0.012108825402949145,862.3200073242188,2026-02-17,2026-02-13
2026-02-17,862.3200073242188,856.98926,858.7381,859.7884,866.4232,864.6279,0.0059771467188939,1.6021395569996812,52.35996946561463,852.3699951171875,940.6400146484376,2,0.0,-0.02565183316811802,865.719970703125,2026-02-18,2026-02-16
2026-02-18,865.719970703125,858.7381,859.7884,866.4232,864.6279,863.40704,0.005875069326053,2.0828069174509736,52.97314164124455,852.3699951171875,940.6400146484376,3,-0.02792183898914965,-0.04460651552373478,861.5900268554688,2026-02-19,2026-02-17
2026-02-19,861.5900268554688,859.7884,866.4232,864.6279,863.40704,863.7527,0.0058403867341838,2.0985457372406984,52.1693077873649,852.3699951171875,934.9600219726562,4,0.028094448608724638,-0.026138836483646104,865.02001953125,2026-02-20,2026-02-18
2026-02-20,865.02001953125,866.4232,864.6279,863.40704,863.7527,864.48157,0.0057477157465259,2.299725777274057,49.136153836348406,852.3699951171875,929.2999877929688,5,-0.01102105618140487,-0.007104468900400771,866.4000244140625,2026-02-23,2026-02-19
2026-02-23,866.4000244140625,866.7318,868.56067,866.36273,866.0468,868.32086,0.0055802980935195,2.4705236193947897,51.21176262845165,852.3699951171875,929.2999877929688,1,0.01747295267048268,0.0066464966813204055,860.6599731445312,2026-02-25,2026-02-20
2026-02-25,860.6599731445312,866.36273,866.0468,868.32086,866.2294,866.2606,0.0055469537763805,2.1178172390014742,52.35255780587354,852.3699951171875,929.2999877929688,3,0.01565456673920881,0.02252910476530104,856.530029296875,2026-02-26,2026-02-24
2026-02-26,856.530029296875,866.0468,868.32086,866.2294,866.2606,866.39905,0.0055357462957254,1.5523771103986004,39.95849093397931,852.3699951171875,925.6799926757812,4,0.009493868339474848,0.06151250243688087,865.1699829101562,2026-02-27,2026-02-25
2026-02-27,865.1699829101562,868.32086,866.2294,866.2606,866.39905,865.3443,0.0059819250104034,1.725423827675927,54.68442139036666,852.3699951171875,925.6799926757812,5,-0.005450026589920928,0.026495224220875156,873.1599731445312,2026-03-02,2026-02-26
2026-03-02,873.1599731445312,861.62976,862.5591,863.0469,863.9992,861.5682,0.0062767192803205,2.3068566638877783,70.38640583086053,852.3699951171875,925.6799926757812,1,0.009622278291953983,0.047905740362085,882.6500244140625,2026-03-03,2026-02-27
2026-03-03,882.6500244140625,862.5591,863.0469,863.9992,861.5682,860.34485,0.0067112530135706,3.204250935529154,73.82571353303194,852.3699951171875,925.6799926757812,2,-0.018489498291913743,0.010890058161704798,899.9199829101562,2026-03-04,2026-03-02
2026-03-04,899.9199829101562,863.0469,863.9992,861.5682,860.34485,862.3846,0.0083026645312485,4.741833190996336,80.95756175960497,852.3699951171875,925.6799926757812,3,-0.020741198751393842,-0.02524057010822666,894.3800048828125,2026-03-05,2026-03-03
2026-03-05,894.3800048828125,863.9992,861.5682,860.34485,862.3846,863.9153,0.0081956462848704,5.133585811885875,74.52283769110664,852.3699951171875,925.6799926757812,4,0.01401752384407531,-0.020821105716782883,905.6699829101562,2026-03-06,2026-03-04
2026-03-06,905.6699829101562,861.5682,860.34485,862.3846,863.9153,863.3988,0.0085915938041776,5.848966293584757,76.22109404878236,852.3699951171875,923.3300170898438,5,-0.01757458022170611,-0.032621530733064764,910.8900146484376,2026-03-09,2026-03-05
2026-03-09,910.8900146484376,907.5087,909.5047,908.8388,912.19507,913.3347,0.0084274500594304,6.328988252790502,77.70684270449254,852.3699951171875,917.4199829101562,1,0.0006950803071056875,-0.04121907675843482,914.8200073242188,2026-03-10,2026-03-06
2026-03-10,914.8200073242188,909.5047,908.8388,912.19507,913.3347,914.7525,0.0082110127367574,6.539576181796559,77.84084184063695,852.3699951171875,917.4199829101562,2,0.0075276058723092055,-0.015947046602633207,888.6900024414062,2026-03-11,2026-03-09
2026-03-11,888.6900024414062,908.8388,912.19507,913.3347,914.7525,915.0708,0.0112203776892344,4.636984877766675,62.29805427467942,852.3699951171875,917.4199829101562,3,0.01768594808097934,0.02260324596150283,896.9400024414062,2026-03-12,2026-03-10
2026-03-12,896.9400024414062,912.19507,913.3347,914.7525,915.0708,916.5276,0.011089880353836,3.693113716754075,63.87826080495329,852.3699951171875,917.4199829101562,4,-0.00995792118644709,-0.001622549388886966,915.7000122070312,2026-03-13,2026-03-11
2026-03-13,915.7000122070312,913.3347,914.7525,915.0708,916.5276,910.13904,0.0120795993688068,4.061935970564916,68.62064084635945,852.3699951171875,917.4199829101562,5,-0.0035989598931909124,0.012428351132187836,916.7100219726562,2026-03-16,2026-03-12
2026-03-16,916.7100219726562,916.2427,916.366,913.827,915.38245,912.5561,0.0116334666281146,4.092173247209368,68.85824089288256,852.3699951171875,916.7100219726562,1,-0.01906637758896683,-0.007382320531314223,909.4199829101562,2026-03-17,2026-03-13
2026-03-17,909.4199829101562,916.366,913.827,915.38245,912.5561,911.9229,0.0114248167866035,3.3695903152649933,68.06730062925854,852.3699951171875,916.7100219726562,2,0.013211876292665282,-0.0017239465889763107,906.9099731445312,2026-03-18,2026-03-16
2026-03-18,906.9099731445312,913.827,915.38245,912.5561,911.9229,912.57324,0.0110359792181086,2.5104035772124966,68.89436734170667,852.3699951171875,916.7100219726562,3,-0.011114142119103089,-0.03006432536706745,915.1300048828124,2026-03-19,2026-03-17
2026-03-19,915.1300048828124,915.38245,912.5561,911.9229,912.57324,905.98285,0.0109057296033159,2.28968067238546,68.79608346517804,852.3699951171875,916.7100219726562,4,-0.030586158824142798,-0.04986743510960443,912.489990234375,2026-03-20,2026-03-18
2026-03-20,912.489990234375,912.5561,911.9229,912.57324,905.98285,907.77905,0.0105442782910158,1.7824237537635117,65.41747675952651,852.3699951171875,916.7100219726562,5,-0.0220268873083426,-0.06721606842549674,927.5499877929688,2026-03-23,2026-03-19
2026-03-23,927.5499877929688,903.79175,905.2074,904.8218,900.90015,899.67596,0.011078830951198,2.247675036572492,66.86446230443383,852.3699951171875,927.5499877929688,1,-0.016797736235749178,-0.06509751401327181,910.6799926757812,2026-03-24,2026-03-20
2026-03-24,910.6799926757812,905.2074,904.8218,900.90015,899.67596,901.4715,0.0118088454356757,1.2552659340376895,54.05364762063312,852.3699951171875,927.5499877929688,2,0.017993370747035806,-0.06061657871469147,917.3599853515624,2026-03-25,2026-03-23
2026-03-25,917.3599853515624,904.8218,900.90015,899.67596,901.4715,894.68854,0.0115429515740823,0.9012914654809094,58.58358061686219,852.3699951171875,927.5499877929688,3,-0.003130129888579305,-0.053086509909244815,916.6900024414062,2026-03-26,2026-03-24
2026-03-26,916.6900024414062,900.90015,899.67596,901.4715,894.68854,894.6535,0.0111262181457751,0.4949188869504954,54.47095483977049,852.3699951171875,927.5499877929688,4,0.019449943827491212,-0.004501277604227053,928.0399780273438,2026-03-27,2026-03-25
2026-03-27,928.0399780273438,899.67596,901.4715,894.68854,894.6535,896.84906,0.0112204117755916,0.84296456042477,56.62825845832159,852.3699951171875,928.0399780273438,5,-0.015033763846452861,0.002484766531912412,922.719970703125,2026-03-30,2026-03-26
2026-03-30,922.719970703125,924.60406,924.3543,926.30133,922.2501,926.1092,0.0109336547940363,0.5798591974697906,53.02078582954511,852.3699951171875,928.0399780273438,1,0.003756852986170725,0.02330365801249282,930.219970703125,2026-03-31,2026-03-27
2026-03-31,930.219970703125,924.3543,926.30133,922.2501,926.1092,924.72504,0.0107578992062778,0.7643099238836069,68.51865863170949,852.3699951171875,930.219970703125,2,0.0016448554664745389,0.0067101715386548,926.1099853515624,2026-04-01,2026-03-30
2026-04-01,926.1099853515624,926.30133,922.2501,926.1092,924.72504,927.83734,0.0104464236761446,0.4769467656277726,63.50586584932309,852.3699951171875,930.219970703125,3,0.020157100232811233,0.030428761233812707,912.4600219726562,2026-04-02,2026-03-31
2026-04-02,912.4600219726562,922.2501,926.1092,924.72504,927.83734,931.97705,0.0108638517081799,-0.7009823121162189,48.42535474309824,852.3699951171875,930.219970703125,4,0.006511190388170775,0.017182179484824228,916.5,2026-04-03,2026-04-01
2026-04-03,916.5,926.1092,924.72504,927.83734,931.97705,929.47754,0.010537324560852,-1.244823452274041,49.90084882168291,852.3699951171875,930.219970703125,5,-0.010905599959187336,0.021389953439539953,919.3699951171876,2026-04-06,2026-04-02
2026-04-06,919.3699951171876,919.5131,926.35986,928.3844,932.85913,932.1662,0.010192434172853,-1.434549877838668,54.90197021790217,852.3699951171875,930.219970703125,1,0.0,0.017559940445507377,915.969970703125,2026-04-07,2026-04-03
2026-04-07,915.969970703125,926.35986,928.3844,932.85913,932.1662,929.7198,0.0098851849667325,-1.789246657126574,54.42469355720456,852.3699951171875,930.219970703125,2,0.003678236070027349,0.01963113213823332,916.4600219726562,2026-04-08,2026-04-06
2026-04-08,916.4600219726562,928.3844,932.85913,932.1662,929.7198,924.52246,0.0095349859531527,-1.976416269582664,50.702597783645984,852.3699951171875,930.219970703125,3,-0.00700938080004491,-0.007695788907116561,897.22998046875,2026-04-09,2026-04-07
2026-04-09,897.22998046875,932.85913,932.1662,929.7198,924.52246,926.34955,0.0108650758070199,-3.3027569576429823,43.14095149888399,852.3699951171875,930.219970703125,4,0.03804424731409376,0.024093163669519635,891.6199951171875,2026-04-10,2026-04-08
2026-04-10,891.6199951171875,932.1662,929.7198,924.52246,926.34955,923.2701,0.0106195891074937,-4.396851220045333,32.35091834574844,852.3699951171875,930.219970703125,5,-0.001998676585020025,0.03325542621894548,894.4400024414062,2026-04-13,2026-04-09
2026-04-13,894.4400024414062,887.8258,885.8633,884.6633,889.87213,889.35425,0.0102728640075661,-4.740019941175568,40.74538862439237,852.3699951171875,930.219970703125,1,0.021087830597987828,0.055275907672740744,894.8900146484375,2026-04-14,2026-04-10
2026-04-14,894.8900146484375,885.8633,884.6633,889.87213,889.35425,892.088,0.0099082029005679,-4.73497769684538,36.216434786515606,852.3699951171875,930.219970703125,2,0.01781159571001089,0.07029639655088779,886.22998046875,2026-04-15,2026-04-13
2026-04-15,886.22998046875,884.6633,889.87213,889.35425,892.088,890.1316,0.0099237322592205,-5.082537793823954,32.98323955293658,852.3699951171875,930.219970703125,3,0.015689537291392698,0.09486879517192584,884.9500122070312,2026-04-16,2026-04-14
2026-04-16,884.9500122070312,889.87213,889.35425,892.088,890.1316,897.16473,0.0095820247507585,-5.150319835264265,22.87552770823639,852.3699951171875,930.219970703125,4,0.0002470874559217801,0.054258181882307535,886.1199951171875,2026-04-17,2026-04-15
2026-04-17,886.1199951171875,889.35425,892.088,890.1316,897.16473,901.0648,0.0092491880371033,-4.871100384114239,25.6907801924456,852.3699951171875,930.219970703125,5,-0.0009061811693833574,0.05541058349503046,890.3200073242188,2026-04-20,2026-04-16
2026-04-20,890.3200073242188,882.1262,883.30206,881.109,886.8242,886.07153,0.009009236579174,-4.184552650838848,22.28400918833813,852.3699951171875,930.219970703125,1,0.0060804956810176485,0.03968994091703001,881.219970703125,2026-04-21,2026-04-17
2026-04-21,881.219970703125,883.30206,881.109,886.8242,886.07153,881.70636,0.0091397846081486,-4.117930011164624,20.83931366656158,852.3699951171875,930.219970703125,2,-0.011120855384533909,0.010040151349522604,891.9400024414062,2026-04-22,2026-04-20
2026-04-22,891.9400024414062,881.109,886.8242,886.07153,881.70636,879.8341,0.0093922503468227,-3.169100824206549,36.14264257580332,852.3699951171875,930.219970703125,3,-0.005732044023659669,-0.011366406140214242,889.72998046875,2026-04-23,2026-04-21
2026-04-23,889.72998046875,886.8242,886.07153,881.70636,879.8341,875.846,0.0090894386150117,-2.535003657485399,31.46382529845529,852.3699951171875,930.219970703125,4,0.019552618230260894,0.007905115060130407,894.469970703125,2026-04-24,2026-04-22
2026-04-24,894.469970703125,886.07153,881.70636,879.8341,875.846,883.90283,0.0088808163357261,-1.6821035162808653,33.193873431488015,852.3699951171875,930.219970703125,5,-0.007297785574562695,0.00148352826945099,896.1099853515625,2026-04-27,2026-04-23
2026-04-27,896.1099853515625,885.4307,879.4122,883.9143,885.7921,885.79767,0.0085815143240318,-0.930771689959025,36.26940468936461,852.3699951171875,930.219970703125,1,-0.00859581222512715,-0.013107221292054893,893.5399780273438,2026-04-28,2026-04-24
2026-04-28,893.5399780273438,879.4122,883.9143,885.7921,885.79767,885.3911,0.0083218494653368,-0.5490393215118572,34.59677498744844,852.3699951171875,930.219970703125,2,-0.0009134808991143975,-0.002982049323892126,891.1199951171875,2026-04-29,2026-04-27
2026-04-29,891.1199951171875,883.9143,885.7921,885.79767,885.3911,879.8086,0.0080687679519351,-0.4081501951718804,44.69528040731021,852.3699951171875,930.219970703125,3,-0.01734799613390739,-0.014496357795268236,904.469970703125,2026-04-30,2026-04-28
2026-04-30,904.469970703125,885.7921,885.79767,885.3911,879.8086,880.22656,0.0087526761342609,0.5817295786904464,59.83465499715985,852.3699951171875,930.219970703125,4,-0.006105378262062169,-0.039460768845391785,900.469970703125,2026-05-01,2026-04-29
2026-05-01,900.469970703125,885.79767,885.3911,879.8086,880.22656,884.5679,0.0085377708044414,0.9432883207234264,54.53312422398437,852.3699951171875,930.219970703125,5,0.008047844376794507,-0.02460701060108167,899.25,2026-05-04,2026-04-30
2026-05-04,899.25,895.18427,891.6218,893.84045,898.7454,900.4327,0.0082503534060619,1.067339136082922,53.24017795260161,852.3699951171875,930.219970703125,1,0.0010119821779090508,-0.015190471648038998,911.719970703125,2026-05-05,2026-05-01
2026-05-05,911.719970703125,891.6218,893.84045,898.7454,900.4327,903.0143,0.0087760434665264,1.907249032127175,67.92798036983424,854.1400146484375,930.219970703125,2,-0.023365961327474982,-0.0370555076314941,904.8200073242188,2026-05-06,2026-05-04
2026-05-06,904.8200073242188,893.84045,898.7454,900.4327,903.0143,906.20624,0.0087256584654192,1.911325119055146,62.95137872210412,854.1400146484375,930.219970703125,3,0.025218539468338824,0.004818598720404222,896.1199951171875,2026-05-07,2026-05-05
2026-05-07,896.1199951171875,898.7454,900.4327,903.0143,906.20624,903.5852,0.0088300581754355,1.2720718844722658,55.93542329016048,856.530029296875,930.219970703125,4,0.03204049835903662,0.0438887297223548,890.469970703125,2026-05-08,2026-05-06
2026-05-08,890.469970703125,900.4327,903.0143,906.20624,903.5852,907.3395,0.0086999649952297,0.4548467918805254,50.08750342784084,856.530029296875,930.219970703125,5,-0.0014676820261337934,0.03400268898815978,892.1799926757812,2026-05-11,2026-05-07
2026-05-11,892.1799926757812,896.69006,897.2941,894.6434,895.58563,899.0563,0.0084102620945186,0.0375769544760244,56.99873798297096,856.530029296875,930.219970703125,1,0.01963461678704533,0.05343895881660789,897.219970703125,2026-05-12,2026-05-08
2026-05-12,897.219970703125,897.2941,894.6434,895.58563,899.0563,900.15106,0.0082525055955664,0.1052896675298495,53.63534360672547,856.530029296875,930.219970703125,2,0.025983655041448343,0.10672989606842626,912.9600219726562,2026-05-13,2026-05-11
2026-05-13,912.9600219726562,894.6434,895.58563,899.0563,900.15106,901.3166,0.0092296623352452,1.1560441357733826,63.4823281361917,856.530029296875,930.219970703125,3,0.011086720769667314,0.09119978265917399,886.6199951171875,2026-05-14,2026-05-12
2026-05-14,886.6199951171875,895.58563,899.0563,900.15106,901.3166,899.32623,0.0119510382866338,0.0797807083401247,46.3573199137181,856.530029296875,930.219970703125,4,0.022942177639864655,0.08131672485869916,894.2999877929688,2026-05-15,2026-05-13
2026-05-15,894.2999877929688,899.0563,900.15106,901.3166,899.32623,895.76746,0.0117439109198541,-0.1023404884684729,49.204676198215445,856.530029296875,930.219970703125,5,-0.010300755993562987,0.07180743420834021,897.72998046875,2026-05-18,2026-05-14
2026-05-18,897.72998046875,890.668,894.90643,894.68774,887.4056,892.405,0.0113622131757193,0.0145246199919808,51.82730212811264,856.530029296875,930.219970703125,1,-0.04931180430300637,0.00040007316233989156,900.5,2026-05-19,2026-05-15
2026-05-19,900.5,894.90643,894.68774,887.4056,892.405,897.47626,0.0109818053048745,0.2705112413584798,54.07826299252717,856.530029296875,930.219970703125,2,0.003273801195157019,-0.02206283618749147,905.030029296875,2026-05-20,2026-05-18
2026-05-20,905.030029296875,894.68774,887.4056,892.405,897.47626,892.87976,0.0106703103179023,0.711980451793638,50.2637306039017,856.530029296875,930.219970703125,3,-0.01720712646640829,-0.04934466693495037,897.72998046875,2026-05-21,2026-05-19
2026-05-21,897.72998046875,887.4056,892.405,897.47626,892.87976,893.08405,0.0105293612464978,0.4899733139714516,48.74863551877047,865.1699829101562,930.219970703125,4,0.02015245445655226,-0.05199303633060097,898.3400268554688,2026-05-22,2026-05-20
2026-05-22,898.3400268554688,892.405,897.47626,892.87976,893.08405,890.94293,0.0101563762458682,0.3674370846410434,49.58208337701523,873.1599731445312,930.219970703125,5,-0.005339752746315452,-0.047278285427929306,896.6300048828125,2026-05-25,2026-05-21
2026-05-25,896.6300048828125,901.0916,899.5314,896.7332,896.01764,896.8389,0.00981315796132,0.1647720392713865,42.30968783866003,881.219970703125,930.219970703125,1,0.01349334518027408,0.014476505806940564,896.7100219726562,2026-05-26,2026-05-22
2026-05-26,896.7100219726562,899.5314,896.7332,896.01764,896.8389,898.4435,0.0094678147679872,0.0363684032312472,45.55813331550445,881.219970703125,930.219970703125,2,0.0,0.011160741947081566,893.8300170898438,2026-05-27,2026-05-25
2026-05-27,893.8300170898438,896.7332,896.01764,896.8389,898.4435,897.20715,0.0091809890094562,-0.2277430674369296,48.66036583841839,881.219970703125,930.219970703125,3,0.002991429972730405,0.03179239260258109,894.030029296875,2026-05-28,2026-05-26
2026-05-28,894.030029296875,896.01764,896.8389,898.4435,897.20715,900.3467,0.0088599706728499,-0.3659898523255126,52.22447317116332,881.219970703125,930.219970703125,4,-0.008842665101228171,0.002305009765288181,890.969970703125,2026-05-29,2026-05-27
2026-05-29,890.969970703125,896.8389,898.4435,897.20715,900.3467,896.89844,0.0086055773437421,-0.6253159031463272,49.256471975463015,881.219970703125,930.219970703125,5,0.014329838466993622,0.022215109420296482,889.5999755859375,2026-06-01,2026-05-28
2026-06-01,889.5999755859375,891.0498,888.8925,888.19147,888.74023,886.75824,0.008318543691543,-0.8376566678487599,45.09654826784976,881.219970703125,930.219970703125,1,-0.0057230335454064194,0.0027593698651848576,891.9400024414062,2026-06-02,2026-05-29
2026-06-02,891.9400024414062,888.8925,888.19147,888.74023,886.75824,888.12305,0.0080574809618864,-0.7707425877126735,33.65480267604244,881.219970703125,930.219970703125,2,0.02553796337409885,0.028697596972302092,889.7999877929688,2026-06-03,2026-06-01
2026-06-03,889.7999877929688,888.19147,888.74023,886.75824,888.12305,888.28436,0.0078086621985746,-0.8164538318711478,53.96505038789777,881.219970703125,930.219970703125,3,0.01905393732165074,0.045354477186779235,894.9600219726562,2026-06-04,2026-06-02
2026-06-04,894.9600219726562,888.74023,886.75824,888.12305,888.28436,886.016,0.0076920471497266,-0.4626272630289154,50.87816460835839,881.219970703125,930.219970703125,4,-0.025666836602769052,0.02791437320339968,895.6300048828125,2026-06-05,2026-06-03
2026-06-05,895.6300048828125,886.75824,888.12305,888.28436,886.016,885.9354,0.0074275900893803,-0.1624164680715536,46.9845537917882,881.219970703125,930.219970703125,5,0.004618267070789165,0.017980026516798444,914.260009765625,2026-06-08,2026-06-04
2026-06-08,914.260009765625,893.9011,897.3678,898.27026,891.60156,895.5762,0.0090584430965516,1.2349882769713203,63.57530475247668,881.219970703125,930.219970703125,1,-0.03875390986788241,-0.015095482152516212,922.9199829101562,2026-06-09,2026-06-05
2026-06-09,922.9199829101562,897.3678,898.27026,891.60156,895.5762,898.8493,0.0090927345831701,2.607759746091152,66.31990031302512,881.219970703125,930.219970703125,2,0.010482107026258984,-0.029812992715881368,916.4299926757812,2026-06-10,2026-06-08
2026-06-10,916.4299926757812,898.27026,891.60156,895.5762,898.8493,898.45154,0.0089895946566481,2.920349724557699,67.31476740598075,881.219970703125,930.219970703125,3,-0.004274931670488298,-0.05218439396108085,915.1799926757812,2026-06-11,2026-06-09
2026-06-11,915.1799926757812,891.60156,895.5762,898.8493,898.45154,898.2,0.0086879791417552,2.879799868046669,65.40988624076209,881.219970703125,930.219970703125,4,-0.00852488121841812,-0.035796925787185976,906.02001953125,2026-06-12,2026-06-10
2026-06-12,906.02001953125,895.5762,898.8493,898.45154,898.2,902.9006,0.0088272832908197,2.1086748415435816,57.561605215456055,881.219970703125,930.219970703125,5,0.0015989373612835867,-0.03870378218788057,899.1099853515625,2026-06-15,2026-06-11
2026-06-15,899.1099853515625,913.66394,919.79456,918.0417,916.53674,916.82587,0.0087775549728949,1.0588428521591648,51.741119938504426,881.219970703125,930.219970703125,1,0.027031900562995762,0.02666237905305861,889.969970703125,2026-06-16,2026-06-12
2026-06-16,889.969970703125,919.79456,918.0417,916.53674,916.82587,917.271,0.0089218783381932,-0.2553687953759394,47.43280094759411,881.219970703125,930.219970703125,2,0.008053949730139183,0.02417250543245539,885.260009765625,2026-06-17,2026-06-15
2026-06-17,885.260009765625,918.0417,916.53674,916.82587,917.271,917.4609,0.0087373951547666,-1.383097629000073,44.49741966021314,881.219970703125,930.219970703125,3,0.001002161336406582,0.029591444546162984,886.3499755859375,2026-06-18,2026-06-16
2026-06-18,886.3499755859375,916.53674,916.82587,917.271,917.4609,919.03424,0.0084409004772521,-1.961535103429648,47.02779409501132,881.219970703125,930.219970703125,4,-0.001156423524832199,0.03720596472992238,900.1799926757812,2026-06-19,2026-06-17
2026-06-19,900.1799926757812,916.82587,917.271,917.4609,919.03424,917.6327,0.0091345555104058,-1.347853703008475,55.86605563823976,881.219970703125,930.219970703125,5,-0.016646363132267167,0.018453423316065413,901.2100219726562,2026-06-22,2026-06-18
2026-06-22,901.2100219726562,908.63837,914.22345,907.5684,914.7002,918.1544,0.0088218049568876,-0.8329387666919557,55.21549456541895,881.219970703125,930.219970703125,1,0.0,-0.008708534706596658,905.9500122070312,2026-06-23,2026-06-19
2026-06-23,905.9500122070312,914.22345,907.5684,914.7002,918.1544,922.00775,0.0086265731777618,-0.1682619526486313,58.82804722135477,881.219970703125,926.1099853515624,2,-0.002827690066274483,-0.019436934213317634,913.469970703125,2026-06-24,2026-06-22
2026-06-24,913.469970703125,907.5684,914.7002,918.1544,922.00775,920.1449,0.0086102142339565,0.7332338310418236,59.86356679106153,881.219970703125,922.9199829101562,3,-0.03449037300966138,-0.053629227612700635,918.219970703125,2026-06-25,2026-06-23
2026-06-25,918.219970703125,914.7002,918.1544,922.00775,920.1449,922.71454,0.0084231294820052,1.5574617900175167,61.53609748677809,881.219970703125,922.9199829101562,4,-0.03277353237773814,-0.08308266552958499,919.8300170898438,2026-06-26,2026-06-24
2026-06-26,919.8300170898438,918.1544,922.00775,920.1449,922.71454,932.54504,0.0081454300565827,2.0861181072498454,53.442953713911024,881.219970703125,922.9199829101562,5,0.021226927609582807,-0.04769000085650414,921.989990234375,2026-06-29,2026-06-25
2026-06-29,921.989990234375,920.6123,917.9001,917.66956,923.69885,923.63367,0.007888980648942,2.4321431637087816,49.37492051640746,881.219970703125,922.9199829101562,1,0.011628054340762762,-0.03655185646337098,921.760009765625,2026-06-30,2026-06-26
2026-06-30,921.760009765625,917.9001,917.66956,923.69885,923.63367,924.47284,0.0076210827417654,2.487494676357592,53.91165527874357,881.219970703125,922.9199829101562,2,-0.0071901852926039185,-0.04074573984098327,921.5700073242188,2026-07-01,2026-06-29
2026-07-01,921.5700073242188,917.66956,923.69885,923.63367,924.47284,929.1822,0.0073630005620621,2.354637826044433,54.763694472705694,881.219970703125,922.9199829101562,3,0.015460074778671905,0.008386308770899966,925.0599975585938,2026-07-02,2026-06-30
2026-07-02,925.0599975585938,923.69885,923.63367,924.47284,929.1822,926.4874,0.0071805247707429,2.340262035192377,65.50487734809046,881.219970703125,925.0599975585938,4,-0.011205093563390204,0.030371872014752988,924.739990234375,2026-07-03,2026-07-01
2026-07-03,924.739990234375,923.63367,924.47284,929.1822,926.4874,925.7879,0.0069393453816054,2.152422405857302,73.38080146457818,881.219970703125,925.0599975585938,5,-0.0014708001647411473,0.007248191997320506,920.8400268554688,2026-07-06,2026-07-02
2026-07-06,920.8400268554688,923.39496,920.0298,916.8292,922.067,927.4492,0.0068103277533358,1.6323356288407531,81.13791366897617,881.219970703125,925.0599975585938,1,0.0,-0.004396312045217968,927.5800170898438,2026-07-07,2026-07-03
2026-07-07,927.5800170898438,920.0298,916.8292,922.067,927.4492,932.75134,0.0068595541636263,1.6065631442504724,91.00782694375413,881.219970703125,927.5800170898438,2,0.010331583040322573,0.013202152997047715,926.489990234375,2026-07-08,2026-07-06
2026-07-08,926.489990234375,916.8292,922.067,927.4492,932.75134,927.5562,0.0066392666632715,1.38861323721677,88.89538143442148,881.219970703125,927.5800170898438,3,-0.0010526365940761889,-0.0033911841839605,934.6599731445312,2026-07-09,2026-07-07
2026-07-09,934.6599731445312,922.067,927.4492,932.75134,927.5562,918.33673,0.0068292013750186,1.6494227988783754,87.52723600999096,881.219970703125,934.6599731445312,4,-0.01914013935616124,-0.01126802788681746,926.9600219726562,2026-07-10,2026-07-08
2026-07-10,926.9600219726562,927.4492,932.75134,927.5562,918.33673,916.9105,0.0069843016649718,1.1800959659582864,74.47259733630331,881.219970703125,934.6599731445312,5,0.026163935290325936,0.01643635719341348,926.8699951171876,2026-07-13,2026-07-09
2026-07-13,926.8699951171876,933.4776,936.2148,939.8583,934.83826,934.5102,0.0067507455357253,0.7606945884013374,71.80986923737728,881.219970703125,934.6599731445312,1,0.002972223900634411,0.01946192773692595,930.5,2026-07-14,2026-07-10
2026-07-14,930.5,936.2148,939.8583,934.83826,934.5102,940.5875,0.0066038331291648,0.6302411903138259,69.32159071078978,885.260009765625,934.6599731445312,2,-8.024741299155112e-05,0.008902529714526746,925.0499877929688,2026-07-15,2026-07-13
2026-07-15,925.0499877929688,939.8583,934.83826,934.5102,940.5875,943.36066,0.0065904050392762,0.1068314453410037,57.62790196738703,885.260009765625,934.6599731445312,3,0.015442498101460594,0.02568252652061329,924.47998046875,2026-07-16,2026-07-14
2026-07-16,924.47998046875,934.83826,934.5102,940.5875,943.36066,949.4298,0.0063750946384057,-0.3242507007386495,55.31668413655265,885.260009765625,934.6599731445312,4,-0.005782877839766474,0.03947474432763048,924.1300048828124,2026-07-17,2026-07-15
2026-07-17,924.1300048828124,934.5102,940.5875,943.36066,949.4298,949.2316,0.0061661584037206,-0.6600847136489651,52.552503144947,885.260009765625,934.6599731445312,5,0.0003971654574320329,0.01303296045665884,933.97998046875,2026-07-20,2026-07-16
2026-07-20,933.97998046875,918.06024,922.35846,921.19543,910.20807,914.9335,0.0066015677398594,-0.2661725466284075,61.8548606752484,885.260009765625,934.6599731445312,1,-0.012144638701152746,-0.0021657517630200027,933.780029296875,2026-07-21,2026-07-17
2026-07-21,933.780029296875,922.35846,921.19543,910.20807,914.9335,922.0022,0.0063839056588976,-0.0762753244115153,61.842923159438925,885.260009765625,934.6599731445312,2,0.012620983706146529,0.010588799429111227,934.1699829101562,2026-07-22,2026-07-20
2026-07-22,934.1699829101562,921.19543,910.20807,914.9335,922.0022,921.5763,0.0061741748905118,0.0136147488067042,59.401462833301,885.260009765625,934.6599731445312,3,0.03310222155002192,0.028594033945984972,935.9400024414062,2026-07-23,2026-07-21
2026-07-23,935.9400024414062,910.20807,914.9335,922.0022,921.5763,918.2324,0.0059904033998424,0.1241516443510368,61.2224928109164,885.260009765625,935.9400024414062,4,-0.009257887611187711,0.02502586293244361,941.8900146484376,2026-07-24,2026-07-22
2026-07-24,941.8900146484376,914.9335,922.0022,921.5763,918.2324,916.0952,0.0060323262283515,0.5083094420486125,70.25989635162911,885.260009765625,941.8900146484376,5,-0.02289224847416917,0.0014294511624003904,945.989990234375,2026-07-27,2026-07-23
2026-07-27,945.989990234375,946.1582,949.2629,953.6665,953.73676,951.2693,0.0059446155360294,0.9246057785779378,68.66763296624677,885.260009765625,945.989990234375,1,0.0023762931297229128,0.01607723228984954,940.0399780273438,2026-07-28,2026-07-24
2026-07-28,940.0399780273438,949.2629,953.6665,953.73676,951.2693,951.9112,0.0060146176303101,0.6957488808208465,62.50694351332197,885.260009765625,945.989990234375,2,0.003001827486801528,0.006350284179513034,934.3800048828124,2026-07-29,2026-07-27
2026-07-29,934.3800048828124,953.6665,953.73676,951.2693,951.9112,951.16284,0.0060575924578109,0.0914433542062642,49.72902722724013,885.260009765625,945.989990234375,3,-0.0026854447899488545,-0.029027818332004473,934.9099731445312,2026-07-30,2026-07-28
2026-07-30,934.9099731445312,953.73676,951.2693,951.9112,951.16284,954.92035,0.0058617916971177,-0.3216882232408338,58.93456364329786,885.260009765625,945.989990234375,4,-0.007701210872198454,-0.02751515146139386,925.0499877929688,2026-07-31,2026-07-29
2026-07-31,925.0499877929688,951.2693,951.9112,951.16284,954.92035,953.9964,0.0063783403062851,-1.2556680072893132,48.322877682951294,885.260009765625,945.989990234375,5,0.026892641982221528,0.022125320371429308,922.9500122070312,2026-08-03,2026-07-30
2026-08-03,922.9500122070312,925.66376,922.83386,923.1913,926.22675,922.5179,0.0062040220324361,-1.9690569772921984,42.84087160343787,885.260009765625,945.989990234375,1,-0.0013198401493381645,0.01835438219749644,924.6599731445312,2026-08-04,2026-07-31
2026-08-04,924.6599731445312,922.83386,923.1913,926.22675,922.5179,923.79694,0.0060192663988366,-2.2591577426086484,49.601942570092994,885.260009765625,945.989990234375,2,0.012046488506285159,0.02760683194262729,914.4600219726562,2026-08-05,2026-08-03
2026-08-05,914.4600219726562,923.1913,926.22675,922.5179,923.79694,925.18726,0.0065707047060627,-3.023655789814176,41.4534190592707,885.260009765625,945.989990234375,3,0.01591509584598905,0.04689974766550047,913.52001953125,2026-08-06,2026-08-04
2026-08-06,913.52001953125,926.22675,922.5179,923.79694,925.18726,920.50055,0.0063617633444059,-3.4475807935800087,41.04033431880702,885.260009765625,945.989990234375,4,0.012686404289486142,0.06846259748900979,915.3800048828124,2026-08-07,2026-08-05
2026-08-07,915.3800048828124,922.5179,923.79694,925.18726,920.50055,922.0103,0.0061743566529379,-3.449271948846257,31.84295696772097,885.260009765625,945.989990234375,5,-0.00238988478246076,0.03762895949832691,912.5,2026-08-10,2026-08-06
2026-08-10,912.5,916.3273,918.40906,917.72986,917.13,917.4826,0.0060399311055441,-3.4808599695373554,30.25963260989204,885.260009765625,945.989990234375,1,-0.01757539541130289,0.0208980779076065,914.989990234375,2026-08-11,2026-08-07
2026-08-11,914.989990234375,918.40906,917.72986,917.13,917.4826,923.61456,0.0058858888988104,-3.1788967429693624,32.87495054501302,885.260009765625,945.989990234375,2,0.003646060691822296,0.012358017598907476,913.52001953125,2026-08-12,2026-08-10
2026-08-12,913.52001953125,917.72986,917.13,917.4826,923.61456,925.00104,0.0057166345022236,-2.9291695750267124,29.874258288269047,885.260009765625,945.989990234375,3,0.0026502001102386456,-0.0009821324940826734,914.0900268554688,2026-08-13,2026-08-11
2026-08-13,914.0900268554688,917.13,917.4826,923.61456,925.00104,926.0899,0.0055357951347968,-2.5884112655318345,22.37667068151781,885.260009765625,945.989990234375,4,-0.0022711594833249556,-0.015813806580395398,914.0,2026-08-14,2026-08-12
2026-08-14,914.0,917.4826,923.61456,925.00104,926.0899,924.78564,0.0053611054969486,-2.2446818402702,15.460895695495168,885.260009765625,945.989990234375,5,-0.0006823476740331839,-0.014131836529064641,913.0999755859376,2026-08-17,2026-08-13
2026-08-17,913.0999755859376,916.287,918.5314,919.75385,918.4153,919.5736,0.0052020509558024,-1.9636851095850687,17.353228767413114,885.260009765625,945.989990234375,1,0.0010612446835852258,0.004413710180685897,914.7899780273438,2026-08-18,2026-08-14
2026-08-18,914.7899780273438,918.5314,919.75385,918.4153,919.5736,919.4845,0.0050613660756294,-1.5669732307555,23.73276679046144,885.260009765625,945.989990234375,2,0.0006816241669075291,0.0014405984698549184,922.9400024414062,2026-08-19,2026-08-17
2026-08-19,922.9400024414062,919.75385,918.4153,919.5736,919.4845,917.3923,0.0054475458016329,-0.7026946716028013,36.67335322993609,885.260009765625,945.989990234375,3,-0.018569289721207194,-0.019585588700257436,921.1599731445312,2026-08-20,2026-08-18
2026-08-20,921.1599731445312,918.4153,919.5736,919.4845,917.3923,917.35486,0.0053067387086379,-0.2227725318376672,44.71895290526358,885.260009765625,945.989990234375,4,0.0007710276924720535,-0.01659844312706868,922.27001953125,2026-08-21,2026-08-19
2026-08-21,922.27001953125,919.5736,919.4845,917.3923,917.35486,918.7155,0.0051492687297491,0.1760297609219456,49.05135021449139,885.260009765625,945.989990234375,5,-0.004247954192756235,-0.020098622289650085,921.1300048828124,2026-08-24,2026-08-20
2026-08-24,921.1300048828124,916.2186,913.55597,913.01855,914.84235,914.0562,0.0050046606565826,0.3590869838118551,44.995803518122536,885.260009765625,945.989990234375,1,0.01832946105727777,-0.0030305296436349055,912.1900024414062,2026-08-25,2026-08-21
2026-08-25,912.1900024414062,913.55597,913.01855,914.84235,914.0562,912.85535,0.0055462652961909,-0.1012722161531041,46.66273047367113,885.260009765625,945.989990234375,2,0.0029593341759600266,-0.0007571342173834435,912.77001953125,2026-08-26,2026-08-24
2026-08-26,912.77001953125,913.01855,914.84235,914.0562,912.85535,912.0123,0.0053730067543364,-0.33300334909744,48.88559177543512,885.260009765625,945.989990234375,3,0.016606289178301835,0.03501731693057663,919.219970703125,2026-08-27,2026-08-25
2026-08-27,919.219970703125,914.84235,914.0562,912.85535,912.0123,910.86273,0.0055291769054573,-0.0339226481174488,55.02086106562238,885.260009765625,945.989990234375,4,-0.01728842999342165,0.016493236372894807,922.6699829101562,2026-08-28,2026-08-26
2026-08-28,922.6699829101562,914.0562,912.85535,912.0123,910.86273,912.4614,0.0054423956841773,0.3908105425244952,63.10223081943502,885.260009765625,945.989990234375,5,-0.001137984674680693,0.0196594201689716,931.510009765625,2026-08-31,2026-08-27
2026-08-31,931.510009765625,920.44196,922.3616,923.06555,923.9468,924.38684,0.0058500908904122,1.2151224702286558,68.29048092725552,885.260009765625,945.989990234375,1,-0.003802589714711809,-0.002659837376031039,934.030029296875,2026-09-01,2026-08-28
2026-09-01,934.030029296875,922.3616,923.06555,923.9468,924.38684,926.4529,0.0057038450789154,1.840573203189745,72.19207827681134,885.260009765625,945.989990234375,2,0.004788932365228237,-0.0008334353389590339,935.6400146484376,2026-09-02,2026-08-31
2026-09-02,935.6400146484376,923.06555,923.9468,924.38684,926.4529,926.3675,0.0055384546695257,2.2463231369557746,72.80413151507419,885.260009765625,945.989990234375,3,-0.013282694622597117,-0.03025561869400699,937.5999755859376,2026-09-03,2026-09-01
2026-09-03,937.5999755859376,923.9468,924.38684,926.4529,926.3675,923.8734,0.0053892525865986,2.510313583574141,74.02271913954569,885.260009765625,945.989990234375,4,-0.0008456413975780643,-0.014178502753753543,932.6400146484376,2026-09-04,2026-09-02
