ds,y,nhits_h1,nhits_h2,vol_garch,macd,rsi,precio_min_ventana,precio_max_ventana,dias_desde_refit,copper_ret_1d,copper_mom_5d,y_next,ds_salida,ds_reloj
2020-12-11,0.7524397969245911,0.74594253,0.7467468,0.005817172582499,0.0006422485200263,75.58173217602021,0.7008199691772461,0.7524397969245911,1,0.01765956801103442,0.02630060449627686,0.7551102638244629,2020-12-14,2020-12-10
2020-12-14,0.7551102638244629,0.7467468,0.74731624,0.0057277309011939,0.0010205035722935,80.59744976180758,0.7008199691772461,0.7551102638244629,2,-0.013108925112561077,0.002845757153371549,0.7539203763008118,2020-12-15,2020-12-11
2020-12-15,0.7539203763008118,0.74731624,0.7479258,0.0055908262590721,0.0010737061456284,74.18256199092906,0.7008199691772461,0.7551102638244629,3,-0.0005676568532849705,0.0038477910283128596,0.7555609345436096,2020-12-16,2020-12-14
2020-12-16,0.7555609345436096,0.7479258,0.74914044,0.0054728527409798,0.0010985683985572,75.69213083010743,0.7008199691772461,0.7555609345436096,4,0.004532594732826386,0.012593059330743893,0.7569999694824219,2020-12-17,2020-12-15
2020-12-17,0.7569999694824219,0.74914044,0.74896556,0.0053541538408327,0.0010889995612542,77.98556962224512,0.7008199691772461,0.7569999694824219,5,0.004512075897879891,0.013112886307093197,0.7615299224853516,2020-12-18,2020-12-16
2020-12-18,0.7615299224853516,0.7568535,0.75817484,0.0054083284222472,0.00125312471752,78.15958084580221,0.7008199691772461,0.7615299224853516,1,0.012026430542292521,0.00742192617644431,0.7587425708770752,2020-12-21,2020-12-17
2020-12-21,0.7587425708770752,0.75817484,0.7590009,0.0053406056888508,0.0010476847816057,81.4914892266322,0.7008199691772461,0.7615299224853516,2,0.008719203163225152,0.029653818787127317,0.7575200796127319,2020-12-22,2020-12-18
2020-12-22,0.7575200796127319,0.7590009,0.7590671,0.0052202778089633,0.0007188559523013,77.42115108978716,0.7008199691772461,0.7615299224853516,3,-0.015413769301266707,0.014480374434948994,0.7551700472831726,2020-12-23,2020-12-21
2020-12-23,0.7551700472831726,0.7590671,0.7590363,0.0051422929751782,0.0002563316508904,69.62144459179068,0.7008199691772461,0.7615299224853516,4,-0.015512951902100029,-0.005652973075548363,0.7579599022865295,2020-12-24,2020-12-22
2020-12-24,0.7579599022865295,0.7590363,0.75893617,0.0050934715803965,6.168727602984779e-05,70.22461602303261,0.7008199691772461,0.7615299224853516,5,0.00961822368998747,-0.0005627054297451403,0.7606801390647888,2020-12-25,2020-12-23
2020-12-25,0.7606801390647888,0.75673276,0.7574579,0.0050429516906061,4.056495893412296e-05,73.84851262665185,0.7008199691772461,0.7615299224853516,1,0.002249690773362123,-0.010286333630522511,0.7611914277076721,2020-12-28,2020-12-24
2020-12-28,0.7611914277076721,0.7574579,0.7580865,0.0049240666638718,-1.17521925110586e-05,77.09995876891975,0.7008199691772461,0.7615299224853516,2,0.0,-0.01887833602031982,0.758892297744751,2020-12-29,2020-12-25
2020-12-29,0.758892297744751,0.7580865,0.75764596,0.0048581238661569,-0.0002602066744017,73.72953843023035,0.7008199691772461,0.7615299224853516,3,0.0028050483012747717,-0.0008396364453597725,0.7609898447990417,2020-12-30,2020-12-28
2020-12-30,0.7609898447990417,0.75764596,0.75739455,0.004789763137756,-0.000337393121267,73.51572191964816,0.7008199691772461,0.7615299224853516,4,-0.004773267568748166,0.009948859280917885,0.7689290642738342,2020-12-31,2020-12-29
2020-12-31,0.7689290642738342,0.75739455,0.75677526,0.0052860409201527,7.038503313294697e-05,72.78337983719804,0.7008199691772461,0.7689290642738342,5,-0.0028184884850533864,-0.002533801471429239,0.7702973484992981,2021-01-01,2020-12-30
2021-01-01,0.7702973484992981,0.76440215,0.7640482,0.0051731330420053,0.000341251041168,71.7674376485423,0.7008199691772461,0.7702973484992981,1,-0.00821884864248363,-0.012921349593837747,0.7712300419807434,2021-01-04,2020-12-31
2021-01-04,0.7712300419807434,0.7640482,0.7633437,0.0050555376414686,0.00048352776075,74.99397544736607,0.7008199691772461,0.7712300419807434,2,0.0,-0.012921349593837747,0.7670999765396118,2021-01-05,2021-01-01
2021-01-05,0.7670999765396118,0.7633437,0.76406014,0.0050907506520799,0.0002135533202912,65.54407015639377,0.7008199691772461,0.7712300419807434,3,0.011037337127536937,-0.004761893631251935,0.7766000628471375,2021-01-06,2021-01-04
2021-01-06,0.7766000628471375,0.76406014,0.7644329,0.0057513279157707,0.0005686980564967,71.6919646685533,0.7008199691772461,0.7766000628471375,4,0.024328744190622302,0.02462710273713657,0.781700074672699,2021-01-07,2021-01-05
2021-01-07,0.781700074672699,0.7644329,0.7641216,0.0058108017177674,0.0010149394561744,72.04470449976483,0.7008199691772461,0.781700074672699,5,0.0026061400085380447,0.030200427053907554,0.7768999934196472,2021-01-08,2021-01-06
2021-01-08,0.7768999934196472,0.78290695,0.7836797,0.0058383070429733,0.0008607717039545,69.00861977518947,0.7008199691772461,0.781700074672699,1,0.01238864164946358,0.051650529650207104,0.7716525793075562,2021-01-11,2021-01-07
2021-01-11,0.7716525793075562,0.7836797,0.7831039,0.0059007842138787,0.0003078512446627,63.64511109269541,0.7008199691772461,0.781700074672699,2,-0.0059709326787447245,0.04538990462171073,0.7707497477531433,2021-01-12,2021-01-08
2021-01-12,0.7707497477531433,0.7831039,0.7835755,0.0057513328555008,-0.0001894552283289,65.47485980600182,0.7008199691772461,0.781700074672699,3,-0.030261423589353787,0.003095952171877183,0.7776049971580505,2021-01-13,2021-01-11
2021-01-13,0.7776049971580505,0.7835755,0.78319883,0.0059780048290288,-0.0001302998957349,68.05477951246235,0.7008199691772461,0.781700074672699,4,0.011438296923926266,-0.00975142121178066,0.774713397026062,2021-01-14,2021-01-12
2021-01-14,0.774713397026062,0.78319883,0.7835781,0.0058831131190835,-0.0003471902913483,62.85673720136519,0.7008199691772461,0.781700074672699,5,0.003323205417966472,-0.009041093563939735,0.777580201625824,2021-01-15,2021-01-13
2021-01-15,0.777580201625824,0.7751995,0.77726203,0.0057950908614112,-0.0003574517943749,64.39353647198746,0.7008199691772461,0.781700074672699,1,0.014001568268525182,-0.007441459866258496,0.7688876986503601,2021-01-18,2021-01-14
2021-01-18,0.7688876986503601,0.77726203,0.780113,0.0062251482794742,-0.0009745376855063,57.89222021315748,0.7008199691772461,0.781700074672699,2,-0.017879738594029113,-0.0191915432830798,0.7686986327171326,2021-01-19,2021-01-15
2021-01-19,0.7686986327171326,0.780113,0.7815286,0.0060563648109782,-0.0013947300298904,56.27588830615264,0.7008199691772461,0.781700074672699,3,0.0,0.010942770909641162,0.7711800932884216,2021-01-20,2021-01-18
2021-01-20,0.7711800932884216,0.7815286,0.78344476,0.0059446301881034,-0.0014958805020633,52.01135039443046,0.7008199691772461,0.781700074672699,4,0.009117342638361609,0.008599139735508151,0.7755701541900635,2021-01-21,2021-01-19
2021-01-21,0.7755701541900635,0.78344476,0.7847905,0.0059410653377577,-0.0012665474062136,54.47000007074144,0.7008199691772461,0.781700074672699,5,0.0031578581146133864,0.0084323843742432,0.7761022448539734,2021-01-22,2021-01-20
2021-01-22,0.7761022448539734,0.77323437,0.76921815,0.0057870854133279,-0.0010854155622124,54.15863687146291,0.7008199691772461,0.781700074672699,1,0.0021908531376899996,-0.0034078647061656746,0.7715799808502197,2021-01-25,2021-01-21
2021-01-25,0.7715799808502197,0.76921815,0.7654933,0.0057978063383973,-0.0012640737849979,53.79844710515092,0.7053698301315308,0.781700074672699,2,-0.005486224494399296,0.009020269020598558,0.7718997597694397,2021-01-26,2021-01-22
2021-01-26,0.7718997597694397,0.7654933,0.7624153,0.0056484436200296,-0.0013469869447957,45.27998774178257,0.7180498242378235,0.781700074672699,3,0.0013744131974424212,0.010408033257109529,0.7753139734268188,2021-01-27,2021-01-25
2021-01-27,0.7753139734268188,0.7624153,0.76085943,0.0056020024866381,-0.0011649928576184,43.36238887340087,0.7180498242378235,0.781700074672699,4,-0.0034395156780045112,-0.0022001917446712693,0.765099823474884,2021-01-28,2021-01-26
2021-01-28,0.765099823474884,0.76085943,0.7607704,0.0062734472750944,-0.0016935755437519,38.97581934897563,0.7240185737609863,0.781700074672699,5,-0.015695844799481936,-0.020836182154799314,0.7669699192047119,2021-01-29,2021-01-27
2021-01-29,0.7669699192047119,0.7678501,0.76993126,0.0061313786653533,-0.0018647764777405,45.33061672804388,0.7240185737609863,0.781700074672699,1,0.0032147296487249717,-0.019833125906013445,0.761997640132904,2021-02-01,2021-01-28
2021-02-01,0.761997640132904,0.76993126,0.7704316,0.0061552955620735,-0.0022354169892706,41.927830064209694,0.7240185737609863,0.781700074672699,2,-0.0026549381584333254,-0.017054060519955155,0.7634601593017578,2021-02-02,2021-01-29
2021-02-02,0.7634601593017578,0.7704316,0.76943624,0.0060083352493212,-0.0022958840177944,35.51294495418445,0.7240185737609863,0.781700074672699,3,-0.0032232896853065453,-0.021562980619232078,0.760820746421814,2021-02-03,2021-02-01
2021-02-03,0.760820746421814,0.76943624,0.7688124,0.0059036302386798,-0.0024153134710834,35.697349333712964,0.7240185737609863,0.781700074672699,4,-0.006477983976974251,-0.0245314184492475,0.7636000514030457,2021-02-04,2021-02-02
2021-02-04,0.7636000514030457,0.7688124,0.7688043,0.00581416418382,-0.0022141238378785,35.58129012744884,0.7240185737609863,0.781700074672699,5,0.011099516193104106,0.0019599522214916905,0.7603002190589905,2021-02-05,2021-02-03
2021-02-05,0.7603002190589905,0.76119477,0.7578246,0.0057507736941524,-0.0022054329717346,40.03461193682976,0.7269100546836853,0.781700074672699,1,-0.003499212095570062,-0.0047446163014563765,0.7679199576377869,2021-02-08,2021-02-04
2021-02-08,0.7679199576377869,0.7578246,0.7560999,0.0060723120213831,-0.0016159640589844,49.22929709346366,0.7269100546836853,0.781700074672699,2,0.020264386695531118,0.018329375257908852,0.7710998058319092,2021-02-09,2021-02-05
2021-02-09,0.7710998058319092,0.7560999,0.7565527,0.0059915206597688,-0.0009730359756097,49.92161814595202,0.7269100546836853,0.781700074672699,3,0.010932047306130873,0.03284667697582702,0.7740501165390015,2021-02-10,2021-02-08
2021-02-10,0.7740501165390015,0.7565527,0.75595224,0.0059033420447245,-0.0003427348726498,48.47311699197701,0.7269100546836853,0.781700074672699,4,0.014705183351721931,0.054959018817618895,0.7725348472595215,2021-02-11,2021-02-09
2021-02-11,0.7725348472595215,0.75595224,0.75347835,0.0057666415275488,-3.759126196036075e-05,46.48594695835462,0.7269100546836853,0.781700074672699,5,0.013831859146124684,0.057845470250245355,0.7753999829292297,2021-02-12,2021-02-10
2021-02-12,0.7753999829292297,0.7731487,0.77208453,0.0056859118059716,0.0003273866881458,53.889872819992405,0.7298204302787781,0.781700074672699,1,0.000528153994474969,0.06211439171036102,0.7764095664024353,2021-02-15,2021-02-11
2021-02-15,0.7764095664024353,0.77208453,0.7698066,0.0055496483850378,0.0005915717090141,54.528673659210455,0.7298204302787781,0.781700074672699,2,0.0038211104503456115,0.044792555522243364,0.7786197066307068,2021-02-16,2021-02-12
2021-02-16,0.7786197066307068,0.7698066,0.7662833,0.0054516400577484,0.0008540010749822,53.4018266240577,0.7356798052787781,0.781700074672699,3,0.0,0.03343303840023268,0.773790180683136,2021-02-17,2021-02-15
2021-02-17,0.773790180683136,0.7662833,0.763193,0.0055077671045287,0.0006503715588683,60.05758623448938,0.7356798052787781,0.781700074672699,4,0.012026289584637934,0.030668285967424096,0.7758697867393494,2021-02-18,2021-02-16
2021-02-18,0.7758697867393494,0.763193,0.7617409,0.0054073570488436,0.0006047422953929,60.25034976748529,0.7356798052787781,0.781700074672699,5,-0.0031233976197787097,0.01334035541278491,0.7767997980117798,2021-02-19,2021-02-17
2021-02-19,0.7767997980117798,0.7759274,0.7749056,0.005281189356011,0.0005857937072321,68.79866408891137,0.7356798052787781,0.781700074672699,1,0.02076827313014467,0.03405945615005395,0.7888488173484802,2021-02-22,2021-02-18
2021-02-22,0.7888488173484802,0.7749056,0.7746995,0.0062830356642236,0.0012928153420491,75.41064387002093,0.7356798052787781,0.7888488173484802,2,0.043346586160945506,0.07574963265228313,0.7915400266647339,2021-02-23,2021-02-19
2021-02-23,0.7915400266647339,0.7746995,0.77469873,0.0061667882912554,0.0018176576442246,80.71403712020444,0.7380890846252441,0.7915400266647339,3,0.015165591889079963,0.09218834891937815,0.7908827066421509,2021-02-24,2021-02-22
2021-02-24,0.7908827066421509,0.77469873,0.77305186,0.0060060629218913,0.0019829622402847,78.48676193641299,0.7410997152328491,0.7915400266647339,4,0.008393297899842403,0.08822763670312699,0.7977026104927063,2021-02-25,2021-02-23
2021-02-25,0.7977026104927063,0.77305186,0.77179396,0.0061831330224545,0.002386909414844,86.37896250260881,0.7410997152328491,0.7977026104927063,5,0.026743684145325672,0.12122006171784441,0.7870000004768372,2021-02-26,2021-02-24
2021-02-26,0.7870000004768372,0.79171246,0.79095155,0.0067903244481966,0.0017955714074037,67.50800168894159,0.7410997152328491,0.7977026104927063,1,-0.008171009534660136,0.08923776184952181,0.7752419114112854,2021-03-01,2021-02-25
2021-03-01,0.7752419114112854,0.79095155,0.794609,0.007485635051765,0.0005399561676507,53.28385475488635,0.7410997152328491,0.7977026104927063,2,-0.04103194619546087,0.0011002230058880643,0.7772001028060913,2021-03-02,2021-02-26
2021-03-02,0.7772001028060913,0.794609,0.7965807,0.0072910027539849,-0.000192083440534,52.53721712679173,0.7410997152328491,0.7977026104927063,3,0.006087210099527751,-0.007947017738226802,0.7825197577476501,2021-03-03,2021-03-01
2021-03-03,0.7825197577476501,0.7965807,0.794007,0.0072624542575121,-0.0003426227127207,57.57810443117283,0.7434999346733093,0.7977026104927063,4,0.026824739620605623,0.010507498214493937,0.7758102416992188,2021-03-04,2021-03-02
2021-03-04,0.7758102416992188,0.794007,0.7971782,0.0073351641684144,-0.0008876900062115,50.2942003674192,0.7524397969245911,0.7977026104927063,5,-0.018725640031191874,-0.0344106571161761,0.7715603113174438,2021-03-05,2021-03-03
2021-03-05,0.7715603113174438,0.76815885,0.77010685,0.0072368471878404,-0.0014924782556814,46.67698679486499,0.7539203763008118,0.7977026104927063,1,-0.03978912495984579,-0.06446316695449032,0.7709101438522339,2021-03-08,2021-03-04
2021-03-08,0.7709101438522339,0.77010685,0.77420163,0.007031558032992,-0.0018698643244946,44.60150604395926,0.7539203763008118,0.7977026104927063,2,0.023769368152198076,-0.001831767381264405,0.7656674981117249,2021-03-09,2021-03-05
2021-03-09,0.7656674981117249,0.77420163,0.78099597,0.0070141159274121,-0.0023737553462894,44.34494366356157,0.7551700472831726,0.7977026104927063,3,0.004029062680954104,-0.003884032096423542,0.7717835903167725,2021-03-10,2021-03-08
2021-03-10,0.7717835903167725,0.78099597,0.78687257,0.0070693352352536,-0.0022002240336037,47.30655141931047,0.7551700472831726,0.7977026104927063,4,-0.020682779387527755,-0.05010052288125251,0.773200273513794,2021-03-11,2021-03-09
2021-03-11,0.773200273513794,0.78687257,0.78735113,0.0068833482722414,-0.001906084872259,47.6424706626379,0.7551700472831726,0.7977026104927063,5,0.00558211193960872,-0.026727682229187005,0.7787615656852722,2021-03-12,2021-03-10
2021-03-12,0.7787615656852722,0.77657783,0.76752514,0.0069001863401637,-0.0012829266936437,42.77968913190392,0.7551700472831726,0.7977026104927063,1,0.024680619799534884,0.03808574072280796,0.7762998938560486,2021-03-15,2021-03-11
2021-03-15,0.7762998938560486,0.76752514,0.76223856,0.0067464565151751,-0.0009952955205779,39.0553663107304,0.7551700472831726,0.7977026104927063,2,0.0006032592635764687,0.014313748824532789,0.7750135660171509,2021-03-16,2021-03-12
2021-03-16,0.7750135660171509,0.76223856,0.75610304,0.0065704414442732,-0.0008557680882686,38.7056843191255,0.7551700472831726,0.7977026104927063,3,0.00024117884471256955,0.010478913710657739,0.77455735206604,2021-03-17,2021-03-15
2021-03-17,0.77455735206604,0.75610304,0.7523891,0.0063919976089918,-0.0007614570723805,31.88637544652812,0.7579599022865295,0.7977026104927063,4,-0.016412772188325007,0.014802891084194535,0.7813000679016113,2021-03-18,2021-03-16
2021-03-18,0.7813000679016113,0.7523891,0.753078,0.0065427377271062,-0.0002392763739439,45.244444002406894,0.758892297744751,0.7977026104927063,5,0.011941116105170712,0.021276588214642324,0.7753699421882629,2021-03-19,2021-03-17
2021-03-19,0.7753699421882629,0.77923,0.7821891,0.0066043641853259,-0.0002844946051003,50.11832520260713,0.758892297744751,0.7977026104927063,1,-0.0026682077001745565,-0.006275651001248662,0.7722502946853638,2021-03-22,2021-03-18
2021-03-22,0.7722502946853638,0.7821891,0.78349566,0.0064900545965234,-0.0005029705042314,45.52156383944846,0.758892297744751,0.7977026104927063,2,0.0015775180322680441,-0.005307034575667284,0.7745501399040222,2021-03-23,2021-03-19
2021-03-23,0.7745501399040222,0.78349566,0.7858692,0.0063528429734367,-0.0004715823493571,42.37253134662119,0.7603002190589905,0.7977026104927063,3,0.00616509596797972,0.0006029319073336323,0.7604701519012451,2021-03-24,2021-03-22
2021-03-24,0.7604701519012451,0.7858692,0.7843611,0.0075108030880078,-0.0013294775233978,37.13367848294149,0.7603002190589905,0.7977026104927063,4,-0.014811572761879678,0.002206380125604916,0.7591003179550171,2021-03-25,2021-03-23
2021-03-25,0.7591003179550171,0.7843611,0.78621405,0.0073053808682705,-0.0018856234902406,39.01879124966118,0.7591003179550171,0.7977026104927063,5,-0.004044370217164056,-0.013687006059690358,0.7594000697135925,2021-03-26,2021-03-24
2021-03-26,0.7594000697135925,0.7582733,0.7560251,0.007098221430867,-0.0021126380327152,39.792927087881246,0.7591003179550171,0.7977026104927063,1,-0.021474152909001003,-0.03206223089596623,0.7637377381324768,2021-03-29,2021-03-25
2021-03-29,0.7637377381324768,0.7560251,0.75963145,0.0070278746344961,-0.0018589533599202,48.260783614321134,0.7591003179550171,0.7977026104927063,2,0.023191937333871187,-0.010913078139776489,0.7641170620918274,2021-03-30,2021-03-26
2021-03-30,0.7641170620918274,0.75963145,0.7555872,0.0068326019636396,-0.0015656496666856,42.29356621854318,0.7591003179550171,0.7977026104927063,3,-0.008742177867836775,-0.025548310992055703,0.7608798146247864,2021-03-31,2021-03-29
2021-03-31,0.7608798146247864,0.7555872,0.7522454,0.0067149255993611,-0.0014901217104216,38.05269223788842,0.7591003179550171,0.7977026104927063,4,-0.014951731127624176,-0.02568487897748763,0.7594098448753357,2021-04-01,2021-03-30
2021-04-01,0.7594098448753357,0.7522454,0.75282544,0.0065453458472072,-0.0014388708432927,29.6170362371613,0.7591003179550171,0.7977026104927063,5,0.0050087114359113295,-0.01682427727224071,0.7619001269340515,2021-04-02,2021-03-31
2021-04-02,0.7619001269340515,0.7518352,0.74734056,0.0064147410980628,-0.0011495095442189,34.84201279959844,0.7591003179550171,0.7977026104927063,1,0.00012494902745103476,0.004642431651793275,0.7620998620986938,2021-04-05,2021-04-01
2021-04-05,0.7620998620986938,0.74734056,0.7495668,0.0062427536673448,-0.0008696314236834,36.08807325311107,0.7591003179550171,0.7977026104927063,2,0.0,-0.01838906780756846,0.7658727169036865,2021-04-06,2021-04-02
2021-04-06,0.7658727169036865,0.7495668,0.75063944,0.0061867151177388,-0.0003803586353799,41.26803577549939,0.7591003179550171,0.7977026104927063,3,0.03569840708627201,0.026218140191296254,0.7666947841644287,2021-04-07,2021-04-05
2021-04-07,0.7666947841644287,0.75063944,0.7514257,0.006028470262665,2.706473275601454e-05,33.33047612050363,0.7591003179550171,0.7977026104927063,4,-0.005437760323936038,0.036028141652599405,0.7613884806632996,2021-04-08,2021-04-06
2021-04-08,0.7613884806632996,0.7514257,0.7573311,0.0060853854551969,-2.9331327206728357e-05,33.81195170292996,0.7591003179550171,0.7977026104927063,5,-0.01526187929104689,0.015238658618763608,0.7659003138542175,2021-04-09,2021-04-07
2021-04-09,0.7659003138542175,0.76792055,0.76706445,0.0060856447330258,0.0002531533543836,42.87746716354248,0.7591003179550171,0.7977026104927063,1,0.009672498938159392,0.02497812039807774,0.7626002430915833,2021-04-12,2021-04-08
2021-04-12,0.7626002430915833,0.76706445,0.7634345,0.0060079439282466,0.0002341191577902,36.89041056477832,0.7591003179550171,0.7977026104927063,2,-0.012999931559483379,0.011739710631842884,0.7627707123756409,2021-04-13,2021-04-09
2021-04-13,0.7627707123756409,0.7634345,0.76143426,0.0058511989387398,0.0002480447268278,53.63237848937776,0.7591003179550171,0.7977026104927063,3,-0.005073881548938817,-0.028681598752523248,0.7647499442100525,2021-04-14,2021-04-12
2021-04-14,0.7647499442100525,0.76143426,0.7637044,0.0057331789551149,0.000396764493344,58.7518351292208,0.7591003179550171,0.7977026104927063,4,0.0032206173632353353,-0.02023504321405221,0.772509753704071,2021-04-15,2021-04-13
2021-04-15,0.772509753704071,0.7637044,0.76456493,0.0060659794142993,0.0009901731707488,66.49561854819598,0.7591003179550171,0.7977026104927063,5,0.023708710203915604,0.018700722037502584,0.7751697301864624,2021-04-16,2021-04-14
2021-04-16,0.7751697301864624,0.7698446,0.7697953,0.005962382216377,0.0015034805454021,65.0187071181015,0.7591003179550171,0.7977026104927063,1,0.021624486094410433,0.030949271427430983,0.7714025974273682,2021-04-19,2021-04-15
2021-04-19,0.7714025974273682,0.7697953,0.7711568,0.0059146151816168,0.0015260837213529,58.788981326353785,0.7591003179550171,0.7977026104927063,2,-0.012009036212427845,0.03197134056168487,0.7767002582550049,2021-04-20,2021-04-16
2021-04-20,0.7767002582550049,0.7711568,0.7723041,0.0059800481202142,0.0018149538124424,68.18132623131163,0.7591003179550171,0.7977026104927063,3,0.016607777466976493,0.05459051581590679,0.7723796963691711,2021-04-21,2021-04-19
2021-04-21,0.7723796963691711,0.7723041,0.7721047,0.0059645206416195,0.0016376226494656,63.98879857230656,0.7591003179550171,0.7977026104927063,4,-0.006136441950969237,0.044768673251099865,0.7754402756690979,2021-04-22,2021-04-20
2021-04-22,0.7754402756690979,0.7721047,0.7735444,0.0058836249402824,0.0016446962783569,64.42642564833373,0.7591003179550171,0.7977026104927063,5,0.014688002811719945,0.03538650129247061,0.7705348134040833,2021-04-23,2021-04-21
2021-04-23,0.7705348134040833,0.7752903,0.77581334,0.0059155730598176,0.0012548576889062,58.16801823901186,0.7591003179550171,0.7977026104927063,1,-0.0014007337467382489,0.01181886568555778,0.7743114233016968,2021-04-26,2021-04-22
2021-04-26,0.7743114233016968,0.77581334,0.77680355,0.0058757734745102,0.0011878876815137,58.17106025592782,0.7591003179550171,0.7977026104927063,2,0.014495528570305756,0.03899524246543073,0.7799704074859619,2021-04-27,2021-04-23
2021-04-27,0.7799704074859619,0.77680355,0.7732498,0.0059721092422411,0.0014442174178948,61.75360532270594,0.7591003179550171,0.7977026104927063,3,0.02388920803618793,0.04658822452320772,0.7770001888275146,2021-04-28,2021-04-26
2021-04-28,0.7770001888275146,0.7732498,0.77110606,0.0058825342693689,0.0013357607123096,64.41827820256634,0.7591003179550171,0.7977026104927063,4,0.0642153066728483,0.12286933149100794,0.7801297307014465,2021-04-29,2021-04-27
2021-04-29,0.7801297307014465,0.77110606,0.7723795,0.0058081788340657,0.0013905764098742,63.48598582765416,0.7591003179550171,0.7977026104927063,5,-0.04440381313038143,0.05843933360936106,0.777762234210968,2021-04-30,2021-04-28
2021-04-30,0.777762234210968,0.78064287,0.7843102,0.0057020836346675,0.0011908770059205,64.62842368464032,0.7591003179550171,0.7977026104927063,1,-0.009745403319025842,0.04964375624035088,0.7722997665405273,2021-05-03,2021-04-29
2021-05-03,0.7722997665405273,0.7843102,0.7826207,0.0057906101148284,0.0006418929599805,58.34188196522176,0.7591003179550171,0.7977026104927063,2,-0.003120809214669029,0.03131479586307801,0.7758914828300476,2021-05-04,2021-04-30
2021-05-04,0.7758914828300476,0.7826207,0.78080773,0.0057468214278285,0.0004791165822554,59.4856774004969,0.7591003179550171,0.7977026104927063,3,0.014187807813497627,0.021357973922324427,0.7713799476623535,2021-05-05,2021-05-03
2021-05-05,0.7713799476623535,0.78080773,0.77795887,0.0057592898376789,4.871811464463027e-05,48.98178876427671,0.7591003179550171,0.7977026104927063,4,-0.0015421186716272925,-0.04364331736302519,0.7751199007034302,2021-05-06,2021-05-04
2021-05-06,0.7751199007034302,0.77795887,0.7816702,0.005726207769677,-3.788332686217345e-07,49.95594982917385,0.7591003179550171,0.7977026104927063,5,0.0006612142306960406,0.00044078795734489855,0.7787312865257263,2021-05-07,2021-05-05
2021-05-07,0.7787312865257263,0.7717452,0.77033085,0.0056863635506306,0.0001838863713565,56.49658408229904,0.7591003179550171,0.7977026104927063,1,0.0174714913257196,0.02804360709212753,0.7858793139457703,2021-05-10,2021-05-06
2021-05-10,0.7858793139457703,0.77033085,0.76865304,0.0059384435598739,0.0007300400559985,57.87840372272341,0.7591003179550171,0.7977026104927063,2,0.031329113091163485,0.06407673511659143,0.7838999032974243,2021-05-11,2021-05-07
2021-05-11,0.7838999032974243,0.76865304,0.76443106,0.0058133919136323,0.0008902324672202,60.30183216408993,0.7591003179550171,0.7977026104927063,3,-0.006842448062350475,0.041932593723215304,0.7838096022605896,2021-05-12,2021-05-10
2021-05-12,0.7838096022605896,0.76443106,0.7671599,0.0056647622790117,0.0009186438209069,57.90407525910848,0.7591003179550171,0.7977026104927063,4,0.009461819095785704,0.05346126922578398,0.7732301950454712,2021-05-13,2021-05-11
2021-05-13,0.7732301950454712,0.7671599,0.76823455,0.0063531859269847,0.000191483963722,52.29914452564542,0.7591003179550171,0.7977026104927063,5,-0.005455899067965582,0.04703679693176985,0.7726202011108398,2021-05-14,2021-05-12
2021-05-14,0.7726202011108398,0.76903266,0.7715344,0.0061857838489928,-0.0003353461347948,48.47501461887728,0.7591003179550171,0.7977026104927063,1,-0.009938743351079252,0.018727033693980797,0.7778711318969727,2021-05-17,2021-05-13
2021-05-17,0.7778711318969727,0.7715344,0.76512265,0.0062271903259805,-0.0003342012721363,48.09303725778541,0.7591003179550171,0.7977026104927063,2,-0.00885860766012958,-0.021401545128546938,0.7773698568344116,2021-05-18,2021-05-14
2021-05-18,0.7773698568344116,0.76512265,0.7694967,0.0060642704505587,-0.0003685225747409,50.3515729516709,0.7591003179550171,0.7977026104927063,3,0.01225307234489491,-0.002535139730362111,0.7789981961250305,2021-05-19,2021-05-17
2021-05-19,0.7789981961250305,0.7694967,0.7701808,0.0059271821890276,-0.0002865272528979,48.89222150901558,0.7591003179550171,0.7977026104927063,4,0.0029607591243407698,-0.008998685891298293,0.772030234336853,2021-05-20,2021-05-18
2021-05-20,0.772030234336853,0.7701808,0.7754224,0.0061340897357661,-0.0006838680532947,44.85205554835856,0.7591003179550171,0.7870000004768372,5,-0.0313162130068712,-0.03429776009447427,0.7770001888275146,2021-05-21,2021-05-19
2021-05-21,0.7770001888275146,0.77322954,0.774542,0.0061585088806124,-0.0005974095861041,54.25915724207957,0.7591003179550171,0.7858793139457703,1,-0.00163553912768276,-0.02624595554850256,0.7730000615119934,2021-05-24,2021-05-20
2021-05-24,0.7730000615119934,0.774542,0.77189773,0.0061125341606142,-0.0007833354542888,47.39926787058423,0.7591003179550171,0.7858793139457703,2,-0.018947464727376417,-0.03602063036358731,0.7750802040100098,2021-05-25,2021-05-21
2021-05-25,0.7750802040100098,0.77189773,0.77414477,0.005986522571131,-0.0007404260108532,53.480483948734616,0.7591003179550171,0.7858793139457703,3,0.010069303102651882,-0.03812344199780583,0.7753139734268188,2021-05-26,2021-05-24
2021-05-26,0.7753139734268188,0.77414477,0.7779473,0.0058324466519136,-0.000672480047227,50.19543676756231,0.7591003179550171,0.7858793139457703,4,-0.004303036537704567,-0.045085002481607454,0.7739902138710022,2021-05-27,2021-05-25
2021-05-27,0.7739902138710022,0.7779473,0.7785497,0.0056967864040162,-0.000690268659777,44.99500393895997,0.7591003179550171,0.7858793139457703,5,0.0024296326940673584,-0.012310700217634096,0.774250328540802,2021-05-28,2021-05-26
2021-05-28,0.774250328540802,0.77107733,0.7700249,0.005554176540625,-0.0006582091204928,35.634533314876606,0.7591003179550171,0.7858793139457703,1,0.029025375367174044,0.018441797661603785,0.7710099816322327,2021-05-31,2021-05-27
2021-05-31,0.7710099816322327,0.7700249,0.7695211,0.0055006355802164,-0.0008184774278707,34.5579467053973,0.7591003179550171,0.7858793139457703,2,0.0034227852531662456,0.04148133457138478,0.7743498086929321,2021-06-01,2021-05-28
2021-06-01,0.7743498086929321,0.7695211,0.76659334,0.0054598611764679,-0.0006690947681715,39.48583550074927,0.7591003179550171,0.7858793139457703,3,0.0,0.031046964915537406,0.7755900025367737,2021-06-02,2021-05-31
2021-06-02,0.7755900025367737,0.76659334,0.76639825,0.0053393245124937,-0.0004659284515624,53.309990920537146,0.7591003179550171,0.7858793139457703,4,-0.0043875518245004505,0.030959829367792343,0.7744301557540894,2021-06-03,2021-06-01
2021-06-03,0.7744301557540894,0.76639825,0.762747,0.0052203705820903,-0.0003918049354615,52.50017290269036,0.7591003179550171,0.7858793139457703,5,-0.013388296308474998,0.014780479235545775,0.7665772438049316,2021-06-04,2021-06-02
2021-06-04,0.7665772438049316,0.76890177,0.7669761,0.0056122978702869,-0.0008286914039437,35.445484320942896,0.7591003179550171,0.7858793139457703,1,-0.028332377874284862,-0.041787242652017706,0.7744001746177673,2021-06-07,2021-06-03
2021-06-07,0.7744001746177673,0.7669761,0.7670694,0.0059602860252549,-0.0005606823014755,46.78049908952155,0.7591003179550171,0.7858793139457703,2,0.014652273684639288,-0.03096636080519646,0.7756296992301941,2021-06-08,2021-06-04
2021-06-08,0.7756296992301941,0.7670694,0.76934665,0.0058191971915739,-0.0002844056631792,46.31628074328817,0.7591003179550171,0.7858793139457703,3,-0.0005511286529771498,-0.0315002758679964,0.7736998200416565,2021-06-09,2021-06-07
2021-06-09,0.7736998200416565,0.76934665,0.77298206,0.0056994576009459,-0.0002184075230978,52.05192856818445,0.7591003179550171,0.7858793139457703,4,0.006155296333228396,-0.02123551550932761,0.7729498147964478,2021-06-10,2021-06-08
2021-06-10,0.7729498147964478,0.77298206,0.77159137,0.0055605980818097,-0.0002118730098991,44.44597011216927,0.7591003179550171,0.7858793139457703,5,-0.005824561671397553,-0.013804332355920799,0.7747998237609863,2021-06-11,2021-06-09
2021-06-11,0.7747998237609863,0.7705504,0.77351815,0.0054524589189009,-7.654196180231131e-05,52.62254616706127,0.7591003179550171,0.7858793139457703,1,-0.010303133803955268,0.004137280903106027,0.7708911895751953,2021-06-14,2021-06-10
2021-06-14,0.7708911895751953,0.77351815,0.7732767,0.0054436658532652,-0.0002349067159999,44.20474373225058,0.7591003179550171,0.7858793139457703,2,0.01140472334101938,0.0008815839127802555,0.7712002992630005,2021-06-15,2021-06-11
2021-06-15,0.7712002992630005,0.7732767,0.7723662,0.005311797335126,-0.0002993506066252,44.32081129386361,0.7591003179550171,0.7858793139457703,3,-0.0020940166441878005,-0.0006614735751243036,0.7686217427253723,2021-06-16,2021-06-14
2021-06-16,0.7686217427253723,0.7723662,0.7691708,0.0052397418089281,-0.0004851502960856,42.836668925389,0.7591003179550171,0.7858793139457703,4,-0.043288974204270095,-0.04887136526633857,0.7616726756095886,2021-06-17,2021-06-15
2021-06-17,0.7616726756095886,0.7691708,0.77027076,0.0055245925113653,-0.0010150835415898,35.759269857037964,0.7594000697135925,0.7858793139457703,5,0.012024140439162556,-0.03174254472220675,0.7556899189949036,2021-06-18,2021-06-16
2021-06-18,0.7556899189949036,0.7573462,0.7575341,0.0056834906268733,-0.0016689517972207,33.668443244809424,0.7556899189949036,0.7858793139457703,1,-0.048511249256526764,-0.06803999315223574,0.7503997683525085,2021-06-21,2021-06-17
2021-06-21,0.7503997683525085,0.7575341,0.7560596,0.0057695269058851,-0.002318218887915,25.48793536572124,0.7503997683525085,0.7858793139457703,2,-0.005271442057981501,-0.08345264324118647,0.7534897923469543,2021-06-22,2021-06-18
2021-06-22,0.7534897923469543,0.7560596,0.75446755,0.0057061020694507,-0.0023904795463288,28.206385144746093,0.7503997683525085,0.7858793139457703,3,0.005988064755717649,-0.07601501763466256,0.7554810047149658,2021-06-23,2021-06-21
2021-06-23,0.7554810047149658,0.75446755,0.7540301,0.0055980066574654,-0.0021619709328867,31.615179098090465,0.7503997683525085,0.7858793139457703,4,0.011161344012827815,-0.024308805885532716,0.7574437856674194,2021-06-24,2021-06-22
2021-06-24,0.7574437856674194,0.7540301,0.7548466,0.0054937285361252,-0.0017538116232657,39.99503780409773,0.7503997683525085,0.7858793139457703,5,0.02253318671770442,-0.014001155047797701,0.7582076191902161,2021-06-25,2021-06-23
2021-06-25,0.7582076191902161,0.7582832,0.76259345,0.005364847985168,-0.0013269638557056,29.017328896839143,0.7503997683525085,0.7858793139457703,1,-0.004512539660794791,0.03035006534645816,0.7594998478889465,2021-06-28,2021-06-24
2021-06-28,0.7594998478889465,0.76259345,0.7616132,0.0052511819861501,-0.000874033225328,29.1324933298376,0.7503997683525085,0.7858793139457703,2,-0.002903500398113391,0.03279276513435352,0.756840169429779,2021-06-29,2021-06-25
2021-06-29,0.756840169429779,0.7616132,0.75826675,0.0051875574256922,-0.0006787071178441,28.592576446975272,0.7503997683525085,0.7858793139457703,3,-0.004896805697030001,0.021611911147388273,0.7513599991798401,2021-06-30,2021-06-28
2021-06-30,0.7513599991798401,0.75826675,0.76367354,0.0053316062946909,-0.0008335321380904,25.52630832161057,0.7503997683525085,0.7858793139457703,4,-0.00035061145826322903,0.00991859591752164,0.7497701644897461,2021-07-01,2021-06-29
2021-07-01,0.7497701644897461,0.76367354,0.76198614,0.0052248127501457,-0.0009495370030012,21.458632389403636,0.7497701644897461,0.7858793139457703,5,0.004665815048149154,-0.007965746113655919,0.7465806603431702,2021-07-02,2021-06-30
2021-07-02,0.7465806603431702,0.7505603,0.7515595,0.0051918917547468,-0.0011350519606028,21.816432945494853,0.7465806603431702,0.7858793139457703,1,-0.012765905292922918,-0.016119672576616055,0.7518599033355713,2021-07-05,2021-07-01
2021-07-05,0.7518599033355713,0.7515595,0.74671865,0.0053297913519178,-0.000811366826155,29.89523748153583,0.7465806603431702,0.7858793139457703,2,0.009385324889507184,-0.00395434342215364,0.7543002963066101,2021-07-06,2021-07-02
2021-07-06,0.7543002963066101,0.74671865,0.74875575,0.005257546259346,-0.0003648125556404,35.06965761511216,0.7465806603431702,0.7858793139457703,3,0.0,0.0009350600828209919,0.7494998574256897,2021-07-07,2021-07-05
2021-07-07,0.7494998574256897,0.74875575,0.74894613,0.0053357715909805,-0.0003259168950463,36.71445039175022,0.7465806603431702,0.7858793139457703,4,-0.0056206630299764915,-0.004326043982302,0.7484413981437683,2021-07-08,2021-07-06
2021-07-08,0.7484413981437683,0.74894613,0.7466925,0.0052166330910582,-0.0003050255016997,41.13611648051126,0.7465806603431702,0.7858793139457703,5,0.016537025296375227,0.007564247325372619,0.7433286309242249,2021-07-09,2021-07-07
2021-07-09,0.7433286309242249,0.7483957,0.7432405,0.0053285789071278,-0.0005545552417813,41.31535409437636,0.7433286309242249,0.7858793139457703,1,-0.013371488070429429,0.006954268484942704,0.749007523059845,2021-07-12,2021-07-08
2021-07-12,0.749007523059845,0.7432405,0.7435976,0.0054951390676364,-0.000270536515731,44.824102064302274,0.7433286309242249,0.7858793139457703,2,0.018785304387606946,0.016464244730375985,0.7480998039245605,2021-07-13,2021-07-09
2021-07-13,0.7480998039245605,0.7435976,0.7461092,0.0053669580262702,-8.671421494000839e-05,41.25780427127661,0.7433286309242249,0.7858793139457703,3,-0.00680078879935816,0.009574938989454905,0.7441999316215515,2021-07-14,2021-07-12
2021-07-14,0.7441999316215515,0.7461092,0.74743754,0.0053709298587283,-0.0001660839468459,35.00232867373593,0.7433286309242249,0.7858793139457703,4,-0.0019681857282249364,0.01326913090770513,0.7480382323265076,2021-07-15,2021-07-13
2021-07-15,0.7480382323265076,0.74743754,0.7411589,0.0053778961622718,8.795400902472487e-05,39.2336176367395,0.7433286309242249,0.7858793139457703,5,-0.00872959171829475,-0.012012022596948148,0.7423000931739807,2021-07-16,2021-07-14
2021-07-16,0.7423000931739807,0.7528534,0.75412947,0.005535644362392,-7.369812938362672e-05,33.357248978009906,0.7423000931739807,0.7858793139457703,1,0.013008367366183172,0.014397769141162885,0.7390999794006348,2021-07-19,2021-07-15
2021-07-19,0.7390999794006348,0.75412947,0.75317603,0.005487500744696,-0.0003252838700641,33.01198740186962,0.7390999794006348,0.7858793139457703,2,-0.00011544681092663539,-0.004595055968248396,0.7339202165603638,2021-07-20,2021-07-16
2021-07-20,0.7339202165603638,0.75317603,0.75174385,0.0055886966384738,-0.0007456449009851,33.203017809022896,0.7339202165603638,0.7858793139457703,3,-0.028563388889063745,-0.026023639122399016,0.7338911294937134,2021-07-21,2021-07-19
2021-07-21,0.7338911294937134,0.75174385,0.75200254,0.0054501368979725,-0.0009193514237412,34.23218881173516,0.7338911294937134,0.7858793139457703,4,0.014851806274035205,-0.009502813941660197,0.7352616786956787,2021-07-22,2021-07-20
2021-07-22,0.7352616786956787,0.75200254,0.7521981,0.0053362477303772,-0.0008379367915942,38.33905836089411,0.7338911294937134,0.7858793139457703,5,0.0021037466339359693,0.001285910649166152,0.7380498647689819,2021-07-23,2021-07-21
2021-07-23,0.7380498647689819,0.7347152,0.7340835,0.0052838354672483,-0.0005085049509046,35.003003360657004,0.7338911294937134,0.7858793139457703,1,0.015179078440340365,0.0034617737945363465,0.7368219494819641,2021-07-26,2021-07-22
2021-07-26,0.7368219494819641,0.7340835,0.73529965,0.0051706983161129,-0.0002960293110691,30.506058825250022,0.7338911294937134,0.7858793139457703,2,0.013364711728005902,0.017080180512443935,0.738825261592865,2021-07-27,2021-07-23
2021-07-27,0.738825261592865,0.73529965,0.73656887,0.0050900839285394,3.8886218228700864e-05,37.30214776559208,0.7338911294937134,0.7858793139457703,3,0.04058149206515783,0.08989442651452573,0.7366374135017395,2021-07-28,2021-07-26
2021-07-28,0.7366374135017395,0.73656887,0.73491025,0.0050161709047224,0.0001654291903834,36.32609998536207,0.7338911294937134,0.7858793139457703,4,-0.009414458188131294,0.06376507320373762,0.7377101182937622,2021-07-29,2021-07-27
2021-07-29,0.7377101182937622,0.73491025,0.73534524,0.0049132996279219,0.000362438510034,42.81931547233627,0.7338911294937134,0.7858793139457703,5,-0.01484789860388056,0.04588448592832043,0.739609956741333,2021-07-30,2021-07-28
2021-07-30,0.739609956741333,0.7384378,0.73784906,0.0048406071359212,0.0006452468839403,36.70532562740002,0.7338911294937134,0.7858793139457703,1,0.009112161958738268,0.039558401419895584,0.7342305779457092,2021-08-02,2021-07-29
2021-08-02,0.7342305779457092,0.73784906,0.73956925,0.0050187733560805,0.0005009938735208,32.582917281076675,0.7338911294937134,0.7838999032974243,2,-0.008777292901011693,0.01679345532458257,0.7360599637031555,2021-08-03,2021-07-30
2021-08-03,0.7360599637031555,0.73956925,0.7442448,0.0049388883802772,0.000555533688543,39.21702081964728,0.7338911294937134,0.7838096022605896,3,-0.010883711128238811,-0.03421225913048556,0.7396799921989441,2021-08-04,2021-08-02
2021-08-04,0.7396799921989441,0.7442448,0.74352735,0.0049621116178777,0.0008448223907127,38.86347536317516,0.7338911294937134,0.7789981961250305,4,-0.011117587657581399,-0.035855720781950005,0.7382999658584595,2021-08-05,2021-08-03
2021-08-05,0.7382999658584595,0.74352735,0.74256015,0.0048663084332392,0.0009450648159805,43.96992464989064,0.7338911294937134,0.7789981961250305,5,-0.012165873542960521,-0.033266390891058414,0.7402998805046082,2021-08-06,2021-08-04
2021-08-06,0.7402998805046082,0.74172914,0.74267364,0.0047998948579209,0.001135107767472,51.87672584010307,0.7338911294937134,0.7789981961250305,1,0.003573300745128146,-0.0386061923212971,0.7337833642959595,2021-08-09,2021-08-05
2021-08-09,0.7337833642959595,0.74267364,0.7397308,0.0051126842683096,0.0008253877220982,49.79454506407044,0.7337833642959595,0.7789981961250305,2,0.0,-0.030130615381177037,0.733100175857544,2021-08-10,2021-08-06
2021-08-10,0.733100175857544,0.7397308,0.74028003,0.0049971541290931,0.0005890500738756,48.8354214422871,0.733100175857544,0.7789981961250305,3,-0.013553595701871597,-0.032716601011901575,0.7343798875808716,2021-08-11,2021-08-09
2021-08-11,0.7343798875808716,0.74028003,0.74084437,0.0049005976851925,0.0005350214389421,48.69819256964855,0.733100175857544,0.7770001888275146,4,0.01493339169938163,-0.007186827152890446,0.7374087572097778,2021-08-12,2021-08-10
2021-08-12,0.7374087572097778,0.74084437,0.7430174,0.0048868807341768,0.0007085005810463,49.06019767653185,0.733100175857544,0.7770001888275146,5,0.0028684109943628113,0.007852175632893968,0.734149694442749,2021-08-13,2021-08-11
2021-08-13,0.734149694442749,0.743542,0.74751294,0.0048813385269068,0.0006125871550586,46.30289036407866,0.733100175857544,0.7756296992301941,1,-0.0018348393211124997,0.0024162821866453993,0.736572265625,2021-08-16,2021-08-12
2021-08-16,0.736572265625,0.74751294,0.7482132,0.0048344952498353,0.0007140440219423,46.91868872878689,0.733100175857544,0.7756296992301941,2,0.007091448503645414,0.009550130393647702,0.7341066002845764,2021-08-17,2021-08-13
2021-08-17,0.7341066002845764,0.7482132,0.74624294,0.0047864519680436,0.0006203069422605,46.56483608944694,0.733100175857544,0.7756296992301941,3,-0.01492737705102726,0.008164181466840701,0.7255598902702332,2021-08-18,2021-08-16
2021-08-18,0.7255598902702332,0.74624294,0.74667317,0.0053970412462046,1.964806135973125e-05,36.28978777610831,0.7255598902702332,0.7756296992301941,4,-0.028633784386797412,-0.03481563228124527,0.7230997681617737,2021-08-19,2021-08-17
2021-08-19,0.7230997681617737,0.74667317,0.7459269,0.0053211044753548,-0.000478865013891,31.60266892309245,0.7230997681617737,0.7756296992301941,5,-0.020202619271785523,-0.056828523604368936,0.714620053768158,2021-08-20,2021-08-18
2021-08-20,0.714620053768158,0.71715814,0.72015893,0.0058556381731191,-0.0012702870844377,29.560229017877106,0.714620053768158,0.7756296992301941,1,-0.01900856626589939,-0.07288799778089004,0.7139797210693359,2021-08-23,2021-08-19
2021-08-23,0.7139797210693359,0.72015893,0.71961546,0.0057083384664921,-0.0017006249191897,26.40113953870596,0.7139797210693359,0.7756296992301941,2,0.023493114300061776,-0.05755642862779377,0.7209597229957581,2021-08-24,2021-08-20
2021-08-24,0.7209597229957581,0.71961546,0.7168667,0.0060112539696714,-0.0013918951084286,31.332897473997026,0.7139797210693359,0.7756296992301941,3,0.023898832525376987,-0.020245278766039883,0.724879801273346,2021-08-25,2021-08-23
2021-08-25,0.724879801273346,0.7168667,0.71490645,0.005992227237974,-0.0008282209106368,37.26315670379527,0.7139797210693359,0.7756296992301941,4,0.004829547756957162,0.013095311350836587,0.727660059928894,2021-08-26,2021-08-24
2021-08-26,0.727660059928894,0.71490645,0.71012473,0.0059064463562182,-0.0002051541854884,38.178864761632944,0.7139797210693359,0.7756296992301941,5,0.00234736071800499,0.036200117749578944,0.7238398790359497,2021-08-27,2021-08-25
2021-08-27,0.7238398790359497,0.72818553,0.73288226,0.005878107184358,1.7193936140014882e-06,40.2066406800357,0.7139797210693359,0.7756296992301941,1,-0.004464830380560233,0.05138046045575173,0.731598436832428,2021-08-30,2021-08-26
2021-08-30,0.731598436832428,0.73288226,0.72980374,0.0062445108514966,0.0006758106511853,48.70185743359868,0.7139797210693359,0.7756296992301941,2,0.01646761273866541,0.044019871578625656,0.7291233539581299,2021-08-31,2021-08-27
2021-08-31,0.7291233539581299,0.72980374,0.7321737,0.0061268021033178,0.0009527805713706,45.54811808416121,0.7139797210693359,0.7747998237609863,3,0.010256470859227965,0.0298736879799198,0.7317901849746704,2021-09-01,2021-08-30
2021-09-01,0.7317901849746704,0.7321737,0.73435336,0.006028180739547,0.001292296662329,45.212138081238834,0.7139797210693359,0.7747998237609863,4,-0.00022931487279600338,0.024676854582713147,0.7368001937866211,2021-09-02,2021-08-31
2021-09-02,0.7368001937866211,0.73435336,0.73385805,0.0060845552663177,0.0017998082142099,52.19317368033759,0.7139797210693359,0.7747998237609863,5,-0.022498947515922945,-0.0004688992037769529,0.7399300932884216,2021-09-03,2021-09-01
2021-09-03,0.7399300932884216,0.73522156,0.7328993,0.0060090919487159,0.0022619251613317,52.74630989744056,0.7139797210693359,0.7712002992630005,1,0.006313583580268056,0.010362729795147558,0.7445018887519836,2021-09-06,2021-09-02
2021-09-06,0.7445018887519836,0.7328993,0.7267543,0.006027923955409,0.0027582277624146,58.21897408443483,0.7139797210693359,0.7712002992630005,2,0.008241019236161445,0.0020849818450598004,0.7436713576316833,2021-09-07,2021-09-03
2021-09-07,0.7436713576316833,0.7267543,0.72229576,0.0058768889158497,0.0028988898458996,66.30976202540342,0.7139797210693359,0.7686217427253723,3,0.0,-0.008140346043159174,0.7386598587036133,2021-09-08,2021-09-06
2021-09-08,0.7386598587036133,0.72229576,0.7243756,0.0059316070308449,0.0025358428496739,63.39660054621983,0.7139797210693359,0.7616726756095886,4,-0.011158980827595135,-0.01892201339453035,0.7363770008087158,2021-09-09,2021-09-07
2021-09-09,0.7363770008087158,0.7243756,0.7204397,0.005821636824603,0.0020444680815323,70.96937268991127,0.7139797210693359,0.7594998478889465,5,-0.0106940976464112,-0.007271906461618859,0.7370826601982117,2021-09-10,2021-09-08
2021-09-10,0.7370826601982117,0.7453501,0.7472751,0.0056793621548776,0.0016844790644377,72.2386377849662,0.7139797210693359,0.7594998478889465,1,0.012095813030311571,-0.0015150972870077322,0.7368110418319702,2021-09-13,2021-09-09
2021-09-13,0.7368110418319702,0.7472751,0.74841416,0.0055383715267443,0.001359504458069,67.52113214259832,0.7139797210693359,0.7594998478889465,2,0.03768406881650757,0.028320412080785947,0.7365902066230774,2021-09-14,2021-09-10
2021-09-14,0.7365902066230774,0.74841416,0.7489863,0.005402875624335,0.0010736541886663,64.09682400280117,0.7139797210693359,0.7594998478889465,3,-0.01918003193451112,0.008785136218006135,0.7317097783088684,2021-09-15,2021-09-13
2021-09-15,0.7317097783088684,0.7489863,0.7451189,0.0054854472462374,0.0005274996177807,54.64036378190024,0.7139797210693359,0.7594998478889465,4,-0.010482219734218319,0.009468073816507494,0.7341200709342957,2021-09-16,2021-09-14
2021-09-16,0.7341200709342957,0.7451189,0.74317294,0.005407585489111,0.0003108961783244,62.17285191401304,0.7139797210693359,0.7594998478889465,5,0.019607402467313417,0.04052462454988069,0.7291499972343445,2021-09-17,2021-09-15
2021-09-17,0.7291499972343445,0.7373978,0.74176025,0.005498920183107,-0.0001595026184841,46.895790825965385,0.7139797210693359,0.7594998478889465,1,-0.02879719785590884,-0.0011672964197084075,0.7264010310173035,2021-09-20,2021-09-16
2021-09-20,0.7264010310173035,0.74176025,0.74014723,0.0054317861549499,-0.0006222069168436,46.5723570158125,0.7139797210693359,0.756840169429779,2,-0.007742880476100124,-0.0455260495884921,0.7259702086448669,2021-09-21,2021-09-17
2021-09-21,0.7259702086448669,0.74014723,0.74028313,0.0053015959406297,-0.0009064760687605,42.2349144546714,0.7139797210693359,0.7543002963066101,3,-0.03073485131819312,-0.056491350653917645,0.7227997779846191,2021-09-22,2021-09-20
2021-09-22,0.7227997779846191,0.74028313,0.7431241,0.0052688030741458,-0.0012367730274563,30.35619902721001,0.7139797210693359,0.7543002963066101,4,0.002668207700174605,-0.04400186759386724,0.7233999967575073,2021-09-23,2021-09-21
2021-09-23,0.7233999967575073,0.7431241,0.7423156,0.0051479821352509,-0.0013351517175682,25.0346130094504,0.7139797210693359,0.7543002963066101,5,0.02971408323821386,-0.034290909535865874,0.7299802899360657,2021-09-24,2021-09-22
2021-09-24,0.7299802899360657,0.7263503,0.725567,0.0054507302312071,-0.0008983338975733,29.32251953748276,0.7139797210693359,0.7543002963066101,1,-0.005068699628163132,-0.011102052734611177,0.7266121506690979,2021-09-27,2021-09-23
2021-09-27,0.7266121506690979,0.725567,0.72196054,0.005420458448536,-0.0007818022181086,27.3462952233504,0.7139797210693359,0.7543002963066101,2,0.013265431133486612,0.009892784366166004,0.7280601263046265,2021-09-28,2021-09-24
2021-09-28,0.7280601263046265,0.72196054,0.7233875,0.0053109372911998,-0.0005629933825995,34.45267803438291,0.7139797210693359,0.7494998574256897,3,0.001398448442729701,0.0428709835272861,0.7244277596473694,2021-09-29,2021-09-27
2021-09-29,0.7244277596473694,0.7233875,0.7225433,0.0053066219986316,-0.00061448192856,33.14069561502508,0.7139797210693359,0.749007523059845,4,-0.011360445887335986,0.028343049699533662,0.7179998159408569,2021-09-30,2021-09-28
2021-09-30,0.7179998159408569,0.7225433,0.72387195,0.0055642741065304,-0.0010096951897291,26.818930225890117,0.7139797210693359,0.749007523059845,5,-0.01065731292806011,-0.012345737154354736,0.7231180667877197,2021-10-01,2021-09-29
2021-10-01,0.7231180667877197,0.7161255,0.719585,0.0056741107066769,-0.0008604782491687,35.11860805576069,0.7139797210693359,0.749007523059845,1,-0.02653947251399646,-0.03332540670907974,0.7275214195251465,2021-10-04,2021-09-30
2021-10-04,0.7275214195251465,0.719585,0.7209572,0.0057112525628813,-0.0004215071273485,40.96546367694685,0.7139797210693359,0.7480998039245605,2,0.024990710086426587,-0.02192416670827986,0.7289697527885437,2021-10-05,2021-10-01
2021-10-05,0.7289697527885437,0.7209572,0.7234925,0.0055888812585612,-1.15570291204653e-05,47.06995895265533,0.7139797210693359,0.7480382323265076,3,0.012559400382500427,-0.010946764159792594,0.7290754914283752,2021-10-06,2021-10-04
2021-10-06,0.7290754914283752,0.7234925,0.72291887,0.0054515521623672,0.0002730580806684,44.32592826992904,0.7139797210693359,0.7480382323265076,4,-0.010534481818709952,-0.010129504257835799,0.728141188621521,2021-10-07,2021-10-05
2021-10-07,0.728141188621521,0.72291887,0.7229126,0.0053267610795352,0.0003972002834857,48.75200379892256,0.7139797210693359,0.7445018887519836,5,-0.010766960141821892,-0.010238034849531757,0.7316797971725464,2021-10-08,2021-10-06
2021-10-08,0.7316797971725464,0.7303605,0.7307454,0.0053215915646924,0.0006987988912149,56.40521599513984,0.7139797210693359,0.7445018887519836,1,0.02236055645606652,0.03936424668126014,0.729490339756012,2021-10-11,2021-10-07
2021-10-11,0.729490339756012,0.7307454,0.7316926,0.0052380090515274,0.0007286689459873,54.096470784085234,0.7139797210693359,0.7445018887519836,2,0.00749946452518983,0.021342541913286477,0.7348402738571167,2021-10-12,2021-10-08
2021-10-12,0.7348402738571167,0.7316926,0.7307845,0.0053888938545639,0.001066144539734,63.33538419288994,0.7139797210693359,0.7445018887519836,3,0.02113848449465271,0.03014241895733405,0.7335088849067688,2021-10-13,2021-10-11
2021-10-13,0.7335088849067688,0.7307845,0.7254982,0.0052746220406414,0.0011499139103043,61.01760098119591,0.7139797210693359,0.7445018887519836,4,-0.010455613767918948,0.030223667485868792,0.7386069893836975,2021-10-14,2021-10-12
2021-10-14,0.7386069893836975,0.7254982,0.7264424,0.0053951105630562,0.0014779681701208,59.71608714215514,0.7139797210693359,0.7445018887519836,5,0.04328608012221442,0.08744289453571237,0.741379976272583,2021-10-15,2021-10-13
2021-10-15,0.741379976272583,0.74123144,0.73909605,0.0053378315208897,0.0017901861585564,66.85873158224928,0.7139797210693359,0.7445018887519836,1,0.024258091768928465,0.08950831481303463,0.7424786686897278,2021-10-18,2021-10-14
2021-10-18,0.7424786686897278,0.73909605,0.73873156,0.0052224415320002,0.0019651815379184,66.59231426646967,0.7139797210693359,0.7445018887519836,2,0.021889815135657773,0.10530007341265997,0.7417000532150269,2021-10-19,2021-10-15
2021-10-19,0.7417000532150269,0.73873156,0.73811656,0.0051045765498493,0.00192071044724,71.27354522136068,0.7139797210693359,0.7445018887519836,3,-0.0007396026716169423,0.08138082978280663,0.7477194666862488,2021-10-20,2021-10-18
2021-10-20,0.7477194666862488,0.73811656,0.7401549,0.0053268315981736,0.0021704699112355,86.97653171251903,0.7139797210693359,0.7477194666862488,4,-0.0034940996754851796,0.0889351418852152,0.7515299320220947,2021-10-21,2021-10-19
2021-10-21,0.7515299320220947,0.7401549,0.7405688,0.0053323857812352,0.0024456377334341,86.53846153846153,0.7139797210693359,0.7515299320220947,5,0.008870135393080384,0.0520959737456351,0.7463700175285339,2021-10-22,2021-10-20
2021-10-22,0.7463700175285339,0.7540562,0.75242144,0.0054369139407339,0.0021442634830137,73.77714551242818,0.7139797210693359,0.7515299320220947,1,-0.03628974508804447,-0.009715988711575948,0.7469096779823303,2021-10-25,2021-10-21
2021-10-25,0.7469096779823303,0.75242144,0.7529411,0.0053085606296385,0.0018561687148327,73.16186882056712,0.7139797210693359,0.7515299320220947,2,-0.013278690294991742,-0.04393751036219276,0.7491798400878906,2021-10-26,2021-10-22
2021-10-26,0.7491798400878906,0.7529411,0.75516003,0.0052309040283626,0.0016977056613378,74.5824277857704,0.7139797210693359,0.7515299320220947,3,0.005618262331948899,-0.03783962990866056,0.7512978315353394,2021-10-27,2021-10-25
2021-10-27,0.7512978315353394,0.75516003,0.7553906,0.0051504819980894,0.0016152195598215,77.51803351144909,0.7139797210693359,0.7515299320220947,4,-0.014383974458996975,-0.04826059139336282,0.7500750422477722,2021-10-28,2021-10-26
2021-10-28,0.7500750422477722,0.7553906,0.75627404,0.0050434743450186,0.0013677961636924,73.1330999692679,0.7139797210693359,0.7515299320220947,5,-0.022427198827258542,-0.07758619738912609,0.7531600594520569,2021-10-29,2021-10-27
2021-10-29,0.7531600594520569,0.7464148,0.7518453,0.0050198140148604,0.0013017602722943,79.11036828524513,0.7139797210693359,0.7531600594520569,1,0.011445513487450607,-0.0324866809972524,0.7518287897109985,2021-11-01,2021-10-28
2021-11-01,0.7518287897109985,0.7518453,0.75215065,0.0049207688388627,0.0010680721747679,73.18525098510065,0.7139797210693359,0.7531600594520569,2,-0.014070309600734762,-0.033252280147623554,0.7520498633384705,2021-11-02,2021-10-29
2021-11-02,0.7520498633384705,0.75215065,0.750726,0.0048103089532956,0.0008381858133141,76.09482744157174,0.7139797210693359,0.7531600594520569,3,0.006038126637894827,-0.03284629206321449,0.7438998222351074,2021-11-03,2021-11-01
2021-11-03,0.7438998222351074,0.750726,0.75188947,0.005324658563905,8.65979486279634e-05,56.85989435025717,0.7139797210693359,0.7531600594520569,4,-0.006381033013645503,-0.025075163101379208,0.746900200843811,2021-11-04,2021-11-02
2021-11-04,0.746900200843811,0.75188947,0.75208795,0.0052822053560055,-0.000241186471071,57.11268600779052,0.7139797210693359,0.7531600594520569,5,-0.011034561912988544,-0.013904688655884444,0.740932822227478,2021-11-05,2021-11-03
2021-11-05,0.740932822227478,0.7515881,0.7521814,0.0054709953164526,-0.0008579077040017,48.23025093792948,0.7139797210693359,0.7531600594520569,1,0.0,-0.02512671242297535,0.7395902872085571,2021-11-08,2021-11-04
2021-11-08,0.7395902872085571,0.7521814,0.75435317,0.005353447065434,-0.0013262973286128,47.61544182637377,0.7139797210693359,0.7531600594520569,2,0.005302551440579939,-0.006056501849535243,0.7414799928665161,2021-11-09,2021-11-05
2021-11-09,0.7414799928665161,0.75435317,0.75177807,0.0052603359389237,-0.0014678648679017,42.22173346391106,0.7139797210693359,0.7531600594520569,3,0.012794378665092953,0.0006815673405753802,0.7376197576522827,2021-11-10,2021-11-08
2021-11-10,0.7376197576522827,0.75177807,0.74918085,0.0052704506348714,-0.001760767683968,32.680759103633136,0.7139797210693359,0.7531600594520569,4,-0.005691556501315152,0.001371751683183903,0.7334120869636536,2021-11-11,2021-11-09
2021-11-11,0.7334120869636536,0.74918085,0.7460254,0.0053065567744234,-0.002151329444635,33.474518293739706,0.7139797210693359,0.7531600594520569,5,-0.011943193107045617,0.0004622873191744523,0.7291999459266663,2021-11-12,2021-11-10
2021-11-12,0.7291999459266663,0.7352879,0.73735756,0.0053421085984512,-0.0025780100191574,29.34888376101644,0.7139797210693359,0.7531600594520569,1,0.017521189890522815,0.018146044875158175,0.7332506775856018,2021-11-15,2021-11-11
2021-11-15,0.7332506775856018,0.73735756,0.7412467,0.0053718735918384,-0.0024717688275062,32.165770440692256,0.7179998159408569,0.7531600594520569,2,0.011512569024587669,0.024488422472680817,0.734489917755127,2021-11-16,2021-11-12
2021-11-16,0.734489917755127,0.7412467,0.74836016,0.0052591169815176,-0.0022108610936015,30.804209609127184,0.7179998159408569,0.7531600594520569,3,-0.010945115749440501,0.0004539965825769881,0.7301614880561829,2021-11-17,2021-11-15
2021-11-17,0.7301614880561829,0.74836016,0.74495906,0.0053066352813765,-0.0022169652662119,28.763790118151974,0.7179998159408569,0.7531600594520569,4,-0.011066238230316975,-0.004908700927959923,0.7268604040145874,2021-11-18,2021-11-16
2021-11-18,0.7268604040145874,0.74495906,0.74567974,0.0052804165356773,-0.0023194916260581,22.08218020117964,0.7179998159408569,0.7531600594520569,5,-0.019811861032998198,-0.012708018554341697,0.7279000878334045,2021-11-19,2021-11-17
2021-11-19,0.7279000878334045,0.72357935,0.72399956,0.0051674100051012,-0.0021947746890286,24.440788594086428,0.7179998159408569,0.7531600594520569,1,0.008621789527720714,-0.021455344462745427,0.7231698036193848,2021-11-22,2021-11-18
2021-11-22,0.7231698036193848,0.72399956,0.7232474,0.0052586011589753,-0.0022973874685602,21.86251087399636,0.7179998159408569,0.7531600594520569,2,0.022596648836052977,-0.010548744250369307,0.7228044867515564,2021-11-23,2021-11-19
2021-11-23,0.7228044867515564,0.7232474,0.72466516,0.0051357121403699,-0.0022533087494325,25.771878974743743,0.7179998159408569,0.7531600594520569,3,-0.0029532077089218837,-0.0026094580383847956,0.7222198247909546,2021-11-24,2021-11-22
2021-11-24,0.7222198247909546,0.72466516,0.72114253,0.0050195915374837,-0.0021284596650783,19.989157283174663,0.7179998159408569,0.7531600594520569,4,0.006349919772657603,0.01491340074878258,0.7202001214027405,2021-11-25,2021-11-23
2021-11-25,0.7202001214027405,0.72114253,0.7221174,0.0049445835010812,-0.0020462598771592,22.11204346145891,0.7179998159408569,0.7531600594520569,5,0.007769024297896241,0.043295209421133275,0.7173703908920288,2021-11-26,2021-11-24
2021-11-26,0.7173703908920288,0.7222358,0.72203356,0.0049131639421215,-0.0020421310891136,21.26139405227387,0.7173703908920288,0.7531600594520569,1,0.0,0.034338803315733135,0.7142806053161621,2021-11-29,2021-11-25
2021-11-29,0.7142806053161621,0.72203356,0.72072494,0.0048998564550389,-0.0020990938060835,15.880236512251813,0.7142806053161621,0.7531600594520569,2,-0.040396892628020986,-0.0288080585854751,0.714580237865448,2021-11-30,2021-11-26
2021-11-30,0.714580237865448,0.72072494,0.7219163,0.0047915723364071,-0.0019702724092724,18.263459779533363,0.7142806053161621,0.7531600594520569,3,0.01287945681614314,-0.013309131493576936,0.7124998569488525,2021-12-01,2021-11-29
2021-12-01,0.7124998569488525,0.7219163,0.7261076,0.0047305973195036,-0.0018791544095491,19.400444102558737,0.7124998569488525,0.7531600594520569,4,-0.013697258099476054,-0.032892546874164375,0.7107598185539246,2021-12-02,2021-11-30
2021-12-02,0.7107598185539246,0.7261076,0.72332865,0.0046586770015826,-0.0017904418871514,20.91343622606314,0.7107598185539246,0.7531600594520569,5,-0.007155021033390666,-0.047218535594427014,0.70878005027771,2021-12-03,2021-12-01
2021-12-03,0.70878005027771,0.7124568,0.70931,0.0045999670831071,-0.001719105750095,8.703183247463642,0.70878005027771,0.7531600594520569,1,0.012051826730420677,-0.03566630556254375,0.7017898559570312,2021-12-06,2021-12-02
2021-12-06,0.7017898559570312,0.70931,0.71077794,0.0050370288257598,-0.001978235848061,3.785657966560862,0.7017898559570312,0.7531600594520569,2,-0.00758856972241096,-0.003503413982650099,0.7049203515052795,2021-12-07,2021-12-03
2021-12-07,0.7049203515052795,0.71077794,0.71268266,0.0050317840025474,-0.0017805241687049,13.076982098078672,0.7017898559570312,0.7531600594520569,3,0.016389022124856982,0.0,0.712259829044342,2021-12-08,2021-12-06
2021-12-08,0.712259829044342,0.71268266,0.7133258,0.0054712708588519,-0.0010341717143063,30.898877280645536,0.7017898559570312,0.7531600594520569,4,0.0002305308491431459,0.014025232466480745,0.7170000672340393,2021-12-09,2021-12-07
2021-12-09,0.7170000672340393,0.7133258,0.71044046,0.0055572257389002,-0.0001465871764488,36.99893074893075,0.7017898559570312,0.7531600594520569,5,0.012143573592484372,0.033784544593284,0.7146124243736267,2021-12-10,2021-12-08
2021-12-10,0.7146124243736267,0.7161323,0.71544677,0.0054719800099575,0.0003284396323006,39.1889673535715,0.7017898559570312,0.7531600594520569,1,-0.013989420272332785,0.007211011600265139,0.7166095972061157,2021-12-13,2021-12-09
2021-12-13,0.7166095972061157,0.71544677,0.7100047,0.005380114164247,0.0007990616721909,42.4835580317948,0.7017898559570312,0.7531600594520569,2,-0.010913827542635871,0.003867337677266016,0.7133176326751709,2021-12-14,2021-12-10
2021-12-14,0.7133176326751709,0.7100047,0.7073544,0.0053524949028883,0.000902890489968,39.86457507681951,0.7017898559570312,0.7531600594520569,3,-0.0007006382375670685,-0.01314265270553694,0.7106002569198608,2021-12-15,2021-12-13
2021-12-15,0.7106002569198608,0.7073544,0.70490026,0.0052942894944291,0.0008059885871477,39.24117264331053,0.7017898559570312,0.7531600594520569,4,-0.006093297896441775,-0.019363678483354393,0.7166501879692078,2021-12-16,2021-12-14
2021-12-16,0.7166501879692078,0.70490026,0.70239544,0.0055294112747318,0.0011460243425467,49.24718668499221,0.7017898559570312,0.7531600594520569,5,-0.01766811391749457,-0.048166636513674074,0.717560887336731,2021-12-17,2021-12-15
2021-12-17,0.717560887336731,0.72108364,0.72341686,0.0054036809238714,0.0014115131400029,53.59246648667562,0.7017898559570312,0.7531600594520569,1,0.028539628694199994,-0.00681293490743192,0.7116981744766235,2021-12-20,2021-12-16
2021-12-20,0.7116981744766235,0.72341686,0.71984476,0.0055924424989978,0.0011808795185658,47.186479180073945,0.7017898559570312,0.7531600594520569,2,-0.0022114952662112626,0.0018678255936082667,0.7109498381614685,2021-12-21,2021-12-17
2021-12-21,0.7109498381614685,0.71984476,0.7190557,0.0054597590065844,0.0009750722716872,48.44644058359589,0.7017898559570312,0.7531600594520569,3,-0.0006993315504947428,0.001869134722199476,0.7147799134254456,2021-12-22,2021-12-20
2021-12-22,0.7147799134254456,0.7190557,0.72034085,0.0054729082796646,0.0010855756154086,53.86725442481428,0.7017898559570312,0.7531600594520569,4,0.011592922396493514,0.01974603434370721,0.72139972448349,2021-12-23,2021-12-21
2021-12-23,0.72139972448349,0.72034085,0.72115445,0.0057503844046648,0.0015641037161166,61.14494647111525,0.7017898559570312,0.7531600594520569,5,0.011801986464597361,0.05024525253543991,0.7233200073242188,2021-12-24,2021-12-22
2021-12-24,0.7233200073242188,0.7171426,0.7199473,0.0056418283665353,0.0019447395502813,70.88431802886672,0.7017898559570312,0.7531600594520569,1,-0.0005697162249116147,0.02011397966160029,0.7231285572052002,2021-12-27,2021-12-23
2021-12-27,0.7231285572052002,0.7199473,0.71957916,0.0055031156727362,0.0021048665299539,68.72995844231649,0.7017898559570312,0.7531600594520569,2,0.0,0.0223724532800141,0.7236999869346619,2021-12-28,2021-12-24
2021-12-28,0.7236999869346619,0.71957916,0.72034365,0.0053737115044394,0.0021622765038365,63.67160343275247,0.7017898559570312,0.7531600594520569,3,0.017623607188597904,0.04127799472187539,0.7233999967575073,2021-12-29,2021-12-27
2021-12-29,0.7233999967575073,0.72034365,0.7226931,0.0052465264678032,0.0020917556745724,58.55631294336273,0.7017898559570312,0.7531600594520569,4,-0.010129535152001214,0.01890277984642941,0.7258790135383606,2021-12-30,2021-12-28
2021-12-30,0.7258790135383606,0.7226931,0.71937746,0.0051858571198076,0.0021173293122198,65.02602618198931,0.7017898559570312,0.7531600594520569,5,-0.004080741511985847,0.0028476612058794593,0.7249801754951477,2021-12-31,2021-12-29
2021-12-31,0.7249801754951477,0.72289,0.7207398,0.0050725993507188,0.0019813998623428,61.50060191137572,0.7017898559570312,0.7531600594520569,1,-0.003983371511130091,-0.0005698785440239056,0.7268181443214417,2022-01-03,2021-12-30
2022-01-03,0.7268181443214417,0.7207398,0.7190815,0.0049925457810122,0.0019215096620654,69.32071563955978,0.7017898559570312,0.7531600594520569,2,0.015951443469743472,0.015500305101864023,0.7197999358177185,2022-01-04,2021-12-31
2022-01-04,0.7197999358177185,0.7190815,0.71881086,0.0053534872680237,0.0013428588768164,61.72269590486043,0.7017898559570312,0.7531600594520569,3,-0.009132412861813816,-0.011310171187203606,0.7238802313804626,2022-01-05,2022-01-03
2022-01-05,0.7238802313804626,0.71881086,0.7198568,0.0053882381174537,0.0011746127916878,59.69977865632877,0.7017898559570312,0.7531600594520569,4,0.011598540419919987,0.01040724050241806,0.7220800518989563,2022-01-06,2022-01-04
2022-01-06,0.7220800518989563,0.7198568,0.71736974,0.0052888579733483,0.000894464799916,55.92155515116488,0.7017898559570312,0.7531600594520569,5,-0.013866424055518837,0.0005679366761977919,0.7162600159645081,2022-01-07,2022-01-05
2022-01-07,0.7162600159645081,0.7215165,0.72131073,0.0054792326260482,0.0003002881676921,55.98416836205724,0.7017898559570312,0.7531600594520569,1,-0.012910766635443492,-0.008324775205729485,0.7179111242294312,2022-01-10,2022-01-06
2022-01-10,0.7179111242294312,0.72131073,0.7175062,0.005375094843825,1.6538739642835934e-05,58.9204506396792,0.7017898559570312,0.7531600594520569,2,0.01257011838481521,-0.011672288814117006,0.71809983253479,2022-01-11,2022-01-07
2022-01-11,0.71809983253479,0.7175062,0.7161467,0.0052481631501805,-0.0001511309610319,54.69215696515611,0.7017898559570312,0.7531600594520569,3,-0.01337540682525785,-0.015856873464956206,0.7209799885749817,2022-01-12,2022-01-10
2022-01-12,0.7209799885749817,0.7161467,0.7170066,0.0052098563728379,-6.514824990064432e-05,49.33665164508884,0.7017898559570312,0.7531600594520569,4,0.017342074765997032,-0.010188149945531019,0.7282207608222961,2022-01-13,2022-01-11
2022-01-13,0.7282207608222961,0.7170066,0.7158363,0.0055842765758563,0.0004537443482733,56.63013764907952,0.7017898559570312,0.7531600594520569,5,0.03194669342781295,0.03621299166625708,0.7282260060310364,2022-01-14,2022-01-12
2022-01-14,0.7282260060310364,0.7281811,0.7308329,0.0054484346613633,0.0007539866621177,56.93116410100968,0.7017898559570312,0.7531600594520569,1,-0.006594926000907652,0.04277825855079889,0.7216517329216003,2022-01-17,2022-01-13
2022-01-17,0.7216517329216003,0.7308329,0.72820705,0.0057006619048608,0.0004798360392553,47.60577000788694,0.7017898559570312,0.7531600594520569,2,-0.02738977192518855,0.001930524510058539,0.7210798263549805,2022-01-18,2022-01-14
2022-01-18,0.7210798263549805,0.72820705,0.7296725,0.0055623757946529,0.0002420018469138,47.30505508138975,0.7017898559570312,0.7531600594520569,3,0.0,0.015421777249824582,0.7187501788139343,2022-01-19,2022-01-17
2022-01-19,0.7187501788139343,0.7296725,0.72975034,0.0054750391996098,-7.332874272381062e-05,41.69082031629933,0.7017898559570312,0.7531600594520569,4,-0.008079713934942308,-0.010066706506473249,0.721700131893158,2022-01-20,2022-01-18
2022-01-20,0.721700131893158,0.72975034,0.7296663,0.0054280527933167,-8.360351375085188e-05,46.35132805558871,0.7017898559570312,0.7531600594520569,5,0.01957411991982976,-0.022239270694094763,0.7217090129852295,2022-01-21,2022-01-19
2022-01-21,0.7217090129852295,0.7232052,0.72323793,0.0052987976291954,-8.963838113093222e-05,44.075596158817184,0.7017898559570312,0.7520498633384705,1,0.025225332029441428,0.009373625898631402,0.7187884449958801,2022-01-24,2022-01-20
2022-01-24,0.7187884449958801,0.72323793,0.7200456,0.0052533568059982,-0.000279445693972,48.70393904771216,0.7017898559570312,0.7520498633384705,2,-0.014083219115167165,0.022894669087008435,0.715449869632721,2022-01-25,2022-01-21
2022-01-25,0.715449869632721,0.7200456,0.72046405,0.0052357494676099,-0.0006005273431757,38.98855865170219,0.7017898559570312,0.746900200843811,3,-0.024565182341617964,-0.001926804766231232,0.7158800363540649,2022-01-26,2022-01-24
2022-01-26,0.7158800363540649,0.72046405,0.7210853,0.0051165159231756,-0.0007451765339381,41.601170453793074,0.7017898559570312,0.746900200843811,4,0.009043688843895115,0.015310766309797925,0.7122999429702759,2022-01-27,2022-01-25
2022-01-27,0.7122999429702759,0.7210853,0.72339994,0.0051241855917186,-0.0010258855513689,44.28891444761349,0.7017898559570312,0.7414799928665161,5,0.013747089738331865,0.009411723472707979,0.7035500407218933,2022-01-28,2022-01-26
2022-01-28,0.7035500407218933,0.7101876,0.7087373,0.0057349630873349,-0.0017047459251307,32.80885888992744,0.7017898559570312,0.7414799928665161,1,-0.020522123140248878,-0.03572595527889426,0.6997998356819153,2022-01-31,2022-01-27
2022-01-31,0.6997998356819153,0.7087373,0.7098192,0.0057199742685023,-0.0022746184165769,29.814849635182384,0.6997998356819153,0.7414799928665161,2,-0.02524230684042503,-0.04642655840956916,0.7068301439285278,2022-02-01,2022-01-28
2022-02-01,0.7068301439285278,0.7098192,0.710282,0.0060362950842715,-0.0020531342689776,35.701594299791,0.6997998356819153,0.7376197576522827,3,0.003479847337282577,-0.019305028504098203,0.7133991122245789,2022-02-02,2022-01-31
2022-02-02,0.7133991122245789,0.710282,0.7087797,0.0062590647124154,-0.0013720158057182,34.81658960963469,0.6997998356819153,0.734489917755127,4,0.025381507559161062,-0.003151010459079471,0.7120797634124756,2022-02-03,2022-02-01
2022-02-03,0.7120797634124756,0.7087797,0.7064945,0.0061091663963228,-0.000938799681082,33.89331459197713,0.6997998356819153,0.734489917755127,5,0.013901630631165696,-0.0029969446217859275,0.7145000696182251,2022-02-04,2022-02-02
2022-02-04,0.7145000696182251,0.71382457,0.714319,0.0060053302581318,-0.0004428780836415,42.22118203542658,0.6997998356819153,0.734489917755127,1,-0.005470372576170145,0.01212320356764538,0.7080298066139221,2022-02-07,2022-02-03
2022-02-07,0.7080298066139221,0.714319,0.7152345,0.0062046594135158,-0.0005000168885207,37.41977299132255,0.6997998356819153,0.734489917755127,2,0.0037989316585365146,0.04194748585584403,0.7129998207092285,2022-02-08,2022-02-04
2022-02-08,0.7129998207092285,0.7152345,0.71602494,0.0062576639758247,-0.0001695765308884,44.72517318490736,0.6997998356819153,0.7301614880561829,3,-0.004918922281595184,0.0332330554396653,0.7145919799804688,2022-02-09,2022-02-07
2022-02-09,0.7145919799804688,0.71602494,0.71589816,0.0061180385604348,0.0001712884032045,43.31309121290113,0.6997998356819153,0.7282260060310364,4,-0.0004484546376708192,0.006886415857565109,0.7177411317825317,2022-02-10,2022-02-08
2022-02-10,0.7177411317825317,0.71589816,0.71551937,0.0060484899029879,0.0005997917817473,46.47550270545008,0.6997998356819153,0.7282260060310364,5,0.031128401116122112,0.024382081286345426,0.7161697745323181,2022-02-11,2022-02-09
2022-02-11,0.7161697745323181,0.71845365,0.7200045,0.0059144519311632,0.0007581434777186,47.61682618138896,0.6997998356819153,0.7282260060310364,1,0.012313761988536048,0.042762788102695994,0.7144796252250671,2022-02-14,2022-02-10
2022-02-14,0.7144796252250671,0.7200045,0.72072905,0.0057896672559908,0.0007295592812927,49.08969710255475,0.6997998356819153,0.7282260060310364,2,-0.03329086198279706,0.004795385437253877,0.7132098078727722,2022-02-15,2022-02-11
2022-02-15,0.7132098078727722,0.72072905,0.71721375,0.0056597848194374,0.0006104675100885,47.53359722963933,0.6997998356819153,0.7282260060310364,3,0.000554797715444434,0.010310434177770956,0.7149087190628052,2022-02-16,2022-02-14
2022-02-16,0.7149087190628052,0.71721375,0.71939653,0.0055502982005553,0.0006289562730126,52.49639526182263,0.6997998356819153,0.7282260060310364,4,0.00531026602842403,0.016145314351660226,0.7194502949714661,2022-02-17,2022-02-15
2022-02-17,0.7194502949714661,0.71939653,0.71305794,0.0056098681410135,0.0009126873406355,66.54810054341084,0.6997998356819153,0.7282260060310364,5,0.0019841940669003784,-0.013042047904901643,0.71893310546875,2022-02-18,2022-02-16
2022-02-18,0.71893310546875,0.71775335,0.7155779,0.0054758976641263,0.0010228747054154,71.3495588464163,0.6997998356819153,0.7282260060310364,1,-0.0034195760465945794,-0.02844867435168828,0.7171697616577148,2022-02-21,2022-02-17
2022-02-21,0.7171697616577148,0.7155779,0.7164657,0.0053724689007412,0.0009366540405427,63.07403823253655,0.6997998356819153,0.7282260060310364,2,-0.001216278926307887,0.003218571351454909,0.718450129032135,2022-02-22,2022-02-18
2022-02-22,0.718450129032135,0.7164657,0.7180078,0.0052628926498809,0.0009239561706324,57.37289580744964,0.6997998356819153,0.7282260060310364,3,0.0,0.002662142347020437,0.7226895689964294,2022-02-23,2022-02-21
2022-02-23,0.7226895689964294,0.7180078,0.7196531,0.0053166953959992,0.0011447418242969,64.27044768365677,0.6997998356819153,0.7282260060310364,4,-0.0021041150368183927,-0.004744485146335293,0.7227997779846191,2022-02-24,2022-02-22
2022-02-24,0.7227997779846191,0.7196531,0.71872807,0.0051923537579673,0.001234169505981,61.90299528140601,0.6997998356819153,0.7282260060310364,5,-0.006339359251972713,-0.012994166529529824,0.7160200476646423,2022-02-25,2022-02-23
2022-02-25,0.7160200476646423,0.71834475,0.71484596,0.0055010606707889,0.0007940638563649,61.3583523127813,0.6997998356819153,0.7282260060310364,1,-0.006155277033755284,-0.015690629322818537,0.7186489701271057,2022-02-28,2022-02-24
2022-02-28,0.7186489701271057,0.71484596,0.7134547,0.0054367128301426,0.0006437564469437,58.60302994544645,0.6997998356819153,0.7282260060310364,2,0.004033195170668777,-0.010509936719237804,0.7262001037597656,2022-03-01,2022-02-25
2022-03-01,0.7262001037597656,0.7134547,0.71423835,0.0058230701371975,0.0009956250894629,64.96227777692414,0.6997998356819153,0.7282260060310364,3,-0.006168393316155891,-0.01659471466683435,0.7261425852775574,2022-03-02,2022-02-28
2022-03-02,0.7261425852775574,0.71423835,0.71442795,0.0056788228606884,0.00115596678315,61.76685182680765,0.6997998356819153,0.7282260060310364,4,0.031449872730158694,0.01696229159256836,0.729341447353363,2022-03-03,2022-03-01
2022-03-03,0.729341447353363,0.71442795,0.7116444,0.0056327637975183,0.0013930376368545,67.64354582703922,0.6997998356819153,0.729341447353363,5,0.014932059853336425,0.03882623688511656,0.7336999773979187,2022-03-04,2022-03-02
2022-03-04,0.7336999773979187,0.7267499,0.7258355,0.005664404017922,0.0017366054816877,74.02811267723177,0.6997998356819153,0.7336999773979187,1,0.024611441643241864,0.07128426464141129,0.7394808530807495,2022-03-07,2022-03-03
2022-03-07,0.7394808530807495,0.7258355,0.72586507,0.0058121556899543,0.0022157258838296,79.5136447581817,0.6997998356819153,0.7394808530807495,2,0.03247536354111995,0.10219136097339607,0.7328498363494873,2022-03-08,2022-03-04
2022-03-08,0.7328498363494873,0.72586507,0.72514147,0.0060226624255283,0.0019575436547059,68.14480543593058,0.6997998356819153,0.7394808530807495,3,-0.0429036430863589,0.06243675430156579,0.7267916798591614,2022-03-09,2022-03-07
2022-03-09,0.7267916798591614,0.72514147,0.7265622,0.0061626189422525,0.0012828657236184,57.203750666754,0.6997998356819153,0.7394808530807495,4,-0.004563576043598594,0.024855519334022833,0.731689989566803,2022-03-10,2022-03-08
2022-03-10,0.731689989566803,0.7265622,0.7224552,0.0062011915513275,0.0010787962533728,61.52666279617102,0.6997998356819153,0.7394808530807495,5,-0.02946942805330367,-0.01965413096874814,0.7365999817848206,2022-03-11,2022-03-09
2022-03-11,0.7365999817848206,0.7287214,0.725389,0.0062353805963595,0.0011786794636612,66.61183489726177,0.6997998356819153,0.7394808530807495,1,0.017268899777085688,-0.026825999461753142,0.72965008020401,2022-03-14,2022-03-10
2022-03-14,0.72965008020401,0.725389,0.72731626,0.0064432553079275,0.0007042811183471,58.72914851036233,0.6997998356819153,0.7394808530807495,2,-0.005939792974359469,-0.0635016700426106,0.71986985206604,2022-03-15,2022-03-11
2022-03-15,0.71986985206604,0.72731626,0.72742534,0.0069879409775003,-0.0002874270630175,47.97705559323368,0.6997998356819153,0.7394808530807495,3,-0.022677285829660453,-0.044366858828737706,0.7191000580787659,2022-03-16,2022-03-14
2022-03-16,0.7191000580787659,0.72742534,0.72746426,0.0067994685917106,-0.0009757080841774,47.3706015366928,0.6997998356819153,0.7394808530807495,4,-0.002440578011937699,-0.04233589644929026,0.7288799285888672,2022-03-17,2022-03-15
2022-03-17,0.7288799285888672,0.72746426,0.7288084,0.0073180219964717,-0.0007622472328502,58.76573646195013,0.6997998356819153,0.7394808530807495,5,0.0190334568099788,0.005258477284727984,0.738099992275238,2022-03-18,2022-03-16
2022-03-18,0.738099992275238,0.7293675,0.72862107,0.0076921049367412,-2.8770264094273804e-05,62.16536613079519,0.6997998356819153,0.7394808530807495,1,0.022094980037891683,0.01012166099736859,0.7409987449645996,2022-03-21,2022-03-17
2022-03-21,0.7409987449645996,0.72862107,0.72485626,0.0075275194079557,0.0005888469311216,59.82751577754064,0.6997998356819153,0.7409987449645996,2,0.008491811707014074,0.024805034970467293,0.7395793199539185,2022-03-22,2022-03-18
2022-03-22,0.7395793199539185,0.72485626,0.72745353,0.0073257527320432,0.0008245508368886,58.764561206248345,0.6997998356819153,0.7409987449645996,3,-0.006149358180897094,0.041883687022357084,0.7462301850318909,2022-03-23,2022-03-21
2022-03-23,0.7462301850318909,0.72745353,0.7246707,0.0074184817746206,0.0013216706451382,60.5415223162732,0.6997998356819153,0.7462301850318909,4,-0.002662225985065833,0.04165278120574175,0.7499175071716309,2022-03-24,2022-03-22
2022-03-24,0.7499175071716309,0.7246707,0.72221875,0.0073009045996766,0.0017644422931082,60.20810525470645,0.6997998356819153,0.7499175071716309,5,0.015553332635634952,0.038034000735626315,0.7514277100563049,2022-03-25,2022-03-23
2022-03-25,0.7514277100563049,0.7530152,0.74798965,0.0071130340527436,0.002006978560075,57.94720393706469,0.6997998356819153,0.7514277100563049,1,-0.007058917381914071,0.008208146418343323,0.7518231272697449,2022-03-28,2022-03-24
2022-03-28,0.7518231272697449,0.74798965,0.74805903,0.0069183287141966,0.0020355796902426,63.76306288777915,0.6997998356819153,0.7518231272697449,2,-0.009134470614113594,-0.009407113174252548,0.7499501705169678,2022-03-29,2022-03-25
2022-03-29,0.7499501705169678,0.74805903,0.7518385,0.0067532002026802,0.0017791892777138,67.88490981017466,0.6997998356819153,0.7518231272697449,3,0.005957539850870366,0.0026587868264541935,0.7514672875404358,2022-03-30,2022-03-28
2022-03-30,0.7514672875404358,0.7518385,0.7509145,0.0065890653518346,0.001569903552829,66.11528904827864,0.6997998356819153,0.7518231272697449,4,0.000530105600709956,0.0058647206206186315,0.7503001093864441,2022-03-31,2022-03-29
2022-03-31,0.7503001093864441,0.7509145,0.7488116,0.006423088245613,0.0012262296621385,61.88853073587341,0.6997998356819153,0.7518231272697449,5,0.0048646967103835375,-0.004829346857720597,0.7491927742958069,2022-04-01,2022-03-30
2022-04-01,0.7491927742958069,0.7490554,0.74770993,0.0062627817472381,0.0008173640449548,68.87215569620545,0.6997998356819153,0.7518231272697449,1,0.0007381987602404795,0.0029604437923042982,0.7486487030982971,2022-04-04,2022-03-31
2022-04-04,0.7486487030982971,0.74770993,0.7452262,0.0061020780900622,0.000423154175628,83.82534057998427,0.6997998356819153,0.7518231272697449,2,-0.012837722433705689,-0.0007469024409056691,0.7543901801109314,2022-04-05,2022-04-01
2022-04-05,0.7543901801109314,0.7452262,0.7469792,0.0062011844952484,0.0004589599265031,87.13807205941389,0.6997998356819153,0.7543901801109314,3,0.01987597695162795,0.013258378662701454,0.7585699558258057,2022-04-06,2022-04-04
2022-04-06,0.7585699558258057,0.7469792,0.74512875,0.0061745224861438,0.0006617039497921,85.41951687083846,0.6997998356819153,0.7585699558258057,4,0.0030310269629588347,0.015795629597449748,0.7505084872245789,2022-04-07,2022-04-05
2022-04-07,0.7505084872245789,0.74512875,0.74238384,0.0064870763317034,0.0001757376997536,65.22389020195166,0.6997998356819153,0.7585699558258057,5,-0.012074247417858537,-0.001265965165886409,0.7478480935096741,2022-04-08,2022-04-06
2022-04-08,0.7478480935096741,0.7486691,0.74734145,0.0063661698192443,-0.0003721402136397,58.45285400505201,0.6997998356819153,0.7585699558258057,1,-0.008166738169883227,-0.010120147279645539,0.7446514964103699,2022-04-11,2022-04-07
2022-04-11,0.7446514964103699,0.74734145,0.7545017,0.0062742705187074,-0.0009634735571506,55.996589363606255,0.6997998356819153,0.7585699558258057,2,0.005310605923722223,0.008008522274227657,0.7415317296981812,2022-04-12,2022-04-08
2022-04-12,0.7415317296981812,0.7545017,0.750814,0.0061838668793132,-0.0015439461644453,43.93920987601164,0.6997998356819153,0.7585699558258057,3,-0.019575916918115405,-0.030985079734576468,0.7454997897148132,2022-04-13,2022-04-11
2022-04-13,0.7454997897148132,0.750814,0.755426,0.0061499874521851,-0.0016313346304327,44.34232603017039,0.6997998356819153,0.7585699558258057,4,0.016180371556952136,-0.018159026340501153,0.7451497912406921,2022-04-14,2022-04-12
2022-04-14,0.7451497912406921,0.755426,0.753775,0.0059927102222505,-0.0016769367249862,41.71376512867636,0.6997998356819153,0.7585699558258057,5,0.0006375056286456698,-0.005598441965941124,0.7410151958465576,2022-04-15,2022-04-13
2022-04-15,0.7410151958465576,0.7479223,0.7552188,0.0059740543012974,-0.0019316594502322,37.016186893242114,0.6997998356819153,0.7585699558258057,1,0.002122290505525724,0.004685800886825676,0.7393824458122253,2022-04-18,2022-04-14
2022-04-18,0.7393824458122253,0.7552188,0.750897,0.0058430302509845,-0.0021400373805725,37.23105908381839,0.6997998356819153,0.7585699558258057,2,0.0,-0.0006355471812709671,0.7357593774795532,2022-04-19,2022-04-15
2022-04-19,0.7357593774795532,0.750897,0.75425124,0.0058030494378593,-0.0024305836618552,31.93934069187468,0.6997998356819153,0.7585699558258057,3,0.01660923204110943,0.03618883431472056,0.7393988370895386,2022-04-20,2022-04-18
2022-04-20,0.7393988370895386,0.75425124,0.7528732,0.0057729647826418,-0.0022883831989407,38.14017308617606,0.6997998356819153,0.7585699558258057,4,-0.017245385702313175,0.002125898998712925,0.7446997761726379,2022-04-21,2022-04-19
2022-04-21,0.7446997761726379,0.7528732,0.7526596,0.0058662314501785,-0.0017711524170442,45.52065679602767,0.6997998356819153,0.7585699558258057,5,-0.013777188294921696,-0.01221582499720908,0.7361114025115967,2022-04-22,2022-04-20
2022-04-22,0.7361114025115967,0.74628735,0.74601763,0.0062961936545385,-0.0019283206657629,39.22851679521988,0.6997998356819153,0.7585699558258057,1,0.011547204670620877,-0.002862033835321452,0.7236937284469604,2022-04-25,2022-04-21
2022-04-25,0.7236937284469604,0.74601763,0.74420047,0.0072541554985421,-0.002739932115242,26.34109007182188,0.7068301439285278,0.7585699558258057,2,-0.026062172064567013,-0.028513891559325235,0.717849850654602,2022-04-26,2022-04-22
2022-04-26,0.717849850654602,0.74420047,0.7442656,0.0072899122785348,-0.0034934206909479,19.400415298314257,0.7080298066139221,0.7585699558258057,3,-0.029565371325842638,-0.07235198536161626,0.714600145816803,2022-04-27,2022-04-25
2022-04-27,0.714600145816803,0.7442656,0.7453864,0.0071603659682031,-0.0039974635892807,20.9127656246077,0.7080298066139221,0.7585699558258057,4,-0.0020249359120116427,-0.058124767663280556,0.7125704288482666,2022-04-28,2022-04-26
2022-04-28,0.7125704288482666,0.7453864,0.745865,0.0069916164766585,-0.0042317682041537,21.128647205796696,0.7080298066139221,0.7585699558258057,5,0.0032604763781424375,-0.04193992887490836,0.710883617401123,2022-04-29,2022-04-27
2022-04-29,0.710883617401123,0.7151991,0.7119574,0.0068212710615765,-0.0042531949685501,21.66401411670087,0.7080298066139221,0.7585699558258057,1,-0.009246878261905584,-0.061656208048009954,0.7065390348434448,2022-05-02,2022-04-28
2022-05-02,0.7065390348434448,0.7119574,0.7165746,0.0067797872912931,-0.0042999896455715,21.227661593231247,0.7065390348434448,0.7585699558258057,2,-0.004200460650535515,-0.04091653044853702,0.7050997614860535,2022-05-03,2022-04-29
2022-05-03,0.7050997614860535,0.7165746,0.708325,0.0066129532877761,-0.0041650207924434,15.340205974698035,0.7050997614860535,0.7585699558258057,3,-0.03225530051190937,-0.043492930345010825,0.7103786468505859,2022-05-04,2022-05-02
2022-05-04,0.7103786468505859,0.708325,0.70733815,0.0066646362228837,-0.003484971250596,22.495410110298792,0.7050997614860535,0.7585699558258057,4,0.0036357441380119823,-0.038063096080001246,0.7252898812294006,2022-05-05,2022-05-03
2022-05-05,0.7252898812294006,0.70733815,0.70879006,0.0080597935287313,-0.0018762680481542,39.37282735230024,0.7050997614860535,0.7585699558258057,5,0.013373043660184394,-0.028286092433934318,0.712100088596344,2022-05-06,2022-05-04
2022-05-06,0.712100088596344,0.72123367,0.72478545,0.0089063168524195,-0.0015588991027538,34.05349851586561,0.7050997614860535,0.7585699558258057,1,-0.010100497643645998,-0.029115212332185943,0.7046997547149658,2022-05-09,2022-05-05
2022-05-09,0.7046997547149658,0.72478545,0.72360396,0.0089714866193204,-0.0016945276782214,32.61341615105782,0.7046997547149658,0.7585699558258057,2,-0.005499333209514505,-0.03037544932002153,0.6957392692565918,2022-05-10,2022-05-06
2022-05-10,0.6957392692565918,0.72360396,0.7256664,0.0091955831072335,-0.0022026795072062,26.934282388980137,0.6957392692565918,0.7585699558258057,3,-0.01620475325248406,-0.014686876360731162,0.693600058555603,2022-05-11,2022-05-09
2022-05-11,0.693600058555603,0.7256664,0.72677803,0.0089432835675278,-0.0024773453645364,22.07053914602689,0.693600058555603,0.7585699558258057,4,-0.00922434401865177,-0.027276961675287176,0.692750096321106,2022-05-12,2022-05-10
2022-05-12,0.692750096321106,0.72677803,0.72425556,0.0086788613223514,-0.0025033451036903,24.110039503185178,0.692750096321106,0.7585699558258057,5,0.013864232358316693,-0.026799053750572017,0.6871907711029053,2022-05-13,2022-05-11
2022-05-13,0.6871907711029053,0.69090295,0.6966249,0.0086225639426451,-0.0026669577019688,26.26077033164171,0.6871907711029053,0.7585699558258057,1,-0.025850570766837735,-0.042006962601721556,0.6946181058883667,2022-05-16,2022-05-12
2022-05-16,0.6946181058883667,0.6966249,0.6967072,0.0087381175627343,-0.0020733896932829,35.19642189764609,0.6871907711029053,0.7585699558258057,2,0.018225116357163194,-0.01900735737992101,0.6972820162773132,2022-05-17,2022-05-13
2022-05-17,0.6972820162773132,0.6967072,0.70012575,0.0085275515093989,-0.0013356163072607,38.88165225803292,0.6871907711029053,0.7585699558258057,3,0.0038199388179227,0.0008347209336865393,0.7032843232154846,2022-05-18,2022-05-16
2022-05-18,0.7032843232154846,0.70012575,0.70206195,0.0085164697463208,-0.0003300402760545,44.32760274177094,0.6871907711029053,0.7585699558258057,4,0.010194545833625966,0.0204597515924605,0.695900022983551,2022-05-19,2022-05-17
2022-05-19,0.695900022983551,0.70206195,0.69765145,0.0086151123490301,-6.28744597290995e-05,41.44292754726281,0.6871907711029053,0.7585699558258057,5,-0.013655709241902486,-0.007240340524546897,0.7041500210762024,2022-05-20,2022-05-18
2022-05-20,0.7041500210762024,0.68525666,0.67761636,0.0088028777140315,0.000725352563845,48.69390497678872,0.6871907711029053,0.7585699558258057,1,0.02433087712236187,0.0438489226558517,0.7062894701957703,2022-05-23,2022-05-19
2022-05-23,0.7062894701957703,0.67761636,0.6825136,0.0085723714699761,0.001407236309108,50.64548259202008,0.6871907711029053,0.7585699558258057,2,-0.0009338571984142075,0.024040211954999256,0.7088980674743652,2022-05-24,2022-05-20
2022-05-24,0.7088980674743652,0.6825136,0.6795517,0.0083661478961435,0.0020134532383415,49.17273350962147,0.6871907711029053,0.7585699558258057,3,0.015414272906901085,0.03598237321630625,0.7103200554847717,2022-05-25,2022-05-23
2022-05-25,0.7103200554847717,0.6795517,0.6795424,0.0081367259877945,0.002460149081471,40.1510410049113,0.6871907711029053,0.7585699558258057,4,-0.005073188864434374,0.02028540269822681,0.708939790725708,2022-05-26,2022-05-24
2022-05-26,0.708939790725708,0.6795424,0.67998177,0.0079134921555323,0.0025990032614731,47.53822824493192,0.6871907711029053,0.7585699558258057,5,-0.011275925634071683,0.022716352594954314,0.7098793983459473,2022-05-27,2022-05-25
2022-05-27,0.7098793983459473,0.7072917,0.70270807,0.0076936774555439,0.0026797544667945,54.48634684365624,0.6871907711029053,0.7585699558258057,1,-0.005157028728977165,-0.007001104793343108,0.7162810564041138,2022-05-30,2022-05-26
2022-05-30,0.7162810564041138,0.70270807,0.69962496,0.0077613680174297,0.0030623223377242,68.61751321356492,0.6871907711029053,0.7585699558258057,2,0.011450010894338128,0.005372521081748666,0.7195202112197876,2022-05-31,2022-05-27
2022-05-31,0.7195202112197876,0.69962496,0.6982761,0.0076141299995105,0.0034052049867355,73.03282352667004,0.6871907711029053,0.7585699558258057,3,0.0,-0.010005738498215714,0.7182618379592896,2022-06-01,2022-05-30
2022-06-01,0.7182618379592896,0.6982761,0.6989967,0.0074084085002645,0.0034104563466887,72.5065466362384,0.6871907711029053,0.7585699558258057,4,-0.002093226615656373,-0.007051192941729739,0.7173600792884827,2022-06-02,2022-05-31
2022-06-02,0.7173600792884827,0.6989967,0.69731784,0.0072050240539064,0.0032187968608177,78.99852073209439,0.6871907711029053,0.7585699558258057,5,0.008115951194897815,0.012391857356007398,0.726900041103363,2022-06-03,2022-06-01
2022-06-03,0.726900041103363,0.71538144,0.7167418,0.0076458255643151,0.0035727944970252,79.81816239857383,0.6871907711029053,0.7585699558258057,1,0.05043842146787454,0.07027021817512688,0.7204922437667847,2022-06-06,2022-06-02
2022-06-06,0.7204922437667847,0.7167418,0.71755826,0.0077000740293132,0.0032243504516391,70.05195754826285,0.6871907711029053,0.7585699558258057,2,-0.01694109942939782,0.04031135339993543,0.7188607454299927,2022-06-07,2022-06-03
2022-06-07,0.7188607454299927,0.71755826,0.71023273,0.0074987416247376,0.0027513588783854,64.55620477800491,0.6871907711029053,0.7585699558258057,3,-0.008523121594769303,0.031482332097146265,0.7220602631568909,2022-06-08,2022-06-06
2022-06-08,0.7220602631568909,0.71023273,0.71871465,0.007361521226533,0.0025271315830263,76.52112645417344,0.6871907711029053,0.7585699558258057,4,0.0,0.03364371971612258,0.7186489701271057,2022-06-09,2022-06-07
2022-06-09,0.7186489701271057,0.71871465,0.7223444,0.0072355176904049,0.0020429329405309,66.29794202067359,0.6871907711029053,0.7585699558258057,5,0.00427064122011487,0.029676671363824778,0.7098188996315002,2022-06-10,2022-06-08
2022-06-10,0.7098188996315002,0.715769,0.70924205,0.0075826181005195,0.0010707018110419,53.448625302265775,0.6871907711029053,0.7585699558258057,1,-0.015710969258667343,-0.03623187647048353,0.7018282413482666,2022-06-13,2022-06-09
2022-06-13,0.7018282413482666,0.70924205,0.71616524,0.0078102470779193,-0.0001053236838254,43.74944667647542,0.6871907711029053,0.7585699558258057,2,-0.020253815503193908,-0.03941928422135979,0.6941600441932678,2022-06-14,2022-06-10
2022-06-14,0.6941600441932678,0.71616524,0.71551126,0.0079930150758269,-0.0013266155691716,37.13371032435275,0.6871907711029053,0.7585699558258057,3,-0.019842227404011686,-0.05023089466661978,0.6889899373054504,2022-06-15,2022-06-13
2022-06-15,0.6889899373054504,0.71551126,0.714446,0.0079486069045622,-0.0023498115023091,35.020305427282224,0.6871907711029053,0.7585699558258057,4,-0.013129773188470176,-0.06261963892486455,0.7016903758049011,2022-06-16,2022-06-14
2022-06-16,0.7016903758049011,0.714446,0.7170036,0.0088084189735436,-0.0020493949552979,44.7741085414031,0.6871907711029053,0.7585699558258057,5,0.0014407595155047006,-0.06526856461798695,0.704049825668335,2022-06-17,2022-06-15
2022-06-17,0.704049825668335,0.69743675,0.6928173,0.008585493020366,-0.0015903788308359,41.76994046616389,0.6871907711029053,0.7585699558258057,1,-0.013406814849765658,-0.06311231584894181,0.6953000426292419,2022-06-20,2022-06-16
2022-06-20,0.6953000426292419,0.6928173,0.6912521,0.0088161973208657,-0.0017613584431343,34.82804996344666,0.6871907711029053,0.7585699558258057,2,-0.02324972573064061,-0.0659149469320502,0.6969500780105591,2022-06-21,2022-06-17
2022-06-21,0.6969500780105591,0.6912521,0.6902636,0.008575076799266,-0.0016505375364846,36.71511692712398,0.6871907711029053,0.7585699558258057,3,0.0,-0.04719551545742972,0.6961801052093506,2022-06-22,2022-06-20
2022-06-22,0.6961801052093506,0.6902636,0.68642104,0.0083279685048163,-0.0015195762987046,36.77553909604696,0.6871907711029053,0.7585699558258057,4,0.006327245744323865,-0.02847525087375268,0.6905218958854675,2022-06-23,2022-06-21
2022-06-23,0.6905218958854675,0.68642104,0.6880982,0.0082987784406435,-0.0016913491093446,26.128894986913068,0.6871907711029053,0.7585699558258057,5,-0.022891807166630616,-0.051829653058205145,0.6903502941131592,2022-06-24,2022-06-22
2022-06-24,0.6903502941131592,0.68992037,0.69302726,0.0080589149277441,-0.0016898677390552,28.45798246301591,0.6871907711029053,0.7585699558258057,1,-0.05007527019268089,-0.08596787216867789,0.6943383812904358,2022-06-27,2022-06-23
2022-06-27,0.6943383812904358,0.69302726,0.6889809,0.0079428737880969,-0.0013105584791561,33.04532735507321,0.6871907711029053,0.7585699558258057,2,0.00039898684129586245,-0.06409457078601756,0.6922522783279419,2022-06-28,2022-06-24
2022-06-28,0.6922522783279419,0.6889809,0.689421,0.0077453529419721,-0.0010989716324066,29.0686042666823,0.6871907711029053,0.7585699558258057,3,0.005040481110548134,-0.05936524813098821,0.6904398798942566,2022-06-29,2022-06-27
2022-06-29,0.6904398798942566,0.689421,0.6886306,0.00754819532711,-0.0009836297147793,29.736337323810982,0.6871907711029053,0.7505084872245789,4,0.0013221940432880405,-0.06406141162189975,0.6880465745925903,2022-06-30,2022-06-28
2022-06-30,0.6880465745925903,0.6886306,0.68935794,0.0073766306717806,-0.0009694888961895,32.76642803425965,0.6871907711029053,0.7478480935096741,5,-0.0013221940432880527,-0.043654282616796554,0.6897598505020142,2022-07-01,2022-06-29
2022-07-01,0.6897598505020142,0.68681353,0.68344176,0.0071941282046572,-0.0007552381704912,39.39340284471415,0.6871907711029053,0.7454997897148132,1,-0.017215369716929715,-0.01170683719890485,0.6815796494483948,2022-07-04,2022-06-30
2022-07-04,0.6815796494483948,0.68344176,0.6867211,0.0075090714142441,-0.0010564510551198,39.04203467689516,0.6815796494483948,0.7454997897148132,2,-0.02604633327227293,-0.03750000871876455,0.6873797178268433,2022-07-05,2022-07-01
2022-07-05,0.6873797178268433,0.6867211,0.68887186,0.0075597299438593,-0.00077036046702,48.61266742739292,0.6815796494483948,0.7454997897148132,3,0.0,-0.04233926540706707,0.6793201565742493,2022-07-06,2022-07-04
2022-07-06,0.6793201565742493,0.68887186,0.685177,0.0078260489208453,-0.0010138901586427,29.050984069571427,0.6793201565742493,0.7451497912406921,4,-0.05509627519484512,-0.09487314354525148,0.6786000728607178,2022-07-07,2022-07-05
2022-07-07,0.6786000728607178,0.685177,0.69173235,0.0076071445347657,-0.0011059101813512,25.412143283279548,0.6786000728607178,0.7446997761726379,5,-0.002045878120812058,-0.09552793248066674,0.6849000453948975,2022-07-08,2022-07-06
2022-07-08,0.6849000453948975,0.6848377,0.68727624,0.0076985543355922,-0.0006476188545646,39.45295074138775,0.6786000728607178,0.7446997761726379,1,0.04686572875972961,-0.03567100148385011,0.6845798492431641,2022-07-11,2022-07-07
2022-07-11,0.6845798492431641,0.68727624,0.6869229,0.0074815723295466,-0.0002894350691022,37.10710265464295,0.6786000728607178,0.7446997761726379,2,-0.014057007328479318,-0.02403976076187497,0.6743316054344177,2022-07-12,2022-07-08
2022-07-12,0.6743316054344177,0.6869229,0.68727773,0.0080496590321599,-0.0006456984637127,30.985202407371105,0.6743316054344177,0.7446997761726379,3,-0.027119838109684272,-0.050151964670569295,0.674700140953064,2022-07-13,2022-07-11
2022-07-13,0.674700140953064,0.68727773,0.68482536,0.0078211544914554,-0.0007520778624563,34.83391553454527,0.6743316054344177,0.7446997761726379,4,-0.041883173257640245,-0.037518244242400196,0.6732302308082581,2022-07-14,2022-07-12
2022-07-14,0.6732302308082581,0.68482536,0.68277204,0.0076148744364817,-0.0008118693995011,33.987951954992084,0.6732302308082581,0.7361114025115967,5,0.008758752448604084,-0.027062601478739276,0.6754885315895081,2022-07-15,2022-07-13
2022-07-15,0.6754885315895081,0.6790429,0.6850108,0.0074430225711572,-0.0005995500701111,31.78059841822908,0.6732302308082581,0.726900041103363,1,-0.03519335333759035,-0.10371301325472843,0.6814774870872498,2022-07-18,2022-07-14
2022-07-18,0.6814774870872498,0.6850108,0.68345225,0.0075201004914734,1.1641113012161863e-05,40.3161885946257,0.6732302308082581,0.726900041103363,2,0.007447646427040558,-0.08422993432958804,0.6810198426246643,2022-07-19,2022-07-15
2022-07-19,0.6810198426246643,0.68345225,0.68417794,0.0073108034944324,0.0004293643133721,41.32245744192533,0.6732302308082581,0.726900041103363,3,0.034488832166270904,-0.026036349209872158,0.6897978782653809,2022-07-20,2022-07-18
2022-07-20,0.6897978782653809,0.68417794,0.68170595,0.0077013125602496,0.0012923487096546,51.44346975109948,0.6732302308082581,0.726900041103363,4,-0.0170197516986835,-0.0015167226062545254,0.6887384057044983,2022-07-21,2022-07-19
2022-07-21,0.6887384057044983,0.68170595,0.68514717,0.0074920971114238,0.0017584228139933,49.14892623762524,0.6732302308082581,0.726900041103363,5,0.011478714797717558,0.0012028111525550541,0.692290186882019,2022-07-22,2022-07-20
2022-07-22,0.692290186882019,0.6878744,0.688215,0.0073812348083986,0.0022415605016414,59.669908032740125,0.6732302308082581,0.726900041103363,1,-0.008293771177248261,0.028500247255772822,0.6904694437980652,2022-07-25,2022-07-21
2022-07-25,0.6904694437980652,0.688215,0.68910354,0.0071998467453463,0.0023620955198223,53.00548602518864,0.6732302308082581,0.726900041103363,2,0.013984128994097221,0.03524504079025386,0.6951202750205994,2022-07-26,2022-07-22
2022-07-26,0.6951202750205994,0.68910354,0.68911356,0.0071731246306231,0.0026566566247046,66.46095799221048,0.6732302308082581,0.726900041103363,3,0.0007463414598675229,0.0008960636010747351,0.6947387456893921,2022-07-27,2022-07-25
2022-07-27,0.6947387456893921,0.68911356,0.69021034,0.0069759694920464,0.0027176439775665,66.93312353659269,0.6732302308082581,0.726900041103363,4,0.009356231511626789,0.027646920601218986,0.6994900107383728,2022-07-28,2022-07-26
2022-07-28,0.6994900107383728,0.69021034,0.6913362,0.0069679511262113,0.0029504036557762,65.82238879099597,0.6732302308082581,0.726900041103363,5,0.013799446663093596,0.030034583046752456,0.7000839710235596,2022-07-29,2022-07-27
2022-07-29,0.7000839710235596,0.69934815,0.70045865,0.0067805521071337,0.0030065912082417,66.71451741004532,0.6732302308082581,0.726900041103363,1,0.013179943583044093,0.052392445929093076,0.6971215605735779,2022-08-01,2022-07-28
2022-08-01,0.6971215605735779,0.70045865,0.70466065,0.0066656357073345,0.002715349427193,79.14810376319986,0.6732302308082581,0.726900041103363,2,0.030885074406484785,0.0703300272766233,0.7023902535438538,2022-08-02,2022-07-29
2022-08-02,0.7023902535438538,0.70466065,0.7036541,0.0067183444105307,0.0027407140064585,81.47066275205293,0.6732302308082581,0.726900041103363,3,-0.008968687961960311,0.059982086234383176,0.6890298128128052,2022-08-03,2022-08-01
2022-08-03,0.6890298128128052,0.7036541,0.70607567,0.00787507425617,0.0017680772321507,64.13603547007773,0.6732302308082581,0.726900041103363,4,-0.00777228609106147,0.04198077243110068,0.693899929523468,2022-08-04,2022-08-02
2022-08-04,0.693899929523468,0.70607567,0.7071791,0.0078258081650219,0.0013803015512039,65.73734611238254,0.6732302308082581,0.726900041103363,5,-0.015728041877474796,0.01166349632649768,0.6959198713302612,2022-08-05,2022-08-03
2022-08-05,0.6959198713302612,0.6954133,0.69232833,0.0076369892268552,0.0011943958246196,63.243365554995634,0.6732302308082581,0.726900041103363,1,0.0038834928349346684,0.0023021973068511003,0.6902502179145813,2022-08-08,2022-08-04
2022-08-08,0.6902502179145813,0.69232833,0.69427675,0.0076522283812752,0.0006513094874535,57.725601944421165,0.6732302308082581,0.726900041103363,2,0.019898306639490177,-0.00864959162171594,0.6987700462341309,2022-08-09,2022-08-05
2022-08-09,0.6987700462341309,0.69427675,0.6965215,0.0079585060037615,0.0008168738555725,57.54208754208754,0.6732302308082581,0.726900041103363,3,0.009663298145692585,0.0099943832020153,0.6957005858421326,2022-08-10,2022-08-08
2022-08-10,0.6957005858421326,0.6965215,0.69944376,0.0077971404539835,0.0006764644475266,55.661169281591874,0.6732302308082581,0.726900041103363,4,0.0013927233381699987,0.019293539583505704,0.7078142762184143,2022-08-11,2022-08-09
2022-08-11,0.7078142762184143,0.69944376,0.69640654,0.0085597087578451,0.0013190485095757,61.080314850755606,0.6732302308082581,0.726900041103363,5,0.017384534003716742,0.0536099918788567,0.7102898359298706,2022-08-12,2022-08-10
2022-08-12,0.7102898359298706,0.70873696,0.70715815,0.0083529764196119,0.0018006230302554,64.0157872597623,0.6732302308082581,0.726900041103363,1,0.014933773931209706,0.06531724353625883,0.7116677761077881,2022-08-15,2022-08-11
2022-08-15,0.7116677761077881,0.70715815,0.7072366,0.0081271013834808,0.0020818834590343,62.26931586060354,0.6732302308082581,0.726900041103363,2,-0.009341402279006945,0.03461867320093284,0.7020002603530884,2022-08-16,2022-08-12
2022-08-16,0.7020002603530884,0.7072366,0.70248437,0.0084912936497428,0.0015132065323556,54.73244890285249,0.6732302308082581,0.726900041103363,3,-0.012868122622951974,0.011567903005143867,0.7019400596618652,2022-08-17,2022-08-15
2022-08-17,0.7019400596618652,0.70248437,0.70534176,0.0082471709491713,0.0010512838206235,51.70072812099436,0.6732302308082581,0.726900041103363,4,0.0020645340532498197,0.012247713487828573,0.693040132522583,2022-08-18,2022-08-16
2022-08-18,0.693040132522583,0.70534176,0.70682514,0.008524644979564,0.0001139605553047,45.61597977153948,0.6732302308082581,0.726900041103363,5,-0.010643498782088992,-0.015729691308753988,0.691119909286499,2022-08-19,2022-08-17
2022-08-19,0.691119909286499,0.69558764,0.6983243,0.0083024779357495,-0.0006270298744578,46.21553176343419,0.6732302308082581,0.726900041103363,1,0.013389684468500692,-0.017248319969877204,0.6877105832099915,2022-08-22,2022-08-18
2022-08-22,0.6877105832099915,0.6983243,0.70247513,0.0081423751454198,-0.0012997206802773,40.52115117571533,0.6732302308082581,0.726900041103363,2,0.0100955673417733,0.0020402429275102473,0.6878700256347656,2022-08-23,2022-08-19
2022-08-23,0.6878700256347656,0.70247513,0.7054754,0.0079119752502977,-0.0016636262465882,49.0972005701305,0.6732302308082581,0.726900041103363,3,-0.003535497640372084,0.011435682596212025,0.6923002004623413,2022-08-24,2022-08-22
2022-08-24,0.6923002004623413,0.7054754,0.70982116,0.0078325322213368,-0.0015385747703578,48.74615399708671,0.6732302308082581,0.726900041103363,4,0.009220382581036387,0.01869932088893004,0.6907985806465149,2022-08-25,2022-08-23
2022-08-25,0.6907985806465149,0.70982116,0.7129092,0.0076280075595072,-0.001488656450821,45.9531204224682,0.6732302308082581,0.726900041103363,5,-0.011948522410051805,0.017370761294765398,0.6963981986045837,2022-08-26,2022-08-24
2022-08-26,0.6963981986045837,0.69372827,0.6915982,0.0076472806070862,-0.0010318695850054,54.86356040573522,0.6732302308082581,0.7220602631568909,1,0.013566875289911354,0.017551046027566717,0.6866905689239502,2022-08-29,2022-08-25
2022-08-29,0.6866905689239502,0.6915982,0.6948302,0.0080922027290104,-0.0013185318633168,40.6204064706514,0.6732302308082581,0.7220602631568909,2,0.00026944961898488136,0.007601432750977542,0.6907508373260498,2022-08-30,2022-08-26
2022-08-30,0.6907508373260498,0.6948302,0.69610643,0.007981950741246,-0.0011745060597,46.214812566149504,0.6732302308082581,0.7220602631568909,3,-0.023168122718755138,-0.011987508048778482,0.6857398152351379,2022-08-31,2022-08-29
2022-08-31,0.6857398152351379,0.69610643,0.69097584,0.0079302923381252,-0.0013443150109492,31.06187051536945,0.6732302308082581,0.7186489701271057,4,-0.022729784336666843,-0.0430557120735055,0.6828502416610718,2022-09-01,2022-08-30
2022-09-01,0.6828502416610718,0.69097584,0.68969464,0.007765470276618,-0.001563477986647,26.625064738557786,0.6732302308082581,0.7116677761077881,5,-0.007503393602892206,-0.0387925032159316,0.6795302033424377,2022-09-02,2022-08-31
2022-09-02,0.6795302033424377,0.6764988,0.67518884,0.0076276345643844,-0.0018259939951507,23.49984714635515,0.6732302308082581,0.7116677761077881,1,-0.03000371904235822,-0.07977361640278688,0.6790295243263245,2022-09-05,2022-09-01
2022-09-05,0.6790295243263245,0.67518884,0.67669964,0.0074170869476604,-0.0019178345879514,27.68520437882664,0.6732302308082581,0.7116677761077881,2,0.0020479730731946338,-0.0781355159281152,0.6813998818397522,2022-09-06,2022-09-02
2022-09-06,0.6813998818397522,0.67669964,0.6750023,0.0072586931663969,-0.0017102907240732,30.90348086009064,0.6732302308082581,0.7116677761077881,3,0.0,-0.05652831376030598,0.6730109453201294,2022-09-07,2022-09-05
2022-09-07,0.6730109453201294,0.6750023,0.6768194,0.0076005660028345,-0.0020087131860841,31.19992749277165,0.6730109453201294,0.7116677761077881,4,0.013787355194825272,-0.02143863852435258,0.6751401424407959,2022-09-08,2022-09-06
2022-09-08,0.6751401424407959,0.6768194,0.67920697,0.0074271688417805,-0.0019328007600702,35.05946211031977,0.6730109453201294,0.7116677761077881,5,-0.008976500708669724,-0.02287910297967991,0.6765899658203125,2022-09-09,2022-09-07
2022-09-09,0.6765899658203125,0.67461663,0.6703947,0.0072406154009311,-0.0016651927342468,39.20713612198973,0.6730109453201294,0.7116677761077881,1,0.028106252131502352,0.03558354527065715,0.6846998333930969,2022-09-12,2022-09-08
2022-09-12,0.6846998333930969,0.6703947,0.66748655,0.0075591293935625,-0.0008626383027268,47.33457549755894,0.6730109453201294,0.7116677761077881,2,0.012645967498656327,0.04661701697555643,0.689398467540741,2022-09-13,2022-09-09
2022-09-13,0.689398467540741,0.66748655,0.6674376,0.0075185607882858,1.7408122047639363e-05,47.57125395993913,0.6730109453201294,0.7116677761077881,3,0.012350083783838168,0.05962297183065138,0.6743001937866211,2022-09-14,2022-09-12
2022-09-14,0.6743001937866211,0.6674376,0.6721024,0.0088841862120102,-0.0003635405506051,38.75118971275396,0.6730109453201294,0.7116677761077881,4,-0.012350083783838062,0.032285957132354604,0.6751797795295715,2022-09-15,2022-09-13
2022-09-15,0.6751797795295715,0.6721024,0.6742118,0.0086334740207083,-0.000494388313521,34.53781001607088,0.6730109453201294,0.7116677761077881,5,-0.009962910990771172,0.03126820169490785,0.6687299013137817,2022-09-16,2022-09-14
2022-09-16,0.6687299013137817,0.6816768,0.6812786,0.0086647389787947,-0.0009282408714375,36.259386736270336,0.6687299013137817,0.7116677761077881,1,-0.006224401018000892,-0.0035350813451689458,0.6726998686790466,2022-09-19,2022-09-15
2022-09-19,0.6726998686790466,0.6812786,0.68052375,0.0085285412060069,-0.000862181845655,36.17119597727445,0.6687299013137817,0.7116677761077881,2,0.010586630784932173,-0.005585026647819549,0.6733698844909668,2022-09-20,2022-09-16
2022-09-20,0.6733698844909668,0.68052375,0.6767274,0.0082895195804658,-0.0006948809594139,39.84820217013372,0.6687299013137817,0.7116677761077881,3,-0.0009834160131192236,-0.01875605540780757,0.6694202423095703,2022-09-21,2022-09-19
2022-09-21,0.6694202423095703,0.6767274,0.6795751,0.0081634710536773,-0.0007661258318302,39.16671634930678,0.6687299013137817,0.7116677761077881,4,-0.002673926948828699,-0.009215300626779192,0.661010205745697,2022-09-22,2022-09-20
2022-09-22,0.661010205745697,0.6795751,0.6779958,0.0084362944238955,-0.0012660575838879,36.19453849093155,0.661010205745697,0.7116677761077881,5,-0.010198392195087953,-0.009448584332964268,0.66454017162323,2022-09-23,2022-09-21
2022-09-23,0.66454017162323,0.6606536,0.6581158,0.0082901635699373,-0.0012436060554005,39.66584279426231,0.661010205745697,0.7116677761077881,1,-0.003851363389370319,-0.007095177293159109,0.653069794178009,2022-09-26,2022-09-22
2022-09-26,0.653069794178009,0.6581158,0.6577221,0.0089784052475816,-0.0018493641907012,32.11579243633102,0.653069794178009,0.7116677761077881,2,-0.03697658256135126,-0.05321541355646259,0.6476000547409058,2022-09-27,2022-09-23
2022-09-27,0.6476000547409058,0.6577221,0.65188324,0.008925250644569,-0.0024299553562283,33.3447669648787,0.6476000547409058,0.7116677761077881,3,-0.01735274304609566,-0.06858748162685718,0.6438001394271851,2022-09-28,2022-09-26
2022-09-28,0.6438001394271851,0.65188324,0.65322345,0.0087690051627054,-0.002852234170061,29.898843930635834,0.6438001394271851,0.7116677761077881,4,0.0028629649246226284,-0.0634160475993138,0.6504995822906494,2022-09-29,2022-09-27
2022-09-29,0.6504995822906494,0.65322345,0.6559951,0.0088478298543781,-0.002476603986594,34.3216896831844,0.6438001394271851,0.7116677761077881,5,0.017599265856016143,-0.03701597703143894,0.6512998938560486,2022-09-30,2022-09-28
2022-09-30,0.6512998938560486,0.65087503,0.6498327,0.0085991995847523,-0.0019913751531475,27.996183206106863,0.6438001394271851,0.7116677761077881,1,0.017004246566302488,-0.016721466251386062,0.6420958042144775,2022-10-03,2022-09-29
2022-10-03,0.6420958042144775,0.6498327,0.6476631,0.0089592994004847,-0.0020968072725601,20.58337515725671,0.6420958042144775,0.7116677761077881,2,0.000581184279762811,0.02091054328462235,0.6501798629760742,2022-10-04,2022-09-30
2022-10-04,0.6501798629760742,0.6476631,0.6417658,0.0091696121824953,-0.0014588590175647,33.56635234684016,0.6420958042144775,0.7116677761077881,3,0.004637698966480462,0.04360948251906449,0.6514102220535278,2022-10-05,2022-10-03
2022-10-05,0.6514102220535278,0.6417658,0.63897693,0.0089154596484566,-0.0008224787148,33.88237956859305,0.6420958042144775,0.7116677761077881,4,0.01720224306202251,0.05868189465213416,0.651269793510437,2022-10-06,2022-10-04
2022-10-06,0.651269793510437,0.63897693,0.64516836,0.0086593377254932,-0.0003060471493285,37.052843731768114,0.6420958042144775,0.7116677761077881,5,0.0041132293482632675,0.044500313567666754,0.6414409279823303,2022-10-07,2022-10-05
2022-10-07,0.6414409279823303,0.6516782,0.65427065,0.0090964855497804,-0.0005094651956921,28.67368383383921,0.6414409279823303,0.7116677761077881,1,-0.016411392102800407,0.010174374078467156,0.6369832158088684,2022-10-10,2022-10-06
2022-10-10,0.6369832158088684,0.65427065,0.65401435,0.0089731743794937,-0.0008094718894916,26.395267817026166,0.6369832158088684,0.7116677761077881,2,-0.01814931900831225,-0.008570600924277232,0.6294810771942139,2022-10-11,2022-10-07
2022-10-11,0.6294810771942139,0.65401435,0.65092397,0.0091214471944144,-0.0013467348626105,25.23227550151401,0.6294810771942139,0.7116677761077881,3,0.011943086371317376,-0.0013013048970335777,0.6266409754753113,2022-10-12,2022-10-10
2022-10-12,0.6266409754753113,0.65092397,0.6507089,0.0089155964644085,-0.0017039514778661,27.10473485931375,0.6266409754753113,0.7116677761077881,4,0.00706917560844575,-0.011370086166157839,0.6277306079864502,2022-10-13,2022-10-11
2022-10-13,0.6277306079864502,0.6507089,0.6496432,0.0086697507856669,-0.0016749225307687,24.65505608570533,0.6266409754753113,0.7116677761077881,5,-0.009678647353026296,-0.024911552276031694,0.630099892616272,2022-10-14,2022-10-12
2022-10-14,0.630099892616272,0.62740767,0.6301306,0.0084688126242529,-0.0013198421974202,31.918042309522235,0.6266409754753113,0.7116677761077881,1,0.006655117764567944,-0.002158254229820148,0.6223937273025513,2022-10-17,2022-10-13
2022-10-17,0.6223937273025513,0.6301306,0.63542014,0.0086894736954759,-0.0014189965596152,30.832420790032856,0.6223937273025513,0.7116677761077881,2,-0.004914713560715287,0.011135562746811269,0.6298815608024597,2022-10-18,2022-10-14
2022-10-18,0.6298815608024597,0.63542014,0.6316744,0.008881852942755,-0.0008247789049503,39.97804323885402,0.6223937273025513,0.7116677761077881,3,0.001447980587636241,0.0005790806494070534,0.6316401362419128,2022-10-19,2022-10-17
2022-10-19,0.6316401362419128,0.6316744,0.6289931,0.0086525300467108,-0.0001908670011883,35.38017397282934,0.6223937273025513,0.7116677761077881,4,-0.014281731075751121,-0.020557741820916364,0.6263701915740967,2022-10-20,2022-10-18
2022-10-20,0.6263701915740967,0.6289931,0.6292195,0.0086166397351154,-1.3414929419988677e-05,31.92692835864493,0.6223937273025513,0.7116677761077881,5,-0.01359559953264893,-0.024386666555919177,0.6274706721305847,2022-10-21,2022-10-19
2022-10-21,0.6274706721305847,0.6223327,0.62844485,0.0083820329941321,0.0002752108626015,37.98571225719896,0.6223937273025513,0.7116677761077881,1,0.026574235556435358,-0.004758470460401795,0.6371902227401733,2022-10-24,2022-10-20
2022-10-24,0.6371902227401733,0.62844485,0.62459123,0.008881480728605,0.0011678096015799,39.608466193779485,0.6223937273025513,0.7116677761077881,2,0.020648862969661265,0.02101144478272712,0.6329598426818848,2022-10-25,2022-10-21
2022-10-25,0.6329598426818848,0.62459123,0.62707955,0.0087569277982172,0.0014992617220157,35.91597614398057,0.6223937273025513,0.7116677761077881,3,-0.012424278700876038,0.006945498083716214,0.6385700106620789,2022-10-26,2022-10-24
2022-10-26,0.6385700106620789,0.62707955,0.6272421,0.0087484819937101,0.0020862064110814,41.052815461248194,0.6223937273025513,0.7116677761077881,4,-0.008369469804456653,0.01291645649461232,0.6493498086929321,2022-10-27,2022-10-25
2022-10-27,0.6493498086929321,0.6272421,0.6279058,0.0093329246110201,0.0031276791081971,55.4982525958296,0.6223937273025513,0.7116677761077881,5,0.05057572217400336,0.08004755459026167,0.6450905799865723,2022-10-28,2022-10-26
2022-10-28,0.6450905799865723,0.6585612,0.65545505,0.0091839006734302,0.0034325612695408,55.65183571743772,0.6223937273025513,0.7116677761077881,1,-0.001102673735418754,0.05056505065479429,0.6401310563087463,2022-10-31,2022-10-27
2022-10-31,0.6401310563087463,0.65545505,0.65418315,0.0090884120603777,0.0032072656359699,57.69722200922062,0.6223937273025513,0.7116677761077881,2,-0.04499098542763021,-0.01617937035703842,0.6409898996353149,2022-11-01,2022-10-28
2022-11-01,0.6409898996353149,0.65418315,0.6517838,0.0088331875504046,0.0030254797834989,60.676376750790965,0.6223937273025513,0.7116677761077881,3,-0.015263035855571663,-0.0189682378767118,0.6396700143814087,2022-11-02,2022-10-31
2022-11-02,0.6396700143814087,0.6517838,0.6557159,0.0085925122668067,0.0027345574851536,58.85323022906755,0.6223937273025513,0.7116677761077881,4,0.027735406246531834,0.017098975529084716,0.6338501572608948,2022-11-03,2022-11-01
2022-11-03,0.6338501572608948,0.6557159,0.6588616,0.0086009021849064,0.002097070903039,52.645493969338354,0.6223937273025513,0.7116677761077881,5,-0.0011403988240251282,-0.03416444057258297,0.6288517117500305,2022-11-04,2022-11-02
2022-11-04,0.6288517117500305,0.62731355,0.62520516,0.0085456732372419,0.0013234235631336,54.736501580334775,0.6223937273025513,0.7116677761077881,1,-0.014076654119052961,-0.0466142358416485,0.6439315676689148,2022-11-07,2022-11-03
2022-11-07,0.6439315676689148,0.62520516,0.6202914,0.0099331407642813,0.0017833231107387,59.27215254602641,0.6223937273025513,0.7020002603530884,2,0.07198753440505058,0.07169644101465344,0.6474796533584595,2022-11-08,2022-11-04
2022-11-08,0.6474796533584595,0.6202914,0.6214529,0.0097276281235277,0.0022522820656102,60.21192169027031,0.6223937273025513,0.7019400596618652,3,-0.023149192689883615,0.0632781125602481,0.65091872215271,2022-11-09,2022-11-07
2022-11-09,0.65091872215271,0.6214529,0.6235444,0.0095253167242464,0.0026902450681226,66.20939151023595,0.6223937273025513,0.6963981986045837,4,0.020723298470771447,0.055848371355531515,0.6434178352355957,2022-11-10,2022-11-08
2022-11-10,0.6434178352355957,0.6235444,0.6207068,0.0096175918242714,0.0023815276354373,59.70924768018696,0.6223937273025513,0.6963981986045837,5,0.009668401989680267,0.06732272638763452,0.6606900691986084,2022-11-11,2022-11-09
2022-11-11,0.6606900691986084,0.6382188,0.64097124,0.0111676019481498,0.0031965235663545,63.10260163055544,0.6223937273025513,0.6963981986045837,1,0.014461307722984953,0.09822072766190723,0.6698821187019348,2022-11-14,2022-11-10
2022-11-14,0.6698821187019348,0.64097124,0.6407636,0.0113014797866585,0.0041501738109857,69.50712355322999,0.6223937273025513,0.6963981986045837,2,0.040020823400885835,0.06366941121361316,0.669189989566803,2022-11-15,2022-11-11
2022-11-15,0.669189989566803,0.6407636,0.636464,0.0109633603260573,0.0045004936965446,67.06420860322206,0.6223937273025513,0.6963981986045837,3,-0.024597693190473145,0.06212980087137904,0.6769499778747559,2022-11-16,2022-11-14
2022-11-16,0.6769499778747559,0.636464,0.64423317,0.0109695651254099,0.0049834303082507,65.91703756257795,0.6223937273025513,0.6963981986045837,4,-0.004028875090579742,0.03616247929078336,0.6739497780799866,2022-11-17,2022-11-15
2022-11-17,0.6739497780799866,0.64423317,0.641808,0.0106896369405566,0.0048261238668212,66.88836754070388,0.6223937273025513,0.6963981986045837,5,-0.013503933351268576,0.012428225905735614,0.6689200401306152,2022-11-18,2022-11-16
2022-11-18,0.6689200401306152,0.6731131,0.6770343,0.0105124125510993,0.0041352516506793,66.83344474331906,0.6223937273025513,0.6907508373260498,1,-0.02634723067351903,-0.02805582461738392,0.6682080030441284,2022-11-21,2022-11-17
2022-11-21,0.6682080030441284,0.6770343,0.67750317,0.0102047819033011,0.0034122879141621,65.94229208939112,0.6223937273025513,0.6907508373260498,2,-0.015707520511022276,-0.08073905535915317,0.6607800126075745,2022-11-22,2022-11-18
2022-11-22,0.6607800126075745,0.67750317,0.67149335,0.0102283496581737,0.0022707350405982,61.538977815860896,0.6223937273025513,0.689398467540741,3,-0.01679775910019108,-0.07354084428749706,0.66498202085495,2022-11-23,2022-11-21
2022-11-23,0.66498202085495,0.67149335,0.6721233,0.0100375450989579,0.0016636845750424,67.32344419148902,0.6223937273025513,0.689398467540741,4,0.011967852886423014,-0.05860135630646501,0.6743502020835876,2022-11-24,2022-11-22
2022-11-24,0.6743502020835876,0.6721233,0.67251855,0.0102670842425428,0.001749373669168,74.14367443814112,0.6223937273025513,0.689398467540741,5,0.0008296518546003267,-0.04501056896691484,0.6765598058700562,2022-11-25,2022-11-23
2022-11-25,0.6765598058700562,0.66791236,0.66826206,0.0099955671748273,0.001803935669727,70.05319815341377,0.6223937273025513,0.689398467540741,1,0.0,-0.01951484615233005,0.6711905002593994,2022-11-28,2022-11-24
2022-11-28,0.6711905002593994,0.66826206,0.66380906,0.0098710117973724,0.0013483477545415,64.2535178565798,0.6223937273025513,0.689398467540741,2,0.0024847678648594,-0.0015143387245341122,0.665198802947998,2022-11-29,2022-11-25
2022-11-29,0.665198802947998,0.66380906,0.66316426,0.0097977897500193,0.0005540976851545,58.3287097487412,0.6223937273025513,0.689398467540741,3,-0.0044216719910320414,0.010919791024767169,0.668408989906311,2022-11-30,2022-11-28
2022-11-30,0.668408989906311,0.66316426,0.66280687,0.0095788101070054,0.0001751964956704,65.3437918102426,0.6223937273025513,0.689398467540741,4,0.005386385951892888,0.004288302246022378,0.6799598932266235,2022-12-01,2022-11-29
2022-12-01,0.6799598932266235,0.66280687,0.6609278,0.0101072091625564,0.0006083762884579,62.72506423659218,0.6223937273025513,0.689398467540741,5,0.027041511441138335,0.03096060441992118,0.6811015009880066,2022-12-02,2022-11-30
2022-12-02,0.6811015009880066,0.67866373,0.67485446,0.0098201318182711,0.0008621611705952,58.29031746591029,0.6223937273025513,0.689398467540741,1,0.02240428742869569,0.0543192317616381,0.6813009977340698,2022-12-05,2022-12-01
2022-12-05,0.6813009977340698,0.67485446,0.67680615,0.0095347350447897,0.0009281126115529,59.01479624658932,0.6223937273025513,0.689398467540741,2,0.008875067017934285,0.061078220033170316,0.6707807779312134,2022-12-06,2022-12-02
2022-12-06,0.6707807779312134,0.67680615,0.6773444,0.0099172984396144,0.0001866537836836,45.58921795575496,0.6223937273025513,0.6813009977340698,3,-0.015319461924328762,0.04957759202194217,0.6698821187019348,2022-12-07,2022-12-05
2022-12-07,0.6698821187019348,0.6773444,0.67673415,0.0096329029346241,-0.0004084055652337,47.00165022591751,0.6223937273025513,0.6813009977340698,4,0.0057887476955071826,0.04999998686399055,0.6726998686790466,2022-12-08,2022-12-06
2022-12-08,0.6726998686790466,0.67673415,0.6809821,0.0094050536726758,-0.0006424071703765,52.88010427689694,0.6223937273025513,0.6813009977340698,5,0.011477864376372472,0.033784669701573074,0.6776500344276428,2022-12-09,2022-12-07
2022-12-09,0.6776500344276428,0.68307203,0.6801819,0.0092903741741334,-0.0005002880570505,56.75803890551262,0.6223937273025513,0.6813009977340698,1,0.006463335625930137,0.017435812484469817,0.6781408190727234,2022-12-12,2022-12-08
2022-12-12,0.6781408190727234,0.6801819,0.6748983,0.0090238900704445,-0.0004133209092379,63.79581141913091,0.6223937273025513,0.6813009977340698,2,-0.001160356135408776,0.007276475459677466,0.6754000186920166,2022-12-13,2022-12-09
2022-12-13,0.6754000186920166,0.6748983,0.67655724,0.0088111183464845,-0.0005707710713482,58.47551732732561,0.6223937273025513,0.6813009977340698,3,-0.020197407299658264,0.0023750001179665896,0.6842299699783325,2022-12-14,2022-12-12
2022-12-14,0.6842299699783325,0.67655724,0.67667544,0.0090708856438696,-0.0001334442277655,58.10865415566385,0.6223937273025513,0.6842299699783325,4,0.010735868843074823,0.007346156997833926,0.6857798099517822,2022-12-15,2022-12-13
2022-12-15,0.6857798099517822,0.67667544,0.675331,0.0088262543923425,0.0001894563745193,57.65001216595551,0.6223937273025513,0.6857798099517822,5,0.009203525932870658,0.005057714240165767,0.6705918908119202,2022-12-16,2022-12-14
2022-12-16,0.6705918908119202,0.6882254,0.6852088,0.0099875748644026,-0.0006448866511312,49.57290981818368,0.6223937273025513,0.6857798099517822,1,-0.029329148152795206,-0.030279619736966037,0.6687487363815308,2022-12-19,2022-12-15
2022-12-19,0.6687487363815308,0.6852088,0.68381757,0.0097175897453477,-0.0013077283880658,52.692140097238514,0.6223937273025513,0.6857798099517822,2,-0.000398732072796037,-0.029540776036496498,0.6707807779312134,2022-12-20,2022-12-16
2022-12-20,0.6707807779312134,0.68381757,0.69229597,0.0094645679408754,-0.0015780426488148,51.83140337635081,0.6223937273025513,0.6857798099517822,3,0.005699561054415408,-0.004080576126231864,0.6688498258590698,2022-12-21,2022-12-19
2022-12-21,0.6688498258590698,0.69229597,0.6915552,0.0092151035188609,-0.0018374702880572,39.92436625930827,0.6223937273025513,0.6857798099517822,4,0.0038255842291201646,-0.010938938886725983,0.6716818809509277,2022-12-22,2022-12-20
2022-12-22,0.6716818809509277,0.6915552,0.68875444,0.0090056845829027,-0.0017683228218936,41.71155248100112,0.6223937273025513,0.6857798099517822,5,0.002235839507275352,-0.01780645308956023,0.6678001284599304,2022-12-23,2022-12-21
2022-12-23,0.6678001284599304,0.6715865,0.6712853,0.0088457301459243,-0.0019212848195093,38.843371689933136,0.6223937273025513,0.6857798099517822,1,-0.014423036346991203,-0.0030561042062156605,0.6712490320205688,2022-12-26,2022-12-22
2022-12-26,0.6712490320205688,0.6712853,0.6716806,0.0086771024845388,-0.0017332378651678,50.43815519706945,0.6223937273025513,0.6857798099517822,2,0.013634490901053129,0.011032857332827783,0.674458920955658,2022-12-27,2022-12-23
2022-12-27,0.674458920955658,0.6716806,0.672264,0.0085034778296435,-0.0013526137935882,54.10505291565358,0.6223937273025513,0.6857798099517822,3,0.0,0.005286804379288604,0.6729927659034729,2022-12-28,2022-12-26
2022-12-28,0.6729927659034729,0.672264,0.67556536,0.0082757319972446,-0.0011665703812817,50.26923489950536,0.6223937273025513,0.6857798099517822,4,0.007987978209936256,0.009479924778386864,0.6747100949287415,2022-12-29,2022-12-27
2022-12-29,0.6747100949287415,0.67556536,0.67132336,0.0080635911116041,-0.0009064176931533,47.126806376900745,0.6223937273025513,0.6857798099517822,5,-0.0003913355462330034,0.006831324994028573,0.6766000390052795,2022-12-30,2022-12-28
2022-12-30,0.6766000390052795,0.6766351,0.6760556,0.0078629759404305,-0.0006003705818845,48.53428469691163,0.6223937273025513,0.6857798099517822,1,-0.0028746701664194908,0.018525978919132217,0.6823097467422485,2023-01-02,2022-12-29
2023-01-02,0.6823097467422485,0.6760556,0.6751374,0.0078881749907768,-3.646447146284917e-05,56.22166263073832,0.6223937273025513,0.6857798099517822,2,-0.004064797677231731,0.000657390806735002,0.6805600523948669,2023-01-03,2022-12-30
2023-01-03,0.6805600523948669,0.6751374,0.671294,0.0076865894974457,0.0001835432693565,46.2126235629179,0.6223937273025513,0.6857798099517822,3,0.0,0.000657390806735002,0.6727999448776245,2023-01-04,2023-01-02
2023-01-04,0.6727999448776245,0.671294,0.6693878,0.0079199106721349,-0.0002075198541088,38.12663843077044,0.6223937273025513,0.6857798099517822,4,-0.010433957899771593,-0.017607898169920345,0.6829108595848083,2023-01-05,2023-01-03
2023-01-05,0.6829108595848083,0.6693878,0.66930366,0.0084340039127737,0.0001798696863561,62.422673100457054,0.6223937273025513,0.6857798099517822,5,-0.007061513953980213,-0.024138823323434276,0.6755697727203369,2023-01-06,2023-01-04
2023-01-06,0.6755697727203369,0.68555033,0.6820875,0.0085556916371724,-7.928525304789786e-05,56.19187575343741,0.6223937273025513,0.6857798099517822,1,0.020774820894930334,-0.0007851402520186023,0.689398467540741,2023-01-09,2023-01-05
2023-01-09,0.689398467540741,0.6820875,0.6795496,0.0095271927845639,0.000621090301159,63.91931287783653,0.6263701915740967,0.689398467540741,2,0.02342691166842184,0.02706606879185705,0.6909699440002441,2023-01-10,2023-01-06
2023-01-10,0.6909699440002441,0.6795496,0.6790852,0.0092700356669284,0.0011025235045737,66.62723950744726,0.6263701915740967,0.6909699440002441,3,0.027755004194320008,0.05597157246120396,0.6895001530647278,2023-01-11,2023-01-09
2023-01-11,0.6895001530647278,0.6790852,0.6795186,0.0090183624176591,0.001224890905797,63.67366280404747,0.6263701915740967,0.6909699440002441,4,0.0119969437033643,0.07992561796214906,0.6910998225212097,2023-01-12,2023-01-10
2023-01-12,0.6910998225212097,0.6795186,0.6787933,0.008780096527244,0.0013088821343465,68.5290660194911,0.6274706721305847,0.6910998225212097,5,0.021286480607387536,0.11097739183657855,0.6967815160751343,2023-01-13,2023-01-11
2023-01-13,0.6967815160751343,0.68738586,0.68778884,0.0087387121651091,0.0016219389967469,69.60834935457292,0.6288517117500305,0.6967815160751343,1,0.007553507080328285,0.09638548574162632,0.6973500847816467,2023-01-16,2023-01-12
2023-01-16,0.6973500847816467,0.68778884,0.68826044,0.0084951867085313,0.0017321543930491,68.3232409593258,0.6288517117500305,0.6973500847816467,2,0.0051230495099683585,0.07649994323948066,0.6966398358345032,2023-01-17,2023-01-13
2023-01-17,0.6966398358345032,0.68826044,0.6876923,0.0082596159364887,0.0016238959295513,69.16016938020137,0.6288517117500305,0.6973500847816467,3,0.0,0.047032508820924114,0.6988413333892822,2023-01-18,2023-01-16
2023-01-18,0.6988413333892822,0.6876923,0.6874273,0.0080627384193798,0.0015664970428962,69.40025512086615,0.6288517117500305,0.6988413333892822,4,0.0017809851053655899,0.03639051967513167,0.6944000720977783,2023-01-19,2023-01-17
2023-01-19,0.6944000720977783,0.6874273,0.6877694,0.0079693707810766,0.0011164891836733,63.74638543735172,0.6288517117500305,0.6988413333892822,5,0.003197666423112939,0.01781198257515709,0.691399872303009,2023-01-20,2023-01-18
2023-01-20,0.691399872303009,0.69495183,0.69203,0.0078085854242549,0.0005334122555752,57.32662165525047,0.6288517117500305,0.6988413333892822,1,-0.0004730585681476769,0.009675146986824212,0.6982703804969788,2023-01-23,2023-01-19
2023-01-23,0.6982703804969788,0.69203,0.69220704,0.0079277984876445,0.0005262058387811,63.18601633463094,0.6288517117500305,0.6988413333892822,2,0.005191713423161991,0.009744477613699455,0.702928364276886,2023-01-24,2023-01-20
2023-01-24,0.702928364276886,0.69220704,0.69312763,0.0078598901857588,0.000737924205491,73.5181330323336,0.6288517117500305,0.702928364276886,3,0.0012938117847990998,0.011051742413415949,0.7046719789505005,2023-01-25,2023-01-23
2023-01-25,0.7046719789505005,0.69312763,0.69703645,0.0076644271551879,0.0008880916521953,69.53902603234,0.6288517117500305,0.7046719789505005,4,-0.002000141594498202,0.007236046037013875,0.7108199596405029,2023-01-26,2023-01-24
2023-01-26,0.7108199596405029,0.69703645,0.7000616,0.0077182274642827,0.0012708603582293,82.34366317963257,0.6288517117500305,0.7108199596405029,5,-0.0012964038611068427,0.0027196126392917664,0.7113898396492004,2023-01-27,2023-01-25
2023-01-27,0.7113898396492004,0.70436716,0.7072454,0.0075078184896964,0.0014204757574648,76.66631010786386,0.6434178352355957,0.7113898396492004,1,0.006347835431552937,0.009582435514727459,0.7107977271080017,2023-01-30,2023-01-26
2023-01-30,0.7107977271080017,0.7072454,0.7082109,0.0073032896476255,0.0013387188929817,74.62772092802877,0.6434178352355957,0.7113898396492004,2,-0.010128509708496632,-0.005766716237829345,0.7058099508285522,2023-01-31,2023-01-27
2023-01-31,0.7058099508285522,0.7082109,0.7089168,0.0072813983862855,0.000832656004103,68.6299767561878,0.6434178352355957,0.7113898396492004,3,-0.004865078397412996,-0.011871271907578336,0.7051399946212769,2023-02-01,2023-01-30
2023-02-01,0.7051399946212769,0.7089168,0.7104394,0.0070848800907307,0.0003608303705001,66.38550009669014,0.6434178352355957,0.7113898396492004,4,0.0059298314901479595,-0.0040042864239617434,0.7145000696182251,2023-02-02,2023-01-31
2023-02-02,0.7145000696182251,0.7104394,0.70869005,0.0075353623936696,0.0005744686186553,69.0433361007759,0.6606900691986084,0.7145000696182251,5,-0.028180971315559473,-0.030424461567597743,0.7074687480926514,2023-02-03,2023-02-01
2023-02-03,0.7074687480926514,0.71333027,0.7111731,0.0076646622203497,0.0001591731153046,59.548716379561526,0.6607800126075745,0.7145000696182251,1,-0.004143869067426235,-0.04054378431003555,0.6920798420906067,2023-02-06,2023-02-02
2023-02-06,0.6920798420906067,0.7111731,0.7129968,0.0089715982893359,-0.001162279706664,46.630367565834334,0.6607800126075745,0.7145000696182251,2,-0.007600786928514156,-0.03811547722662296,0.6887801885604858,2023-02-07,2023-02-03
2023-02-07,0.6887801885604858,0.7129968,0.718127,0.0087841980802286,-0.0022082647196165,42.68399874482283,0.6607800126075745,0.7145000696182251,3,-0.004811026420657321,-0.03806348406160235,0.6964598298072815,2023-02-08,2023-02-06
2023-02-08,0.6964598298072815,0.718127,0.71973217,0.0089087989413123,-0.0023210535587783,51.43039505676132,0.6607800126075745,0.7145000696182251,4,0.0110675198721468,-0.03310863666744213,0.6930001974105835,2023-02-09,2023-02-07
2023-02-09,0.6930001974105835,0.71973217,0.71701586,0.0087300294559254,-0.0025486128078908,51.10429634577402,0.6607800126075745,0.7145000696182251,5,-0.011067519872146717,-0.016419390279435155,0.6939384341239929,2023-02-10,2023-02-08
2023-02-10,0.6939384341239929,0.69608307,0.6945386,0.0084925954794129,-0.0025497083581224,46.74420813271525,0.6607800126075745,0.7145000696182251,1,0.015216951712487221,0.0028090764453617277,0.6913477778434753,2023-02-13,2023-02-09
2023-02-13,0.6913477778434753,0.6945386,0.6868969,0.0082988097688289,-0.0026281978243066,41.01715289657404,0.6607800126075745,0.7145000696182251,2,-0.01918171810292671,-0.00873739793860361,0.6970000863075256,2023-02-14,2023-02-10
2023-02-14,0.6970000863075256,0.6868969,0.68356454,0.0082831658642051,-0.0022190448027246,44.3892776717549,0.66498202085495,0.7145000696182251,3,0.014665304492188851,0.010757993611667398,0.6987583041191101,2023-02-15,2023-02-13
2023-02-15,0.6987583041191101,0.68356454,0.6851005,0.0080764022407351,-0.0017691495106627,40.573646400758726,0.665198802947998,0.7145000696182251,4,0.005611882545715784,0.005258679345935938,0.690689742565155,2023-02-16,2023-02-14
2023-02-16,0.690689742565155,0.6851005,0.68630487,0.0082799185732983,-0.001940391859763,35.51976090448021,0.665198802947998,0.7145000696182251,5,-0.014212463309734498,0.002102163792357256,0.6862400770187378,2023-02-17,2023-02-15
2023-02-17,0.6862400770187378,0.6935056,0.6966913,0.008180837270189,-0.0022566024076542,33.70095062524477,0.665198802947998,0.7145000696182251,1,0.027625758127863238,0.014614526743646643,0.686940610408783,2023-02-20,2023-02-16
2023-02-20,0.686940610408783,0.6966913,0.69579023,0.0079599173238742,-0.002313283016941,36.72059108523067,0.665198802947998,0.7145000696182251,2,-0.012440602597921168,0.0214772657311858,0.6909002065658569,2023-02-21,2023-02-17
2023-02-21,0.6909002065658569,0.69579023,0.69690907,0.0078548347141466,-0.0019910657854905,40.42214040129316,0.6678001284599304,0.7145000696182251,3,0.0,0.006606300737598383,0.686190128326416,2023-02-22,2023-02-20
2023-02-22,0.686190128326416,0.69690907,0.6930296,0.0077931720215863,-0.0019969942120172,29.687791343142138,0.6678001284599304,0.7145000696182251,4,0.028869487950406024,0.030291920626919024,0.6812916994094849,2023-02-23,2023-02-21
2023-02-23,0.6812916994094849,0.6930296,0.69450426,0.0077496727295077,-0.0022157557482677,30.625126834131837,0.6678001284599304,0.7145000696182251,5,-0.007585686633612644,0.03714210735661347,0.6810133457183838,2023-02-24,2023-02-22
2023-02-24,0.6810133457183838,0.6828954,0.6816253,0.0075393943823124,-0.0022565565500882,39.44913775761288,0.6678001284599304,0.7145000696182251,1,-0.031299737103105005,-0.02220626723462047,0.6735684871673584,2023-02-27,2023-02-23
2023-02-27,0.6735684871673584,0.6816253,0.6820626,0.0077427827753056,-0.0026358826148548,36.55943425440435,0.6678001284599304,0.7145000696182251,2,-0.0293992354981824,-0.038648499255246056,0.6743001937866211,2023-02-28,2023-02-24
2023-02-28,0.6743001937866211,0.6820626,0.680925,0.0075373946006429,-0.0026796878601061,27.6800326595304,0.6678001284599304,0.7145000696182251,3,0.013561207960721376,-0.025522611343045405,0.6730788350105286,2023-03-01,2023-02-27
2023-03-01,0.6730788350105286,0.680925,0.6773851,0.0073442731883518,-0.0026294313325992,28.987039833618965,0.6678001284599304,0.7145000696182251,4,0.02183520450674725,-0.03235330880738346,0.6759798526763916,2023-03-02,2023-02-28
2023-03-02,0.6759798526763916,0.6773851,0.6778384,0.0072164090006448,-0.0022537797986349,31.81053666146269,0.6678001284599304,0.7145000696182251,5,0.01705936313808211,-0.008209315009926495,0.6735000014305115,2023-03-03,2023-03-01
2023-03-03,0.6735000014305115,0.6769647,0.6794486,0.0070703029256947,-0.0020321269159197,31.88209895516934,0.6678001284599304,0.7145000696182251,1,-0.020359430144531593,0.002700750436095859,0.6754611730575562,2023-03-06,2023-03-02
2023-03-06,0.6754611730575562,0.6794486,0.67768335,0.0069154276706536,-0.0016305694817246,26.363799290187288,0.6678001284599304,0.7145000696182251,2,-0.001470238400068026,0.031099910829641097,0.6733099818229675,2023-03-07,2023-03-03
2023-03-07,0.6733099818229675,0.67768335,0.6759725,0.0067685341355493,-0.0013960266571557,22.312521075977276,0.6678001284599304,0.7145000696182251,3,0.005502254552679114,0.02282371820718736,0.6591001749038696,2023-03-08,2023-03-06
2023-03-08,0.6591001749038696,0.6759725,0.67602146,0.0081666894818898,-0.0020448313314389,19.68233047652716,0.6591001749038696,0.7145000696182251,4,-0.028195284362454855,-0.027089646552807715,0.6594000458717346,2023-03-09,2023-03-07
2023-03-09,0.6594000458717346,0.67602146,0.67541957,0.0079465457731511,-0.002282655361869,22.01121040835075,0.6591001749038696,0.7145000696182251,5,0.013702273664630739,-0.030350317414737333,0.6591001749038696,2023-03-10,2023-03-08
2023-03-10,0.6591001749038696,0.6576144,0.65863323,0.0077334571242171,-0.0022834890540177,20.723346483492108,0.6591001749038696,0.7145000696182251,1,0.0032114679606452434,-0.007223312152376789,0.6634203791618347,2023-03-13,2023-03-09
2023-03-13,0.6634203791618347,0.65863323,0.65861577,0.0076738279657834,-0.0018356911488467,21.320072310232305,0.6591001749038696,0.7145000696182251,2,-0.0022222975731185043,-0.007969658283858653,0.6659198999404907,2023-03-14,2023-03-10
2023-03-14,0.6659198999404907,0.65861577,0.6569479,0.0075197924159107,-0.0012421818108046,27.82115428762235,0.6591001749038696,0.7145000696182251,3,0.00591503105341583,-0.007560086945883955,0.6689097881317139,2023-03-15,2023-03-13
2023-03-15,0.6689097881317139,0.6569479,0.6548416,0.0073926707414355,-0.0005543308234695,35.86174134147869,0.6591001749038696,0.7145000696182251,4,-0.014604223875148894,0.006020300835024324,0.6618300080299377,2023-03-16,2023-03-14
2023-03-16,0.6618300080299377,0.6548416,0.65576845,0.0075795792377015,-0.0004847658772367,31.040422451078683,0.6591001749038696,0.7145000696182251,5,-0.03915589726406634,-0.04577512730602055,0.6663401126861572,2023-03-17,2023-03-15
2023-03-17,0.6663401126861572,0.6620239,0.6613823,0.0075396482222138,-6.563310414457908e-05,42.41598751256998,0.6591001749038696,0.7145000696182251,1,0.00749165073918125,-0.04168211727218339,0.6713212132453918,2023-03-20,2023-03-16
2023-03-20,0.6713212132453918,0.6613823,0.6624994,0.0075336901854329,0.000580837827338,47.13033852118184,0.6591001749038696,0.7145000696182251,2,0.00718046840986544,-0.03262878198893262,0.6716899871826172,2023-03-21,2023-03-17
2023-03-21,0.6716899871826172,0.6624994,0.66596884,0.0073356477740202,0.0010402390810763,48.639775461668414,0.6591001749038696,0.7145000696182251,3,0.015718420931151944,-0.02309862719641554,0.667789876461029,2023-03-22,2023-03-20
2023-03-22,0.667789876461029,0.66596884,0.6665,0.0072583403384011,0.0010835049507838,42.13277604420143,0.6591001749038696,0.7145000696182251,4,0.010758108421719634,0.0019947380861452912,0.6699314713478088,2023-03-23,2023-03-21
2023-03-23,0.6699314713478088,0.6665,0.66551226,0.0071067511163921,0.0012467751657262,46.549677270631626,0.6591001749038696,0.7145000696182251,5,0.012365729819804586,0.05497216038767177,0.6681597828865051,2023-03-24,2023-03-22
2023-03-24,0.6681597828865051,0.6695136,0.66821873,0.0069451076729307,0.0012241246310019,42.91450577901278,0.6591001749038696,0.7145000696182251,1,0.018869600463035117,0.06704412747205492,0.665530800819397,2023-03-27,2023-03-23
2023-03-27,0.665530800819397,0.66821873,0.67144775,0.0068202207040577,0.0010286294479516,42.520204897316376,0.6591001749038696,0.7145000696182251,2,-0.010791223100072961,0.048038829786683154,0.6660095453262329,2023-03-28,2023-03-24
2023-03-28,0.6660095453262329,0.67144775,0.66759044,0.0066462430670203,0.0009310301635744,59.0270812437312,0.6591001749038696,0.7145000696182251,3,0.0007311193639447331,0.0324486747873515,0.6706907749176025,2023-03-29,2023-03-27
2023-03-29,0.6706907749176025,0.66759044,0.6681459,0.0066714280700362,0.0011659772219419,63.235999021765714,0.6591001749038696,0.7145000696182251,4,0.0018256371744921763,0.023267423364606306,0.6682482361793518,2023-03-30,2023-03-28
2023-03-30,0.6682482361793518,0.6681459,0.6718756,0.0065494344835324,0.0011397618221009,60.211197794345615,0.6591001749038696,0.7145000696182251,5,0.000729253137918563,0.011429206999362302,0.6716818809509277,2023-03-31,2023-03-29
2023-03-31,0.6716818809509277,0.66567945,0.6656017,0.0064901142231466,0.0013236356636093,59.40780480255861,0.6591001749038696,0.7145000696182251,1,-0.005971596378464641,-0.013386404183101578,0.6658897995948792,2023-04-03,2023-03-30
2023-04-03,0.6658897995948792,0.6656017,0.66489273,0.0066151322148476,0.0010377692789736,49.96811421802804,0.6591001749038696,0.7145000696182251,2,0.003416706066053802,0.0007313866968537584,0.6788502335548401,2023-04-04,2023-03-31
2023-04-04,0.6788502335548401,0.66489273,0.66259784,0.0077810579880677,0.0016668408412923,58.69363729152483,0.6591001749038696,0.7145000696182251,3,-0.011024021312221891,-0.010963479465040846,0.6758081316947937,2023-04-05,2023-04-03
2023-04-05,0.6758081316947937,0.66259784,0.6643549,0.007638813951757,0.0018113572940445,63.15386807205533,0.6591001749038696,0.7145000696182251,4,-0.01889903608714559,-0.03124999637617685,0.6716683506965637,2023-04-06,2023-04-04
2023-04-06,0.6716683506965637,0.6643549,0.66233766,0.0075603982816993,0.0015704084323641,55.049236737372816,0.6591001749038696,0.7145000696182251,5,0.003633381905590772,-0.02843253246316824,0.6676012873649597,2023-04-07,2023-04-05
2023-04-07,0.6676012873649597,0.6770089,0.6785154,0.0074829275041211,0.001101549709904,46.41271534628994,0.6591001749038696,0.7145000696182251,1,0.006979120201193603,-0.015768208523734242,0.6673500537872314,2023-04-10,2023-04-06
2023-04-10,0.6673500537872314,0.6785154,0.67765903,0.0072872750828727,0.0007554265368473,45.80530610457814,0.6591001749038696,0.7145000696182251,2,0.0,-0.01912530089128879,0.6648299694061279,2023-04-11,2023-04-07
2023-04-11,0.6648299694061279,0.67765903,0.67844623,0.0071460133552381,0.0003578614493401,47.060738464379526,0.6591001749038696,0.7145000696182251,3,-0.009859673722404379,-0.017982556652820742,0.6654002070426941,2023-04-12,2023-04-10
2023-04-12,0.6654002070426941,0.67844623,0.67829305,0.0069647534830971,0.0001452960782642,45.35539290558291,0.6591001749038696,0.7145000696182251,4,0.009486993831041722,0.010292428601610957,0.6699000597000122,2023-04-13,2023-04-11
2023-04-13,0.6699000597000122,0.67829305,0.67600876,0.0069567554323006,0.0003102756645812,51.68932641024069,0.6591001749038696,0.7145000696182251,5,0.014798628628832805,0.021635800762927544,0.6783998608589172,2023-04-14,2023-04-12
2023-04-14,0.6783998608589172,0.6672242,0.66144145,0.0073511753025958,0.0009578048011606,61.214118839836,0.6591001749038696,0.7145000696182251,1,0.009624302089538152,0.024341790619454812,0.6705199480056763,2023-04-17,2023-04-13
2023-04-17,0.6705199480056763,0.66144145,0.66224724,0.0076166986032745,0.000826343986833,53.48132363170623,0.6591001749038696,0.7145000696182251,2,-0.004008994226112893,0.02024343093453213,0.6700401306152344,2023-04-18,2023-04-14
2023-04-18,0.6700401306152344,0.66224724,0.6556774,0.0074177157878727,0.0006838921553013,49.46297498868489,0.6591001749038696,0.7145000696182251,3,-0.010154878050209506,0.01994229510879201,0.6735698580741882,2023-04-19,2023-04-17
2023-04-19,0.6735698580741882,0.6556774,0.6582188,0.007322663524638,0.0007963399842181,54.314891066906384,0.6591001749038696,0.7145000696182251,4,0.005762989613076451,0.016151089314345217,0.6705514192581177,2023-04-20,2023-04-18
2023-04-20,0.6705514192581177,0.6582188,0.6616237,0.0072003155613464,0.0006429555872054,49.07718267754234,0.6591001749038696,0.7145000696182251,5,-0.004288415260551209,-0.003060303529715846,0.6743178963661194,2023-04-21,2023-04-19
2023-04-21,0.6743178963661194,0.6710676,0.67096037,0.0071289752772029,0.000762525422187,57.11532461781549,0.6591001749038696,0.7145000696182251,1,-0.012355035239129451,-0.024733325586464024,0.6693485379219055,2023-04-24,2023-04-20
2023-04-24,0.6693485379219055,0.67096037,0.67004853,0.0071354274050675,0.000487671067333,40.72713777482019,0.6591001749038696,0.7145000696182251,2,-0.010497426478094585,-0.03104079241685562,0.6703805327415466,2023-04-25,2023-04-21
2023-04-25,0.6703805327415466,0.67004853,0.6702989,0.0069612278438665,0.0003618884350487,44.4868121835033,0.6591001749038696,0.7145000696182251,3,-0.006807022403893281,-0.027791420683896603,0.663640022277832,2023-04-26,2023-04-24
2023-04-26,0.663640022277832,0.6702989,0.67111874,0.0071441049496186,-0.0001607131422379,42.25431325484116,0.6591001749038696,0.7145000696182251,4,-0.027441165924599584,-0.059542730708092136,0.6608380675315857,2023-04-27,2023-04-25
2023-04-27,0.6608380675315857,0.67111874,0.6695773,0.0070214083458946,-0.0006529217858875,43.31161007537907,0.6591001749038696,0.7074687480926514,5,0.0010394877687441904,-0.05451869366760972,0.6630398035049438,2023-04-28,2023-04-26
2023-04-28,0.6630398035049438,0.6556849,0.65420705,0.0068842461831442,-0.0007794663440922,45.89577397641236,0.6591001749038696,0.6987583041191101,1,0.003759195881210624,-0.0391595715104606,0.6612401008605957,2023-05-01,2023-04-27
2023-05-01,0.6612401008605957,0.65420705,0.65324336,0.0067346093959711,-0.0009237719658085,46.5341748725952,0.6591001749038696,0.6987583041191101,2,0.0014221580602516819,-0.027638224368655026,0.6622801423072815,2023-05-02,2023-04-28
2023-05-02,0.6622801423072815,0.65324336,0.65227854,0.0065747993091454,-0.0008883138420007,47.01482493618594,0.6591001749038696,0.6987583041191101,3,0.01207159133459514,-0.00910701055555569,0.6673001646995544,2023-05-03,2023-05-01
2023-05-03,0.6673001646995544,0.65227854,0.6503354,0.0066346249064109,-0.0004860243256233,47.53702174946611,0.6591001749038696,0.6987583041191101,4,-0.017772523114037694,0.0005200451073577131,0.6641517877578735,2023-05-04,2023-05-02
2023-05-04,0.6641517877578735,0.6503354,0.6487642,0.006550538938567,-0.0003950810951606,34.9792826792642,0.6591001749038696,0.6987583041191101,5,-0.004297160324024852,-0.004805156281834185,0.6696098446846008,2023-05-05,2023-05-03
2023-05-05,0.6696098446846008,0.66254324,0.6614772,0.0066499719305167,4.6091893668662566e-05,48.98891374280042,0.6591001749038696,0.6987583041191101,1,0.004816738162005003,-0.0037521389499391854,0.6747683882713318,2023-05-08,2023-05-04
2023-05-08,0.6747683882713318,0.6614772,0.6619818,0.0067113909431771,0.000664435798496,54.75824011036799,0.6591001749038696,0.6987583041191101,2,0.005568909257022228,0.00038763042482372424,0.6780994534492493,2023-05-09,2023-05-05
2023-05-09,0.6780994534492493,0.6619818,0.6623376,0.0066373668488283,0.0012432726055301,54.57661741998116,0.6591001749038696,0.6987583041191101,3,0.011939282355043677,0.00025527891412603583,0.6766906976699829,2023-05-10,2023-05-08
2023-05-10,0.6766906976699829,0.6623376,0.6632132,0.0064859890097785,0.0014616855769822,56.4115652186904,0.6591001749038696,0.6909002065658569,4,-0.007429275661692721,0.010654856768553432,0.6781914234161377,2023-05-11,2023-05-09
2023-05-11,0.6781914234161377,0.6632132,0.6634546,0.0063450566560836,0.0016250871387622,54.24627853579937,0.6591001749038696,0.6909002065658569,5,-0.015809547951148546,-0.0009134763649813484,0.669989824295044,2023-05-12,2023-05-10
2023-05-12,0.669989824295044,0.67961144,0.68105745,0.0067536543550109,0.0011225592258927,50.65647610412337,0.6591001749038696,0.6909002065658569,1,-0.03468557850457871,-0.03961036829788316,0.6646903157234192,2023-05-15,2023-05-11
2023-05-15,0.6646903157234192,0.68105745,0.6797842,0.0068131136743357,0.0004116290625995,44.643049532685104,0.6591001749038696,0.6909002065658569,2,0.005125463963486874,-0.040036154146678875,0.6703001260757446,2023-05-16,2023-05-12
2023-05-16,0.6703001260757446,0.6797842,0.67965615,0.0069067833498397,0.0003026136017501,56.40642236130255,0.6591001749038696,0.686190128326416,3,0.005634548971556217,-0.04606943116600621,0.6657789945602417,2023-05-17,2023-05-15
2023-05-17,0.6657789945602417,0.67965615,0.6788354,0.0068947152742209,-7.064137392401659e-05,54.6005698612864,0.6591001749038696,0.6812916994094849,4,-0.02245763893263928,-0.06029826048232537,0.6655617952346802,2023-05-18,2023-05-16
2023-05-18,0.6655617952346802,0.6788354,0.67698026,0.0067199246507294,-0.0003151220121486,52.43837782639063,0.6591001749038696,0.6810133457183838,5,0.02392815004955149,-0.022204816254516438,0.6629980802536011,2023-05-19,2023-05-17
2023-05-19,0.6629980802536011,0.6629114,0.66341144,0.0066047377467393,-0.000615104231831,51.67495036595173,0.6591001749038696,0.6788502335548401,1,-0.01656717064687948,-0.004327256921215604,0.666100025177002,2023-05-22,2023-05-18
2023-05-22,0.666100025177002,0.66341144,0.6585836,0.0065268433825333,-0.0005711770778174,53.50188025183681,0.6591001749038696,0.6788502335548401,2,0.011075242204644457,0.0016144334429831172,0.6649687886238098,2023-05-23,2023-05-19
2023-05-23,0.6649687886238098,0.6585836,0.6591756,0.0063744757498747,-0.0005828468492572,47.698618724067245,0.6591001749038696,0.6788502335548401,3,-0.013114515091443305,-0.016989947379504006,0.6613581776618958,2023-05-24,2023-05-22
2023-05-24,0.6613581776618958,0.6591756,0.6623324,0.0063311767675615,-0.0007856514044042,47.26726985863198,0.6591001749038696,0.6788502335548401,4,-0.00888530991358293,-0.0035572612989332613,0.6545102000236511,2023-05-25,2023-05-23
2023-05-25,0.6545102000236511,0.6623324,0.6606848,0.0065915191450405,-0.0013024347089163,35.62043348152051,0.6545102000236511,0.6788502335548401,5,-0.024462668056277986,-0.05062786318863031,0.6498485803604126,2023-05-26,2023-05-24
2023-05-26,0.6498485803604126,0.6525539,0.6522068,0.006616881046628,-0.0018464264055938,26.04182544803565,0.6498485803604126,0.6788502335548401,1,0.0075694084632956645,-0.027434489127555722,0.6526989340782166,2023-05-29,2023-05-25
2023-05-29,0.6526989340782166,0.6522068,0.6525352,0.0065285618329497,-0.0018953498806123,25.351835699726763,0.6498485803604126,0.6788502335548401,2,0.02564247865789359,-0.01316320313384186,0.6528502106666565,2023-05-30,2023-05-26
2023-05-30,0.6528502106666565,0.6525352,0.6552303,0.0063667041976973,-0.0017993384470493,26.28695150047014,0.6498485803604126,0.6788502335548401,3,0.0,-0.000136081588732107,0.6517800092697144,2023-05-31,2023-05-29
2023-05-31,0.6517800092697144,0.6552303,0.6561366,0.0062193826180476,-0.0016913685137844,23.50283323725762,0.6498485803604126,0.6788502335548401,4,-0.0042283548101820076,0.0045310987786865466,0.6506401300430298,2023-06-01,2023-05-30
2023-06-01,0.6506401300430298,0.6561366,0.6542248,0.0060786063064352,-0.001582154892237,27.38278038652864,0.6498485803604126,0.6788502335548401,5,-0.007408443894296499,0.021809513515384894,0.657799482345581,2023-06-02,2023-05-31
2023-06-02,0.657799482345581,0.65213513,0.6531697,0.0064247416382242,-0.0009446432907625,42.28113445136892,0.6498485803604126,0.6788502335548401,1,0.02057994553461066,0.035190663287100125,0.6599997878074646,2023-06-05,2023-06-01
2023-06-05,0.6599997878074646,0.6531697,0.65109056,0.0063129497952951,-0.0003237459128821,37.50771681912354,0.6498485803604126,0.6788502335548401,2,0.0043074591099826285,0.013338784260622932,0.6613494157791138,2023-06-06,2023-06-02
2023-06-06,0.6613494157791138,0.65109056,0.6506789,0.0061767071477961,0.000200639157321,44.18007649633024,0.6498485803604126,0.6788502335548401,3,0.010688134115109844,0.024227571844242925,0.6679089665412903,2023-06-07,2023-06-05
2023-06-07,0.6679089665412903,0.6506789,0.65126514,0.0064236164824232,0.0009690708548782,52.64335070999061,0.6498485803604126,0.6788502335548401,4,0.0011952753285475503,0.029797694861238944,0.665860116481781,2023-06-08,2023-06-06
2023-06-08,0.665860116481781,0.65126514,0.64900726,0.0063006239454542,0.0012986070529858,53.26100096301297,0.6498485803604126,0.6788502335548401,5,-0.0033238208879205174,0.03401263257313856,0.671259880065918,2023-06-09,2023-06-07
2023-06-09,0.671259880065918,0.6637323,0.6647637,0.006410562994324,0.0018081705560824,55.58660371562582,0.6498485803604126,0.6788502335548401,1,0.011124483941375437,0.02428164383448844,0.6744998693466187,2023-06-12,2023-06-08
2023-06-12,0.6744998693466187,0.6647637,0.66228664,0.0063474822800795,0.0022619065885204,59.86871745245698,0.6498485803604126,0.6788502335548401,2,-0.00197744003290699,0.017864324235938003,0.6753101944923401,2023-06-13,2023-06-09
2023-06-13,0.6753101944923401,0.66228664,0.66324466,0.0061984828694919,0.0024966546197157,65.33556959039808,0.6498485803604126,0.6788502335548401,3,-0.010212986332559824,-0.0031893910355502535,0.6769289374351501,2023-06-14,2023-06-12
2023-06-14,0.6769289374351501,0.66324466,0.66142756,0.0060730996004396,0.002627740288836,77.84255782828582,0.6498485803604126,0.6788502335548401,4,0.020583935275454008,0.01632600826471336,0.6796895265579224,2023-06-15,2023-06-13
2023-06-15,0.6796895265579224,0.66142756,0.66003543,0.0059987103998364,0.0027538614742862,88.89712440603275,0.6498485803604126,0.6796895265579224,5,0.009747274464701498,0.029697703396231304,0.688029944896698,2023-06-16,2023-06-14
2023-06-16,0.688029944896698,0.6821566,0.6837168,0.0064635846828959,0.0032200745943213,90.28725148233836,0.6498485803604126,0.688029944896698,1,0.007858378187557228,0.026340087950802935,0.6875999569892883,2023-06-19,2023-06-15
2023-06-19,0.6875999569892883,0.6837168,0.684029,0.0063054719291599,0.0033079650494278,89.37417774043747,0.6498485803604126,0.688029944896698,2,-0.003084460410103486,0.0252045372143775,0.6851379871368408,2023-06-20,2023-06-16
2023-06-20,0.6851379871368408,0.684029,0.6829934,0.006201191239448,0.0030169069624641,86.64153423911335,0.6498485803604126,0.688029944896698,3,0.0,0.035728586651725215,0.6788820624351501,2023-06-21,2023-06-19
2023-06-21,0.6788820624351501,0.6829934,0.68394995,0.0063811170536752,0.0022545915403198,77.88753897784751,0.6498485803604126,0.688029944896698,4,-0.0015458052679607943,0.01305993258268679,0.6798702478408813,2023-06-22,2023-06-20
2023-06-22,0.6798702478408813,0.68394995,0.6837217,0.0062342057224125,0.0016940264976678,74.81856227864867,0.6498485803604126,0.688029944896698,5,0.008344622172603903,0.01163995784443688,0.6760699152946472,2023-06-23,2023-06-21
2023-06-23,0.6760699152946472,0.68118775,0.67853075,0.0062060944279047,0.0009798473722548,67.44316343827232,0.6498485803604126,0.688029944896698,1,-0.005769626410965113,-0.0020531592954239016,0.6680517792701721,2023-06-26,2023-06-22
2023-06-26,0.6680517792701721,0.67853075,0.6772437,0.0066051599768796,-6.457926914173445e-05,56.355027472310105,0.6498485803604126,0.688029944896698,2,-0.021444705405699288,-0.02020852925352061,0.6674498319625854,2023-06-27,2023-06-23
2023-06-27,0.6674498319625854,0.6772437,0.6762862,0.0064436937576692,-0.0007878170576637,49.5092111315987,0.6498485803604126,0.688029944896698,3,-0.005136663843470601,-0.025228484725805553,0.668140172958374,2023-06-28,2023-06-26
2023-06-28,0.668140172958374,0.6762862,0.67572063,0.0062904315531249,-0.0011875601607642,52.51015466589673,0.6498485803604126,0.688029944896698,4,-0.0013213204804728195,-0.025009638786476784,0.6600616574287415,2023-06-29,2023-06-27
2023-06-29,0.6600616574287415,0.67572063,0.67439336,0.006699644051491,-0.0019204891161471,38.35832382170436,0.6498485803604126,0.688029944896698,5,-0.016262717242044696,-0.04870877533380267,0.6619710922241211,2023-06-30,2023-06-28
2023-06-30,0.6619710922241211,0.66208977,0.66402,0.0065661016032247,-0.002182046322669,36.604493591508366,0.6498485803604126,0.688029944896698,1,-0.011624889717818434,-0.05426256063088443,0.6658321619033813,2023-07-03,2023-06-29
2023-07-03,0.6658321619033813,0.66402,0.6623714,0.0065371749012178,-0.0020049234841583,40.486882109487446,0.6498485803604126,0.688029944896698,2,0.017119762454237415,-0.017078312485071433,0.6674097180366516,2023-07-04,2023-06-30
2023-07-04,0.6674097180366516,0.6623714,0.662178,0.0063992140574615,-0.0017032884375686,40.43763681389478,0.6498485803604126,0.688029944896698,3,0.010106497435022531,-0.0019807033640914067,0.6692701578140259,2023-07-05,2023-07-03
2023-07-05,0.6692701578140259,0.662178,0.6597908,0.0062753461495077,-0.0013174886465399,39.34063762997364,0.6498485803604126,0.688029944896698,4,0.0,-0.0006611284288313783,0.6656903028488159,2023-07-06,2023-07-04
2023-07-06,0.6656903028488159,0.6597908,0.6548782,0.0062344052178482,-0.0012433443646136,24.67947115611973,0.6498485803604126,0.688029944896698,5,-0.006770702010279596,0.008869773535351826,0.6628398895263672,2023-07-07,2023-07-05
2023-07-07,0.6628398895263672,0.6613134,0.659925,0.0061548732534778,-0.0013190413889565,23.39579333250504,0.6498485803604126,0.688029944896698,1,-0.008965057989726697,0.011556769262616557,0.6688382029533386,2023-07-10,2023-07-06
2023-07-10,0.6688382029533386,0.659925,0.6585451,0.0063383782318464,-0.0009169764470121,33.72315464803587,0.6498485803604126,0.688029944896698,2,0.012555242100977429,0.006950019600544154,0.667900025844574,2023-07-11,2023-07-07
2023-07-11,0.667900025844574,0.6585451,0.6580124,0.0061910256164633,-0.0006771171152995,37.73031301526586,0.6498485803604126,0.688029944896698,3,0.0011939115667481735,-0.001984634335997325,0.6693798899650574,2023-07-12,2023-07-10
2023-07-12,0.6693798899650574,0.6580124,0.65927386,0.0060634948752387,-0.0003956419110148,38.4070085301189,0.6498485803604126,0.688029944896698,4,-0.004784095677998842,-0.0067478324508565305,0.6792786121368408,2023-07-13,2023-07-11
2023-07-13,0.6792786121368408,0.65927386,0.66077584,0.0067671308238982,0.0004353355214322,53.12477870044776,0.6498485803604126,0.688029944896698,5,0.023304332366448292,0.023578000066059764,0.6888617873191833,2023-07-14,2023-07-12
2023-07-14,0.6888617873191833,0.68451357,0.68514466,0.0073066920100888,0.0015460394053269,69.66628588423764,0.6498485803604126,0.6888617873191833,1,0.0225191512031186,0.056317223864340855,0.6837793588638306,2023-07-17,2023-07-13
2023-07-17,0.6837793588638306,0.68514466,0.6843984,0.007303554184947,0.001834397177672,64.22722513959053,0.6498485803604126,0.6888617873191833,2,-0.0019105072686509909,0.041146794010585866,0.6810500025749207,2023-07-18,2023-07-14
2023-07-18,0.6810500025749207,0.6843984,0.68458027,0.0071684287629633,0.0017381947541031,60.86186404553547,0.6498485803604126,0.6888617873191833,3,-0.02321484567832466,0.01604133760183599,0.6814821362495422,2023-07-19,2023-07-17
2023-07-19,0.6814821362495422,0.68458027,0.68492514,0.0069867451578695,0.001603797746125,70.68374887768493,0.6498485803604126,0.6888617873191833,4,-0.004184115000889452,0.016651125683782075,0.6769999265670776,2023-07-20,2023-07-18
2023-07-20,0.6769999265670776,0.68492514,0.681609,0.0069626504158097,0.0011352291341046,63.825029827701165,0.6498485803604126,0.6888617873191833,5,-0.004333273471702537,-0.011061951845156256,0.6778190732002258,2023-07-21,2023-07-19
2023-07-21,0.6778190732002258,0.6805692,0.68409836,0.0067929198720524,0.0008175041338628,61.68046473969908,0.6498485803604126,0.6888617873191833,1,0.004726311972921368,-0.028502350329623765,0.6725800037384033,2023-07-24,2023-07-20
2023-07-24,0.6725800037384033,0.68409836,0.68144095,0.00683927034465,0.0002224962013171,54.70254223413448,0.6498485803604126,0.6888617873191833,2,-0.0038055661640326076,-0.030341652249292708,0.6733009219169617,2023-07-25,2023-07-21
2023-07-25,0.6733009219169617,0.68144095,0.68159443,0.0066729193919681,-0.0001352706285633,53.74371250059512,0.6498485803604126,0.6888617873191833,3,0.009812374827090159,0.0022181887119131455,0.6787599325180054,2023-07-26,2023-07-24
2023-07-26,0.6787599325180054,0.68159443,0.68189794,0.0067550619770694,-2.290230453312484e-05,61.72943849844015,0.6498485803604126,0.6888617873191833,4,0.015886632740097148,0.022536678724215796,0.6759999394416809,2023-07-27,2023-07-25
2023-07-27,0.6759999394416809,0.68189794,0.68044996,0.0066461338744024,-0.0001462183219024,61.82978618525039,0.6498485803604126,0.6888617873191833,5,-0.002951527767644946,0.023950540961372488,0.6711859703063965,2023-07-28,2023-07-26
2023-07-28,0.6711859703063965,0.6794679,0.6801176,0.006668572728944,-0.0005415389815836,52.15636123553493,0.6498485803604126,0.6888617873191833,1,-0.006964162724217499,0.012049771430441484,0.6660805344581604,2023-07-31,2023-07-27
2023-07-31,0.6660805344581604,0.6801176,0.6786123,0.0067157583518,-0.0011039899670636,48.44767685479376,0.6498485803604126,0.6888617873191833,2,0.013752529805071608,0.029976356249394237,0.6716818809509277,2023-08-01,2023-07-28
2023-08-01,0.6716818809509277,0.6786123,0.68002063,0.0068132758154729,-0.0010559123403803,51.83493081891289,0.6498485803604126,0.6888617873191833,3,0.019592326557728506,0.04009889357765986,0.6617608070373535,2023-08-02,2023-07-31
2023-08-02,0.6617608070373535,0.68002063,0.6799049,0.0074135993869584,-0.0016158854854487,36.04142642468639,0.6498485803604126,0.6888617873191833,4,-0.02560987630344337,-0.002178334410962627,0.6544999480247498,2023-08-03,2023-08-01
2023-08-03,0.6544999480247498,0.6799049,0.6813765,0.0076235698005521,-0.0023541667266597,21.56745538550163,0.6498485803604126,0.6888617873191833,5,-0.01709664310155804,-0.01619328175002482,0.6561206579208374,2023-08-04,2023-08-02
2023-08-04,0.6561206579208374,0.6532525,0.65201014,0.0074462006857699,-0.0025933395045574,25.723173572120643,0.6498485803604126,0.6888617873191833,1,0.012591799371307437,0.003235358841086416,0.657371461391449,2023-08-07,2023-08-03
2023-08-07,0.657371461391449,0.65201014,0.6474893,0.0072669885624936,-0.0025248387533519,28.6628596473136,0.6498485803604126,0.6888617873191833,2,-0.008030064930524057,-0.01838142090532226,0.6572591066360474,2023-08-08,2023-08-04
2023-08-08,0.6572591066360474,0.6474893,0.64811623,0.0070807331895048,-0.0023483240724583,28.045685416299776,0.6498485803604126,0.6888617873191833,3,-0.008357339027301281,-0.045437466914907694,0.6531601548194885,2023-08-09,2023-08-07
2023-08-09,0.6531601548194885,0.64811623,0.64715147,0.0070357407379991,-0.0023624245497101,28.24188868228964,0.6498485803604126,0.6888617873191833,4,-0.01719393193101052,-0.037370021768439385,0.6536802053451538,2023-08-10,2023-08-08
2023-08-10,0.6536802053451538,0.64715147,0.6492611,0.0068606873186975,-0.0021951013628736,27.847968327281837,0.6498485803604126,0.6888617873191833,5,0.005189291827776515,-0.015676075650851443,0.6512498259544373,2023-08-11,2023-08-09
2023-08-11,0.6512498259544373,0.6471425,0.6499493,0.0067372150011949,-0.0021061231605812,29.36156322486063,0.6498485803604126,0.6888617873191833,1,-0.004389179490860506,-0.032249742605117926,0.6495404839515686,2023-08-14,2023-08-10
2023-08-14,0.6495404839515686,0.6499493,0.6514115,0.0065936285435604,-0.0020200992588746,27.44159989134863,0.6495404839515686,0.6888617873191833,2,-0.009778385518049592,-0.03394020214050885,0.6488400101661682,2023-08-15,2023-08-11
2023-08-15,0.6488400101661682,0.6514115,0.6554108,0.0064345699101141,-0.0018714487430424,18.77209244455504,0.6488400101661682,0.6888617873191833,3,0.0026885324997722154,-0.023210077033650276,0.6457903981208801,2023-08-16,2023-08-14
2023-08-16,0.6457903981208801,0.6554108,0.65768677,0.0063601764788292,-0.0018369886899186,18.65928586269329,0.6457903981208801,0.6888617873191833,4,-0.017059705490878745,-0.02307895719985653,0.6414697170257568,2023-08-17,2023-08-15
2023-08-17,0.6414697170257568,0.65768677,0.65980357,0.0063767073663522,-0.0019528372480136,18.852241886873543,0.6414697170257568,0.6888617873191833,5,-0.0027348548463458165,-0.0307896322247001,0.6406888961791992,2023-08-18,2023-08-16
2023-08-18,0.6406888961791992,0.65154296,0.65380794,0.0062261452026448,-0.0019264668364017,20.731759264475727,0.6406888961791992,0.6888617873191833,1,0.009268137866743572,-0.01746201606144195,0.6414697170257568,2023-08-21,2023-08-17
2023-08-21,0.6414697170257568,0.65380794,0.6520364,0.0060827297763104,-0.0017082875781894,10.821360441999872,0.6406888961791992,0.6888617873191833,2,0.003656304592353999,-0.00417285472378181,0.6414080262184143,2023-08-22,2023-08-18
2023-08-22,0.6414080262184143,0.6520364,0.6495777,0.0059368461374217,-0.0014311971606716,14.539166917636791,0.6406888961791992,0.6888617873191833,3,0.0035083052685989068,-0.003356168044612107,0.6427999138832092,2023-08-23,2023-08-21
2023-08-23,0.6427999138832092,0.6495777,0.65644187,0.0058177576555605,-0.0010356819372585,24.37415143603133,0.6406888961791992,0.6888617873191833,4,0.010318368615644781,0.02430697451997884,0.6480587720870972,2023-08-24,2023-08-22
2023-08-24,0.6480587720870972,0.65644187,0.6542426,0.0059713358979783,-0.0003375323468605,34.76977195645418,0.6406888961791992,0.6888617873191833,5,0.014032524141701211,0.04162671531280616,0.6413956880569458,2023-08-25,2023-08-23
2023-08-25,0.6413956880569458,0.6480426,0.64872307,0.0062581169433872,-0.0002463567504559,24.94311393479556,0.6406888961791992,0.6888617873191833,1,-0.009510047638679794,0.02224936080465751,0.6416714191436768,2023-08-28,2023-08-24
2023-08-28,0.6416714191436768,0.64872307,0.6486149,0.0061082055823336,-9.7019802580851e-05,25.676454940827625,0.6406888961791992,0.6888617873191833,2,-0.001992676402528614,0.016490973416875446,0.6428180932998657,2023-08-29,2023-08-25
2023-08-29,0.6428180932998657,0.6486149,0.6473153,0.0059768874742603,0.0001367457438143,32.22409133471707,0.6406888961791992,0.6888617873191833,3,-0.0015970304193956549,0.011314670399150616,0.647659957408905,2023-08-30,2023-08-28
2023-08-30,0.647659957408905,0.6473153,0.6506534,0.0060750254039974,0.0006466818428292,40.99086804422014,0.6406888961791992,0.6888617873191833,4,0.010335333734980575,0.011331827618756833,0.6478782296180725,2023-08-31,2023-08-29
2023-08-31,0.6478782296180725,0.6506534,0.65433294,0.0059310048988191,0.0010064438487474,44.59676833904548,0.6406888961791992,0.6888617873191833,5,-0.002111348615072487,-0.004863902072552222,0.6488408446311951,2023-09-01,2023-08-30
2023-09-01,0.6488408446311951,0.6527392,0.65457314,0.0058016449899982,0.0012984286533535,48.85128337619735,0.6406888961791992,0.6888617873191833,1,-0.0033079877942261316,0.0013271704159714907,0.6452862024307251,2023-09-04,2023-08-31
2023-09-04,0.6452862024307251,0.65457314,0.6530614,0.0057917318107169,0.0012413855115193,44.66511453947098,0.6406888961791992,0.6888617873191833,2,0.010547220161808302,0.013962768529229388,0.6458100080490112,2023-09-05,2023-09-01
2023-09-05,0.6458100080490112,0.6530614,0.6523226,0.0056599862278119,0.0012260163535136,50.031853485584605,0.6406888961791992,0.6888617873191833,3,0.0,0.0155833916624755,0.6375396251678467,2023-09-06,2023-09-04
2023-09-06,0.6375396251678467,0.6523226,0.6517177,0.0062169079801047,0.0006735544133969,44.34212242488313,0.6375396251678467,0.6888617873191833,4,-0.0003934915141578225,0.0047456171807207185,0.6383001804351807,2023-09-07,2023-09-05
2023-09-07,0.6383001804351807,0.6517177,0.65083563,0.0060747236640638,0.0003882122984351,46.559125752122426,0.6375396251678467,0.6888617873191833,5,-0.0165358614550924,-0.009643322664233506,0.6377400159835815,2023-09-08,2023-09-06
2023-09-08,0.6377400159835815,0.64134,0.64167786,0.0059331000640325,0.0002000837587055,44.59310464011061,0.6375396251678467,0.6888617873191833,1,-0.006020497844491621,-0.0123260350178588,0.6397993564605713,2023-09-11,2023-09-07
2023-09-11,0.6397993564605713,0.64167786,0.63960963,0.0058405969622157,0.0002494634670545,47.79561066052453,0.6375396251678467,0.6888617873191833,2,-0.01228667031147108,-0.034622942815061473,0.643200159072876,2023-09-12,2023-09-08
2023-09-12,0.643200159072876,0.63960963,0.6396886,0.0058289164073432,0.000530160579965,50.51984225903396,0.6375396251678467,0.6888617873191833,3,0.0240263755923222,-0.011147545986488218,0.6428180932998657,2023-09-13,2023-09-11
2023-09-13,0.6428180932998657,0.6396886,0.63833547,0.0056942499779877,0.0006985061881202,42.2060101054871,0.6375396251678467,0.6888617873191833,4,-0.004785940347257476,-0.015481504480623815,0.6421617865562439,2023-09-14,2023-09-12
2023-09-14,0.6421617865562439,0.63833547,0.6393709,0.0055667598522282,0.0007685136397844,51.38719502323684,0.6375396251678467,0.6888617873191833,5,0.0010655164645383217,0.0020007824530545656,0.6432398557662964,2023-09-15,2023-09-13
2023-09-15,0.6432398557662964,0.6447536,0.64251095,0.005454058576909,0.0008821469572942,52.75981994151875,0.6375396251678467,0.6888617873191833,1,0.007030601726295184,0.01516370289001577,0.6440501809120178,2023-09-18,2023-09-14
2023-09-18,0.6440501809120178,0.64251095,0.64224184,0.0053392648994062,0.0009980698840261,52.19394978889429,0.6375396251678467,0.6888617873191833,2,-0.005035805340189019,0.022551268577280258,0.643960177898407,2023-09-19,2023-09-15
2023-09-19,0.643960177898407,0.64224184,0.64405835,0.0052195952286703,0.0010496193791362,42.06986774595777,0.6375396251678467,0.6888617873191833,3,-0.005862794874404328,-0.0075597029848361984,0.646600067615509,2023-09-20,2023-09-18
2023-09-20,0.646600067615509,0.64405835,0.64616555,0.0051890760477511,0.001229941626377,47.518032574375695,0.6375396251678467,0.6888617873191833,4,-0.007377114694002764,-0.010127959985331293,0.6436100006103516,2023-09-21,2023-09-19
2023-09-21,0.6436100006103516,0.64616555,0.64604735,0.0051749020350388,0.0011194293785745,40.58402054887116,0.6375396251678467,0.6888617873191833,5,0.008712615559420978,-0.0025292935561095522,0.6409598588943481,2023-09-22,2023-09-20
2023-09-22,0.6409598588943481,0.6449165,0.6439694,0.0051402527295775,0.0008515627701573,41.95006609942418,0.6375396251678467,0.6888617873191833,1,-0.0215845213732607,-0.030667531045628558,0.6440999507904053,2023-09-25,2023-09-21
2023-09-25,0.6440999507904053,0.6439694,0.6420363,0.0051497128251999,0.0008666898054825,47.10043862308734,0.6375396251678467,0.6888617873191833,2,-0.00027282213398609857,-0.026039604154837446,0.6422001123428345,2023-09-26,2023-09-22
2023-09-26,0.6422001123428345,0.6420363,0.6419762,0.0050769511600037,0.0007347868483056,60.079927807141935,0.6375396251678467,0.6888617873191833,3,-0.004374588745683959,-0.024589071246342516,0.6393861770629883,2023-09-27,2023-09-25
2023-09-27,0.6393861770629883,0.6419762,0.6417319,0.0050582888273184,0.000457632659049,52.15723419370117,0.6375396251678467,0.6888617873191833,4,-0.006735854335471202,-0.023963378289850734,0.634759783744812,2023-09-28,2023-09-26
2023-09-28,0.634759783744812,0.6417319,0.643202,0.0052007280452701,-1.274318308825892e-05,44.903367854521726,0.634759783744812,0.6888617873191833,5,0.0005515977620020256,-0.03189641567116119,0.6427974700927734,2023-09-29,2023-09-27
2023-09-29,0.6427974700927734,0.6341218,0.6346029,0.0058166555809281,0.0002286522879641,54.25679563995803,0.634759783744812,0.6888617873191833,1,0.018439332917652356,0.0076366772754749256,0.6437202095985413,2023-10-02,2023-09-28
2023-10-02,0.6437202095985413,0.6346029,0.6332436,0.0056915808055363,0.0004489374488708,50.79427213720653,0.634759783744812,0.6888617873191833,2,0.008490072133495771,0.01650529155265818,0.6362699270248413,2023-10-03,2023-09-29
2023-10-03,0.6362699270248413,0.6332436,0.63248,0.0061213586412748,0.0001090734367521,41.774852881721394,0.634759783744812,0.6888617873191833,3,-0.025551838783158306,-0.004795156656592168,0.6308901309967041,2023-10-04,2023-10-02
2023-10-04,0.6308901309967041,0.63248,0.6322802,0.0062584712784827,-0.0004321799781342,37.34354022410006,0.6308901309967041,0.6888617873191833,4,-0.004553301089427976,-0.002620697021484375,0.6329101920127869,2023-10-05,2023-10-03
2023-10-05,0.6329101920127869,0.6322802,0.6330689,0.0061509477077488,-0.000598060355989,38.6415443561971,0.6308901309967041,0.6888617873191833,5,-0.0087506252678274,-0.011855522946193589,0.6371049880981445,2023-10-06,2023-10-04
2023-10-06,0.6371049880981445,0.63291484,0.6336277,0.0061855235445895,-0.0003798188508352,42.89213981843759,0.6308901309967041,0.6837793588638306,1,-0.010377369546376294,-0.039924222321116046,0.6371999979019165,2023-10-09,2023-10-05
2023-10-09,0.6371999979019165,0.6336277,0.6333782,0.0060372334980741,-0.0001930308700683,43.08219487232036,0.6308901309967041,0.6814821362495422,2,0.021614201324313763,-0.02724101782335615,0.6420900225639343,2023-10-10,2023-10-06
2023-10-10,0.6420900225639343,0.6333782,0.6355113,0.0061392775771851,0.0002706975189879,45.58797804776221,0.6308901309967041,0.6814821362495422,3,0.004953880384421103,0.0028909565836614123,0.643347442150116,2023-10-11,2023-10-09
2023-10-11,0.643347442150116,0.6355113,0.6365834,0.0060098166402912,0.0006512560383893,49.734135333263325,0.6308901309967041,0.6787599325180054,4,-0.002886785805103314,0.0045636831163507734,0.6418097615242004,2023-10-12,2023-10-10
2023-10-12,0.6418097615242004,0.6365834,0.63698757,0.0058898913820813,0.0007798746784094,50.88044062166183,0.6308901309967041,0.6787599325180054,5,-0.0049682374726279415,0.008370527473150303,0.6316800117492676,2023-10-13,2023-10-11
2023-10-13,0.6316800117492676,0.6433238,0.6446692,0.0067366031286323,0.0001937366086833,38.76133725696632,0.6308901309967041,0.6787599325180054,1,-0.00554939837534599,0.013250682453870887,0.6312999725341797,2023-10-16,2023-10-12
2023-10-16,0.6312999725341797,0.6446692,0.64438605,0.0065688683348597,-0.0001879086075032,39.85762045580089,0.6308901309967041,0.6787599325180054,2,-0.003903037387205174,-0.012277586450168083,0.6337798237800598,2023-10-17,2023-10-13
2023-10-17,0.6337798237800598,0.64438605,0.6439849,0.0064688394685993,-0.0002384353821849,44.75075591927485,0.6308901309967041,0.6787599325180054,3,0.0019533896712972216,-0.015236796617722292,0.6362699270248413,2023-10-18,2023-10-16
2023-10-18,0.6362699270248413,0.6439849,0.6445577,0.0063734173092725,-7.757713445539832e-05,51.47287254327465,0.6308901309967041,0.6759999394416809,4,-0.00321113906573755,-0.015556155978267148,0.6332400441169739,2023-10-19,2023-10-17
2023-10-19,0.6332400441169739,0.6445577,0.64326835,0.0063042907920219,-0.0001447551116248,39.66930860707332,0.6308901309967041,0.6716818809509277,5,0.0018162787238428498,-0.00885447264074299,0.6326999664306641,2023-10-20,2023-10-18
2023-10-20,0.6326999664306641,0.6339067,0.6339217,0.0061545651783148,-0.0001921167174142,37.988776731271706,0.6308901309967041,0.6716818809509277,1,0.002648646316544683,-0.0006956196856256845,0.6320393085479736,2023-10-23,2023-10-19
2023-10-23,0.6320393085479736,0.6339217,0.63393736,0.0060117002151026,-0.0002318323054683,44.58794644218745,0.6308901309967041,0.6716818809509277,2,-0.013878399770406624,-0.010614488604124455,0.6336702108383179,2023-10-24,2023-10-20
2023-10-24,0.6336702108383179,0.63393736,0.6330709,0.0059002379789141,-0.0001179031515214,53.93374985662332,0.6308901309967041,0.6617608070373535,3,0.008714011252535694,-0.003902966094710328,0.6360999345779419,2023-10-25,2023-10-23
2023-10-25,0.6360999345779419,0.6330709,0.63683033,0.0058280032265317,0.0001376028394415,54.46168776272808,0.6308901309967041,0.657371461391449,4,0.010302177055933804,0.009648967568538589,0.6296999454498291,2023-10-26,2023-10-24
2023-10-26,0.6296999454498291,0.63683033,0.6338236,0.006107850019569,-9.535286930784917e-05,40.24397139060866,0.6296999454498291,0.657371461391449,5,-0.010582072795597842,-0.00279173378429189,0.6335999369621277,2023-10-27,2023-10-25
2023-10-27,0.6335999369621277,0.6305471,0.6342404,0.0061226266022599,3.5283045147587594e-05,45.68917894628657,0.6296999454498291,0.657371461391449,1,-0.0009803193019683053,-0.0064040099196466665,0.6338903307914734,2023-10-30,2023-10-26
2023-10-30,0.6338903307914734,0.6342404,0.63046086,0.0059787726657651,0.0001565264859418,38.96599516829167,0.6296999454498291,0.6572591066360474,2,0.01818863610653167,0.025974027722385735,0.637100100517273,2023-10-31,2023-10-27
2023-10-31,0.637100100517273,0.63046086,0.6286288,0.0059486814487475,0.0004514781186895,42.01287231172759,0.6296999454498291,0.6536802053451538,3,0.004256155347682994,0.02141056253706744,0.6339948177337646,2023-11-01,2023-10-30
2023-11-01,0.6339948177337646,0.6286288,0.6264262,0.0059050717240851,0.0004358039209067,40.39376528529374,0.6296999454498291,0.6536802053451538,4,-0.002194459013838501,0.008725790029044262,0.642259955406189,2023-11-02,2023-10-31
2023-11-02,0.642259955406189,0.6264262,0.6297655,0.0064488942746058,0.0009508975225502,63.62980185946795,0.6296999454498291,0.6512498259544373,5,0.0009606765995697496,0.020436717155070994,0.6427900195121765,2023-11-03,2023-11-01
2023-11-03,0.6427900195121765,0.642687,0.64421225,0.0062953856617538,0.0012758624281747,64.74526176012091,0.6296999454498291,0.6495404839515686,1,0.006017543945370837,0.02760263757690561,0.6516865491867065,2023-11-06,2023-11-02
2023-11-06,0.6516865491867065,0.64421225,0.6428896,0.006866008518427,0.0019956434916486,69.73040422946836,0.6296999454498291,0.6516865491867065,2,0.0020431616991153164,0.011144723421003443,0.6489419341087341,2023-11-07,2023-11-03
2023-11-07,0.6489419341087341,0.6428896,0.63996816,0.0067562487594182,0.0021776964238108,63.88469099197357,0.6296999454498291,0.6516865491867065,3,0.00948005082811503,0.016440658433805024,0.6430099010467529,2023-11-08,2023-11-06
2023-11-08,0.6430099010467529,0.63996816,0.6370932,0.0068900122392726,0.0018047912852572,60.064719355016976,0.6296999454498291,0.6516865491867065,4,-0.01070543384542201,0.007826467153232814,0.6405698657035828,2023-11-09,2023-11-07
2023-11-09,0.6405698657035828,0.6370932,0.63760346,0.0067672382580547,0.0013223351349233,57.80200221943578,0.6296999454498291,0.6516865491867065,5,-0.011510144819098731,-0.004663912218007072,0.6361699104309082,2023-11-10,2023-11-08
2023-11-10,0.6361699104309082,0.6393364,0.6388959,0.0067686558662896,0.0006684143009587,53.812317360842165,0.6296999454498291,0.6516865491867065,1,0.0019275703259737918,-0.008726496964047948,0.6364598870277405,2023-11-13,2023-11-09
2023-11-13,0.6364598870277405,0.6388959,0.6393833,0.0066016971183751,0.0002390793797644,52.640063898989055,0.6296999454498291,0.6516865491867065,2,-0.014269157458469892,-0.02476529606533104,0.6381002068519592,2023-11-14,2023-11-10
2023-11-14,0.6381002068519592,0.6393833,0.63599044,0.0064669057417311,5.864784361027072e-05,51.92170920397868,0.6296999454498291,0.6516865491867065,3,0.021805997400871528,-0.012670216689994464,0.6499837636947632,2023-11-15,2023-11-13
2023-11-15,0.6499837636947632,0.63599044,0.63781476,0.0075317148609665,0.0006972484325714,67.62962180128767,0.6296999454498291,0.6516865491867065,4,0.005445889973388243,0.003405942508251873,0.6511502265930176,2023-11-16,2023-11-14
2023-11-16,0.6511502265930176,0.63781476,0.6358188,0.0073477807167522,0.0011301969234827,66.01475264143207,0.6296999454498291,0.6516865491867065,5,0.009459553378394794,0.024669225438631367,0.6470816731452942,2023-11-17,2023-11-15
2023-11-17,0.6470816731452942,0.6498596,0.6522639,0.007289445856169,0.0010748883275211,61.26073594659502,0.6296999454498291,0.6516865491867065,1,-0.003503105593846559,0.019119661530883528,0.6513597369194031,2023-11-20,2023-11-16
2023-11-20,0.6513597369194031,0.6522639,0.6533276,0.0072563840319754,0.0012466607405643,61.95464135126519,0.6296999454498291,0.6516865491867065,2,0.008868639896387446,0.04297475870056515,0.6564001441001892,2023-11-21,2023-11-17
2023-11-21,0.6564001441001892,0.6533276,0.65473497,0.0072801731644186,0.0015975681202689,68.19331525774174,0.6296999454498291,0.6564001441001892,3,0.01986821597491017,0.040955658504646573,0.6559097170829773,2023-11-22,2023-11-20
2023-11-22,0.6559097170829773,0.65473497,0.6540827,0.0070957973415498,0.0016857525835849,62.68541629968392,0.6296999454498291,0.6564001441001892,4,0.0005244771158837516,0.03584527141973299,0.6542789936065674,2023-11-23,2023-11-21
2023-11-23,0.6542789936065674,0.6540827,0.65142345,0.0069371421134631,0.001528031410196,60.46323025696535,0.6296999454498291,0.6564001441001892,5,-0.012663431778597542,0.013180907914631196,0.6560100317001343,2023-11-24,2023-11-22
2023-11-24,0.6560100317001343,0.65342706,0.6468866,0.0067908793716644,0.0014355064292704,54.52851862950754,0.6296999454498291,0.6564001441001892,1,0.003313248705167273,0.0201106990764907,0.658129870891571,2023-11-27,2023-11-23
2023-11-27,0.658129870891571,0.6468866,0.648889,0.0066632870416862,0.0014102360393412,59.75128985650267,0.6296999454498291,0.658129870891571,2,0.0046201451544259815,0.015785957461276718,0.661250114440918,2023-11-28,2023-11-24
2023-11-28,0.661250114440918,0.648889,0.64493877,0.0065862651024963,0.0014890734955081,70.58733302476777,0.6296999454498291,0.661250114440918,3,-0.008995938382002399,-0.013114741591156507,0.6658999919891357,2023-11-29,2023-11-27
2023-11-29,0.6658999919891357,0.64493877,0.6452068,0.0066135712301987,0.0017232547115779,77.23116395125459,0.6296999454498291,0.6658999919891357,4,0.010180578370415694,-0.0035391204282871373,0.6619009971618652,2023-11-30,2023-11-28
2023-11-30,0.6619009971618652,0.6452068,0.6435061,0.006583813850056,0.0014866477448066,77.90276793886025,0.6296999454498291,0.6658999919891357,5,-0.0039541648051622256,0.005177224793810262,0.6606799960136414,2023-12-01,2023-11-29
2023-12-01,0.6606799960136414,0.6600563,0.6646541,0.0064348808936149,0.0011412598896545,75.7444322801042,0.6296999454498291,0.6658999919891357,1,0.011293615185232465,0.01323100072396232,0.6682884097099304,2023-12-04,2023-11-30
2023-12-04,0.6682884097099304,0.6646541,0.66054213,0.0067762809966286,0.001306667549307,78.47535195430217,0.6296999454498291,0.6682884097099304,2,0.020677894818539374,0.029632543995026277,0.6617100238800049,2023-12-05,2023-12-01
2023-12-05,0.6617100238800049,0.66054213,0.6579409,0.00695540070305,0.000875214436574,62.291050762575686,0.6296999454498291,0.6682884097099304,3,-0.022900289170939624,0.015415242148678267,0.6554699540138245,2023-12-06,2023-12-04
2023-12-06,0.6554699540138245,0.6579409,0.66278476,0.0070923846636907,0.0001118737836363,54.09250820218311,0.6296999454498291,0.6682884097099304,4,-0.012643355374770926,-0.007498047677441814,0.6551401019096375,2023-12-07,2023-12-05
2023-12-07,0.6551401019096375,0.66278476,0.66519743,0.0069145271105306,-0.0004425506641423,58.2166255424147,0.6296999454498291,0.6682884097099304,5,-0.014955544784657965,-0.018357096998765914,0.6594479084014893,2023-12-08,2023-12-06
2023-12-08,0.6594479084014893,0.6559124,0.65629566,0.0069005092837618,-0.0005399934365462,58.24195313705268,0.6296999454498291,0.6682884097099304,1,0.01813137003665527,-0.011621862778246046,0.6579799652099609,2023-12-11,2023-12-07
2023-12-11,0.6579799652099609,0.65629566,0.6564833,0.0067454637570721,-0.0007132649342026,51.736272604952624,0.6296999454498291,0.6682884097099304,2,0.009336658119057371,-0.02276796839919933,0.6565001010894775,2023-12-12,2023-12-08
2023-12-12,0.6565001010894775,0.6564833,0.656649,0.0065966702208435,-0.0009241163203491,50.63503929485955,0.6296999454498291,0.6682884097099304,3,-0.010526403080123783,-0.010600687529182173,0.6564600467681885,2023-12-13,2023-12-11
2023-12-13,0.6564600467681885,0.656649,0.6558681,0.0064357421152217,-0.0010534773287304,52.42914764746025,0.6296999454498291,0.6682884097099304,4,0.0015860542510079912,0.003578522218146465,0.6665000319480896,2023-12-14,2023-12-12
2023-12-14,0.6665000319480896,0.6558681,0.6530865,0.0071271491428987,-0.0004792947691568,59.85859081523706,0.6296999454498291,0.6682884097099304,5,0.0,0.018700381719912295,0.6702682375907898,2023-12-15,2023-12-13
2023-12-15,0.6702682375907898,0.6663184,0.6684444,0.0070620507141874,0.0001065977620291,61.06491553308803,0.6296999454498291,0.6702682375907898,1,0.026713416462568893,0.027480537653599736,0.6698910593986511,2023-12-18,2023-12-14
2023-12-18,0.6698910593986511,0.6684444,0.66900915,0.0068861743489681,0.0004043247521066,58.29143889245396,0.6296999454498291,0.6702682375907898,2,-0.0009004914113787476,0.017015722082822246,0.6703715920448303,2023-12-19,2023-12-15
2023-12-19,0.6703715920448303,0.66900915,0.66979223,0.0067180187207829,0.000559643386957,54.663913034288186,0.6296999454498291,0.6703715920448303,3,-0.009569435673899764,0.01798943881375036,0.6762998700141907,2023-12-20,2023-12-18
2023-12-20,0.6762998700141907,0.66979223,0.66728497,0.0068398696821397,0.0009639480032846,64.43711086860641,0.6296999454498291,0.6762998700141907,4,0.012396816590175663,0.029054383176943418,0.6739816665649414,2023-12-21,2023-12-19
2023-12-21,0.6739816665649414,0.66728497,0.6662269,0.0067119184927472,0.000974649681735,63.04986743418783,0.6296999454498291,0.6762998700141907,5,0.0014107288714222278,0.030507124376599574,0.6796802878379822,2023-12-22,2023-12-20
2023-12-22,0.6796802878379822,0.67675966,0.677831,0.0068102451423331,0.001247481265648,61.611336976887166,0.6296999454498291,0.6796802878379822,1,0.0017925663016952,0.005143366607700988,0.6808788776397705,2023-12-25,2023-12-21
2023-12-25,0.6808788776397705,0.677831,0.6795436,0.0066547979351859,0.0013802837557982,71.94478865858386,0.6296999454498291,0.6808788776397705,2,-0.0033316308647010615,0.002702690926488464,0.6806008219718933,2023-12-26,2023-12-22
2023-12-26,0.6806008219718933,0.6795436,0.6790776,0.0064927847606428,0.0013209749867696,83.31842420525919,0.6296999454498291,0.6808788776397705,3,0.0,0.012344047422991241,0.6823800802230835,2023-12-27,2023-12-25
2023-12-27,0.6823800802230835,0.6790776,0.6781641,0.0063633962461118,0.0012726458648309,84.77807253450709,0.6296999454498291,0.6823800802230835,4,0.0,-0.00012832745691085886,0.6854700446128845,2023-12-28,2023-12-26
2023-12-28,0.6854700446128845,0.6781641,0.6802967,0.0062927322947001,0.0013144776517707,84.2895224212112,0.6296999454498291,0.6854700446128845,5,0.012246637907082969,0.010765104564100873,0.6826302409172058,2023-12-29,2023-12-27
2023-12-29,0.6826302409172058,0.6816454,0.6788053,0.0062078424232188,0.0010292077516379,81.34843691017444,0.6296999454498291,0.6854700446128845,1,-0.007764293971769715,0.0011513753949217605,0.6820491552352905,2024-01-01,2023-12-28
2024-01-01,0.6820491552352905,0.6788053,0.6742716,0.006062733305836,0.0006956715048198,83.25157010227386,0.6296999454498291,0.6854700446128845,2,-0.008340339060424478,-0.003850562623176049,0.6810504198074341,2024-01-02,2023-12-29
2024-01-02,0.6810504198074341,0.6742716,0.6773633,0.0059278786512614,0.000321128361015,81.22468318024667,0.6296999454498291,0.6854700446128845,3,0.0,-0.003850562623176049,0.6765698194503784,2024-01-03,2024-01-01
2024-01-03,0.6765698194503784,0.6773633,0.6767289,0.0059664753533339,-0.0002824193428862,64.88859747918859,0.6296999454498291,0.6854700446128845,4,-0.002967966591667373,-0.006802717757627788,0.6736002564430237,2024-01-04,2024-01-02
2024-01-04,0.6736002564430237,0.6767289,0.6782438,0.0059045892315475,-0.0009007891361376,55.04568938439376,0.6296999454498291,0.6854700446128845,5,-0.005572455833696384,-0.024343845596417543,0.6706593036651611,2024-01-05,2024-01-03
2024-01-05,0.6706593036651611,0.67370254,0.67417514,0.0058447018938924,-0.0014921542428125,51.07953317665347,0.6296999454498291,0.6854700446128845,1,-0.0042977199205602975,-0.020955792212577862,0.6716412901878357,2024-01-08,2024-01-04
2024-01-08,0.6716412901878357,0.67417514,0.6739176,0.0057194489912171,-0.0017818392562225,51.75937917090641,0.6296999454498291,0.6854700446128845,2,-0.009573209599656254,-0.022162083219848337,0.6720001101493835,2024-01-09,2024-01-05
2024-01-09,0.6720001101493835,0.6739176,0.6745298,0.0055896219510108,-0.0019029591266105,42.95450283624771,0.6296999454498291,0.6854700446128845,3,0.0013167965968514327,-0.0208736214438968,0.6684702038764954,2024-01-10,2024-01-08
2024-01-10,0.6684702038764954,0.6745298,0.6744473,0.0055821374227419,-0.0021559085219846,41.31394979643905,0.6296999454498291,0.6854700446128845,4,-0.013513687151423264,-0.031144960099858503,0.6703999042510986,2024-01-11,2024-01-09
2024-01-11,0.6703999042510986,0.6744473,0.67435086,0.0054947828766578,-0.0021248929911497,33.40241045025914,0.6296999454498291,0.6854700446128845,5,0.008632709208340604,-0.017283998813949042,0.6698498129844666,2024-01-12,2024-01-10
2024-01-12,0.6698498129844666,0.6708272,0.67269224,0.0053731206539248,-0.0020709310796086,29.80655271836756,0.6296999454498291,0.6854700446128845,1,-0.001190846936655388,-0.014226077191731546,0.6689097881317139,2024-01-15,2024-01-11
2024-01-15,0.6689097881317139,0.67269224,0.6725927,0.0052610031198248,-0.0020255801734304,29.1011300602855,0.6296999454498291,0.6854700446128845,2,-0.009712037259593223,-0.014362920379632372,0.6650399565696716,2024-01-16,2024-01-12
2024-01-16,0.6650399565696716,0.6725927,0.6732259,0.0053001888646404,-0.0021703605607079,21.15850188662036,0.6296999454498291,0.6854700446128845,3,0.0,-0.015659949782439515,0.6588900089263916,2024-01-17,2024-01-15
2024-01-17,0.6588900089263916,0.6732259,0.6742664,0.0055716953490061,-0.0025672869229297,9.874405907007455,0.6296999454498291,0.6854700446128845,4,0.007060573294444214,0.004801890608076558,0.6551997661590576,2024-01-18,2024-01-16
2024-01-18,0.6551997661590576,0.6742664,0.67339903,0.0055811774884853,-0.0029386219764999,9.627210951193703,0.6335999369621277,0.6854700446128845,5,-0.009067916399167259,-0.012827247795101129,0.6582845449447632,2024-01-19,2024-01-17
2024-01-19,0.6582845449447632,0.65280044,0.6517136,0.0055571885841372,-0.0028353871347474,17.423588778204817,0.6338903307914734,0.6854700446128845,1,0.0033433155392109354,-0.008341083331350049,0.6595479249954224,2024-01-22,2024-01-18
2024-01-22,0.6595479249954224,0.6517136,0.6511901,0.0054501355319486,-0.0025498878088766,20.736803852094116,0.6339948177337646,0.6854700446128845,2,0.011152546895434285,0.012566826528235877,0.6570599675178528,2024-01-23,2024-01-19
2024-01-23,0.6570599675178528,0.6511901,0.6515857,0.0053906287181583,-0.0023987048689751,21.92599504941154,0.6339948177337646,0.6854700446128845,3,-0.006091927798664638,0.00641709341361039,0.6586300730705261,2024-01-24,2024-01-22
2024-01-24,0.6586300730705261,0.6515857,0.6536684,0.0052995752782511,-0.0020751908613664,27.554416406604687,0.6361699104309082,0.6854700446128845,4,0.0070157113821105385,0.006371944630932478,0.6576697826385498,2024-01-25,2024-01-23
2024-01-25,0.6576697826385498,0.6536684,0.64961475,0.0051917268411855,-0.00181737639852,29.29433047285332,0.6361699104309082,0.6854700446128845,5,0.02398134195657936,0.040187502714746116,0.6585879921913147,2024-01-26,2024-01-24
2024-01-26,0.6585879921913147,0.65180725,0.6526615,0.0050893637985001,-0.0014902325487419,29.1502755235328,0.6361699104309082,0.6854700446128845,1,-0.004388225975928769,0.0321762593912731,0.6578601002693176,2024-01-29,2024-01-25
2024-01-29,0.6578601002693176,0.6526615,0.6526307,0.0049845978389911,-0.001238437612658,27.677680880133394,0.6361699104309082,0.6854700446128845,2,-0.0038879951335731126,0.016767934230467983,0.6614194512367249,2024-01-30,2024-01-26
2024-01-30,0.6614194512367249,0.6526307,0.6525612,0.0050299036357583,-0.0007706449472974,38.87957162303429,0.6361699104309082,0.6854700446128845,3,0.005826338664611392,0.028958546584102605,0.659480094909668,2024-01-31,2024-01-29
2024-01-31,0.659480094909668,0.6525612,0.6525866,0.0049629605313098,-0.0005411497521359,32.78254985621112,0.6361699104309082,0.6854700446128845,4,0.008612481930482765,0.030602869740803996,0.656150758266449,2024-02-01,2024-01-30
2024-02-01,0.656150758266449,0.6525866,0.6518147,0.0049825119330484,-0.0005605172188409,30.14094681141539,0.6361699104309082,0.6854700446128845,5,-0.0010245069182320638,0.0051513152016488106,0.6574898362159729,2024-02-02,2024-01-31
2024-02-02,0.6574898362159729,0.6556166,0.6582409,0.0048998032939669,-0.0004356468609611,33.634234385063365,0.6364598870277405,0.6854700446128845,1,-0.012895073103420765,-0.003363086672848506,0.6505080461502075,2024-02-05,2024-02-01
2024-02-05,0.6505080461502075,0.6582409,0.66062856,0.0053439145969218,-0.0007569423698334,30.879928728611915,0.6381002068519592,0.6854700446128845,2,-0.00807924613882932,-0.007531500601108183,0.6480293273925781,2024-02-06,2024-02-02
2024-02-06,0.6480293273925781,0.66062856,0.66199243,0.005290656966871,-0.0010519424431621,34.18216226539576,0.6470816731452942,0.6854700446128845,3,-0.013037647679487865,-0.026077933021060186,0.6529674530029297,2024-02-07,2024-02-05
2024-02-07,0.6529674530029297,0.66199243,0.6611989,0.0054478756450695,-0.0008392733855328,46.86282262198738,0.6470816731452942,0.6854700446128845,4,0.0027797897522733395,-0.03174198624611986,0.6521880626678467,2024-02-08,2024-02-06
2024-02-08,0.6521880626678467,0.6611989,0.6612851,0.0053322277872178,-0.0006825212518894,40.83868956770352,0.6470816731452942,0.6854700446128845,5,-0.011968248285595201,-0.042280580520691634,0.6497599482536316,2024-02-09,2024-02-07
2024-02-09,0.6497599482536316,0.6545656,0.65343255,0.0052766896118158,-0.0006726960837928,35.78887063861163,0.6480293273925781,0.6854700446128845,1,-0.008598753918678276,-0.03815706056902598,0.6525583267211914,2024-02-12,2024-02-08
2024-02-12,0.6525583267211914,0.65343255,0.6544976,0.0052525101281904,-0.0004204011666775,43.52247172701496,0.6480293273925781,0.6854700446128845,2,-0.0052762832972284785,-0.035457268609672514,0.6528898477554321,2024-02-13,2024-02-09
2024-02-13,0.6528898477554321,0.6544976,0.65647966,0.0051400119607392,-0.0001858275238183,41.43494184422899,0.6480293273925781,0.6854700446128845,3,0.011464089588562928,-0.011532392405875388,0.6453399062156677,2024-02-14,2024-02-12
2024-02-14,0.6453399062156677,0.65647966,0.65547293,0.0056398062968981,-0.0004772109607413,34.62578390583171,0.6453399062156677,0.6854700446128845,4,-0.0038965189956569586,-0.018109726753085535,0.6498798131942749,2024-02-15,2024-02-13
2024-02-15,0.6498798131942749,0.65547293,0.65679675,0.005731595112449,-0.0003103457558769,40.04117161884897,0.6453399062156677,0.6854700446128845,5,-0.0036415105876551235,-0.009899649857991832,0.6525498628616333,2024-02-16,2024-02-14
2024-02-16,0.6525498628616333,0.6515656,0.65239966,0.0056766239249997,1.637088561555998e-05,44.18541206815306,0.6453399062156677,0.6854700446128845,1,0.015019725602353009,0.013763357118999996,0.6537913680076599,2024-02-19,2024-02-15
2024-02-19,0.6537913680076599,0.65239966,0.6532836,0.0055650032161655,0.0003349485979582,41.200777764943375,0.6453399062156677,0.6854700446128845,2,0.02146373864108183,0.04123709873187334,0.6530783176422119,2024-02-20,2024-02-16
2024-02-20,0.6530783176422119,0.6532836,0.6522122,0.0054443961553117,0.0005062260349292,42.40035208975458,0.6453399062156677,0.6854700446128845,3,0.0,0.029368425104719497,0.6553500890731812,2024-02-21,2024-02-19
2024-02-21,0.6553500890731812,0.6522122,0.65505105,0.0053816957861889,0.0007655304291359,49.02503284245059,0.6453399062156677,0.6854700446128845,4,0.007398266423897814,0.04106082787224886,0.6553199887275696,2024-02-22,2024-02-20
2024-02-22,0.6553199887275696,0.65505105,0.653492,0.0052633339942909,0.0009177703720599,47.27079441144101,0.6453399062156677,0.6854700446128845,5,0.0020669521599391153,0.04702067943721747,0.6559101939201355,2024-02-23,2024-02-21
2024-02-23,0.6559101939201355,0.6548013,0.6547206,0.0051538224105356,0.0010324183877061,58.09655512496851,0.6453399062156677,0.6854700446128845,1,0.005918700162107859,0.0375349480128178,0.6565384864807129,2024-02-26,2024-02-22
2024-02-26,0.6565384864807129,0.6547206,0.6551707,0.0050487879055714,0.0011175720296894,63.50216397808783,0.6453399062156677,0.6854700446128845,2,-0.003984854851828057,0.011464280791233981,0.6539598107337952,2024-02-27,2024-02-23
2024-02-27,0.6539598107337952,0.6551707,0.65418005,0.0050146720987783,0.0009725668770004,51.70210460239924,0.6453399062156677,0.6854700446128845,3,-0.01505351262094677,-0.0036477793558462998,0.6543898582458496,2024-02-28,2024-02-26
2024-02-28,0.6543898582458496,0.65418005,0.65381014,0.0049118832146907,0.00088069707326,53.82235466981229,0.6453399062156677,0.6854700446128845,4,0.0018289248539391089,-0.00918138163277236,0.6494700312614441,2024-02-29,2024-02-27
2024-02-29,0.6494700312614441,0.65381014,0.65610534,0.0050853779205899,0.0004835236648988,49.53677425744838,0.6453399062156677,0.6854700446128845,5,-0.0009140131607922762,-0.012130579660818576,0.6498401165008545,2024-03-01,2024-02-28
2024-03-01,0.6498401165008545,0.6500901,0.64845115,0.0049796127217039,0.000252300149925,45.29150852616494,0.6453399062156677,0.6854700446128845,1,0.0018271916643559571,-0.016164198369149646,0.6527883410453796,2024-03-04,2024-02-29
2024-03-04,0.6527883410453796,0.64845115,0.64753836,0.0049817323832489,0.0003011677162482,49.83878449377574,0.6453399062156677,0.6854700446128845,2,0.005331944340947728,-0.006955165023490556,0.6507620811462402,2024-03-05,2024-03-01
2024-03-05,0.6507620811462402,0.64753836,0.6481408,0.0049227592412858,0.0002048828294489,60.44413012080284,0.6453399062156677,0.6854700446128845,3,-0.0007785185222983851,0.007322206384455706,0.6503900289535522,2024-03-06,2024-03-04
2024-03-06,0.6503900289535522,0.6481408,0.6492825,0.0048215332323114,0.000127767311855,51.170748786852606,0.6453399062156677,0.6854700446128845,4,-0.0020789760346844135,0.0033933727851452843,0.6566298604011536,2024-03-07,2024-03-05
2024-03-07,0.6566298604011536,0.6492825,0.6499909,0.0051838469795888,0.0004883730661753,58.044181832283904,0.6453399062156677,0.6854700446128845,5,0.00687020292499271,0.011234482470363995,0.6621301770210266,2024-03-08,2024-03-06
2024-03-08,0.6621301770210266,0.65406305,0.6562655,0.005403552470141,0.0010561232744774,64.07691378893986,0.6453399062156677,0.6854700446128845,1,0.012580403026815255,0.02216717603286776,0.6624314785003662,2024-03-11,2024-03-07
2024-03-11,0.6624314785003662,0.6562655,0.6572675,0.0052856196917013,0.0013897490904025,66.01185277095254,0.6453399062156677,0.6854700446128845,2,-0.008841141992994045,0.007782093707221492,0.6615506410598755,2024-03-12,2024-03-08
2024-03-12,0.6615506410598755,0.6572675,0.6589769,0.0051779977024757,0.0014805321929016,61.14563423017253,0.6453399062156677,0.6854700446128845,3,0.00960619751598691,0.018302153955888478,0.6607297658920288,2024-03-13,2024-03-11
2024-03-13,0.6607297658920288,0.6589769,0.6570765,0.005073356800467,0.0014147994068346,59.45539366133062,0.6453399062156677,0.6854700446128845,4,0.0006371602048168774,0.021071760951267778,0.6627599000930786,2024-03-14,2024-03-12
2024-03-14,0.6627599000930786,0.6570765,0.65555805,0.0050147176163726,0.0014331314587073,61.39841023921793,0.6453399062156677,0.6854700446128845,5,0.03196757906286835,0.04702226566450993,0.6579297780990601,2024-03-15,2024-03-13
2024-03-15,0.6579297780990601,0.6612609,0.6638631,0.0051627530127049,0.0010621208058957,52.03116624550118,0.6453399062156677,0.6854700446128845,1,-0.0038320318658366615,0.029978329731760442,0.6557978987693787,2024-03-18,2024-03-14
2024-03-18,0.6557978987693787,0.6638631,0.6607378,0.0051000203233742,0.0006363014351856,52.71892082525128,0.6453399062156677,0.6854700446128845,2,0.018529276188101282,0.05855861025226895,0.655750572681427,2024-03-19,2024-03-15
2024-03-19,0.655750572681427,0.6607378,0.6613755,0.0049918246410386,0.0003300322352732,52.03583512134394,0.6453399062156677,0.6854700446128845,3,0.00048616871846409864,0.04894841448449586,0.6526401042938232,2024-03-20,2024-03-18
2024-03-20,0.6526401042938232,0.6613755,0.6613992,0.0049947805710429,-8.148489183735689e-05,55.01439688642581,0.6453399062156677,0.6854700446128845,4,-0.013703930026624763,0.03401270379245908,0.6597799062728882,2024-03-21,2024-03-19
2024-03-21,0.6597799062728882,0.6613992,0.65715927,0.005457884392263,0.0001169370559298,62.94937102034478,0.6453399062156677,0.6826302409172058,5,-0.00494010682405259,-0.0034546427527572428,0.657418966293335,2024-03-22,2024-03-20
2024-03-22,0.657418966293335,0.6583143,0.6594552,0.0053921668785981,8.067371343037935e-05,56.126438576320055,0.6453399062156677,0.6820491552352905,1,0.001979066521667773,0.0023532391084879647,0.6515804529190063,2024-03-25,2024-03-21
2024-03-25,0.6515804529190063,0.6594552,0.6592708,0.0056218390669212,-0.0003228993195831,50.98351590100945,0.6453399062156677,0.6810504198074341,2,-0.01255848718644402,-0.028328300020244564,0.6538896560668945,2024-03-26,2024-03-22
2024-03-26,0.6538896560668945,0.6592708,0.6580601,0.0055527778081142,-0.0004148347986145,54.01872126991428,0.6453399062156677,0.6765698194503784,3,0.0027489503641431926,-0.026127129687189266,0.6538982391357422,2024-03-27,2024-03-25
2024-03-27,0.6538982391357422,0.6580601,0.6578747,0.0054282730068509,-0.0004524971928635,46.33932037516595,0.6453399062156677,0.6736002564430237,4,-0.0027489503641432724,-0.015399720206958028,0.6521999835968018,2024-03-28,2024-03-26
2024-03-28,0.6521999835968018,0.6578747,0.65886694,0.0053370821590761,-0.0005620630639041,35.182460977453644,0.6453399062156677,0.6720001101493835,5,-0.0008762558461157091,-0.011390310092347132,0.6516780853271484,2024-03-29,2024-03-27
2024-03-29,0.6516780853271484,0.64837545,0.64754397,0.005222947484811,-0.0006345995890297,34.05905180640282,0.6453399062156677,0.6720001101493835,1,0.0027513568915070647,-0.010626521453959085,0.6533001661300659,2024-04-01,2024-03-28
2024-04-01,0.6533001661300659,0.64754397,0.64718616,0.0051422095600062,-0.0005418542364904,38.032411570225065,0.6453399062156677,0.6720001101493835,2,0.0,0.0018768601466823153,0.6487903594970703,2024-04-02,2024-03-29
2024-04-02,0.6487903594970703,0.64718616,0.6488308,0.005253181036708,-0.0007404630052494,34.35571897619815,0.6453399062156677,0.6703999042510986,3,0.010559764969196424,0.009732975949414087,0.651439905166626,2024-04-03,2024-04-01
2024-04-03,0.651439905166626,0.6488308,0.649566,0.0052213774329027,-0.0006526946895613,35.40426133656321,0.6453399062156677,0.6703999042510986,4,0.005914301943359764,0.018518548350672678,0.6568998694419861,2024-04-04,2024-04-02
2024-04-04,0.6568998694419861,0.649566,0.65202236,0.0054371361075916,-0.0002091897525303,48.69328348163306,0.6453399062156677,0.6698498129844666,5,0.02977338834622253,0.05021910323682551,0.6587702035903931,2024-04-05,2024-04-03
2024-04-05,0.6587702035903931,0.6575907,0.6579833,0.0053561193669881,0.0002054297224275,53.79636495410134,0.6453399062156677,0.6689097881317139,1,0.01267868785322154,0.06069689807511909,0.6570215821266174,2024-04-08,2024-04-04
2024-04-08,0.6570215821266174,0.6579833,0.6579631,0.0052695172865318,0.0003487878028378,51.555778648098105,0.6453399062156677,0.6650399565696716,2,-0.0016497692716825132,0.0589484356025073,0.6604998111724854,2024-04-09,2024-04-05
2024-04-09,0.6604998111724854,0.6579631,0.65748227,0.005289425770788,0.0006473798595837,59.53482789239406,0.6453399062156677,0.6627599000930786,3,0.008806469090440208,0.05709341235206255,0.662850022315979,2024-04-10,2024-04-08
2024-04-10,0.662850022315979,0.65748227,0.65724945,0.005236414477939,0.0009541538993749,54.21416065321617,0.6453399062156677,0.662850022315979,4,0.002102026889271717,0.0530711533565644,0.6507201194763184,2024-04-11,2024-04-09
2024-04-11,0.6507201194763184,0.65724945,0.65843356,0.006533013773837,0.0003237128895807,42.749404536105885,0.6453399062156677,0.662850022315979,5,-0.000933639226970129,0.021225907099426636,0.6540607213973999,2024-04-12,2024-04-10
2024-04-12,0.6540607213973999,0.6506503,0.6500043,0.0064762452043174,0.000125446067822,52.83801516263412,0.6453399062156677,0.662850022315979,1,-0.007030778924386207,0.001295146535488632,0.6475803256034851,2024-04-15,2024-04-11
2024-04-15,0.6475803256034851,0.6500043,0.64856726,0.0066858246255955,-0.0004185879185577,43.40971661028093,0.6453399062156677,0.662850022315979,2,0.001292747486602454,0.004245813348425959,0.644250214099884,2024-04-16,2024-04-12
2024-04-16,0.644250214099884,0.64856726,0.6475183,0.0066152096964284,-0.000948825074252,40.57625243792391,0.644250214099884,0.662850022315979,3,0.028138256630377733,0.02384854750851167,0.6412801146507263,2024-04-17,2024-04-15
2024-04-17,0.6412801146507263,0.6475183,0.6459833,0.0065289700566895,-0.0014174810433521,39.59255274307145,0.6412801146507263,0.662850022315979,4,-0.016927148262715064,0.0045497565582635294,0.6439813375473022,2024-04-18,2024-04-16
2024-04-18,0.6439813375473022,0.6459833,0.64322925,0.0064399780326945,-0.001457810128517,42.95700132864128,0.6412801146507263,0.662850022315979,5,0.008556985206100346,0.014128945362502582,0.6424699425697327,2024-04-19,2024-04-17
2024-04-19,0.6424699425697327,0.6437204,0.6436342,0.0063033851369013,-0.0014930748907342,40.06956187169966,0.6412801146507263,0.662850022315979,1,0.022316666301241708,0.044332063487079305,0.6425991654396057,2024-04-22,2024-04-18
2024-04-22,0.6425991654396057,0.6436342,0.6454243,0.0061529342615237,-0.0014152133783968,43.82730649234883,0.6412801146507263,0.662850022315979,2,0.01375477653638138,0.057427991432051406,0.6452862024307251,2024-04-23,2024-04-19
2024-04-23,0.6452862024307251,0.6454243,0.64574295,0.0060810837656959,-0.00110406885867,43.86926902960081,0.6412801146507263,0.662850022315979,3,-0.00033316364718428856,0.027746063044642694,0.6488901376724243,2024-04-24,2024-04-22
2024-04-24,0.6488901376724243,0.64574295,0.6451609,0.0060681057256244,-0.000601987078651,41.71372546601469,0.6412801146507263,0.662850022315979,4,-0.002224498456326981,0.04296828277046873,0.6496999263763428,2024-04-25,2024-04-23
2024-04-25,0.6496999263763428,0.6451609,0.6461523,0.0059338056353882,-0.0001834933335932,40.40604131781225,0.6412801146507263,0.662850022315979,5,-0.005247004104412529,0.02867007295470909,0.6523199677467346,2024-04-26,2024-04-24
2024-04-26,0.6523199677467346,0.64799625,0.6485475,0.0058672262130202,0.000276615231394,45.11695052074305,0.6412801146507263,0.662850022315979,1,0.022905541498675425,0.02927600964004672,0.6541398763656616,2024-04-29,2024-04-25
2024-04-29,0.6541398763656616,0.6485475,0.6520142,0.0057676979037137,0.000686994443022,43.15898803646762,0.6412801146507263,0.662850022315979,2,-0.00032827392489267614,0.014882255535155991,0.6561899185180664,2024-04-30,2024-04-26
2024-04-30,0.6561899185180664,0.6520142,0.64960766,0.0056811751011357,0.0010578122881613,42.7895523428244,0.6412801146507263,0.662850022315979,3,0.01950650398856371,0.035218244771028646,0.6478001475334167,2024-05-01,2024-04-29
2024-05-01,0.6478001475334167,0.64960766,0.6471485,0.0062207130625843,0.0007157394977488,46.56017188959184,0.6412801146507263,0.662850022315979,4,-0.02049186837508004,0.01647920770168736,0.653190016746521,2024-05-02,2024-04-30
2024-05-02,0.653190016746521,0.6471485,0.6479196,0.0063470029842484,0.0008225258194553,49.02152274852438,0.6412801146507263,0.662850022315979,5,-0.002632464921645256,0.01914030968048815,0.6571398973464966,2024-05-03,2024-05-01
2024-05-03,0.6571398973464966,0.6531597,0.65125316,0.0063399549873509,0.0011112790094156,61.39066008911793,0.6412801146507263,0.662850022315979,1,-0.012933317917676535,-0.016737761883553245,0.6609079837799072,2024-05-06,2024-05-02
2024-05-06,0.6609079837799072,0.65125316,0.6506519,0.0063189948865792,0.0014848140790966,69.64345710112616,0.6412801146507263,0.662850022315979,2,0.017535645885979678,0.0009849834380221767,0.6623920202255249,2024-05-07,2024-05-03
2024-05-07,0.6623920202255249,0.6506519,0.64876354,0.0061897629432747,0.0017427605370016,75.80019433967486,0.6412801146507263,0.662850022315979,3,0.01324951378365935,-0.005258616357531054,0.6589199900627136,2024-05-08,2024-05-06
2024-05-08,0.6589199900627136,0.64876354,0.6483708,0.0061495214960778,0.0015944796163465,67.91847963635271,0.6412801146507263,0.662850022315979,4,-0.0019438071566325993,0.013364081295802015,0.657680094242096,2024-05-09,2024-05-07
2024-05-09,0.657680094242096,0.6483708,0.64660424,0.0060182736447659,0.0013381718330957,68.36373998998278,0.6412801146507263,0.662850022315979,5,-0.013823437394735733,0.0020867714839110266,0.6620998978614807,2024-05-10,2024-05-08
2024-05-10,0.6620998978614807,0.658271,0.6567178,0.0060643990505112,0.0013857298146037,71.33366719353981,0.6412801146507263,0.662850022315979,1,0.009924347576340845,0.025255923301156197,0.6601008772850037,2024-05-13,2024-05-09
2024-05-13,0.6601008772850037,0.6567178,0.6571429,0.0059582669602386,0.0012084591794397,66.45485901925866,0.6412801146507263,0.662850022315979,2,0.01849315461480506,0.026238084936127178,0.6612882018089294,2024-05-14,2024-05-10
2024-05-14,0.6612882018089294,0.6571429,0.6587942,0.0058358332902062,0.0011001539201295,64.55188953142644,0.6412801146507263,0.662850022315979,3,0.023374418437470987,0.03668142740628882,0.6626027226448059,2024-05-15,2024-05-13
2024-05-15,0.6626027226448059,0.6587942,0.65774965,0.0057210930605458,0.0010463622611349,64.96697175902175,0.6412801146507263,0.662850022315979,4,0.030541355672711972,0.07091116149403265,0.6701065301895142,2024-05-16,2024-05-14
2024-05-16,0.6701065301895142,0.65774965,0.65654206,0.0061201839545536,0.00142215946557,68.53230323995007,0.6412801146507263,0.6701065301895142,5,0.003224888630024549,0.08932492001061543,0.6683151721954346,2024-05-17,2024-05-15
2024-05-17,0.6683151721954346,0.66788006,0.66919696,0.0060043727106308,0.0014510775980724,64.77841879332759,0.6412801146507263,0.6701065301895142,1,-0.015717986101867597,0.061747176854992245,0.6700705885887146,2024-05-20,2024-05-16
2024-05-20,0.6700705885887146,0.66919696,0.670107,0.0058956248737717,0.0014841022682818,64.56070718022016,0.6412801146507263,0.6701065301895142,2,0.0331721954064959,0.0774475583265764,0.6672093272209167,2024-05-21,2024-05-17
2024-05-21,0.6672093272209167,0.670107,0.6713668,0.0058336843153562,0.0012199614704028,73.03141753780432,0.6412801146507263,0.6701065301895142,3,0.00601311573402973,0.05890310881543807,0.6667097806930542,2024-05-22,2024-05-20
2024-05-22,0.6667097806930542,0.6713668,0.67261213,0.0057030653481858,0.0009313483959986,68.14928850794708,0.6412801146507263,0.6701065301895142,4,0.006172529764052082,0.033410754196908386,0.6619185209274292,2024-05-23,2024-05-21
2024-05-23,0.6619185209274292,0.67261213,0.6738527,0.0057893152592961,0.00036651630305,56.27323943661971,0.6412801146507263,0.6701065301895142,5,-0.05037867628083627,-0.02052525106754622,0.6601487994194031,2024-05-24,2024-05-22
2024-05-24,0.6601487994194031,0.66367066,0.6631133,0.0056867017987917,-0.0001498429398752,48.94817770569456,0.6412801146507263,0.6701065301895142,1,-0.01053286097353198,-0.015433362302261722,0.6624007821083069,2024-05-27,2024-05-23
2024-05-27,0.6624007821083069,0.6631133,0.6660978,0.005611842836033,-0.0003517546459397,50.01188633750407,0.6412801146507263,0.6701065301895142,2,-0.007920855535350033,-0.05507219127647332,0.6655617952346802,2024-05-28,2024-05-24
2024-05-28,0.6655617952346802,0.6660978,0.6639556,0.0055889343979427,-0.0002871782636366,59.08692808645348,0.6412801146507263,0.6701065301895142,3,0.0,-0.06073710259782753,0.6647999286651611,2024-05-29,2024-05-27
2024-05-29,0.6647999286651611,0.6639556,0.6656164,0.0054699335192134,-0.0003086519912213,59.87004209089452,0.6412801146507263,0.6701065301895142,4,0.02009599827290059,-0.04756783704930668,0.6613699793815613,2024-05-30,2024-05-28
2024-05-30,0.6613699793815613,0.6656164,0.66395235,0.0054649352391404,-0.0005525018976953,48.95957941384373,0.6412801146507263,0.6701065301895142,5,-0.014461603129634713,-0.012737503853637878,0.6630301475524902,2024-05-31,2024-05-29
2024-05-31,0.6630301475524902,0.6605162,0.6614264,0.0053755063258873,-0.0005968512018245,54.21608813593056,0.6412801146507263,0.6701065301895142,1,-0.02817387080286396,-0.030001089998319956,0.6656903028488159,2024-06-03,2024-05-30
2024-06-03,0.6656903028488159,0.6614264,0.66202307,0.0053349413602786,-0.0004486553427565,56.078230626282846,0.6412801146507263,0.6701065301895142,2,-0.013359344858423529,-0.03526209977387032,0.669008195400238,2024-06-04,2024-05-31
2024-06-04,0.669008195400238,0.66202307,0.66240036,0.0053363221082718,-0.0001445467461248,58.38074828276779,0.6412801146507263,0.6701065301895142,3,0.014429002560831695,-0.021240982030069928,0.6646201014518738,2024-06-05,2024-06-03
2024-06-05,0.6646201014518738,0.66240036,0.66240466,0.0054120619438649,-0.0002501055458244,42.18450435151772,0.6412801146507263,0.6701065301895142,4,-0.0279693436772657,-0.06717266531470713,0.6657789945602417,2024-06-06,2024-06-04
2024-06-06,0.6657789945602417,0.66240466,0.66149867,0.0053094379568787,-0.0002523365699426,46.320884578669954,0.6412801146507263,0.6701065301895142,5,0.015598963957449268,-0.038705622540649486,0.6669601202011108,2024-06-07,2024-06-05
2024-06-07,0.6669601202011108,0.6625354,0.66032654,0.0052111243740896,-0.0001876928377771,45.41133146568325,0.6412801146507263,0.6701065301895142,1,0.015359267282059677,0.004066792312715365,0.6582714915275574,2024-06-10,2024-06-06
2024-06-10,0.6582714915275574,0.66032654,0.6590534,0.0058444604282717,-0.0007139589080682,38.74903210703546,0.6412801146507263,0.6701065301895142,2,-0.04279131341481485,-0.025054223416923954,0.6608948111534119,2024-06-11,2024-06-07
2024-06-11,0.6608948111534119,0.6590534,0.6579957,0.0057808055660136,-0.0008594786872305,43.05162052171782,0.6412801146507263,0.6701065301895142,3,0.013700313066128967,-0.025764397382646267,0.6607699394226074,2024-06-12,2024-06-10
2024-06-12,0.6607699394226074,0.6579957,0.66000766,0.0056506292915689,-0.0009321499064342,48.45528090319974,0.6412801146507263,0.6701065301895142,4,-0.007379337539937879,-0.005496942863520457,0.6662899851799011,2024-06-13,2024-06-11
2024-06-13,0.6662899851799011,0.66000766,0.6596474,0.0058226964761293,-0.0005929815094476,57.50242478788567,0.6412801146507263,0.6701065301895142,5,0.012851028875042267,-0.008226021321262612,0.6633102893829346,2024-06-14,2024-06-12
2024-06-14,0.6633102893829346,0.6640129,0.66507536,0.0057714092082437,-0.0005545419117504,51.09169555866853,0.6412801146507263,0.6701065301895142,1,-0.01628375290112501,-0.039117419244663915,0.6612882018089294,2024-06-17,2024-06-13
2024-06-17,0.6612882018089294,0.66507536,0.6660935,0.0056785883772026,-0.0006442321337613,44.72614558983405,0.6412801146507263,0.6701065301895142,2,0.009604300840204132,0.012570910229002774,0.6622077822685242,2024-06-18,2024-06-14
2024-06-18,0.6622077822685242,0.6660935,0.66472673,0.0055615420386141,-0.0006203312178552,46.81354913870795,0.6412801146507263,0.6701065301895142,3,-0.006503193353933149,-0.007681300940289606,0.6661200523376465,2024-06-19,2024-06-17
2024-06-19,0.6661200523376465,0.66472673,0.66566676,0.0055939063669414,-0.000334086183098,55.77069849687978,0.6412801146507263,0.6701065301895142,4,0.008917257879037289,0.008622603663855404,0.6675300002098083,2024-06-20,2024-06-18
2024-06-20,0.6675300002098083,0.66566676,0.6666964,0.0054915010813505,-5.734528155351584e-05,55.50015372308571,0.6412801146507263,0.6701065301895142,5,0.0,-0.004256303690364653,0.6660698652267456,2024-06-21,2024-06-19
2024-06-21,0.6660698652267456,0.6690247,0.6678519,0.0053912639185936,1.590011677994412e-05,50.47795894716932,0.6412801146507263,0.6701065301895142,1,0.01220063799655793,0.024514665479307807,0.6635000109672546,2024-06-24,2024-06-20
2024-06-24,0.6635000109672546,0.6678519,0.66762286,0.0053391336057328,-0.0001130971000464,42.930711610486895,0.6412801146507263,0.6701065301895142,2,-0.02721855311482856,-0.01252475472119591,0.6654599905014038,2024-06-25,2024-06-21
2024-06-25,0.6654599905014038,0.66762286,0.66714835,0.0052666481849648,-7.275264134016927e-05,51.14957438580862,0.6412801146507263,0.6701065301895142,3,0.007316293073440092,0.0012163750189434393,0.6644800901412964,2024-06-26,2024-06-24
2024-06-26,0.6644800901412964,0.66714835,0.6666649,0.0051635079228843,-0.0001158334730649,48.21340731558546,0.6412801146507263,0.6701065301895142,4,-0.0327824390894477,-0.03967552912777993,0.6644783020019531,2024-06-27,2024-06-25
2024-06-27,0.6644783020019531,0.6666649,0.6662077,0.0050548814316918,-0.000146260447432,46.471894117846425,0.6412801146507263,0.6701065301895142,5,-0.0030862946880555733,-0.04263480449414338,0.6650599241256714,2024-06-28,2024-06-26
2024-06-28,0.6650599241256714,0.6641913,0.66626775,0.0049544965614194,-0.0001295959596978,62.54093468728872,0.6412801146507263,0.6701065301895142,1,-0.008969709638196547,-0.06268952676442138,0.6674007773399353,2024-07-01,2024-06-27
2024-07-01,0.6674007773399353,0.66626775,0.6644433,0.0049169745067618,2.827635790489369e-05,62.14586792125305,0.6412801146507263,0.6701065301895142,2,0.014222117373647194,-0.023030683208763957,0.6654599905014038,2024-07-02,2024-06-28
2024-07-02,0.6654599905014038,0.6644433,0.6642266,0.0048565420785868,-6.9296331580705976e-06,58.19980658768998,0.6412801146507263,0.6701065301895142,3,0.00816603727846639,-0.02220015637562485,0.6668298244476318,2024-07-03,2024-07-01
2024-07-03,0.6668298244476318,0.6642266,0.66381836,0.004781511318301,4.9984066987462765e-05,51.10404095812763,0.6412801146507263,0.6701065301895142,4,0.0006775653866961057,0.011070545667796774,0.6710900068283081,2024-07-04,2024-07-02
2024-07-04,0.6710900068283081,0.66381836,0.6651011,0.004896729974061,0.0003459944556266,65.11868191948255,0.6412801146507263,0.6710900068283081,5,0.024860493631748855,0.03972525881040615,0.6725085377693176,2024-07-05,2024-07-03
2024-07-05,0.6725085377693176,0.67259514,0.6725017,0.0048213193463878,0.0005942125152192,72.32879117125154,0.6412801146507263,0.6725085377693176,1,0.0,0.04909324372885023,0.6746591329574585,2024-07-08,2024-07-04
2024-07-08,0.6746591329574585,0.6725017,0.6724656,0.0047788996656178,0.0008448275675092,73.62122188676685,0.6412801146507263,0.6746591329574585,2,0.025546321916446516,0.061040911443722354,0.6743202209472656,2024-07-09,2024-07-05
2024-07-09,0.6743202209472656,0.6724656,0.6713648,0.0046841560454141,0.0009230072868493,67.99630592778246,0.6412801146507263,0.6746591329574585,3,-0.007865990774347974,0.04416590551180254,0.6741496920585632,2024-07-10,2024-07-08
2024-07-10,0.6741496920585632,0.6713648,0.6704463,0.0045917454379632,0.0008976516671782,65.36354581673307,0.6424699425697327,0.6746591329574585,4,-0.009565322367084766,0.033525220050735605,0.6751797795295715,2024-07-11,2024-07-09
2024-07-11,0.6751797795295715,0.6704463,0.66956675,0.0045161858453453,0.0008833058878014,71.5737172700967,0.6424699425697327,0.6751797795295715,5,0.006423190591299147,0.014644392983972663,0.6768500804901123,2024-07-12,2024-07-10
2024-07-12,0.6768500804901123,0.6770083,0.67533994,0.0044649497172587,0.000915456588939,83.02200021820349,0.6425991654396057,0.6768500804901123,1,-0.021720901163740036,-0.007156967844835652,0.6771998405456543,2024-07-15,2024-07-11
2024-07-15,0.6771998405456543,0.67533994,0.67485017,0.0043814666739262,0.0008887046441195,81.55248976348689,0.6452862024307251,0.6771998405456543,2,0.01976558846027169,-0.012879771838777561,0.6763300895690918,2024-07-16,2024-07-12
2024-07-16,0.6763300895690918,0.67485017,0.67476237,0.0043071180271227,0.000746584160382,82.0382247719728,0.6478001475334167,0.6771998405456543,3,-0.015228992799344712,-0.020121247860706418,0.6731998324394226,2024-07-17,2024-07-15
2024-07-17,0.6731998324394226,0.67476237,0.6762741,0.0043482147748706,0.0003936412640543,70.1681842114694,0.6478001475334167,0.6771998405456543,4,-0.01894630220224455,-0.029270489154923328,0.6730697751045227,2024-07-18,2024-07-16
2024-07-18,0.6730697751045227,0.6762741,0.67548007,0.0042666236603451,0.0001176293674821,68.91753781874594,0.6478001475334167,0.6771998405456543,5,-0.010177538893199707,-0.045252285403101514,0.6705500483512878,2024-07-19,2024-07-17
2024-07-19,0.6705500483512878,0.6719354,0.67196554,0.0042675230157676,-0.0002484658898353,57.37558001239593,0.6478001475334167,0.6771998405456543,1,-0.030700708760375874,-0.05378735717889246,0.6696308851242065,2024-07-22,2024-07-18
2024-07-22,0.6696308851242065,0.67196554,0.67173564,0.0041984348024545,-0.0005491218050773,60.25914696723572,0.6478001475334167,0.6771998405456543,2,-0.011078471169803832,-0.08252689590867787,0.6640105843544006,2024-07-23,2024-07-19
2024-07-23,0.6640105843544006,0.67173564,0.6726232,0.0045244801856626,-0.0010917647841824,44.26474404211925,0.6478001475334167,0.6771998405456543,3,-0.009167236684088352,-0.07694850737539423,0.6612094640731812,2024-07-24,2024-07-22
2024-07-24,0.6612094640731812,0.6726232,0.6733649,0.0045309944324333,-0.0015752324597623,28.63120497893645,0.653190016746521,0.6771998405456543,4,-0.008286871976554549,-0.06705667742125507,0.6574798822402954,2024-07-25,2024-07-23
2024-07-25,0.6574798822402954,0.6733649,0.671516,0.0046111169144241,-0.0020519280008219,20.45109891784074,0.6571398973464966,0.6771998405456543,5,-0.011400955993048967,-0.06819735832874815,0.6542999744415283,2024-07-26,2024-07-24
2024-07-26,0.6542999744415283,0.6571202,0.6573047,0.0046414214355579,-0.0024596340595027,11.52763135367954,0.6542999744415283,0.6771998405456543,1,0.0032881265324324637,-0.035982093456063576,0.6554999947547913,2024-07-29,2024-07-25
2024-07-29,0.6554999947547913,0.6573047,0.65946054,0.0045700989528341,-0.0025176034385251,15.556665786723627,0.6542999744415283,0.6771998405456543,2,-0.001947274275511693,-0.027139144229286913,0.6551405787467957,2024-07-30,2024-07-26
2024-07-30,0.6551405787467957,0.65946054,0.6596318,0.0044822934160793,-0.0024471072470247,15.449849631228162,0.6542999744415283,0.6771998405456543,3,-0.010408474810337234,-0.028345947095199987,0.6541501879692078,2024-07-31,2024-07-29
2024-07-31,0.6541501879692078,0.6596318,0.6611369,0.0044075333685562,-0.0023344767348686,11.72227936102901,0.6541501879692078,0.6771998405456543,4,0.0002462533816531066,-0.02001922530176685,0.6547001004219055,2024-08-01,2024-07-30
2024-08-01,0.6547001004219055,0.6611369,0.66023517,0.0043292484455741,-0.0020977222259407,7.9686655250650915,0.6541501879692078,0.6771998405456543,5,0.023593370826798465,0.01488164689946495,0.6494898200035095,2024-08-02,2024-07-31
2024-08-02,0.6494898200035095,0.6554373,0.65352887,0.0045963125385447,-0.0021584011819879,5.606982229309693,0.6494898200035095,0.6771998405456543,1,-0.022732313002838966,-0.011185410743160967,0.6497219204902649,2024-08-05,2024-08-01
2024-08-05,0.6497219204902649,0.65352887,0.6546238,0.0045075627695943,-0.0020500853126284,6.483115201874767,0.6494898200035095,0.6771998405456543,2,0.00429420279958116,-0.0049944468711952935,0.6515498757362366,2024-08-06,2024-08-02
2024-08-06,0.6515498757362366,0.6546238,0.6548476,0.004467823481294,-0.0017350085758906,13.016730880448335,0.6494898200035095,0.6771998405456543,3,-0.02479059580656718,-0.019202322532810838,0.6515001654624939,2024-08-07,2024-08-05
2024-08-07,0.6515001654624939,0.6548476,0.65365094,0.0043823944478655,-0.0014227287676817,13.052560646900275,0.6494898200035095,0.6771998405456543,4,0.006878875148857098,-0.012675441267994792,0.6515973806381226,2024-08-08,2024-08-06
2024-08-08,0.6515973806381226,0.65365094,0.65372235,0.0043002468794718,-0.0011159531180691,14.597051285191624,0.6494898200035095,0.6771998405456543,5,-0.018619202580670492,-0.05348554220513352,0.659200131893158,2024-08-09,2024-08-07
2024-08-09,0.659200131893158,0.6520357,0.6543941,0.0049555689776708,-0.0003471797937296,34.4087496814912,0.6494898200035095,0.6771998405456543,1,0.0019029332241082232,-0.029878334708595813,0.6569784283638,2024-08-12,2024-08-08
2024-08-12,0.6569784283638,0.6543941,0.65412265,0.0049066003456426,4.46818951014556e-05,38.30004561772348,0.6494898200035095,0.6771998405456543,2,0.008832886712819966,-0.02546525189412581,0.6585316061973572,2024-08-13,2024-08-09
2024-08-13,0.6585316061973572,0.65412265,0.6533078,0.0048363444275738,0.0004205629062314,45.35160671532304,0.6494898200035095,0.6771998405456543,3,0.01866882114543386,0.017821250336697538,0.6638598442077637,2024-08-14,2024-08-12
2024-08-14,0.6638598442077637,0.6533078,0.65082955,0.0050673872077012,0.0010066802077813,60.49239914208527,0.6494898200035095,0.6771998405456543,4,-0.004696598507653004,0.006107414660529139,0.6600006818771362,2024-08-15,2024-08-13
2024-08-15,0.6600006818771362,0.65082955,0.6521573,0.0051195790592199,0.0011052314516062,59.17042207605424,0.6494898200035095,0.6771998405456543,5,-0.0027291121621621237,0.022222246442522322,0.6612488627433777,2024-08-16,2024-08-14
2024-08-16,0.6612488627433777,0.66160893,0.6607345,0.0050298350698911,0.0012164391822193,59.2335882422771,0.6494898200035095,0.6771998405456543,1,0.02792926345594375,0.04917617465270208,0.6672983765602112,2024-08-19,2024-08-15
2024-08-19,0.6672983765602112,0.6607345,0.66121626,0.0053254803959748,0.0016333874017145,66.50964318437147,0.6494898200035095,0.6771998405456543,2,-0.0027822873448715467,0.037060310914598826,0.6735321879386902,2024-08-20,2024-08-16
2024-08-20,0.6735321879386902,0.66121626,0.6595075,0.0056061534315587,0.0022281493413661,73.03886004489084,0.6494898200035095,0.6771998405456543,3,0.009404466138288877,0.027496983460981842,0.6747274398803711,2024-08-21,2024-08-19
2024-08-21,0.6747274398803711,0.6595075,0.6581998,0.0054939485296857,0.0025765555769931,73.44624647088295,0.6494898200035095,0.6771998405456543,4,-0.004088557498111929,0.028121933742551633,0.6749701499938965,2024-08-22,2024-08-20
2024-08-22,0.6749701499938965,0.6581998,0.6605646,0.0053720168139506,0.00268562531395,83.7563980877989,0.6494898200035095,0.6771998405456543,5,0.007682204488819919,0.0388819525373482,0.6708199381828308,2024-08-23,2024-08-21
2024-08-23,0.6708199381828308,0.67468435,0.674689,0.005422772224413,0.0023524988565211,75.3219197289579,0.6494898200035095,0.6771998405456543,1,-0.009732768985843696,0.00048317348900567183,0.6787806153297424,2024-08-26,2024-08-22
2024-08-26,0.6787806153297424,0.674689,0.6769041,0.0059167007562462,0.0025272022498765,78.48861717438534,0.6494898200035095,0.6787806153297424,2,0.01283688121007074,0.016232564829346596,0.6772910952568054,2024-08-27,2024-08-23
2024-08-27,0.6772910952568054,0.6769041,0.67803854,0.005796619307443,0.0024021958005262,76.19319158621659,0.6494898200035095,0.6787806153297424,3,0.004044782599055961,0.010800450091235947,0.6787898540496826,2024-08-28,2024-08-26
2024-08-28,0.6787898540496826,0.67803854,0.67922115,0.0056850665844692,0.0022811199586591,76.85216576495128,0.6494898200035095,0.6787898540496826,4,0.004501323054126366,0.019520503711044603,0.6783100962638855,2024-08-29,2024-08-27
2024-08-29,0.6783100962638855,0.67922115,0.6796433,0.0055573449649284,0.0020373913014286,71.96008701512902,0.6494898200035095,0.6787898540496826,5,-0.020417457696083448,-0.008728919640821823,0.67958003282547,2024-08-30,2024-08-28
2024-08-30,0.67958003282547,0.6792542,0.6765704,0.0054497960591532,0.0018365806734097,76.55331783423433,0.6494898200035095,0.67958003282547,1,0.0006029682943513182,0.0015697281970487912,0.6768001914024353,2024-09-02,2024-08-29
2024-09-02,0.6768001914024353,0.6765704,0.67677045,0.0054025167269183,0.0014105637507694,70.86142118159543,0.6494898200035095,0.67958003282547,2,-0.000602968294351396,-0.011801165553951888,0.6787299513816833,2024-09-03,2024-08-30
2024-09-03,0.6787299513816833,0.67677045,0.67884874,0.0053231118329815,0.0011630651955662,68.4094789863382,0.6494898200035095,0.67958003282547,3,0.0,-0.01579014229368231,0.6714000701904297,2024-09-04,2024-09-02
2024-09-04,0.6714000701904297,0.67884874,0.6781466,0.0057217603480849,0.0004468532496969,62.99584676520633,0.6494898200035095,0.67958003282547,4,-0.02764023713283298,-0.04692120222696072,0.6716187596321106,2024-09-05,2024-09-03
2024-09-05,0.6716187596321106,0.6781466,0.6792147,0.0055921850417186,-4.488048125654825e-05,62.106354552286575,0.6494898200035095,0.67958003282547,5,-0.003105085111750596,-0.030277491617961977,0.6740502119064331,2024-09-06,2024-09-04
2024-09-06,0.6740502119064331,0.67169017,0.67313063,0.0055269690396237,-0.0002288224749815,58.60978142068196,0.6494898200035095,0.67958003282547,1,0.014326561027738912,-0.016877678364688273,0.6670802235603333,2024-09-09,2024-09-05
2024-09-09,0.6670802235603333,0.67313063,0.67197603,0.0058605399492287,-0.0008096604716771,41.92423044211343,0.6494898200035095,0.67958003282547,2,-0.01557118096774766,-0.03148367681139164,0.6657878756523132,2024-09-10,2024-09-06
2024-09-10,0.6657878756523132,0.67197603,0.67263114,0.0057396764704842,-0.0012446375775581,38.8376928904958,0.6494898200035095,0.67958003282547,3,0.017286439839061352,-0.014595933712157162,0.6653298139572144,2024-09-11,2024-09-09
2024-09-11,0.6653298139572144,0.67263114,0.67378914,0.0056106807586939,-0.0015093107063479,38.027070082554566,0.6494898200035095,0.67958003282547,4,-0.01083079435184659,0.002108159485470008,0.6676998138427734,2024-09-12,2024-09-10
2024-09-12,0.6676998138427734,0.67378914,0.67274046,0.0055430892225247,-0.0014694456912586,45.94564451294602,0.6494898200035095,0.67958003282547,5,0.010463569894938275,0.015798086292642198,0.6726899147033691,2024-09-13,2024-09-11
2024-09-13,0.6726899147033691,0.6658624,0.6687641,0.0056664179767899,-0.001070233970273,41.42350439043388,0.6494898200035095,0.67958003282547,1,0.01217145342574411,0.013611289352515344,0.6713797450065613,2024-09-16,2024-09-12
2024-09-16,0.6713797450065613,0.6687641,0.6668368,0.0055539694027153,-0.0008663473025026,41.63379549802773,0.6494898200035095,0.67958003282547,2,0.01011089337881664,0.03998008318548353,0.6751897931098938,2024-09-17,2024-09-13
2024-09-17,0.6751897931098938,0.6668368,0.6677478,0.0055747324575672,-0.0004668397510549,45.21777686284136,0.6494898200035095,0.67958003282547,3,0.00906053645250728,0.03146039659731232,0.6762696504592896,2024-09-18,2024-09-16
2024-09-18,0.6762696504592896,0.6677478,0.66998583,0.0054630854432941,-0.0001388340389943,47.332062478665385,0.6494898200035095,0.67958003282547,4,0.0001187212220558712,0.042816446438048404,0.676369845867157,2024-09-19,2024-09-17
2024-09-19,0.676369845867157,0.66998583,0.669084,0.0053434267127185,6.495779834780847e-05,45.67014718508919,0.6494898200035095,0.67958003282547,5,0.005797778381147515,0.03796221553272156,0.6809576749801636,2024-09-20,2024-09-18
2024-09-20,0.6809576749801636,0.6755841,0.67351454,0.0054384378257527,0.0004664539277449,55.34678070924509,0.6494898200035095,0.6809576749801636,1,0.011262404495693233,0.03701908583172897,0.6809993982315063,2024-09-23,2024-09-19
2024-09-23,0.6809993982315063,0.67351454,0.6749969,0.0053195542224036,0.000679635188275,53.06762058991774,0.6494898200035095,0.6809993982315063,2,-0.0010504611301073035,0.025508902292358842,0.6834102272987366,2024-09-24,2024-09-20
2024-09-24,0.6834102272987366,0.6749969,0.6758184,0.0052646634229336,0.000913250795759,68.7241551702669,0.6494898200035095,0.6834102272987366,3,0.001750230130358872,0.01803945332479335,0.6905400156974792,2024-09-25,2024-09-23
2024-09-25,0.6905400156974792,0.6758184,0.6764641,0.0056381379193459,0.0014464992167514,74.26897812897543,0.6494898200035095,0.6905400156974792,4,0.032233120582951455,0.05126381367872481,0.6821599006652832,2024-09-26,2024-09-24
2024-09-26,0.6821599006652832,0.6764641,0.67693317,0.0061225521994191,0.001146495249707,59.024592142931056,0.6494898200035095,0.6905400156974792,5,-0.0003387253064925078,0.04483248253491049,0.689280092716217,2024-09-27,2024-09-25
2024-09-27,0.689280092716217,0.6840358,0.6839202,0.0064072523696919,0.0013265318242236,74.62206050733931,0.6494898200035095,0.6905400156974792,1,0.03396927361253579,0.06882876616543135,0.6918787360191345,2024-09-30,2024-09-26
2024-09-30,0.6918787360191345,0.6839202,0.68414056,0.0063087467092056,0.0015064325832341,78.12269516121987,0.6494898200035095,0.6918787360191345,2,-0.008770054674294606,0.06060960762030686,0.6915801763534546,2024-10-01,2024-09-27
2024-10-01,0.6915801763534546,0.68414056,0.68524635,0.0061577564221263,0.0014884913310187,78.39224423591179,0.6494898200035095,0.6918787360191345,3,-0.009959156737551753,0.048262946395565824,0.6879992485046387,2024-10-02,2024-09-30
2024-10-02,0.6879992485046387,0.68524635,0.6841636,0.006116674033747,0.0011346214070199,71.39531143594499,0.6494898200035095,0.6918787360191345,4,0.008747270990222236,0.023930453579292812,0.6887099742889404,2024-10-03,2024-10-01
2024-10-03,0.6887099742889404,0.6841636,0.6839191,0.0059778197646953,0.0008600456228086,68.55909006791899,0.6494898200035095,0.6918787360191345,5,0.013251060309858634,0.037940429599268334,0.6850300431251526,2024-10-04,2024-10-02
2024-10-04,0.6850300431251526,0.688012,0.6884662,0.0059531476272533,0.000367401898561,64.99065268846485,0.6494898200035095,0.6918787360191345,1,-0.020664692030848586,-0.017245142709215823,0.6800592541694641,2024-10-07,2024-10-03
2024-10-07,0.6800592541694641,0.6884662,0.68908215,0.0060264655632964,-0.0003193142995873,55.21466048791697,0.6494898200035095,0.6918787360191345,2,0.00454323643639212,-0.00407395984970126,0.6755999326705933,2024-10-08,2024-10-04
2024-10-08,0.6755999326705933,0.68908215,0.68972874,0.0060563830246289,-0.0010583041266243,49.33121276909817,0.6494898200035095,0.6918787360191345,3,-0.0007742044750523483,0.005115712028949617,0.6739597916603088,2024-10-09,2024-10-07
2024-10-09,0.6739597916603088,0.68972874,0.68683887,0.0059374708428716,-0.0016089933818448,47.66510676041504,0.6494898200035095,0.6918787360191345,4,-0.023962600218861506,-0.027229604001752186,0.6717401146888733,2024-10-10,2024-10-08
2024-10-10,0.6717401146888733,0.68683887,0.68810505,0.0058432725234789,-0.0020461088556653,40.64042956763621,0.6494898200035095,0.6918787360191345,5,-0.013003527344188167,-0.05243693761411903,0.6740997433662415,2024-10-11,2024-10-09
2024-10-11,0.6740997433662415,0.6707593,0.67379653,0.0057639094493388,-0.0020922200837763,43.30900637094359,0.6494898200035095,0.6918787360191345,1,0.006865063336545291,-0.025988367376033456,0.6731105446815491,2024-10-14,2024-10-10
2024-10-14,0.6731105446815491,0.67379653,0.6728742,0.0056416991792663,-0.0020997859449066,39.728592317843,0.6494898200035095,0.6918787360191345,2,0.015051426299758246,-0.01569930316931963,0.6725999116897583,2024-10-15,2024-10-11
2024-10-15,0.6725999116897583,0.6728742,0.6741175,0.0055177618108581,-0.0020474689204032,29.38794908775145,0.6494898200035095,0.6918787360191345,3,-0.019966589598124317,-0.03441025300120396,0.6682080030441284,2024-10-16,2024-10-14
2024-10-16,0.6682080030441284,0.6741175,0.669604,0.0055786575250837,-0.0022033883572135,32.35289682874755,0.6494898200035095,0.6918787360191345,4,-0.014543239227710301,-0.025272044125808683,0.6664889454841614,2024-10-17,2024-10-15
2024-10-17,0.6664889454841614,0.669604,0.66858625,0.0054821145719031,-0.002306055739457,16.610431162153844,0.6494898200035095,0.6918787360191345,5,0.007182639183070338,-0.00539608853382374,0.6699718832969666,2024-10-18,2024-10-16
2024-10-18,0.6699718832969666,0.6628799,0.6644829,0.0054859636759323,-0.0020327286123569,18.716506533566672,0.6494898200035095,0.6918787360191345,1,-0.010443370880604458,-0.02246299809091158,0.6716818809509277,2024-10-21,2024-10-17
2024-10-21,0.6716818809509277,0.6644829,0.6625248,0.005396524047214,-0.0016465755700182,22.685842764290427,0.6494898200035095,0.6918787360191345,2,0.013785382802360822,-0.02369981935567907,0.6653094291687012,2024-10-22,2024-10-18
2024-10-22,0.6653094291687012,0.6625248,0.6674046,0.0056697398527892,-0.0017219983725259,21.07100625891036,0.6494898200035095,0.6918787360191345,3,-0.005306331502970384,-0.009281577388423005,0.6685997843742371,2024-10-23,2024-10-21
2024-10-23,0.6685997843742371,0.6674046,0.66110814,0.0056507516276903,-0.0014621916339403,25.94246321773022,0.6494898200035095,0.6918787360191345,4,0.005766385567984585,0.01104525856094856,0.663599967956543,2024-10-24,2024-10-22
2024-10-24,0.663599967956543,0.66110814,0.66874015,0.0057579535618619,-0.0015316157671571,25.148299959218377,0.6494898200035095,0.6918787360191345,5,-0.010054969620869941,-0.00623339491539567,0.663702130317688,2024-10-25,2024-10-23
2024-10-25,0.663702130317688,0.6634024,0.6662058,0.0056281692916929,-0.0014746688761163,28.61662222623943,0.6497219204902649,0.6918787360191345,1,0.0034786367081482633,0.007698586853333055,0.6603406071662903,2024-10-28,2024-10-24
2024-10-28,0.6603406071662903,0.6662058,0.6621579,0.0056098355409988,-0.0015591835743592,29.46226725389681,0.6515001654624939,0.6918787360191345,2,0.004619474922603476,-0.0014956842728116415,0.6582671999931335,2024-10-29,2024-10-25
2024-10-29,0.6582671999931335,0.6621579,0.66119564,0.0055255716853244,-0.0016421750088489,29.122616702667894,0.6515001654624939,0.6918787360191345,3,-0.0017298446095613334,0.0020818470088422797,0.6563001871109009,2024-10-30,2024-10-28
2024-10-30,0.6563001871109009,0.66119564,0.662774,0.005440897717666,-0.0017093284588823,29.31972952043367,0.6515973806381226,0.6918787360191345,4,0.00011546014043166252,-0.003564873157259643,0.6572798490524292,2024-10-31,2024-10-29
2024-10-31,0.6572798490524292,0.662774,0.6670036,0.005333557156073,-0.0015710888636729,26.60662562609531,0.6563001871109009,0.6918787360191345,5,-0.0011547609895255664,0.005343190367856402,0.657680094242096,2024-11-01,2024-10-30
2024-11-01,0.657680094242096,0.6576451,0.6591909,0.0052209318239909,-0.0013447558290023,28.18164655750748,0.6563001871109009,0.6918787360191345,1,-0.0032403544840676935,-0.001389059382812976,0.6591914296150208,2024-11-04,2024-10-31
2024-11-04,0.6591914296150208,0.6591909,0.66102,0.0051367289863595,-0.0010011001344694,31.56244313999977,0.6563001871109009,0.6918787360191345,2,0.007851309416842709,0.0018435066469856885,0.6584101915359497,2024-11-05,2024-11-01
2024-11-05,0.6584101915359497,0.66102,0.658419,0.0050342882732384,-0.0007459488411525,35.042058404947284,0.6563001871109009,0.6918787360191345,3,0.01359326842658909,0.017313086318757512,0.6641499996185303,2024-11-06,2024-11-04
2024-11-06,0.6641499996185303,0.658419,0.65823555,0.0052921702423025,-0.000141787744333,46.81966054550671,0.6563001871109009,0.6918787360191345,4,0.009822251413223898,0.027236014088185545,0.6567001342773438,2024-11-07,2024-11-05
2024-11-07,0.6567001342773438,0.65823555,0.65831095,0.0057279720946728,-0.0001919561686186,33.711200684726066,0.6563001871109009,0.6918787360191345,5,-0.05258911842530857,-0.024263436698556816,0.6676815152168274,2024-11-08,2024-11-06
2024-11-08,0.6676815152168274,0.65774095,0.65693915,0.0066879163351886,0.0005270608372542,46.000455286025705,0.6563001871109009,0.6918787360191345,1,0.043447321295367755,0.022371605775549922,0.65845787525177,2024-11-11,2024-11-07
2024-11-11,0.65845787525177,0.65693915,0.65734404,0.007205771194352,0.0003998577998091,43.51932869378532,0.6563001871109009,0.6918787360191345,2,-0.028404111061249033,-0.014031022988213265,0.6577605605125427,2024-11-12,2024-11-08
2024-11-12,0.6577605605125427,0.65734404,0.6614256,0.0070236913507916,0.0002921474266879,39.21865291855,0.6563001871109009,0.6918787360191345,3,-0.017770402770283862,-0.04447472119309048,0.6529401540756226,2024-11-13,2024-11-11
2024-11-13,0.6529401540756226,0.6614256,0.66084045,0.0070323695473622,-6.149090926223493e-05,39.3591272249552,0.6529401540756226,0.6918787360191345,4,-0.021968305360875098,-0.07437363226057027,0.6492705345153809,2024-11-14,2024-11-12
2024-11-14,0.6492705345153809,0.66084045,0.65808177,0.0069632227648396,-0.0004771531417248,36.551855908536496,0.6492705345153809,0.6918787360191345,5,-0.013072124212538998,-0.03706331991150083,0.6455498337745667,2024-11-15,2024-11-13
2024-11-15,0.6455498337745667,0.64947456,0.6480895,0.0069020992691959,-0.0009120734029249,36.30880392658833,0.6455498337745667,0.6918787360191345,1,0.0017201059739166069,-0.0764172119838589,0.6463413834571838,2024-11-18,2024-11-14
2024-11-18,0.6463413834571838,0.6480895,0.64819795,0.0067360650357547,-0.0010462249043216,38.692431329021645,0.6455498337745667,0.6918787360191345,2,-0.005416024015032468,-0.05493989504576591,0.650590181350708,2024-11-19,2024-11-15
2024-11-19,0.650590181350708,0.64819795,0.6478796,0.0067310742730462,-0.0007618098683102,44.81055418804604,0.6455498337745667,0.6918787360191345,3,0.01397245036674078,-0.02445978743095288,0.6541501879692078,2024-11-20,2024-11-18
2024-11-20,0.6541501879692078,0.6478796,0.64784825,0.0066779533132889,-0.0002721756730359,47.2830873259726,0.6455498337745667,0.6918787360191345,4,0.005341190903602937,0.0025488418048948414,0.6513999700546265,2024-11-21,2024-11-19
2024-11-21,0.6513999700546265,0.64784825,0.64812064,0.0065771670658626,-8.16649625416093e-05,44.76183847473216,0.6455498337745667,0.6918787360191345,5,0.0032633707191537793,0.01906046895632941,0.6510289311408997,2024-11-22,2024-11-20
2024-11-22,0.6510289311408997,0.6506462,0.6534689,0.006418499374343,6.339383303648628e-05,43.059759130908965,0.6455498337745667,0.6918787360191345,1,-0.007388136557883757,0.00982076167507639,0.6539880037307739,2024-11-25,2024-11-21
2024-11-25,0.6539880037307739,0.6534689,0.6527203,0.0063463726601398,0.0003847354761761,46.37427037762478,0.6455498337745667,0.6918787360191345,2,-0.009527380066168888,0.005677551917394998,0.646379828453064,2024-11-26,2024-11-22
2024-11-26,0.646379828453064,0.6527203,0.6515833,0.0066979102880411,0.0001244685712101,35.86343195400947,0.6455498337745667,0.6918787360191345,3,0.004286314657899773,-0.004016552332532198,0.6475173830986023,2024-11-27,2024-11-25
2024-11-27,0.6475173830986023,0.6515833,0.65389925,0.0065467025082096,7.11526801812877e-05,41.87934533379016,0.6455498337745667,0.6918787360191345,4,-0.012914458354139725,-0.022033917091298035,0.6497219204902649,2024-11-28,2024-11-26
2024-11-28,0.6497219204902649,0.65389925,0.6512462,0.0064342547728717,0.0002182747573294,31.199115463907237,0.6455498337745667,0.6918787360191345,5,0.006908460270460658,-0.018462638279616122,0.6507400274276733,2024-11-29,2024-11-27
2024-11-29,0.6507400274276733,0.65072566,0.64951473,0.00629083027909,0.0004071023752134,40.24467421473109,0.6455498337745667,0.6918787360191345,1,0.0,-0.011184051727036284,0.6502415537834167,2024-12-02,2024-11-28
2024-12-02,0.6502415537834167,0.64951473,0.65055025,0.00614377651368,0.000514459063933,40.447993554659696,0.6455498337745667,0.6918787360191345,2,0.00331395542562012,0.0015955435270758422,0.6475300192832947,2024-12-03,2024-11-29
2024-12-03,0.6475300192832947,0.65055025,0.6489437,0.0060664260100284,0.0004227186076068,42.7379544629013,0.6455498337745667,0.6918787360191345,3,-0.0012261194171518171,-0.003910496093641412,0.6485504508018494,2024-12-04,2024-12-02
2024-12-04,0.6485504508018494,0.6489437,0.65001315,0.0059367679460521,0.000448198995778,48.95942256177917,0.6455498337745667,0.6918787360191345,4,0.017150550571007218,0.02649167447523416,0.6432936787605286,2024-12-05,2024-12-03
2024-12-05,0.6432936787605286,0.65001315,0.6519936,0.0060615706962032,0.0001441974116107,46.87826795499005,0.6432936787605286,0.6918787360191345,5,-0.0009651810670761947,0.018441182129404488,0.6449898481369019,2024-12-06,2024-12-04
2024-12-06,0.6449898481369019,0.6448379,0.64520395,0.0059509155463464,9.3010998558362e-05,48.17561707187948,0.6432936787605286,0.6918787360191345,1,-0.001691427036356159,0.016720019200111805,0.639991819858551,2024-12-09,2024-12-05
2024-12-09,0.639991819858551,0.64520395,0.6450652,0.0060521066801291,-0.0002244525330673,35.97733800411032,0.639991819858551,0.6918787360191345,2,0.0008460711338127912,0.014213965432842037,0.643790602684021,2024-12-10,2024-12-06
2024-12-10,0.643790602684021,0.6450652,0.643134,0.0060565188673585,-0.0001302679346423,36.37932412671096,0.639991819858551,0.6918787360191345,3,0.02033065993438071,0.03631450449593498,0.6376001834869385,2024-12-11,2024-12-09
2024-12-11,0.6376001834869385,0.643134,0.6443242,0.0062750634880339,-0.0004201982050415,33.361361205974674,0.6376001834869385,0.6918787360191345,4,0.0,0.018692684080309226,0.6383902430534363,2024-12-12,2024-12-10
2024-12-12,0.6383902430534363,0.6443242,0.644014,0.0061339361993756,-0.0004892500460897,34.913755076369654,0.6376001834869385,0.6918787360191345,5,-0.0022517461047863417,0.017382912422678014,0.6375001668930054,2024-12-13,2024-12-11
2024-12-13,0.6375001668930054,0.6374191,0.63688475,0.0059975098325668,-0.0005223469923052,29.29658380909328,0.6375001668930054,0.6918787360191345,1,-0.004518987951738658,0.014510263472407563,0.6367115378379822,2024-12-16,2024-12-12
2024-12-16,0.6367115378379822,0.63688475,0.63690835,0.0058644579559477,-0.0005235084586677,35.35088622410551,0.6367115378379822,0.6918787360191345,2,-0.01102599903417866,0.002537139949653557,0.6376400589942932,2024-12-17,2024-12-13
2024-12-17,0.6376400589942932,0.63690835,0.6362954,0.0057409291795605,-0.0003938148023817,34.93876037474506,0.6367115378379822,0.6918787360191345,3,-0.0013265764037010605,-0.01894161902904953,0.6341153979301453,2024-12-18,2024-12-16
2024-12-18,0.6341153979301453,0.6362954,0.63704425,0.0057364464287892,-0.0004721965483446,27.12369076783824,0.6341153979301453,0.6918787360191345,4,-0.012629201966152723,-0.03125369397812252,0.6206199526786804,2024-12-19,2024-12-17
2024-12-19,0.6206199526786804,0.63704425,0.6348501,0.0072991101349043,-0.0013121229465192,17.674001461073644,0.6206199526786804,0.6918787360191345,5,0.002075347014305267,-0.02705275613333742,0.6233997941017151,2024-12-20,2024-12-18
2024-12-20,0.6233997941017151,0.62088674,0.62362254,0.0071856879234666,-0.0015436990822838,22.53723661165128,0.6206199526786804,0.6918787360191345,1,-0.019580631900887508,-0.041597135021522465,0.6252892017364502,2024-12-23,2024-12-19
2024-12-23,0.6252892017364502,0.62362254,0.623904,0.0070398301763443,-0.0014351404572616,26.85526219484207,0.6206199526786804,0.6915801763534546,2,0.005085840171359418,-0.02603043482857998,0.6244925856590271,2024-12-24,2024-12-20
2024-12-24,0.6244925856590271,0.623904,0.62157184,0.0068709687002512,-0.0012872275590596,24.84719771070762,0.6206199526786804,0.6887099742889404,3,-0.004464324542501597,-0.029081716438908393,0.6239081621170044,2024-12-25,2024-12-23
2024-12-25,0.6239081621170044,0.62157184,0.6253751,0.0067061344214002,-0.0011059265195104,27.537623194811843,0.6206199526786804,0.6887099742889404,4,0.00656557970297388,-0.01026513965333265,0.6244574785232544,2024-12-26,2024-12-24
2024-12-26,0.6244574785232544,0.6253751,0.6212868,0.0065485361747031,-0.0008383292747601,25.559163007972032,0.6206199526786804,0.6850300431251526,5,0.0,-0.012317052988123382,0.6223007440567017,2024-12-27,2024-12-25
2025-01-03,0.6200800538063049,0.6188005,0.6193663,0.0059294764083984,-0.0001368604227655,22.30724769512115,0.6194201707839966,0.6740997433662415,1,0.0006270129152066223,-0.01506355611129317,0.6220104694366455,2025-01-06,2025-01-02
2025-01-06,0.6220104694366455,0.6193663,0.61594504,0.005837384401336,0.0001517962863239,27.448380790760027,0.6194201707839966,0.6731105446815491,2,0.012705730469062898,-0.007981284375865967,0.623910129070282,2025-01-07,2025-01-03
2025-01-07,0.623910129070282,0.61594504,0.6184189,0.0057474371565886,0.0005129070472436,29.547496688177237,0.6194201707839966,0.6725999116897583,3,0.021429735158765856,0.01587688739483173,0.6234919428825378,2025-01-08,2025-01-06
2025-01-08,0.6234919428825378,0.6184189,0.618706,0.0056207514081847,0.0007514120570664,32.56101570205237,0.6194201707839966,0.6716818809509277,4,0.008084555631823191,0.02842670957710182,0.6211604475975037,2025-01-09,2025-01-07
2025-01-09,0.6211604475975037,0.618706,0.61847407,0.0055537785554845,0.0007767517938209,51.40061041159536,0.6194201707839966,0.6716818809509277,5,0.01597552148922448,0.06058702888106693,0.6189700961112976,2025-01-10,2025-01-08
2025-01-10,0.6189700961112976,0.6222423,0.62404066,0.0054831701636405,0.0006743924092859,38.15936219433699,0.6189700961112976,0.6716818809509277,1,0.012225389355236115,0.0729597294085199,0.6154982447624207,2025-01-13,2025-01-09
2025-01-13,0.6154982447624207,0.62404066,0.62323076,0.0054970934197649,0.0004140401334131,25.869996327579884,0.6154982447624207,0.6716818809509277,2,-0.0011690706262276669,0.05817542837432925,0.6192100048065186,2025-01-14,2025-01-10
2025-01-14,0.6192100048065186,0.62323076,0.62592494,0.0055406139470268,0.0005258066862518,38.61663622608744,0.6154982447624207,0.6685997843742371,3,0.004900805420346145,0.04082867761393312,0.619160532951355,2025-01-15,2025-01-13
2025-01-15,0.619160532951355,0.62592494,0.62357396,0.005419632823115,0.0006237196717168,39.52796154695668,0.6154982447624207,0.6685997843742371,4,0.0034860233805795665,0.03605338146364766,0.6235401034355164,2025-01-16,2025-01-14
2025-01-16,0.6235401034355164,0.62357396,0.62504995,0.0055274040140817,0.0009890463007962,48.26899761341884,0.6154982447624207,0.6676815152168274,5,0.011303415838173602,0.031224120797995875,0.6210300922393799,2025-01-17,2025-01-15
2025-01-17,0.6210300922393799,0.6209507,0.62060136,0.0054742754600015,0.0010609003513595,47.63394125586021,0.6154982447624207,0.6676815152168274,1,0.01163071682537297,0.03061106244377288,0.6195403337478638,2025-01-20,2025-01-16
2025-01-20,0.6195403337478638,0.62060136,0.6224844,0.0053789789082192,0.0010077369047676,44.72202211958134,0.6154982447624207,0.6676815152168274,2,-0.016689905700843943,0.014738613581286432,0.6281000375747681,2025-01-21,2025-01-17
2025-01-21,0.6281000375747681,0.6224844,0.6234444,0.0060613931334892,0.0015180382002039,58.42970387063615,0.6154982447624207,0.6676815152168274,3,0.0,0.00977774314311354,0.6262015104293823,2025-01-22,2025-01-20
2025-01-22,0.6262015104293823,0.6234444,0.6235645,0.0059572243416734,0.001683877658235,59.55100889520183,0.6154982447624207,0.6676815152168274,4,-0.006128301580466994,0.00011593210184236907,0.6275002360343933,2025-01-23,2025-01-21
2025-01-23,0.6275002360343933,0.6235645,0.6253049,0.0058418541048112,0.0018253248348568,60.266031138672645,0.6154982447624207,0.6676815152168274,5,-0.009204786171019986,-0.02018576031546615,0.6283262372016907,2025-01-24,2025-01-22
2025-01-24,0.6283262372016907,0.6270168,0.62647283,0.0057197898730313,0.0019097400535511,59.013492891180704,0.6154982447624207,0.6676815152168274,1,0.006533654698869979,-0.025167228157144683,0.6292909979820251,2025-01-27,2025-01-23
2025-01-27,0.6292909979820251,0.62647283,0.62441087,0.0056049203755052,0.0019584861911092,57.88979664607608,0.6154982447624207,0.6676815152168274,2,-0.002212010159230562,-0.010951039186174481,0.6263799667358398,2025-01-28,2025-01-24
2025-01-28,0.6263799667358398,0.62441087,0.6251689,0.005570413175023,0.0017305125077898,53.94614035173448,0.6154982447624207,0.6676815152168274,3,-0.020369261459914086,-0.030893440556739114,0.6254573464393616,2025-01-29,2025-01-27
2025-01-29,0.6254573464393616,0.6251689,0.6234268,0.0054576432131837,0.0014639985123544,56.10629993291456,0.6154982447624207,0.6676815152168274,4,0.0040361400459950495,-0.020992781408593158,0.6239782571792603,2025-01-30,2025-01-28
2025-01-30,0.6239782571792603,0.6234268,0.6237081,0.005363162539356,0.0011484500019772,57.26391393580804,0.6154982447624207,0.6676815152168274,5,0.008728571240526836,-0.003277522791118762,0.6215001940727234,2025-01-31,2025-01-29
2025-01-31,0.6215001940727234,0.62160796,0.62221366,0.0053163926571651,0.0007523394549675,58.963727064587694,0.6154982447624207,0.6676815152168274,1,0.007138274803439134,-0.002674702122338482,0.614420473575592,2025-02-03,2025-01-30
2025-02-03,0.614420473575592,0.62221366,0.6224351,0.0057573194934358,3.111719540106143e-05,43.50079506172041,0.614420473575592,0.65845787525177,2,-0.006081895310409236,-0.0065267781302247845,0.6217397451400757,2025-02-04,2025-01-31
2025-02-04,0.6217397451400757,0.6224351,0.62220275,0.0061962722719458,6.276798779279551e-05,52.923159649696416,0.614420473575592,0.6577605605125427,3,0.007480180735855045,0.021529763102614546,0.6251093745231628,2025-02-05,2025-02-03
2025-02-05,0.6251093745231628,0.62220275,0.6221185,0.0061700511456293,0.0003124458388663,51.82020812650197,0.614420473575592,0.6541501879692078,4,0.011231533344878048,0.028906579234281207,0.6285473704338074,2025-02-06,2025-02-04
2025-02-06,0.6285473704338074,0.6221185,0.62208754,0.0061484771317995,0.0006893411657132,58.53559164193004,0.614420473575592,0.6541501879692078,5,0.020964651419344747,0.041573702557784656,0.6281801462173462,2025-02-07,2025-02-05
2025-02-07,0.6281801462173462,0.6294249,0.6287115,0.0060084873266516,0.0008818050591594,60.06681019515244,0.614420473575592,0.6541501879692078,1,0.004275338767884391,0.038596008179180456,0.6258898973464966,2025-02-10,2025-02-06
2025-02-10,0.6258898973464966,0.6287115,0.62702405,0.0059228215199803,0.0008238488748476,46.98421838553206,0.614420473575592,0.6541501879692078,2,0.028336209444502193,0.07496479661922238,0.6271283030509949,2025-02-11,2025-02-07
2025-02-11,0.6271283030509949,0.62702405,0.6280909,0.0058074686708713,0.0008352851693744,51.2878277131844,0.614420473575592,0.6541501879692078,3,0.02564242139116298,0.09466694191592809,0.629830002784729,2025-02-12,2025-02-10
2025-02-12,0.629830002784729,0.6280909,0.62680274,0.0057578292020671,0.0009810960383874,53.11584764097324,0.614420473575592,0.6541501879692078,4,-0.0228089383976497,0.05803105189777886,0.6282985806465149,2025-02-13,2025-02-11
2025-02-13,0.6282985806465149,0.62680274,0.6268298,0.0056535334109427,0.0009311025758754,49.96369690672609,0.614420473575592,0.6539880037307739,5,0.0222769264194491,0.05942039099462237,0.6316919922828674,2025-02-14,2025-02-12
2025-02-14,0.6316919922828674,0.6296337,0.6308982,0.0056559462792593,0.0010731727067092,52.962739589002815,0.614420473575592,0.6539880037307739,1,0.014999774021689321,0.07084321859047207,0.6356511116027832,2025-02-17,2025-02-13
2025-02-17,0.6356511116027832,0.6308982,0.62857413,0.0057000115138124,0.0013618331910334,61.151802281063496,0.614420473575592,0.6539880037307739,2,-0.023872587026951185,0.016370142615055504,0.6356107592582703,2025-02-18,2025-02-14
2025-02-18,0.6356107592582703,0.62857413,0.6288981,0.0055751257255623,0.0014689007779796,62.47787843982936,0.614420473575592,0.6507400274276733,3,0.0,-0.009360737935553285,0.6353119015693665,2025-02-19,2025-02-17
2025-02-19,0.6353119015693665,0.6288981,0.6283117,0.0054552095700012,0.0014366916658953,64.34441626395048,0.614420473575592,0.6507400274276733,4,-0.015473949459281645,-0.0020676954116424233,0.6341274976730347,2025-02-20,2025-02-18
2025-02-20,0.6341274976730347,0.6283117,0.628268,0.0053525585232958,0.0012590870708952,66.52279643792497,0.614420473575592,0.6507400274276733,5,-0.006125566588133508,-0.030012727837424712,0.6404098868370056,2025-02-21,2025-02-19
2025-02-21,0.6404098868370056,0.6315289,0.6310369,0.0056649722219818,0.0014733053055263,84.73180290261426,0.614420473575592,0.6507400274276733,1,0.011129332905545155,-0.03375975046488873,0.6370319724082947,2025-02-24,2025-02-20
2025-02-24,0.6370319724082947,0.6310369,0.6331027,0.0056542974301048,0.0013020248571978,72.84257948485092,0.614420473575592,0.6502415537834167,2,-0.010471269367841866,-0.020723702939401897,0.6338099837303162,2025-02-25,2025-02-21
2025-02-25,0.6338099837303162,0.6331027,0.6332767,0.005634892129809,0.0009050833459883,63.05400745473146,0.614420473575592,0.6485504508018494,3,-0.009474510390437337,-0.02995805184596864,0.6352877020835876,2025-02-26,2025-02-24
2025-02-26,0.6352877020835876,0.6332767,0.63424516,0.0055372147472651,0.0006853716376153,60.74493557827524,0.614420473575592,0.6485504508018494,4,-0.006886650883797669,-0.021592143138089753,0.6310780644416809,2025-02-27,2025-02-25
2025-02-27,0.6310780644416809,0.63424516,0.6372234,0.0056004185744737,0.0002237459134477,54.11547609978246,0.614420473575592,0.6449898481369019,5,0.012405953665810794,-0.0032917144602511196,0.623219907283783,2025-02-28,2025-02-26
2025-02-28,0.623219907283783,0.6286414,0.6287999,0.006102651341023,-0.0005986576000053,46.72598556641656,0.614420473575592,0.6449898481369019,1,0.008331578098502572,-0.0060763626595096935,0.6220685243606567,2025-03-03,2025-02-27
2025-03-03,0.6220685243606567,0.6287999,0.62875354,0.0059755898634542,-0.0011747027660405,43.78229195812135,0.614420473575592,0.643790602684021,2,-0.014404511438083157,-0.009978026799712601,0.6215812563896179,2025-03-04,2025-02-28
2025-03-04,0.6215812563896179,0.62875354,0.62828785,0.0058431157827003,-0.001521078403225,39.28010943675085,0.614420473575592,0.643790602684021,3,0.013640030476108149,0.013172401591244692,0.6269985437393188,2025-03-05,2025-03-03
2025-03-05,0.6269985437393188,0.62828785,0.6294216,0.0060200054540225,-0.001325062274089,48.46548592125018,0.614420473575592,0.6404098868370056,4,-0.010764556028160344,0.009251023403499046,0.6338099837303162,2025-03-06,2025-03-04
2025-03-06,0.6338099837303162,0.6294216,0.6299111,0.0063389872902091,-0.0007073693335606,52.313333142367576,0.614420473575592,0.6404098868370056,5,0.05144233767329024,0.04942760641594816,0.6332280039787292,2025-03-07,2025-03-05
2025-03-07,0.6332280039787292,0.6398948,0.63896793,0.0061940867084103,-0.0003279765593186,47.14261414993948,0.614420473575592,0.6404098868370056,1,0.002618996735577343,0.04344975656317446,0.6303898096084595,2025-03-10,2025-03-06
2025-03-10,0.6303898096084595,0.63896793,0.6408287,0.0061262492249468,-0.0002610729299199,44.22443680461871,0.614420473575592,0.6404098868370056,2,-0.020292329949920637,0.03732416465304328,0.6279513835906982,2025-03-11,2025-03-07
2025-03-11,0.6279513835906982,0.6408287,0.6411376,0.0060421133945566,-0.0003674313210522,42.22560227045226,0.614420473575592,0.6404098868370056,3,-0.009332316703541513,0.013766022728977697,0.6295286417007446,2025-03-12,2025-03-10
2025-03-12,0.6295286417007446,0.6411376,0.6406325,0.0059323826196864,-0.0003197024774274,45.18253133764739,0.614420473575592,0.6404098868370056,4,0.021430455186379798,0.04693530897151047,0.6327592134475708,2025-03-13,2025-03-11
2025-03-13,0.6327592134475708,0.6406325,0.63934004,0.0059080050392591,-7.16574846012241e-05,41.438220474310725,0.614420473575592,0.6404098868370056,5,0.01694430857674518,0.011433987840227288,0.6287410259246826,2025-03-14,2025-03-12
2025-03-14,0.6287410259246826,0.631769,0.6336775,0.0059330102048825,-0.0001734966988906,40.85278199740904,0.614420473575592,0.6404098868370056,1,0.015947632797405603,0.025005265763140345,0.6326191425323486,2025-03-17,2025-03-13
2025-03-17,0.6326191425323486,0.6336775,0.6309018,0.0059549983835209,1.502114055479994e-05,48.704921156995006,0.614420473575592,0.6404098868370056,2,-0.005937733472506577,0.039824913300253756,0.638198733329773,2025-03-18,2025-03-14
2025-03-18,0.638198733329773,0.6309018,0.6318583,0.0061288119047735,0.0004841966110944,52.90652624913557,0.614420473575592,0.6404098868370056,3,0.013057342105819809,0.06336882487162808,0.6361202001571655,2025-03-19,2025-03-17
2025-03-19,0.6361202001571655,0.6318583,0.63298965,0.0060283285102528,0.0006148607311076,55.25809695838052,0.614420473575592,0.6404098868370056,4,0.01198830020340408,0.05337558472913837,0.6364116668701172,2025-03-20,2025-03-18
2025-03-20,0.6364116668701172,0.63298965,0.632488,0.0058936313000163,0.000676349329547,66.33464165359084,0.614420473575592,0.6404098868370056,5,0.01648665430651425,0.05289361319120863,0.6303898096084595,2025-03-21,2025-03-19
2025-03-21,0.6303898096084595,0.636989,0.6395602,0.0061102422430924,0.0002868135933639,59.19475428493148,0.614420473575592,0.6404098868370056,1,0.0017714450653270794,0.038072894515949196,0.6288319230079651,2025-03-24,2025-03-20
2025-03-24,0.6288319230079651,0.6395602,0.64161474,0.0059935210990126,-8.076887824860909e-05,57.826578170560026,0.614420473575592,0.6404098868370056,2,0.0004915325117683023,0.044768441929863075,0.6285908222198486,2025-03-25,2025-03-21
2025-03-25,0.6285908222198486,0.64161474,0.6456463,0.0058593190555706,-0.0003311039054651,51.934978241092175,0.614420473575592,0.6404098868370056,3,-0.00462985906017308,0.02645187424024765,0.6309000849723816,2025-03-26,2025-03-24
2025-03-26,0.6309000849723816,0.6456463,0.64520836,0.005786720729875,-0.0003313146343828,46.02933186717375,0.614420473575592,0.6404098868370056,4,0.02322734568162919,0.03805328581196973,0.6287015080451965,2025-03-27,2025-03-25
2025-03-27,0.6287015080451965,0.64520836,0.6456619,0.0057066246857282,-0.0004616659162361,44.08440830061694,0.614420473575592,0.6404098868370056,5,0.0063467838469931665,0.027580744797815793,0.6301594376564026,2025-03-28,2025-03-26
2025-03-28,0.6301594376564026,0.63388944,0.63368106,0.0056063410836656,-0.0004323516108151,49.6876631384319,0.614420473575592,0.6404098868370056,1,-0.02298064644999868,0.002458172895057004,0.6282907128334045,2025-03-31,2025-03-27
2025-03-31,0.6282907128334045,0.63368106,0.6330762,0.0055202188493602,-0.0005158126103999,50.46727898024344,0.614420473575592,0.6404098868370056,2,0.002938365143867073,0.004914023567330483,0.6241885423660278,2025-04-01,2025-03-28
2025-04-01,0.6241885423660278,0.6330762,0.63345045,0.0055786983701697,-0.000806941464841,43.124449369633744,0.614420473575592,0.6404098868370056,3,-0.018258628772333623,-0.008688812726354047,0.6289584636688232,2025-04-02,2025-03-31
2025-04-02,0.6289584636688232,0.63345045,0.63180417,0.005706531316872,-0.0006449356991196,45.29299389386907,0.614420473575592,0.6404098868370056,4,-0.00019920859062432655,-0.031641912320292516,0.6264698505401611,2025-04-03,2025-04-01
2025-04-03,0.6264698505401611,0.63180417,0.63397187,0.0056440381587124,-0.0006691593133382,47.07652411422609,0.614420473575592,0.6404098868370056,5,0.0008961737723840239,-0.03690569622017882,0.6323510408401489,2025-04-04,2025-04-02
2025-04-04,0.6323510408401489,0.6233892,0.6218319,0.0058850947581367,-0.0002731716022938,49.671820643926125,0.614420473575592,0.6404098868370056,1,-0.04322195932757321,-0.056204018771529,0.5987701416015625,2025-04-07,2025-04-03
2025-04-07,0.5987701416015625,0.6218319,0.6214313,0.0133414517080284,-0.0021523176539491,21.365533123246863,0.5987701416015625,0.6404098868370056,2,-0.09282933543076072,-0.1423961147916047,0.5997613072395325,2025-04-08,2025-04-04
2025-04-08,0.5997613072395325,0.6214313,0.62151736,0.0129414949840301,-0.0031477515491527,23.171131833323518,0.5987701416015625,0.6404098868370056,3,-0.050399365743322516,-0.1695218795591023,0.595528781414032,2025-04-09,2025-04-07
2025-04-09,0.595528781414032,0.62151736,0.6227505,0.0126540547621761,-0.0038632989185766,21.491042489465546,0.595528781414032,0.6404098868370056,4,-0.01000432390887126,-0.17762502225525068,0.6133614778518677,2025-04-10,2025-04-08
2025-04-10,0.6133614778518677,0.6227505,0.62245184,0.0140334384378053,-0.0029489524842896,39.80494036870767,0.595528781414032,0.6404098868370056,5,0.011562180836784862,-0.16880661996348756,0.6223394870758057,2025-04-11,2025-04-09
2025-04-25,0.6403483152389526,0.6440658,0.6361622,0.0116722840736174,0.0026048562482792,56.88110484462975,0.595528781414032,0.6421988606452942,1,0.0029941980225562906,0.051832539673347416,0.63840651512146,2025-04-28,2025-04-24
2025-04-28,0.63840651512146,0.6361622,0.63459784,0.0113617308545838,0.0023146119815323,53.12442720577291,0.595528781414032,0.6421988606452942,2,-0.0029941980225562568,0.034552842210761624,0.6428800821304321,2025-04-29,2025-04-25
2025-04-29,0.6428800821304321,0.63459784,0.6326201,0.0111545092783618,0.0022883156488957,82.53040541134561,0.595528781414032,0.6428800821304321,3,0.0005168878655258812,0.024782804774027577,0.6386919617652893,2025-04-30,2025-04-28
2025-04-30,0.6386919617652893,0.6326201,0.63119876,0.0109361651976221,0.0018708510778703,77.41789508503918,0.595528781414032,0.6428800821304321,4,-0.0031052435334028017,-0.00975261937351989,0.6413093209266663,2025-05-01,2025-04-29
2025-05-01,0.6413093209266663,0.63119876,0.62955034,0.0106726330677477,0.0016601397723522,82.99269759450172,0.595528781414032,0.6428800821304321,5,-0.05607352061762226,-0.05697442543363044,0.6386797428131104,2025-05-02,2025-04-30
2025-05-02,0.6386797428131104,0.64755565,0.6460657,0.0104148678452016,0.0012514321695599,73.36638303771231,0.595528781414032,0.6428800821304321,1,0.004594671450517154,-0.05546392962787922,0.644558310508728,2025-05-05,2025-05-01
2025-05-05,0.644558310508728,0.6460657,0.63915074,0.0103325704280818,0.0012801671732659,71.75021646941305,0.595528781414032,0.644558310508728,2,0.010099495402357292,-0.043015141441810484,0.6461409330368042,2025-05-06,2025-05-02
2025-05-06,0.6461409330368042,0.63915074,0.6417271,0.0100638283498537,0.0013045014472565,67.84053244415514,0.595528781414032,0.6461409330368042,3,0.005925177969817894,-0.03782546872315758,0.6506688594818115,2025-05-07,2025-05-05
2025-05-07,0.6506688594818115,0.6417271,0.6499652,0.0099119776278386,0.0015097909788044,69.64561345873892,0.595528781414032,0.6506688594818115,4,0.017039799034740594,-0.018245868037416145,0.6434799432754517,2025-05-08,2025-05-06
2025-05-08,0.6434799432754517,0.6499652,0.64782625,0.0099424836750094,0.0010665554992654,59.15432841905633,0.595528781414032,0.6506688594818115,5,-0.025344934089104907,0.012390341830550685,0.6392595171928406,2025-05-09,2025-05-07
2025-05-09,0.6392595171928406,0.6523698,0.64907426,0.0097751617722406,0.0004270834520822,51.82675371579386,0.595528781414032,0.6506688594818115,1,-0.012094951453395206,-0.004365854960933389,0.642091691493988,2025-05-12,2025-05-08
2025-05-12,0.642091691493988,0.64907426,0.65452635,0.0095601420639437,0.0001472433781783,49.89609338881184,0.595528781414032,0.6506688594818115,2,0.010902897168546432,-0.0035656393260454274,0.6371780633926392,2025-05-13,2025-05-09
2025-05-13,0.6371780633926392,0.65452635,0.6535986,0.0094488669882167,-0.0003871712741789,49.57419345948293,0.595528781414032,0.6506688594818115,3,-0.007073377887293767,-0.016434030580881873,0.6472617387771606,2025-05-14,2025-05-12
2025-05-14,0.6472617387771606,0.6535986,0.6554116,0.0098348329701251,-9.515812754360384e-05,58.8120087188788,0.595528781414032,0.6506688594818115,4,0.022247173859377273,-0.011298875177932762,0.6428800821304321,2025-05-15,2025-05-13
2025-05-15,0.6428800821304321,0.6554116,0.6545612,0.0096794634873651,-0.0002233906707022,52.0596860913485,0.595528781414032,0.6506688594818115,5,-0.015173795972083464,-0.0011913440703725517,0.640578031539917,2025-05-16,2025-05-14
2025-05-16,0.640578031539917,0.6406054,0.64057016,0.0094468120716292,-0.0004750781562107,51.75631428538372,0.595528781414032,0.6506688594818115,1,0.007238909746494404,0.018307369178190317,0.6410001516342163,2025-05-19,2025-05-15
2025-05-19,0.6410001516342163,0.64057016,0.64186436,0.0091911355038499,-0.0006160179258184,48.37288485348741,0.595528781414032,0.6506688594818115,2,-0.01934837533708332,-0.012036441071987002,0.6455819606781006,2025-05-20,2025-05-16
2025-05-20,0.6455819606781006,0.64186436,0.6391977,0.0090837090033865,-0.0004132892165932,55.923058397938114,0.595528781414032,0.6506688594818115,3,0.0169772425792154,0.012012735098903228,0.6425999999046326,2025-05-21,2025-05-19
2025-05-21,0.6425999999046326,0.6391977,0.63916284,0.0088938416857967,-0.0004875432864048,51.10263340672681,0.595528781414032,0.6506688594818115,4,-0.0030260346385719466,-0.013243575430261126,0.6433101892471313,2025-05-22,2025-05-20
2025-05-22,0.6433101892471313,0.63916284,0.640321,0.0086568167867983,-0.0004947766703955,54.0899422987828,0.595528781414032,0.6506688594818115,5,0.003996732489320712,0.005855551952188467,0.6409804821014404,2025-05-23,2025-05-21
2025-05-23,0.6409804821014404,0.64794004,0.6490273,0.0084585015346724,-0.0006524949969874,46.62843469860029,0.595528781414032,0.6506688594818115,1,0.002261338227305517,0.0008612740038163401,0.6501189470291138,2025-05-26,2025-05-22
2025-05-26,0.6501189470291138,0.6490273,0.64956445,0.0088221909344431,-0.0001629073968615,53.2813935056532,0.595528781414032,0.6506688594818115,2,0.03342458026543332,0.05509821662590008,0.6481007933616638,2025-05-27,2025-05-23
2025-05-27,0.6481007933616638,0.64956445,0.64828813,0.0086102388013349,-4.884009207547189e-06,47.79014791160387,0.595528781414032,0.6506688594818115,3,0.0,0.03733675518572619,0.6447120904922485,2025-05-28,2025-05-26
2025-05-28,0.6447120904922485,0.64828813,0.6503587,0.0084557852860308,-0.0001504166101386,51.13447527225871,0.595528781414032,0.6506688594818115,4,-0.0202812436660701,0.01959083770773821,0.6425207257270813,2025-05-29,2025-05-27
2025-05-29,0.6425207257270813,0.6503587,0.65349245,0.0082610436917635,-0.0004018290139423,53.11924199580408,0.595528781414032,0.6506688594818115,5,-0.014111840791877541,0.0012936701049730578,0.6445998549461365,2025-05-30,2025-05-28
2025-05-30,0.6445998549461365,0.6442145,0.6456874,0.0080734220299842,-0.0004329765742824,52.434041411096175,0.595528781414032,0.6506688594818115,1,0.002043566522742006,0.001075640416875799,0.644321620464325,2025-06-02,2025-05-29
2025-06-02,0.644321620464325,0.6456874,0.6434784,0.0078568982669749,-0.0004738881943596,57.61780846820071,0.595528781414032,0.6506688594818115,2,-0.0002148995271001742,-0.032039905709952646,0.6498401165008545,2025-06-03,2025-05-30
2025-06-03,0.6498401165008545,0.6434784,0.64347166,0.0078875524682833,-0.0001477611966772,53.04614067257615,0.595528781414032,0.6506688594818115,3,0.03837293468076727,0.005825419364221747,0.646608829498291,2025-06-04,2025-06-02
2025-06-04,0.646608829498291,0.64347166,0.6444977,0.0077541001197636,-0.0001667315550307,54.528292599595225,0.595528781414032,0.6506688594818115,4,-0.00518450319141898,0.02112530328766563,0.6490682363510132,2025-06-05,2025-06-03
2025-06-05,0.6490682363510132,0.6444977,0.6461069,0.0075976480663025,-3.746099068280924e-05,60.27147937800879,0.595528781414032,0.6506688594818115,5,0.011370771023053533,0.047480617966164276,0.6510501503944397,2025-06-06,2025-06-04
2025-06-06,0.6510501503944397,0.64901936,0.6502385,0.0074289667575905,0.0001475604411142,61.71633857036641,0.595528781414032,0.6510501503944397,1,0.010022539816397101,0.05587187011257291,0.6500217914581299,2025-06-09,2025-06-05
2025-06-09,0.6500217914581299,0.6502385,0.65010595,0.0072387610197303,0.0001653813982524,55.64356045567917,0.595528781414032,0.6510501503944397,2,-0.017140032791401298,0.03815148098800861,0.6518101692199707,2025-06-10,2025-06-06
2025-06-10,0.6518101692199707,0.65010595,0.64952844,0.007075613776291,0.0002568507510707,62.07359437923592,0.595528781414032,0.6518101692199707,3,0.016325676622677046,0.015513556447825906,0.6527202129364014,2025-06-11,2025-06-09
2025-06-11,0.6527202129364014,0.64952844,0.64954835,0.0068958947587241,0.0003330478752272,62.271284352040986,0.595528781414032,0.6527202129364014,4,-0.005207608171614772,0.015490093298274395,0.6509501338005066,2025-06-12,2025-06-10
2025-06-12,0.6509501338005066,0.64954835,0.64784414,0.0067392925429191,0.0002238800205166,63.19364797902433,0.595528781414032,0.6527202129364014,5,-0.01714026613943747,-0.013053741787069396,0.6527999043464661,2025-06-13,2025-06-11
2025-06-13,0.6527999043464661,0.65067637,0.64975387,0.0065952290716392,0.0002347518297178,54.39597492538014,0.595528781414032,0.6527999043464661,1,0.004260792393544969,-0.018723926075535434,0.6499997973442078,2025-06-16,2025-06-12
2025-06-16,0.6499997973442078,0.64975387,0.6505675,0.0064932436212223,2.3012887430277476e-05,53.03595115034533,0.595528781414032,0.6527999043464661,2,-0.0038443294507411077,-0.005590051932799723,0.6511001586914062,2025-06-17,2025-06-13
2025-06-17,0.6511001586914062,0.6505675,0.6493552,0.0063359198075518,-6.828812913535834e-05,61.01887645994408,0.595528781414032,0.6527999043464661,3,0.004880837537628862,-0.01690603544999363,0.6479797959327698,2025-06-18,2025-06-16
2025-06-18,0.6479797959327698,0.6493552,0.648419,0.0062651164780065,-0.0003485159465662,59.12401923866222,0.595528781414032,0.6527999043464661,4,-0.005401492987357544,-0.017096623965461525,0.6507408618927002,2025-06-19,2025-06-17
2025-06-19,0.6507408618927002,0.648419,0.64855444,0.0061846893701955,-0.000356336038346,60.035025041541104,0.595528781414032,0.6527999043464661,5,0.009227140365298444,0.00916468878405733,0.6488786935806274,2025-06-20,2025-06-18
2025-06-20,0.6488786935806274,0.6500952,0.65072554,0.0060586480466652,-0.0004872381515796,57.08020247406566,0.595528781414032,0.6527999043464661,1,0.0,0.004873994923362875,0.6446704864501953,2025-06-23,2025-06-19
2025-06-23,0.6446704864501953,0.65072554,0.6482029,0.0060868030795674,-0.0008370317885916,41.62718317636474,0.595528781414032,0.6527999043464661,2,-0.0039291905707601535,0.004788723808827911,0.6477800011634827,2025-06-24,2025-06-20
2025-06-24,0.6477800011634827,0.6482029,0.64813197,0.0060394122712102,-0.0008367779543218,51.90436038341135,0.595528781414032,0.6527999043464661,3,0.0035163385627902445,0.00341862558664852,0.6495999097824097,2025-06-25,2025-06-23
2025-06-25,0.6495999097824097,0.64813197,0.64798254,0.0059249603553368,-0.0006975269149772,50.88287810343531,0.595528781414032,0.6527999043464661,4,0.004943401982937207,0.013852762854439359,0.6523114442825317,2025-06-26,2025-06-24
2025-06-26,0.6523114442825317,0.64798254,0.6484878,0.005859896199946,-0.0004199636042275,52.04490855361446,0.595528781414032,0.6527999043464661,5,0.009407022913502858,0.0140351536768969,0.654630184173584,2025-06-27,2025-06-25
2025-06-27,0.654630184173584,0.65170556,0.65059066,0.0057760581021722,-9.436922102317196e-05,57.17142560327683,0.595528781414032,0.654630184173584,1,0.030568031659263944,0.04551083630942393,0.6533215045928955,2025-06-30,2025-06-26
2025-06-30,0.6533215045928955,0.65059066,0.65456474,0.0056506935541088,1.298356246298444e-05,52.3875346510787,0.595528781414032,0.654630184173584,2,0.0005921175328644001,0.050248615334513205,0.6578081846237183,2025-07-01,2025-06-27
2025-07-01,0.6578081846237183,0.65456474,0.6510605,0.0057419694575728,0.0003477358482103,57.221656339782136,0.595528781414032,0.6578081846237183,3,-0.007624898296181614,0.03861248754123834,0.6583105325698853,2025-07-02,2025-06-30
2025-07-02,0.6583105325698853,0.6510605,0.6522359,0.0056059869076242,0.0005524061426895,60.83704113243644,0.595528781414032,0.6583105325698853,4,0.003572071455522733,0.037189182664681984,0.6582901477813721,2025-07-03,2025-07-01
2025-07-03,0.6582901477813721,0.6522359,0.652569,0.0054711806234452,0.0006301957828429,58.54377955414402,0.595528781414032,0.6583105325698853,5,0.019810456383350664,0.048035834704737546,0.6577298641204834,2025-07-04,2025-07-02
2025-07-04,0.6577298641204834,0.65757847,0.6571246,0.0053438976799305,0.000588489797076,62.93075427488908,0.6133614778518677,0.6583105325698853,1,-0.010150398354574054,0.006218604453699726,0.6551792025566101,2025-07-07,2025-07-03
2025-07-07,0.6551792025566101,0.6571246,0.65795535,0.0052921734730175,0.0003457100095175,56.50761591230243,0.6223394870758057,0.6583105325698853,2,-0.015521100680582477,-0.009864889083736028,0.6506096124649048,2025-07-08,2025-07-04
2025-07-08,0.6506096124649048,0.65795535,0.6559966,0.0054111143255791,-0.0001400032690213,54.0101177740897,0.6301316618919373,0.6583105325698853,3,-0.006797970921758149,-0.009045780631216718,0.6524518728256226,2025-07-09,2025-07-07
2025-07-09,0.6524518728256226,0.6559966,0.65567636,0.0053283632931574,-0.0003430122482472,52.68427883734238,0.631991446018219,0.6583105325698853,4,0.12443711051778991,0.11826468675963543,0.6535905003547668,2025-07-10,2025-07-08
2025-07-10,0.6535905003547668,0.65567636,0.656286,0.0052232883303768,-0.000402307992607,57.56371910204816,0.6337898373603821,0.6583105325698853,5,-0.03634795017511664,0.05719554564282536,0.6594000458717346,2025-07-11,2025-07-09
2025-07-11,0.6594000458717346,0.6533863,0.6524293,0.0055049544885442,-6.941466947935852e-05,72.48872929001352,0.6365291476249695,0.6594000458717346,1,0.01901523296442158,0.0884833678604466,0.6578081846237183,2025-07-14,2025-07-10
2025-07-14,0.6578081846237183,0.6524293,0.65181476,0.0054041696230676,1.9662066473407225e-05,66.0548007427892,0.6365291476249695,0.6594000458717346,2,0.002520242449624556,0.10829928518606531,0.6544716358184814,2025-07-15,2025-07-11
2025-07-15,0.6544716358184814,0.65181476,0.65235543,0.0054025191608649,-0.0001601369584139,57.43826171789682,0.6365291476249695,0.6594000458717346,3,-0.008486090965581885,0.10642992124748905,0.651898980140686,2025-07-16,2025-07-14
2025-07-16,0.651898980140686,0.65235543,0.6538604,0.0053520281532106,-0.0004499218798982,49.36755829979199,0.6365291476249695,0.6594000458717346,4,0.0056053193852702386,-0.017537639937346385,0.6525000333786011,2025-07-17,2025-07-15
2025-07-17,0.6525000333786011,0.6538604,0.65300834,0.0052366769618468,-0.0005898886745453,46.55216991980983,0.6371780633926392,0.6594000458717346,5,-0.008965419068541565,0.009736377861406166,0.649819016456604,2025-07-18,2025-07-16
2025-07-18,0.649819016456604,0.65180975,0.65121484,0.0052021599798139,-0.0008367246535705,44.57206092090775,0.6371780633926392,0.6594000458717346,1,-0.0019121251718409395,-0.011175162112175514,0.6512112617492676,2025-07-21,2025-07-17
2025-07-21,0.6512112617492676,0.65121484,0.6502383,0.0051132333710241,-0.0008757514736722,38.69192604459557,0.6371780633926392,0.6594000458717346,2,0.016630897874152062,0.0028767118707508916,0.6528096795082092,2025-07-22,2025-07-18
2025-07-22,0.6528096795082092,0.6502383,0.652402,0.0050360053558076,-0.0007673282285985,40.91223302118106,0.6371780633926392,0.6594000458717346,3,0.005809515450518906,0.017316408827306524,0.6554712057113647,2025-07-23,2025-07-21
2025-07-23,0.6554712057113647,0.652402,0.65490705,0.0050196983999785,-0.0005025758713808,45.716712916337606,0.6371780633926392,0.6594000458717346,4,0.01529990821973815,0.027226834256098353,0.6603999137878418,2025-07-24,2025-07-22
2025-07-24,0.6603999137878418,0.65490705,0.65507567,0.005210515197312,-7.886488640743887e-06,53.581582625214665,0.6371780633926392,0.6603999137878418,5,0.01705576477175168,0.054307297408622335,0.6597176194190979,2025-07-25,2025-07-23
2025-07-25,0.6597176194190979,0.6613555,0.6612787,0.0051009696536746,0.0002469274393713,56.40904346654994,0.6371780633926392,0.6603999137878418,1,-0.003110981742288766,0.05304409153048228,0.6572980284690857,2025-07-28,2025-07-24
2025-07-28,0.6572980284690857,0.6612787,0.6628863,0.0050576515902384,0.0002266013055957,60.05584739823891,0.6371780633926392,0.6603999137878418,2,-0.0023395420911621516,0.03325567276353716,0.6524008512496948,2025-07-29,2025-07-25
2025-07-29,0.6524008512496948,0.6628863,0.6614606,0.0052282558217791,-0.0001237419968704,49.929744157110456,0.6371780633926392,0.6603999137878418,3,-0.02967166185911239,-0.0027626894313318353,0.651321530342102,2025-07-30,2025-07-28
2025-07-30,0.651321530342102,0.6614606,0.65889466,0.0051261572053092,-0.0004186393886948,46.87055558387194,0.6371780633926392,0.6603999137878418,4,0.0015180785029724258,-0.0164121707724854,0.6447120904922485,2025-07-31,2025-07-29
2025-07-31,0.6447120904922485,0.65889466,0.658946,0.0055157640032327,-0.0010152904570006,30.179191058303445,0.6371780633926392,0.6603999137878418,5,-0.005996298009491309,-0.038826557665286816,0.6429089903831482,2025-08-01,2025-07-30
2025-08-01,0.6429089903831482,0.64376193,0.64360404,0.0054248091173396,-0.0014607540227725,30.008109781163867,0.6371780633926392,0.6603999137878418,1,-0.25171204689975507,-0.25038944728076956,0.6469100117683411,2025-08-04,2025-07-31
2025-08-04,0.6469100117683411,0.64360404,0.6429788,0.0054924829166925,-0.0014143694265557,40.031493637625154,0.6371780633926392,0.6603999137878418,2,0.018758362788043485,-0.2344062217256714,0.6474796533584595,2025-08-05,2025-08-01
2025-08-05,0.6474796533584595,0.6429788,0.64229095,0.005372782672033,-0.0012778944964394,43.849155652598085,0.640578031539917,0.6603999137878418,3,0.0005664247692132296,-0.21090256882712116,0.6472994685173035,2025-08-06,2025-08-04
2025-08-06,0.6472994685173035,0.64229095,0.64211667,0.0052534086977551,-0.0011370465227893,42.6760211062481,0.640578031539917,0.6603999137878418,4,-0.011618793284061735,-0.22120104760364112,0.6500217914581299,2025-08-07,2025-08-05
2025-08-07,0.6500217914581299,0.64211667,0.6435375,0.0052304394211926,-0.0008130182688062,50.285237093901856,0.640578031539917,0.6603999137878418,5,0.006167912535331675,-0.21166972016508326,0.6525711417198181,2025-08-08,2025-08-06
2025-08-08,0.6525711417198181,0.6500885,0.6481457,0.0051970922180737,-0.0004003479396028,51.85259167953696,0.6409804821014404,0.6603999137878418,1,-0.002850748171675486,0.011084137503954374,0.6517715454101562,2025-08-11,2025-08-07
2025-08-11,0.6517715454101562,0.6481457,0.65176445,0.0050909971258081,-0.0001665608079931,48.55426267147224,0.6409804821014404,0.6603999137878418,2,0.017433119829275943,0.009745092845735045,0.6514403223991394,2025-08-12,2025-08-08
2025-08-12,0.6514403223991394,0.65176445,0.6466545,0.0049835422507791,-2.6879591358614364e-05,43.99683272940963,0.6409804821014404,0.6603999137878418,3,-0.00720806458524645,0.0019252772945803865,0.6529802083969116,2025-08-13,2025-08-11
2025-08-13,0.6529802083969116,0.6466545,0.64847004,0.0049115520172695,0.0001659666104309,37.7092688475255,0.6409804821014404,0.6603999137878418,4,0.019033274217507272,0.03311188376798834,0.6551706194877625,2025-08-14,2025-08-12
2025-08-14,0.6551706194877625,0.64847004,0.6466236,0.004874104032767,0.0004231629985959,42.82632572765503,0.6409804821014404,0.6603999137878418,5,-0.005895178664802649,0.020724227824573435,0.6497514843940735,2025-08-15,2025-08-13
2025-08-15,0.6497514843940735,0.6544851,0.6538874,0.0051272838411213,0.0002206222429655,39.12345025703054,0.6425207257270813,0.6603999137878418,1,-0.0039121324246721165,0.019641421940717097,0.651296079158783,2025-08-18,2025-08-14
2025-08-18,0.651296079158783,0.6538874,0.6543488,0.005049069207782,0.0001844508015868,48.23739741529332,0.6425207257270813,0.6603999137878418,2,0.0030193399399282292,0.005049946697623178,0.6494801044464111,2025-08-19,2025-08-15
2025-08-19,0.6494801044464111,0.6543488,0.65147454,0.0049802276355414,3.956849618780598e-05,47.12957870012488,0.6425207257270813,0.6603999137878418,3,-0.00470071048434155,0.00757312473158709,0.6454598307609558,2025-08-20,2025-08-18
2025-08-20,0.6454598307609558,0.65147454,0.6509212,0.0050701327997998,-0.0003066200982686,51.26792735064331,0.6425207257270813,0.6603999137878418,4,-0.010827956116400377,-0.02206946370231232,0.6436100006103516,2025-08-21,2025-08-19
2025-08-21,0.6436100006103516,0.6509212,0.6512057,0.005002268183076,-0.0006216243115152,51.1868073761476,0.6429089903831482,0.6603999137878418,5,0.003848380140796914,-0.012494368012545436,0.6425496339797974,2025-08-22,2025-08-20
2025-08-22,0.6425496339797974,0.6397276,0.63881874,0.0049101086659133,-0.0008487711923169,41.80157927885725,0.6425496339797974,0.6603999137878418,1,0.0012418493801091871,-0.0073916435742335815,0.6484898924827576,2025-08-25,2025-08-21
2025-08-25,0.6484898924827576,0.63881874,0.6382434,0.0052543752571891,-0.000560245321867,51.58030571162707,0.6425496339797974,0.6603999137878418,2,0.003604074293522632,-0.006811061642008607,0.6481099724769592,2025-08-26,2025-08-22
2025-08-26,0.6481099724769592,0.6382434,0.63695395,0.0051407056683951,-0.0003656928789946,51.25998873256142,0.6425496339797974,0.6603999137878418,3,0.004262868581374833,0.0021314846700646027,0.6495801210403442,2025-08-27,2025-08-25
2025-08-27,0.6495801210403442,0.63695395,0.6370271,0.0050592140699492,-0.0001213393784668,49.28557655225608,0.6425496339797974,0.6603999137878418,4,-0.0035886086139926654,0.009412586143516415,0.6511399745941162,2025-08-28,2025-08-26
2025-08-28,0.6511399745941162,0.6370271,0.6373016,0.0049848500834784,0.000147420365827,47.608461371437,0.6425496339797974,0.6603999137878418,5,-0.00812182105277228,-0.0025982560861105976,0.6532399654388428,2025-08-29,2025-08-27
2025-08-29,0.6532399654388428,0.6517997,0.65188426,0.0049390060780311,0.0004515229402014,52.35158910762558,0.6425496339797974,0.6603999137878418,1,0.011038585829641259,0.007221045955739741,0.6543598771095276,2025-09-01,2025-08-28
2025-09-01,0.6543598771095276,0.65188426,0.6516973,0.0048545720975268,0.0006982606809536,54.56030001042737,0.6425496339797974,0.6603999137878418,2,0.0122468306693877,0.015963938997440145,0.6556801199913025,2025-09-02,2025-08-29
2025-09-02,0.6556801199913025,0.6516973,0.6508291,0.0047802774325657,0.0009073020477935,54.24635754636149,0.6425496339797974,0.6603999137878418,3,0.0,0.01164223621210304,0.6518301367759705,2025-09-03,2025-09-01
2025-09-03,0.6518301367759705,0.6508291,0.65171224,0.0048669240232846,0.0007497380880696,45.00682458847553,0.6425496339797974,0.6603999137878418,4,0.0112237356170585,0.026738559202860702,0.6544399857521057,2025-09-04,2025-09-02
2025-09-04,0.6544399857521057,0.65171224,0.65001965,0.0048580386584432,0.000781195369466,57.65064951738466,0.6425496339797974,0.6603999137878418,5,-0.0024102020135148045,0.03261967807309602,0.6521999835968018,2025-09-05,2025-09-03
2025-09-05,0.6521999835968018,0.6571419,0.6571896,0.0048192819782673,0.0006181917888369,51.4422500813138,0.6425496339797974,0.6603999137878418,1,-0.015586431517168008,0.005488942099886781,0.655450165271759,2025-09-08,2025-09-04
2025-09-08,0.655450165271759,0.6571896,0.65709627,0.0048610838459705,0.0006908105461129,59.10880806397928,0.6425496339797974,0.6603999137878418,2,-0.0012262060033473832,-0.007967196219578743,0.6598090529441833,2025-09-09,2025-09-05
2025-09-09,0.6598090529441833,0.65709627,0.6578064,0.0050017396066229,0.0009764865544191,71.66939101756306,0.6425496339797974,0.6603999137878418,3,0.001783104664788798,-0.006196719896335799,0.6584700345993042,2025-09-10,2025-09-08
2025-09-10,0.6584700345993042,0.6578064,0.6580489,0.0049167698158855,0.0010148744505963,72.79243171686956,0.6425496339797974,0.6603999137878418,4,0.0023355300255342216,-0.014990708484330898,0.6619316339492798,2025-09-11,2025-09-09
2025-09-11,0.6619316339492798,0.6580489,0.65747285,0.004966010740835,0.0012003056939138,77.68869209809264,0.6425496339797974,0.6619316339492798,5,0.010827696674733928,-0.0018645656890414898,0.6668000221252441,2025-09-12,2025-09-10
2025-09-12,0.6668000221252441,0.66161704,0.66185594,0.00514665326318,0.0015552224832164,76.98382163568552,0.6425496339797974,0.6668000221252441,1,0.008861649127066629,0.02283867285421701,0.6648998260498047,2025-09-15,2025-09-11
2025-09-15,0.6648998260498047,0.66185594,0.6619039,0.0050747812576289,0.0015622643037885,73.68220163000254,0.6425496339797974,0.6668000221252441,2,-0.00043574574458165135,0.02364750580927535,0.6673001646995544,2025-09-16,2025-09-12
2025-09-16,0.6673001646995544,0.6619039,0.6626439,0.0050371591494037,0.0016217850525141,74.35514288195384,0.6425496339797974,0.6673001646995544,3,0.014496124151625057,0.03674422955889191,0.6688998937606812,2025-09-17,2025-09-15
2025-09-17,0.6688998937606812,0.6626439,0.66429543,0.0049629136614157,0.0016562889909553,74.38322220367334,0.6425496339797974,0.6688998937606812,4,-0.004844718213337427,0.02932680995512264,0.6652501225471497,2025-09-18,2025-09-16
2025-09-18,0.6652501225471497,0.66429543,0.66398,0.0050114992705218,0.001334518262516,65.81611588087264,0.6425496339797974,0.6688998937606812,5,-0.01347256315564885,0.004615364300429615,0.6617901921272278,2025-09-19,2025-09-17
2025-09-19,0.6617901921272278,0.6666414,0.6670454,0.0050425328060469,0.0008153827872288,59.2168965099119,0.6425496339797974,0.6688998937606812,1,-0.00658479329356115,-0.010783136885352353,0.6589308381080627,2025-09-22,2025-09-18
2025-09-22,0.6589308381080627,0.6670454,0.6673668,0.0050289341985548,0.0002362258121865,53.884030309936186,0.6425496339797974,0.6688998937606812,2,0.006147083897539443,-0.0042498105017862815,0.660199761390686,2025-09-23,2025-09-19
2025-09-23,0.660199761390686,0.6673668,0.66874796,0.0049442481025415,-8.727250386718821e-05,60.6575517967385,0.6425496339797974,0.6688998937606812,3,0.0008751230140683835,-0.017720971340503936,0.6597799062728882,2025-09-24,2025-09-22
2025-09-24,0.6597799062728882,0.66874796,0.66862166,0.0048433650484794,-0.0003411455896459,57.20128288601124,0.6425496339797974,0.6688998937606812,4,0.0025115780623503393,-0.010468392426800657,0.6586921215057373,2025-09-25,2025-09-23
2025-09-25,0.6586921215057373,0.66862166,0.6685209,0.0047582544866104,-0.0005799186533021,59.03594467599352,0.6425496339797974,0.6688998937606812,5,0.0359897946923935,0.039706837475414876,0.6537314653396606,2025-09-26,2025-09-24
2025-09-26,0.6537314653396606,0.65818334,0.6563787,0.0049630603664202,-0.0010425462901065,47.71658581471996,0.6425496339797974,0.6688998937606812,1,-0.011108339286396362,0.035014297239563265,0.6553998589515686,2025-09-29,2025-09-25
2025-09-29,0.6553998589515686,0.6563787,0.6588992,0.0048968961893343,-0.001195803287357,43.691045982854085,0.6425496339797974,0.6688998937606812,2,0.0032924609806411808,0.032063934796977035,0.6581978797912598,2025-09-30,2025-09-26
2025-09-30,0.6581978797912598,0.6588992,0.65705246,0.004897566175897,-0.0010723031279591,49.62619117791532,0.6425496339797974,0.6688998937606812,3,0.026266398390743108,0.058604882695763916,0.6610700488090515,2025-10-01,2025-09-29
2025-10-01,0.6610700488090515,0.65705246,0.6540052,0.0049023981093589,-0.000774635067645,48.7971227475697,0.6425496339797974,0.6688998937606812,4,-0.007464320808828171,0.04809684813175413,0.6615498065948486,2025-10-02,2025-09-30
2025-10-02,0.6615498065948486,0.6540052,0.6540115,0.0048051723122438,-0.0005343187385299,41.64640322293075,0.6425496339797974,0.6688998937606812,5,0.005293001339195736,0.016412428769158143,0.6598090529441833,2025-10-03,2025-10-01
2025-10-03,0.6598090529441833,0.66005707,0.65708995,0.0047437497710251,-0.0004830371743876,41.85878481813832,0.6425496339797974,0.6688998937606812,1,0.013876902206789601,0.042127651544435034,0.6593101024627686,2025-10-06,2025-10-02
2025-10-06,0.6593101024627686,0.65708995,0.6554778,0.0046518780420486,-0.0004725772864375,36.39482225609817,0.6425496339797974,0.6688998937606812,2,0.03214425535149481,0.07263285307489423,0.6616500020027161,2025-10-07,2025-10-03
2025-10-07,0.6616500020027161,0.6554778,0.65555114,0.0046360005997621,-0.0003060060833674,37.95867858592459,0.6425496339797974,0.6688998937606812,3,-0.014136641324961854,0.030159038634841144,0.6580505967140198,2025-10-08,2025-10-06
2025-10-08,0.6580505967140198,0.65555114,0.65538734,0.0047075089039623,-0.0004286543791723,38.0222918567292,0.6425496339797974,0.6688998937606812,4,0.012157573009370483,0.05057232865741804,0.6584500670433044,2025-10-09,2025-10-07
2025-10-09,0.6584500670433044,0.65538734,0.6555299,0.0046173112064616,-0.0004699745375511,43.81306941886705,0.6425496339797974,0.6688998937606812,5,-0.00039624630372070505,0.044612332535692696,0.6561291813850403,2025-10-10,2025-10-08
2025-10-10,0.6561291813850403,0.6590778,0.6588484,0.0045952838511659,-0.0006306893208393,44.70484859408796,0.6425496339797974,0.6688998937606812,1,0.005829193522269696,0.03623933371301177,0.6498401165008545,2025-10-13,2025-10-09
2025-10-13,0.6498401165008545,0.6588484,0.65990466,0.0050031985049874,-0.0011096158667245,33.543093261422854,0.6425496339797974,0.6688998937606812,2,-0.045755712154609496,-0.04141959453758439,0.651159942150116,2025-10-14,2025-10-10
2025-10-14,0.651159942150116,0.65990466,0.6600028,0.0049218039719252,-0.0012747746025939,36.68732958614633,0.6425496339797974,0.6688998937606812,3,0.050669262739308656,0.022759197617018966,0.6491301655769348,2025-10-15,2025-10-13
2025-10-15,0.6491301655769348,0.6600028,0.65837574,0.0048685062092287,-0.0014454701793668,35.650047319430314,0.6425496339797974,0.6688998937606812,4,-0.023808263054996025,-0.013371560913445458,0.6508001685142517,2025-10-16,2025-10-14
2025-10-16,0.6508001685142517,0.65837574,0.65930665,0.0048074781563015,-0.0013712821926285,45.11879688501843,0.6425496339797974,0.6688998937606812,5,-0.0017081338268076546,-0.014665057805874357,0.64823979139328,2025-10-17,2025-10-15
2025-10-17,0.64823979139328,0.65115905,0.65294415,0.004790544093369,-0.0014143425322008,38.42101001688759,0.6425496339797974,0.6688998937606812,1,-0.002819727655700685,-0.02315039465544041,0.6501701474189758,2025-10-20,2025-10-16
2025-10-20,0.6501701474189758,0.65294415,0.652442,0.0047460823652594,-0.0012388228861011,36.643017095525884,0.6425496339797974,0.6688998937606812,2,-0.005359277641309777,0.017118735064109204,0.6516313552856445,2025-10-21,2025-10-17
2025-10-21,0.6516313552856445,0.652442,0.65316904,0.0046820965164352,-0.0009626189810091,33.52168076670934,0.6425496339797974,0.6688998937606812,3,0.013394668513055687,-0.020096061112937248,0.6491904854774475,2025-10-22,2025-10-20
2025-10-22,0.6491904854774475,0.65316904,0.652815,0.0046647307582708,-0.0008846146759388,29.80558904707273,0.6425496339797974,0.6688998937606812,4,-0.013698908181214555,-0.010139622662464027,0.6489999890327454,2025-10-23,2025-10-21
2025-10-23,0.6489999890327454,0.652815,0.65367806,0.0045736228478808,-0.0007892973684041,31.396136137943486,0.6425496339797974,0.6688998937606812,5,0.0062683731636311866,-0.002212420782887569,0.6514798402786255,2025-10-24,2025-10-22
2025-10-24,0.6514798402786255,0.6495732,0.6494407,0.0045741192861408,-0.0005159109775437,37.38336067242644,0.6425496339797974,0.6688998937606812,1,0.024097514963004135,0.025010002231266974,0.653398334980011,2025-10-27,2025-10-23
2025-10-27,0.653398334980011,0.6494407,0.64920735,0.0045397531695603,-0.0001798942991471,36.52132598062124,0.6425496339797974,0.6688998937606812,2,0.002260402648139722,0.03285008226081634,0.6558598279953003,2025-10-28,2025-10-24
2025-10-28,0.6558598279953003,0.64920735,0.65026116,0.0045396395060042,0.0002128261799507,46.28332669310623,0.6425496339797974,0.6688998937606812,3,0.009185120348577347,0.028511388470005342,0.6585099697113037,2025-10-29,2025-10-27
2025-10-29,0.6585099697113037,0.65026116,0.64943576,0.0045518079027525,0.0006320544917865,50.09441566567271,0.6425496339797974,0.6688998937606812,4,0.0,0.042697818997057636,0.657680094242096,2025-10-30,2025-10-28
2025-10-30,0.657680094242096,0.64943576,0.6494462,0.0044727690876848,0.0008223936119478,52.56503274803531,0.6425496339797974,0.6688998937606812,5,0.01792990668350266,0.0549284499159023,0.6559299826622009,2025-10-31,2025-10-29
2025-10-31,0.6559299826622009,0.6564978,0.6559955,0.0044280653413361,0.0007986898097497,61.85127187945854,0.6425496339797974,0.6688998937606812,1,-0.03016277423724716,-0.0007870346826330495,0.6545702219009399,2025-11-03,2025-10-30
2025-11-03,0.6545702219009399,0.6559955,0.6563516,0.0043694721336265,0.0006651615446766,56.62632462794603,0.6425496339797974,0.6688998937606812,2,-0.002464690218088246,-0.005497271819360028,0.6541078090667725,2025-11-04,2025-10-31
2025-11-04,0.6541078090667725,0.6563516,0.6557017,0.0042918970969626,0.0005255478168572,60.29909059292749,0.6425496339797974,0.6688998937606812,3,-0.003658812833263493,-0.018188918603281323,0.6485601663589478,2025-11-05,2025-11-03
2025-11-05,0.6485601663589478,0.6557017,0.6584401,0.0046355849900913,6.371330090172993e-05,46.00614259753233,0.6425496339797974,0.6688998937606812,4,-0.024266670048338407,-0.0417274482139362,0.6509907841682434,2025-11-06,2025-11-04
2025-11-06,0.6509907841682434,0.6584401,0.65920854,0.0046287178813104,-6.686410210078088e-05,54.92773986350863,0.6425496339797974,0.6688998937606812,5,0.007483036775056278,-0.05168628697970788,0.6483898758888245,2025-11-07,2025-11-05
2025-11-07,0.6483898758888245,0.65158284,0.65162,0.0046245859461818,-0.0003039187245923,46.8858824167254,0.6425496339797974,0.6688998937606812,1,-0.0035323091084347048,-0.026092983432397396,0.650239884853363,2025-11-10,2025-11-06
2025-11-10,0.650239884853363,0.65162,0.65129423,0.0045840627158694,-0.000310544577823,47.59865125359765,0.6425496339797974,0.6688998937606812,2,-0.0015176195049082092,-0.025170187712219842,0.653488039970398,2025-11-11,2025-11-07
2025-11-11,0.653488039970398,0.65129423,0.65145516,0.004642650830276,-8.246058941546231e-05,57.215511633725285,0.6425496339797974,0.6688998937606812,3,0.029727812977192947,0.007925492846686696,0.6529499292373657,2025-11-12,2025-11-10
2025-11-12,0.6529499292373657,0.65145516,0.65375113,0.0045545464346497,3.933574430177575e-05,56.555354857089725,0.6425496339797974,0.6688998937606812,4,-0.007597063291670923,0.024868034884034967,0.6536400318145752,2025-11-13,2025-11-11
2025-11-13,0.6536400318145752,0.65375113,0.65168047,0.0044748593947981,0.0001664203201322,53.81149696064616,0.6425496339797974,0.6688998937606812,5,0.00808840261445958,0.025488642810716573,0.6529000401496887,2025-11-14,2025-11-12
2025-11-14,0.6529000401496887,0.65507543,0.65451205,0.0043969547379249,0.0001985129010641,49.08264531732132,0.6481099724769592,0.6688998937606812,1,-0.00039301465230442604,0.028713012096169634,0.6533001661300659,2025-11-17,2025-11-13
2025-11-17,0.6533001661300659,0.65451205,0.6540075,0.0043188781188929,0.0002416911873127,44.900658791566336,0.6481099724769592,0.6688998937606812,2,-0.007497343296060943,0.022579947714006256,0.6492701172828674,2025-11-18,2025-11-14
2025-11-18,0.6492701172828674,0.6540075,0.6547304,0.004464114647603,6.280030869462586e-06,32.55174742529124,0.64823979139328,0.6688998937606812,3,-0.009851313783992953,-0.017102397290192584,0.6509018540382385,2025-11-19,2025-11-17
2025-11-19,0.6509018540382385,0.6547304,0.65468776,0.0044206450225392,-3.009733252755224e-05,37.57641835526288,0.64823979139328,0.6688998937606812,4,-0.007528247203173337,-0.01703475579439549,0.649000883102417,2025-11-20,2025-11-18
2025-11-20,0.649000883102417,0.65468776,0.65633106,0.0043860700049678,-0.0001651977627621,37.36976026109877,0.64823979139328,0.6688998937606812,5,0.009126948000411297,-0.016013371490300174,0.6449499130249023,2025-11-21,2025-11-19
2025-11-21,0.6449499130249023,0.6484982,0.64789575,0.0045295747435029,-0.0004919251142265,34.03098781066963,0.6449499130249023,0.6688998937606812,1,-0.009731717101725797,-0.02515975567567426,0.6462398767471313,2025-11-24,2025-11-20
2025-11-24,0.6462398767471313,0.64789575,0.647436,0.0044686316621305,-0.0005796658052863,37.28902019089292,0.6449499130249023,0.6688998937606812,2,0.009831592742830271,-0.008119593913595539,0.6465799808502197,2025-11-25,2025-11-21
2025-11-25,0.6465799808502197,0.647436,0.64666885,0.0043865750716503,-0.0005723114217593,46.153757096944496,0.6449499130249023,0.6688998937606812,3,-0.009327625128735287,-0.007600021362304687,0.6470301151275635,2025-11-26,2025-11-24
2025-11-26,0.6470301151275635,0.64666885,0.6457128,0.0043093422606677,-0.0004974125345487,41.66572598952963,0.6449499130249023,0.6688998937606812,4,0.007529003250223698,0.00745585929321252,0.6524859666824341,2025-11-27,2025-11-25
2025-11-27,0.6524859666824341,0.6457128,0.644875,0.0046575428034317,-6.351749825010732e-05,57.694710747133,0.6449499130249023,0.6688998937606812,5,0.02078460076161925,0.01926915372923704,0.653579831123352,2025-11-28,2025-11-26
2025-11-28,0.653579831123352,0.6516435,0.6504874,0.0045831289033211,0.0002944168166171,56.45771341512605,0.6449499130249023,0.6688998937606812,1,0.0,0.02923681534878243,0.6551298499107361,2025-12-01,2025-11-27
2025-12-01,0.6551298499107361,0.6504874,0.64999044,0.004529014091272,0.0006144165839035,53.39750500159114,0.6449499130249023,0.6688998937606812,2,0.015743829246684975,0.03533993057228265,0.6544001698493958,2025-12-02,2025-11-28
2025-12-02,0.6544001698493958,0.64999044,0.6510905,0.0044481469124963,0.0007469793606929,52.97747102806026,0.6449499130249023,0.6688998937606812,3,0.006439489345742295,0.05179362656480815,0.6573700904846191,2025-12-03,2025-12-01
2025-12-03,0.6573700904846191,0.6510905,0.65200067,0.0044904135399546,0.0009895084597394,57.00260051831329,0.6449499130249023,0.6688998937606812,4,-0.011175470790599912,0.032303227051274946,0.6605019569396973,2025-12-04,2025-12-02
2025-12-04,0.6605019569396973,0.65200067,0.65183246,0.0045416706357268,0.0012963282569939,63.09534810652965,0.6449499130249023,0.6688998937606812,5,0.028084817441979566,0.03986683869984172,0.660641610622406,2025-12-05,2025-12-03
2025-12-05,0.660641610622406,0.66050434,0.6614702,0.0044545704328253,0.0014334495945037,62.76116727760245,0.6449499130249023,0.6688998937606812,1,-0.003113356145866483,0.03663439736823619,0.6635400652885437,2025-12-08,2025-12-04
2025-12-08,0.6635400652885437,0.6614702,0.66011935,0.0044879179538937,0.001629812210074,75.8203050853307,0.6449499130249023,0.6688998937606812,2,0.016958269780918606,0.03789409295744963,0.6627300977706909,2025-12-09,2025-12-05
2025-12-09,0.6627300977706909,0.66011935,0.66036177,0.0044100280642432,0.0016126349463204,72.0582187136661,0.6449499130249023,0.6688998937606812,3,-0.0032568630065428986,0.027878939822582584,0.6640987992286682,2025-12-10,2025-12-08
2025-12-10,0.6640987992286682,0.66036177,0.66089827,0.0043554537344836,0.001597877526736,78.72603432594451,0.6449499130249023,0.6652501225471497,4,-0.023386275095255215,0.015404030581514997,0.6674498319625854,2025-12-11,2025-12-09
2025-12-11,0.6674498319625854,0.66089827,0.6600454,0.004432561804231,0.0017082762917592,93.9808644104132,0.6449499130249023,0.6674498319625854,5,0.006656519081847274,-0.006122883664581537,0.6665000319480896,2025-12-12,2025-12-10
2025-12-12,0.6665000319480896,0.6651384,0.66505563,0.004359918567358,0.0016129706372364,90.1365243327878,0.6449499130249023,0.6674498319625854,1,0.028313075901739357,0.02560709664163906,0.6647300720214844,2025-12-15,2025-12-11
2025-12-15,0.6647300720214844,0.66505563,0.66306007,0.0043197685071197,0.0013377125416937,84.02856312719308,0.6449499130249023,0.6674498319625854,2,-0.02679770979515132,-0.01830170484789763,0.6641799807548523,2025-12-16,2025-12-12
2025-12-16,0.6641799807548523,0.66306007,0.6596908,0.0042442029898307,0.0010388934771587,82.03323484158564,0.6449499130249023,0.6674498319625854,3,0.01035592520255418,-0.004846681455181308,0.6634001135826111,2025-12-17,2025-12-15
2025-12-17,0.6634001135826111,0.6596908,0.65841633,0.0041756440295567,0.0007239398329708,74.70059920627426,0.6449499130249023,0.6674498319625854,4,-0.009693707758661334,0.008873238475449722,0.6601501107215881,2025-12-18,2025-12-16
2025-12-18,0.6601501107215881,0.65841633,0.65994185,0.0042491602660965,0.0002560954430114,63.54751727375741,0.6449499130249023,0.6674498319625854,5,0.0143657579386246,0.01668094029705722,0.6613800525665283,2025-12-19,2025-12-17
2026-01-09,0.6701065301895142,0.6742314,0.6765252,0.004177062836522,-1.2348520977852138e-05,69.50433777424891,0.6449499130249023,0.6737000942230225,1,-0.010817465155150153,0.020692699547030118,0.6685801148414612,2026-01-12,2026-01-08
2026-01-12,0.6685801148414612,0.6765252,0.67628455,0.0041336420876416,-0.0002706144544854,63.94275939601421,0.6449499130249023,0.6737000942230225,2,0.018790451803464538,0.038209283664598484,0.6707807779312134,2026-01-13,2026-01-09
2026-01-13,0.6707807779312134,0.67628455,0.67691815,0.0041339489624455,-0.0003096744673713,67.6442574978559,0.6449499130249023,0.6737000942230225,3,0.021874933032647856,0.010211856709487977,0.6683598756790161,2026-01-14,2026-01-12
2026-01-14,0.6683598756790161,0.67691815,0.6742865,0.004141577509446,-0.0005035245580686,54.987482627869504,0.6449499130249023,0.6737000942230225,4,-0.002509469057374457,-0.006738235477985919,0.6682798862457275,2026-01-15,2026-01-13
2026-01-15,0.6682798862457275,0.6742865,0.6737452,0.0040682457396232,-0.0006336929070558,45.44995059232421,0.6449499130249023,0.6737000942230225,5,0.006511423888848364,0.03442930086758259,0.6704210042953491,2026-01-16,2026-01-14
2026-01-16,0.6704210042953491,0.6706019,0.67136526,0.0040684501172122,-0.0005739329291471,49.69375276591399,0.6449499130249023,0.6737000942230225,1,-0.01020329524776686,0.035064811351222,0.6687598824501038,2026-01-19,2026-01-15
2026-01-19,0.6687598824501038,0.67136526,0.669167,0.0040358118526046,-0.0006396042303784,44.37909769227074,0.6449499130249023,0.6737000942230225,2,-0.0271818592347448,-0.011442299815128397,0.6709878444671631,2026-01-20,2026-01-16
2026-01-20,0.6709878444671631,0.669167,0.66823274,0.0040433066283317,-0.0005308007953369,53.00243481031882,0.6449499130249023,0.6737000942230225,3,0.0,-0.03283212982080563,0.6731699109077454,2026-01-21,2026-01-19
2026-01-21,0.6731699109077454,0.66823274,0.6689834,0.0040465945560871,-0.0003200627776786,56.51221400071874,0.6449499130249023,0.6737000942230225,4,-0.002681326556787939,-0.032998330590654296,0.6754794120788574,2026-01-22,2026-01-20
2026-01-22,0.6754794120788574,0.6689834,0.668602,0.0040574173173507,-4.761929894689637e-05,64.59066641199851,0.6449499130249023,0.6754794120788574,5,-0.007563600184284361,-0.046513565616810186,0.6840506792068481,2026-01-23,2026-01-21
2026-01-23,0.6840506792068481,0.67501765,0.6731423,0.0049404046462773,0.0006489378387612,72.87905940706142,0.6449499130249023,0.6840506792068481,1,0.0022663907619747447,-0.0345494498094415,0.691399872303009,2026-01-26,2026-01-22
2026-01-26,0.691399872303009,0.6731423,0.6707796,0.0054258375349165,0.0014953375549793,75.96817279039011,0.6449499130249023,0.691399872303009,2,0.028920358078275955,0.02116264081050704,0.691472053527832,2026-01-27,2026-01-23
2026-01-27,0.691472053527832,0.6707796,0.6707235,0.0052985530347136,0.0019234759507752,74.4550667961471,0.6449499130249023,0.691472053527832,3,0.012274291330000235,0.033773927530305545,0.6995800137519836,2026-01-28,2026-01-26
2026-01-28,0.6995800137519836,0.6707235,0.6701495,0.0058350614908916,0.0025754531837474,81.85952087565636,0.6449499130249023,0.6995800137519836,4,-0.026329633060980427,0.009613724717015762,0.7039799094200134,2026-01-29,2026-01-27
2026-01-29,0.7039799094200134,0.6701495,0.6691788,0.0058736788520313,0.0030910405434656,87.42895229414113,0.6449499130249023,0.7039799094200134,5,0.010920700845244964,0.028449273413167116,0.7047300934791565,2026-01-30,2026-01-28
2026-01-30,0.7047300934791565,0.7033406,0.70301235,0.005733168093845,0.003254152256436,90.64169402935067,0.6449499130249023,0.7047300934791565,1,0.046909494425695066,0.07540271670557619,0.6946277618408203,2026-02-02,2026-01-29
2026-02-02,0.6946277618408203,0.70301235,0.70300263,0.0065019868182425,0.0024877894074924,72.76532402886933,0.6449499130249023,0.7047300934791565,2,-0.04614611810401607,-0.0023684553371519567,0.6955500841140747,2026-02-03,2026-01-30
2026-02-03,0.6955500841140747,0.70300263,0.7052544,0.0063366951414531,0.0018769213987001,76.72146358379337,0.6449499130249023,0.7047300934791565,3,-0.01632724135572056,-0.0304980541634082,0.7022520899772644,2026-02-04,2026-02-02
2026-02-04,0.7022520899772644,0.7052544,0.7043954,0.0065617996373815,0.0017601052744964,79.54150361520719,0.6449499130249023,0.7047300934791565,4,0.04400577841713017,0.04014758758922545,0.699440062046051,2026-02-05,2026-02-03
2026-02-05,0.699440062046051,0.7043954,0.7054242,0.006451175059791,0.0013478999482433,74.94331054142148,0.6449499130249023,0.7047300934791565,5,-0.0397915610591698,-0.01128548340161593,0.6916399002075195,2026-02-06,2026-02-04
2026-02-06,0.6916399002075195,0.70124966,0.69995207,0.0067880195178306,0.0004507556877158,67.78910899439907,0.6449499130249023,0.7047300934791565,1,-0.004645243148040119,-0.060966745173061276,0.7033699154853821,2026-02-09,2026-02-05
2026-02-09,0.7033699154853821,0.69995207,0.6999823,0.0076866309049274,0.0005420337967336,71.93576911119277,0.6449499130249023,0.7047300934791565,2,0.011061263030683612,-0.005680806960189312,0.7083597779273987,2026-02-10,2026-02-06
2026-02-10,0.7083597779273987,0.6999823,0.70012385,0.0076472043684377,0.0008166747363315,72.96421803381223,0.6449499130249023,0.7083597779273987,3,0.013803843930585742,0.024735039547115235,0.7074797749519348,2026-02-11,2026-02-09
2026-02-11,0.7074797749519348,0.70012385,0.6997829,0.0074306251929303,0.0008153843491444,71.27983327374672,0.6449499130249023,0.7083597779273987,4,-0.008276419658565643,-0.027463932627255154,0.7125298380851746,2026-02-12,2026-02-10
2026-02-12,0.7125298380851746,0.6997829,0.69892216,0.0074096998394186,0.00101779773571,69.86875339427291,0.6449499130249023,0.7125298380851746,5,0.00894897896843896,0.02111219766757396,0.7087101936340332,2026-02-13,2026-02-11
2026-02-13,0.7087101936340332,0.7081684,0.70905226,0.0073042200830704,0.0007689140733697,62.7022762004484,0.6449499130249023,0.7125298380851746,1,-0.030377758462980523,-0.004828397820511218,0.7070400714874268,2026-02-16,2026-02-12
2026-02-16,0.7070400714874268,0.70905226,0.70950335,0.0071189398389946,0.0003856380377835,61.16201390443988,0.6449499130249023,0.7125298380851746,2,0.0037186207526305258,-0.012108825402949145,0.7072985768318176,2026-02-17,2026-02-13
2026-02-17,0.7072985768318176,0.70950335,0.71136326,0.0069229623528231,6.042098313403799e-05,56.23599866704421,0.6462398767471313,0.7125298380851746,3,0.0,-0.02565183316811802,0.708320140838623,2026-02-18,2026-02-16
2026-02-18,0.708320140838623,0.71136326,0.7086201,0.0067438454341495,-0.0001627985021045,53.70904071351804,0.6465799808502197,0.7125298380851746,4,-0.02792183898914965,-0.04460651552373478,0.704379141330719,2026-02-19,2026-02-17
2026-02-19,0.704379141330719,0.7086201,0.7123016,0.0066844818454161,-0.0006267145119272,49.71559622392161,0.6470301151275635,0.7125298380851746,5,0.028094448608724638,-0.026138836483646104,0.7056102752685547,2026-02-20,2026-02-18
2026-02-20,0.7056102752685547,0.7074103,0.7064311,0.0065200284469067,-0.0008856733138686,60.39451029770488,0.6524859666824341,0.7125298380851746,1,-0.01102105618140487,-0.007104468900400771,0.7111399173736572,2026-02-23,2026-02-19
2026-02-23,0.7111399173736572,0.7064311,0.7022812,0.0066010667862248,-0.0007262544825124,63.57154124274085,0.653579831123352,0.7125298380851746,2,0.01747295267048268,0.0066464966813204055,0.706070065498352,2026-02-24,2026-02-20
2026-02-24,0.706070065498352,0.7022812,0.7025684,0.0066293843426217,-0.000987741317101,53.42090450092873,0.6544001698493958,0.7125298380851746,3,-0.009996651615555126,-0.0033664662098414413,0.7060999870300293,2026-02-25,2026-02-23
2026-02-25,0.7060999870300293,0.7025684,0.7029715,0.0064540874451349,-0.0011716292097559,56.28040150502556,0.6544001698493958,0.7125298380851746,4,0.02565121835476392,0.05148233040219137,0.7120498418807983,2026-02-26,2026-02-24
2026-02-26,0.7120498418807983,0.7029715,0.70530814,0.0065783655239663,-0.0009167731874088,69.94280788808517,0.6573700904846191,0.7125298380851746,5,0.009493868339474848,0.032104923106046575,0.71017986536026,2026-02-27,2026-02-25
2026-02-27,0.71017986536026,0.70972294,0.7094573,0.0064320685434067,-0.0008972348108683,58.24226719339303,0.6601501107215881,0.7125298380851746,1,-0.005450026589920928,0.037870856353763575,0.7058109045028687,2026-03-02,2026-02-26
2026-03-02,0.7058109045028687,0.7094573,0.70819247,0.0064190585953066,-0.0011836475725119,46.86795504116929,0.6601501107215881,0.7125298380851746,2,0.009622278291953983,0.029754770273000934,0.710580050945282,2026-03-03,2026-02-27
2026-03-03,0.710580050945282,0.70819247,0.70935446,0.00644383691755,-0.001060939918237,53.47725285392249,0.6601501107215881,0.7125298380851746,3,-0.018489498291913743,0.02104625328883844,0.7040701508522034,2026-03-04,2026-03-02
2026-03-04,0.7040701508522034,0.70935446,0.7088638,0.0066162789524182,-0.0014056203545518,40.8125218472055,0.6601501107215881,0.7125298380851746,4,-0.020741198751393842,-0.02524057010822666,0.7075998783111572,2026-03-05,2026-03-03
2026-03-05,0.7075998783111572,0.7088638,0.71198535,0.0065457512798799,-0.0013812726041214,48.78652224101226,0.6601501107215881,0.7125298380851746,5,0.01401752384407531,-0.020821105716782883,0.7011299729347229,2026-03-06,2026-03-04
2026-03-06,0.7011299729347229,0.711041,0.7122554,0.0067079202457137,-0.0017619064917347,44.15409994186821,0.6601501107215881,0.7125298380851746,1,-0.01757458022170611,-0.032621530733064764,0.6966199278831482,2026-03-09,2026-03-05
2026-03-09,0.6966199278831482,0.7122554,0.71132785,0.0066915453115014,-0.0022473321182863,40.25681910633216,0.6601501107215881,0.7125298380851746,2,0.0006950803071056875,-0.04121907675843482,0.7068586349487305,2026-03-10,2026-03-06
2026-03-10,0.7068586349487305,0.71132785,0.70716053,0.0073341117378677,-0.0018266393343504,48.85851551152657,0.6601501107215881,0.7125298380851746,3,0.0075276058723092055,-0.015947046602633207,0.712100088596344,2026-03-11,2026-03-09
2026-03-11,0.712100088596344,0.70716053,0.70812577,0.0073342417645232,-0.0011748122541528,55.91025479578559,0.6601501107215881,0.7125298380851746,4,0.01768594808097934,0.02260324596150283,0.7129209637641907,2026-03-12,2026-03-10
2026-03-12,0.7129209637641907,0.70812577,0.7099592,0.0071357855624873,-0.0006917178840453,55.63158015565096,0.6601501107215881,0.7129209637641907,5,-0.00995792118644709,-0.001622549388886966,0.7075298428535461,2026-03-13,2026-03-11
2026-03-13,0.7075298428535461,0.7105857,0.7113869,0.0071524396495966,-0.0007345650252786,47.21313466789245,0.6601501107215881,0.7129209637641907,1,-0.0035989598931909124,0.012428351132187836,0.7005700469017029,2026-03-16,2026-03-12
2026-03-16,0.7005700469017029,0.7113869,0.7138104,0.0073134308920197,-0.0012032509528339,45.87453581542242,0.6610198020935059,0.7129209637641907,2,-0.01906637758896683,-0.007382320531314223,0.706848680973053,2026-03-17,2026-03-13
2026-03-17,0.706848680973053,0.7138104,0.71242094,0.007406164808013,-0.0010666869619904,50.513450431043296,0.6610198020935059,0.7129209637641907,3,0.013211876292665282,-0.0017239465889763107,0.710909903049469,2026-03-18,2026-03-16
2026-03-18,0.710909903049469,0.71242094,0.71298426,0.0073223694147305,-0.0006970018158782,49.19744626351962,0.6658400893211365,0.7129209637641907,4,-0.011114142119103089,-0.03006432536706745,0.7029501795768738,2026-03-19,2026-03-17
2026-03-19,0.7029501795768738,0.71298426,0.71572137,0.0075715606797768,-0.0009661404058756,45.31204828403977,0.6678299903869629,0.7129209637641907,5,-0.030586158824142798,-0.04986743510960443,0.708109974861145,2026-03-20,2026-03-18
2026-03-20,0.708109974861145,0.7053079,0.70287055,0.0075527783275794,-0.0007821135810858,51.47565392908352,0.6678299903869629,0.7129209637641907,1,-0.0220268873083426,-0.06721606842549674,0.7007802128791809,2026-03-23,2026-03-19
2026-03-23,0.7007802128791809,0.70287055,0.7012747,0.0077176800621384,-0.0011189702156173,43.91016855988492,0.6678299903869629,0.7129209637641907,2,-0.016797736235749178,-0.06509751401327181,0.7006098031997681,2026-03-24,2026-03-20
2026-03-24,0.7006098031997681,0.7012747,0.70313585,0.0074986648916297,-0.0013052044319882,47.66574966607615,0.6678299903869629,0.7129209637641907,3,0.017993370747035806,-0.06061657871469147,0.6996901631355286,2026-03-25,2026-03-23
2026-03-25,0.6996901631355286,0.70313585,0.7057323,0.0072942113092027,-0.0014321080372422,44.46958842498939,0.6678299903869629,0.7129209637641907,4,-0.003130129888579305,-0.053086509909244815,0.6942901611328125,2026-03-26,2026-03-24
2026-03-26,0.6942901611328125,0.7057323,0.7061226,0.0073087377670401,-0.001797834036256,45.14501944903017,0.6678299903869629,0.7129209637641907,5,0.019449943827491212,-0.004501277604227053,0.6887398958206177,2026-03-27,2026-03-25
2026-03-27,0.6887398958206177,0.69054,0.6917578,0.0073379107075878,-0.0022995691496533,44.488054707114976,0.6682798862457275,0.7129209637641907,1,-0.015033763846452861,0.002484766531912412,0.6850901246070862,2026-03-30,2026-03-26
2026-03-30,0.6850901246070862,0.6917578,0.6925954,0.0072352784832413,-0.0027337240805666,33.2272449630987,0.6682798862457275,0.7129209637641907,2,0.003756852986170725,0.02330365801249282,0.6845901012420654,2026-03-31,2026-03-27
2026-03-31,0.6845901012420654,0.6925954,0.69108003,0.007037484796171,-0.0028955216839973,27.132575678752872,0.6682798862457275,0.7129209637641907,3,0.0016448554664745389,0.0067101715386548,0.692051112651825,2026-04-01,2026-03-30
2026-04-01,0.692051112651825,0.69108003,0.6936555,0.0072914615962504,-0.002363475172751,34.37679038346556,0.6682798862457275,0.7129209637641907,4,0.020157100232811233,0.030428761233812707,0.6923999190330505,2026-04-02,2026-03-31
2026-04-02,0.6923999190330505,0.6936555,0.6942215,0.0070912189036174,-0.001872928841217,37.74882381218062,0.6682798862457275,0.7129209637641907,5,0.006511190388170775,0.017182179484824228,0.6911499500274658,2026-04-03,2026-04-01
2026-04-03,0.6911499500274658,0.69559664,0.69653744,0.0069090839318573,-0.0015318705940947,41.59505796236675,0.6682798862457275,0.7129209637641907,1,-0.010905599959187336,0.021389953439539953,0.6885501742362976,2026-04-06,2026-04-02
2026-04-06,0.6885501742362976,0.69653744,0.6972759,0.0067758337219271,-0.001385037491814,32.5263131532754,0.6682798862457275,0.7129209637641907,2,0.0,0.017559940445507377,0.6916901469230652,2026-04-07,2026-04-03
2026-04-07,0.6916901469230652,0.6972759,0.6989616,0.0066795740777008,-0.0009981840620344,31.31788802343448,0.6682798862457275,0.7129209637641907,3,0.003678236070027349,0.01963113213823332,0.707679033279419,2026-04-08,2026-04-06
2026-04-08,0.707679033279419,0.6989616,0.6993434,0.0083664286497103,0.0003410926793979,53.97595892189005,0.6682798862457275,0.7129209637641907,4,-0.00700938080004491,-0.007695788907116561,0.703937828540802,2026-04-09,2026-04-07
2026-04-09,0.703937828540802,0.6993434,0.6989267,0.0082128701805522,0.0009472170614298,46.40638909795474,0.6687598824501038,0.7129209637641907,5,0.03804424731409376,0.024093163669519635,0.7075698375701904,2026-04-10,2026-04-08
2026-04-10,0.7075698375701904,0.70646566,0.70632356,0.0080665578487068,0.0015304240846488,56.246004094877456,0.6687598824501038,0.7129209637641907,1,-0.001998676585020025,0.03325542621894548,0.7019898295402527,2026-04-13,2026-04-09
2026-04-13,0.7019898295402527,0.70632356,0.7037731,0.0080415197891997,0.0014773167216494,51.154614518431046,0.6709878444671631,0.7129209637641907,2,0.021087830597987828,0.055275907672740744,0.7099298238754272,2026-04-14,2026-04-10
2026-04-14,0.7099298238754272,0.7037731,0.7056206,0.0082347625220703,0.0018876116666621,57.66651701920099,0.6731699109077454,0.7129209637641907,3,0.01781159571001089,0.07029639655088779,0.7129300832748413,2026-04-15,2026-04-13
2026-04-15,0.7129300832748413,0.7056206,0.707002,0.008058639957384,0.0022473052694531,64.47604499375086,0.6754794120788574,0.7129300832748413,4,0.015689537291392698,0.09486879517192584,0.7175799012184143,2026-04-16,2026-04-14
2026-04-16,0.7175799012184143,0.707002,0.70600015,0.0079731662124268,0.0026565761075529,72.71528004033641,0.6840506792068481,0.7175799012184143,5,0.0002470874559217801,0.054258181882307535,0.7159000635147095,2026-04-17,2026-04-15
2026-04-17,0.7159000635147095,0.7183648,0.7175087,0.0077646963063506,0.0026654676321537,75.04401677143159,0.6845901012420654,0.7175799012184143,1,-0.0009061811693833574,0.05541058349503046,0.7134998440742493,2026-04-20,2026-04-16
2026-04-20,0.7134998440742493,0.7175087,0.7172319,0.0075844594262083,0.0023708948318785,72.79524905698331,0.6845901012420654,0.7175799012184143,2,0.0060804956810176485,0.03968994091703001,0.7174198627471924,2026-04-21,2026-04-17
2026-04-21,0.7174198627471924,0.7172319,0.7190513,0.0074822121942264,0.0022994975470651,71.18625337866426,0.6845901012420654,0.7175799012184143,3,-0.011120855384533909,0.010040151349522604,0.7156198024749756,2026-04-22,2026-04-20
2026-04-22,0.7156198024749756,0.7190513,0.7213724,0.0072967583956081,0.00200144202018,68.93274093542752,0.6845901012420654,0.7175799012184143,4,-0.005732044023659669,-0.011366406140214242,0.7158001661300659,2026-04-23,2026-04-21
2026-04-23,0.7158001661300659,0.7213724,0.72134095,0.0070971381471357,0.0016987703986926,70.45578651218557,0.6845901012420654,0.7175799012184143,5,0.019552618230260894,0.007905115060130407,0.7129616141319275,2026-04-24,2026-04-22
2026-04-24,0.7129616141319275,0.711406,0.7127809,0.0069623802020121,0.0012125400594601,70.17767722889738,0.6845901012420654,0.7175799012184143,1,-0.007297785574562695,0.00148352826945099,0.7143500447273254,2026-04-27,2026-04-23
2026-04-27,0.7143500447273254,0.7127809,0.7112853,0.0067904910297282,0.0009037401999588,69.28841345607455,0.6845901012420654,0.7175799012184143,2,-0.00859581222512715,-0.013107221292054893,0.7190897464752197,2026-04-28,2026-04-24
2026-04-28,0.7190897464752197,0.7112853,0.70519584,0.0067843858900987,0.0009341486157044,62.013685460327984,0.6845901012420654,0.7190897464752197,3,-0.0009134808991143975,-0.002982049323892126,0.7187212109565735,2026-04-29,2026-04-27
2026-04-29,0.7187212109565735,0.70519584,0.70740706,0.006604221090569,0.0008474472651865,66.75443882114206,0.6845901012420654,0.7190897464752197,4,-0.01734799613390739,-0.014496357795268236,0.7131141424179077,2026-04-30,2026-04-28
2026-04-30,0.7131141424179077,0.70740706,0.7022421,0.0066724302249062,0.0003556463671214,56.014276292819176,0.6845901012420654,0.7190897464752197,5,-0.006105378262062169,-0.039460768845391785,0.720079779624939,2026-05-01,2026-04-29
2026-05-01,0.720079779624939,0.7138015,0.71495956,0.0068723195076534,0.000437268055022,69.05067685049532,0.6845901012420654,0.720079779624939,1,0.008047844376794507,-0.02460701060108167,0.7212925553321838,2026-05-04,2026-04-30
2026-05-04,0.7212925553321838,0.71495956,0.7120164,0.0067004303863975,0.0005058903634806,63.94156441560759,0.6845901012420654,0.7212925553321838,2,0.0010119821779090508,-0.015190471648038998,0.7167482376098633,2026-05-05,2026-05-01
2026-05-05,0.7167482376098633,0.7120164,0.71404916,0.0066786529414055,0.000194210338418,54.51368239482073,0.6845901012420654,0.7212925553321838,3,-0.023365961327474982,-0.0370555076314941,0.7203900218009949,2026-05-06,2026-05-04
2026-05-06,0.7203900218009949,0.71404916,0.7180374,0.0066075975129798,0.0001824782155693,53.40312926780677,0.6845901012420654,0.7212925553321838,4,0.025218539468338824,0.004818598720404222,0.7235099673271179,2026-05-07,2026-05-05
2026-05-07,0.7235099673271179,0.7180374,0.7143931,0.0065117104851078,0.0003256442148826,58.90517781339672,0.6845901012420654,0.7235099673271179,5,0.03204049835903662,0.0438887297223548,0.7208600044250488,2026-05-08,2026-05-06
2026-05-08,0.7208600044250488,0.72681904,0.72506124,0.0063950967180282,0.0001894280726712,58.562875414160445,0.6845901012420654,0.7235099673271179,1,-0.0014676820261337934,0.03400268898815978,0.7236999869346619,2026-05-11,2026-05-07
2026-05-11,0.7236999869346619,0.72506124,0.72576016,0.0062962069739405,0.0002351650377099,57.4946970979504,0.6845901012420654,0.7236999869346619,2,0.01963461678704533,0.05343895881660789,0.7246218919754028,2026-05-12,2026-05-08
2026-05-12,0.7246218919754028,0.72576016,0.72644603,0.0061415427027095,0.000269605866297,60.97308278018669,0.6845901012420654,0.7246218919754028,3,0.025983655041448343,0.10672989606842626,0.7237801551818848,2026-05-13,2026-05-11
2026-05-13,0.7237801551818848,0.72644603,0.72908604,0.0059902484784659,0.0001819950622748,59.57284635625214,0.6845901012420654,0.7246218919754028,4,0.011086720769667314,0.09119978265917399,0.7254998683929443,2026-05-14,2026-05-12
2026-05-14,0.7254998683929443,0.72908604,0.7284408,0.005866032069072,0.0001855283142999,65.45585730681006,0.6845901012420654,0.7254998683929443,5,0.022942177639864655,0.08131672485869916,0.7214298844337463,2026-05-15,2026-05-13
2026-05-15,0.7214298844337463,0.7264804,0.7277895,0.0058619063505105,-0.0001239041281818,58.186101133290514,0.6845901012420654,0.7254998683929443,1,-0.010300755993562987,0.07180743420834021,0.7130200862884521,2026-05-18,2026-05-14
2026-05-18,0.7130200862884521,0.7277895,0.7284529,0.0063139930877062,-0.000889950845068,43.53096031875102,0.6845901012420654,0.7254998683929443,2,-0.04931180430300637,0.00040007316233989156,0.7172901630401611,2026-05-19,2026-05-15
2026-05-19,0.7172901630401611,0.7284529,0.72671276,0.0063053860718967,-0.0010908087369094,48.59189540766355,0.6845901012420654,0.7254998683929443,3,0.003273801195157019,-0.02206283618749147,0.7106598019599915,2026-05-20,2026-05-18
2026-05-20,0.7106598019599915,0.72671276,0.7261835,0.0064958857465999,-0.0016200422234085,47.63268126715396,0.6845901012420654,0.7254998683929443,4,-0.01720712646640829,-0.04934466693495037,0.7150007486343384,2026-05-21,2026-05-19
2026-05-21,0.7150007486343384,0.7261835,0.72486484,0.0064819388396688,-0.0016234962432216,44.83977705162645,0.6845901012420654,0.7254998683929443,5,0.02015245445655226,-0.05199303633060097,0.7148299813270569,2026-05-22,2026-05-20
2026-05-22,0.7148299813270569,0.7131866,0.7145561,0.0063137773425515,-0.001581447583714,43.292088396149374,0.6845901012420654,0.7254998683929443,1,-0.005339752746315452,-0.047278285427929306,0.7157202363014221,2026-05-25,2026-05-21
2026-05-25,0.7157202363014221,0.7145561,0.7165057,0.0061593121408869,-0.0014417665843445,48.84538912133891,0.6845901012420654,0.7254998683929443,2,0.01349334518027408,0.014476505806940564,0.717029869556427,2026-05-26,2026-05-22
2026-05-26,0.717029869556427,0.7165057,0.71789134,0.0060190959956563,-0.0012181640147899,46.017367763667295,0.6845901012420654,0.7254998683929443,3,0.0,0.011160741947081566,0.717079758644104,2026-05-27,2026-05-25
2026-05-27,0.717079758644104,0.71789134,0.7148931,0.0058686284186509,-0.0010313001346237,41.78038251191254,0.6845901012420654,0.7254998683929443,4,0.002991429972730405,0.03179239260258109,0.7133201360702515,2026-05-28,2026-05-26
2026-05-28,0.7133201360702515,0.7148931,0.7154068,0.0058463244578753,-0.0011180226595036,40.62780614588551,0.6845901012420654,0.7254998683929443,5,-0.008842665101228171,0.002305009765288181,0.7164201736450195,2026-05-29,2026-05-27
2026-05-29,0.7164201736450195,0.7133599,0.7136751,0.0057912910423367,-0.0009313620196985,41.00918552282689,0.6845901012420654,0.7254998683929443,1,0.014329838466993622,0.022215109420296482,0.7180498242378235,2026-06-01,2026-05-28
2026-06-01,0.7180498242378235,0.7136751,0.7110842,0.0056749880926215,-0.0006748490674204,42.02273204118102,0.6845901012420654,0.7254998683929443,2,-0.0057230335454064194,0.0027593698651848576,0.7164298892021179,2026-06-02,2026-05-29
2026-06-02,0.7164298892021179,0.7110842,0.7105947,0.005560545754682,-0.0005938437174287,41.2435684959618,0.6845901012420654,0.7254998683929443,3,0.02553796337409885,0.028697596972302092,0.7174115777015686,2026-06-03,2026-06-01
2026-06-03,0.7174115777015686,0.7105947,0.71088314,0.0054376251182535,-0.0004597065406034,40.19188486329975,0.6845901012420654,0.7254998683929443,4,0.01905393732165074,0.045354477186779235,0.7134499549865723,2026-06-04,2026-06-02
2026-06-04,0.7134499549865723,0.71088314,0.7122265,0.005457076081886,-0.0006137218655482,40.29778926329551,0.6845901012420654,0.7254998683929443,5,-0.025666836602769052,0.02791437320339968,0.7132158875465393,2026-06-05,2026-06-03
2026-06-05,0.7132158875465393,0.7128038,0.7136644,0.0053285893262891,-0.0007009891926551,50.29713179626799,0.6845901012420654,0.7254998683929443,1,0.004618267070789165,0.017980026516798444,0.7043498158454895,2026-06-08,2026-06-04
2026-06-08,0.7043498158454895,0.7136644,0.71398455,0.0059385610759319,-0.0012911221201878,32.766676245013045,0.6845901012420654,0.7254998683929443,2,-0.03875390986788241,-0.015095482152516212,0.704049825668335,2026-06-09,2026-06-05
2026-06-09,0.704049825668335,0.71398455,0.7134756,0.0057926690189207,-0.0016158956813265,39.41190062002685,0.6845901012420654,0.7254998683929443,3,0.010482107026258984,-0.029812992715881368,0.7023113369941711,2026-06-10,2026-06-08
2026-06-10,0.7023113369941711,0.7134756,0.71143675,0.0056784889551618,-0.0018454406261015,27.824800791625435,0.6845901012420654,0.7254998683929443,4,-0.004274931670488298,-0.05218439396108085,0.6994200348854065,2026-06-11,2026-06-09
2026-06-11,0.6994200348854065,0.71143675,0.71086687,0.0056191511367273,-0.002072628721447,25.40881316724624,0.6845901012420654,0.7254998683929443,5,-0.00852488121841812,-0.035796925787185976,0.7047901749610901,2026-06-12,2026-06-10
2026-06-12,0.7047901749610901,0.6973048,0.6961068,0.005763073082712,-0.0017544801337794,34.739725845000564,0.6845901012420654,0.7254998683929443,1,0.0015989373612835867,-0.03870378218788057,0.7075197696685791,2026-06-15,2026-06-11
2026-06-15,0.7075197696685791,0.6961068,0.69601727,0.0056952937318621,-0.0012757175742906,37.22862846613549,0.6845901012420654,0.7254998683929443,2,0.027031900562995762,0.02666237905305861,0.7073001265525818,2026-06-16,2026-06-12
2026-06-16,0.7073001265525818,0.69601727,0.69472,0.0055588700264015,-0.0009066886628945,36.926273986094,0.6845901012420654,0.7254998683929443,3,0.008053949730139183,0.02417250543245539,0.7065500020980835,2026-06-17,2026-06-15
2026-06-17,0.7065500020980835,0.69472,0.6927446,0.005432274777561,-0.0006575713344107,40.15750214901699,0.6845901012420654,0.7254998683929443,4,0.001002161336406582,0.029591444546162984,0.7018499374389648,2026-06-18,2026-06-16
2026-06-18,0.7018499374389648,0.6927446,0.69411933,0.0055171060438518,-0.000747248623023,29.759278763670565,0.6845901012420654,0.7254998683929443,5,-0.001156423524832199,0.03720596472992238,0.7013099789619446,2026-06-19,2026-06-17
2026-06-19,0.7013099789619446,0.70227474,0.7015978,0.005389855872249,-0.0007773833938953,26.019263281930435,0.6845901012420654,0.7254998683929443,1,-0.016646363132267167,0.018453423316065413,0.7002899646759033,2026-06-22,2026-06-18
2026-06-22,0.7002899646759033,0.7015978,0.70387095,0.0052747514562724,-0.0007974825799249,26.474313863476425,0.6845901012420654,0.7254998683929443,2,0.0,-0.008708534706596658,0.6994621157646179,2026-06-23,2026-06-19
2026-06-23,0.6994621157646179,0.70387095,0.70201856,0.0051609250176642,-0.0007961568538549,23.718852762321006,0.6885501742362976,0.7254998683929443,3,-0.002827690066274483,-0.019436934213317634,0.6915600895881653,2026-06-24,2026-06-22
2026-06-24,0.6915600895881653,0.70201856,0.7026929,0.0056695278027098,-0.0012311147686811,21.2650989854984,0.6885501742362976,0.7254998683929443,4,-0.03449037300966138,-0.053629227612700635,0.6900001764297485,2026-06-25,2026-06-23
2026-06-25,0.6900001764297485,0.7026929,0.7011431,0.0055564979579676,-0.0015091808087077,20.54978473468759,0.6885501742362976,0.7254998683929443,5,-0.03277353237773814,-0.08308266552958499,0.6900501847267151,2026-06-26,2026-06-24
2026-06-26,0.6900501847267151,0.6874699,0.68858844,0.0054259268137433,-0.0015681522252587,26.633915631671627,0.6885501742362976,0.7254998683929443,1,0.021226927609582807,-0.04769000085650414,0.6896218657493591,2026-06-29,2026-06-25
2026-06-29,0.6896218657493591,0.68858844,0.68729246,0.0053019062159972,-0.0015136595903436,26.52268287809808,0.6896218657493591,0.7254998683929443,2,0.011628054340762762,-0.03655185646337098,0.6882398128509521,2026-06-30,2026-06-26
2026-06-30,0.6882398128509521,0.68729246,0.6863859,0.005200024365038,-0.0014483216144576,26.833954480601165,0.6882398128509521,0.7254998683929443,3,-0.0071901852926039185,-0.04074573984098327,0.6912999749183655,2026-07-01,2026-06-29
2026-07-01,0.6912999749183655,0.6863859,0.688252,0.0051879930344349,-0.0010928183144029,36.705804744190765,0.6882398128509521,0.7254998683929443,4,0.015460074778671905,0.008386308770899966,0.6892097592353821,2026-07-02,2026-06-30
2026-07-02,0.6892097592353821,0.688252,0.6871924,0.0051167347414255,-0.0009002754028417,21.422511621398243,0.6882398128509521,0.7254998683929443,5,-0.011205093563390204,0.030371872014752988,0.6916002035140991,2026-07-03,2026-07-01
2026-07-03,0.6916002035140991,0.6899654,0.69070095,0.0050692831643471,-0.0005319691624399,20.43258586180633,0.6882398128509521,0.7254998683929443,1,-0.0014708001647411473,0.007248191997320506,0.6937001347541809,2026-07-06,2026-07-02
2026-07-06,0.6937001347541809,0.69070095,0.6892405,0.0050093091098334,-9.0132492448141e-05,26.38979143298248,0.6882398128509521,0.7254998683929443,2,0.0,-0.004396312045217968,0.6955297589302063,2026-07-07,2026-07-03
2026-07-07,0.6955297589302063,0.6892405,0.688027,0.0049400183939324,0.0003575848827886,31.55952468816888,0.6882398128509521,0.7254998683929443,3,0.010331583040322573,0.013202152997047715,0.6922600269317627,2026-07-08,2026-07-06
2026-07-08,0.6922600269317627,0.688027,0.6869838,0.0049498228429925,0.0004592740792085,33.14617569911756,0.6882398128509521,0.7254998683929443,4,-0.0010526365940761889,-0.0033911841839605,0.6936299204826355,2026-07-09,2026-07-07
2026-07-09,0.6936299204826355,0.6869838,0.6848638,0.0048665257106446,0.000633792086134,36.88522921586191,0.6882398128509521,0.7254998683929443,5,-0.01914013935616124,-0.01126802788681746,0.6944401264190674,2026-07-10,2026-07-08
2026-07-10,0.6944401264190674,0.69351715,0.6941931,0.0047721604228204,0.0008076467618669,39.9384892971377,0.6882398128509521,0.7254998683929443,1,0.026163935290325936,0.01643635719341348,0.6942197680473328,2026-07-13,2026-07-09
2026-07-13,0.6942197680473328,0.6941931,0.6933911,0.0046732124818844,0.0009043629281743,40.79090650181769,0.6882398128509521,0.7254998683929443,2,0.002972223900634411,0.01946192773692595,0.6918213367462158,2026-07-14,2026-07-10
2026-07-14,0.6918213367462158,0.6933911,0.6939233,0.0046439821738123,0.000806599397917,50.56893557255712,0.6882398128509521,0.7254998683929443,3,-8.024741299155112e-05,0.008902529714526746,0.6976497769355774,2026-07-15,2026-07-13
2026-07-15,0.6976497769355774,0.6939233,0.69426894,0.0049513765290716,0.0011152460032174,64.0473985731392,0.6882398128509521,0.7254998683929443,4,0.015442498101460594,0.02568252652061329,0.7008101344108582,2026-07-16,2026-07-14
2026-07-16,0.7008101344108582,0.69426894,0.6939677,0.0049585739761394,0.0014896301660314,67.73335428986817,0.6882398128509521,0.7254998683929443,5,-0.005782877839766474,0.03947474432763048,0.6999399662017822,2026-07-17,2026-07-15
2026-07-17,0.6999399662017822,0.700447,0.69937336,0.0048595034408938,0.0016249776182889,66.76103740683149,0.6882398128509521,0.7254998683929443,1,0.0003971654574320329,0.01303296045665884,0.6979097723960876,2026-07-20,2026-07-16
2026-07-20,0.6979097723960876,0.69937336,0.69965684,0.0048013142642767,0.001525672577946,65.38422878297365,0.6882398128509521,0.7254998683929443,2,-0.012144638701152746,-0.0021657517630200027,0.700079083442688,2026-07-21,2026-07-17
2026-07-21,0.700079083442688,0.69965684,0.7021586,0.0047576996909166,0.0015490229079714,64.3743985821666,0.6882398128509521,0.7254998683929443,3,0.012620983706146529,0.010588799429111227,0.7000800967216492,2026-07-22,2026-07-20
2026-07-22,0.7000800967216492,0.7021586,0.70233965,0.0046593961943042,0.0015061209504954,69.10555648675829,0.6882398128509521,0.7254998683929443,4,0.03310222155002192,0.028594033945984972,0.6989697813987732,2026-07-23,2026-07-21
2026-07-23,0.6989697813987732,0.70233965,0.70553875,0.0045783485316224,0.0013495871848306,63.56298664115858,0.6882398128509521,0.7254998683929443,5,-0.009257887611187711,0.02502586293244361,0.6967198848724365,2026-07-24,2026-07-22
2026-07-24,0.6967198848724365,0.70008284,0.70015883,0.0045457848150566,0.0010542355695398,55.52704557306156,0.6882398128509521,0.7254998683929443,1,-0.02289224847416917,0.0014294511624003904,0.699440062046051,2026-07-27,2026-07-23
2026-07-27,0.699440062046051,0.70015883,0.69882244,0.0045495405752489,0.0010021341115906,56.931073828339606,0.6882398128509521,0.7254998683929443,2,0.0023762931297229128,0.01607723228984954,0.6987192630767822,2026-07-28,2026-07-24
2026-07-28,0.6987192630767822,0.69882244,0.6984794,0.0044650344861984,0.0008833492592016,62.5864119527243,0.6882398128509521,0.7254998683929443,3,0.003001827486801528,0.006350284179513034,0.6974599957466125,2026-07-29,2026-07-27
2026-07-29,0.6974599957466125,0.6984794,0.698229,0.0043966979077401,0.0006926183208171,57.49556737588652,0.6882398128509521,0.7254998683929443,4,-0.0026854447899488545,-0.029027818332004473,0.695928156375885,2026-07-30,2026-07-28
2026-07-30,0.695928156375885,0.698229,0.6993418,0.0043408243143158,0.0004478178724105,52.83212364463059,0.6882398128509521,0.7254998683929443,5,-0.007701210872198454,-0.02751515146139386,0.7025185227394104,2026-07-31,2026-07-29
2026-07-31,0.7025185227394104,0.6973381,0.6962211,0.004793944986364,0.0006992800741322,62.71232866706354,0.6882398128509521,0.7254998683929443,1,0.026892641982221528,0.022125320371429308,0.7045875787734985,2026-08-03,2026-07-30
2026-08-03,0.7045875787734985,0.6962211,0.6975073,0.0047447860167308,0.0009584747632553,69.7551338149244,0.6882398128509521,0.7254998683929443,2,-0.0013198401493381645,0.01835438219749644,0.6997601389884949,2026-08-04,2026-07-31
2026-08-04,0.6997601389884949,0.6975073,0.6959609,0.0049035195855096,0.000766625802208,53.37008707438445,0.6882398128509521,0.7254998683929443,3,0.012046488506285159,0.02760683194262729,0.7046700119972229,2026-08-05,2026-08-03
2026-08-05,0.7046700119972229,0.6959609,0.6963193,0.0050660379352643,0.000921793718037,55.83773550887947,0.6882398128509521,0.7254998683929443,4,0.01591509584598905,0.04689974766550047,0.7057301998138428,2026-08-06,2026-08-04
2026-08-06,0.7057301998138428,0.6963193,0.6962868,0.0049675423161173,0.0010385520611705,58.7071873913215,0.6882398128509521,0.7214298844337463,5,0.012686404289486142,0.06846259748900979,0.7033402323722839,2026-08-07,2026-08-05
2026-08-07,0.7033402323722839,0.70504403,0.7059901,0.0049197860565944,0.0009025674443645,58.07875518289547,0.6882398128509521,0.7180498242378235,1,-0.00238988478246076,0.03762895949832691,0.7063493728637695,2026-08-10,2026-08-06
2026-08-10,0.7063493728637695,0.7059901,0.7052394,0.0049165425721622,0.0009577982962399,59.10073983846745,0.6882398128509521,0.7180498242378235,2,-0.01757539541130289,0.0208980779076065,0.7055301070213318,2026-08-11,2026-08-07
2026-08-11,0.7055301070213318,0.7052394,0.70406795,0.0048179025453522,0.0008834810424703,57.726655084064,0.6882398128509521,0.7180498242378235,3,0.003646060691822296,0.012358017598907476,0.7063997387886047,2026-08-12,2026-08-10
2026-08-12,0.7063997387886047,0.70406795,0.70475155,0.0047263592827275,0.0008376292469655,60.60607091928243,0.6882398128509521,0.7180498242378235,4,0.0026502001102386456,-0.0009821324940826734,0.7063897848129272,2026-08-13,2026-08-11
2026-08-13,0.7063897848129272,0.70475155,0.7036996,0.0046292291244974,0.0007539804423892,64.7465613717427,0.6882398128509521,0.7180498242378235,5,-0.0022711594833249556,-0.015813806580395398,0.7063698172569275,2026-08-14,2026-08-12
2026-08-14,0.7063698172569275,0.70584285,0.70599025,0.0045361270071351,0.0006486686960902,61.51628854215368,0.6882398128509521,0.7180498242378235,1,-0.0006823476740331839,-0.014131836529064641,0.7085198760032654,2026-08-17,2026-08-13
2026-08-17,0.7085198760032654,0.70599025,0.70641243,0.0045041532084209,0.0006723072152283,65.54862307589016,0.6882398128509521,0.7180498242378235,2,0.0010612446835852258,0.004413710180685897,0.7108199596405029,2026-08-18,2026-08-14
2026-08-18,0.7108199596405029,0.70641243,0.70547736,0.0044815202296193,0.000783572006241,70.51791151071103,0.6882398128509521,0.7180498242378235,3,0.0006816241669075291,0.0014405984698549184,0.7081500887870789,2026-08-19,2026-08-17
2026-08-19,0.7081500887870789,0.70547736,0.70543045,0.0044766599255832,0.0006249697586837,68.13619526415782,0.6882398128509521,0.7180498242378235,4,-0.018569289721207194,-0.019585588700257436,0.7125044465065002,2026-08-20,2026-08-18
2026-08-20,0.7125044465065002,0.70543045,0.7049918,0.0046166739447064,0.0007523796965808,65.87140388637948,0.6882398128509521,0.7180498242378235,5,0.0007710276924720535,-0.01659844312706868,0.7119398713111877,2026-08-21,2026-08-19
2026-08-21,0.7119398713111877,0.712317,0.71318877,0.0045269357532695,0.000736747859251,62.27248577756288,0.6882398128509521,0.7180498242378235,1,-0.004247954192756235,-0.020098622289650085,0.7171398997306824,2026-08-24,2026-08-20
2026-08-24,0.7171398997306824,0.71318877,0.7112754,0.0047495172132313,0.0009984839932636,78.6539754167633,0.6882398128509521,0.7174115777015686,2,0.01832946105727777,-0.0030305296436349055,0.7154815793037415,2026-08-25,2026-08-21
2026-08-25,0.7154815793037415,0.7112754,0.7118667,0.0046798848139074,0.0009803888095405,69.96565767749037,0.6882398128509521,0.7174115777015686,3,0.0029593341759600266,-0.0007571342173834435,0.7165325880050659,2026-08-26,2026-08-24
2026-08-26,0.7165325880050659,0.7118667,0.7119597,0.0045977447534547,0.0009585179075956,69.95547197068461,0.6882398128509521,0.7171398997306824,4,0.016606289178301835,0.03501731693057663,0.7181498408317566,2026-08-27,2026-08-25
2026-08-27,0.7181498408317566,0.7119597,0.7109185,0.0045369849304426,0.0009693786884686,78.16209207221422,0.6882398128509521,0.7181498408317566,5,-0.01728842999342165,0.016493236372894807,0.7195098996162415,2026-08-28,2026-08-26
2026-08-28,0.7195098996162415,0.7174063,0.71739227,0.0044699665697729,0.0009815627808965,76.70080901648265,0.6882398128509521,0.7195098996162415,1,-0.001137984674680693,0.0196594201689716,0.7163000702857971,2026-08-31,2026-08-27
2026-08-31,0.7163000702857971,0.71739227,0.7179188,0.0045000689263355,0.0007000608255814,69.91855758291959,0.6882398128509521,0.7195098996162415,2,-0.003802589714711809,-0.002659837376031039,0.7172999382019043,2026-09-01,2026-08-28
2026-09-01,0.7172999382019043,0.7179188,0.7181223,0.004424603037444,0.0005162964062681,70.06277468036694,0.6882398128509521,0.7195098996162415,3,0.004788932365228237,-0.0008334353389590339,0.7147099375724792,2026-09-02,2026-08-31
2026-09-02,0.7147099375724792,0.7181223,0.71837074,0.0044167666818707,0.0001731514476126,63.98566856964229,0.6882398128509521,0.7195098996162415,4,-0.013282694622597117,-0.03025561869400699,0.7163600921630859,2026-09-03,2026-09-01
2026-09-03,0.7163600921630859,0.71837074,0.717841,0.004366324192553,1.8300233556862822e-05,65.92051945979526,0.6882398128509521,0.7195098996162415,5,-0.0008456413975780643,-0.014178502753753543,0.7201300859451294,2026-09-04,2026-09-02
2026-09-04,0.7201300859451294,0.7153223,0.7133999,0.0044559221863992,0.0001248269222132,67.59367813704114,0.6882398128509521,0.7201300859451294,1,0.011622735706030072,-0.0015181041759266365,0.7206376194953918,2026-09-07,2026-09-03
2026-09-07,0.7206376194953918,0.7133999,0.71598804,0.004372818527081,0.0001811088154158,65.73199082325209,0.6882398128509521,0.7206376194953918,2,0.003036282965223013,0.005333789291016081,0.722089946269989,2026-09-08,2026-09-04
2026-09-08,0.722089946269989,0.71598804,0.71693015,0.004316188605153,0.0002628295671312,73.24447889955673,0.6882398128509521,0.722089946269989,3,0.0,0.0005308234880281224,0.7220399379730225,2026-09-09,2026-09-07
2026-09-09,0.7220399379730225,0.71693015,0.7165007,0.0042352341125941,0.0002597364094009,68.56529458866672,0.6882398128509521,0.722089946269989,4,0.02129650401085809,0.0357335102757257,0.722089946269989,2026-09-10,2026-09-08
