ds,y,y_next,nhits_h1,nhits_h2,vol_garch,macd,rsi,precio_min_ventana,precio_max_ventana,copper_ret_1d,copper_mom_5d,dias_desde_refit
2020-12-10,742.7000122070312,734.2999877929688,748.4348,751.2116,0.00627489055808769,-1.757805773214118,35.66309498287079,742.7000122070312,803.5999755859375,0.01765956801103442,0.02630060449627686,1
2020-12-11,734.2999877929688,733.7999877929688,751.2116,753.46783,0.00678278766229047,-2.184723256182009,25.168929019912696,734.2999877929688,803.5999755859375,-0.013108925112561077,0.002845757153371549,2
2020-12-14,733.7999877929688,734.9000244140625,753.46783,751.6621,0.00656879550861741,-2.3217784473073255,10.400011718735698,733.7999877929688,803.5999755859375,-0.0005676568532849705,0.0038477910283128596,3
2020-12-15,734.9000244140625,735.7000122070312,751.6621,750.2103,0.006369646198286566,-2.1625665079698493,12.35302213419341,733.7999877929688,803.5999755859375,0.004532594732826386,0.012593059330743893,4
2020-12-16,735.7000122070312,733.7000122070312,750.2103,751.5382,0.006173306690791004,-1.8402257125802235,16.588851684739524,733.7999877929688,803.5999755859375,0.004512075897879891,0.013112886307093197,5
2020-12-17,733.7000122070312,721.4000244140625,731.3758,731.0806,0.006025961950951057,-1.6070309807122287,12.93309539516342,733.7000122070312,803.5999755859375,0.012026430542292521,0.00742192617644431,1
2020-12-18,721.4000244140625,724.7999877929688,731.0806,730.11066,0.007342660350203862,-2.0955941372175317,6.015059159344176,721.4000244140625,803.5999755859375,0.008719203163225152,0.029653818787127317,2
2020-12-21,724.7999877929688,725.0999755859375,730.11066,728.91046,0.007203608760129677,-2.0042193786308538,13.252966272552683,721.4000244140625,803.5999755859375,-0.015413769301266707,0.014480374434948994,3
2020-12-22,725.0999755859375,722.2000122070312,728.91046,728.4129,0.006971271271509792,-1.7474059643741295,14.315291221565431,721.4000244140625,803.5999755859375,-0.015512951902100029,-0.005652973075548363,4
2020-12-23,722.2000122070312,713.5999755859375,728.4129,727.75256,0.006834126223630506,-1.6005921058252088,14.649630354354443,721.4000244140625,803.5999755859375,0.00961822368998747,-0.0005627054297451403,5
2020-12-24,713.5999755859375,714.2999877929688,723.251,725.3951,0.007333667467197072,-1.8905373475422795,13.717641005977327,713.5999755859375,803.5999755859375,0.002249690773362123,-0.010286333630522511,1
2020-12-25,714.2999877929688,714.2999877929688,725.3951,725.28534,0.007099462559593749,-1.8412190165609221,17.155705824243512,713.5999755859375,803.5999755859375,0.0,-0.01887833602031982,2
2020-12-28,714.2999877929688,711.5,725.28534,726.1364,0.006871460324500864,-1.622318832362108,14.651134402252907,713.5999755859375,803.5999755859375,0.0028050483012747717,-0.0008396364453597725,3
2020-12-29,711.5,714.9000244140625,726.1364,725.4895,0.006735947426540204,-1.4835942241691527,13.846127017513737,711.5,803.5999755859375,-0.004773267568748166,0.009948859280917885,4
2020-12-30,714.9000244140625,711.0,725.4895,725.0496,0.006633029033240012,-1.0033425809196483,20.550868005043156,711.5,803.5999755859375,-0.0028184884850533864,-0.002533801471429239,5
2020-12-31,711.0,710.0,717.1502,720.7448,0.006586716513071315,-0.7977892345608293,22.71664972834361,711.0,803.5999755859375,-0.00821884864248363,-0.012921349593837747,1
2021-01-01,710.0,710.0,720.7448,723.2516,0.006391122960322223,-0.588295798818324,22.45372561596747,710.0,803.5999755859375,0.0,-0.012921349593837747,2
2021-01-04,710.0,703.7999877929688,723.2516,724.3893,0.006190429838415128,-0.32215627451224726,20.42750729957696,710.0,803.5999755859375,0.011037337127536937,-0.004761893631251935,3
2021-01-05,703.7999877929688,695.4000244140625,724.3893,725.2266,0.006428949022122187,-0.42939958832900516,16.421026932565795,703.7999877929688,803.5999755859375,0.024328744190622302,0.02462710273713657,4
2021-01-06,695.4000244140625,696.0,725.2266,724.43274,0.006982707802114979,-0.9044672155138631,14.471230227257024,695.4000244140625,803.5999755859375,0.0026061400085380447,0.030200427053907554,5
2021-01-07,696.0,712.2999877929688,695.9222,696.7816,0.0067620845469237925,-1.008759623370441,19.905149521842503,695.4000244140625,803.5999755859375,0.01238864164946358,0.051650529650207104,1
2021-01-08,712.2999877929688,703.3304443359375,696.7816,695.72455,0.008891601623160933,0.12904714168736042,38.6569822698885,695.4000244140625,793.0,-0.0059709326787447245,0.04538990462171073,2
2021-01-11,703.3304443359375,719.0,695.72455,693.9888,0.009233451688142531,0.37279531942532174,32.93108728943339,695.4000244140625,787.0999755859375,-0.030261423589353787,0.003095952171877183,3
2021-01-12,719.0,724.5,693.9888,695.3879,0.010645828080863307,1.6149472817109096,47.9095578449096,695.4000244140625,785.5,0.011438296923926266,-0.00975142121178066,4
2021-01-13,724.5,737.2999877929688,695.3879,696.2242,0.010464475828966589,2.7650856593641144,57.42113285450946,695.4000244140625,782.5,0.003323205417966472,-0.009041093563939735,5
2021-01-14,737.2999877929688,726.0,722.55225,722.53186,0.011109179980080203,4.256825527806733,63.44415015069869,695.4000244140625,778.2999877929688,0.014001568268525182,-0.007441459866258496,1
2021-01-15,726.0,723.4689331054688,722.53186,724.94885,0.01150091219455099,4.336768817466117,56.040957739483716,695.4000244140625,775.2000122070312,-0.017879738594029113,-0.0191915432830798,2
2021-01-18,723.4689331054688,733.5,724.94885,726.4967,0.011138604660798863,4.07736227581208,56.197016189431835,695.4000244140625,774.7999877929688,0.0,0.010942770909641162,3
2021-01-19,733.5,736.7999877929688,726.4967,726.7754,0.01134396408989216,4.411249251342703,59.01151374931395,695.4000244140625,773.4000244140625,0.009117342638361609,0.008599139735508151,4
2021-01-20,736.7999877929688,721.5999755859375,726.7754,727.17615,0.0110084397155313,4.659882329878457,62.57295434846882,695.4000244140625,773.4000244140625,0.0031578581146133864,0.0084323843742432,5
2021-01-21,721.5999755859375,716.9000244140625,737.30994,739.12787,0.012004924863741256,3.6507985655428685,54.965694189698326,695.4000244140625,773.4000244140625,0.0021908531376899996,-0.0034078647061656746,1
2021-01-22,716.9000244140625,727.0999755859375,739.12787,739.07635,0.011718920691663354,2.5680685452732726,52.839490544408584,695.4000244140625,773.4000244140625,-0.005486224494399296,0.009020269020598558,2
2021-01-25,727.0999755859375,732.5,739.07635,741.26855,0.011904181167126266,2.440960786346212,59.282786915143355,695.4000244140625,773.4000244140625,0.0013744131974424212,0.010408033257109529,3
2021-01-26,732.5,732.7000122070312,741.26855,737.2125,0.011648137893448636,2.6075981905403998,65.14271137156973,695.4000244140625,773.4000244140625,-0.0034395156780045112,-0.0022001917446712693,4
2021-01-27,732.7000122070312,738.2000122070312,737.2125,732.89484,0.011243674742776854,2.611818089491282,65.02853029610023,695.4000244140625,773.4000244140625,-0.015695844799481936,-0.020836182154799314,5
2021-01-28,738.2000122070312,735.5,728.93567,721.83154,0.011027245222086278,2.8462966060964296,61.63511113987051,695.4000244140625,773.4000244140625,0.0032147296487249717,-0.019833125906013445,1
2021-01-29,735.5,734.2999877929688,721.83154,727.4218,0.010696446950218808,2.6830121040577173,65.31422481372448,695.4000244140625,773.4000244140625,-0.0026549381584333254,-0.017054060519955155,2
2021-02-01,734.2999877929688,733.2999877929688,727.4218,730.37885,0.010342062594696699,2.3685884597188935,58.4472380808603,695.4000244140625,773.4000244140625,-0.0032232896853065453,-0.021562980619232078,3
2021-02-02,733.2999877929688,732.2000122070312,730.37885,727.06573,0.00999872051836416,1.9832821556065714,55.11258183272685,695.4000244140625,773.4000244140625,-0.006477983976974251,-0.0245314184492475,4
2021-02-03,732.2000122070312,732.2000122070312,727.06573,723.7834,0.009670173636398972,1.5628458571810009,46.570848394711525,695.4000244140625,773.4000244140625,0.011099516193104106,0.0019599522214916905,5
2021-02-04,732.2000122070312,735.2000122070312,723.8965,724.82074,0.009343958528924593,1.2090665547136705,54.91580115930078,695.4000244140625,773.4000244140625,-0.003499212095570062,-0.0047446163014563765,1
2021-02-05,735.2000122070312,738.5,724.82074,722.0899,0.00908848229919942,1.104309545786053,59.23256207176153,695.4000244140625,773.4000244140625,0.020264386695531118,0.018329375257908852,2
2021-02-08,738.5,735.0,722.0899,724.3764,0.008856234221732593,1.1777539968837472,54.40141412621829,695.4000244140625,773.4000244140625,0.010932047306130873,0.03284667697582702,3
2021-02-09,735.0,734.2000122070312,724.3764,720.1897,0.00865564016365518,0.9223979167716343,48.4210616487862,695.4000244140625,773.4000244140625,0.014705183351721931,0.054959018817618895,4
2021-02-10,734.2000122070312,724.5999755859375,720.1897,717.3248,0.008370847089883839,0.6445483611951355,64.78880504099823,695.4000244140625,773.4000244140625,0.013831859146124684,0.057845470250245355,5
2021-02-11,724.5999755859375,725.7999877929688,732.61365,728.2921,0.008821290296135764,-0.19590194998971722,58.105211759868425,695.4000244140625,773.4000244140625,0.000528153994474969,0.06211439171036102,1
2021-02-12,725.7999877929688,721.2999877929688,728.2921,733.66486,0.008534435930474727,-0.6552413358127973,48.3117068414753,695.4000244140625,773.4000244140625,0.0038211104503456115,0.044792555522243364,2
2021-02-15,721.2999877929688,718.7999877929688,733.66486,735.8039,0.008417625407052268,-1.2138964825764738,35.106381251836325,695.4000244140625,773.4000244140625,0.0,0.03343303840023268,3
2021-02-16,718.7999877929688,718.0999755859375,735.8039,737.2208,0.008190640692195397,-1.675113155039322,32.58143369811633,695.4000244140625,773.2999877929688,0.012026289584637934,0.030668285967424096,4
2021-02-17,718.0999755859375,712.7000122070312,737.2208,742.0635,0.007919632541081956,-1.932390601843891,21.367499074040268,695.4000244140625,768.2000122070312,-0.0031233976197787097,0.01334035541278491,5
2021-02-18,712.7000122070312,710.5,727.03516,728.4148,0.007920576382595327,-2.343891578855015,19.841276248758703,695.4000244140625,768.2000122070312,0.02076827313014467,0.03405945615005395,1
2021-02-19,710.5,708.4000244140625,728.4148,717.78845,0.007701310134200801,-2.620929704457075,19.329902988678597,695.4000244140625,768.2000122070312,0.043346586160945506,0.07574963265228313,2
2021-02-22,708.4000244140625,706.5,717.78845,714.50494,0.007486742776536362,-2.786808591035747,18.79700973351018,695.4000244140625,761.4000244140625,0.015165591889079963,0.09218834891937815,3
2021-02-23,706.5,704.2000122070312,714.50494,713.39166,0.007272627921975895,-2.8552072576115135,18.427512900608704,695.4000244140625,759.5,0.008393297899842403,0.08822763670312699,4
2021-02-24,704.2000122070312,700.4000244140625,713.39166,717.37506,0.00708479331425269,-2.877938773235134,17.441860465116278,695.4000244140625,755.5,0.026743684145325672,0.12122006171784441,5
2021-02-25,700.4000244140625,715.5,697.38464,699.83417,0.007004297737979635,-2.960022470865753,10.27397546608995,695.4000244140625,750.0999755859375,-0.008171009534660136,0.08923776184952181,1
2021-02-26,715.5,723.4000244140625,699.83417,695.0401,0.008797745648918939,-1.8621060042256552,29.316537680443503,695.4000244140625,744.7000122070312,-0.04103194619546087,0.0011002230058880643,2
2021-03-01,723.4000244140625,722.4000244140625,695.0401,704.105,0.008966462091652997,-0.5373828375661929,40.33335367838542,695.4000244140625,744.7000122070312,0.006087210099527751,-0.007947017738226802,3
2021-03-02,722.4000244140625,728.5,704.105,703.7569,0.008677953960027523,0.29330023545441497,40.199347674226445,695.4000244140625,744.4000244140625,0.026824739620605623,0.010507498214493937,4
2021-03-03,728.5,727.0999755859375,703.7569,707.08203,0.008664623873328243,1.2232181340947634,53.43917793001295,695.4000244140625,742.7000122070312,-0.018725640031191874,-0.0344106571161761,5
2021-03-04,727.0999755859375,731.5999755859375,731.594,733.6837,0.008395851227011319,1.6851662258805158,51.1423450172647,695.4000244140625,738.5,-0.03978912495984579,-0.06446316695449032,1
2021-03-05,731.5999755859375,732.9000244140625,733.6837,736.47876,0.00827036923161043,2.2022687663770917,59.05096170658268,695.4000244140625,738.5,0.023769368152198076,-0.001831767381264405,2
2021-03-08,732.9000244140625,736.0,736.47876,736.2474,0.008008470501460167,2.517600853050604,62.65712166155849,695.4000244140625,738.5,0.004029062680954104,-0.003884032096423542,3
2021-03-09,736.0,734.9000244140625,736.2474,734.56354,0.007817354022230785,2.799065898290185,65.40450252649936,695.4000244140625,738.5,-0.020682779387527755,-0.05010052288125251,4
2021-03-10,734.9000244140625,723.9000244140625,734.56354,730.5414,0.007572483110107929,2.770138165989889,70.63198628637294,695.4000244140625,738.5,0.00558211193960872,-0.026727682229187005,5
2021-03-11,723.9000244140625,712.7999877929688,736.77515,737.45197,0.008345645189983309,1.910068558497981,60.702899073552274,695.4000244140625,738.5,0.024680619799534884,0.03808574072280796,1
2021-03-12,712.7999877929688,723.5999755859375,737.45197,737.7227,0.009044708901546093,0.5634040594859455,53.072598553399345,695.4000244140625,738.5,0.0006032592635764687,0.014313748824532789,2
2021-03-15,723.5999755859375,722.5999755859375,737.7227,741.10785,0.009574635890170735,0.3786699715130441,60.62110284840839,695.4000244140625,738.5,0.00024117884471256955,0.010478913710657739,3
2021-03-16,722.5999755859375,727.2999877929688,741.10785,735.6877,0.009262548323313455,0.17798470151070334,61.6161367063986,695.4000244140625,738.5,-0.016412772188325007,0.014802891084194535,4
2021-03-17,727.2999877929688,721.9000244140625,735.6877,741.8578,0.009106065326102213,0.3411775927556001,66.79148007519284,695.4000244140625,738.5,0.011941116105170712,0.021276588214642324,5
2021-03-18,721.9000244140625,720.0999755859375,730.3379,730.70435,0.00902595440630493,0.07855296569953285,54.54547030866092,695.4000244140625,738.5,-0.0026682077001745565,-0.006275651001248662,1
2021-03-19,720.0999755859375,712.7999877929688,730.70435,723.9666,0.008754290096275642,-0.20763951697886976,47.43386755665919,695.4000244140625,738.5,0.0015775180322680441,-0.005307034575667284,2
2021-03-22,712.7999877929688,716.2999877929688,723.9666,723.3359,0.00888646641888175,-0.8441211955392169,43.20111073552512,695.4000244140625,738.5,0.00616509596797972,0.0006029319073336323,3
2021-03-23,716.2999877929688,722.5,723.3359,720.56635,0.008681841190628875,-0.9756380213634093,41.02941084073159,695.4000244140625,738.5,-0.014811572761879678,0.002206380125604916,4
2021-03-24,722.5,727.2000122070312,720.56635,725.79956,0.008682373561645928,-0.609226183222518,46.84067822756708,695.4000244140625,738.5,-0.004044370217164056,-0.013687006059690358,5
2021-03-25,727.2000122070312,724.7000122070312,725.00305,735.9127,0.00855760438709726,-0.04426816503309994,46.986328972528355,695.4000244140625,738.5,-0.021474152909001003,-0.03206223089596623,1
2021-03-26,724.7000122070312,732.4000244140625,735.9127,730.4206,0.008329320897447132,0.1561316570611232,44.47438621428272,695.4000244140625,738.5,0.023191937333871187,-0.010913078139776489,2
2021-03-29,732.4000244140625,733.5999755859375,730.4206,739.34314,0.00850322667278007,0.7681132690253543,47.71575294719069,695.4000244140625,738.5,-0.008742177867836775,-0.025548310992055703,3
2021-03-30,733.5999755859375,728.7999877929688,739.34314,736.47955,0.008232661410319128,1.189415890415448,49.17614168197058,695.4000244140625,738.5,-0.014951731127624176,-0.02568487897748763,4
2021-03-31,728.7999877929688,720.0,736.47955,734.48755,0.008153895835337887,1.0835062278036853,53.36998800285782,696.0,738.5,0.0050087114359113295,-0.01682427727224071,5
2021-04-01,720.0,716.5999755859375,732.85223,737.76605,0.00851763143917185,0.39496189376558577,55.113647693450766,700.4000244140625,738.5,0.00012494902745103476,0.004642431651793275,1
2021-04-02,716.5999755859375,716.5999755859375,737.76605,741.447,0.0083358884548773,-0.27895908356299276,44.44444444444444,700.4000244140625,738.5,0.0,-0.01838906780756846,2
2021-04-05,716.5999755859375,721.0,741.447,732.4468,0.008061597248547344,-0.6907689537668356,45.16129032258065,700.4000244140625,738.5,0.03569840708627201,0.026218140191296254,3
2021-04-06,721.0,717.2999877929688,732.4468,739.33026,0.007952131857693447,-0.6343312250614311,44.89466244201909,700.4000244140625,738.5,-0.005437760323936038,0.036028141652599405,4
2021-04-07,717.2999877929688,713.2000122070312,739.33026,730.81323,0.007815384390179278,-0.8028431766425916,46.166640048583936,700.4000244140625,738.5,-0.01526187929104689,0.015238658618763608,5
2021-04-08,713.2000122070312,707.7000122070312,721.078,718.82587,0.0077148092991897,-1.127210441329244,44.46230759961322,700.4000244140625,738.5,0.009672498938159392,0.02497812039807774,1
2021-04-09,707.7000122070312,710.0999755859375,718.82587,715.4255,0.007743392990825468,-1.619038075631321,45.7851441438533,700.4000244140625,738.5,-0.012999931559483379,0.011739710631842884,2
2021-04-12,710.0999755859375,712.7999877929688,715.4255,711.4346,0.007537930000725762,-1.6821968857060465,44.781131288346074,700.4000244140625,738.5,-0.005073881548938817,-0.028681598752523248,3
2021-04-13,712.7999877929688,707.5999755859375,711.4346,712.4204,0.007354304809437442,-1.4503810100430186,41.32377588400036,700.4000244140625,738.5,0.0032206173632353353,-0.02023504321405221,4
2021-04-14,707.5999755859375,709.0999755859375,712.4204,712.7576,0.007379449682695558,-1.5466882777329725,32.624069727300366,700.4000244140625,738.5,0.023708710203915604,0.018700722037502584,5
2021-04-15,709.0999755859375,698.0,712.00256,718.71735,0.007157613848166116,-1.4125038467118345,35.920535258843216,700.4000244140625,738.5,0.021624486094410433,0.030949271427430983,1
2021-04-16,698.0,702.2999877929688,718.71735,712.2083,0.008085521041902495,-1.9417674779756382,20.748242123029584,698.0,738.5,-0.012009036212427845,0.03197134056168487,2
2021-04-19,702.2999877929688,700.0999755859375,712.2083,716.25696,0.00797655201965375,-1.8719072608563634,24.717280847669358,698.0,738.5,0.016607777466976493,0.05459051581590679,3
2021-04-20,700.0999755859375,696.5,716.25696,714.57996,0.007763233696830446,-1.8407383700677333,25.800996530361644,698.0,738.5,-0.006136441950969237,0.044768673251099865,4
2021-04-21,696.5,697.7000122070312,714.57996,717.53735,0.007636718785070485,-1.920601354990442,28.280951381696667,696.5,738.5,0.014688002811719945,0.03538650129247061,5
2021-04-22,697.7000122070312,706.2999877929688,694.3607,698.84296,0.007399963114571719,-1.7551689726408455,31.791929947114596,696.5,738.5,-0.0014007337467382489,0.01181886568555778,1
2021-04-23,706.2999877929688,712.9000244140625,698.84296,703.5555,0.007829155827697007,-0.9684136847918232,41.487604806548624,696.5,738.5,0.014495528570305756,0.03899524246543073,2
2021-04-26,712.9000244140625,704.5999755859375,703.5555,704.40515,0.007942727831610612,0.04110752912201043,43.54068429516507,696.5,738.5,0.02388920803618793,0.04658822452320772,3
2021-04-27,704.5999755859375,701.5,704.40515,700.43555,0.008285170761859537,0.1863510031852762,40.56462517786808,696.5,738.5,0.0642153066728483,0.12286933149100794,4
2021-04-28,701.5,695.7999877929688,700.43555,702.43445,0.008101003434213865,0.11369982520468191,41.17645975775575,696.5,738.5,-0.04440381313038143,0.05843933360936106,5
2021-04-29,695.7999877929688,708.9000244140625,701.69604,696.653,0.008130580232570427,-0.2579024124553895,41.0526132225094,695.7999877929688,738.5,-0.009745403319025842,0.04964375624035088,1
2021-04-30,708.9000244140625,710.2000122070312,696.653,695.6736,0.009233032524739301,0.4029616282988666,49.22283028922098,695.7999877929688,738.5,-0.003120809214669029,0.03131479586307801,2
2021-05-03,710.2000122070312,703.9000244140625,695.6736,696.61096,0.00893657448717037,0.922341964918199,48.28497763119329,695.7999877929688,736.0,0.014187807813497627,0.021357973922324427,3
2021-05-04,703.9000244140625,703.2999877929688,696.61096,698.8353,0.008959540692699839,0.838701390425066,47.594310795044166,695.7999877929688,736.0,-0.0015421186716272925,-0.04364331736302519,4
2021-05-05,703.2999877929688,704.5999755859375,698.8353,695.59515,0.008667423516868798,0.7433295659709138,46.18422162168674,695.7999877929688,736.0,0.0006612142306960406,0.00044078795734489855,5
2021-05-06,704.5999755859375,699.7000122070312,708.5189,705.0155,0.008394263681265836,0.7651652908065136,54.984870305046364,695.7999877929688,736.0,0.0174714913257196,0.02804360709212753,1
2021-05-07,699.7000122070312,694.9000244140625,705.0155,697.8905,0.008329565921457253,0.4619094060242728,48.053911912080196,695.7999877929688,736.0,0.031329113091163485,0.06407673511659143,2
2021-05-10,694.9000244140625,696.5,697.8905,695.65704,0.00826283576486119,-0.02388300364615592,46.253638802163486,694.9000244140625,736.0,-0.006842448062350475,0.041932593723215304,3
2021-05-11,696.5,702.0,695.65704,700.63403,0.008012122606384627,-0.19013458439079134,50.0,694.9000244140625,736.0,0.009461819095785704,0.05346126922578398,4
2021-05-12,702.0,706.9000244140625,700.63403,703.3447,0.008008618654263413,0.10193482059646541,52.99859627677098,694.9000244140625,736.0,-0.005455899067965582,0.04703679693176985,5
2021-05-13,706.9000244140625,707.2000122070312,701.96436,700.71423,0.007948682961999288,0.6274388091385479,50.44120300184991,694.9000244140625,736.0,-0.009938743351079252,0.018727033693980797,1
2021-05-14,707.2000122070312,699.2999877929688,700.71423,697.5654,0.0076901125610763,0.9767136342421585,45.380866224219574,694.9000244140625,736.0,-0.00885860766012958,-0.021401545128546938,2
2021-05-17,699.2999877929688,715.0999755859375,697.5654,697.5681,0.008011647008913296,0.6716901200773346,45.67700746461105,694.9000244140625,736.0,0.01225307234489491,-0.002535139730362111,3
2021-05-18,715.0999755859375,711.9000244140625,697.5681,699.6905,0.009672807517059153,1.4835034132143208,59.189172693201016,694.9000244140625,736.0,0.0029607591243407698,-0.008998685891298293,4
2021-05-19,711.9000244140625,714.5999755859375,699.6905,700.8285,0.009428526423022021,1.7368588643845433,61.25877647882335,694.9000244140625,736.0,-0.0313162130068712,-0.03429776009447427,5
2021-05-20,714.5999755859375,720.7000122070312,712.50525,712.2567,0.009165199852773063,1.999461779583907,54.664455676982406,694.9000244140625,736.0,-0.00163553912768276,-0.02624595554850256,1
2021-05-21,720.7000122070312,720.5,712.2567,710.5236,0.009125955317173058,2.466523079642556,57.96662789060705,694.9000244140625,736.0,-0.018947464727376417,-0.03602063036358731,2
2021-05-24,720.5,729.2999877929688,710.5236,713.51306,0.008826535187246472,2.629574706009669,63.87959524864202,694.9000244140625,736.0,0.010069303102651882,-0.03812344199780583,3
2021-05-25,729.2999877929688,733.5,713.51306,712.0717,0.009088995602085597,3.161897164564407,69.11768137796088,694.9000244140625,736.0,-0.004303036537704567,-0.045085002481607454,4
2021-05-26,733.5,729.5,712.0717,713.9358,0.008909603171437503,3.596999905133929,70.38086334304387,694.9000244140625,736.0,0.0024296326940673584,-0.012310700217634096,5
2021-05-27,729.5,724.2000122070312,746.9461,757.44055,0.00874141490297314,3.4168544925845152,71.28572412608479,694.9000244140625,736.0,0.029025375367174044,0.018441797661603785,1
2021-05-28,724.2000122070312,724.0,757.44055,751.54456,0.008675058854847132,2.7697770907134975,70.78015117685406,694.9000244140625,736.0,0.0034227852531662456,0.04148133457138478,2
2021-05-31,724.0,722.4000244140625,751.54456,747.37103,0.008392823534695816,2.1831122757259047,69.89870457030705,694.9000244140625,736.0,0.0,0.031046964915537406,3
2021-06-01,722.4000244140625,728.0,747.37103,746.5402,0.008142529431870896,1.5707486920832938,65.64420221748753,694.9000244140625,734.9000244140625,-0.0043875518245004505,0.030959829367792343,4
2021-06-02,728.0,718.0,746.5402,750.71594,0.008120292389912905,1.4302827384442205,66.00910990419597,694.9000244140625,733.5999755859375,-0.013388296308474998,0.014780479235545775,5
2021-06-03,718.0,718.5,725.72894,724.1716,0.008658673797411875,0.5941426333293527,57.142857142857146,694.9000244140625,733.5999755859375,-0.028332377874284862,-0.041787242652017706,1
2021-06-04,718.5,717.7999877929688,724.1716,724.4326,0.008376286699489472,0.03453059232502742,64.07627795920304,694.9000244140625,733.5999755859375,0.014652273684639288,-0.03096636080519646,2
2021-06-07,717.7999877929688,715.9000244140625,724.4326,728.532,0.008110087821429168,-0.39908390523952386,52.54238846698061,694.9000244140625,733.5999755859375,-0.0005511286529771498,-0.0315002758679964,3
2021-06-08,715.9000244140625,717.2000122070312,728.532,729.62494,0.0078807039063456,-0.8066632826155815,53.8610093202465,694.9000244140625,733.5999755859375,0.006155296333228396,-0.02123551550932761,4
2021-06-09,717.2000122070312,719.4000244140625,729.62494,729.8169,0.007637768173235562,-0.9705064096745737,52.57940328403288,694.9000244140625,733.5999755859375,-0.005824561671397553,-0.013804332355920799,5
2021-06-10,719.4000244140625,719.2999877929688,718.1237,720.0456,0.007429851479416363,-0.9133420136270303,48.60216182869444,694.9000244140625,733.5999755859375,-0.010303133803955268,0.004137280903106027,1
2021-06-11,719.2999877929688,721.5,720.0456,723.9339,0.00719051837710401,-0.8653530875023652,48.70688237700551,694.9000244140625,733.5999755859375,0.01140472334101938,0.0008815839127802555,2
2021-06-14,721.5,718.9000244140625,723.9339,717.0039,0.006999936218596517,-0.6768747693656865,40.20101735515264,694.9000244140625,733.5999755859375,-0.0020940166441878005,-0.0006614735751243036,3
2021-06-15,718.9000244140625,726.5999755859375,717.0039,718.46436,0.006845746672474672,-0.7150020397133781,30.890059884831942,694.9000244140625,733.5999755859375,-0.043288974204270095,-0.04887136526633857,4
2021-06-16,726.5999755859375,729.7000122070312,718.46436,714.33044,0.007172815182880764,-0.23421571087431703,46.539342275465856,694.9000244140625,733.5999755859375,0.012024140439162556,-0.03174254472220675,5
2021-06-17,729.7000122070312,738.0,720.07916,717.53925,0.00702441353315289,0.2535900196788985,56.92696066071791,694.9000244140625,733.5999755859375,-0.048511249256526764,-0.06803999315223574,1
2021-06-18,738.0,748.2000122070312,717.53925,723.25916,0.007394821199873367,1.0514945455860607,64.64437390347237,694.9000244140625,738.0,-0.005271442057981501,-0.08345264324118647,2
2021-06-21,748.2000122070312,747.0999755859375,723.25916,720.92883,0.007979620416662605,2.1207940656233695,72.87234445494164,694.9000244140625,748.2000122070312,0.005988064755717649,-0.07601501763466256,3
2021-06-22,747.0999755859375,740.9000244140625,720.92883,723.95557,0.007733099959827656,2.5781678265079657,68.40073853680336,694.9000244140625,748.2000122070312,0.011161344012827815,-0.024308805885532716,4
2021-06-23,740.9000244140625,735.7000122070312,723.95557,720.9312,0.007803540449073982,2.2966812899209685,73.80461126549672,694.9000244140625,748.2000122070312,0.02253318671770442,-0.014001155047797701,5
2021-06-24,735.7000122070312,733.5,738.9759,744.00586,0.007780827959188388,1.625426589829794,66.28789411322718,694.9000244140625,748.2000122070312,-0.004512539660794791,0.03035006534645816,1
2021-06-25,733.5,732.7000122070312,744.00586,741.5645,0.007574574398123919,0.9328093519574576,64.45673640562423,694.9000244140625,748.2000122070312,-0.002903500398113391,0.03279276513435352,2
2021-06-28,732.7000122070312,734.5,741.5645,750.4673,0.007338525377560789,0.35033085556236543,65.78945858845907,694.9000244140625,748.2000122070312,-0.004896805697030001,0.021611911147388273,3
2021-06-29,734.5,727.2000122070312,750.4673,756.3874,0.007128693192359436,0.032545566857267616,66.10799242118567,694.9000244140625,748.2000122070312,-0.00035061145826322903,0.00991859591752164,4
2021-06-30,727.2000122070312,731.7999877929688,756.3874,752.09216,0.0073886686680805355,-0.6834896779007051,56.63264405804984,694.9000244140625,748.2000122070312,0.004665815048149154,-0.007965746113655919,5
2021-07-01,731.7999877929688,740.0,727.55975,725.01447,0.00732849843083524,-0.85061885541705,59.87362911794938,694.9000244140625,748.2000122070312,-0.012765905292922918,-0.016119672576616055,1
2021-07-02,740.0,735.1500244140625,725.01447,729.9522,0.00764659401393034,-0.4332584971606108,63.3477774548401,694.9000244140625,748.2000122070312,0.009385324889507184,-0.00395434342215364,2
2021-07-05,735.1500244140625,735.8800048828125,729.9522,733.4897,0.007605110682410677,-0.5032623910029335,61.35570694223364,694.9000244140625,748.2000122070312,0.0,0.0009350600828209919,3
2021-07-06,735.8800048828125,747.4400024414062,733.4897,736.24603,0.007364141549348705,-0.5178202400510248,57.18491453371112,694.9000244140625,748.2000122070312,-0.0056206630299764915,-0.004326043982302,4
2021-07-07,747.4400024414062,748.5999755859375,736.24603,738.27844,0.008177428509078299,0.19546417096281488,62.14403778434777,694.9000244140625,748.2000122070312,0.016537025296375227,0.007564247325372619,5
2021-07-08,748.5999755859375,752.9000244140625,755.6817,752.5495,0.007920258905938966,0.6634036983276648,58.042482013588916,694.9000244140625,748.5999755859375,-0.013371488070429429,0.006954268484942704,1
2021-07-09,752.9000244140625,748.25,752.5495,754.55566,0.007799443660695191,1.1519159056000667,53.91668082344647,694.9000244140625,752.9000244140625,0.018785304387606946,0.016464244730375985,2
2021-07-12,748.25,743.1900024414062,754.55566,757.22003,0.00772728225538602,1.0539158382752385,50.904819621936944,694.9000244140625,752.9000244140625,-0.00680078879935816,0.009574938989454905,3
2021-07-13,743.1900024414062,749.219970703125,757.22003,760.40576,0.007693679526126707,0.5648729496378397,51.83462507029168,694.9000244140625,752.9000244140625,-0.0019681857282249364,0.01326913090770513,4
2021-07-14,749.219970703125,744.6300048828125,760.40576,765.43115,0.007724751911394657,0.56281668344322,60.68941621795868,694.9000244140625,752.9000244140625,-0.00872959171829475,-0.012012022596948148,5
2021-07-15,744.6300048828125,756.4500122070312,746.3005,748.9401,0.007654042799404035,0.18707983448831822,58.47937281452273,694.9000244140625,752.9000244140625,0.013008367366183172,0.014397769141162885,1
2021-07-16,756.4500122070312,757.2999877929688,748.9401,744.9836,0.008441215702193965,0.6436437387626501,65.49251810751755,694.9000244140625,756.4500122070312,-0.00011544681092663539,-0.004595055968248396,2
2021-07-19,757.2999877929688,759.75,744.9836,745.6927,0.008169968296868972,0.8963950046985714,65.05945897133441,694.9000244140625,757.2999877929688,-0.028563388889063745,-0.026023639122399016,3
2021-07-20,759.75,757.75,745.6927,752.9204,0.007945343699670244,1.1082183520621776,72.9710847213787,694.9000244140625,759.75,0.014851806274035205,-0.009502813941660197,4
2021-07-21,757.75,752.2100219726562,752.9204,752.7259,0.007724008951465461,0.9967695062730817,69.01101495519165,694.9000244140625,759.75,0.0021037466339359693,0.001285910649166152,5
2021-07-22,752.2100219726562,753.3800048828125,757.55646,758.5505,0.0077257245710648246,0.4603572782944285,59.307851576131206,694.9000244140625,759.75,0.015179078440340365,0.0034617737945363465,1
2021-07-23,753.3800048828125,761.7100219726562,758.5505,760.96674,0.007486837514337397,0.11287063461898317,64.72299010580363,694.9000244140625,759.75,0.013364711728005902,0.017080180512443935,2
2021-07-26,761.7100219726562,759.6699829101562,760.96674,758.78674,0.0077719766722116924,0.35869411033847687,68.58008642043603,694.9000244140625,761.7100219726562,0.04058149206515783,0.08989442651452573,3
2021-07-27,759.6699829101562,767.4600219726562,758.78674,764.24207,0.007559145485347097,0.30089610803210043,60.19335094152263,694.9000244140625,761.7100219726562,-0.009414458188131294,0.06376507320373762,4
2021-07-28,767.4600219726562,761.4000244140625,764.24207,768.0561,0.007765355113872187,0.6824707301995385,64.15493131947414,694.9000244140625,767.4600219726562,-0.01484789860388056,0.04588448592832043,5
2021-07-29,761.4000244140625,759.780029296875,763.6832,762.69073,0.007804279202174881,0.43400035931775705,56.21526717829797,694.9000244140625,767.4600219726562,0.009112161958738268,0.039558401419895584,1
2021-07-30,759.780029296875,756.1500244140625,762.69073,761.5337,0.007577565841612725,0.08601662875896032,58.821754861799924,694.9000244140625,767.4600219726562,-0.008777292901011693,0.01679345532458257,2
2021-08-02,756.1500244140625,767.9500122070312,761.5337,768.73114,0.007447346484612523,-0.43456844236865955,60.13769198817873,696.5,767.4600219726562,-0.010883711128238811,-0.03421225913048556,3
2021-08-03,767.9500122070312,775.2999877929688,768.73114,768.6251,0.00822945957075728,-0.050350205589963615,63.438112245478855,699.2999877929688,767.9500122070312,-0.011117587657581399,-0.035855720781950005,4
2021-08-04,775.2999877929688,773.8400268554688,768.6251,765.8872,0.008324357174508272,0.5969652360591118,71.16630624058041,699.2999877929688,775.2999877929688,-0.012165873542960521,-0.033266390891058414,5
2021-08-05,773.8400268554688,777.489990234375,771.19965,769.961,0.008072603555701188,0.8116613917576894,64.00388486181807,699.2999877929688,775.2999877929688,0.003573300745128146,-0.0386061923212971,1
2021-08-06,777.489990234375,787.75,769.961,771.1625,0.007900242977597978,1.068198924664415,65.55710962727048,699.2999877929688,777.489990234375,0.0,-0.030130615381177037,2
2021-08-09,787.75,785.1500244140625,771.1625,773.184,0.008348124043728006,1.7569167775231787,69.25723439194839,711.9000244140625,787.75,-0.013553595701871597,-0.032716601011901575,3
2021-08-10,785.1500244140625,778.5,773.184,775.39056,0.008128443139357771,1.8557145637146082,68.69034910811976,711.9000244140625,787.75,0.01493339169938163,-0.007186827152890446,4
2021-08-11,778.5,770.9099731445312,775.39056,774.95123,0.008182254564851103,1.3168885341404177,67.66562795035489,714.5999755859375,787.75,0.0028684109943628113,0.007852175632893968,5
2021-08-12,770.9099731445312,774.2999877929688,779.63086,775.717,0.00832963684244083,0.34366818536666344,60.84372420844223,715.9000244140625,787.75,-0.0018348393211124997,0.0024162821866453993,1
2021-08-13,774.2999877929688,775.489990234375,775.717,777.85834,0.008133985373000868,-0.15086698012286526,58.294876393578164,715.9000244140625,787.75,0.007091448503645414,0.009550130393647702,2
2021-08-16,775.489990234375,786.27001953125,777.85834,771.51776,0.007880163409378367,-0.4595029789055225,60.54105274288201,715.9000244140625,787.75,-0.01492737705102726,0.008164181466840701,3
2021-08-17,786.27001953125,789.469970703125,771.51776,768.53656,0.008403903587548906,-0.022381362307138275,62.05305985483905,715.9000244140625,787.75,-0.028633784386797412,-0.03481563228124527,4
2021-08-18,789.469970703125,787.2100219726562,768.53656,770.59326,0.008193985669848894,0.3755601765939609,68.67099605061449,715.9000244140625,789.469970703125,-0.020202619271785523,-0.056828523604368936,5
2021-08-19,787.2100219726562,786.010009765625,788.58154,787.48016,0.007969461688687073,0.3787896147458323,68.0913057165101,715.9000244140625,789.469970703125,-0.01900856626589939,-0.07288799778089004,1
2021-08-20,786.010009765625,786.1300048828125,787.48016,787.8297,0.007726824532906279,0.2012311970755647,70.34616587482199,715.9000244140625,789.469970703125,0.023493114300061776,-0.05755642862779377,2
2021-08-23,786.1300048828125,783.8800048828125,787.8297,791.051,0.007480446713333211,0.0034474965251263257,64.73259728299095,715.9000244140625,789.469970703125,0.023898832525376987,-0.020245278766039883,3
2021-08-24,783.8800048828125,782.0700073242188,791.051,789.00555,0.007285589770221772,-0.34790028028094255,57.57953184023431,715.9000244140625,789.469970703125,0.004829547756957162,0.013095311350836587,4
2021-08-25,782.0700073242188,783.469970703125,789.00555,785.49133,0.007084209296862086,-0.7482079510222697,57.22562557069795,715.9000244140625,789.469970703125,0.00234736071800499,0.036200117749578944,5
2021-08-26,783.469970703125,786.4099731445312,779.3088,777.1877,0.006873047724471507,-0.9516604199495795,55.46616618537744,715.9000244140625,789.469970703125,-0.004464830380560233,0.05138046045575173,1
2021-08-27,786.4099731445312,782.7000122070312,777.1877,784.7008,0.0067201365656482425,-0.9206118257335252,48.585871207680796,715.9000244140625,789.469970703125,0.01646761273866541,0.044019871578625656,2
2021-08-30,782.7000122070312,782.219970703125,784.7008,782.76666,0.0066321252448560564,-1.1664969935373701,47.473689642889056,715.9000244140625,789.469970703125,0.010256470859227965,0.0298736879799198,3
2021-08-31,782.219970703125,775.3499755859375,782.76666,783.057,0.006426892592221435,-1.3642845762969662,54.39505603069069,717.2000122070312,789.469970703125,-0.00022931487279600338,0.024676854582713147,4
2021-09-01,775.3499755859375,770.8099975585938,783.057,783.1378,0.0066500645883022244,-1.9262396036261409,55.33655235756111,718.9000244140625,789.469970703125,-0.022498947515922945,-0.0004688992037769529,5
2021-09-02,770.8099975585938,768.8300170898438,773.8886,771.1081,0.006629348569466369,-2.5339025819726526,45.91812842119089,718.9000244140625,789.469970703125,0.006313583580268056,0.010362729795147558,1
2021-09-03,768.8300170898438,766.5499877929688,771.1081,772.6587,0.006460767096975456,-2.9692113809576295,42.35186589603803,718.9000244140625,789.469970703125,0.008241019236161445,0.0020849818450598004,2
2021-09-06,766.5499877929688,770.1599731445312,772.6587,776.7573,0.006311440432078158,-3.286053294713109,21.86056962896255,718.9000244140625,789.469970703125,0.0,-0.008140346043159174,3
2021-09-07,770.1599731445312,780.280029296875,776.7573,772.34576,0.006227007746665564,-3.128656528342124,22.764376019049223,726.5999755859375,789.469970703125,-0.011158980827595135,-0.01892201339453035,4
2021-09-08,780.280029296875,787.1799926757812,772.34576,781.8261,0.006896978961611819,-2.2596787924929838,41.99954621746894,727.2000122070312,789.469970703125,-0.0106940976464112,-0.007271906461618859,5
2021-09-09,787.1799926757812,792.9000244140625,783.80316,778.6813,0.007042675958637553,-1.1905976724429763,51.19361776584443,727.2000122070312,789.469970703125,0.012095813030311571,-0.0015150972870077322,1
2021-09-10,792.9000244140625,787.9600219726562,778.6813,779.73425,0.00706066194808063,-0.12472549454903437,56.19851798866697,727.2000122070312,792.9000244140625,0.03768406881650757,0.028320412080785947,2
2021-09-13,787.9600219726562,784.5599975585938,779.73425,779.8944,0.0070377318437717115,0.20324639680100498,53.56022509514776,727.2000122070312,792.9000244140625,-0.01918003193451112,0.008785136218006135,3
2021-09-14,784.5599975585938,783.260009765625,779.8944,778.21967,0.0069151858645399265,0.14933841594167818,52.11410223722967,727.2000122070312,792.9000244140625,-0.010482219734218319,0.009468073816507494,4
2021-09-15,783.260009765625,777.5499877929688,778.21967,784.72375,0.0067153227420135055,-0.007419466508764128,49.821431537682095,727.2000122070312,792.9000244140625,0.019607402467313417,0.04052462454988069,5
2021-09-16,777.5499877929688,783.1300048828125,781.1773,780.61975,0.006787782995234745,-0.5018453357533188,42.80378742811818,727.2000122070312,792.9000244140625,-0.02879719785590884,-0.0011672964197084075,1
2021-09-17,783.1300048828125,784.010009765625,780.61975,782.2514,0.006818096754084933,-0.46034861192669263,50.33894994317958,727.2000122070312,792.9000244140625,-0.007742880476100124,-0.0455260495884921,2
2021-09-20,784.010009765625,788.5,782.2514,782.15686,0.006609540762161069,-0.3840158875038031,51.402190875432204,727.2000122070312,792.9000244140625,-0.03073485131819312,-0.056491350653917645,3
2021-09-21,788.5,785.5499877929688,782.15686,786.3041,0.006561447745434021,-0.05859403890192105,60.69976301105087,727.2000122070312,792.9000244140625,0.002668207700174605,-0.04400186759386724,4
2021-09-22,785.5499877929688,787.0999755859375,786.3041,787.5537,0.006438192421687913,-0.0687771309020877,62.31203122514652,731.7999877929688,792.9000244140625,0.02971408323821386,-0.034290909535865874,5
2021-09-23,787.0999755859375,784.8900146484375,783.2448,783.086,0.006255984148594719,-0.0014408392409990256,65.37096013876922,735.1500244140625,792.9000244140625,-0.005068699628163132,-0.011102052734611177,1
2021-09-24,784.8900146484375,792.3300170898438,783.086,784.9307,0.0061121879965251895,-0.12899463946649847,65.44812375649707,735.1500244140625,792.9000244140625,0.013265431133486612,0.009892784366166004,2
2021-09-27,792.3300170898438,793.0,784.9307,782.66376,0.006389670474175,0.24411693098659226,67.54234979803073,735.8800048828125,792.9000244140625,0.001398448442729701,0.0428709835272861,3
2021-09-28,793.0,802.1699829101562,782.66376,783.51166,0.006194646962776008,0.47887350887021896,61.8347348479686,743.1900024414062,793.0,-0.011360445887335986,0.028343049699533662,4
2021-09-29,802.1699829101562,809.5,783.51166,777.7322,0.006677141670346836,1.155964222920792,63.38152796000297,743.1900024414062,802.1699829101562,-0.01065731292806011,-0.012345737154354736,5
2021-09-30,809.5,810.3300170898438,801.0488,798.0436,0.006865409979818961,1.9547501935664213,64.40470061840207,743.1900024414062,809.5,-0.02653947251399646,-0.03332540670907974,1
2021-10-01,810.3300170898438,802.760009765625,798.0436,798.10974,0.006654187847509518,2.3686686269931068,70.90262664421905,743.1900024414062,810.3300170898438,0.024990710086426587,-0.02192416670827986,2
2021-10-04,802.760009765625,805.3599853515625,798.10974,798.10596,0.006905159405974348,1.9781926469160744,65.77671161414094,743.1900024414062,810.3300170898438,0.012559400382500427,-0.010946764159792594,3
2021-10-05,805.3599853515625,810.7000122070312,798.10596,790.575,0.006735027472749962,1.7485230774732967,68.73514996978253,744.6300048828125,810.3300170898438,-0.010534481818709952,-0.010129504257835799,4
2021-10-06,810.7000122070312,812.6599731445312,790.575,790.951,0.006732055024364405,1.8025619421978742,78.28018486544353,744.6300048828125,810.7000122070312,-0.010766960141821892,-0.010238034849531757,5
2021-10-07,812.6599731445312,811.760009765625,813.0552,809.7593,0.006547625535901614,1.8117746368075514,76.85034213695468,752.2100219726562,812.6599731445312,0.02236055645606652,0.03936424668126014,1
2021-10-08,811.760009765625,823.9500122070312,809.7593,809.9518,0.0063538966365903225,1.6057651222915705,75.22273827725395,752.2100219726562,812.6599731445312,0.00749946452518983,0.021342541913286477,2
2021-10-11,823.9500122070312,823.9500122070312,809.9518,808.7025,0.007232337706072808,2.1073690303871313,78.26508435050646,752.2100219726562,823.9500122070312,0.02113848449465271,0.03014241895733405,3
2021-10-12,823.9500122070312,822.6599731445312,808.7025,809.0207,0.0070044456225789855,2.2434558192627705,82.12859486102629,752.2100219726562,823.9500122070312,-0.010455613767918948,0.030223667485868792,4
2021-10-13,822.6599731445312,814.7100219726562,809.0207,811.04663,0.006800601012722274,2.055869095890028,79.88238154294982,752.2100219726562,823.9500122070312,0.04328608012221442,0.08744289453571237,5
2021-10-14,814.7100219726562,825.4199829101562,816.16833,819.91895,0.007066475521462062,1.2455379180693242,72.85410766860232,753.3800048828125,823.9500122070312,0.024258091768928465,0.08950831481303463,1
2021-10-15,825.4199829101562,823.25,819.91895,819.7126,0.0076074796001569375,1.2753546451172095,74.14977380161181,756.1500244140625,825.4199829101562,0.021889815135657773,0.10530007341265997,2
2021-10-18,823.25,816.6300048828125,819.7126,813.31006,0.007401346084852347,1.0053220427913452,71.60409121897891,756.1500244140625,825.4199829101562,-0.0007396026716169423,0.08138082978280663,3
2021-10-19,816.6300048828125,810.0,813.31006,817.9088,0.0074783801009665,0.2752245297784466,60.71749438821348,756.1500244140625,825.4199829101562,-0.0034940996754851796,0.0889351418852152,4
2021-10-20,810.0,813.5499877929688,817.9088,819.2463,0.007555010171819496,-0.7062259304867737,50.37447636392227,756.1500244140625,825.4199829101562,0.008870135393080384,0.0520959737456351,5
2021-10-21,813.5499877929688,817.6599731445312,804.6269,805.2089,0.0073943652552746954,-1.142497311677113,52.31719722618017,756.1500244140625,825.4199829101562,-0.03628974508804447,-0.009715988711575948,1
2021-10-22,817.6599731445312,815.3499755859375,805.2089,807.5649,0.007269058349912047,-1.1758492228610926,61.284459478823926,756.1500244140625,825.4199829101562,-0.013278690294991742,-0.04393751036219276,2
2021-10-25,815.3499755859375,807.4000244140625,807.5649,803.4589,0.007083375378023402,-1.361938966643553,57.599278682313795,766.5499877929688,825.4199829101562,0.005618262331948899,-0.03783962990866056,3
2021-10-26,807.4000244140625,803.6300048828125,803.4589,799.812,0.007328224171426641,-1.9908312222499749,47.58560265933361,766.5499877929688,825.4199829101562,-0.014383974458996975,-0.04826059139336282,4
2021-10-27,803.6300048828125,804.9000244140625,799.812,801.8738,0.007207303741617398,-2.5930049632420227,43.56379993648501,766.5499877929688,825.4199829101562,-0.022427198827258542,-0.07758619738912609,5
2021-10-28,804.9000244140625,805.3900146484375,806.6529,807.039,0.0069904261982557695,-2.819311613008983,45.13613490762491,766.5499877929688,825.4199829101562,0.011445513487450607,-0.0324866809972524,1
2021-10-29,805.3900146484375,813.0,807.039,809.767,0.006773377973689192,-2.84152254919848,34.22302468078924,766.5499877929688,825.4199829101562,-0.014070309600734762,-0.033252280147623554,2
2021-11-01,813.0,811.6500244140625,809.767,811.86115,0.006978684368057885,-2.273788052689218,41.75821651673532,766.5499877929688,825.4199829101562,0.006038126637894827,-0.03284629206321449,3
2021-11-02,811.6500244140625,812.8699951171875,811.86115,815.54767,0.0067780291042283105,-1.9326701205671766,41.72057402037326,766.5499877929688,825.4199829101562,-0.006381033013645503,-0.025075163101379208,4
2021-11-03,812.8699951171875,813.3900146484375,815.54767,813.3784,0.006576727519744691,-1.5830601119345227,48.46048176651126,766.5499877929688,825.4199829101562,-0.011034561912988544,-0.013904688655884444,5
2021-11-04,813.3900146484375,813.6199951171875,817.80035,821.80884,0.006375062103739986,-1.287515702979733,37.865648467714834,766.5499877929688,825.4199829101562,0.0,-0.02512671242297535,1
2021-11-05,813.6199951171875,810.9000244140625,821.80884,818.0707,0.0061795378034187965,-1.0569265974196478,39.8907951120497,766.5499877929688,825.4199829101562,0.005302551440579939,-0.006056501849535243,2
2021-11-08,810.9000244140625,803.1699829101562,818.0707,812.7639,0.006059680757184561,-1.0649881222333546,43.448434686727985,766.5499877929688,825.4199829101562,0.012794378665092953,0.0006815673405753802,3
2021-11-09,803.1699829101562,793.0800170898438,812.7639,811.1651,0.0063908150595352485,-1.5395123309938947,42.38229635952964,766.5499877929688,825.4199829101562,-0.005691556501315152,0.001371751683183903,4
2021-11-10,793.0800170898438,794.72998046875,811.1651,807.0015,0.007017631830633008,-2.4286269666771267,30.075899073717622,766.5499877929688,825.4199829101562,-0.011943193107045617,0.0004622873191744523,5
2021-11-11,794.72998046875,793.6599731445312,801.23285,798.61816,0.006816420679319511,-2.776239804612656,26.55892200429531,766.5499877929688,825.4199829101562,0.017521189890522815,0.018146044875158175,1
2021-11-12,793.6599731445312,800.3800048828125,798.61816,797.132,0.0066168670163404,-2.933481930821152,27.249773694244595,766.5499877929688,825.4199829101562,0.011512569024587669,0.024488422472680817,2
2021-11-15,800.3800048828125,797.5499877929688,797.132,800.1436,0.006754700748480602,-2.459332398206715,42.44182990043003,766.5499877929688,825.4199829101562,-0.010945115749440501,0.0004539965825769881,3
2021-11-16,797.5499877929688,811.5,800.1436,800.5662,0.006615366863593691,-2.2181509974740177,43.31865357606131,766.5499877929688,825.4199829101562,-0.011066238230316975,-0.004908700927959923,4
2021-11-17,811.5,829.25,800.5662,799.88586,0.0077825113156781535,-1.0597147526943373,55.67203793457964,766.5499877929688,825.4199829101562,-0.019811861032998198,-0.012708018554341697,5
2021-11-18,829.25,832.1599731445312,811.7415,817.7432,0.009368881357443988,0.8578335637409021,65.81389440845044,766.5499877929688,829.25,0.008621789527720714,-0.021455344462745427,1
2021-11-19,832.1599731445312,828.0,817.7432,817.9072,0.009097777665867562,2.2016465477781066,63.54254475613955,766.5499877929688,832.1599731445312,0.022596648836052977,-0.010548744250369307,2
2021-11-22,828.0,811.7100219726562,817.9072,809.25714,0.008901565811514207,2.6592029900856082,61.114882302857495,766.5499877929688,832.1599731445312,-0.0029532077089218837,-0.0026094580383847956,3
2021-11-23,811.7100219726562,813.2000122070312,809.25714,813.07385,0.01007895362614034,1.7571157016637398,49.345534863827865,766.5499877929688,832.1599731445312,0.006349919772657603,0.01491340074878258,4
2021-11-24,813.2000122070312,813.8800048828125,813.07385,816.1844,0.009748963367689443,1.1807901848877496,49.893959904376565,766.5499877929688,832.1599731445312,0.007769024297896241,0.043295209421133275,5
2021-11-25,813.8800048828125,818.5,814.07275,826.10254,0.009425602372826343,0.7844743598790798,50.14438583147937,766.5499877929688,832.1599731445312,0.0,0.034338803315733135,1
2021-11-26,818.5,831.5499877929688,826.10254,832.94293,0.00922479745658926,0.7714144282278959,54.133119659254454,766.5499877929688,832.1599731445312,-0.040396892628020986,-0.0288080585854751,2
2021-11-29,831.5499877929688,843.5,832.94293,837.5946,0.0098045647025692,1.5354807178760863,64.58977876456066,770.1599731445312,832.1599731445312,0.01287945681614314,-0.013309131493576936,3
2021-11-30,843.5,826.8800048828125,837.5946,837.6156,0.010165441010974982,2.672883506831911,75.43382588835706,777.5499877929688,843.5,-0.013697258099476054,-0.032892546874164375,4
2021-12-01,826.8800048828125,838.5599975585938,837.6156,839.75,0.011147471014421118,2.155298682291688,64.08976862377959,777.5499877929688,843.5,-0.007155021033390666,-0.047218535594427014,5
2021-12-02,838.5599975585938,837.0399780273438,827.3902,829.0169,0.011365029958994284,2.428659081167826,68.00322453702344,777.5499877929688,843.5,0.012051826730420677,-0.03566630556254375,1
2021-12-03,837.0399780273438,820.8054809570312,829.0169,833.1188,0.010991754477169921,2.3355092723796043,65.33890873170924,777.5499877929688,843.5,-0.00758856972241096,-0.003503413982650099,2
2021-12-06,820.8054809570312,845.6300048828125,833.1188,829.9812,0.011819079401178198,1.0731543539124067,58.748954078656965,777.5499877929688,843.5,0.016389022124856982,0.0,3
2021-12-07,845.6300048828125,839.47998046875,829.9812,831.0919,0.013841416142085419,1.761983917495768,61.86891734594855,777.5499877929688,845.6300048828125,0.0002305308491431459,0.014025232466480745,4
2021-12-08,839.47998046875,839.0,831.0919,835.0736,0.013501810269632089,1.6569292991266806,53.869746308216584,777.5499877929688,845.6300048828125,0.012143573592484372,0.033784544593284,5
2021-12-09,839.0,824.7659301757812,836.0403,838.765,0.013032707341314438,1.417863073589995,52.63586957800026,783.1300048828125,845.6300048828125,-0.013989420272332785,0.007211011600265139,1
2021-12-10,824.7659301757812,835.8202514648438,838.765,837.4304,0.013385033406086521,0.22634776814341784,48.84351342137301,784.010009765625,845.6300048828125,-0.010913827542635871,0.003867337677266016,2
2021-12-13,835.8202514648438,840.9099731445312,837.4304,848.5882,0.01337722591480353,0.11364718281944697,58.95708999219983,784.8900146484375,845.6300048828125,-0.0007006382375670685,-0.01314265270553694,3
2021-12-14,840.9099731445312,842.75,848.5882,846.00323,0.013007412993673162,0.30212887726945414,60.02624491068692,784.8900146484375,845.6300048828125,-0.006093297896441775,-0.019363678483354393,4
2021-12-15,842.75,850.8099975585938,846.00323,846.0925,0.012571904178973406,0.46142872330941564,60.359017530826996,784.8900146484375,845.6300048828125,-0.01766811391749457,-0.048166636513674074,5
2021-12-16,850.8099975585938,846.010009765625,847.1818,842.2185,0.012386891180628317,0.9899795008423364,61.314040843369625,784.8900146484375,850.8099975585938,0.028539628694199994,-0.00681293490743192,1
2021-12-17,846.010009765625,842.7080078125,842.2185,835.0738,0.012063589338227033,0.8993115181078997,55.37398769744182,792.3300170898438,850.8099975585938,-0.0022114952662112626,0.0018678255936082667,2
2021-12-20,842.7080078125,870.9400024414062,835.0738,833.7373,0.011704715220561357,0.5188304220444637,49.68544067395596,793.0,850.8099975585938,-0.0006993315504947428,0.001869134722199476,3
2021-12-21,870.9400024414062,871.22998046875,833.7373,840.5149,0.014195247570410368,1.987889002149089,66.02168216798597,793.0800170898438,870.9400024414062,0.011592922396493514,0.01974603434370721,4
2021-12-22,871.22998046875,860.1799926757812,840.5149,840.55023,0.013704966193605868,2.7514677184542613,62.95285317768566,793.0800170898438,871.22998046875,0.011801986464597361,0.05024525253543991,5
2021-12-23,860.1799926757812,858.7899780273438,868.9187,872.62805,0.013664858884242707,2.302875987563773,58.529867563257525,793.0800170898438,871.22998046875,-0.0005697162249116147,0.02011397966160029,1
2021-12-24,858.7899780273438,864.9199829101562,872.62805,881.88824,0.013205686844981277,1.7292634222369134,65.72249854986933,793.0800170898438,871.22998046875,0.0,0.0223724532800141,2
2021-12-27,864.9199829101562,856.7999877929688,881.88824,885.7777,0.012884016446192805,1.5833286756798444,59.44641481168862,793.0800170898438,871.22998046875,0.017623607188597904,0.04127799472187539,3
2021-12-28,856.7999877929688,855.0,885.7777,882.57336,0.012698791487595342,0.8000938052635611,58.321159193181465,793.0800170898438,871.22998046875,-0.010129535152001214,0.01890277984642941,4
2021-12-29,855.0,848.8800048828125,882.57336,879.4511,0.012283847108650261,0.05997455702660304,57.59070250135515,793.0800170898438,871.22998046875,-0.004080741511985847,0.0028476612058794593,5
2021-12-30,848.8800048828125,851.5,854.30237,862.2105,0.012024682930924997,-0.890151849788916,62.39441135447731,793.0800170898438,871.22998046875,-0.003983371511130091,-0.0005698785440239056,1
2021-12-31,851.5,851.5,862.2105,856.3719,0.011644437116762649,-1.3623048841602063,58.82434572328534,793.0800170898438,871.22998046875,0.015951443469743472,0.015500305101864023,2
2022-01-03,851.5,851.2999877929688,856.3719,853.9337,0.011253385036765389,-1.674219425504404,56.322104611124274,793.0800170898438,871.22998046875,-0.009132412861813816,-0.011310171187203606,3
2022-01-04,851.2999877929688,846.9299926757812,853.9337,859.1139,0.010876269072661428,-1.8782969351404404,55.206172348562276,793.0800170898438,871.22998046875,0.011598540419919987,0.01040724050241806,4
2022-01-05,846.9299926757812,838.02001953125,859.1139,863.085,0.010603360824587127,-2.265923751005131,47.52626278506154,793.0800170898438,871.22998046875,-0.013866424055518837,0.0005679366761977919,5
2022-01-06,838.02001953125,837.0999755859375,835.2897,837.8103,0.010627089642326806,-3.0328419707732444,45.15957273730325,793.0800170898438,871.22998046875,-0.012910766635443492,-0.008324775205729485,1
2022-01-07,837.0999755859375,818.8236083984375,837.8103,838.2065,0.010273454733322439,-3.48047849816513,46.50162578719322,793.0800170898438,871.22998046875,0.01257011838481521,-0.011672288814117006,2
2022-01-10,818.8236083984375,835.0999755859375,838.2065,843.84424,0.011508495424432412,-4.804236887094456,12.878131148937868,793.0800170898438,871.22998046875,-0.01337540682525785,-0.015856873464956206,3
2022-01-11,835.0999755859375,827.75,843.84424,839.93896,0.012227787995881137,-4.3917132693920236,29.038723302394175,793.0800170898438,871.22998046875,0.017342074765997032,-0.010188149945531019,4
2022-01-12,827.75,822.9199829101562,839.93896,835.66547,0.012048529247369134,-4.410315294470953,30.34134306943112,793.0800170898438,871.22998046875,0.03194669342781295,0.03621299166625708,5
2022-01-13,822.9199829101562,816.0,831.07574,832.92676,0.011749838743599946,-4.527293506451057,29.12659704295767,793.0800170898438,871.22998046875,-0.006594926000907652,0.04277825855079889,1
2022-01-14,816.0,819.2100219726562,832.92676,836.0391,0.011576417129278465,-4.822857933780755,21.791918215022008,793.0800170898438,871.22998046875,-0.02738977192518855,0.001930524510058539,2
2022-01-17,819.2100219726562,822.010009765625,836.0391,833.4031,0.011231404381244692,-4.557397250546491,27.02401630733233,793.0800170898438,871.22998046875,0.0,0.015421777249824582,3
2022-01-18,822.010009765625,817.4099731445312,833.4031,835.06714,0.010888663034067561,-3.9699929777736465,30.079166175256518,793.0800170898438,871.22998046875,-0.008079713934942308,-0.010066706506473249,4
2022-01-19,817.4099731445312,808.510009765625,835.06714,829.3342,0.010632957633982134,-3.6747972560358475,30.64163569833984,793.0800170898438,871.22998046875,0.01957411991982976,-0.022239270694094763,5
2022-01-20,808.510009765625,802.260009765625,815.036,809.8307,0.010679889158098503,-3.8442625145768963,25.451894149563515,793.0800170898438,871.22998046875,0.025225332029441428,0.009373625898631402,1
2022-01-21,802.260009765625,798.4600219726562,809.8307,812.9661,0.010528971264382599,-4.118208300767639,23.756236060761424,793.0800170898438,871.22998046875,-0.014083219115167165,0.022894669087008435,2
2022-01-24,798.4600219726562,806.8599853515625,812.9661,818.09845,0.01025759918833542,-4.277539481656121,22.87830276752652,793.0800170898438,871.22998046875,-0.024565182341617964,-0.001926804766231232,3
2022-01-25,806.8599853515625,799.4600219726562,818.09845,819.6355,0.010272452534426562,-3.5683582843959476,30.24992825069478,793.0800170898438,871.22998046875,0.009043688843895115,0.015310766309797925,4
2022-01-26,799.4600219726562,802.5,819.6355,812.0724,0.010227542281565742,-3.352168208458834,30.70701283884354,793.0800170898438,871.22998046875,0.013747089738331865,0.009411723472707979,5
2022-01-27,802.5,804.75,799.364,805.8343,0.009929017283004103,-2.782415517198409,33.04797162730334,793.0800170898438,871.22998046875,-0.020522123140248878,-0.03572595527889426,1
2022-01-28,804.75,794.6881713867188,805.8343,812.9903,0.009619430082112313,-2.0649968702308055,41.82016582307759,793.0800170898438,871.22998046875,-0.02524230684042503,-0.04642655840956916,2
2022-01-31,794.6881713867188,800.22998046875,812.9903,804.6194,0.009881354460087904,-2.0736379277929284,24.683034638870936,793.0800170898438,871.22998046875,0.003479847337282577,-0.019305028504098203,3
2022-02-01,800.22998046875,802.2999877929688,804.6194,803.85297,0.009713050829959215,-1.5363922184610814,32.359762443173366,793.0800170898438,871.22998046875,0.025381507559161062,-0.003151010459079471,4
2022-02-02,802.2999877929688,810.3800048828125,803.85297,805.7299,0.009407948962290111,-0.9032190958394661,36.297828502826924,793.6599731445312,871.22998046875,0.013901630631165696,-0.0029969446217859275,5
2022-02-03,810.3800048828125,818.1300048828125,800.83136,800.644,0.009452096367023636,0.14249089143817883,46.3221643143132,793.6599731445312,871.22998046875,-0.005470372576170145,0.01212320356764538,1
2022-02-04,818.1300048828125,828.0,800.644,796.20105,0.00945771207248859,1.370567462569813,49.33285778164184,794.6881713867188,871.22998046875,0.0037989316585365146,0.04194748585584403,2
2022-02-07,828.0,824.1799926757812,796.20105,798.55756,0.009650815177800011,2.7807394074733267,53.40287958369336,794.6881713867188,871.22998046875,-0.004918922281595184,0.0332330554396653,3
2022-02-08,824.1799926757812,827.0800170898438,798.55756,800.4424,0.009412511580209816,3.3511198202690995,53.880400270354606,794.6881713867188,871.22998046875,-0.0004484546376708192,0.006886415857565109,4
2022-02-09,827.0800170898438,812.7999877929688,800.4424,804.6866,0.009138989179772624,3.7864537328430705,61.43000651423703,794.6881713867188,871.22998046875,0.031128401116122112,0.024382081286345426,5
2022-02-10,812.7999877929688,804.75,831.2765,831.8284,0.009966377496014372,3.009301206239104,55.903849243929045,794.6881713867188,871.22998046875,0.012313761988536048,0.042762788102695994,1
2022-02-11,804.75,793.6327514648438,831.8284,834.49396,0.009991164452417154,1.9036531770507192,53.36313504037198,794.6881713867188,871.22998046875,-0.03329086198279706,0.004795385437253877,2
2022-02-14,793.6327514648438,812.8800048828125,834.49396,832.1811,0.010335939171491377,0.4499862019986649,43.12734556308419,793.6327514648438,871.22998046875,0.000554797715444434,0.010310434177770956,3
2022-02-15,812.8800048828125,800.4500122070312,832.1811,832.1768,0.011759570451866526,0.7911572868877865,56.20846046851254,793.6327514648438,871.22998046875,0.00531026602842403,0.016145314351660226,4
2022-02-16,800.4500122070312,797.5499877929688,832.1768,835.4887,0.012071734715056136,0.2160422945563072,49.12742862279363,793.6327514648438,871.22998046875,0.0019841940669003784,-0.013042047904901643,5
2022-02-17,797.5499877929688,794.75,798.2775,799.468,0.011705927701363321,-0.29554667470606155,46.95220098292261,793.6327514648438,871.22998046875,-0.0034195760465945794,-0.02844867435168828,1
2022-02-18,794.75,800.75,799.468,800.8673,0.011353264519735937,-0.7334427101739278,50.02788680764049,793.6327514648438,871.22998046875,-0.001216278926307887,0.003218571351454909,2
2022-02-21,800.75,798.0399780273438,800.8673,800.45496,0.011138532622965557,-0.5389278817725618,50.233581060852806,793.6327514648438,871.22998046875,0.0,0.002662142347020437,3
2022-02-22,798.0399780273438,792.219970703125,800.45496,804.3429,0.010806616449313482,-0.5128518928969212,48.097438536655574,793.6327514648438,871.22998046875,-0.0021041150368183927,-0.004744485146335293,4
2022-02-23,792.219970703125,790.6799926757812,804.3429,812.12573,0.010627611733351163,-0.7910201582993768,41.722456038049536,792.219970703125,871.22998046875,-0.006339359251972713,-0.012994166529529824,5
2022-02-24,790.6799926757812,816.25,794.91284,794.92706,0.010289318638869761,-0.9703564222235403,36.73714575895713,790.6799926757812,871.22998046875,-0.006155277033755284,-0.015690629322818537,1
2022-02-25,816.25,791.4636840820312,794.92706,796.9406,0.012909923288712728,0.6539619708158897,45.07067065426688,790.6799926757812,871.22998046875,0.004033195170668777,-0.010509936719237804,2
2022-02-28,791.4636840820312,798.7000122070312,796.9406,798.317,0.014890781740982871,0.10851328664257753,38.32818286653961,790.6799926757812,871.22998046875,-0.006168393316155891,-0.01659471466683435,3
2022-03-01,798.7000122070312,806.1900024414062,798.317,798.4517,0.014564932071332956,0.2750529635382595,40.17905797291235,790.6799926757812,871.22998046875,0.031449872730158694,0.01696229159256836,4
2022-03-02,806.1900024414062,804.3599853515625,798.4517,798.885,0.014266878773059356,0.8946840884667395,47.59981028621074,790.6799926757812,871.22998046875,0.014932059853336425,0.03882623688511656,5
2022-03-03,804.3599853515625,795.6300048828125,805.84106,808.21967,0.013793507217151047,1.1690018075127062,49.85167970987716,790.6799926757812,871.22998046875,0.024611441643241864,0.07128426464141129,1
2022-03-04,795.6300048828125,792.3056640625,808.21967,809.2826,0.013636217445871759,0.7694996506094922,50.77359008874194,790.6799926757812,871.22998046875,0.03247536354111995,0.10219136097339607,2
2022-03-07,792.3056640625,812.0599975585938,809.2826,810.9863,0.013223120974210953,0.3118242611785398,40.909743016663356,790.6799926757812,871.22998046875,-0.0429036430863589,0.06243675430156579,3
2022-03-08,812.0599975585938,809.4000244140625,810.9863,810.2255,0.014279728409447941,1.3137954851036486,54.817767826840175,790.6799926757812,871.22998046875,-0.004563576043598594,0.024855519334022833,4
2022-03-09,809.4000244140625,804.0,810.2255,814.17236,0.013822903696897353,1.744696849427653,54.927197635566394,790.6799926757812,871.22998046875,-0.02946942805330367,-0.01965413096874814,5
2022-03-10,804.0,801.5,814.5082,814.7173,0.013474518218859225,1.6162339398690042,53.76471336389778,790.6799926757812,871.22998046875,0.017268899777085688,-0.026825999461753142,1
2022-03-11,801.5,805.4600219726562,814.7173,814.3717,0.013048084355696226,1.3252956371614792,50.31419845641826,790.6799926757812,871.22998046875,-0.005939792974359469,-0.0635016700426106,2
2022-03-14,805.4600219726562,813.0,814.3717,815.32935,0.012669591140426498,1.3570152659493755,53.07626983114803,790.6799926757812,871.22998046875,-0.022677285829660453,-0.044366858828737706,3
2022-03-15,813.0,809.3800048828125,815.32935,816.86865,0.01247273700471846,1.8146793596133683,58.49403626144647,790.6799926757812,871.22998046875,-0.002440578011937699,-0.04233589644929026,4
2022-03-16,809.3800048828125,797.6099853515625,816.86865,817.84015,0.012115407252352512,1.7989862482179007,57.51600316162715,790.6799926757812,864.9199829101562,0.0190334568099788,0.005258477284727984,5
2022-03-17,797.6099853515625,799.0599975585938,813.96234,812.5173,0.01232887989054115,0.9632088982555276,41.573330713893114,790.6799926757812,864.9199829101562,0.022094980037891683,0.01012166099736859,1
2022-03-18,799.0599975585938,803.010009765625,812.5173,815.7723,0.011923771069420204,0.4987076581892418,54.35243923762895,790.6799926757812,864.9199829101562,0.008491811707014074,0.024805034970467293,2
2022-03-21,803.010009765625,793.260009765625,815.7723,816.6819,0.011591096690098016,0.4496725174613023,52.5661254721431,790.6799926757812,856.7999877929688,-0.006149358180897094,0.041883687022357084,3
2022-03-22,793.260009765625,792.280029296875,816.6819,814.1038,0.011659000224488715,-0.21171368596650897,42.50337064337708,790.6799926757812,855.0,-0.002662225985065833,0.04165278120574175,4
2022-03-23,792.280029296875,792.1099853515625,814.1038,816.051,0.011275464233633568,-0.6620740181752758,42.926487911434386,790.6799926757812,851.5,0.015553332635634952,0.038034000735626315,5
2022-03-24,792.1099853515625,788.6099853515625,788.7121,795.61475,0.0108990906929157,-0.9033615323770166,47.70917774766,790.6799926757812,851.5,-0.007058917381914071,0.008208146418343323,1
2022-03-25,788.6099853515625,777.510009765625,795.61475,797.4799,0.010602800668772196,-1.2114086368247263,47.600345581940964,788.6099853515625,851.5,-0.009134470614113594,-0.009407113174252548,2
2022-03-28,777.510009765625,778.0800170898438,797.4799,792.5317,0.01091151609886097,-2.0274026624912476,24.725699135685502,777.510009765625,851.2999877929688,0.005957539850870366,0.0026587868264541935,3
2022-03-29,778.0800170898438,779.7100219726562,792.5317,790.30786,0.010547917705081821,-2.3696203157314066,26.365851299505806,777.510009765625,846.9299926757812,0.000530105600709956,0.0058647206206186315,4
2022-03-30,779.7100219726562,788.6300048828125,790.30786,795.0083,0.010207202602561926,-2.323897090571367,30.56492390878627,777.510009765625,838.02001953125,0.0048646967103835375,-0.004829346857720597,5
2022-03-31,788.6300048828125,786.280029296875,778.5837,771.5601,0.010290919937865994,-1.5668909269780915,40.66174086953133,777.510009765625,837.0999755859375,0.0007381987602404795,0.0029604437923042982,1
2022-04-01,786.280029296875,782.5,771.5601,777.026,0.009980902336505885,-1.119401072575057,35.75037432786496,777.510009765625,835.0999755859375,-0.012837722433705689,-0.0007469024409056691,2
2022-04-04,782.5,778.530029296875,777.026,783.3117,0.00973384303196709,-0.9780795475444943,25.99938523015446,777.510009765625,835.0999755859375,0.01987597695162795,0.013258378662701454,3
2022-04-05,778.530029296875,786.9099731445312,783.3117,785.26624,0.00950583670968707,-1.0459590834384,25.856966260147843,777.510009765625,828.0,0.0030310269629588347,0.015795629597449748,4
2022-04-06,786.9099731445312,799.4099731445312,785.26624,785.17114,0.00959434825173939,-0.4508767866790171,41.15700578371742,777.510009765625,828.0,-0.012074247417858537,-0.001265965165886409,5
2022-04-07,799.4099731445312,805.5499877929688,781.83026,781.2773,0.010133227689483054,0.7925019435995759,50.244567396359564,777.510009765625,828.0,-0.008166738169883227,-0.010120147279645539,1
2022-04-08,805.5499877929688,814.5,781.2773,783.25867,0.009987695007902673,1.9693546719041946,51.722254180961876,777.510009765625,828.0,0.005310605923722223,0.008008522274227657,2
2022-04-11,814.5,816.75,783.25867,783.41797,0.010062920544596114,3.217656548185843,64.55991725855364,777.510009765625,828.0,-0.019575916918115405,-0.030985079734576468,3
2022-04-12,816.75,805.5499877929688,783.41797,785.2802,0.00974989379293537,4.010390502402913,66.4869853008909,777.510009765625,828.0,0.016180371556952136,-0.018159026340501153,4
2022-04-13,805.5499877929688,805.3499755859375,785.2802,787.23083,0.010110364863627753,3.6085380365309447,57.88363069260353,777.510009765625,828.0,0.0006375056286456698,-0.005598441965941124,5
2022-04-14,805.3499755859375,814.9000244140625,810.3886,813.7123,0.009774097104022373,3.1727774296995452,60.214792656111264,777.510009765625,828.0,0.002122290505525724,0.004685800886825676,1
2022-04-15,814.9000244140625,814.4500122070312,813.7123,810.98126,0.009923486975724061,3.35360186388918,73.25538489571866,777.510009765625,828.0,0.0,-0.0006355471812709671,2
2022-04-18,814.4500122070312,816.0900268554688,810.98126,811.6494,0.009593573964749412,3.265586670605568,72.65478152962717,777.510009765625,828.0,0.01660923204110943,0.03618883431472056,3
2022-04-19,816.0900268554688,819.2999877929688,811.6494,814.4115,0.009284815073274433,3.1396196076307286,72.65819108528193,777.510009765625,828.0,-0.017245385702313175,0.002125898998712925,4
2022-04-20,819.2999877929688,814.9299926757812,814.4115,812.2355,0.009027255483246246,3.0895029258966193,70.5645567237294,777.510009765625,828.0,-0.013777188294921696,-0.01221582499720908,5
2022-04-21,814.9299926757812,824.3499755859375,810.2615,807.5382,0.008845303849711054,2.598778303567583,68.70345562939345,777.510009765625,828.0,0.011547204670620877,-0.002862033835321452,1
2022-04-22,824.3499755859375,836.75,807.5382,808.57385,0.009051157039866092,2.731734796023771,75.44690838266818,777.510009765625,828.0,-0.026062172064567013,-0.028513891559325235,2
2022-04-25,836.75,844.4099731445312,808.57385,813.9096,0.009564333130260824,3.4325858401671647,82.10895033843329,777.510009765625,836.75,-0.029565371325842638,-0.07235198536161626,3
2022-04-26,844.4099731445312,846.4099731445312,813.9096,810.5721,0.009535123997200244,4.142319861659269,81.96573238742707,777.510009765625,844.4099731445312,-0.0020249359120116427,-0.058124767663280556,4
2022-04-27,846.4099731445312,846.4500122070312,810.5721,811.17596,0.009234860381911267,4.449768682850454,79.58205088410244,777.510009765625,846.4099731445312,0.0032604763781424375,-0.04193992887490836,5
2022-04-28,846.4500122070312,857.510009765625,850.5841,847.2079,0.008927434317453417,4.353733907681413,77.88381197133165,777.510009765625,846.4500122070312,-0.009246878261905584,-0.061656208048009954,1
2022-04-29,857.510009765625,852.010009765625,847.2079,851.2472,0.009257297639103641,4.703182699037356,78.50229822015348,777.510009765625,857.510009765625,-0.004200460650535515,-0.04091653044853702,2
2022-05-02,852.010009765625,860.760009765625,851.2472,853.60535,0.009116426281259771,4.245993414617702,72.40151013399802,777.510009765625,857.510009765625,-0.03225530051190937,-0.043492930345010825,3
2022-05-03,860.760009765625,855.010009765625,853.60535,864.03766,0.009194863069031712,4.206909860770963,86.20326411752039,777.510009765625,860.760009765625,0.0036357441380119823,-0.038063096080001246,4
2022-05-04,855.010009765625,853.010009765625,864.03766,876.11,0.009071121224006719,3.496991179369024,80.35452600036412,777.510009765625,860.760009765625,0.013373043660184394,-0.028286092433934318,5
2022-05-05,853.010009765625,861.780029296875,857.20013,857.2738,0.008795254543900517,2.6351670356655426,75.66328979903199,777.510009765625,860.760009765625,-0.010100497643645998,-0.029115212332185943,1
2022-05-06,861.780029296875,858.489990234375,857.2738,853.3981,0.008899589678819484,2.4046211438403766,78.66053826542492,777.510009765625,861.780029296875,-0.005499333209514505,-0.03037544932002153,2
2022-05-09,858.489990234375,868.260009765625,853.3981,852.9337,0.008668935021735,1.806708444060238,75.17213690364464,777.510009765625,861.780029296875,-0.01620475325248406,-0.014686876360731162,3
2022-05-10,868.260009765625,866.3499755859375,852.9337,853.12726,0.008872369274304627,1.8392254926290228,76.96627740376954,777.510009765625,868.260009765625,-0.00922434401865177,-0.027276961675287176,4
2022-05-11,866.3499755859375,861.6300048828125,853.12726,855.291,0.008601720174126215,1.5155933885599744,79.11000202482728,777.510009765625,868.260009765625,0.013864232358316693,-0.026799053750572017,5
2022-05-12,861.6300048828125,865.1599731445312,867.94836,868.04407,0.008448570568797635,0.8029212967378001,72.29130414472071,777.510009765625,868.260009765625,-0.025850570766837735,-0.042006962601721556,1
2022-05-13,865.1599731445312,859.9000244140625,868.04407,866.7565,0.00823249289510506,0.40842773756217454,69.00331100142483,777.510009765625,868.260009765625,0.018225116357163194,-0.01900735737992101,2
2022-05-16,859.9000244140625,857.280029296875,866.7565,868.46655,0.008130315792903962,-0.3278405342742339,60.704936716656135,777.510009765625,868.260009765625,0.0038199388179227,0.0008347209336865393,3
2022-05-17,857.280029296875,850.5,868.46655,869.0343,0.007908024272362672,-1.0705072882152784,57.44830164753864,777.510009765625,868.260009765625,0.010194545833625966,0.0204597515924605,4
2022-05-18,850.5,854.22998046875,869.0343,870.3056,0.00794042485147587,-2.0412964284381125,52.54045080702528,777.510009765625,868.260009765625,-0.013655709241902486,-0.007240340524546897,5
2022-05-19,854.22998046875,837.0499877929688,844.39905,848.50006,0.007756696345442661,-2.4288010926186523,47.734160627520296,777.510009765625,868.260009765625,0.02433087712236187,0.0438489226558517,1
2022-05-20,837.0499877929688,836.0,848.50006,849.9532,0.009224969719833056,-3.759290620084368,41.10158077138391,777.510009765625,868.260009765625,-0.0009338571984142075,0.024040211954999256,2
2022-05-23,836.0,829.97998046875,849.9532,851.0368,0.008928880188234102,-4.573130918907383,33.78731370126019,777.510009765625,868.260009765625,0.015414272906901085,0.03598237321630625,3
2022-05-24,829.97998046875,829.8599853515625,851.0368,846.1153,0.008849013678465882,-5.327235361327521,33.66825805691093,777.510009765625,868.260009765625,-0.005073188864434374,0.02028540269822681,4
2022-05-25,829.8599853515625,831.5999755859375,846.1153,850.86523,0.00855917187795734,-5.615699503709923,34.51503383674749,777.510009765625,868.260009765625,-0.011275925634071683,0.022716352594954314,5
2022-05-26,831.5999755859375,823.3200073242188,824.5833,830.2952,0.00829413160556052,-5.465688324992315,27.717020992786104,777.510009765625,868.260009765625,-0.005157028728977165,-0.007001104793343108,1
2022-05-27,823.3200073242188,826.0,830.2952,835.7833,0.008451614409031949,-5.675706077040981,25.814859491353417,777.510009765625,868.260009765625,0.011450010894338128,0.005372521081748666,2
2022-05-30,826.0,829.989990234375,835.7833,835.7423,0.00821445162366352,-5.38799832558304,17.79938164811982,777.510009765625,868.260009765625,0.0,-0.010005738498215714,3
2022-05-31,829.989990234375,823.7100219726562,835.7423,835.36456,0.008037912113141608,-4.70752666495831,23.14617641278261,777.510009765625,868.260009765625,-0.002093226615656373,-0.007051192941729739,4
2022-06-01,823.7100219726562,823.1099853515625,835.36456,841.0967,0.008036509899785032,-4.461224997265972,22.62483553689657,777.510009765625,868.260009765625,0.008115951194897815,0.012391857356007398,5
2022-06-02,823.1099853515625,812.72998046875,819.49005,820.02423,0.007778570741036621,-4.127316208157492,18.30238629159078,777.510009765625,868.260009765625,0.05043842146787454,0.07027021817512688,1
2022-06-03,812.72998046875,811.3099975585938,820.02423,816.9849,0.008240846087221304,-4.370728761225573,16.990849418606643,777.510009765625,868.260009765625,-0.01694109942939782,0.04031135339993543,2
2022-06-06,811.3099975585938,822.239990234375,816.9849,809.3774,0.007988377917173209,-4.38146561374079,17.281087773409496,777.510009765625,868.260009765625,-0.008523121594769303,0.031482332097146265,3
2022-06-07,822.239990234375,824.5,809.3774,805.9519,0.008459034392453145,-3.447670164763318,31.008033024656925,777.510009765625,868.260009765625,0.0,0.03364371971612258,4
2022-06-08,824.5,821.25,805.9519,810.5508,0.00821041334300275,-2.5162513852687267,29.617435667395327,777.510009765625,868.260009765625,0.00427064122011487,0.029676671363824778,5
2022-06-09,821.25,826.0,822.7084,812.75433,0.008016200254695786,-1.9810496726422988,36.61016598476189,777.510009765625,868.260009765625,-0.015710969258667343,-0.03623187647048353,1
2022-06-10,826.0,844.1300048828125,812.75433,812.81195,0.007891229570103814,-1.2071887762129672,42.025512131111796,777.510009765625,868.260009765625,-0.020253815503193908,-0.03941928422135979,2
2022-06-13,844.1300048828125,862.4600219726562,812.81195,816.5373,0.009466519331308326,0.5323240869920758,59.45731614785517,777.510009765625,868.260009765625,-0.019842227404011686,-0.05023089466661978,3
2022-06-14,862.4600219726562,868.5399780273438,816.5373,815.783,0.010706088018949471,2.7974517940021766,67.52314081201334,777.510009765625,868.260009765625,-0.013129773188470176,-0.06261963892486455,4
2022-06-15,868.5399780273438,856.52001953125,815.783,814.2738,0.010499277196818889,4.485136729517926,68.97084591055986,777.510009765625,868.5399780273438,0.0014407595155047006,-0.06526856461798695,5
2022-06-16,856.52001953125,866.5999755859375,869.88586,868.5327,0.010799079448342788,4.557103693912854,66.41940666050479,777.510009765625,868.5399780273438,-0.013406814849765658,-0.06311231584894181,1
2022-06-17,866.5999755859375,876.2999877929688,868.5327,874.2466,0.010860814408076349,5.012575664549891,68.7096872183801,777.510009765625,868.5399780273438,-0.02324972573064061,-0.0659149469320502,2
2022-06-20,876.2999877929688,883.0999755859375,874.2466,872.4957,0.010877853007149337,5.648872747421585,70.27407326255936,778.0800170898438,876.2999877929688,0.0,-0.04719551545742972,3
2022-06-21,883.0999755859375,873.5,872.4957,870.5575,0.010695389985229146,6.167204056201621,75.88250471476033,778.530029296875,883.0999755859375,0.006327245744323865,-0.02847525087375268,4
2022-06-22,873.5,889.760009765625,870.5575,874.33325,0.010738195142090089,5.523761264371382,70.36291615487448,778.530029296875,883.0999755859375,-0.022891807166630616,-0.051829653058205145,5
2022-06-23,889.760009765625,903.530029296875,883.1224,893.25696,0.011419465148852006,5.823605390202097,79.71611393869071,778.530029296875,889.760009765625,-0.05007527019268089,-0.08596787216867789,1
2022-06-24,903.530029296875,917.3699951171876,893.25696,892.18646,0.011724831659311784,6.5267866226081015,82.48101463924698,778.530029296875,903.530029296875,0.00039898684129586245,-0.06409457078601756,2
2022-06-27,917.3699951171876,920.0900268554688,892.18646,883.6255,0.011989231879121702,7.435497759137309,82.8329151127342,778.530029296875,917.3699951171876,0.005040481110548134,-0.05936524813098821,3
2022-06-28,920.0900268554688,910.6799926757812,883.6255,886.2364,0.01160501370882171,7.698799700082773,82.88725517988648,786.9099731445312,920.0900268554688,0.0013221940432880405,-0.06406141162189975,4
2022-06-29,910.6799926757812,926.2999877929688,886.2364,883.4006,0.011543860763030801,6.752109347397539,79.51681116642916,799.4099731445312,920.0900268554688,-0.0013221940432880527,-0.043654282616796554,5
2022-06-30,926.2999877929688,916.25,923.9735,919.08325,0.011987879578410365,6.678614911130435,80.88816042975748,805.3499755859375,926.2999877929688,-0.017215369716929715,-0.01170683719890485,1
2022-07-01,916.25,932.0800170898438,919.08325,928.1664,0.011941640233621204,5.502855204558156,73.37310036467618,805.3499755859375,926.2999877929688,-0.02604633327227293,-0.03750000871876455,2
2022-07-04,932.0800170898438,928.25,928.1664,931.61945,0.012357826799070291,5.336911578741269,72.93452288558375,805.3499755859375,932.0800170898438,0.0,-0.04233926540706707,3
2022-07-05,928.25,952.7999877929688,931.61945,929.11597,0.011992263352469714,4.545778795070248,69.96590471688833,805.3499755859375,932.0800170898438,-0.05509627519484512,-0.09487314354525148,4
2022-07-06,952.7999877929688,969.5,929.11597,903.2117,0.013425090625563255,5.20504690835255,79.70503816862893,805.3499755859375,952.7999877929688,-0.002045878120812058,-0.09552793248066674,5
2022-07-07,969.5,951.280029296875,957.72754,954.8541,0.013726792869417168,6.226007823326217,80.50153890465305,811.3099975585938,969.5,0.04686572875972961,-0.03567100148385011,1
2022-07-08,951.280029296875,973.6099853515624,954.8541,947.302,0.014182775125111196,5.17744825992478,71.15689512941553,811.3099975585938,969.5,-0.014057007328479318,-0.02403976076187497,2
2022-07-11,973.6099853515624,993.2999877929688,947.302,956.3092,0.014974896623886236,5.462721720714882,73.48104055878856,811.3099975585938,973.6099853515624,-0.027119838109684272,-0.050151964670569295,3
2022-07-12,993.2999877929688,1019.1500244140624,956.3092,969.768,0.0153720001022356,6.388135054238525,79.53357249451776,811.3099975585938,993.2999877929688,-0.041883173257640245,-0.037518244242400196,4
2022-07-13,1019.1500244140624,1012.2000122070312,969.768,983.3084,0.016297034336202717,8.044823100714147,80.45760412123008,811.3099975585938,1019.1500244140624,0.008758752448604084,-0.027062601478739276,5
2022-07-14,1012.2000122070312,1008.8400268554688,1003.6122,978.82904,0.015833827453640318,7.961455376716039,76.42880702247102,811.3099975585938,1019.1500244140624,-0.03519335333759035,-0.10371301325472843,1
2022-07-15,1008.8400268554688,1050.25,978.82904,968.2381,0.015308924377553474,7.002786039836181,73.44062579867946,811.3099975585938,1019.1500244140624,0.007447646427040558,-0.08422993432958804,2
2022-07-18,1050.25,1050.260009765625,968.2381,958.5862,0.018186496954000944,8.386903034708993,77.83575276740152,811.3099975585938,1050.25,0.034488832166270904,-0.026036349209872158,3
2022-07-19,1050.260009765625,1050.260009765625,958.5862,954.2234,0.017538454711217347,8.505711021504055,81.10072189587632,811.3099975585938,1050.260009765625,-0.0170197516986835,-0.0015167226062545254,4
2022-07-20,1050.260009765625,926.9600219726562,954.2234,961.659,0.01691898580499661,7.8051946883522305,79.68676137963216,811.3099975585938,1050.260009765625,0.011478714797717558,0.0012028111525550541,5
2022-07-21,926.9600219726562,928.3200073242188,1045.1141,1029.542,0.038406848165307365,-1.258642819077437,51.662892126230936,811.3099975585938,1050.260009765625,-0.008293771177248261,0.028500247255772822,1
2022-07-22,928.3200073242188,951.9299926757812,1029.542,1023.2274,0.036846733380363685,-7.130929715429218,49.38873544322336,811.3099975585938,1050.260009765625,0.013984128994097221,0.03524504079025386,2
2022-07-25,951.9299926757812,936.4299926757812,1023.2274,1025.8097,0.0360542462171627,-9.25878368556338,53.617034209642604,811.3099975585938,1050.260009765625,0.0007463414598675229,0.0008960636010747351,3
2022-07-26,936.4299926757812,924.4000244140624,1025.8097,1005.52985,0.03492666965079437,-11.402959274239432,47.42844585340897,811.3099975585938,1050.260009765625,0.009356231511626789,0.027646920601218986,4
2022-07-27,924.4000244140624,909.75,1005.52985,1014.9867,0.03374591642424335,-13.197524740097059,42.809770766791175,811.3099975585938,1050.260009765625,0.013799446663093596,0.030034583046752456,5
2022-07-28,909.75,908.4500122070312,918.88696,938.26025,0.03273300642654178,-14.816013301192669,43.30268680738713,811.3099975585938,1050.260009765625,0.013179943583044093,0.052392445929093076,1
2022-07-29,908.4500122070312,900.5999755859375,938.26025,925.26624,0.031463421197746234,-15.353559584438678,38.727426734888994,811.3099975585938,1050.260009765625,0.030885074406484785,0.0703300272766233,2
2022-08-01,900.5999755859375,891.2000122070312,925.26624,920.004,0.030346982295618982,-15.568428070943337,33.27801164287804,811.3099975585938,1050.260009765625,-0.008968687961960311,0.059982086234383176,3
2022-08-02,891.2000122070312,909.2899780273438,920.004,903.14355,0.029328760865829445,-15.633213712671463,25.46311284777211,811.3099975585938,1050.260009765625,-0.00777228609106147,0.04198077243110068,4
2022-08-03,909.2899780273438,911.1199951171876,903.14355,892.8057,0.028732312441413645,-13.810559848156744,31.073659794231034,811.3099975585938,1050.260009765625,-0.015728041877474796,0.01166349632649768,5
2022-08-04,911.1199951171876,901.9000244140624,882.079,869.9874,0.027641126248699785,-11.906636876569657,31.926450736908237,811.3099975585938,1050.260009765625,0.0038834928349346684,0.0023021973068511003,1
2022-08-05,901.9000244140624,917.6400146484376,869.9874,861.97754,0.026740064734075933,-10.72962956362233,18.853656011202915,811.3099975585938,1050.260009765625,0.019898306639490177,-0.00864959162171594,2
2022-08-08,917.6400146484376,905.4000244140624,861.97754,871.48236,0.02614831183379094,-8.452598178903287,23.881350178672477,811.3099975585938,1050.260009765625,0.009663298145692585,0.0099943832020153,3
2022-08-09,905.4000244140624,903.25,871.48236,867.8626,0.025430027145496293,-7.37181057095297,22.782944826137395,811.3099975585938,1050.260009765625,0.0013927233381699987,0.019293539583505704,4
2022-08-10,903.25,887.0800170898438,867.8626,852.29095,0.024474661677541577,-6.436742165406358,41.82243334945842,811.3099975585938,1050.260009765625,0.017384534003716742,0.0536099918788567,5
2022-08-11,887.0800170898438,884.4099731445312,885.33997,880.21625,0.024069722242875555,-6.522075924449643,37.094750851276345,811.3099975585938,1050.260009765625,0.014933773931209706,0.06531724353625883,1
2022-08-12,884.4099731445312,875.260009765625,880.21625,901.5513,0.02317100760666644,-6.366104958396798,25.684227832987773,811.3099975585938,1050.260009765625,-0.009341402279006945,0.03461867320093284,2
2022-08-15,875.260009765625,880.510009765625,901.5513,884.3389,0.022476217573146943,-6.466088800321343,26.915232999265342,811.3099975585938,1050.260009765625,-0.012868122622951974,0.011567903005143867,3
2022-08-16,880.510009765625,881.0,884.3389,891.7456,0.021675949062827538,-5.787549292775461,32.54314362954172,811.3099975585938,1050.260009765625,0.0020645340532498197,0.012247713487828573,4
2022-08-17,881.0,897.0999755859375,891.7456,890.5487,0.020843840191357738,-4.947198301956185,37.113393600688184,811.3099975585938,1050.260009765625,-0.010643498782088992,-0.015729691308753988,5
2022-08-18,897.0999755859375,929.2000122070312,894.5714,886.8787,0.020644357565863903,-3.0420111327734105,45.50849058289944,811.3099975585938,1050.260009765625,0.013389684468500692,-0.017248319969877204,1
2022-08-19,929.2000122070312,944.0,886.8787,895.40686,0.022072226843400444,0.45874153903239545,59.495369471624066,811.3099975585938,1050.260009765625,0.0100955673417733,0.0020402429275102473,2
2022-08-22,944.0,937.5,895.40686,897.06964,0.021660866032952787,3.6709542519625593,66.92307963173869,811.3099975585938,1050.260009765625,-0.003535497640372084,0.011435682596212025,3
2022-08-23,937.5,916.25,897.06964,892.8415,0.020925460354224063,5.166243902685769,59.76733855646604,811.3099975585938,1050.260009765625,0.009220382581036387,0.01869932088893004,4
2022-08-24,916.25,920.9299926757812,892.8415,902.9753,0.021106539107659833,4.553928429816544,51.56564922751366,811.3099975585938,1050.260009765625,-0.011948522410051805,0.017370761294765398,5
2022-08-25,920.9299926757812,898.0,920.3074,902.88885,0.020345367311754528,4.297117716788029,55.97337274365502,811.3099975585938,1050.260009765625,0.013566875289911354,0.017551046027566717,1
2022-08-26,898.0,892.6500244140625,902.88885,905.9834,0.0207793140415712,2.5047941782217604,44.10138846931081,811.3099975585938,1050.260009765625,0.00026944961898488136,0.007601432750977542,2
2022-08-29,892.6500244140625,882.010009765625,905.9834,917.7593,0.020057360050917995,0.9602041979494658,46.00538795328914,821.25,1050.260009765625,-0.023168122718755138,-0.011987508048778482,3
2022-08-30,882.010009765625,889.9500122070312,917.7593,934.7294,0.019578636632832155,-0.6879276623701909,43.68158145297699,821.25,1050.260009765625,-0.022729784336666843,-0.0430557120735055,4
2022-08-31,889.9500122070312,896.5,934.7294,952.62366,0.018981918623308933,-1.127258560975159,50.89771521911948,821.25,1050.260009765625,-0.007503393602892206,-0.0387925032159316,5
2022-09-01,896.5,896.5700073242188,877.8901,874.2361,0.018356737093032795,-0.8720442207330805,53.69206400922108,826.0,1050.260009765625,-0.03000371904235822,-0.07977361640278688,1
2022-09-02,896.5700073242188,878.219970703125,874.2361,875.7799,0.017644441749594095,-0.6064307877201882,56.889751892919094,844.1300048828125,1050.260009765625,0.0020479730731946338,-0.0781355159281152,2
2022-09-05,878.219970703125,881.25,875.7799,872.17035,0.017923249655095508,-1.5223652934616112,49.31742501862891,856.52001953125,1050.260009765625,0.0,-0.05652831376030598,3
2022-09-06,881.25,892.5,872.17035,876.0289,0.01725179721280436,-1.762960718926598,50.07340417600945,856.52001953125,1050.260009765625,0.013787355194825272,-0.02143863852435258,4
2022-09-07,892.5,883.530029296875,876.0289,883.5792,0.01694136919728643,-1.039056811586856,48.60977580361326,856.52001953125,1050.260009765625,-0.008976500708669724,-0.02287910297967991,5
2022-09-08,883.530029296875,881.75,901.159,907.93774,0.016529972743818934,-1.0365947190013536,33.954049717641084,866.5999755859375,1050.260009765625,0.028106252131502352,0.03558354527065715,1
2022-09-09,881.75,904.97998046875,907.93774,905.2131,0.01589258342032243,-1.02523957363596,25.926219664181644,873.5,1050.260009765625,0.012645967498656327,0.04661701697555643,2
2022-09-12,904.97998046875,897.8499755859375,905.2131,906.78143,0.0168938242756636,0.5895114331132598,38.864533905814774,873.5,1050.260009765625,0.012350083783838168,0.05962297183065138,3
2022-09-13,897.8499755859375,917.010009765625,906.78143,910.79803,0.016394315970214915,1.1857450323375254,43.025010990027994,873.5,1050.260009765625,-0.012350083783838062,0.032285957132354604,4
2022-09-14,917.010009765625,919.9500122070312,910.79803,921.69525,0.016799988467413988,2.7874024238494632,48.661025705387715,875.260009765625,1050.260009765625,-0.009962910990771172,0.03126820169490785,5
2022-09-15,919.9500122070312,923.25,927.9482,929.7849,0.016173319284579733,3.893800856452156,58.68343977496348,875.260009765625,1050.260009765625,-0.006224401018000892,-0.0035350813451689458,1
2022-09-16,923.25,921.8699951171876,929.7849,935.007,0.015574755471423616,4.645879998655741,62.304951727577425,875.260009765625,1050.260009765625,0.010586630784932173,-0.005585026647819549,2
2022-09-19,921.8699951171876,922.3200073242188,935.007,936.78265,0.014973924810811022,4.827198343022381,67.31836908742221,875.260009765625,1050.260009765625,-0.0009834160131192236,-0.01875605540780757,3
2022-09-20,922.3200073242188,932.5999755859376,936.78265,936.9558,0.014385390193891713,4.747055123507579,65.04320507205765,875.260009765625,1050.260009765625,-0.002673926948828699,-0.009215300626779192,4
2022-09-21,932.5999755859376,936.260009765625,936.9558,950.4766,0.014153408126496837,5.123739433084916,66.21449578587931,875.260009765625,1050.260009765625,-0.010198392195087953,-0.009448584332964268,5
2022-09-22,936.260009765625,944.3800048828124,938.79675,953.4631,0.013632982239335623,5.332861207391961,67.27002417289759,875.260009765625,1050.260009765625,-0.003851363389370319,-0.007095177293159109,1
2022-09-23,944.3800048828124,970.0499877929688,953.4631,961.3091,0.01330604024693837,5.698465140181284,81.60107003879712,875.260009765625,1050.260009765625,-0.03697658256135126,-0.05321541355646259,2
2022-09-26,970.0499877929688,993.510009765625,961.3091,962.98175,0.01482212591068803,7.249994762295967,84.87275474578041,875.260009765625,1050.260009765625,-0.01735274304609566,-0.06858748162685718,3
2022-09-27,993.510009765625,984.6599731445312,962.98175,948.1502,0.01569809243621341,9.305947135962843,86.19651277744248,875.260009765625,1050.260009765625,0.0028629649246226284,-0.0634160475993138,4
2022-09-28,984.6599731445312,956.030029296875,948.1502,955.6934,0.015307038443730603,9.487122904094784,86.27066737591919,875.260009765625,1050.260009765625,0.017599265856016143,-0.03701597703143894,5
2022-09-29,956.030029296875,963.25,987.58527,992.10175,0.01685447057576679,7.199796941316148,72.33851345299055,875.260009765625,1050.260009765625,0.017004246566302488,-0.016721466251386062,1
2022-09-30,963.25,967.510009765625,992.10175,995.3916,0.016337831099695676,5.756615324119544,69.39102147462566,875.260009765625,1050.260009765625,0.000581184279762811,0.02091054328462235,2
2022-10-03,967.510009765625,939.9600219726562,995.3916,1006.3961,0.015758390244330043,4.716162711268003,73.63279680818201,875.260009765625,1050.260009765625,0.004637698966480462,0.04360948251906449,3
2022-10-04,939.9600219726562,931.3400268554688,1006.3961,1010.2173,0.01714767782318367,1.9418862623791053,57.36663616932491,875.260009765625,1050.260009765625,0.01720224306202251,0.05868189465213416,4
2022-10-05,931.3400268554688,939.6599731445312,1010.2173,1013.6599,0.016696333036860234,-0.5700432644045197,53.52741346955008,875.260009765625,1050.260009765625,0.0041132293482632675,0.044500313567666754,5
2022-10-06,939.6599731445312,943.5800170898438,945.9992,946.5143,0.01623952264702824,-1.7034925966937653,54.92881061125752,875.260009765625,1050.260009765625,-0.016411392102800407,0.010174374078467156,1
2022-10-07,943.5800170898438,937.8300170898438,946.5143,946.99713,0.01566025756756884,-2.190428846133546,56.42270533058339,875.260009765625,1050.260009765625,-0.01814931900831225,-0.008570600924277232,2
2022-10-10,937.8300170898438,937.6799926757812,946.99713,941.83905,0.015163869788375558,-2.8587444006487566,54.44897464681812,875.260009765625,1050.260009765625,0.011943086371317376,-0.0013013048970335777,3
2022-10-11,937.6799926757812,927.010009765625,941.83905,940.87836,0.014586290268229173,-3.241817767893256,51.54708774408205,875.260009765625,1050.260009765625,0.00706917560844575,-0.011370086166157839,4
2022-10-12,927.010009765625,944.010009765625,940.87836,936.6469,0.014393158075710854,-4.089995935540516,47.29832257549266,875.260009765625,993.510009765625,-0.009678647353026296,-0.024911552276031694,5
2022-10-13,944.010009765625,937.510009765625,936.18445,921.5356,0.014711850776314041,-3.4100742851476777,49.89726350098604,875.260009765625,993.510009765625,0.006655117764567944,-0.002158254229820148,1
2022-10-14,937.510009765625,961.510009765625,921.5356,937.5101,0.014286356889653176,-3.299954740083324,39.88813379941089,875.260009765625,993.510009765625,-0.004914713560715287,0.011135562746811269,2
2022-10-17,961.510009765625,971.3499755859376,937.5101,941.6182,0.015392281670085764,-1.5987887534503118,40.08919362790317,875.260009765625,993.510009765625,0.001447980587636241,0.0005790806494070534,3
2022-10-18,971.3499755859376,972.75,941.6182,947.81854,0.015062386819428729,0.11042004904821479,45.90284794632303,875.260009765625,993.510009765625,-0.014281731075751121,-0.020557741820916364,4
2022-10-19,972.75,973.7000122070312,947.81854,954.2846,0.014494776621865052,1.196201370023287,56.18342335119244,875.260009765625,993.510009765625,-0.01359559953264893,-0.024386666555919177,5
2022-10-20,973.7000122070312,978.0,981.86414,982.45703,0.013945761871398298,1.8028668597314645,54.05259163913465,875.260009765625,993.510009765625,0.026574235556435358,-0.004758470460401795,1
2022-10-21,978.0,972.25,982.45703,979.7656,0.013465691282279046,2.287107938465031,54.066834386789864,875.260009765625,993.510009765625,0.020648862969661265,0.02101144478272712,2
2022-10-24,972.25,986.25,979.7656,972.04016,0.013061010228946927,2.022651526667575,65.06484238894271,875.260009765625,993.510009765625,-0.012424278700876038,0.006945498083716214,3
2022-10-25,986.25,967.0,972.04016,967.2247,0.013158474851549098,2.5585781030150443,74.39359355841779,875.260009765625,993.510009765625,-0.008369469804456653,0.01291645649461232,4
2022-10-26,967.0,951.2999877929688,967.2247,970.9662,0.01380391839329041,1.4403062346465791,61.07062587705879,875.260009765625,993.510009765625,0.05057572217400336,0.08004755459026167,5
2022-10-27,951.2999877929688,943.25,969.91077,966.4803,0.014044396838460607,-0.4328943342480276,52.85375208699968,875.260009765625,993.510009765625,-0.001102673735418754,0.05056505065479429,1
2022-10-28,943.25,942.9000244140624,966.4803,979.5589,0.013722587351158355,-2.1918799780878953,51.97004325616087,875.260009765625,993.510009765625,-0.04499098542763021,-0.01617937035703842,2
2022-10-31,942.9000244140624,943.0,979.5589,985.92145,0.013203069546406064,-3.2906764573161453,51.89461152765609,875.260009765625,993.510009765625,-0.015263035855571663,-0.0189682378767118,3
2022-11-01,943.0,942.9400024414062,985.92145,988.3254,0.01270165838080255,-3.8818634811362873,56.28587058755782,875.260009765625,993.510009765625,0.027735406246531834,0.017098975529084716,4
2022-11-02,942.9400024414062,944.2000122070312,988.3254,986.85724,0.012218281516306065,-4.12526129192083,49.51473563873811,875.260009765625,993.510009765625,-0.0011403988240251282,-0.03416444057258297,5
2022-11-03,944.2000122070312,944.1599731445312,936.3642,951.0704,0.011756006869239199,-4.0442701577417735,53.18541363093968,875.260009765625,993.510009765625,-0.014076654119052961,-0.0466142358416485,1
2022-11-04,944.1599731445312,926.260009765625,951.0704,956.6543,0.011305251266916056,-3.8379523757012493,39.29670620962212,875.260009765625,993.510009765625,0.07198753440505058,0.07169644101465344,2
2022-11-07,926.260009765625,916.3499755859376,956.6543,958.0621,0.012134077700232058,-4.694928973851654,24.699824243926926,878.219970703125,993.510009765625,-0.023149192689883615,0.0632781125602481,3
2022-11-08,916.3499755859376,906.5,958.0621,965.79407,0.012060372973328286,-5.652834452328053,21.112463001889537,878.219970703125,993.510009765625,0.020723298470771447,0.055848371355531515,4
2022-11-09,906.5,906.5,965.79407,951.2618,0.01199537992359353,-6.607068457316997,18.456609842982886,878.219970703125,993.510009765625,0.009668401989680267,0.06732272638763452,5
2022-11-10,906.5,893.9500122070312,910.17554,915.20374,0.011540491493220504,-6.865317454471516,15.02640359404154,878.219970703125,993.510009765625,0.014461307722984953,0.09822072766190723,1
2022-11-11,893.9500122070312,890.4600219726562,915.20374,919.983,0.011773334457117392,-7.459062147716276,14.089149879939598,878.219970703125,993.510009765625,0.040020823400885835,0.06366941121361316,2
2022-11-14,890.4600219726562,890.7000122070312,919.983,924.818,0.01138351807625151,-7.636775375871361,1.3805563489669908,878.219970703125,993.510009765625,-0.024597693190473145,0.06212980087137904,3
2022-11-15,890.7000122070312,886.5,924.818,922.15137,0.010951377318685744,-7.288967725056313,2.012549451950079,878.219970703125,993.510009765625,-0.004028875090579742,0.03616247929078336,4
2022-11-16,886.5,911.75,922.15137,925.33636,0.010622333351977868,-6.896743971417996,2.3529073853504485,878.219970703125,993.510009765625,-0.013503933351268576,0.012428225905735614,5
2022-11-17,911.75,921.2000122070312,889.4423,889.4049,0.012819724231593006,-4.602092029264524,31.51407391275697,878.219970703125,993.510009765625,-0.02634723067351903,-0.02805582461738392,1
2022-11-18,921.2000122070312,941.2999877929688,889.4049,879.25574,0.012650279872811483,-2.2331536119013187,38.494159588507856,878.219970703125,993.510009765625,-0.015707520511022276,-0.08073905535915317,2
2022-11-21,941.2999877929688,941.5999755859376,879.25574,867.0108,0.01352528957860044,0.7429080540192654,49.25633753779988,878.219970703125,993.510009765625,-0.01679775910019108,-0.07354084428749706,3
2022-11-22,941.5999755859376,926.0,867.0108,870.25885,0.013017029067062645,2.6782105376721113,49.41503967499071,878.219970703125,993.510009765625,0.011967852886423014,-0.05860135630646501,4
2022-11-23,926.0,915.9500122070312,870.25885,876.4607,0.01336172430898043,2.83893087341672,42.939160406313995,878.219970703125,993.510009765625,0.0008296518546003267,-0.04501056896691484,5
2022-11-24,915.9500122070312,909.8499755859376,937.66327,935.73846,0.013216711297823504,2.2266690300908225,39.844487451946165,878.219970703125,993.510009765625,0.0,-0.01951484615233005,1
2022-11-25,909.8499755859376,921.72998046875,935.73846,938.1788,0.01285992060503564,1.4090143364732786,43.54393005231866,878.219970703125,993.510009765625,0.0024847678648594,-0.0015143387245341122,2
2022-11-28,921.72998046875,912.9500122070312,938.1788,934.7375,0.01286858927406242,1.6497190090002416,52.084304791919436,881.25,993.510009765625,-0.0044216719910320414,0.010919791024767169,3
2022-11-29,912.9500122070312,900.0499877929688,934.7375,930.9885,0.012673330398490177,1.2189334277739299,52.51973426635454,881.75,993.510009765625,0.005386385951892888,0.004288302246022378,4
2022-11-30,900.0499877929688,890.0,930.9885,929.97955,0.012825922477614538,0.12414270214333989,47.7109751115628,881.75,993.510009765625,0.027041511441138335,0.03096060441992118,5
2022-12-01,890.0,879.1099853515625,891.5327,888.943,0.01273742067609032,-1.1478431125656172,48.572868873824035,881.75,993.510009765625,0.02240428742869569,0.0543192317616381,1
2022-12-02,879.1099853515625,883.0,888.943,892.6577,0.012731915617773424,-2.515204162827553,46.107401628469624,879.1099853515625,993.510009765625,0.008875067017934285,0.061078220033170316,2
2022-12-05,883.0,895.6300048828125,892.6577,889.96387,0.012310777923856884,-2.921705637353167,47.423711161256726,879.1099853515625,993.510009765625,-0.015319461924328762,0.04957759202194217,3
2022-12-06,895.6300048828125,878.75,889.96387,904.25714,0.012463038604852553,-2.1402245490492504,52.891621322986445,879.1099853515625,993.510009765625,0.0057887476955071826,0.04999998686399055,4
2022-12-07,878.75,866.4000244140625,904.25714,908.5665,0.013106904491286884,-2.5334874132042735,38.96321070234114,878.75,993.510009765625,0.011477864376372472,0.033784669701573074,5
2022-12-08,866.4000244140625,863.5,902.16064,889.2285,0.013215911471295215,-3.3475713219744563,32.02099705997907,866.4000244140625,993.510009765625,0.006463335625930137,0.017435812484469817,1
2022-12-09,863.5,843.0218505859375,889.2285,890.30225,0.01275704762935667,-3.772038485976566,21.227817763124918,863.5,993.510009765625,-0.001160356135408776,0.007276475459677466,2
2022-12-12,843.0218505859375,866.75,890.30225,897.64465,0.013961746284170096,-5.043247785433369,18.27800115959512,843.0218505859375,993.510009765625,-0.020197407299658264,0.0023750001179665896,3
2022-12-13,866.75,856.7999877929688,897.64465,898.0678,0.015435318178490056,-3.9459024601371677,31.881437372521702,843.0218505859375,993.510009765625,0.010735868843074823,0.007346156997833926,4
2022-12-14,856.7999877929688,870.6500244140625,898.0678,894.2133,0.015195770588299495,-3.561785724254598,31.900943131945056,843.0218505859375,993.510009765625,0.009203525932870658,0.005057714240165767,5
2022-12-15,870.6500244140625,878.0499877929688,862.1096,864.0857,0.015258991456588843,-2.117861339602216,38.548497874279704,843.0218505859375,993.510009765625,-0.029329148152795206,-0.030279619736966037,1
2022-12-16,878.0499877929688,865.8007202148438,864.0857,865.4746,0.01485675856613736,-0.49216452617939765,36.89676196753728,843.0218505859375,993.510009765625,-0.000398732072796037,-0.029540776036496498,2
2022-12-19,865.8007202148438,888.7000122070312,865.4746,868.64813,0.014821314099731045,-0.09060426219820172,36.14443050207593,843.0218505859375,993.510009765625,0.005699561054415408,-0.004080576126231864,3
2022-12-20,888.7000122070312,885.8099975585938,868.64813,860.55347,0.01594954789454717,1.7659459392481125,46.849764898725866,843.0218505859375,986.25,0.0038255842291201646,-0.010938938886725983,4
2022-12-21,885.8099975585938,870.75,860.55347,863.9358,0.015371852030352939,2.787293967003178,48.7889110978994,843.0218505859375,986.25,0.002235839507275352,-0.01780645308956023,5
2022-12-22,870.75,870.8599853515625,888.2887,893.7145,0.015539634084859335,2.4486000167415227,47.64048722035373,843.0218505859375,986.25,-0.014423036346991203,-0.0030561042062156605,1
2022-12-23,870.8599853515625,877.5,893.7145,886.8596,0.014950705731560963,2.2377450143294944,46.49891183964931,843.0218505859375,986.25,0.013634490901053129,0.011032857332827783,2
2022-12-26,877.5,878.0,886.8596,894.4853,0.0145303319789846,2.5297012962761443,44.58433639606277,843.0218505859375,986.25,0.0,0.005286804379288604,3
2022-12-27,878.0,867.5999755859375,894.4853,896.61237,0.013983455848303324,2.7238980278210985,49.7516636594688,843.0218505859375,986.25,0.007987978209936256,0.009479924778386864,4
2022-12-28,867.5999755859375,861.75,896.61237,896.8108,0.013861908111788392,2.144818445274842,50.402519782025095,843.0218505859375,986.25,-0.0003913355462330034,0.006831324994028573,5
2022-12-29,861.75,856.0,864.59283,866.3266,0.013476577593370988,1.3969055698867177,49.4243605969689,843.0218505859375,986.25,-0.0028746701664194908,0.018525978919132217,1
2022-12-30,856.0,847.75,866.3266,871.1528,0.01310716022410342,0.5855744641598957,54.72700256364427,843.0218505859375,986.25,-0.004064797677231731,0.000657390806735002,2
2023-01-02,847.75,847.75,871.1528,870.3393,0.012903134279217743,-0.38385344470242977,42.20023772918517,843.0218505859375,986.25,0.0,0.000657390806735002,3
2023-01-03,847.75,862.3499755859375,870.3393,877.60645,0.01241870235478021,-0.8741837478979093,45.954357016294985,843.0218505859375,986.25,-0.010433957899771593,-0.017607898169920345,4
2023-01-04,862.3499755859375,854.9099731445312,877.60645,872.3865,0.012827722147353388,-0.10479225351832078,46.31431678207126,843.0218505859375,986.25,-0.007061513953980213,-0.024138823323434276,5
2023-01-05,854.9099731445312,851.5,868.964,855.52954,0.012583771980359915,0.00753461966533564,39.728199320498305,843.0218505859375,986.25,0.020774820894930334,-0.0007851402520186023,1
2023-01-06,851.5,840.8800048828125,855.52954,865.8187,0.01216599122173267,-0.040692360642401226,43.11135703058895,843.0218505859375,986.25,0.02342691166842184,0.02706606879185705,2
2023-01-09,840.8800048828125,835.1300048828125,865.8187,855.8851,0.012223002954057966,-0.6470572601220539,23.874547087857465,840.8800048828125,986.25,0.027755004194320008,0.05597157246120396,3
2023-01-10,835.1300048828125,826.4500122070312,855.8851,851.0051,0.011922955819799361,-1.25919905884499,23.15107923904546,835.1300048828125,986.25,0.0119969437033643,0.07992561796214906,4
2023-01-11,826.4500122070312,823.260009765625,851.0051,854.94055,0.011843097717233752,-2.026987539697192,24.829534932594257,826.4500122070312,986.25,0.021286480607387536,0.11097739183657855,5
2023-01-12,823.260009765625,818.0,830.4498,827.4284,0.011452877798051772,-2.497105338894201,23.869126837656324,823.260009765625,986.25,0.007553507080328285,0.09638548574162632,1
2023-01-13,818.0,805.4324340820312,827.4284,824.785,0.011171327976468833,-2.882416193139635,16.833872692978716,818.0,986.25,0.0051230495099683585,0.07649994323948066,2
2023-01-16,805.4324340820312,822.1799926757812,824.785,826.5065,0.011588856778248382,-3.6541546178994295,14.346400505230136,805.4324340820312,986.25,0.0,0.047032508820924114,3
2023-01-17,822.1799926757812,814.6500244140625,826.5065,824.4919,0.01249339379567732,-2.7484912356527555,28.994606959523125,805.4324340820312,967.0,0.0017809851053655899,0.03639051967513167,4
2023-01-18,814.6500244140625,823.5,824.4919,807.25415,0.012298863160189638,-2.382011948180846,28.55095553793967,805.4324340820312,951.2999877929688,0.003197666423112939,0.01781198257515709,5
2023-01-19,823.5,823.25,813.6659,806.4081,0.01219551012654262,-1.3219354185261736,35.60609664848687,805.4324340820312,944.2000122070312,-0.0004730585681476769,0.009675146986824212,1
2023-01-20,823.25,814.7999877929688,806.4081,809.7867,0.011740563403941124,-0.46042276253426095,38.321657162806936,805.4324340820312,944.2000122070312,0.005191713423161991,0.009744477613699455,2
2023-01-23,814.7999877929688,812.780029296875,809.7867,801.5941,0.011664834668772068,-0.29078423846124934,35.464730256940456,805.4324340820312,944.2000122070312,0.0012938117847990998,0.011051742413415949,3
2023-01-24,812.780029296875,800.9500122070312,801.5941,802.86127,0.011252961209606767,-0.15267798603872862,25.403196009046994,805.4324340820312,944.2000122070312,-0.002000141594498202,0.007236046037013875,4
2023-01-25,800.9500122070312,802.9500122070312,802.86127,805.8768,0.011577613598758061,-0.6672823459206505,24.342662781653758,800.9500122070312,944.2000122070312,-0.0012964038611068427,0.0027196126392917664,5
2023-01-26,802.9500122070312,801.780029296875,801.04266,800.1395,0.011164247368822685,-0.6798964089248507,26.60130053731146,800.9500122070312,944.1599731445312,0.006347835431552937,0.009582435514727459,1
2023-01-27,801.780029296875,790.1696166992188,800.1395,803.59705,0.010757097645046555,-0.5779627112109793,29.2672159903685,800.9500122070312,941.5999755859376,-0.010128509708496632,-0.005766716237829345,2
2023-01-30,790.1696166992188,807.0,803.59705,806.22394,0.01112646975337877,-1.074542767089799,27.554698597821854,790.1696166992188,941.5999755859376,-0.004865078397412996,-0.011871271907578336,3
2023-01-31,807.0,795.6599731445312,806.22394,804.6826,0.012160592294675709,-0.10275384981629543,41.020793098609566,790.1696166992188,941.5999755859376,0.0059298314901479595,-0.0040042864239617434,4
2023-02-01,795.6599731445312,786.0499877929688,804.6826,807.7577,0.012350468571917858,-0.059098056202230964,38.15000212262705,790.1696166992188,941.5999755859376,-0.028180971315559473,-0.030424461567597743,5
2023-02-02,786.0499877929688,779.5,797.981,792.13855,0.01236163736225363,-0.4889247288990646,36.77629727532648,786.0499877929688,941.5999755859376,-0.004143869067426235,-0.04054378431003555,1
2023-02-03,779.5,777.9078369140625,792.13855,792.49506,0.012128740436442046,-0.9965925603285513,38.704231582966045,779.5,941.5999755859376,-0.007600786928514156,-0.03811547722662296,2
2023-02-06,777.9078369140625,803.9000244140625,792.49506,797.8216,0.011692259752168768,-1.2077687089576443,27.782355265455152,777.9078369140625,941.5999755859376,-0.004811026420657321,-0.03806348406160235,3
2023-02-07,803.9000244140625,794.9199829101562,797.8216,804.80835,0.014400581195620193,0.54108214937337,45.448583108942714,777.9078369140625,941.5999755859376,0.0110675198721468,-0.03310863666744213,4
2023-02-08,794.9199829101562,800.3499755859375,804.80835,804.2961,0.014207745796972253,1.1936831226072542,37.91288698353796,777.9078369140625,941.5999755859376,-0.011067519872146717,-0.016419390279435155,5
2023-02-09,800.3499755859375,799.7999877929688,800.26807,803.57715,0.01379427859230282,2.041859555949589,40.72160920336125,777.9078369140625,941.5999755859376,0.015216951712487221,0.0028090764453617277,1
2023-02-10,799.7999877929688,792.5676879882812,803.57715,803.8096,0.01327945617207878,2.5818738944360042,43.50678173528722,777.9078369140625,941.5999755859376,-0.01918171810292671,-0.00873739793860361,2
2023-02-13,792.5676879882812,792.22998046875,803.8096,795.8859,0.013033085323541669,2.4680956036505037,41.628245025495055,777.9078369140625,941.5999755859376,0.014665304492188851,0.010757993611667398,3
2023-02-14,792.22998046875,786.8300170898438,795.8859,796.6366,0.012548651498085381,2.3848686884067725,46.008231142553,777.9078369140625,926.0,0.005611882545715784,0.005258679345935938,4
2023-02-15,786.8300170898438,791.6300048828125,796.6366,801.53937,0.012233990595974704,1.9966567351543887,42.84351713859911,777.9078369140625,921.72998046875,-0.014212463309734498,0.002102163792357256,5
2023-02-16,791.6300048828125,791.1199951171875,789.0849,787.0593,0.011891176380701198,2.0840230509613455,45.6345906283535,777.9078369140625,921.72998046875,0.027625758127863238,0.014614526743646643,1
2023-02-17,791.1199951171875,782.6790771484375,787.0593,790.65607,0.011452536344962511,2.121271176537242,50.45189525525944,777.9078369140625,921.72998046875,-0.012440602597921168,0.0214772657311858,2
2023-02-20,782.6790771484375,797.3400268554688,790.65607,785.4783,0.01142618604948168,1.6141867435587471,37.43302960384811,777.9078369140625,912.9500122070312,0.0,0.006606300737598383,3
2023-02-21,797.3400268554688,802.2899780273438,785.4783,788.8419,0.012104491659179938,2.2631355790343832,50.83930352991685,777.9078369140625,900.0499877929688,0.028869487950406024,0.030291920626919024,4
2023-02-22,802.2899780273438,800.5399780273438,788.8419,792.7798,0.011772190845609244,2.977753317178122,58.50919306001681,777.9078369140625,895.6300048828125,-0.007585686633612644,0.03714210735661347,5
2023-02-23,800.5399780273438,803.7999877929688,800.72864,802.88446,0.0113548819358885,3.261707474983833,61.608115197879336,777.9078369140625,895.6300048828125,-0.031299737103105005,-0.02220626723462047,1
2023-02-24,803.7999877929688,798.2564697265625,802.88446,803.99426,0.010987162465747477,3.57313772564439,64.0269947657136,777.9078369140625,895.6300048828125,-0.0293992354981824,-0.038648499255246056,2
2023-02-27,798.2564697265625,833.1400146484375,803.99426,803.8771,0.010758594599700484,3.315499287410038,46.07242798913274,777.9078369140625,895.6300048828125,0.013561207960721376,-0.025522611343045405,3
2023-02-28,833.1400146484375,826.9600219726562,803.8771,804.29614,0.015557176646919484,5.287089473717609,69.55012029219796,777.9078369140625,888.7000122070312,0.02183520450674725,-0.03235330880738346,4
2023-03-01,826.9600219726562,810.5700073242188,804.29614,802.80304,0.015121240310527138,5.919933575138279,63.50779679081426,777.9078369140625,888.7000122070312,0.01705936313808211,-0.008209315009926495,5
2023-03-02,810.5700073242188,812.3800048828125,824.91266,823.5431,0.015566444884428337,5.015430356932364,54.70969312368149,777.9078369140625,888.7000122070312,-0.020359430144531593,0.002700750436095859,1
2023-03-03,812.3800048828125,802.6599731445312,823.5431,824.69434,0.014998482428209923,4.344814255675642,59.095180749222884,777.9078369140625,888.7000122070312,-0.001470238400068026,0.031099910829641097,2
2023-03-06,802.6599731445312,799.0399780273438,824.69434,826.84186,0.014821233825145769,3.1102266283145905,54.4083223223089,777.9078369140625,888.7000122070312,0.005502254552679114,0.02282371820718736,3
2023-03-07,799.0399780273438,803.219970703125,826.84186,833.2569,0.01433174052457428,1.9690729485613234,55.23947563337918,777.9078369140625,888.7000122070312,-0.028195284362454855,-0.027089646552807715,4
2023-03-08,803.219970703125,802.52001953125,833.2569,830.33374,0.013873358813664416,1.4395921018132674,55.000031597440184,777.9078369140625,888.7000122070312,0.013702273664630739,-0.030350317414737333,5
2023-03-09,802.52001953125,795.9500122070312,799.92206,793.75256,0.013368760324928149,1.006544460114622,54.91004206098844,777.9078369140625,888.7000122070312,0.0032114679606452434,-0.007223312152376789,1
2023-03-10,795.9500122070312,779.7490844726562,793.75256,803.29126,0.013080285848490221,0.27973296752582866,55.80947841314305,777.9078369140625,888.7000122070312,-0.0022222975731185043,-0.007969658283858653,2
2023-03-13,779.7490844726562,803.3499755859375,803.29126,797.18365,0.013800096727517475,-1.208363765216065,42.40184163266684,777.9078369140625,888.7000122070312,0.00591503105341583,-0.007560086945883955,3
2023-03-14,803.3499755859375,802.1500244140625,797.18365,804.5997,0.015539955195226975,-0.552797648247271,50.394318292763224,777.9078369140625,885.8099975585938,-0.014604223875148894,0.006020300835024324,4
2023-03-15,802.1500244140625,820.0999755859375,804.5997,808.0342,0.014972825305061423,-0.1694629235428522,50.60139717291577,777.9078369140625,878.0,-0.03915589726406634,-0.04577512730602055,5
2023-03-16,820.0999755859375,824.8300170898438,802.6211,799.6031,0.015605946458796219,1.245635668985392,55.48640965263292,777.9078369140625,878.0,0.00749165073918125,-0.04168211727218339,1
2023-03-17,824.8300170898438,801.855224609375,799.6031,808.30927,0.01510606071605479,2.3867392521717923,58.99363559932989,777.9078369140625,878.0,0.00718046840986544,-0.03262878198893262,2
2023-03-20,801.855224609375,825.5800170898438,808.30927,809.77545,0.016472446691130342,1.5227918933707083,38.48355023991387,777.9078369140625,878.0,0.015718420931151944,-0.02309862719641554,3
2023-03-21,825.5800170898438,822.25,809.77545,806.8732,0.017718984973820323,2.424194659284785,49.55010991564909,777.9078369140625,867.5999755859375,0.010758108421719634,0.0019947380861452912,4
2023-03-22,822.25,810.25,806.8732,806.60706,0.017095122456044592,2.6527316885666363,54.162169874559616,777.9078369140625,862.3499755859375,0.012365729819804586,0.05497216038767177,5
2023-03-23,810.25,806.7999877929688,826.7639,826.0891,0.016950349794320457,1.888205054212543,49.29236349538124,777.9078369140625,862.3499755859375,0.018869600463035117,0.06704412747205492,1
2023-03-24,806.7999877929688,811.989990234375,826.0891,827.9542,0.016365860373055,1.0826597491782948,51.43519956531417,777.9078369140625,862.3499755859375,-0.010791223100072961,0.048038829786683154,2
2023-03-27,811.989990234375,805.72998046875,827.9542,832.1977,0.01585183435178149,0.8425507016618814,54.44097874714973,777.9078369140625,862.3499755859375,0.0007311193639447331,0.0324486747873515,3
2023-03-28,805.72998046875,797.97998046875,832.1977,828.3371,0.015418061741291062,0.2367996858528867,50.84865664446727,777.9078369140625,862.3499755859375,0.0018256371744921763,0.023267423364606306,4
2023-03-29,797.97998046875,791.6199951171875,828.3371,823.9655,0.015089002871737565,-0.6620015730674256,48.53482277784869,777.9078369140625,854.9099731445312,0.000729253137918563,0.011429206999362302,5
2023-03-30,791.6199951171875,788.8200073242188,796.0736,792.42163,0.014702956255508493,-1.6071480768225321,48.60070494348026,777.9078369140625,851.5,-0.005971596378464641,-0.013386404183101578,1
2023-03-31,788.8200073242188,794.3900146484375,792.42163,795.40564,0.014199351630230632,-2.300942997730152,53.20934579600707,777.9078369140625,840.8800048828125,0.003416706066053802,0.0007313866968537584,2
2023-04-03,794.3900146484375,810.22998046875,795.40564,795.67596,0.013805049689326323,-2.261427890733789,46.3662934609124,777.9078369140625,835.1300048828125,-0.011024021312221891,-0.010963479465040846,3
2023-04-04,810.22998046875,807.22998046875,795.67596,795.0802,0.014320569058170805,-1.1038007016995868,52.92901526569603,777.9078369140625,833.1400146484375,-0.01889903608714559,-0.03124999637617685,4
2023-04-05,807.22998046875,811.3699951171875,795.0802,794.7496,0.013835985963673523,-0.5058540711940649,44.7674274330512,777.9078369140625,833.1400146484375,0.003633381905590772,-0.02843253246316824,5
2023-04-06,811.3699951171875,819.4000244140625,802.82416,800.0824,0.013396463727905261,0.16676227584797543,44.501157223282505,777.9078369140625,833.1400146484375,0.006979120201193603,-0.015768208523734242,1
2023-04-07,819.4000244140625,818.2000122070312,800.0824,806.7813,0.013170457235085706,1.098792056385164,58.164562570723525,777.9078369140625,833.1400146484375,0.0,-0.01912530089128879,2
2023-04-10,818.2000122070312,818.8699951171875,806.7813,810.7299,0.012695457182321518,1.553014555083075,45.654733240855876,777.9078369140625,833.1400146484375,-0.009859673722404379,-0.017982556652820742,3
2023-04-11,818.8699951171875,808.9500122070312,810.7299,806.8201,0.012230489776602042,1.7997446976565423,47.945535812332864,777.9078369140625,833.1400146484375,0.009486993831041722,0.010292428601610957,4
2023-04-12,808.9500122070312,801.5399780273438,806.8201,806.871,0.012253884510543038,1.2235597886519423,49.18933155916749,777.9078369140625,833.1400146484375,0.014798628628832805,0.021635800762927544,5
2023-04-13,801.5399780273438,793.7000122070312,809.2732,809.67084,0.012077291773321765,0.31918255688412,46.874251931377174,777.9078369140625,833.1400146484375,0.009624302089538152,0.024341790619454812,1
2023-04-14,793.7000122070312,796.6500244140625,809.67084,811.99725,0.011949083345331204,-0.7716550302652726,39.46308177334636,777.9078369140625,833.1400146484375,-0.004008994226112893,0.02024343093453213,2
2023-04-17,796.6500244140625,800.22998046875,811.99725,812.4997,0.011550220953764045,-1.2318288987356087,44.5615966824007,777.9078369140625,833.1400146484375,-0.010154878050209506,0.01994229510879201,3
2023-04-18,800.22998046875,794.3800048828125,812.4997,812.64844,0.011186907126015732,-1.2295827598106783,51.418485563492474,777.9078369140625,833.1400146484375,0.005762989613076451,0.016151089314345217,4
2023-04-19,794.3800048828125,794.1400146484375,812.64844,813.15125,0.010968526065533255,-1.5366122045649684,51.75127685975379,777.9078369140625,833.1400146484375,-0.004288415260551209,-0.003060303529715846,5
2023-04-20,794.1400146484375,792.22998046875,799.8994,802.92334,0.010563240076580374,-1.6598761934427393,53.48899020506518,777.9078369140625,833.1400146484375,-0.012355035239129451,-0.024733325586464024,1
2023-04-21,792.22998046875,802.2000122070312,802.92334,803.2452,0.010195181562310895,-1.7642929621838315,48.511962326031195,777.9078369140625,833.1400146484375,-0.010497426478094585,-0.03104079241685562,2
2023-04-24,802.2000122070312,813.7999877929688,803.2452,801.4227,0.010390479893578063,-1.0892437254914404,43.9814378527636,777.9078369140625,833.1400146484375,-0.006807022403893281,-0.027791420683896603,3
2023-04-25,813.7999877929688,812.0499877929688,801.4227,794.3697,0.010739696867282713,0.14547432148055095,54.361975525963246,777.9078369140625,833.1400146484375,-0.027441165924599584,-0.059542730708092136,4
2023-04-26,812.0499877929688,804.5999755859375,794.3697,791.9965,0.01036437116486358,0.8139601565294943,50.46625948652447,777.9078369140625,833.1400146484375,0.0010394877687441904,-0.05451869366760972,5
2023-04-27,804.5999755859375,802.8599853515625,810.8076,810.7063,0.010310528125075744,0.7268828361633874,39.77048947957253,777.9078369140625,833.1400146484375,0.003759195881210624,-0.0391595715104606,1
2023-04-28,802.8599853515625,806.5,810.7063,815.10144,0.009951659274494403,0.5335414543213604,39.47582418042569,777.9078369140625,833.1400146484375,0.0014221580602516819,-0.027638224368655026,2
2023-05-01,806.5,806.1199951171875,815.10144,812.6978,0.009659101678965698,0.62585438619097,41.84574878130819,779.7490844726562,833.1400146484375,0.01207159133459514,-0.00910701055555569,3
2023-05-02,806.1199951171875,808.719970703125,812.6978,817.64996,0.009303344921075575,0.634396007693764,47.86607058208451,779.7490844726562,833.1400146484375,-0.017772523114037694,0.0005200451073577131,4
2023-05-03,808.719970703125,803.9500122070312,817.64996,818.8606,0.008997562904349232,0.778713103776111,55.83739821261097,779.7490844726562,833.1400146484375,-0.004297160324024852,-0.004805156281834185,5
2023-05-04,803.9500122070312,798.1300048828125,807.2422,808.16364,0.008826328457672174,0.5284594759811612,58.77118945050537,779.7490844726562,833.1400146484375,0.004816738162005003,-0.0037521389499391854,1
2023-05-05,798.1300048828125,793.3099975585938,808.16364,807.7481,0.008746144122625922,-0.024200857888755478,51.207163325494015,779.7490844726562,833.1400146484375,0.005568909257022228,0.00038763042482372424,2
2023-05-08,793.3099975585938,795.989990234375,807.7481,805.965,0.008597484782105728,-0.6735596661377466,44.46755249327823,779.7490844726562,833.1400146484375,0.011939282355043677,0.00025527891412603583,3
2023-05-09,795.989990234375,790.1900024414062,805.965,803.50256,0.008326090679259174,-0.8693190856649364,51.35589142999307,779.7490844726562,833.1400146484375,-0.007429275661692721,0.010654856768553432,4
2023-05-10,790.1900024414062,788.1199951171875,803.50256,804.47363,0.008283946861964271,-1.3097003524667876,46.95825300123236,779.7490844726562,833.1400146484375,-0.015809547951148546,-0.0009134763649813484,5
2023-05-11,788.1199951171875,794.5,791.89343,794.33923,0.00801423963914002,-1.6392966286967265,46.84284259504104,779.7490844726562,833.1400146484375,-0.03468557850457871,-0.03961036829788316,1
2023-05-12,794.5,785.25,794.33923,791.8682,0.008027152571249462,-1.3391807107701763,43.73982126109675,779.7490844726562,833.1400146484375,0.005125463963486874,-0.040036154146678875,2
2023-05-15,785.25,784.0900268554688,791.8682,790.8667,0.00840985429825244,-1.654524094786129,25.866436628133144,779.7490844726562,833.1400146484375,0.005634548971556217,-0.04606943116600621,3
2023-05-16,784.0900268554688,798.6300048828125,790.8667,789.04297,0.008114604334250392,-1.8190370153354047,26.127056655611668,779.7490844726562,833.1400146484375,-0.02245763893263928,-0.06029826048232537,4
2023-05-17,798.6300048828125,792.7100219726562,789.04297,788.92,0.009299418357232508,-0.874308125163572,45.45317625008367,779.7490844726562,833.1400146484375,0.02392815004955149,-0.022204816254516438,5
2023-05-18,792.7100219726562,795.6400146484375,796.5732,796.7777,0.009201810778947864,-0.5875663908902471,42.732365288486164,779.7490844726562,833.1400146484375,-0.01656717064687948,-0.004327256921215604,1
2023-05-19,795.6400146484375,798.1900024414062,796.7777,793.4395,0.00892053306439043,-0.162145784738426,42.144093389612,779.7490844726562,833.1400146484375,0.011075242204644457,0.0016144334429831172,2
2023-05-22,798.1900024414062,797.3800048828125,793.4395,793.21625,0.008637725075929354,0.3040133396837419,44.43820402683874,779.7490844726562,833.1400146484375,-0.013114515091443305,-0.016989947379504006,3
2023-05-23,797.3800048828125,800.5,793.21625,792.98816,0.008331723401656993,0.5561504230329151,41.84173687917477,779.7490844726562,826.9600219726562,-0.00888530991358293,-0.0035572612989332613,4
2023-05-24,800.5,806.8300170898438,792.98816,790.2941,0.008096450363525225,0.9104605668646264,47.45761492120293,779.7490844726562,825.5800170898438,-0.024462668056277986,-0.05062786318863031,5
2023-05-25,806.8300170898438,808.0999755859375,801.2017,800.2558,0.008088652915020774,1.513018261675414,56.363386365645276,779.7490844726562,825.5800170898438,0.0075694084632956645,-0.027434489127555722,1
2023-05-26,808.0999755859375,798.0499877929688,800.2558,802.1052,0.007806625833926073,1.913216049140227,61.41028116156313,779.7490844726562,825.5800170898438,0.02564247865789359,-0.01316320313384186,2
2023-05-29,798.0499877929688,800.6500244140625,802.1052,801.819,0.008300136456131084,1.4388264046396861,51.426988952261766,779.7490844726562,825.5800170898438,0.0,-0.000136081588732107,3
2023-05-30,800.6500244140625,804.3499755859375,801.819,802.4822,0.008046538917772345,1.2451462193351988,57.58193258164501,779.7490844726562,825.5800170898438,-0.0042283548101820076,0.0045310987786865466,4
2023-05-31,804.3499755859375,809.6300048828125,802.4822,803.24255,0.007853560787255336,1.3049183570926302,61.492714837942316,779.7490844726562,825.5800170898438,-0.007408443894296499,0.021809513515384894,5
2023-06-01,809.6300048828125,801.0,802.41254,800.78046,0.007773119415969039,1.6182788682209877,60.88334723624709,779.7490844726562,825.5800170898438,0.02057994553461066,0.035190663287100125,1
2023-06-02,801.0,798.4400024414062,800.78046,800.403,0.008072937495021647,1.182762513301649,61.431285062709755,779.7490844726562,825.5800170898438,0.0043074591099826285,0.013338784260622932,2
2023-06-05,798.4400024414062,797.0999755859375,800.403,799.5197,0.00783884611605666,0.6853730656526597,60.20770559988886,784.0900268554688,825.5800170898438,0.010688134115109844,0.024227571844242925,3
2023-06-06,797.0999755859375,795.739990234375,799.5197,797.3029,0.007575866622500581,0.2515703152507436,48.659984048956446,784.0900268554688,825.5800170898438,0.0011952753285475503,0.029797694861238944,4
2023-06-07,795.739990234375,791.1300048828125,797.3029,800.8894,0.007324064762138777,-0.12148395242459335,52.88403778070322,784.0900268554688,825.5800170898438,-0.0033238208879205174,0.03401263257313856,5
2023-06-08,791.1300048828125,788.3800048828125,797.7907,795.5447,0.007253846710562537,-0.6440366477723923,45.840238871575,784.0900268554688,825.5800170898438,0.011124483941375437,0.02428164383448844,1
2023-06-09,788.3800048828125,787.7999877929688,795.5447,793.0388,0.007068292601136712,-1.1127311758844345,40.98511082468734,784.0900268554688,825.5800170898438,-0.00197744003290699,0.017864324235938003,2
2023-06-12,787.7999877929688,788.2000122070312,793.0388,791.98596,0.006822153093847606,-1.3820793272519383,41.159082332133586,784.0900268554688,825.5800170898438,-0.010212986332559824,-0.0031893910355502535,3
2023-06-13,788.2000122070312,803.2100219726562,791.98596,792.80835,0.006581436146263113,-1.446667358909481,38.048987037447766,784.0900268554688,822.25,0.020583935275454008,0.01632600826471336,4
2023-06-14,803.2100219726562,800.5800170898438,792.80835,791.0987,0.00818129767719968,-0.4438575219606502,46.990360628984696,784.0900268554688,819.4000244140625,0.009747274464701498,0.029697703396231304,5
2023-06-15,800.5800170898438,793.0399780273438,801.75183,799.9572,0.007947155794777415,0.05067478788318036,43.886218672372536,784.0900268554688,819.4000244140625,0.007858378187557228,0.026340087950802935,1
2023-06-16,793.0399780273438,779.3716430664062,799.9572,799.7135,0.008106525370064932,-0.11275801885284498,45.753517352409844,784.0900268554688,819.4000244140625,-0.003084460410103486,0.0252045372143775,2
2023-06-19,779.3716430664062,794.0800170898438,799.7135,801.00775,0.009176534900903581,-1.0708597250577903,34.81382809580106,779.3716430664062,819.4000244140625,0.0,0.035728586651725215,3
2023-06-20,794.0800170898438,801.9299926757812,801.00775,803.1055,0.010202992307978527,-0.663443247384967,43.66574587091242,779.3716430664062,819.4000244140625,-0.0015458052679607943,0.01305993258268679,4
2023-06-21,801.9299926757812,802.0399780273438,803.1055,799.0185,0.010180161684369131,0.14232128402519062,45.39675473708408,779.3716430664062,819.4000244140625,0.008344622172603903,0.01163995784443688,5
2023-06-22,802.0399780273438,804.1900024414062,801.40137,803.958,0.009805627793632315,0.6612506763102521,50.69224100176077,779.3716430664062,819.4000244140625,-0.005769626410965113,-0.0020531592954239016,1
2023-06-23,804.1900024414062,805.75,803.958,799.3634,0.009472619050926553,1.1018776270948303,53.84837858947251,779.3716430664062,819.4000244140625,-0.021444705405699288,-0.02020852925352061,2
2023-06-26,805.75,805.1799926757812,799.3634,801.78864,0.00914193354431038,1.430162194150939,55.77231997393288,779.3716430664062,819.4000244140625,-0.005136663843470601,-0.025228484725805553,3
2023-06-27,805.1799926757812,797.1900024414062,801.78864,803.3559,0.008815817919204626,1.531631947576239,56.3666121382415,779.3716430664062,819.4000244140625,-0.0013213204804728195,-0.025009638786476784,4
2023-06-28,797.1900024414062,799.97998046875,803.3559,799.65784,0.008941273364005383,1.0086024838866439,53.908829284232326,779.3716430664062,819.4000244140625,-0.016262717242044696,-0.04870877533380267,5
2023-06-29,799.97998046875,802.8499755859375,795.22845,794.33307,0.00866795329291809,0.8072206596328182,57.47837788917832,779.3716430664062,819.4000244140625,-0.011624889717818434,-0.05426256063088443,1
2023-06-30,802.8499755859375,801.22998046875,794.33307,796.81024,0.008409889670185135,0.8212647969942164,59.424296882226,779.3716430664062,818.8699951171875,0.017119762454237415,-0.017078312485071433,2
2023-07-03,801.22998046875,798.7999877929688,796.81024,790.28033,0.008132551432761344,0.6811850207952281,58.03657138210672,779.3716430664062,818.8699951171875,0.010106497435022531,-0.0019807033640914067,3
2023-07-04,798.7999877929688,798.8300170898438,790.28033,792.0978,0.007893044359066952,0.3986018644527136,46.780371557973275,779.3716430664062,813.7999877929688,0.0,-0.0006611284288313783,4
2023-07-05,798.8300170898438,796.8900146484375,792.0978,790.6721,0.0076139827394995415,0.197598187144705,48.6719630046837,779.3716430664062,813.7999877929688,-0.006770702010279596,0.008869773535351826,5
2023-07-06,796.8900146484375,803.7999877929688,796.12585,796.3911,0.007380117828916483,-0.06790929767662512,53.19310707202423,779.3716430664062,813.7999877929688,-0.008965057989726697,0.011556769262616557,1
2023-07-07,803.7999877929688,807.3200073242188,796.3911,799.05493,0.0074896999798764715,0.20501136744756798,72.81814989144911,779.3716430664062,813.7999877929688,0.012555242100977429,0.006950019600544154,2
2023-07-10,807.3200073242188,812.3900146484375,799.05493,796.50616,0.0073173478157418205,0.5842952311993824,65.63533410792593,779.3716430664062,813.7999877929688,0.0011939115667481735,-0.001984634335997325,3
2023-07-11,812.3900146484375,815.4600219726562,796.50616,799.6242,0.007255334079165169,1.1079476732492637,63.22045325857708,779.3716430664062,813.7999877929688,-0.004784095677998842,-0.0067478324508565305,4
2023-07-12,815.4600219726562,811.0599975585938,799.6242,796.6881,0.007070270439595604,1.5644762524877875,65.78085345827449,779.3716430664062,815.4600219726562,0.023304332366448292,0.023578000066059764,5
2023-07-13,811.0599975585938,809.4600219726562,812.0462,811.5618,0.006993878129759529,1.4747151803989207,57.67253978121694,779.3716430664062,815.4600219726562,0.0225191512031186,0.056317223864340855,1
2023-07-14,809.4600219726562,814.0,811.5618,812.0191,0.006775729797841175,1.222587162555115,54.13972570273521,779.3716430664062,815.4600219726562,-0.0019105072686509909,0.041146794010585866,2
2023-07-17,814.0,817.97998046875,812.0191,816.1347,0.006707904219746078,1.2709586281008454,59.040603795493304,779.3716430664062,815.4600219726562,-0.02321484567832466,0.01604133760183599,3
2023-07-18,817.97998046875,815.3499755859375,816.1347,812.5868,0.006603019161020005,1.4665071283037738,73.21867020399148,779.3716430664062,817.97998046875,-0.004184115000889452,0.016651125683782075,4
2023-07-19,815.3499755859375,806.2000122070312,812.5868,815.9019,0.006442833717908587,1.3188760776326598,67.22707931426069,779.3716430664062,817.97998046875,-0.004333273471702537,-0.011061951845156256,5
2023-07-20,806.2000122070312,816.5,816.9512,813.6434,0.006975159672351049,0.5447912918203377,53.29145183207581,779.3716430664062,817.97998046875,0.004726311972921368,-0.028502350329623765,1
2023-07-21,816.5,819.1400146484375,813.6434,816.86255,0.007557003269145341,0.6586450004365862,62.816882070996336,779.3716430664062,817.97998046875,-0.0038055661640326076,-0.030341652249292708,2
2023-07-24,819.1400146484375,828.0599975585938,816.86255,816.6514,0.007339189197382487,0.8327301794172346,67.01241021609397,779.3716430664062,819.1400146484375,0.009812374827090159,0.0022181887119131455,3
2023-07-25,828.0599975585938,828.27001953125,816.6514,815.303,0.007659388864440373,1.4343163871896603,71.28295742199721,779.3716430664062,828.0599975585938,0.015886632740097148,0.022536678724215796,4
2023-07-26,828.27001953125,824.239990234375,815.303,814.22437,0.007389766389012918,1.7131973584987055,73.4389246715733,779.3716430664062,828.27001953125,-0.002951527767644946,0.023950540961372488,5
2023-07-27,824.239990234375,827.3900146484375,826.68866,823.0807,0.00726465961811233,1.5006986482742501,65.95379583234482,779.3716430664062,828.27001953125,-0.006964162724217499,0.012049771430441484,1
2023-07-28,827.3900146484375,827.7899780273438,823.0807,824.32556,0.007081494193830079,1.4461460649361566,65.75601079830608,779.3716430664062,828.27001953125,0.013752529805071608,0.029976356249394237,2
2023-07-31,827.7899780273438,840.22998046875,824.32556,828.6113,0.006836124773054073,1.3146522605410134,63.04640309085061,779.3716430664062,828.27001953125,0.019592326557728506,0.04009889357765986,3
2023-08-01,840.22998046875,841.1300048828125,828.6113,824.3794,0.0077343692894872055,1.9071971187096803,68.10935465474819,779.3716430664062,840.22998046875,-0.02560987630344337,-0.002178334410962627,4
2023-08-02,841.1300048828125,844.3900146484375,824.3794,823.4472,0.0074659583976922515,2.181691876782171,73.1700021727741,779.3716430664062,841.1300048828125,-0.01709664310155804,-0.01619328175002482,5
2023-08-03,844.3900146484375,850.8499755859375,843.95404,842.1094,0.00727474586202692,2.3880857596520872,76.2434253064369,779.3716430664062,844.3900146484375,0.012591799371307437,0.003235358841086416,1
2023-08-04,850.8499755859375,848.5499877929688,842.1094,843.9469,0.007309423703199592,2.739746302501773,76.90958912901627,779.3716430664062,850.8499755859375,-0.008030064930524057,-0.01838142090532226,2
2023-08-07,848.5499877929688,858.5999755859375,843.9469,846.2029,0.007099317259950356,2.5987386476382213,72.8851754612821,779.3716430664062,850.8499755859375,-0.008357339027301281,-0.045437466914907694,3
2023-08-08,858.5999755859375,859.9600219726562,846.2029,843.4486,0.007549262613539902,2.938551504339994,79.14029292942585,779.3716430664062,858.5999755859375,-0.01719393193101052,-0.037370021768439385,4
2023-08-09,859.9600219726562,861.3699951171875,843.4486,843.4613,0.007294659348353431,3.0006504786418056,90.4697186062454,779.3716430664062,859.9600219726562,0.005189291827776515,-0.015676075650851443,5
2023-08-10,861.3699951171875,845.9500122070312,855.61554,852.738,0.007051834707421899,2.8817755604561412,88.99702091723498,779.3716430664062,861.3699951171875,-0.004389179490860506,-0.032249742605117926,1
2023-08-11,845.9500122070312,859.5,852.738,858.01013,0.008440794218094896,1.575084705159389,69.06556570155709,779.3716430664062,861.3699951171875,-0.009778385518049592,-0.03394020214050885,2
2023-08-14,859.5,859.5499877929688,858.01013,855.3202,0.009207578975670322,1.4375986406288614,70.97678237066273,779.3716430664062,861.3699951171875,0.0026885324997722154,-0.023210077033650276,3
2023-08-15,859.5499877929688,862.5499877929688,855.3202,855.3821,0.008873129248421655,1.1753396947404546,70.91467072588445,779.3716430664062,861.3699951171875,-0.017059705490878745,-0.02307895719985653,4
2023-08-16,862.5499877929688,869.8300170898438,855.3821,851.7241,0.008601080521805362,1.034207621750518,75.9729011957935,779.3716430664062,862.5499877929688,-0.0027348548463458165,-0.0307896322247001,5
2023-08-17,869.8300170898438,864.489990234375,861.4363,861.714,0.008592392323935627,1.2471782049805427,77.24706795142576,779.3716430664062,869.8300170898438,0.009268137866743572,-0.01746201606144195,1
2023-08-18,864.489990234375,870.510009765625,861.714,857.82587,0.008465413715394684,0.8627041308332295,72.1564893512749,779.3716430664062,869.8300170898438,0.003656304592353999,-0.00417285472378181,2
2023-08-21,870.510009765625,869.030029296875,857.82587,868.2637,0.008369569418688513,0.8469234301874327,69.81676676748648,779.3716430664062,870.510009765625,0.0035083052685989068,-0.003356168044612107,3
2023-08-22,869.030029296875,869.0499877929688,868.2637,871.4322,0.00808889287783442,0.5824970552344109,68.12161047857664,779.3716430664062,870.510009765625,0.010318368615644781,0.02430697451997884,4
2023-08-23,869.0499877929688,868.5999755859375,871.4322,868.31714,0.0078036213518022195,0.2704810282010932,66.72090915486837,779.3716430664062,870.510009765625,0.014032524141701211,0.04162671531280616,5
2023-08-24,868.5999755859375,849.7100219726562,866.23315,868.10944,0.00753249594507632,-0.08561578838432382,63.10350296659962,779.3716430664062,870.510009765625,-0.009510047638679794,0.02224936080465751,1
2023-08-25,849.7100219726562,844.97998046875,868.10944,869.5087,0.009456865964393104,-1.6272732521081892,50.68787649348751,779.3716430664062,870.510009765625,-0.001992676402528614,0.016490973416875446,2
2023-08-28,844.97998046875,849.4500122070312,869.5087,872.15784,0.009250245504178885,-2.923839534026552,41.379749925830694,779.3716430664062,870.510009765625,-0.0015970304193956549,0.011314670399150616,3
2023-08-29,849.4500122070312,855.9500122070312,872.15784,875.62256,0.009025601306304275,-3.4050280614242947,43.60004162671245,779.3716430664062,870.510009765625,0.010335333734980575,0.011331827618756833,4
2023-08-30,855.9500122070312,851.8099975585938,875.62256,875.828,0.008936315323102387,-3.2126203312429134,46.8922120691405,779.3716430664062,870.510009765625,-0.002111348615072487,-0.004863902072552222,5
2023-08-31,851.8099975585938,851.75,854.8605,855.00854,0.008725975682101931,-3.279800513961648,53.85931372470202,779.3716430664062,870.510009765625,-0.0033079877942261316,0.0013271704159714907,1
2023-09-01,851.75,853.3499755859375,855.00854,857.36993,0.008416508891487741,-3.238311187427577,43.793053554075165,779.3716430664062,870.510009765625,0.010547220161808302,0.013962768529229388,2
2023-09-04,853.3499755859375,857.3099975585938,857.36993,861.20746,0.008132735445196848,-3.017568482503867,45.15472945836342,779.3716430664062,870.510009765625,0.0,0.0155833916624755,3
2023-09-05,857.3099975585938,873.6199951171875,861.20746,863.6477,0.007940108234309377,-2.5385546342078715,45.96551808402053,779.3716430664062,870.510009765625,-0.0003934915141578225,0.0047456171807207185,4
2023-09-06,873.6199951171875,872.1300048828125,863.6477,861.81537,0.009191110698861858,-1.128839664642296,52.561833446789194,779.3716430664062,873.6199951171875,-0.0165358614550924,-0.009643322664233506,5
2023-09-07,872.1300048828125,882.780029296875,879.68616,879.9002,0.008877810096468344,-0.34305963408394025,55.44781458959687,779.3716430664062,873.6199951171875,-0.006020497844491621,-0.0123260350178588,1
2023-09-08,882.780029296875,895.6400146484375,879.9002,873.91205,0.00915890253068041,0.7859874525668618,58.20737092391305,779.3716430664062,882.780029296875,-0.01228667031147108,-0.034622942815061473,2
2023-09-11,895.6400146484375,886.239990234375,873.91205,866.5294,0.009649494173194518,2.2102442856105347,65.44756986126248,794.0800170898438,895.6400146484375,0.0240263755923222,-0.011147545986488218,3
2023-09-12,886.239990234375,892.1099853515625,866.5294,866.33307,0.009752671897512668,2.3192515582551945,58.99905229745974,796.8900146484375,895.6400146484375,-0.004785940347257476,-0.015481504480623815,4
2023-09-13,892.1099853515625,881.3099975585938,866.33307,869.10376,0.009562116528362226,2.567382475198933,61.64668446177458,796.8900146484375,895.6400146484375,0.0010655164645383217,0.0020007824530545656,5
2023-09-14,881.3099975585938,888.739990234375,888.304,891.6549,0.0098159577298231,1.8200150152375905,67.01849723751096,796.8900146484375,895.6400146484375,0.007030601726295184,0.01516370289001577,1
2023-09-15,888.739990234375,884.1400146484375,891.6549,899.0976,0.009722806484640741,1.647113278444353,72.90139830118672,796.8900146484375,895.6400146484375,-0.005035805340189019,0.022551268577280258,2
2023-09-18,884.1400146484375,886.1199951171875,899.0976,894.7787,0.009487054612539604,1.0718607478298061,68.13003482711169,796.8900146484375,895.6400146484375,-0.005862794874404328,-0.0075597029848361984,3
2023-09-19,886.1199951171875,883.8499755859375,894.7787,893.3555,0.009164422544209502,0.6920526586664337,66.5496407194049,796.8900146484375,895.6400146484375,-0.007377114694002764,-0.010127959985331293,4
2023-09-20,883.8499755859375,882.0999755859375,893.3555,892.30347,0.008869920846302969,0.1818531274315589,67.94354246039858,796.8900146484375,895.6400146484375,0.008712615559420978,-0.0025292935561095522,5
2023-09-21,882.0999755859375,889.219970703125,870.99426,874.8031,0.008576024035148839,-0.3505557795379506,66.68131546671748,796.8900146484375,895.6400146484375,-0.0215845213732607,-0.030667531045628558,1
2023-09-22,889.219970703125,894.3400268554688,874.8031,874.71423,0.008544065378751247,-0.302113984299055,68.58741773631596,796.8900146484375,895.6400146484375,-0.00027282213398609857,-0.026039604154837446,2
2023-09-25,894.3400268554688,902.9000244140624,874.71423,877.18036,0.008379618570754262,-0.019088474449233672,68.96058373721326,796.8900146484375,895.6400146484375,-0.004374588745683959,-0.024589071246342516,3
2023-09-26,902.9000244140624,903.5999755859376,877.18036,873.204,0.008473324622957515,0.6157054288839845,66.28477271708886,796.8900146484375,902.9000244140624,-0.006735854335471202,-0.023963378289850734,4
2023-09-27,903.5999755859376,908.6300048828124,873.204,879.32477,0.008176345023038236,0.9346908858909941,67.65793731138419,796.8900146484375,903.5999755859376,0.0005515977620020256,-0.03189641567116119,5
2023-09-28,908.6300048828124,904.9000244140624,908.54987,907.4803,0.008022670938433873,1.3132171027000528,65.48088310549012,803.7999877929688,908.6300048828124,0.018439332917652356,0.0076366772754749256,1
2023-09-29,904.9000244140624,890.6500244140625,907.4803,904.2996,0.007830139566476014,1.14718289881122,56.22647363487567,806.2000122070312,908.6300048828124,0.008490072133495771,0.01650529155265818,2
2023-10-02,890.6500244140625,908.0800170898438,904.2996,908.4369,0.008728501579911205,-0.02544517123444834,52.783762375016956,806.2000122070312,908.6300048828124,-0.025551838783158306,-0.004795156656592168,3
2023-10-03,908.0800170898438,917.0999755859376,908.4369,905.55304,0.009904302347889573,0.2542854425056955,58.79698085295949,806.2000122070312,908.6300048828124,-0.004553301089427976,-0.002620697021484375,4
2023-10-04,917.0999755859376,914.8300170898438,905.55304,904.0951,0.00990542556252761,0.8923740994397491,70.10900466457394,806.2000122070312,917.0999755859376,-0.0087506252678274,-0.011855522946193589,5
2023-10-05,914.8300170898438,913.9000244140624,917.8201,914.89996,0.009576915080816564,0.999094945292665,65.56129042592153,806.2000122070312,917.0999755859376,-0.010377369546376294,-0.039924222321116046,1
2023-10-06,913.9000244140624,923.0,914.89996,916.1901,0.009240580157624394,0.8504066071491341,68.56290069593547,806.2000122070312,917.0999755859376,0.021614201324313763,-0.02724101782335615,2
2023-10-09,923.0,920.5499877929688,916.1901,919.46436,0.009294065613454876,1.1875781229069684,71.12743130390751,806.2000122070312,923.0,0.004953880384421103,0.0028909565836614123,3
2023-10-10,920.5499877929688,928.7000122070312,919.46436,920.73456,0.008997119999391488,1.0718021255808576,70.98105088618314,806.2000122070312,923.0,-0.002886785805103314,0.0045636831163507734,4
2023-10-11,928.7000122070312,925.0399780273438,920.73456,924.3697,0.008988134983714669,1.3522232908882383,74.82424578992985,806.2000122070312,928.7000122070312,-0.0049682374726279415,0.008370527473150303,5
2023-10-12,925.0399780273438,936.1799926757812,914.7795,925.9061,0.008742944077192796,1.109500681850946,69.81195897949712,816.5,928.7000122070312,-0.00554939837534599,0.013250682453870887,1
2023-10-13,936.1799926757812,938.9500122070312,925.9061,922.70483,0.009019112662332138,1.493581374394772,71.69674326979556,819.1400146484375,936.1799926757812,-0.003903037387205174,-0.012277586450168083,2
2023-10-16,938.9500122070312,946.5800170898438,922.70483,922.1696,0.008731905217449064,1.7128383799885043,69.88856346064094,824.239990234375,938.9500122070312,0.0019533896712972216,-0.015236796617722292,3
2023-10-17,946.5800170898438,936.72998046875,922.1696,923.859,0.008691820494589666,2.1235422834143662,72.02749209689792,824.239990234375,946.5800170898438,-0.00321113906573755,-0.015556155978267148,4
2023-10-18,936.72998046875,939.7100219726562,923.859,917.155,0.008870903483607065,1.5123362215575753,63.72337089556778,824.239990234375,946.5800170898438,0.0018162787238428498,-0.00885447264074299,5
2023-10-19,939.7100219726562,941.2100219726562,934.984,938.0958,0.00859570282564797,1.10799591525274,67.1258363576635,827.3900146484375,946.5800170898438,0.002648646316544683,-0.0006956196856256845,1
2023-10-20,941.2100219726562,944.1300048828124,938.0958,929.13684,0.008302081225661596,0.757533105921592,78.44282181634378,827.7899780273438,946.5800170898438,-0.013878399770406624,-0.010614488604124455,2
2023-10-23,944.1300048828124,932.47998046875,929.13684,935.99866,0.008049732900600091,0.5481049282958761,74.23689698386248,840.22998046875,946.5800170898438,0.008714011252535694,-0.003902966094710328,3
2023-10-24,932.47998046875,925.989990234375,935.99866,928.46027,0.00849023163050337,-0.4930199745764945,59.98700032499178,841.1300048828125,946.5800170898438,0.010302177055933804,0.009648967568538589,4
2023-10-25,925.989990234375,923.97998046875,928.46027,934.408,0.008420740428140176,-1.6704337655878128,56.87019946479739,844.3900146484375,946.5800170898438,-0.010582072795597842,-0.00279173378429189,5
2023-10-26,923.97998046875,929.3400268554688,923.8362,922.9036,0.008151012266816575,-2.58183967091105,56.12389740182119,844.97998046875,946.5800170898438,-0.0009803193019683053,-0.0064040099196466665,1
2023-10-27,929.3400268554688,918.446044921875,922.9036,926.2295,0.008011245752821522,-2.802515282620197,54.03513706064108,844.97998046875,946.5800170898438,0.01818863610653167,0.025974027722385735,2
2023-10-30,918.446044921875,906.9400024414062,926.2295,927.80005,0.008388170822004666,-3.6095929635553894,48.790895959738386,844.97998046875,946.5800170898438,0.004256155347682994,0.02141056253706744,3
2023-10-31,906.9400024414062,895.530029296875,927.80005,932.65564,0.00880697391248952,-4.772741037025359,37.95929919173876,844.97998046875,946.5800170898438,-0.002194459013838501,0.008725790029044262,4
2023-11-01,895.530029296875,895.1799926757812,932.65564,937.37256,0.009183539389751107,-6.081084027450245,34.96081028370004,844.97998046875,946.5800170898438,0.0009606765995697496,0.020436717155070994,5
2023-11-02,895.1799926757812,886.6599731445312,901.5885,897.8455,0.008859149397297168,-6.692167545964242,26.52318450163345,844.97998046875,946.5800170898438,0.006017543945370837,0.02760263757690561,1
2023-11-03,886.6599731445312,869.6134033203125,897.8455,895.5851,0.008946090874652536,-7.3403247470699995,21.90827760151403,844.97998046875,946.5800170898438,0.0020431616991153164,0.011144723421003443,2
2023-11-06,869.6134033203125,881.2999877929688,895.5851,896.4079,0.010138052876430003,-8.50515597790419,12.450458358817485,844.97998046875,946.5800170898438,0.00948005082811503,0.016440658433805024,3
2023-11-07,881.2999877929688,885.8200073242188,896.4079,894.8571,0.01040928125103725,-8.079698350791269,23.433551774392313,844.97998046875,946.5800170898438,-0.01070543384542201,0.007826467153232814,4
2023-11-08,885.8200073242188,898.3699951171875,894.8571,897.4513,0.010122315336247927,-7.1187198336424045,24.547352957455388,844.97998046875,946.5800170898438,-0.011510144819098731,-0.004663912218007072,5
2023-11-09,898.3699951171875,910.75,886.8635,883.99634,0.010463129975184888,-5.343784461730651,31.678714825892015,844.97998046875,946.5800170898438,0.0019275703259737918,-0.008726496964047948,1
2023-11-10,910.75,901.6378173828124,883.99634,881.4137,0.010733263541001752,-3.1503900938457736,36.793093455687064,844.97998046875,946.5800170898438,-0.014269157458469892,-0.02476529606533104,2
2023-11-13,901.6378173828124,922.3300170898438,881.4137,875.77484,0.010713713932908065,-2.1740959116586978,37.54711866411684,844.97998046875,946.5800170898438,0.021805997400871528,-0.012670216689994464,3
2023-11-14,922.3300170898438,890.8499755859375,875.77484,871.3801,0.012011615271442667,-0.10483424518088302,48.67428454697519,844.97998046875,946.5800170898438,0.005445889973388243,0.003405942508251873,4
2023-11-15,890.8499755859375,887.0999755859375,871.3801,874.85846,0.015045199709040788,-0.7882674614610554,40.11090034199982,844.97998046875,946.5800170898438,0.009459553378394794,0.024669225438631367,5
2023-11-16,887.0999755859375,880.8400268554688,883.1693,884.5831,0.014520538802226724,-1.389746715834026,37.269243179068084,844.97998046875,946.5800170898438,-0.003503105593846559,0.019119661530883528,1
2023-11-17,880.8400268554688,860.1034545898438,884.5831,888.2739,0.014112658002472654,-2.065339828582469,38.34020338793171,844.97998046875,946.5800170898438,0.008868639896387446,0.04297475870056515,2
2023-11-20,860.1034545898438,877.8499755859375,888.2739,886.7823,0.01510819004639049,-3.6711273313383135,36.2644699460438,849.4500122070312,946.5800170898438,0.01986821597491017,0.040955658504646573,3
2023-11-21,877.8499755859375,869.4000244140625,886.7823,891.81494,0.015571568575369905,-3.3114962723375374,45.00085254905264,851.75,946.5800170898438,0.0005244771158837516,0.03584527141973299,4
2023-11-22,869.4000244140625,871.0499877929688,891.81494,885.6623,0.015223069394235822,-3.403081473860131,43.02982636737877,851.75,946.5800170898438,-0.012663431778597542,0.013180907914631196,5
2023-11-23,871.0499877929688,872.9299926757812,872.13354,872.2945,0.014653415228861918,-3.120369975925806,45.61666365022431,851.75,946.5800170898438,0.003313248705167273,0.0201106990764907,1
2023-11-24,872.9299926757812,855.2303466796875,872.2945,873.32837,0.014112072202680504,-2.5960840962626506,51.018020836650926,853.3499755859375,946.5800170898438,0.0046201451544259815,0.015785957461276718,2
2023-11-27,855.2303466796875,870.6500244140625,873.32837,874.69476,0.014721027641124079,-3.19147858302677,42.2828436932788,855.2303466796875,946.5800170898438,-0.008995938382002399,-0.013114741591156507,3
2023-11-28,870.6500244140625,867.1699829101562,874.69476,879.6787,0.014977272229395574,-2.336583575855279,45.78158578904687,855.2303466796875,946.5800170898438,0.010180578370415694,-0.0035391204282871373,4
2023-11-29,867.1699829101562,869.1500244140625,879.6787,883.54346,0.014459163998795438,-1.8183006015697565,40.863123719547545,855.2303466796875,946.5800170898438,-0.0039541648051622256,0.005177224793810262,5
2023-11-30,869.1500244140625,870.2000122070312,877.60864,878.72504,0.013929348948823327,-1.1855747614878371,37.02731448313983,855.2303466796875,946.5800170898438,0.011293615185232465,0.01323100072396232,1
2023-12-01,870.2000122070312,855.7864379882812,878.72504,881.86194,0.01341284702807235,-0.5709385746769904,39.67726536123974,855.2303466796875,946.5800170898438,0.020677894818539374,0.029632543995026277,2
2023-12-04,855.7864379882812,867.5,881.86194,884.42175,0.013716556975734621,-0.9854079940191376,27.210474256249384,855.2303466796875,946.5800170898438,-0.022900289170939624,0.015415242148678267,3
2023-12-05,867.5,878.4500122070312,884.42175,888.7568,0.01370661226532472,-0.3535549577488126,40.75098252346065,855.2303466796875,946.5800170898438,-0.012643355374770926,-0.007498047677441814,4
2023-12-06,878.4500122070312,870.4299926757812,888.7568,890.35205,0.013622987694914858,0.8530678013378399,46.75860169826848,855.2303466796875,946.5800170898438,-0.014955544784657965,-0.018357096998765914,5
2023-12-07,870.4299926757812,872.1599731445312,880.14716,878.9451,0.013364002955022214,1.1441245065038945,46.14983841592527,855.2303466796875,946.5800170898438,0.01813137003665527,-0.011621862778246046,1
2023-12-08,872.1599731445312,859.9549560546875,878.9451,887.784,0.012877193007661113,1.4656790041404832,55.18859053280673,855.2303466796875,946.5800170898438,0.009336658119057371,-0.02276796839919933,2
2023-12-11,859.9549560546875,882.239990234375,887.784,886.0708,0.013000750726076694,0.8968529407264096,41.913060267549305,855.2303466796875,946.5800170898438,-0.010526403080123783,-0.010600687529182173,3
2023-12-12,882.239990234375,876.9000244140625,886.0708,887.6208,0.014317704293337594,1.9988027810746907,55.15758370991025,855.2303466796875,946.5800170898438,0.0015860542510079912,0.003578522218146465,4
2023-12-13,876.9000244140625,874.780029296875,887.6208,884.39136,0.013889631997465852,2.3226779192590623,52.282200753280776,855.2303466796875,946.5800170898438,0.0,0.018700381719912295,5
2023-12-14,874.780029296875,865.1199951171875,872.3516,871.90643,0.013392115279783208,2.3420899930443957,50.72038246745315,855.2303466796875,946.5800170898438,0.026713416462568893,0.027480537653599736,1
2023-12-15,865.1199951171875,857.5003662109375,871.90643,876.6152,0.013259793117095455,1.6831271285965155,54.1081247730836,855.2303466796875,946.5800170898438,-0.0009004914113787476,0.017015722082822246,2
2023-12-18,857.5003662109375,873.75,876.6152,881.62823,0.01300489490523863,0.759893628013633,44.15918052199864,855.2303466796875,946.5800170898438,-0.009569435673899764,0.01798943881375036,3
2023-12-19,873.75,862.3699951171875,881.62823,874.1696,0.013515013960822492,1.2409664691220357,52.62494077222789,855.2303466796875,946.5800170898438,0.012396816590175663,0.029054383176943418,4
2023-12-20,862.3699951171875,870.0999755859375,874.1696,873.5407,0.013511778890164798,0.8109252802314995,47.483966184708464,855.2303466796875,946.5800170898438,0.0014107288714222278,0.030507124376599574,5
2023-12-21,870.0999755859375,878.6799926757812,865.16235,856.1589,0.013227957733026036,1.0500652962601054,49.96463048459473,855.2303466796875,946.5800170898438,0.0017925663016952,0.005143366607700988,1
2023-12-22,878.6799926757812,863.5426635742188,856.1589,863.4196,0.013006789093533169,1.7479530526385396,58.442641769342615,855.2303466796875,946.5800170898438,-0.0033316308647010615,0.002702690926488464,2
2023-12-25,863.5426635742188,892.239990234375,863.4196,858.5425,0.013414033310646657,1.1792210113817454,48.57656581711844,855.2303466796875,946.5800170898438,0.0,0.012344047422991241,3
2023-12-26,892.239990234375,892.2100219726562,858.5425,858.73193,0.0156798593599218,2.6411477346056955,54.39860574701053,855.2303466796875,946.5800170898438,0.0,-0.00012832745691085886,4
2023-12-27,892.2100219726562,883.6300048828125,858.73193,856.5615,0.015091400047850291,3.4598868568060994,57.32033341156043,855.2303466796875,946.5800170898438,0.012246637907082969,0.010765104564100873,5
2023-12-28,883.6300048828125,884.6400146484375,887.8548,881.2662,0.014775626005595247,3.2790388698637165,53.685412375925594,855.2303466796875,946.5800170898438,-0.007764293971769715,0.0011513753949217605,1
2023-12-29,884.6400146484375,871.8646850585938,881.2662,885.9991,0.014227590399274521,3.0856889154425557,58.54633668052879,855.2303466796875,946.5800170898438,-0.008340339060424478,-0.003850562623176049,2
2024-01-01,871.8646850585938,872.6539916992188,885.9991,888.4757,0.014278354314203595,2.007857632306772,46.15470922517805,855.2303466796875,946.5800170898438,0.0,-0.003850562623176049,3
2024-01-02,872.6539916992188,883.8200073242188,888.4757,889.3466,0.013749594601549307,1.2932393655503502,48.371402686119225,855.2303466796875,946.5800170898438,-0.002967966591667373,-0.006802717757627788,4
2024-01-03,883.8200073242188,881.72998046875,889.3466,884.934,0.013674869013195845,1.5030072226382925,53.24235279695097,855.2303466796875,946.5800170898438,-0.005572455833696384,-0.024343845596417543,5
2024-01-04,881.72998046875,886.97998046875,882.4319,869.96423,0.013187065069654723,1.4317706960641692,56.29955490287401,855.2303466796875,946.5800170898438,-0.0042977199205602975,-0.020955792212577862,1
2024-01-05,886.97998046875,877.2498779296875,869.96423,877.1748,0.01279617506353528,1.6533004734475005,61.38517052510097,855.2303466796875,946.5800170898438,-0.009573209599656254,-0.022162083219848337,2
2024-01-08,877.2498779296875,903.5,877.1748,879.0865,0.012699009204841469,1.0869541873350266,51.42334603229448,855.2303466796875,946.5800170898438,0.0013167965968514327,-0.0208736214438968,3
2024-01-09,903.5,917.6500244140624,879.0865,880.4768,0.014611260783997791,2.3501677462241233,64.92212031160733,855.2303466796875,944.1300048828124,-0.013513687151423264,-0.031144960099858503,4
2024-01-10,917.6500244140624,916.1900024414062,880.4768,878.2059,0.014679108171327171,3.916337757306275,66.48346533195436,855.2303466796875,944.1300048828124,0.008632709208340604,-0.017283998813949042,5
2024-01-11,916.1900024414062,913.469970703125,918.6864,905.8829,0.014142885795047834,4.585170964998856,63.67824288605131,855.2303466796875,944.1300048828124,-0.001190846936655388,-0.014226077191731546,1
2024-01-12,913.469970703125,895.7639770507812,905.8829,913.1166,0.013647185238422224,4.565648094944314,70.01924077497597,855.2303466796875,944.1300048828124,-0.009712037259593223,-0.014362920379632372,2
2024-01-15,895.7639770507812,910.1400146484376,913.1166,918.7587,0.014205091836028517,3.14892527717938,51.549591379379756,855.2303466796875,932.47998046875,0.0,-0.015659949782439515,3
2024-01-16,910.1400146484376,922.2899780273438,918.7587,922.566,0.01433607975571474,2.970954798812903,57.00100237318888,855.2303466796875,929.3400268554688,0.007060573294444214,0.004801890608076558,4
2024-01-17,922.2899780273438,921.2000122070312,922.566,925.14026,0.014257800929358092,3.4299055316445024,64.68587454457689,855.2303466796875,929.3400268554688,-0.009067916399167259,-0.012827247795101129,5
2024-01-18,921.2000122070312,919.5900268554688,918.5289,913.9382,0.013735594031303979,3.411248385535039,63.87971940211911,855.2303466796875,929.3400268554688,0.0033433155392109354,-0.008341083331350049,1
2024-01-19,919.5900268554688,896.9052124023438,913.9382,910.3457,0.01323934593812662,3.0532525554169343,69.79686949335866,855.2303466796875,922.3300170898438,0.011152546895434285,0.012566826528235877,2
2024-01-22,896.9052124023438,909.3099975585938,910.3457,919.2296,0.014479090070240057,1.1494272064181708,58.51319664178978,855.2303466796875,922.3300170898438,-0.006091927798664638,0.00641709341361039,3
2024-01-23,909.3099975585938,911.989990234375,919.2296,912.2394,0.014423764744165552,0.6132240276550789,58.8709047036433,855.2303466796875,922.3300170898438,0.0070157113821105385,0.006371944630932478,4
2024-01-24,911.989990234375,910.3300170898438,912.2394,911.3017,0.013910832503104034,0.34031738779932574,60.487877318616725,855.2303466796875,922.3300170898438,0.02398134195657936,0.040187502714746116,5
2024-01-25,910.3300170898438,909.3699951171876,908.9495,895.5148,0.013409139311673344,-0.030995997219569915,58.299472354472286,855.2303466796875,922.3300170898438,-0.004388225975928769,0.0321762593912731,1
2024-01-26,909.3699951171876,894.8502197265625,895.5148,910.60095,0.012919971383847035,-0.39978406771937713,62.17577523809884,855.2303466796875,922.3300170898438,-0.0038879951335731126,0.016767934230467983,2
2024-01-29,894.8502197265625,929.77001953125,910.60095,908.35266,0.013212412467940646,-1.6120974362730838,46.40106496662075,855.2303466796875,922.3300170898438,0.005826338664611392,0.028958546584102605,3
2024-01-30,929.77001953125,932.1500244140624,908.35266,911.27716,0.0164124464153,-0.1307721645602289,54.29966481608194,855.2303466796875,929.77001953125,0.008612481930482765,0.030602869740803996,4
2024-01-31,932.1500244140624,930.280029296875,911.27716,911.9179,0.015814765999064288,0.8849044670979076,55.62522668573513,855.2303466796875,932.1500244140624,-0.0010245069182320638,0.0051513152016488106,5
2024-02-01,930.280029296875,931.5700073242188,932.0668,931.8017,0.015240951847547859,1.282236157421865,55.96054409637429,855.2303466796875,932.1500244140624,-0.012895073103420765,-0.003363086672848506,1
2024-02-02,931.5700073242188,927.764404296875,931.8017,925.1795,0.014682458863240886,1.4699120623217148,64.36895686515797,855.2303466796875,932.1500244140624,-0.00807924613882932,-0.007531500601108183,2
2024-02-05,927.764404296875,953.739990234375,925.1795,943.0788,0.014190555208410893,1.1878031959441984,57.72832382318617,855.2303466796875,932.1500244140624,-0.013037647679487865,-0.026077933021060186,3
2024-02-06,953.739990234375,947.5999755859376,943.0788,951.6609,0.015565865949000559,2.523889610809066,62.299547572228775,855.2303466796875,953.739990234375,0.0027797897522733395,-0.03174198624611986,4
2024-02-07,947.5999755859376,953.0999755859376,951.6609,936.0284,0.015100275593753766,2.7488945642102305,59.932241500221195,855.2303466796875,953.739990234375,-0.011968248285595201,-0.042280580520691634,5
2024-02-08,953.0999755859376,965.4199829101562,944.0488,942.8959,0.014623737567711603,3.00227330624085,62.24865282599789,855.2303466796875,953.739990234375,-0.008598753918678276,-0.03815706056902598,1
2024-02-09,965.4199829101562,956.61083984375,942.8959,953.22656,0.014498955410929626,3.688547803435764,77.09688725646397,855.2303466796875,965.4199829101562,-0.0052762832972284785,-0.035457268609672514,2
2024-02-12,956.61083984375,970.469970703125,953.22656,947.7882,0.014196386594156571,3.253357367283021,69.25461316955253,855.2303466796875,965.4199829101562,0.011464089588562928,-0.011532392405875388,3
2024-02-13,970.469970703125,969.8800048828124,947.7882,952.13556,0.01420754650651461,3.5772890642712056,71.81941734484003,855.2303466796875,970.469970703125,-0.0038965189956569586,-0.018109726753085535,4
2024-02-14,969.8800048828124,957.3300170898438,952.13556,946.607,0.013688592162356971,3.4297818130825295,72.39748162710802,855.2303466796875,970.469970703125,-0.0036415105876551235,-0.009899649857991832,5
2024-02-15,957.3300170898438,967.1900024414062,965.90045,965.17096,0.01366728874822373,2.2234405082900714,66.59183441633166,855.2303466796875,970.469970703125,0.015019725602353009,0.013763357118999996,1
2024-02-16,967.1900024414062,951.2039184570312,965.17096,969.7809,0.013446651340926534,1.84176539793115,75.85979681596017,855.2303466796875,970.469970703125,0.02146373864108183,0.04123709873187334,2
2024-02-19,951.2039184570312,964.5,969.7809,959.6358,0.013739892533637846,0.3433496019958806,58.86170786718734,855.7864379882812,970.469970703125,0.0,0.029368425104719497,3
2024-02-20,964.5,962.0999755859376,959.6358,984.14215,0.013748212020848314,0.09146864352277007,62.26757384310015,855.7864379882812,970.469970703125,0.007398266423897814,0.04106082787224886,4
2024-02-21,962.0999755859376,969.1799926757812,984.14215,975.7422,0.013265150153722555,-0.36780170091811115,62.01826698756082,855.7864379882812,970.469970703125,0.0020669521599391153,0.04702067943721747,5
2024-02-22,969.1799926757812,978.469970703125,965.3155,955.0431,0.012926111958659295,-0.3271515881709135,63.60987965389234,855.7864379882812,970.469970703125,0.005918700162107859,0.0375349480128178,1
2024-02-23,978.469970703125,965.7730712890624,955.0431,953.3245,0.01270952306777392,0.16648822479688086,67.64825845704144,855.7864379882812,978.469970703125,-0.003984854851828057,0.011464280791233981,2
2024-02-26,965.7730712890624,986.5499877929688,953.3245,959.775,0.012764360490252327,-0.48535482200016844,54.614714091368256,857.5003662109375,978.469970703125,-0.01505351262094677,-0.0036477793558462998,3
2024-02-27,986.5499877929688,980.97998046875,959.775,956.7788,0.01356582684289149,0.31633330878924504,63.429721542834244,857.5003662109375,986.5499877929688,0.0018289248539391089,-0.00918138163277236,4
2024-02-28,980.97998046875,978.6400146484376,956.7788,962.5565,0.01316644573299671,0.30492069047777903,59.60821350744193,857.5003662109375,986.5499877929688,-0.0009140131607922762,-0.012130579660818576,5
2024-02-29,978.6400146484376,966.280029296875,975.5222,983.4682,0.012705163462047218,-0.010090729800191767,54.89253221187538,857.5003662109375,986.5499877929688,0.0018271916643559571,-0.016164198369149646,1
2024-03-01,966.280029296875,945.7276000976562,983.4682,986.81195,0.012733630833714064,-1.1383098173592288,53.486779203811736,857.5003662109375,986.5499877929688,0.005331944340947728,-0.006955165023490556,2
2024-03-04,945.7276000976562,973.8800048828124,986.81195,993.48956,0.013608732017490495,-3.2373167964407337,41.48859467192859,857.5003662109375,986.5499877929688,-0.0007785185222983851,0.007322206384455706,3
2024-03-05,973.8800048828124,976.989990234375,993.48956,991.7345,0.015309367032965236,-2.719154183022612,51.15666597246,857.5003662109375,986.5499877929688,-0.0020789760346844135,0.0033933727851452843,4
2024-03-06,976.989990234375,985.1500244140624,991.7345,984.1154,0.014768099116549104,-2.1797145146275305,56.013299456185905,857.5003662109375,986.5499877929688,0.00687020292499271,0.011234482470363995,5
2024-03-07,985.1500244140624,980.5399780273438,974.5797,973.5671,0.01439582744079031,-1.3279667905112298,55.551069949174696,857.5003662109375,986.5499877929688,0.012580403026815255,0.02216717603286776,1
2024-03-08,980.5399780273438,953.6156616210938,973.5671,980.32947,0.013932288296810792,-1.1370504542016349,59.75301817969311,857.5003662109375,986.5499877929688,-0.008841141992994045,0.007782093707221492,2
2024-03-11,953.6156616210938,965.8800048828124,980.32947,976.3021,0.015425778968235269,-2.791791593617603,46.68206967971829,862.3699951171875,986.5499877929688,0.00960619751598691,0.018302153955888478,3
2024-03-12,965.8800048828124,950.760009765625,976.3021,981.7971,0.015245674756183863,-3.0093190517145327,51.08691913217753,862.3699951171875,986.5499877929688,0.0006371602048168774,0.021071760951267778,4
2024-03-13,950.760009765625,945.3699951171876,981.7971,983.0047,0.015311533154094805,-4.055371322708725,44.93754313169033,863.5426635742188,986.5499877929688,0.03196757906286835,0.04702226566450993,5
2024-03-14,945.3699951171876,941.3200073242188,948.67346,942.9552,0.014835304781631302,-4.935703472600256,40.70368211738894,863.5426635742188,986.5499877929688,-0.0038320318658366615,0.029978329731760442,1
2024-03-15,941.3200073242188,925.2318725585938,942.9552,948.93274,0.0143438305481435,-5.569250145166362,42.781614836643655,863.5426635742188,986.5499877929688,0.018529276188101282,0.05855861025226895,2
2024-03-18,925.2318725585938,946.4099731445312,948.93274,944.374,0.014604228978477773,-6.770457866976424,31.383963580139792,871.8646850585938,986.5499877929688,0.00048616871846409864,0.04894841448449586,3
2024-03-19,946.4099731445312,965.8699951171876,944.374,945.0784,0.015327456565086406,-5.8708199209338625,40.413184560351574,871.8646850585938,986.5499877929688,-0.013703930026624763,0.03401270379245908,4
2024-03-20,965.8699951171876,962.510009765625,945.0784,945.8803,0.01574402970038775,-3.7978360953480728,46.765770316887235,871.8646850585938,986.5499877929688,-0.00494010682405259,-0.0034546427527572428,5
2024-03-21,962.510009765625,968.6300048828124,959.8752,953.4005,0.015198145824417692,-2.5457545605815413,48.9995691707671,871.8646850585938,986.5499877929688,0.001979066521667773,0.0023532391084879647,1
2024-03-22,968.6300048828124,964.0664672851562,953.4005,960.4446,0.014735503272085237,-1.263042365049977,56.581628697587064,871.8646850585938,986.5499877929688,-0.01255848718644402,-0.028328300020244564,2
2024-03-25,964.0664672851562,977.8800048828124,960.4446,962.3665,0.014259134269867744,-0.7072927277801857,46.73748817533501,872.6539916992188,986.5499877929688,0.0027489503641431926,-0.026127129687189266,3
2024-03-26,977.8800048828124,981.530029296875,962.3665,962.595,0.014254255457977988,0.538071617221271,50.276226976665214,877.2498779296875,986.5499877929688,-0.0027489503641432724,-0.015399720206958028,4
2024-03-27,981.530029296875,979.3900146484376,962.595,963.74493,0.013767120898532898,1.5005510025266804,48.844131830165566,877.2498779296875,986.5499877929688,-0.0008762558461157091,-0.011390310092347132,5
2024-03-28,979.3900146484376,980.4600219726562,984.407,979.73865,0.013280734660413724,1.8623419900406724,49.62693083736121,877.2498779296875,986.5499877929688,0.0027513568915070647,-0.010626521453959085,1
2024-03-29,980.4600219726562,979.27001953125,979.73865,980.0936,0.012798746445304819,2.029278894680348,60.46419336695319,877.2498779296875,986.5499877929688,0.0,0.0018768601466823153,2
2024-04-01,979.27001953125,984.97998046875,980.0936,986.10803,0.012337708096707076,1.916480246204789,55.712787277302866,894.8502197265625,986.5499877929688,0.010559764969196424,0.009732975949414087,3
2024-04-02,984.97998046875,975.5700073242188,986.10803,986.75464,0.011984642263057057,2.0702333610829022,65.87442706982532,894.8502197265625,986.5499877929688,0.005914301943359764,0.018518548350672678,4
2024-04-03,975.5700073242188,954.3900146484376,986.75464,986.8078,0.011850752718305428,1.4133586141310417,63.505869957445846,894.8502197265625,986.5499877929688,0.02977338834622253,0.05021910323682551,5
2024-04-04,954.3900146484376,940.2999877929688,978.04614,962.89435,0.012908325639727105,-0.4715239922226262,55.06851545816864,894.8502197265625,986.5499877929688,0.01267868785322154,0.06069689807511909,1
2024-04-05,940.2999877929688,927.7029418945312,962.89435,976.683,0.013091664328977022,-2.573749719780526,55.9353581708184,894.8502197265625,986.5499877929688,-0.0016497692716825132,0.0589484356025073,2
2024-04-08,927.7029418945312,933.3106079101562,976.683,966.28534,0.01314840202679594,-4.600855105641884,42.09700925267931,894.8502197265625,986.5499877929688,0.008806469090440208,0.05709341235206255,3
2024-04-09,933.3106079101562,941.0900268554688,966.28534,976.8963,0.012768582857409705,-5.302343838418949,34.42160970051218,894.8502197265625,986.5499877929688,0.002102026889271717,0.0530711533565644,4
2024-04-10,941.0900268554688,947.489990234375,976.8963,969.3897,0.012499366275388765,-4.985507223454306,40.167211617396916,894.8502197265625,986.5499877929688,-0.000933639226970129,0.021225907099426636,5
2024-04-11,947.489990234375,954.8599853515624,951.5829,940.018,0.012176936026964546,-4.123683759831147,40.32060998730127,894.8502197265625,986.5499877929688,-0.007030778924386207,0.001295146535488632,1
2024-04-12,954.8599853515624,964.1300048828124,940.018,937.98615,0.011912327669177039,-2.894147438887394,45.89024337745541,894.8502197265625,986.5499877929688,0.001292747486602454,0.004245813348425959,2
2024-04-15,964.1300048828124,972.2999877929688,937.98615,940.01154,0.011763817663748805,-1.3707386816720426,43.60251537463678,894.8502197265625,986.5499877929688,0.028138256630377733,0.02384854750851167,3
2024-04-16,972.2999877929688,979.9600219726562,940.01154,935.9178,0.01155549616374236,0.18992644443150808,45.87885959208544,894.8502197265625,986.5499877929688,-0.016927148262715064,0.0045497565582635294,4
2024-04-17,979.9600219726562,978.4299926757812,935.9178,931.65717,0.011328179488357603,1.6591538785610978,50.242547866778615,894.8502197265625,986.5499877929688,0.008556985206100346,0.014128945362502582,5
2024-04-18,978.4299926757812,965.6900024414062,966.1854,965.53076,0.0109268672983312,2.4037806802116037,49.139556398119964,894.8502197265625,986.5499877929688,0.022316666301241708,0.044332063487079305,1
2024-04-19,965.6900024414062,958.6400146484376,965.53076,974.3753,0.011135837668126288,1.9343350549675677,44.75732094729446,894.8502197265625,986.5499877929688,0.01375477653638138,0.057427991432051406,2
2024-04-22,958.6400146484376,952.1300048828124,974.3753,968.49225,0.010925040285829656,1.0872553904966071,39.93537054191543,925.2318725585938,986.5499877929688,-0.00033316364718428856,0.027746063044642694,3
2024-04-23,952.1300048828124,953.2000122070312,968.49225,961.3888,0.010699903909293934,0.07986940322318697,40.84046897516263,925.2318725585938,986.5499877929688,-0.002224498456326981,0.04296828277046873,4
2024-04-24,953.2000122070312,952.1799926757812,961.3888,957.2665,0.010314221687132136,-0.49162769960790753,49.44827691591969,925.2318725585938,986.5499877929688,-0.005247004104412529,0.02867007295470909,5
2024-04-25,952.1799926757812,948.0,956.84357,959.8072,0.009944683132000304,-0.892219384015724,56.2675330697201,925.2318725585938,986.5499877929688,0.022905541498675425,0.02927600964004672,1
2024-04-26,948.0,951.469970703125,959.8072,962.7468,0.009664077745691823,-1.3643197404578522,61.75181553140734,925.2318725585938,986.5499877929688,-0.00032827392489267614,0.014882255535155991,2
2024-04-29,951.469970703125,941.5399780273438,962.7468,963.3757,0.009359264163112854,-1.3651797145899711,60.78098287423785,925.2318725585938,986.5499877929688,0.01950650398856371,0.035218244771028646,3
2024-04-30,941.5399780273438,957.510009765625,963.3757,967.11975,0.009483842192948322,-1.922673102635486,50.260478868422126,925.2318725585938,986.5499877929688,-0.02049186837508004,0.01647920770168736,4
2024-05-01,957.510009765625,959.8800048828124,967.11975,967.67035,0.010210777386258944,-1.1425675942813545,55.2220204824535,925.2318725585938,986.5499877929688,-0.002632464921645256,0.01914030968048815,5
2024-05-02,959.8800048828124,947.1500244140624,959.4453,964.88885,0.00986150437935953,-0.4302938533999807,52.76007039105694,925.2318725585938,986.5499877929688,-0.012933317917676535,-0.016737761883553245,1
2024-05-03,947.1500244140624,942.75,964.88885,962.8822,0.010197639651913282,-0.7605387555911476,41.00636860310997,925.2318725585938,986.5499877929688,0.017535645885979678,0.0009849834380221767,2
2024-05-06,942.75,929.3900146484376,962.8822,966.66187,0.009918067346043904,-1.1935704060621035,33.69746976697827,925.2318725585938,986.5499877929688,0.01324951378365935,-0.005258616357531054,3
2024-05-07,929.3900146484376,936.9500122070312,966.66187,966.86755,0.01033999343626631,-2.2374099509148286,23.75168776464882,925.2318725585938,986.5499877929688,-0.0019438071566325993,0.013364081295802015,4
2024-05-08,936.9500122070312,935.6300048828124,966.86755,972.2376,0.010197191328934686,-2.2692083105552836,29.738185617023973,925.2318725585938,986.5499877929688,-0.013823437394735733,0.0020867714839110266,5
2024-05-09,935.6300048828124,924.0499877929688,939.2959,941.552,0.009839678109505737,-2.22654112080106,33.472621095451416,925.2318725585938,986.5499877929688,0.009924347576340845,0.025255923301156197,1
2024-05-10,924.0499877929688,913.1746826171876,941.552,930.76495,0.010090743898439917,-2.789132168306094,31.884353537090576,924.0499877929688,986.5499877929688,0.01849315461480506,0.026238084936127178,2
2024-05-13,913.1746826171876,923.4099731445312,930.76495,934.55524,0.010262717618909085,-3.650265336361926,30.490211542200257,913.1746826171876,986.5499877929688,0.023374418437470987,0.03668142740628882,3
2024-05-14,923.4099731445312,914.0800170898438,934.55524,932.3897,0.01033243021573092,-3.2978283055852327,36.334920985113015,913.1746826171876,986.5499877929688,0.030541355672711972,0.07091116149403265,4
2024-05-15,914.0800170898438,904.7899780273438,932.3897,938.28217,0.010349488508003338,-3.444316227561403,33.761061302299154,913.1746826171876,986.5499877929688,0.003224888630024549,0.08932492001061543,5
2024-05-16,904.7899780273438,898.030029296875,917.73883,914.3573,0.010369518704078595,-3.8854438026263445,32.351816462660295,904.7899780273438,986.5499877929688,-0.015717986101867597,0.061747176854992245,1
2024-05-17,898.030029296875,894.0,914.3573,911.6481,0.010211947697947239,-4.317801001106536,28.744849833126224,898.030029296875,986.5499877929688,0.0331721954064959,0.0774475583265764,2
2024-05-20,894.0,887.0900268554688,911.6481,912.47675,0.009926520561954944,-4.53793799612785,30.160363570230203,894.0,986.5499877929688,0.00601311573402973,0.05890310881543807,3
2024-05-21,887.0900268554688,888.0,912.47675,917.0213,0.009810602491241298,-4.7869679436313834,18.207840347151716,887.0900268554688,985.1500244140624,0.006172529764052082,0.033410754196908386,4
2024-05-22,888.0,898.1900024414062,917.0213,919.991,0.009461306177284343,-4.5310917010555745,17.11517153873291,887.0900268554688,985.1500244140624,-0.05037867628083627,-0.02052525106754622,5
2024-05-23,898.1900024414062,909.1099853515624,889.50507,895.82855,0.009621413486879423,-3.3696064312291583,27.068023403074022,887.0900268554688,985.1500244140624,-0.01053286097353198,-0.015433362302261722,1
2024-05-24,909.1099853515624,905.719970703125,895.82855,894.8748,0.009825576916480522,-1.647124281985997,35.150585400339565,887.0900268554688,985.1500244140624,-0.007920855535350033,-0.05507219127647332,2
2024-05-27,905.719970703125,901.8699951171876,894.8748,896.56,0.009533235527041316,-0.5727920015783994,38.54311671184691,887.0900268554688,985.1500244140624,0.0,-0.06073710259782753,3
2024-05-28,901.8699951171876,895.8800048828125,896.56,898.64294,0.009271362484177694,0.010926100760634938,32.387872458694645,887.0900268554688,985.1500244140624,0.02009599827290059,-0.04756783704930668,4
2024-05-29,895.8800048828125,910.280029296875,898.64294,908.05725,0.009132311697858362,0.11994163539662495,30.937171438540076,887.0900268554688,985.1500244140624,-0.014461603129634713,-0.012737503853637878,5
2024-05-30,910.280029296875,916.8400268554688,900.6893,902.8585,0.009795774458000473,1.226677751470696,43.57027759237163,887.0900268554688,984.97998046875,-0.02817387080286396,-0.030001089998319956,1
2024-05-31,916.8400268554688,918.5800170898438,902.8585,905.03735,0.00963457100799312,2.3976208180202967,51.783358723766874,887.0900268554688,984.97998046875,-0.013359344858423529,-0.03526209977387032,2
2024-06-03,918.5800170898438,904.010009765625,905.03735,906.8252,0.009301932354672112,3.234358516943665,47.43822992027285,887.0900268554688,984.97998046875,0.014429002560831695,-0.021240982030069928,3
2024-06-04,904.010009765625,905.75,906.8252,912.3275,0.009989476286289031,2.769521894886857,44.94020072731911,887.0900268554688,984.97998046875,-0.0279693436772657,-0.06717266531470713,4
2024-06-05,905.75,908.8800048828124,912.3275,914.5775,0.009643325770942872,2.5478048484050824,50.521978587229725,887.0900268554688,984.97998046875,0.015598963957449268,-0.038705622540649486,5
2024-06-06,908.8800048828124,908.0499877929688,903.7375,904.7711,0.009341385283484436,2.5729937407497037,56.141730433568824,887.0900268554688,984.97998046875,0.015359267282059677,0.004066792312715365,1
2024-06-07,908.0499877929688,900.9844970703124,904.7711,902.85516,0.009013767731736051,2.4930343246685283,58.252083319890296,887.0900268554688,984.97998046875,-0.04279131341481485,-0.025054223416923954,2
2024-06-10,900.9844970703124,919.9400024414062,902.85516,900.0165,0.00896134165533422,1.947746101087148,58.1458609606839,887.0900268554688,984.97998046875,0.013700313066128967,-0.025764397382646267,3
2024-06-11,919.9400024414062,922.75,900.0165,896.6593,0.010300292671901405,2.7955435791668144,65.45518982855627,887.0900268554688,984.97998046875,-0.007379337539937879,-0.005496942863520457,4
2024-06-12,922.75,916.4500122070312,896.6593,899.48444,0.009961452645291252,3.435317042732149,62.798199306515485,887.0900268554688,984.97998046875,0.012851028875042267,-0.008226021321262612,5
2024-06-13,916.4500122070312,917.7000122070312,925.0865,922.11176,0.009793801505923256,3.321959336975622,54.01836581533815,887.0900268554688,984.97998046875,-0.01628375290112501,-0.039117419244663915,1
2024-06-14,917.7000122070312,924.8800048828124,922.11176,925.74725,0.00945029067083834,3.216747168620894,56.715949100290494,887.0900268554688,984.97998046875,0.009604300840204132,0.012570910229002774,2
2024-06-17,924.8800048828124,926.3900146484376,925.74725,927.08636,0.009345091167099395,3.4932625225701113,62.435020555933654,887.0900268554688,984.97998046875,-0.006503193353933149,-0.007681300940289606,3
2024-06-18,926.3900146484376,934.9500122070312,927.08636,929.8793,0.009022172468911656,3.6247349853191437,67.32715686492006,887.0900268554688,984.97998046875,0.008917257879037289,0.008622603663855404,4
2024-06-19,934.9500122070312,932.0900268554688,929.8793,929.0848,0.009039549670021275,4.100057616716361,65.00589182651078,887.0900268554688,984.97998046875,0.0,-0.004256303690364653,5
2024-06-20,932.0900268554688,931.97998046875,939.97943,936.7849,0.008764574427270045,4.027840183737822,59.71325496050258,887.0900268554688,984.97998046875,0.01220063799655793,0.024514665479307807,1
2024-06-21,931.97998046875,918.0421752929688,936.7849,939.30676,0.00845570526822232,3.7825354210431437,58.71587313560231,887.0900268554688,984.97998046875,-0.02721855311482856,-0.01252475472119591,2
2024-06-24,918.0421752929688,944.9199829101562,939.30676,938.8985,0.009149782793345183,2.550525729243527,59.20276807966074,887.0900268554688,984.97998046875,0.007316293073440092,0.0012163750189434393,3
2024-06-25,944.9199829101562,940.6500244140624,938.8985,937.58905,0.01175441143535048,3.363596379054066,69.3190363375287,887.0900268554688,979.9600219726562,-0.0327824390894477,-0.03967552912777993,4
2024-06-26,940.6500244140624,946.4000244140624,937.58905,944.26935,0.011399797512128718,3.4204172771750168,65.49506082284688,887.0900268554688,979.9600219726562,-0.0030862946880555733,-0.04263480449414338,5
2024-06-27,946.4000244140624,954.1300048828124,946.0049,947.127,0.011103833978837187,3.6319113564742884,67.84775493810211,887.0900268554688,979.9600219726562,-0.008969709638196547,-0.06268952676442138,1
2024-06-28,954.1300048828124,942.049560546875,947.127,947.08246,0.010918260332731123,4.047344587383166,74.5813967144102,887.0900268554688,979.9600219726562,0.014222117373647194,-0.023030683208763957,2
2024-07-01,942.049560546875,946.4000244140624,947.08246,943.8632,0.011094045143780519,3.2953454838490313,60.920887531828704,887.0900268554688,979.9600219726562,0.00816603727846639,-0.02220015637562485,3
2024-07-02,946.4000244140624,946.7899780273438,943.8632,946.79785,0.010762126586719324,2.8921148626240303,61.506682203636416,887.0900268554688,979.9600219726562,0.0006775653866961057,0.011070545667796774,4
2024-07-03,946.7899780273438,941.27001953125,946.79785,941.6805,0.01037764599515925,2.469281358096694,65.66233704036055,887.0900268554688,979.9600219726562,0.024860493631748855,0.03972525881040615,5
2024-07-04,941.27001953125,936.9000244140624,947.973,943.41907,0.010140676963305242,1.6735420012056803,61.65373554113064,887.0900268554688,979.9600219726562,0.0,0.04909324372885023,1
2024-07-05,936.9000244140624,935.1300048828124,943.41907,941.894,0.009868032574371391,0.7553600879992963,56.11292661607531,887.0900268554688,979.9600219726562,0.025546321916446516,0.061040911443722354,2
2024-07-08,935.1300048828124,939.489990234375,941.894,939.4065,0.009535384301291862,-0.02723108484169412,54.433104076835896,887.0900268554688,979.9600219726562,-0.007865990774347974,0.04416590551180254,3
2024-07-09,939.489990234375,934.989990234375,939.4065,937.78625,0.009277360598261617,-0.29254723003725136,52.40525059449783,887.0900268554688,979.9600219726562,-0.009565322367084766,0.033525220050735605,4
2024-07-10,934.989990234375,912.5900268554688,937.78625,935.3489,0.009051808631644134,-0.7844938907241108,51.510139320705875,887.0900268554688,978.4299926757812,0.006423190591299147,0.014644392983972663,5
2024-07-11,912.5900268554688,913.8099975585938,930.8879,932.05334,0.010944598515679985,-2.5332453361014045,41.80519219885563,887.0900268554688,965.6900024414062,-0.021720901163740036,-0.007156967844835652,1
2024-07-12,913.8099975585938,898.9515991210938,932.05334,927.15094,0.01055906094780127,-3.4649224405400245,47.995909736745666,887.0900268554688,959.8800048828124,0.01976558846027169,-0.012879771838777561,2
2024-07-15,898.9515991210938,909.27001953125,927.15094,928.6967,0.011122551219752719,-4.853819821529854,25.436128049178294,887.0900268554688,959.8800048828124,-0.015228992799344712,-0.020121247860706418,3
2024-07-16,909.27001953125,909.8099975585938,928.6967,930.8405,0.01114515384683525,-4.8386971198595,34.24976135537899,887.0900268554688,959.8800048828124,-0.01894630220224455,-0.029270489154923328,4
2024-07-17,909.8099975585938,923.9299926757812,930.8405,931.53265,0.010747970970214116,-4.557363566920057,30.62123530731408,887.0900268554688,959.8800048828124,-0.010177538893199707,-0.045252285403101514,5
2024-07-18,923.9299926757812,932.780029296875,904.379,900.25824,0.011147988095390936,-3.2468900607867432,35.01947056768323,887.0900268554688,959.8800048828124,-0.030700708760375874,-0.05378735717889246,1
2024-07-19,932.780029296875,941.760009765625,900.25824,904.3338,0.011041619215505711,-1.6889848768016948,45.249665319604155,887.0900268554688,959.8800048828124,-0.011078471169803832,-0.08252689590867787,2
2024-07-22,941.760009765625,943.5999755859376,904.3338,902.35315,0.010944987730396379,-0.04552002378233966,47.72985982954993,887.0900268554688,959.8800048828124,-0.009167236684088352,-0.07694850737539423,3
2024-07-23,943.5999755859376,946.2000122070312,902.35315,901.0861,0.010566342523695298,1.1098635237839898,48.46111673488815,887.0900268554688,959.8800048828124,-0.008286871976554549,-0.06705667742125507,4
2024-07-24,946.2000122070312,947.1099853515624,901.0861,894.60767,0.010215302861669627,1.9447363894231362,52.447211337042134,887.0900268554688,959.8800048828124,-0.011400955993048967,-0.06819735832874815,5
2024-07-25,947.1099853515624,946.6400146484376,945.50616,941.12695,0.009856791561420308,2.422665603386288,55.24843469388523,887.0900268554688,954.1300048828124,0.0032881265324324637,-0.035982093456063576,1
2024-07-26,946.6400146484376,937.5270385742188,941.12695,938.92664,0.009511556352650385,2.5582290749683545,55.99687849404522,887.0900268554688,954.1300048828124,-0.001947274275511693,-0.027139144229286913,2
2024-07-29,937.5270385742188,956.3099975585938,938.92664,931.63416,0.009555120031779135,1.9146907380786404,49.025537043893706,887.0900268554688,954.1300048828124,-0.010408474810337234,-0.028345947095199987,3
2024-07-30,956.3099975585938,955.5399780273438,931.63416,934.38495,0.01062918191695395,2.5924512623204294,59.269356858045576,887.0900268554688,956.3099975585938,0.0002462533816531066,-0.02001922530176685,4
2024-07-31,955.5399780273438,942.7999877929688,934.38495,940.1439,0.010256595571028133,2.809112857909809,72.99920644155063,887.0900268554688,956.3099975585938,0.023593370826798465,0.01488164689946495,5
2024-08-01,942.7999877929688,948.0800170898438,960.85406,953.04034,0.010551730886658051,1.9551107164657182,63.81887880681643,887.0900268554688,956.3099975585938,-0.022732313002838966,-0.011185410743160967,1
2024-08-02,948.0800170898438,930.9984741210938,953.04034,955.4804,0.010281540076001733,1.6203449459106363,75.77178973252313,887.0900268554688,956.3099975585938,0.00429420279958116,-0.0049944468711952935,2
2024-08-05,930.9984741210938,953.1599731445312,955.4804,955.65936,0.011083076749228902,0.19781905303957892,60.64312138514039,887.0900268554688,956.3099975585938,-0.02479059580656718,-0.019202322532810838,3
2024-08-06,953.1599731445312,944.5800170898438,955.65936,957.40405,0.012402752372307303,0.6720257382365373,67.52236658502267,887.0900268554688,956.3099975585938,0.006878875148857098,-0.012675441267994792,4
2024-08-07,944.5800170898438,944.0900268554688,957.40405,962.51904,0.012213082237629007,0.34682943148696577,58.738240708791096,887.0900268554688,956.3099975585938,-0.018619202580670492,-0.05348554220513352,5
2024-08-08,944.0900268554688,935.1799926757812,942.4218,938.378,0.011775751599959281,0.05312236874222975,55.15032421780545,887.0900268554688,956.3099975585938,0.0019029332241082232,-0.029878334708595813,1
2024-08-09,935.1799926757812,931.8300170898438,938.378,934.6653,0.011650215511700694,-0.7429198468068821,47.00169485020293,887.0900268554688,956.3099975585938,0.008832886712819966,-0.02546525189412581,2
2024-08-12,931.8300170898438,933.52001953125,934.6653,936.27075,0.011280529803416832,-1.4555629411977726,44.70960566550284,887.0900268554688,956.3099975585938,0.01866882114543386,0.017821250336697538,3
2024-08-13,933.52001953125,931.3400268554688,936.27075,935.5336,0.010888401249607644,-1.753618007790763,44.253549815808434,888.0,956.3099975585938,-0.004696598507653004,0.006107414660529139,4
2024-08-14,931.3400268554688,933.6400146484376,935.5336,933.23035,0.010524888184091245,-2.01916998856583,42.93453917198136,895.8800048828125,956.3099975585938,-0.0027291121621621237,0.022222246442522322,5
2024-08-15,933.6400146484376,932.2000122070312,931.31354,929.78735,0.010171717995790398,-1.9599250068990575,44.269540792716406,895.8800048828125,956.3099975585938,0.02792926345594375,0.04917617465270208,1
2024-08-16,932.2000122070312,937.8099975585938,929.78735,936.4756,0.009824461230536884,-1.9344196752893155,47.481453864648714,895.8800048828125,956.3099975585938,-0.0027822873448715467,0.037060310914598826,2
2024-08-19,937.8099975585938,922.9099731445312,936.4756,933.9107,0.00960717919885024,-1.4770760496948436,40.0089657718475,895.8800048828125,956.3099975585938,0.009404466138288877,0.027496983460981842,3
2024-08-20,922.9099731445312,923.3800048828124,933.9107,935.68866,0.010245293702057377,-2.0785736091277043,34.7113280476966,895.8800048828125,956.3099975585938,-0.004088557498111929,0.028121933742551633,4
2024-08-21,923.3800048828124,915.5800170898438,935.68866,931.9285,0.009884963206414035,-2.3265822480837324,39.718681233459634,898.9515991210938,956.3099975585938,0.007682204488819919,0.0388819525373482,5
2024-08-22,915.5800170898438,919.010009765625,923.71814,921.9172,0.009818846749419184,-2.862500431882683,33.241032277882624,898.9515991210938,956.3099975585938,-0.009732768985843696,0.00048317348900567183,1
2024-08-23,919.010009765625,908.4000244140624,921.9172,923.3537,0.009522216966265401,-2.8275856881544,42.805033059213535,898.9515991210938,956.3099975585938,0.01283688121007074,0.016232564829346596,2
2024-08-26,908.4000244140624,906.3599853515624,923.3537,920.4333,0.009721852656011061,-3.3262681708952297,18.81272247100698,898.9515991210938,956.3099975585938,0.004044782599055961,0.010800450091235947,3
2024-08-27,906.3599853515624,907.27001953125,920.4333,920.9851,0.009403569912928412,-3.5787621087045496,20.69916196019892,898.9515991210938,956.3099975585938,0.004501323054126366,0.019520503711044603,4
2024-08-28,907.27001953125,912.3800048828124,920.9851,917.50616,0.009076937716863402,-3.4672901814068133,21.95310415111122,898.9515991210938,956.3099975585938,-0.020417457696083448,-0.008728919640821823,5
2024-08-29,912.3800048828124,914.5800170898438,907.13367,906.63165,0.008881207566122862,-2.8576013160567326,31.565347759100675,898.9515991210938,956.3099975585938,0.0006029682943513182,0.0015697281970487912,1
2024-08-30,914.5800170898438,913.52001953125,906.63165,909.011,0.008591791928821042,-2.146795260209549,35.78844788433811,898.9515991210938,956.3099975585938,-0.000602968294351396,-0.011801165553951888,2
2024-09-02,913.52001953125,915.0999755859376,909.011,903.93445,0.008299573937728184,-1.6130257629381433,33.34999959350591,898.9515991210938,956.3099975585938,0.0,-0.01579014229368231,3
2024-09-03,915.0999755859376,928.2999877929688,903.93445,903.2429,0.008020565701381249,-1.046048345691264,36.34372244514195,898.9515991210938,956.3099975585938,-0.02764023713283298,-0.04692120222696072,4
2024-09-04,928.2999877929688,942.8300170898438,903.2429,901.0907,0.008636877000027871,0.2559702522003917,46.20521366194207,898.9515991210938,956.3099975585938,-0.003105085111750596,-0.030277491617961977,5
2024-09-05,942.8300170898438,942.1599731445312,929.6202,928.93896,0.00930455035606087,2.034739631150086,56.36908061899614,898.9515991210938,956.3099975585938,0.014326561027738912,-0.016877678364688273,1
2024-09-06,942.1599731445312,943.2100219726562,928.93896,935.4651,0.008983411378918425,3.0444103859692726,52.770327526024055,898.9515991210938,956.3099975585938,-0.01557118096774766,-0.03148367681139164,2
2024-09-09,943.2100219726562,943.4000244140624,935.4651,935.3192,0.008674587843392907,3.6219298889901332,65.69749441188908,898.9515991210938,956.3099975585938,0.017286439839061352,-0.014595933712157162,3
2024-09-10,943.4000244140624,949.2999877929688,935.3192,938.3681,0.008373688088133211,3.8351695708575524,65.54829143613411,898.9515991210938,956.3099975585938,-0.01083079435184659,0.002108159485470008,4
2024-09-11,949.2999877929688,941.6500244140624,938.3681,937.3899,0.00824620897881589,4.164562581907973,76.9845673524969,898.9515991210938,956.3099975585938,0.010463569894938275,0.015798086292642198,5
2024-09-12,941.6500244140624,933.72998046875,955.788,957.33484,0.008269061210742886,3.675274372378249,66.97150658758014,898.9515991210938,956.3099975585938,0.01217145342574411,0.013611289352515344,1
2024-09-13,933.72998046875,928.8200073242188,957.33484,957.1772,0.008316209803238961,2.6728893262168825,69.7858958638064,898.9515991210938,956.3099975585938,0.01011089337881664,0.03998008318548353,2
2024-09-16,928.8200073242188,922.3499755859376,957.1772,958.7342,0.008162838946684053,1.5874554346622574,66.79126781977496,898.9515991210938,956.3099975585938,0.00906053645250728,0.03146039659731232,3
2024-09-17,922.3499755859376,929.4099731445312,958.7342,960.14197,0.008115510750942934,0.40369094701171426,60.40857457252689,898.9515991210938,956.3099975585938,0.0001187212220558712,0.042816446438048404,4
2024-09-18,929.4099731445312,930.25,960.14197,960.9149,0.008088460431260356,0.08288440501376304,61.44639799410417,898.9515991210938,956.3099975585938,0.005797778381147515,0.03796221553272156,5
2024-09-19,930.25,930.3599853515624,929.44336,928.1821,0.007812154355034562,-0.07735251549607514,60.72844278222356,898.9515991210938,956.3099975585938,0.011262404495693233,0.03701908583172897,1
2024-09-20,930.3599853515624,927.9000244140624,928.1821,927.0907,0.007543625624750333,-0.17496086509520536,61.681428668202116,898.9515991210938,956.3099975585938,-0.0010504611301073035,0.025508902292358842,2
2024-09-23,927.9000244140624,922.3099975585938,927.0907,926.6064,0.007325109065296863,-0.3918072458907237,58.77195330682,898.9515991210938,956.3099975585938,0.001750230130358872,0.01803945332479335,3
2024-09-24,922.3099975585938,913.22998046875,926.6064,926.5807,0.007272978474249154,-0.8708827555248654,45.41699978331848,898.9515991210938,956.3099975585938,0.032233120582951455,0.05126381367872481,4
2024-09-25,913.22998046875,911.3699951171876,926.5807,928.43854,0.007535796321498158,-1.7099425785857916,25.292158267296728,898.9515991210938,956.3099975585938,-0.0003387253064925078,0.04483248253491049,5
2024-09-26,911.3699951171876,905.4000244140624,917.6524,918.78754,0.0073026699572710085,-2.265985829593213,24.799505244784797,898.9515991210938,956.3099975585938,0.03396927361253579,0.06882876616543135,1
2024-09-27,905.4000244140624,899.75,918.78754,915.70184,0.007286282386908428,-2.872616093538096,21.360379544468728,898.9515991210938,956.3099975585938,-0.008770054674294606,0.06060960762030686,2
2024-09-30,899.75,897.4099731445312,915.70184,922.2202,0.007250124884244782,-3.452187258450963,19.46268202950725,898.9515991210938,956.3099975585938,-0.009959156737551753,0.048262946395565824,3
2024-10-01,897.4099731445312,903.72998046875,922.2202,920.2222,0.007043356795414826,-3.765311681652464,11.79503126803121,897.4099731445312,956.3099975585938,0.008747270990222236,0.023930453579292812,4
2024-10-02,903.72998046875,911.1699829101562,920.2222,922.00476,0.00705228741555876,-3.3337728925072505,21.522980286895915,897.4099731445312,956.3099975585938,0.013251060309858634,0.037940429599268334,5
2024-10-03,911.1699829101562,920.3900146484376,904.5025,904.4004,0.0071507122809254696,-2.3790417901568803,32.934958351146676,897.4099731445312,956.3099975585938,-0.020664692030848586,-0.017245142709215823,1
2024-10-04,920.3900146484376,923.8499755859376,904.4004,913.03986,0.007406899506425171,-1.0274128350885041,44.01364772334239,897.4099731445312,956.3099975585938,0.00454323643639212,-0.00407395984970126,2
2024-10-07,923.8499755859376,925.8699951171876,913.03986,915.45795,0.007219364188094182,0.13687680133398938,51.11275924084609,897.4099731445312,956.3099975585938,-0.0007742044750523483,0.005115712028949617,3
2024-10-08,925.8699951171876,933.1900024414062,915.45795,909.1094,0.006995344215293378,1.030506129057545,47.16166180715223,897.4099731445312,956.3099975585938,-0.023962600218861506,-0.027229604001752186,4
2024-10-09,933.1900024414062,932.7999877929688,909.1094,909.19574,0.007071281809073046,2.0435294001296507,52.13538734345561,897.4099731445312,956.3099975585938,-0.013003527344188167,-0.05243693761411903,5
2024-10-10,932.7999877929688,929.5900268554688,933.2552,933.3549,0.006834219907793626,2.5815889208923473,51.76504662845505,897.4099731445312,956.3099975585938,0.006865063336545291,-0.025988367376033456,1
2024-10-11,929.5900268554688,929.760009765625,933.3549,933.00616,0.006677168637591163,2.607898047746554,51.209389640192576,897.4099731445312,956.3099975585938,0.015051426299758246,-0.01569930316931963,2
2024-10-14,929.760009765625,926.3099975585938,933.00616,930.6058,0.006453151121450023,2.521828967066206,55.77968254148638,897.4099731445312,956.3099975585938,-0.019966589598124317,-0.03441025300120396,3
2024-10-15,926.3099975585938,939.489990234375,930.6058,925.85266,0.006326977406726356,2.1330678967226104,61.11868026277696,897.4099731445312,956.3099975585938,-0.014543239227710301,-0.025272044125808683,4
2024-10-16,939.489990234375,937.1300048828124,925.85266,921.36194,0.007186961337318919,2.6313912167667377,70.04561537243261,897.4099731445312,956.3099975585938,0.007182639183070338,-0.00539608853382374,5
2024-10-17,937.1300048828124,945.9099731445312,938.55536,931.6107,0.006982669125905495,2.661876348806738,73.84635991002065,897.4099731445312,956.3099975585938,-0.010443370880604458,-0.02246299809091158,1
2024-10-18,945.9099731445312,930.7589721679688,931.6107,929.88116,0.007183347976204286,3.1023903471374483,83.1323506605134,897.4099731445312,956.3099975585938,0.013785382802360822,-0.02369981935567907,2
2024-10-21,930.7589721679688,951.75,929.88116,936.00555,0.008222050509992987,2.2425204987428664,70.21863463992108,897.4099731445312,956.3099975585938,-0.005306331502970384,-0.009281577388423005,3
2024-10-22,951.75,948.5499877929688,936.00555,937.0118,0.009943956385187545,2.914059732526087,74.7164128089551,897.4099731445312,955.5399780273438,0.005766385567984585,0.01104525856094856,4
2024-10-23,948.5499877929688,944.8300170898438,937.0118,936.09656,0.009635449274898279,2.959795922196738,70.11798127068676,897.4099731445312,953.1599731445312,-0.010054969620869941,-0.00623339491539567,5
2024-10-24,944.8300170898438,946.4600219726562,959.8805,957.31006,0.009359199179093133,2.570964810884508,63.98138817717676,897.4099731445312,953.1599731445312,0.0034786367081482633,0.007698586853333055,1
2024-10-25,946.4600219726562,935.7185668945312,957.31006,952.81506,0.00903758309779086,2.2657016981712816,63.21113029783638,897.4099731445312,953.1599731445312,0.004619474922603476,-0.0014956842728116415,2
2024-10-28,935.7185668945312,946.4400024414062,952.81506,948.2947,0.009268042987768755,1.2341381195952845,55.22230198271341,897.4099731445312,953.1599731445312,-0.0017298446095613334,0.0020818470088422797,3
2024-10-29,946.4400024414062,955.75,948.2947,946.3198,0.0094408087329647,1.1683184352083105,56.78132137805565,897.4099731445312,951.75,0.00011546014043166252,-0.003564873157259643,4
2024-10-30,955.75,961.3400268554688,946.3198,939.1751,0.009469765841890403,1.6185211816718752,60.76305103627994,897.4099731445312,955.75,-0.0011547609895255664,0.005343190367856402,5
2024-10-31,961.3400268554688,960.9400024414062,958.2543,957.5746,0.009261177957549542,2.12746764197271,64.5649052622619,897.4099731445312,961.3400268554688,-0.0032403544840676935,-0.001389059382812976,1
2024-11-01,960.9400024414062,947.4153442382812,957.5746,954.3889,0.00893686801831876,2.2594337023408535,64.2732968956844,897.4099731445312,961.3400268554688,0.007851309416842709,0.0018435066469856885,2
2024-11-04,947.4153442382812,953.8599853515624,954.3889,954.0867,0.009457681468144415,1.305464699082492,58.8455257433219,897.4099731445312,961.3400268554688,0.01359326842658909,0.017313086318757512,3
2024-11-05,953.8599853515624,956.0800170898438,954.0867,955.7487,0.009295897022453075,0.9922798798424415,56.38302140922167,897.4099731445312,961.3400268554688,0.009822251413223898,0.027236014088185545,4
2024-11-06,956.0800170898438,962.9400024414062,955.7487,954.87354,0.008987480807097402,0.8252775314119827,58.42790203256428,897.4099731445312,961.3400268554688,-0.05258911842530857,-0.024263436698556816,5
2024-11-07,962.9400024414062,957.1799926757812,959.68994,958.71625,0.008873862926185706,1.0528840881142045,57.70559767401527,897.4099731445312,962.9400024414062,0.043447321295367755,0.022371605775549922,1
2024-11-08,957.1799926757812,945.7733154296876,958.71625,966.4613,0.00872594586651145,0.7081140083217345,63.065059397334366,897.4099731445312,962.9400024414062,-0.028404111061249033,-0.014031022988213265,2
2024-11-11,945.7733154296876,968.6599731445312,966.4613,968.61346,0.009040766117032546,-0.3393083031795374,46.73508445529177,897.4099731445312,962.9400024414062,-0.017770402770283862,-0.04447472119309048,3
2024-11-12,968.6599731445312,985.4099731445312,968.61346,965.5542,0.010826559734870652,0.4170620614538372,59.04099319706987,897.4099731445312,968.6599731445312,-0.021968305360875098,-0.07437363226057027,4
2024-11-13,985.4099731445312,979.4099731445312,965.5542,968.81537,0.01140626948938715,1.8717868180491477,66.33053978110081,897.4099731445312,985.4099731445312,-0.013072124212538998,-0.03706331991150083,5
2024-11-14,979.4099731445312,975.0800170898438,989.5146,992.46106,0.011125199436453025,2.2318494699604354,62.80946907753184,897.4099731445312,985.4099731445312,0.0017201059739166069,-0.0764172119838589,1
2024-11-15,975.0800170898438,961.9932861328124,992.46106,988.7367,0.010797188793110155,1.9884155092601397,66.10479914014243,897.4099731445312,985.4099731445312,-0.005416024015032468,-0.05493989504576591,2
2024-11-18,961.9932861328124,972.3499755859376,988.7367,996.0313,0.011052716719153043,0.8161138559171626,56.24281889026893,897.4099731445312,985.4099731445312,0.01397245036674078,-0.02445978743095288,3
2024-11-19,972.3499755859376,970.7899780273438,996.0313,997.15424,0.011029168110133825,0.6173141516993574,56.60742415069481,897.4099731445312,985.4099731445312,0.005341190903602937,0.0025488418048948414,4
2024-11-20,970.7899780273438,972.75,997.15424,996.6619,0.010644284014787809,0.2772059089666037,53.88611622305685,897.4099731445312,985.4099731445312,0.0032633707191537793,0.01906046895632941,5
2024-11-21,972.75,973.0900268554688,976.5708,967.60864,0.01027613116896611,0.09036486271770272,54.79511802242735,897.4099731445312,985.4099731445312,-0.007388136557883757,0.00982076167507639,1
2024-11-22,973.0900268554688,964.489013671875,967.60864,989.0236,0.009911410052019027,-0.09420702124562297,61.67440419891561,897.4099731445312,985.4099731445312,-0.009527380066168888,0.005677551917394998,2
2024-11-25,964.489013671875,975.7000122070312,989.0236,994.23773,0.00986994219437743,-0.8380626456370592,54.74011643288999,897.4099731445312,985.4099731445312,0.004286314657899773,-0.004016552332532198,3
2024-11-26,975.7000122070312,976.969970703125,994.23773,985.32043,0.010002718069692367,-0.6272059246975292,58.100154920307254,897.4099731445312,985.4099731445312,-0.012914458354139725,-0.022033917091298035,4
2024-11-27,976.969970703125,976.8499755859376,985.32043,987.1095,0.009653585551918163,-0.46199188133000035,56.07259416514014,897.4099731445312,985.4099731445312,0.006908460270460658,-0.018462638279616122,5
2024-11-28,976.8499755859376,977.4400024414062,975.52386,976.12665,0.009314030184214226,-0.42169719664103056,58.950769697370355,897.4099731445312,985.4099731445312,0.0,-0.011184051727036284,1
2024-11-29,977.4400024414062,960.9544067382812,976.12665,977.138,0.008987865181892802,-0.4155387830710282,65.98325480751154,897.4099731445312,985.4099731445312,0.00331395542562012,0.0015955435270758422,2
2024-12-02,960.9544067382812,978.260009765625,977.138,978.5081,0.009837754574014639,-1.5198784001048686,45.8420665042769,897.4099731445312,985.4099731445312,-0.0012261194171518171,-0.003910496093641412,3
2024-12-03,978.260009765625,972.0,978.5081,979.67975,0.010618583485363702,-1.102425890348977,46.16486638498594,897.4099731445312,985.4099731445312,0.017150550571007218,0.02649167447523416,4
2024-12-04,972.0,974.72998046875,979.67975,976.63275,0.010395327984188407,-1.2544168111800058,46.03645656833959,897.4099731445312,985.4099731445312,-0.0009651810670761947,0.018441182129404488,5
2024-12-05,974.72998046875,969.6799926757812,971.19965,970.2074,0.010051271772529203,-1.1787769829707813,49.809507296518255,897.4099731445312,985.4099731445312,-0.001691427036356159,0.016720019200111805,1
2024-12-06,969.6799926757812,957.8364868164062,970.2074,974.10394,0.009804712636307366,-1.458240503839324,54.584157486024345,897.4099731445312,985.4099731445312,0.0008460711338127912,0.014213965432842037,2
2024-12-09,957.8364868164062,969.1799926757812,974.10394,979.46765,0.010040219431202192,-2.375848811880511,41.495343681978305,897.4099731445312,985.4099731445312,0.02033065993438071,0.03631450449593498,3
2024-12-10,969.1799926757812,974.469970703125,979.46765,977.18005,0.010176382225280105,-2.1601754069886123,49.15362135063781,897.4099731445312,985.4099731445312,0.0,0.018692684080309226,4
2024-12-11,974.469970703125,974.7000122070312,977.18005,973.82684,0.009917996846414104,-1.6268874633978037,50.87361207903555,897.4099731445312,985.4099731445312,-0.0022517461047863417,0.017382912422678014,5
2024-12-12,974.7000122070312,976.3900146484376,970.94965,962.0322,0.009568504680989982,-1.2416860377629835,50.81866270401393,897.4099731445312,985.4099731445312,-0.004518987951738658,0.014510263472407563,1
2024-12-13,976.3900146484376,965.2628784179688,962.0322,980.3015,0.009241866174940765,-0.8734939179737085,56.509027835269116,897.4099731445312,985.4099731445312,-0.01102599903417866,0.002537139949653557,2
2024-12-16,965.2628784179688,983.5700073242188,980.3015,979.5293,0.009455813444097362,-1.351233118428869,44.28636535559775,897.4099731445312,985.4099731445312,-0.0013265764037010605,-0.01894161902904953,3
2024-12-17,983.5700073242188,982.1099853515624,979.5293,977.85693,0.01040900014284764,-0.45263603286735155,53.045069906931566,897.4099731445312,985.4099731445312,-0.012629201966152723,-0.03125369397812252,4
2024-12-18,982.1099853515624,993.9199829101562,977.85693,972.823,0.010050708708029554,0.0010542882728783454,52.39717835029168,897.4099731445312,985.4099731445312,0.002075347014305267,-0.02705275613333742,5
2024-12-19,993.9199829101562,991.1500244140624,983.92865,970.73413,0.010200194561053012,0.9989617147912631,56.81371059646967,897.4099731445312,993.9199829101562,-0.019580631900887508,-0.041597135021522465,1
2024-12-20,991.1500244140624,974.4860229492188,970.73413,977.34143,0.00987307089902225,1.3529263536698055,64.08156248203234,897.4099731445312,993.9199829101562,0.005085840171359418,-0.02603043482857998,2
2024-12-23,974.4860229492188,989.97998046875,977.34143,980.7031,0.010587344395281362,0.3949557611551686,48.22942634822514,897.4099731445312,993.9199829101562,-0.004464324542501597,-0.029081716438908393,3
2024-12-24,989.97998046875,990.1799926757812,980.7031,983.9223,0.011041739626154203,0.7162536148990357,57.762759708192895,903.72998046875,993.9199829101562,0.00656557970297388,-0.01026513965333265,4
2024-12-25,990.1799926757812,1000.8400268554688,983.9223,984.8706,0.010648219161443819,0.8448728355264992,56.81943698352392,911.1699829101562,993.9199829101562,0.0,-0.012317052988123382,5
2025-01-09,1000.8400268554688,1006.0700073242188,1011.0867,1012.5093,0.009025816247020198,1.1293182348564041,53.95335116754581,930.7589721679688,1010.5800170898438,0.012225389355236115,0.0729597294085199,1
2025-01-10,1006.0700073242188,1008.9400024414062,1012.5093,1000.3514,0.00881499405024327,0.9464610751026754,58.29060547952087,930.7589721679688,1010.5800170898438,-0.0011690706262276669,0.05817542837432925,2
2025-01-13,1008.9400024414062,1008.010009765625,1000.3514,1007.20703,0.008537845218502246,0.8918840186502273,72.61137975344715,930.7589721679688,1010.5800170898438,0.004900805420346145,0.04082867761393312,3
2025-01-14,1008.010009765625,1006.0999755859376,1007.20703,1011.657,0.008246473123346958,0.6760323376608621,64.62923271357197,935.7185668945312,1010.5800170898438,0.0034860233805795665,0.03605338146364766,4
2025-01-15,1006.0999755859376,1005.489990234375,1011.657,1010.3912,0.007980185444085113,0.30632737454758896,62.56841159809692,935.7185668945312,1010.5800170898438,0.011303415838173602,0.031224120797995875,5
2025-01-16,1005.489990234375,1013.0599975585938,1006.2299,1000.4493,0.0077061875653920316,-0.05816140308331086,63.34862953751338,935.7185668945312,1010.5800170898438,0.01163071682537297,0.03061106244377288,1
2025-01-17,1013.0599975585938,1000.23291015625,1000.4493,1001.9904,0.007698441168214887,0.12188691152105591,67.44949378207187,935.7185668945312,1013.0599975585938,-0.016689905700843943,0.014738613581286432,2
2025-01-20,1000.23291015625,1007.2999877929688,1001.9904,1005.1688,0.00821860568701131,-0.6681706431088195,64.46420026443607,935.7185668945312,1013.0599975585938,0.0,0.00977774314311354,3
2025-01-21,1007.2999877929688,1003.4299926757812,1005.1688,1000.0164,0.00814648881144298,-0.75373360753035,60.57072293112931,945.7733154296876,1013.0599975585938,-0.006128301580466994,0.00011593210184236907,4
2025-01-22,1003.4299926757812,990.8099975585938,1000.0164,999.6152,0.007940788092554895,-1.0895081799584094,57.21504144637216,945.7733154296876,1013.0599975585938,-0.009204786171019986,-0.02018576031546615,5
2025-01-23,990.8099975585938,987.0499877929688,1009.3153,1011.4253,0.00841631622095735,-2.1204300318301383,40.71053440339451,945.7733154296876,1013.0599975585938,0.006533654698869979,-0.025167228157144683,1
2025-01-24,987.0499877929688,966.6174926757812,1011.4253,1010.8929,0.008196417148888791,-2.9627576486668996,33.144065173159305,945.7733154296876,1013.0599975585938,-0.002212010159230562,-0.010951039186174481,2
2025-01-27,966.6174926757812,986.8499755859376,1010.8929,1009.213,0.009743746183401045,-4.699968188291887,25.422532808309384,945.7733154296876,1013.0599975585938,-0.020369261459914086,-0.030893440556739114,3
2025-01-28,986.8499755859376,994.030029296875,1009.213,1007.4159,0.010909398136118988,-4.301150484956984,41.54491104891299,945.7733154296876,1013.0599975585938,0.0040361400459950495,-0.020992781408593158,4
2025-01-29,994.030029296875,991.2999877929688,1007.4159,1005.7924,0.010690565750400458,-3.407590690353634,46.82100226967474,945.7733154296876,1013.0599975585938,0.008728571240526836,-0.003277522791118762,5
2025-01-30,991.2999877929688,983.77001953125,989.3992,992.49817,0.010340904201570647,-2.8754505550147353,42.94038571273538,945.7733154296876,1013.0599975585938,0.007138274803439134,-0.002674702122338482,1
2025-01-31,983.77001953125,987.900146484375,992.49817,993.07477,0.010195366677952006,-2.8975033041755736,38.48258388273928,945.7733154296876,1013.0599975585938,-0.006081895310409236,-0.0065267781302247845,2
2025-02-03,987.900146484375,985.1500244140624,993.07477,998.063,0.009894342227593575,-2.515033342651385,41.05984811401543,945.7733154296876,1013.0599975585938,0.007480180735855045,0.021529763102614546,3
2025-02-04,985.1500244140624,971.7000122070312,998.063,996.2916,0.00958066622445569,-2.3324152397945284,40.75542618162927,957.8364868164062,1013.0599975585938,0.011231533344878048,0.028906579234281207,4
2025-02-05,971.7000122070312,970.219970703125,996.2916,997.9606,0.009977132263907899,-2.962159498390724,36.60716661675133,957.8364868164062,1013.0599975585938,0.020964651419344747,0.041573702557784656,5
2025-02-06,970.219970703125,962.0700073242188,970.7213,971.0379,0.00963765779446929,-3.297417585513249,32.158836433144984,957.8364868164062,1013.0599975585938,0.004275338767884391,0.038596008179180456,1
2025-02-07,962.0700073242188,947.8109130859376,971.0379,974.0149,0.009585471480949806,-3.848666012819198,33.462422471137444,957.8364868164062,1013.0599975585938,0.028336209444502193,0.07496479661922238,2
2025-02-10,947.8109130859376,961.3900146484376,974.0149,975.085,0.010104820820480703,-4.8874942185230825,25.733483579558225,947.8109130859376,1013.0599975585938,0.02564242139116298,0.09466694191592809,3
2025-02-11,961.3900146484376,961.030029296875,975.085,981.43884,0.010455482615595379,-4.389762683344527,34.109894510903516,947.8109130859376,1013.0599975585938,-0.0228089383976497,0.05803105189777886,4
2025-02-12,961.030029296875,956.0,981.43884,980.0969,0.010087161421088554,-3.8345919857201674,37.59410922645458,947.8109130859376,1013.0599975585938,0.0222769264194491,0.05942039099462237,5
2025-02-13,956.0,952.4400024414062,965.32184,963.4406,0.009841880440856715,-3.561813982923548,37.20047522408849,947.8109130859376,1013.0599975585938,0.014999774021689321,0.07084321859047207,1
2025-02-14,952.4400024414062,928.5040893554688,963.4406,970.1829,0.009555310415085208,-3.378401638217447,43.21138111587681,947.8109130859376,1013.0599975585938,-0.023872587026951185,0.016370142615055504,2
2025-02-17,928.5040893554688,947.1599731445312,970.1829,970.77155,0.01151406522601423,-4.553260001273388,23.019106288360533,928.5040893554688,1013.0599975585938,0.0,-0.009360737935553285,3
2025-02-18,947.1599731445312,948.969970703125,970.77155,970.27747,0.012311132669218232,-3.7893813381934365,30.405540917699184,928.5040893554688,1013.0599975585938,-0.015473949459281645,-0.0020676954116424233,4
2025-02-19,948.969970703125,950.760009765625,970.27747,971.9256,0.011876355843125028,-2.91681198606161,32.166358011516834,928.5040893554688,1013.0599975585938,-0.006125566588133508,-0.030012727837424712,5
2025-02-20,950.760009765625,942.2899780273438,957.4676,947.9512,0.011460254210988374,-2.0164846430792007,35.386081168862745,928.5040893554688,1013.0599975585938,0.011129332905545155,-0.03375975046488873,1
2025-02-21,942.2899780273438,930.7056274414062,947.9512,944.8585,0.01132280886189642,-1.796133548948049,30.555045253260573,928.5040893554688,1013.0599975585938,-0.010471269367841866,-0.020723702939401897,2
2025-02-24,930.7056274414062,943.3300170898438,944.8585,940.7654,0.011431494175624921,-2.2081843642972334,28.414685671060624,928.5040893554688,1013.0599975585938,-0.009474510390437337,-0.02995805184596864,3
2025-02-25,943.3300170898438,941.8200073242188,940.7654,939.3017,0.01159007950880101,-1.4450339156631973,38.67816159147906,928.5040893554688,1013.0599975585938,-0.006886650883797669,-0.021592143138089753,4
2025-02-26,941.8200073242188,941.9400024414062,939.3017,938.4672,0.011187910048032303,-0.8840265152369238,38.66891224187533,928.5040893554688,1013.0599975585938,0.012405953665810794,-0.0032917144602511196,5
2025-02-27,941.9400024414062,952.239990234375,930.0549,928.72955,0.010791607866891819,-0.37308941733611967,41.41861723718035,928.5040893554688,1013.0599975585938,0.008331578098502572,-0.0060763626595096935,1
2025-02-28,952.239990234375,940.6137084960938,928.72955,942.9909,0.010799278041760407,0.7301941145089703,51.95406706398227,928.5040893554688,1013.0599975585938,-0.014404511438083157,-0.009978026799712601,2
2025-03-03,940.6137084960938,950.0999755859376,942.9909,938.4527,0.010944120561359716,0.7459654118529855,40.67297274932743,928.5040893554688,1013.0599975585938,0.013640030476108149,0.013172401591244692,3
2025-03-04,950.0999755859376,947.030029296875,938.4527,945.6112,0.010883659059272556,1.424931689137754,45.46482745486561,928.5040893554688,1013.0599975585938,-0.010764556028160344,0.009251023403499046,4
2025-03-05,947.030029296875,939.0700073242188,945.6112,946.214,0.010539810658678761,1.6794272856421824,46.21657802194408,928.5040893554688,1013.0599975585938,0.05144233767329024,0.04942760641594816,5
2025-03-06,939.0700073242188,928.510009765625,947.604,941.2582,0.010429789803940654,1.338630842578544,44.56252792533388,928.5040893554688,1013.0599975585938,0.002618996735577343,0.04344975656317446,1
2025-03-07,928.510009765625,914.76953125,941.2582,944.1969,0.010526170797260323,0.4736066161769088,50.002701725594925,928.5040893554688,1013.0599975585938,-0.020292329949920637,0.03732416465304328,2
2025-03-10,914.76953125,942.1199951171876,944.1969,946.43646,0.010935145664926493,-0.8786977392817565,34.52466005488117,914.76953125,1013.0599975585938,-0.009332316703541513,0.013766022728977697,3
2025-03-11,942.1199951171876,937.239990234375,946.43646,943.1361,0.01316329946272816,0.15880086626910206,47.36928464607355,914.76953125,1013.0599975585938,0.021430455186379798,0.04693530897151047,4
2025-03-12,937.239990234375,938.5900268554688,943.1361,936.80774,0.01277125719010328,0.5825591196458149,44.92804859284444,914.76953125,1013.0599975585938,0.01694430857674518,0.011433987840227288,5
2025-03-13,938.5900268554688,937.7000122070312,938.013,934.87445,0.012317619138280006,0.9956816267303292,48.53365340423659,914.76953125,1013.0599975585938,0.015947632797405603,0.025005265763140345,1
2025-03-14,937.7000122070312,916.7955932617188,934.87445,939.3102,0.011882135692257849,1.2352570909270408,53.02871405721245,914.76953125,1013.0599975585938,-0.005937733472506577,0.039824913300253756,2
2025-03-17,916.7955932617188,920.0,939.3102,938.69727,0.01298795103742726,0.07340976338803529,39.27884088965353,914.76953125,1013.0599975585938,0.013057342105819809,0.06336882487162808,3
2025-03-18,920.0,916.6900024414062,938.69727,937.49274,0.012553387033537226,-0.3675146463543175,41.30277285406574,914.76953125,1013.0599975585938,0.01198830020340408,0.05337558472913837,4
2025-03-19,916.6900024414062,916.2899780273438,937.49274,937.5569,0.012148076998751742,-0.7483609748383468,40.185204164911084,914.76953125,1013.0599975585938,0.01648665430651425,0.05289361319120863,5
2025-03-20,916.2899780273438,926.5499877929688,922.25934,910.6901,0.011717424961149137,-0.8841735781420859,34.86090398913085,914.76953125,1013.0599975585938,0.0017714450653270794,0.038072894515949196,1
2025-03-21,926.5499877929688,915.72509765625,910.6901,917.9571,0.011677760384477518,-0.17697058051165016,44.00860979569679,914.76953125,1013.0599975585938,0.0004915325117683023,0.044768441929863075,2
2025-03-24,915.72509765625,927.97998046875,917.9571,920.068,0.011711142420743397,-0.32364018772128667,35.52084522366157,914.76953125,1013.0599975585938,-0.00462985906017308,0.02645187424024765,3
2025-03-25,927.97998046875,919.280029296875,920.068,920.2922,0.011830940057359683,0.47582289430108204,42.55215372750252,914.76953125,1013.0599975585938,0.02322734568162919,0.03805328581196973,4
2025-03-26,919.280029296875,923.1199951171876,920.2922,910.70795,0.01169932772847872,0.4880213932934172,42.30737658051112,914.76953125,1013.0599975585938,0.0063467838469931665,0.027580744797815793,5
2025-03-27,923.1199951171876,932.72998046875,916.42126,919.45306,0.011335461901948826,0.8052941454545781,47.7893385588821,914.76953125,1013.0599975585938,-0.02298064644999868,0.002458172895057004,1
2025-03-28,932.72998046875,916.3352661132812,919.45306,917.99255,0.0112700471102967,1.663543305709661,57.62463647048335,914.76953125,1013.0599975585938,0.002938365143867073,0.004914023567330483,2
2025-03-31,916.3352661132812,940.6799926757812,917.99255,916.30316,0.011887963579753495,1.152524423656958,37.93113102383562,914.76953125,1013.0599975585938,-0.018258628772333623,-0.008688812726354047,3
2025-04-01,940.6799926757812,946.030029296875,916.30316,916.0908,0.01342838625088419,2.4073324223611294,51.361966997293024,914.76953125,1013.0599975585938,-0.00019920859062432655,-0.031641912320292516,4
2025-04-02,946.030029296875,955.3400268554688,916.0908,915.0015,0.013029966107095165,3.4854638568626637,52.85521345763851,914.76953125,1013.0599975585938,0.0008961737723840239,-0.03690569622017882,5
2025-04-03,955.3400268554688,949.0599975585938,951.42065,947.67456,0.012826016403386632,4.6411117910655655,56.35868646901863,914.76953125,1013.0599975585938,-0.04322195932757321,-0.056204018771529,1
2025-04-04,949.0599975585938,955.0399780273438,947.67456,952.68353,0.012502343210360634,4.77926746586546,63.001073298094525,914.76953125,1013.0599975585938,-0.09282933543076072,-0.1423961147916047,2
2025-04-07,955.0399780273438,990.510009765625,952.68353,950.5919,0.012167865592487375,5.043948620130767,63.81057907750013,914.76953125,1013.0599975585938,-0.050399365743322516,-0.1695218795591023,3
2025-04-08,990.510009765625,1000.8300170898438,950.5919,949.6566,0.01524969863369896,7.24454846894113,73.21103213323553,914.76953125,1013.0599975585938,-0.01000432390887126,-0.17762502225525068,4
2025-04-09,1000.8300170898438,941.6300048828124,949.6566,948.23364,0.014949632349589476,8.921657975676474,75.02084612883414,914.76953125,1013.0599975585938,0.011562180836784862,-0.16880661996348756,5
2025-04-24,941.6300048828124,936.739990234375,953.4697,957.3256,0.013109632659821307,-2.488768347624669,48.51671305753397,914.76953125,1000.8300170898438,0.0029941980225562906,0.051832539673347416,1
2025-04-25,936.739990234375,935.25,957.3256,958.298,0.012725858325169283,-3.7613843315921702,43.537169709444846,914.76953125,1000.8300170898438,-0.0029941980225562568,0.034552842210761624,2
2025-04-28,935.25,943.489990234375,958.298,947.63245,0.012283084300926297,-4.514860955392704,45.03630473955754,914.76953125,1000.8300170898438,0.0005168878655258812,0.022508648121600274,3
2025-04-29,943.489990234375,945.1900024414062,947.63245,951.25574,0.012068507255737786,-4.272217692073456,45.914980828570165,914.76953125,1000.8300170898438,-0.0031052435334028017,-0.00975261937351989,4
2025-04-30,945.1900024414062,950.72998046875,951.25574,962.23975,0.011648251564697447,-3.825574413191852,28.940524210131088,914.76953125,1000.8300170898438,-0.05607352061762226,-0.05697442543363044,5
2025-05-01,950.72998046875,947.260009765625,950.9425,956.5272,0.011336970376869036,-3.0207047497009003,25.63701952329427,914.76953125,1000.8300170898438,0.004594671450517154,-0.05546392962787922,1
2025-05-02,947.260009765625,947.9299926757812,956.5272,957.9895,0.010983323442271278,-2.601607408024634,30.477498355741403,914.76953125,1000.8300170898438,0.010099495402357292,-0.043015141441810484,2
2025-05-05,947.9299926757812,939.2999877929688,957.9895,964.3655,0.010593709976433186,-2.176142701739002,24.174004868959088,914.76953125,1000.8300170898438,0.005925177969817894,-0.03782546872315758,3
2025-05-06,939.2999877929688,938.5399780273438,964.3655,969.0804,0.010523141183776,-2.357534242697721,27.268828220299625,914.76953125,1000.8300170898438,0.017039799034740594,-0.018245868037416145,4
2025-05-07,938.5399780273438,946.030029296875,969.0804,971.41,0.010152128565644215,-2.4021646783027646,29.164747613564614,914.76953125,1000.8300170898438,-0.025344934089104907,0.012390341830550685,5
2025-05-08,946.030029296875,941.010009765625,948.8174,937.90283,0.010012895485644243,-1.8267616605659418,33.67522868617067,914.76953125,1000.8300170898438,-0.012094951453395206,-0.004365854960933389,1
2025-05-09,941.010009765625,934.3300170898438,937.90283,934.76733,0.009770724617041242,-1.6870971966757842,31.448717344952,914.76953125,1000.8300170898438,0.010902897168546432,-0.0035656393260454274,2
2025-05-12,934.3300170898438,945.8900146484376,934.76733,941.31177,0.009628800824932037,-1.9299570309679024,31.902838009810154,914.76953125,1000.8300170898438,-0.007073377887293767,-0.016434030580881873,3
2025-05-13,945.8900146484376,940.0,941.31177,948.3316,0.009849282402274296,-1.23141224353449,45.99503296997778,914.76953125,1000.8300170898438,0.022247173859377273,-0.011298875177932762,4
2025-05-14,940.0,940.72998046875,948.3316,953.62134,0.009658066555000315,-1.09024452433998,48.8685240734151,914.76953125,1000.8300170898438,-0.015173795972083464,-0.0011913440703725517,5
2025-05-15,940.72998046875,938.9199829101562,949.8073,952.77344,0.009316243122297502,-0.8808726877702044,52.93943607000831,914.76953125,1000.8300170898438,0.007238909746494404,0.018307369178190317,1
2025-05-16,938.9199829101562,941.8599853515624,952.77344,950.9103,0.009003014556442118,-0.7998152262220266,52.69099778468974,914.76953125,1000.8300170898438,-0.01934837533708332,-0.012036441071987002,2
2025-05-19,941.8599853515624,940.5800170898438,950.9103,946.25433,0.008718585142009272,-0.4984750513299585,48.70408292005931,914.76953125,1000.8300170898438,0.0169772425792154,0.012012735098903228,3
2025-05-20,940.5800170898438,942.3800048828124,946.25433,943.323,0.00841753141843396,-0.34303523538730785,46.31023890384833,914.76953125,1000.8300170898438,-0.0030260346385719466,-0.013243575430261126,4
2025-05-21,942.3800048828124,943.2000122070312,943.323,946.28143,0.00812940145168403,-0.08985390311688901,42.891215424138764,914.76953125,1000.8300170898438,0.003996732489320712,0.005855551952188467,5
2025-05-22,943.2000122070312,942.4500122070312,941.7161,936.6891,0.007838997358210122,0.1489824653383387,46.38017446384746,914.76953125,1000.8300170898438,0.002261338227305517,0.0008612740038163401,1
2025-05-23,942.4500122070312,940.219970703125,936.6891,935.082,0.007561026566258271,0.2657737305065808,45.12110297937456,914.76953125,1000.8300170898438,0.03342458026543332,0.05509821662590008,2
2025-05-26,940.219970703125,940.6300048828124,935.082,932.471,0.007321349415597406,0.20488855500781256,50.92441881145978,914.76953125,1000.8300170898438,0.0,0.03733675518572619,3
2025-05-27,940.6300048828124,938.4600219726562,932.471,928.79816,0.007055659865465476,0.2038474101385419,52.11497958704677,914.76953125,1000.8300170898438,-0.0202812436660701,0.01959083770773821,4
2025-05-28,938.4600219726562,938.9199829101562,928.79816,930.4054,0.006834542081949716,0.07525465006554466,41.41528383614509,914.76953125,1000.8300170898438,-0.014111840791877541,0.0012936701049730578,5
2025-05-29,938.9199829101562,938.4299926757812,934.80853,936.03784,0.006585104847172025,0.04112140539966669,47.35640205725542,914.76953125,1000.8300170898438,0.002043566522742006,0.001075640416875799,1
2025-05-30,938.4299926757812,921.7597045898438,936.03784,936.19165,0.006346718785392961,0.007265487563326456,56.14873993577942,914.76953125,1000.8300170898438,-0.0002148995271001742,-0.032039905709952646,2
2025-06-02,921.7597045898438,938.6599731445312,936.19165,935.68353,0.00794130864123582,-1.0572471923083215,18.6213924812169,914.76953125,1000.8300170898438,0.03837293468076727,0.005825419364221747,3
2025-06-03,938.6599731445312,939.6099853515624,935.68353,934.50885,0.00907756289181646,-0.5671478717078777,48.64535682245319,914.76953125,1000.8300170898438,-0.00518450319141898,0.02112530328766563,4
2025-06-04,939.6099853515624,937.6500244140624,934.50885,934.45776,0.008764370456110683,-0.14495513596600906,48.87280304091313,915.72509765625,1000.8300170898438,0.011370771023053533,0.047480617966164276,5
2025-06-05,937.6500244140624,930.260009765625,939.6936,938.0408,0.008482664819381988,0.027165721328144876,48.725721837821695,915.72509765625,1000.8300170898438,0.010022539816397101,0.05587187011257291,1
2025-06-06,930.260009765625,931.0900268554688,938.0408,939.77496,0.008475419113371347,-0.31307174825772144,39.31478907764479,915.72509765625,1000.8300170898438,-0.017140032791401298,0.03815148098800861,2
2025-06-09,931.0900268554688,935.719970703125,939.77496,937.82367,0.008184638461572236,-0.4313129048437263,41.18531452673583,915.72509765625,1000.8300170898438,0.016325676622677046,0.015513556447825906,3
2025-06-10,935.719970703125,937.6900024414062,937.82367,938.40814,0.008006767928712806,-0.1607271786946658,44.12286201183642,915.72509765625,1000.8300170898438,-0.005207608171614772,0.015490093298274395,4
2025-06-11,937.6900024414062,933.6099853515624,938.40814,939.9899,0.007748549995976496,0.1700001068091912,45.23442514949825,915.72509765625,1000.8300170898438,-0.01714026613943747,-0.013053741787069396,5
2025-06-12,933.6099853515624,929.6099853515624,934.4849,936.3611,0.0075830400592328895,0.13459823894917866,42.77073494075718,915.72509765625,1000.8300170898438,0.004260792393544969,-0.018723926075535434,1
2025-06-13,929.6099853515624,913.9111328125,936.3611,936.576,0.007422970756694276,-0.12363073760040066,41.5674000655847,915.72509765625,1000.8300170898438,-0.0038443294507411077,-0.005590051932799723,2
2025-06-16,913.9111328125,935.7999877929688,936.576,939.99695,0.008544298421514399,-1.2542982982756539,32.91617819918234,913.9111328125,1000.8300170898438,0.004880837537628862,-0.01690603544999363,3
2025-06-17,935.7999877929688,945.02001953125,939.99695,939.3267,0.010391053266554526,-0.470903517968313,48.64170612332418,913.9111328125,1000.8300170898438,-0.005401492987357544,-0.017096623965461525,4
2025-06-18,945.02001953125,942.760009765625,939.3267,941.8561,0.01035261662872609,0.6637001889712089,52.85908078477324,913.9111328125,1000.8300170898438,0.009227140365298444,0.00916468878405733,5
2025-06-19,942.760009765625,940.5800170898438,945.2074,941.7108,0.010010780321584915,1.2248149096221628,51.996350777823494,913.9111328125,1000.8300170898438,0.0,0.004873994923362875,1
2025-06-20,940.5800170898438,939.5,941.7108,946.6414,0.009682558616190183,1.3993781859465186,60.01527860060493,913.9111328125,1000.8300170898438,-0.0039291905707601535,0.004788723808827911,2
2025-06-23,939.5,947.8900146484376,946.6414,947.59814,0.009351187304832252,1.3895160165158145,50.53752941902455,913.9111328125,1000.8300170898438,0.0035163385627902445,0.00341862558664852,3
2025-06-24,947.8900146484376,935.4400024414062,947.59814,946.9889,0.009323479981101236,1.865764855562976,54.8377226828786,913.9111328125,1000.8300170898438,0.004943401982937207,0.013852762854439359,4
2025-06-25,935.4400024414062,936.9299926757812,946.9889,949.2608,0.009694241689411088,1.287518622757526,48.8497593672073,913.9111328125,1000.8300170898438,0.009407022913502858,0.0140351536768969,5
2025-06-26,936.9299926757812,930.75,937.9911,937.66693,0.009363218122700221,0.9653318049528326,53.69865072236071,913.9111328125,1000.8300170898438,0.030568031659263944,0.04551083630942393,1
2025-06-27,930.75,919.1043090820312,937.66693,936.38025,0.009220909000948001,0.328847055855755,49.822008571448656,913.9111328125,1000.8300170898438,0.0005921175328644001,0.050248615334513205,2
2025-06-30,919.1043090820312,931.1400146484376,936.38025,937.41846,0.009539685541779442,-0.8208255672317635,41.89744801652948,913.9111328125,1000.8300170898438,-0.007624898296181614,0.03861248754123834,3
2025-07-01,931.1400146484376,928.1300048828124,937.41846,934.7163,0.009830522182254182,-0.7187244419127854,47.09145853942792,913.9111328125,1000.8300170898438,0.003572071455522733,0.037189182664681984,4
2025-07-02,928.1300048828124,925.760009765625,934.7163,935.095,0.009531317374003517,-0.7959323762528938,47.54325248153828,913.9111328125,1000.8300170898438,0.019810456383350664,0.048035834704737546,5
2025-07-03,925.760009765625,927.2899780273438,924.8698,917.2302,0.00922899113206968,-0.9388220573372119,48.24840552086324,913.9111328125,1000.8300170898438,-0.010150398354574054,0.006218604453699726,1
2025-07-04,927.2899780273438,930.0,917.2302,927.9908,0.00891770676393417,-0.8643629544283438,56.98778089126488,913.9111328125,988.8900146484376,-0.015521100680582477,-0.009864889083736028,2
2025-07-07,930.0,940.9400024414062,927.9908,928.8174,0.00864091924789813,-0.580298784643241,46.21170624906817,913.9111328125,988.8900146484376,-0.006797970921758149,-0.009045780631216718,3
2025-07-08,940.9400024414062,943.22998046875,928.8174,926.345,0.008896873588560856,0.346791412254134,47.39367388776818,913.9111328125,971.260009765625,0.12443711051778991,0.11826468675963543,4
2025-07-09,943.22998046875,948.9400024414062,926.345,925.2852,0.0086108818122731,1.0755035075475687,50.300103672177656,913.9111328125,968.9500122070312,-0.03634795017511664,0.05719554564282536,5
2025-07-10,948.9400024414062,949.5599975585938,943.72705,937.75,0.008461408620071604,1.8574836845011669,55.108053397935116,913.9111328125,968.9500122070312,0.01901523296442158,0.0884833678604466,1
2025-07-11,949.5599975585938,937.8051147460938,937.75,940.1811,0.008171891232619678,2.302791366295598,56.18153165080117,913.9111328125,968.9000244140624,0.002520242449624556,0.10829928518606531,2
2025-07-14,937.8051147460938,967.97998046875,940.1811,946.54346,0.008592944829506885,1.7187511592066163,44.04924228509437,913.9111328125,961.1500244140624,-0.008486090965581885,0.10642992124748905,3
2025-07-15,967.97998046875,966.8400268554688,946.54346,945.5314,0.01183429421553471,3.1920932043007477,65.87918316482228,913.9111328125,967.97998046875,0.0056053193852702386,-0.017537639937346385,4
2025-07-16,966.8400268554688,967.4299926757812,945.5314,946.04535,0.011417748602860213,3.872013523360909,64.64583129107916,913.9111328125,967.97998046875,-0.008965419068541565,0.009736377861406166,5
2025-07-17,967.4299926757812,964.4500122070312,973.0932,970.8759,0.01101380103468518,4.120564243833078,69.0010313639614,913.9111328125,967.97998046875,-0.0019121251718409395,-0.011175162112175514,1
2025-07-18,964.4500122070312,963.3900146484376,970.8759,980.1897,0.010662776933033396,3.8484941859119246,75.80702531988527,913.9111328125,967.97998046875,0.016630897874152062,0.0028767118707508916,2
2025-07-21,963.3900146484376,953.6199951171876,980.1897,983.99023,0.010295766322440942,3.378128799381005,70.97434415479249,913.9111328125,967.97998046875,0.005809515450518906,0.017316408827306524,3
2025-07-22,953.6199951171876,950.22998046875,983.99023,988.4846,0.010318713493794764,2.2445803803456457,65.23798264971353,913.9111328125,967.97998046875,0.01529990821973815,0.027226834256098353,4
2025-07-23,950.22998046875,948.0599975585938,988.4846,973.75525,0.010010367188049443,1.1568253198004923,64.45196472549212,913.9111328125,967.97998046875,0.01705576477175168,0.054307297408622335,5
2025-07-24,948.0599975585938,949.75,959.00037,952.67303,0.009686406462358924,0.23001750331110493,62.17473435655254,913.9111328125,967.97998046875,-0.003110981742288766,0.05304409153048228,1
2025-07-25,949.75,936.902587890625,952.67303,959.0025,0.009361857980696458,-0.30151591036360337,61.71694289989122,913.9111328125,967.97998046875,-0.0023395420911621516,0.03325567276353716,2
2025-07-28,936.902587890625,958.5599975585938,959.0025,965.30707,0.009763772664697775,-1.4844917450591302,47.65776094849546,913.9111328125,967.97998046875,-0.02967166185911239,-0.0027626894313318353,3
2025-07-29,958.5599975585938,960.239990234375,965.30707,968.0975,0.011203171412017819,-0.8083649474404409,57.26165935683082,913.9111328125,967.97998046875,0.0015180785029724258,-0.0164121707724854,4
2025-07-30,960.239990234375,981.4299926757812,968.0975,965.8234,0.010817818701688148,-0.2755019749899841,55.56515450195596,913.9111328125,967.97998046875,-0.005996298009491309,-0.038826557665286816,5
2025-07-31,981.4299926757812,972.2000122070312,960.90515,956.5645,0.01193722961222483,1.3853436188276715,63.051365829565746,913.9111328125,981.4299926757812,-0.25171204689975507,-0.25038944728076956,1
2025-08-01,972.2000122070312,946.9133911132812,956.5645,960.55774,0.011801732049229914,1.7216328755854606,64.3827959579955,913.9111328125,981.4299926757812,0.018758362788043485,-0.2344062217256714,2
2025-08-04,946.9133911132812,966.280029296875,960.55774,962.89374,0.013434797216264354,0.18146579964242449,40.815162173971586,913.9111328125,981.4299926757812,0.0005664247692132296,-0.21090256882712116,3
2025-08-05,966.280029296875,966.3499755859376,962.89374,957.4436,0.014034536977417088,0.3951634421492711,49.78932890637019,913.9111328125,981.4299926757812,-0.011618793284061735,-0.22120104760364112,4
2025-08-06,966.3499755859376,974.3499755859376,957.4436,962.81146,0.013526800022354256,0.4645766750997513,49.59210159309747,913.9111328125,981.4299926757812,0.006167912535331675,-0.21166972016508326,5
2025-08-07,974.3499755859376,969.8300170898438,963.3443,965.1355,0.013219191477007418,0.9449351165864313,53.602396489484086,913.9111328125,981.4299926757812,-0.002850748171675486,0.011084137503954374,1
2025-08-08,969.8300170898438,967.780029296875,965.1355,966.9499,0.01281290445669777,0.8565366696081771,52.2858290427867,913.9111328125,981.4299926757812,0.017433119829275943,0.009745092845735045,2
2025-08-11,967.780029296875,968.6900024414062,966.9499,966.3482,0.01237277213621775,0.5719619558960183,55.31740603695806,913.9111328125,981.4299926757812,-0.00720806458524645,0.0019252772945803865,3
2025-08-12,968.6900024414062,956.3499755859376,966.3482,967.8284,0.011936534813936221,0.3669398105205257,57.06371682821366,913.9111328125,981.4299926757812,0.019033274217507272,0.03311188376798834,4
2025-08-13,956.3499755859376,952.6199951171876,967.8284,967.24347,0.012031236844594815,-0.6238931022036995,52.94309095297967,913.9111328125,981.4299926757812,-0.005895178664802649,0.020724227824573435,5
2025-08-14,952.6199951171876,965.510009765625,956.30176,953.9706,0.011658807732965605,-1.504420857316533,51.00435214993134,913.9111328125,981.4299926757812,-0.0039121324246721165,0.019641421940717097,1
2025-08-15,965.510009765625,963.5999755859376,953.9706,961.0988,0.011793452145868863,-1.2055746161914733,60.00815678101819,913.9111328125,981.4299926757812,0.0030193399399282292,0.005049946697623178,2
2025-08-18,963.5999755859376,963.6900024414062,961.0988,958.7594,0.011393426812973046,-1.1249424084608934,52.04589139419915,913.9111328125,981.4299926757812,-0.00470071048434155,0.00757312473158709,3
2025-08-19,963.6900024414062,963.0399780273438,958.7594,967.6203,0.010993839327613372,-1.055106208863502,51.41878666819945,913.9111328125,981.4299926757812,-0.010827956116400377,-0.02206946370231232,4
2025-08-20,963.0399780273438,965.77001953125,967.6203,958.31555,0.010611726401831334,-1.040521209643119,40.89992582265572,913.9111328125,981.4299926757812,0.003848380140796914,-0.012494368012545436,5
2025-08-21,965.77001953125,970.4299926757812,960.4566,959.2441,0.010265271357981933,-0.8432516934379484,46.59944467290769,913.9111328125,981.4299926757812,0.0012418493801091871,-0.0073916435742335815,1
2025-08-22,970.4299926757812,959.52001953125,959.2441,959.0318,0.009983896257731432,-0.4167345853716711,65.90751826927053,913.9111328125,981.4299926757812,0.003604074293522632,-0.006811061642008607,2
2025-08-25,959.52001953125,962.1300048828124,959.0318,962.78326,0.010117182736815304,-0.8615760350994153,44.83653085885633,913.9111328125,981.4299926757812,0.004262868581374833,0.0021314846700646027,3
2025-08-26,962.1300048828124,966.0499877929688,962.78326,961.5613,0.009787829354236359,-0.9644729517762789,46.897080365349076,913.9111328125,981.4299926757812,-0.0035886086139926654,0.009412586143516415,4
2025-08-27,966.0499877929688,968.1699829101562,961.5613,958.05255,0.00950367996783685,-0.7618524205556865,43.50751719956254,913.9111328125,981.4299926757812,-0.00812182105277228,-0.0025982560861105976,5
2025-08-28,968.1699829101562,967.8200073242188,972.3871,965.84314,0.009188305545232263,-0.49149577498493713,48.65081790258188,913.9111328125,981.4299926757812,0.011038585829641259,0.007221045955739741,1
2025-08-29,967.8200073242188,965.9600219726562,965.84314,969.50916,0.00886939668341268,-0.3493635289910997,50.03341526450095,913.9111328125,981.4299926757812,0.0122468306693877,0.015963938997440145,2
2025-09-01,965.9600219726562,966.9600219726562,969.50916,973.0338,0.008579172895265219,-0.39061968516248946,47.75384269265688,913.9111328125,981.4299926757812,0.0,0.01164223621210304,3
2025-09-02,966.9600219726562,973.1400146484376,973.0338,970.3352,0.008282612084649369,-0.3612495381420433,60.732397287929615,913.9111328125,981.4299926757812,0.0112237356170585,0.026738559202860702,4
2025-09-03,973.1400146484376,967.9099731445312,970.3352,968.8975,0.0081668177770993,0.04224656775312807,69.77642405547289,913.9111328125,981.4299926757812,-0.0024102020135148045,0.03261967807309602,5
2025-09-04,967.9099731445312,971.739990234375,971.0348,975.3501,0.008026306425156317,-0.06917236987087305,52.71366085070966,913.9111328125,981.4299926757812,-0.015586431517168008,0.005488942099886781,1
2025-09-05,971.739990234375,966.7100219726562,975.3501,976.24304,0.007812997292695812,0.08086011493817047,58.82099270065254,913.9111328125,981.4299926757812,-0.0012262060033473832,-0.007967196219578743,2
2025-09-08,966.7100219726562,970.0399780273438,976.24304,976.66266,0.007681698757439038,-0.17870752775192367,52.95616888160267,919.1043090820312,981.4299926757812,0.001783104664788798,-0.006196719896335799,3
2025-09-09,970.0399780273438,966.6699829101562,976.66266,974.976,0.007466323350456886,-0.14747948017027213,56.51043026696122,919.1043090820312,981.4299926757812,0.0023355300255342216,-0.014990708484330898,4
2025-09-10,966.6699829101562,961.3900146484376,974.976,975.05493,0.007275599609049998,-0.3628624493452297,50.82717463622828,919.1043090820312,981.4299926757812,0.010827696674733928,-0.0018645656890414898,5
2025-09-11,961.3900146484376,952.3400268554688,965.3205,965.65497,0.007191734008703538,-0.8425886821431847,41.78480106939426,919.1043090820312,981.4299926757812,0.008861649127066629,0.02283867285421701,1
2025-09-12,952.3400268554688,939.7928466796876,965.65497,965.7932,0.007426662781941129,-1.7015255185533626,43.246790076822336,919.1043090820312,981.4299926757812,-0.00043574574458165135,0.02364750580927535,2
2025-09-15,939.7928466796876,951.0700073242188,965.7932,966.38824,0.00804686004298367,-2.972421853438853,32.29936292177679,919.1043090820312,981.4299926757812,0.014496124151625057,0.03674422955889191,3
2025-09-16,951.0700073242188,947.260009765625,966.38824,967.7896,0.008390850733883543,-2.9077154112445047,39.36899755874011,919.1043090820312,981.4299926757812,-0.004844718213337427,0.02932680995512264,4
2025-09-17,947.260009765625,951.6400146484376,967.7896,968.8714,0.008180567956508523,-2.965470960502576,35.508214390559814,919.1043090820312,981.4299926757812,-0.01347256315564885,0.004615364300429615,5
2025-09-18,951.6400146484376,955.0599975585938,946.74066,941.95264,0.00798883661127908,-2.5675299415476878,39.379618745888635,919.1043090820312,981.4299926757812,-0.00658479329356115,-0.010783136885352353,1
2025-09-19,955.0599975585938,954.9400024414062,941.95264,946.4221,0.007769009707341239,-1.9602423071405364,42.98891801023557,919.1043090820312,981.4299926757812,0.006147083897539443,-0.0042498105017862815,2
2025-09-22,954.9400024414062,955.7899780273438,946.4221,943.7648,0.007503642520631182,-1.4750206301130477,42.17999015232135,925.760009765625,981.4299926757812,0.0008751230140683835,-0.017720971340503936,3
2025-09-23,955.7899780273438,948.0900268554688,943.7648,943.19763,0.007249828548820232,-1.0264805178345546,37.87121763565898,925.760009765625,981.4299926757812,0.0025115780623503393,-0.010468392426800657,4
2025-09-24,948.0900268554688,952.010009765625,943.19763,945.3704,0.007353441969631177,-1.1677417083232267,36.60708393823409,925.760009765625,981.4299926757812,0.0359897946923935,0.039706837475414876,5
2025-09-25,952.010009765625,959.1300048828124,951.02246,948.65326,0.007182640623107959,-0.9270552176146505,36.684066653814355,927.2899780273438,981.4299926757812,-0.011108339286396362,0.035014297239563265,1
2025-09-26,959.1300048828124,959.510009765625,948.65326,949.92664,0.007211945561499578,-0.25325825384049905,45.02454654789872,930.0,981.4299926757812,0.0032924609806411808,0.032063934796977035,2
2025-09-29,959.510009765625,964.9400024414062,949.92664,949.0938,0.006967514571308315,0.22712920934691327,42.80977406945872,936.902587890625,981.4299926757812,0.026266398390743108,0.058604882695763916,3
2025-09-30,964.9400024414062,961.260009765625,949.0938,950.7644,0.006892113829676926,0.8828693897517046,48.85103319453632,936.902587890625,981.4299926757812,-0.007464320808828171,0.04809684813175413,4
2025-10-01,961.260009765625,959.5499877929688,950.7644,952.02844,0.0067479953350375954,1.0307520518704227,49.911782393256615,936.902587890625,981.4299926757812,0.005293001339195736,0.016412428769158143,5
2025-10-02,959.5499877929688,961.469970703125,960.22705,961.31696,0.006542763863563643,0.9759368424864083,55.43375063478397,936.902587890625,981.4299926757812,0.013876902206789601,0.042127651544435034,1
2025-10-03,961.469970703125,947.3361206054688,961.31696,960.91327,0.006342119987433836,1.026382111800595,69.45286722724418,936.902587890625,981.4299926757812,0.03214425535149481,0.07263285307489423,2
2025-10-06,947.3361206054688,961.4299926757812,960.91327,959.0047,0.007358916809506638,0.11330073522825157,46.812660992505776,936.902587890625,981.4299926757812,-0.014136641324961854,0.030159038634841144,3
2025-10-07,961.4299926757812,959.1099853515624,959.0047,958.81494,0.00812287535682058,0.4453338065425907,60.28933762231167,936.902587890625,981.4299926757812,0.012157573009370483,0.05057232865741804,4
2025-10-08,959.1099853515624,950.469970703125,958.81494,959.2657,0.007875944543641659,0.49186432668899305,55.59149570728374,936.902587890625,981.4299926757812,-0.00039624630372070505,0.044612332535692696,5
2025-10-09,950.469970703125,950.4600219726562,955.3194,955.19055,0.008003995065455564,-0.04744098892360049,46.81326206399155,936.902587890625,981.4299926757812,0.005829193522269696,0.03623933371301177,1
2025-10-10,950.4600219726562,947.030029296875,955.19055,958.9387,0.007730680568250563,-0.37480680797230237,46.88490443362131,936.902587890625,981.4299926757812,-0.045755712154609496,-0.04141959453758439,2
2025-10-13,947.030029296875,956.5499877929688,958.9387,956.65955,0.007537988184276416,-0.7695769535567907,44.11986184914024,936.902587890625,981.4299926757812,0.050669262739308656,0.022759197617018966,3
2025-10-14,956.5499877929688,960.8499755859376,956.65955,955.453,0.007747166374719164,-0.357710669928472,55.54332663586686,936.902587890625,981.4299926757812,-0.023808263054996025,-0.013371560913445458,4
2025-10-15,960.8499755859376,959.1199951171876,955.453,957.96625,0.007572575548586702,0.20583794872534944,55.763619722233344,936.902587890625,981.4299926757812,-0.0017081338268076546,-0.014665057805874357,5
2025-10-16,959.1199951171876,954.969970703125,967.97314,966.89105,0.00733610188500177,0.4496283329090742,49.99298029345814,936.902587890625,981.4299926757812,-0.002819727655700685,-0.02315039465544041,1
2025-10-17,954.969970703125,960.6500244140624,966.89105,967.9357,0.007193256877834743,0.32475421084259537,46.97603397977736,936.902587890625,981.4299926757812,-0.005359277641309777,0.017118735064109204,2
2025-10-20,960.6500244140624,950.5499877929688,967.9357,974.22766,0.0071215110354385484,0.6019468668455574,47.15207798995945,939.7928466796876,981.4299926757812,0.013394668513055687,-0.020096061112937248,3
2025-10-21,950.5499877929688,950.9500122070312,974.22766,972.29926,0.007467925215681848,0.10819583445483438,43.44854468107985,939.7928466796876,981.4299926757812,-0.013698908181214555,-0.010139622662464027,4
2025-10-22,950.9500122070312,949.75,972.29926,971.74817,0.0072162028854509085,-0.17304175614279838,44.65360074309721,939.7928466796876,981.4299926757812,0.0062683731636311866,-0.002212420782887569,5
2025-10-23,949.75,946.9400024414062,949.07715,947.61414,0.006985030689915651,-0.40805330128799033,42.648162385177784,939.7928466796876,974.3499755859376,0.024097514963004135,0.025010002231266974,1
2025-10-24,946.9400024414062,930.953857421875,947.61414,950.37787,0.006805080241144282,-0.7035870310591443,49.71037181297427,939.7928466796876,974.3499755859376,0.002260402648139722,0.03285008226081634,2
2025-10-27,930.953857421875,939.9000244140624,950.37787,949.6423,0.008045157023518979,-1.8608298590926444,28.31688241756811,930.953857421875,974.3499755859376,0.009185120348577347,0.028511388470005342,3
2025-10-28,939.9000244140624,942.0999755859376,949.6423,950.99146,0.008169841100458222,-1.9021475607219238,37.51015898816474,930.953857421875,974.3499755859376,0.0,0.042697818997057636,4
2025-10-29,942.0999755859376,940.510009765625,950.99146,951.8013,0.007911437632127257,-1.66805142419599,44.060655513342326,930.953857421875,974.3499755859376,0.01792990668350266,0.0549284499159023,5
2025-10-30,940.510009765625,942.02001953125,942.3206,937.8442,0.0076591835556507745,-1.5116647577658537,43.09432613117736,930.953857421875,973.1400146484376,-0.03016277423724716,-0.0007870346826330495,1
2025-10-31,942.02001953125,928.7900390625,937.8442,942.6566,0.007410349720435427,-1.2109043396322678,46.42766371539686,930.953857421875,973.1400146484376,-0.002464690218088246,-0.005497271819360028,2
2025-11-03,928.7900390625,938.530029296875,942.6566,941.4441,0.008129909234549055,-1.7733314545392913,31.200683823426132,928.7900390625,973.1400146484376,-0.003658812833263493,-0.018188918603281323,3
2025-11-04,938.530029296875,946.3900146484376,941.4441,944.0481,0.008321542795674947,-1.3773727843778962,35.92198324912722,928.7900390625,973.1400146484376,-0.024266670048338407,-0.0417274482139362,4
2025-11-05,946.3900146484376,943.4199829101562,944.0481,946.7365,0.0083297497802049,-0.5183114873316859,42.547054384119306,928.7900390625,973.1400146484376,0.007483036775056278,-0.05168628697970788,5
2025-11-06,943.4199829101562,942.0,952.46027,952.57324,0.008093912962380387,-0.1039849013214269,43.143157578924274,928.7900390625,973.1400146484376,-0.0035323091084347048,-0.026092983432397396,1
2025-11-07,942.0,929.9956665039062,952.57324,955.1915,0.007831371997716616,0.10902839711203427,38.33823625946694,928.7900390625,973.1400146484376,-0.0015176195049082092,-0.025170187712219842,2
2025-11-10,929.9956665039062,937.4400024414062,955.1915,956.8298,0.008333684311641448,-0.49102110730567006,37.44645128390184,928.7900390625,973.1400146484376,0.029727812977192947,0.007925492846686696,3
2025-11-11,937.4400024414062,935.6300048828124,956.8298,954.82025,0.008315833998705238,-0.32693925430914916,42.402499869569674,928.7900390625,973.1400146484376,-0.007597063291670923,0.024868034884034967,4
2025-11-12,935.6300048828124,929.52001953125,954.82025,955.4872,0.00805139556554826,-0.2823608952530403,42.113573917134254,928.7900390625,973.1400146484376,0.00808840261445958,0.025488642810716573,5
2025-11-13,929.52001953125,929.3800048828124,931.3333,930.0418,0.007984863878843862,-0.5887935000709756,40.61634283001391,928.7900390625,973.1400146484376,-0.00039301465230442604,0.028713012096169634,1
2025-11-14,929.3800048828124,918.2572631835938,930.0418,930.74567,0.007714250761416451,-0.7168377105118209,48.97768234489992,928.7900390625,973.1400146484376,-0.007497343296060943,0.022579947714006256,2
2025-11-17,918.2572631835938,923.3699951171876,930.74567,930.00134,0.008143354441237993,-1.4256174068043563,36.3282349448458,918.2572631835938,973.1400146484376,-0.009851313783992953,-0.017102397290192584,3
2025-11-18,923.3699951171876,931.9000244140624,930.00134,931.15405,0.007997003943500561,-1.421876183367936,38.588199069122695,918.2572631835938,973.1400146484376,-0.007528247203173337,-0.01703475579439549,4
2025-11-19,931.9000244140624,931.9500122070312,931.15405,930.6183,0.008095245878089912,-0.7504120946515682,45.163155137274636,918.2572631835938,973.1400146484376,0.009126948000411297,-0.016013371490300174,5
2025-11-20,931.9500122070312,930.1500244140624,934.32904,932.29974,0.00782000354664686,-0.23509760389116785,44.24861066858721,918.2572631835938,973.1400146484376,-0.009731717101725797,-0.02515975567567426,1
2025-11-21,930.1500244140624,938.5700073242188,932.29974,936.21063,0.007576970195264582,0.03780642184875305,50.89338553101943,918.2572631835938,973.1400146484376,0.009831592742830271,-0.008119593913595539,2
2025-11-24,938.5700073242188,940.6400146484376,936.21063,935.9457,0.007695466547415848,0.796594670478723,50.0267253781743,918.2572631835938,973.1400146484376,-0.009327625128735287,-0.007600021362304687,3
2025-11-25,940.6400146484376,934.9600219726562,935.9457,934.7062,0.007455712708157957,1.4130925954608733,45.83358394571208,918.2572631835938,973.1400146484376,0.007529003250223698,0.00745585929321252,4
2025-11-26,934.9600219726562,925.7000122070312,934.7062,940.3103,0.007397748256183212,1.410280243809046,44.1016065173061,918.2572631835938,971.739990234375,0.02078460076161925,0.01926915372923704,5
2025-11-27,925.7000122070312,926.8800048828124,937.6155,941.549,0.0076494368959176,0.7877609958704443,39.7554117452999,918.2572631835938,971.739990234375,0.0,0.02923681534878243,1
2025-11-28,926.8800048828124,927.5700073242188,941.549,935.26843,0.0073976566335544345,0.47391605810222615,47.73339821982483,918.2572631835938,970.0399780273438,0.015743829246684975,0.03533993057228265,2
2025-12-01,927.5700073242188,929.2999877929688,935.26843,942.761,0.007151638828196861,0.3376442855645392,42.03717527767225,918.2572631835938,970.0399780273438,0.006439489345742295,0.05179362656480815,3
2025-12-02,929.2999877929688,923.4600219726562,942.761,942.1875,0.006928228468388516,0.3854149328259746,44.88652443804586,918.2572631835938,966.6699829101562,-0.011175470790599912,0.032303227051274946,4
2025-12-03,923.4600219726562,918.4500122070312,942.1875,940.34235,0.006921244208269537,0.06206086107006925,45.08320036922922,918.2572631835938,964.9400024414062,0.028084817441979566,0.03986683869984172,5
2025-12-04,918.4500122070312,917.22998046875,919.84564,922.26953,0.0068597959283579505,-0.42413183270103616,41.781394652952365,918.2572631835938,964.9400024414062,-0.003113356145866483,0.03663439736823619,1
2025-12-05,917.22998046875,921.3800048828124,922.26953,923.4837,0.006645211667965774,-0.7440673697751548,49.09238957523337,917.22998046875,964.9400024414062,0.016958269780918606,0.03789409295744963,2
2025-12-08,921.3800048828124,922.6900024414062,923.4837,926.4619,0.006531529802941603,-0.5986242741888326,48.211405662675,917.22998046875,964.9400024414062,-0.0032568630065428986,0.027878939822582584,3
2025-12-09,922.6900024414062,925.6799926757812,926.4619,925.6368,0.006326005096924739,-0.34899472822232536,40.48747461069759,917.22998046875,964.9400024414062,-0.023386275095255215,0.015404030581514997,4
2025-12-10,925.6799926757812,923.3300170898438,925.6368,929.855,0.0061746433619969876,0.06085951050174376,43.89481741743318,917.22998046875,964.9400024414062,0.006656519081847274,-0.006122883664581537,5
2025-12-11,923.3300170898438,913.75,929.7554,928.5162,0.0060186622497811785,0.20873139147855735,43.42966075483741,917.22998046875,964.9400024414062,0.028313075901739357,0.02560709664163906,1
2025-12-12,913.75,909.75,928.5162,928.6555,0.006487603448715061,-0.2772339814335911,26.611375361627083,913.75,964.9400024414062,-0.02679770979515132,-0.01830170484789763,2
2025-12-15,909.75,913.8300170898438,928.6555,930.518,0.006393896567454268,-0.7782656306887432,21.913056797446217,909.75,964.9400024414062,0.01035592520255418,-0.004846681455181308,3
2025-12-16,913.8300170898438,913.4400024414062,930.518,926.52124,0.0062926922212614336,-0.745053984023758,30.21165097823129,909.75,964.9400024414062,-0.009693707758661334,0.008873238475449722,4
2025-12-17,913.4400024414062,894.8400268554688,926.52124,929.3105,0.006090260509366401,-0.6622988528759963,36.23090253024337,909.75,964.9400024414062,0.0143657579386246,0.01668094029705722,5
2026-01-08,894.8400268554688,896.489990234375,895.78326,897.28253,0.00693936162178047,-0.6601656259761768,35.24280401348153,893.4299926757812,960.8499755859376,-0.010817465155150153,0.020692699547030118,1
2026-01-09,896.489990234375,894.6300048828125,897.28253,895.86743,0.006724615136175823,-0.5445115292769174,32.756638792370794,893.4299926757812,960.6500244140624,0.018790451803464538,0.038209283664598484,2
2026-01-12,894.6300048828125,883.6699829101562,895.86743,897.9056,0.0065313897217167734,-0.49947931598776485,35.646401148690515,893.4299926757812,960.6500244140624,0.021874933032647856,0.010211856709487977,3
2026-01-13,883.6699829101562,885.5499877929688,897.9056,899.08575,0.007151631099419052,-1.0806768574975836,30.016597349768986,883.6699829101562,960.6500244140624,-0.002509469057374457,-0.006738235477985919,4
2026-01-14,885.5499877929688,881.3400268554688,899.08575,903.7386,0.006933247145404376,-1.202032143290868,32.32324331283404,883.6699829101562,950.9500122070312,0.006511423888848364,0.03442930086758259,5
2026-01-15,881.3400268554688,882.510009765625,891.7224,892.9678,0.00683280362856859,-1.4147132841956154,31.309366569244546,881.3400268554688,950.9500122070312,-0.01020329524776686,0.035064811351222,1
2026-01-16,882.510009765625,886.1900024414062,892.9678,894.29535,0.006615048062753778,-1.3269267393939117,34.122037703768456,881.3400268554688,949.75,-0.0271818592347448,-0.011442299815128397,2
2026-01-19,886.1900024414062,887.2899780273438,894.29535,898.3567,0.006488152484435801,-0.8922074921060812,36.145931731726726,881.3400268554688,946.9400024414062,0.0,-0.03283212982080563,3
2026-01-20,887.2899780273438,884.6099853515625,898.3567,899.6105,0.006283833083719008,-0.4254433913196394,28.109720742374307,881.3400268554688,946.3900146484376,-0.002681326556787939,-0.032998330590654296,4
2026-01-21,884.6099853515625,874.3499755859375,899.6105,895.9562,0.0061406349175571065,-0.20332181484729261,34.6546037960407,881.3400268554688,946.3900146484376,-0.007563600184284361,-0.046513565616810186,5
2026-01-22,874.3499755859375,871.25,888.215,882.17596,0.006735317489357893,-0.6294569840068043,28.89327644453138,874.3499755859375,946.3900146484376,0.0022663907619747447,-0.0345494498094415,1
2026-01-23,871.25,870.0399780273438,882.17596,887.1955,0.0065894547884264385,-0.9811968987910706,19.243633037774117,871.25,946.3900146484376,0.028920358078275955,0.02116264081050704,2
2026-01-26,870.0399780273438,864.5900268554688,887.1955,885.4791,0.006387750789700325,-1.1450197513215485,19.706774731907856,870.0399780273438,946.3900146484376,0.012274291330000235,0.033773927530305545,3
2026-01-27,864.5900268554688,859.75,885.4791,886.24194,0.006416546117888088,-1.4504446097751327,21.513198192332368,864.5900268554688,946.3900146484376,-0.026329633060980427,0.009613724717015762,4
2026-01-28,859.75,862.4400024414062,886.24194,880.98193,0.0063972971474177175,-1.7863821848445909,17.53920996258836,859.75,946.3900146484376,0.010920700845244964,0.028449273413167116,5
2026-01-29,862.4400024414062,859.1599731445312,858.2206,859.7888,0.006241184408083304,-1.6392137322114824,19.095982353064997,859.75,946.3900146484376,0.046909494425695066,0.07540271670557619,1
2026-01-30,859.1599731445312,865.9299926757812,859.7888,861.0984,0.006132317866546583,-1.5742159729846161,18.61611757297817,859.1599731445312,943.4199829101562,-0.04614611810401607,-0.0023684553371519567,2
2026-02-02,865.9299926757812,865.1099853515625,861.0984,864.2842,0.0062843170325334805,-0.9191699083183593,33.04662801413889,859.1599731445312,942.0,-0.01632724135572056,-0.0304980541634082,3
2026-02-03,865.1099853515625,860.0399780273438,864.2842,866.43744,0.0060887238111846445,-0.41091440213928543,30.062404520844964,859.1599731445312,940.6400146484376,0.04400577841713017,0.04014758758922545,4
2026-02-04,860.0399780273438,858.2100219726562,866.43744,864.1371,0.00611084889166091,-0.2915964818838912,29.566336508442106,859.1599731445312,940.6400146484376,-0.0397915610591698,-0.01128548340161593,5
2026-02-05,858.2100219726562,866.2100219726562,862.0256,859.6079,0.0059463881349963044,-0.2148748380185026,26.979914356453378,858.2100219726562,940.6400146484376,-0.004645243148040119,-0.060966745173061276,1
2026-02-06,866.2100219726562,860.3900146484375,859.6079,863.0026,0.006255595924381837,0.4589409837458689,32.5043879058412,858.2100219726562,940.6400146484376,0.011061263030683612,-0.005680806960189312,2
2026-02-09,860.3900146484375,852.3699951171875,863.0026,867.7117,0.006329139459256384,0.5886747290650707,28.24331915893525,858.2100219726562,940.6400146484376,0.013803843930585742,0.024735039547115235,3
2026-02-10,852.3699951171875,855.1599731445312,867.7117,869.48047,0.006633471125503176,0.2288461639782735,25.997637115463263,852.3699951171875,940.6400146484376,-0.008276419658565643,-0.027463932627255154,4
2026-02-11,855.1599731445312,854.1400146484375,869.48047,873.8645,0.006470806552461363,0.27037943846274715,33.9252792289263,852.3699951171875,940.6400146484376,0.00894897896843896,0.02111219766757396,5
2026-02-12,854.1400146484375,856.6099853515625,854.9466,856.5957,0.006270822363009783,0.3175437977891029,35.15015648142459,852.3699951171875,940.6400146484376,-0.030377758462980523,-0.004828397820511218,1
2026-02-13,856.6099853515625,862.4000244140625,856.5957,856.51886,0.0061130617045509796,0.5877605601860658,38.59350457479069,852.3699951171875,940.6400146484376,0.0037186207526305258,-0.012108825402949145,2
2026-02-16,862.4000244140625,862.3200073242188,856.51886,853.81586,0.006174727969505268,1.1941564195896461,48.15064885264051,852.3699951171875,940.6400146484376,0.0,-0.02565183316811802,3
2026-02-17,862.3200073242188,865.719970703125,853.81586,855.93866,0.005977146718893901,1.6021395569996812,52.35996946561463,852.3699951171875,940.6400146484376,-0.02792183898914965,-0.04460651552373478,4
2026-02-18,865.719970703125,861.5900268554688,855.93866,854.5375,0.005875069326053035,2.0828069174509736,52.97314164124455,852.3699951171875,940.6400146484376,0.028094448608724638,-0.026138836483646104,5
2026-02-19,861.5900268554688,865.02001953125,868.5032,865.9301,0.00584038673418386,2.0985457372406984,52.1693077873649,852.3699951171875,934.9600219726562,-0.01102105618140487,-0.007104468900400771,1
2026-02-20,865.02001953125,866.4000244140625,865.9301,862.0659,0.005747715746525941,2.299725777274057,49.136153836348406,852.3699951171875,929.2999877929688,0.01747295267048268,0.0066464966813204055,2
2026-02-23,866.4000244140625,866.4000244140625,862.0659,865.3654,0.005580298093519582,2.4705236193947897,51.21176262845165,852.3699951171875,929.2999877929688,-0.009996651615555126,-0.0033664662098414413,3
2026-02-24,866.4000244140625,860.6599731445312,865.3654,863.48645,0.0054063155937510085,2.519625472608692,56.60305861091362,852.3699951171875,929.2999877929688,0.02565121835476392,0.05148233040219137,4
2026-02-25,860.6599731445312,856.530029296875,863.48645,858.1971,0.00554695377638056,2.1178172390014742,52.35255780587354,852.3699951171875,929.2999877929688,0.009493868339474848,0.032104923106046575,5
2026-02-26,856.530029296875,865.1699829101562,861.0199,860.9954,0.005535746295725459,1.5523771103986004,39.95849093397931,852.3699951171875,925.6799926757812,-0.005450026589920928,0.037870856353763575,1
2026-02-27,865.1699829101562,873.1599731445312,860.9954,861.3489,0.005981925010403405,1.725423827675927,54.68442139036666,852.3699951171875,925.6799926757812,0.009622278291953983,0.029754770273000934,2
2026-03-02,873.1599731445312,882.6500244140625,861.3489,860.10834,0.006276719280320585,2.3068566638877783,70.38640583086053,852.3699951171875,925.6799926757812,-0.018489498291913743,0.02104625328883844,3
2026-03-03,882.6500244140625,899.9199829101562,860.10834,860.3513,0.006711253013570604,3.2042509355291546,73.82571353303194,852.3699951171875,925.6799926757812,-0.020741198751393842,-0.02524057010822666,4
2026-03-04,899.9199829101562,894.3800048828125,860.3513,860.3017,0.008302664531248592,4.741833190996336,80.95756175960497,852.3699951171875,925.6799926757812,0.01401752384407531,-0.020821105716782883,5
2026-03-05,894.3800048828125,905.6699829101562,898.93494,901.79816,0.008195646284870432,5.133585811885875,74.52283769110664,852.3699951171875,925.6799926757812,-0.01757458022170611,-0.032621530733064764,1
2026-03-06,905.6699829101562,910.8900146484376,901.79816,903.7261,0.008591593804177658,5.848966293584757,76.22109404878236,852.3699951171875,923.3300170898438,0.0006950803071056875,-0.04121907675843482,2
2026-03-09,910.8900146484376,914.8200073242188,903.7261,904.4708,0.008427450059430474,6.328988252790502,77.70684270449254,852.3699951171875,917.4199829101562,0.0075276058723092055,-0.015947046602633207,3
2026-03-10,914.8200073242188,888.6900024414062,904.4708,902.4053,0.00821101273675743,6.5395761817965585,77.84084184063695,852.3699951171875,917.4199829101562,0.01768594808097934,0.02260324596150283,4
2026-03-11,888.6900024414062,896.9400024414062,902.4053,901.95746,0.01122037768923444,4.636984877766675,62.29805427467942,852.3699951171875,917.4199829101562,-0.00995792118644709,-0.001622549388886966,5
2026-03-12,896.9400024414062,915.7000122070312,891.299,896.60846,0.011089880353836002,3.693113716754075,63.87826080495329,852.3699951171875,917.4199829101562,-0.0035989598931909124,0.012428351132187836,1
2026-03-13,915.7000122070312,916.7100219726562,896.60846,900.13995,0.012079599368806808,4.061935970564916,68.62064084635945,852.3699951171875,917.4199829101562,-0.01906637758896683,-0.007382320531314223,2
2026-03-16,916.7100219726562,909.4199829101562,900.13995,895.20215,0.011633466628114635,4.092173247209368,68.85824089288256,852.3699951171875,916.7100219726562,0.013211876292665282,-0.0017239465889763107,3
2026-03-17,909.4199829101562,906.9099731445312,895.20215,895.30493,0.011424816786603554,3.3695903152649933,68.06730062925854,852.3699951171875,916.7100219726562,-0.011114142119103089,-0.03006432536706745,4
2026-03-18,906.9099731445312,915.1300048828124,895.30493,895.9765,0.01103597921810867,2.5104035772124966,68.89436734170667,852.3699951171875,916.7100219726562,-0.030586158824142798,-0.04986743510960443,5
2026-03-19,915.1300048828124,912.489990234375,904.525,896.1051,0.010905729603315937,2.28968067238546,68.79608346517804,852.3699951171875,916.7100219726562,-0.0220268873083426,-0.06721606842549674,1
2026-03-20,912.489990234375,927.5499877929688,896.1051,901.19696,0.010544278291015854,1.7824237537635117,65.41747675952651,852.3699951171875,916.7100219726562,-0.016797736235749178,-0.06509751401327181,2
2026-03-23,927.5499877929688,910.6799926757812,901.19696,898.7717,0.011078830951198014,2.247675036572492,66.86446230443383,852.3699951171875,927.5499877929688,0.017993370747035806,-0.06061657871469147,3
2026-03-24,910.6799926757812,917.3599853515624,898.7717,896.7281,0.011808845435675761,1.2552659340376895,54.053647620633114,852.3699951171875,927.5499877929688,-0.003130129888579305,-0.053086509909244815,4
2026-03-25,917.3599853515624,916.6900024414062,896.7281,904.03436,0.01154295157408239,0.9012914654809094,58.58358061686219,852.3699951171875,927.5499877929688,0.019449943827491212,-0.004501277604227053,5
2026-03-26,916.6900024414062,928.0399780273438,904.58185,911.7622,0.011126218145775127,0.49491888695049546,54.47095483977049,852.3699951171875,927.5499877929688,-0.015033763846452861,0.002484766531912412,1
2026-03-27,928.0399780273438,922.719970703125,911.7622,912.1763,0.011220411775591632,0.84296456042477,56.62825845832159,852.3699951171875,928.0399780273438,0.003756852986170725,0.02330365801249282,2
2026-03-30,922.719970703125,930.219970703125,912.1763,914.2164,0.01093365479403635,0.5798591974697906,53.020785829545105,852.3699951171875,928.0399780273438,0.0016448554664745389,0.0067101715386548,3
2026-03-31,930.219970703125,926.1099853515624,914.2164,909.7766,0.010757899206277882,0.7643099238836069,68.51865863170949,852.3699951171875,930.219970703125,0.020157100232811233,0.030428761233812707,4
2026-04-01,926.1099853515624,912.4600219726562,909.7766,921.1144,0.01044642367614467,0.4769467656277726,63.50586584932309,852.3699951171875,930.219970703125,0.006511190388170775,0.017182179484824228,5
2026-04-02,912.4600219726562,916.5,923.3681,928.4896,0.010863851708179963,-0.7009823121162189,48.42535474309824,852.3699951171875,930.219970703125,-0.010905599959187336,0.021389953439539953,1
2026-04-03,916.5,919.3699951171876,928.4896,930.85297,0.010537324560852072,-1.2448234522740407,49.90084882168291,852.3699951171875,930.219970703125,0.0,0.017559940445507377,2
2026-04-06,919.3699951171876,915.969970703125,930.85297,925.5249,0.010192434172853005,-1.434549877838668,54.90197021790217,852.3699951171875,930.219970703125,0.003678236070027349,0.01963113213823332,3
2026-04-07,915.969970703125,916.4600219726562,925.5249,925.8812,0.009885184966732541,-1.789246657126574,54.424693557204556,852.3699951171875,930.219970703125,-0.00700938080004491,-0.007695788907116561,4
2026-04-08,916.4600219726562,897.22998046875,925.8812,925.9135,0.009534985953152778,-1.9764162695826641,50.702597783645984,852.3699951171875,930.219970703125,0.03804424731409376,0.024093163669519635,5
2026-04-09,897.22998046875,891.6199951171875,922.57056,917.2777,0.010865075807019998,-3.3027569576429823,43.140951498883986,852.3699951171875,930.219970703125,-0.001998676585020025,0.03325542621894548,1
2026-04-10,891.6199951171875,894.4400024414062,917.2777,916.25586,0.01061958910749371,-4.396851220045333,32.35091834574844,852.3699951171875,930.219970703125,0.021087830597987828,0.055275907672740744,2
2026-04-13,894.4400024414062,894.8900146484375,916.25586,911.8417,0.010272864007566121,-4.740019941175568,40.74538862439237,852.3699951171875,930.219970703125,0.01781159571001089,0.07029639655088779,3
2026-04-14,894.8900146484375,886.22998046875,911.8417,916.5673,0.009908202900567901,-4.73497769684538,36.216434786515606,852.3699951171875,930.219970703125,0.015689537291392698,0.09486879517192584,4
2026-04-15,886.22998046875,884.9500122070312,916.5673,918.2719,0.009923732259220532,-5.082537793823954,32.98323955293658,852.3699951171875,930.219970703125,0.0002470874559217801,0.054258181882307535,5
2026-04-16,884.9500122070312,886.1199951171875,891.8252,893.03156,0.009582024750758512,-5.150319835264265,22.87552770823639,852.3699951171875,930.219970703125,-0.0009061811693833574,0.05541058349503046,1
2026-04-17,886.1199951171875,890.3200073242188,893.03156,889.7505,0.00924918803710333,-4.871100384114239,25.6907801924456,852.3699951171875,930.219970703125,0.0060804956810176485,0.03968994091703001,2
2026-04-20,890.3200073242188,881.219970703125,889.7505,890.70856,0.009009236579174023,-4.184552650838848,22.284009188338132,852.3699951171875,930.219970703125,-0.011120855384533909,0.010040151349522604,3
2026-04-21,881.219970703125,891.9400024414062,890.70856,888.32654,0.009139784608148682,-4.117930011164624,20.83931366656158,852.3699951171875,930.219970703125,-0.005732044023659669,-0.011366406140214242,4
2026-04-22,891.9400024414062,889.72998046875,888.32654,885.69977,0.009392250346822773,-3.169100824206549,36.14264257580332,852.3699951171875,930.219970703125,0.019552618230260894,0.007905115060130407,5
2026-04-23,889.72998046875,894.469970703125,889.0972,885.24805,0.009089438615011797,-2.535003657485399,31.46382529845529,852.3699951171875,930.219970703125,-0.007297785574562695,0.00148352826945099,1
2026-04-24,894.469970703125,896.1099853515625,885.24805,883.86926,0.008880816335726141,-1.6821035162808653,33.193873431488015,852.3699951171875,930.219970703125,-0.00859581222512715,-0.013107221292054893,2
2026-04-27,896.1099853515625,893.5399780273438,883.86926,884.09735,0.00858151432403183,-0.930771689959025,36.26940468936461,852.3699951171875,930.219970703125,-0.0009134808991143975,-0.002982049323892126,3
2026-04-28,893.5399780273438,891.1199951171875,884.09735,884.73694,0.008321849465336885,-0.5490393215118572,34.59677498744844,852.3699951171875,930.219970703125,-0.01734799613390739,-0.014496357795268236,4
2026-04-29,891.1199951171875,904.469970703125,884.73694,886.1593,0.008068767951935164,-0.40815019517188045,44.695280407310214,852.3699951171875,930.219970703125,-0.006105378262062169,-0.039460768845391785,5
2026-04-30,904.469970703125,900.469970703125,893.8886,894.9552,0.008752676134260928,0.5817295786904464,59.83465499715985,852.3699951171875,930.219970703125,0.008047844376794507,-0.02460701060108167,1
2026-05-01,900.469970703125,899.25,894.9552,890.8657,0.008537770804441408,0.9432883207234264,54.53312422398437,852.3699951171875,930.219970703125,0.0010119821779090508,-0.015190471648038998,2
2026-05-04,899.25,911.719970703125,890.8657,889.35675,0.008250353406061943,1.0673391360829219,53.24017795260161,852.3699951171875,930.219970703125,-0.023365961327474982,-0.0370555076314941,3
2026-05-05,911.719970703125,904.8200073242188,889.35675,885.3747,0.008776043466526414,1.907249032127175,67.92798036983424,854.1400146484375,930.219970703125,0.025218539468338824,0.004818598720404222,4
2026-05-06,904.8200073242188,896.1199951171875,885.3747,892.638,0.008725658465419282,1.9113251190551461,62.95137872210412,854.1400146484375,930.219970703125,0.03204049835903662,0.0438887297223548,5
2026-05-07,896.1199951171875,890.469970703125,909.5802,911.74286,0.008830058175435555,1.2720718844722658,55.93542329016048,856.530029296875,930.219970703125,-0.0014676820261337934,0.03400268898815978,1
2026-05-08,890.469970703125,892.1799926757812,911.74286,914.0573,0.00869996499522979,0.45484679188052546,50.087503427840836,856.530029296875,930.219970703125,0.01963461678704533,0.05343895881660789,2
2026-05-11,892.1799926757812,897.219970703125,914.0573,914.92993,0.008410262094518646,0.03757695447602449,56.99873798297096,856.530029296875,930.219970703125,0.025983655041448343,0.10672989606842626,3
2026-05-12,897.219970703125,912.9600219726562,914.92993,909.7183,0.008252505595566496,0.10528966752984958,53.63534360672547,856.530029296875,930.219970703125,0.011086720769667314,0.09119978265917399,4
2026-05-13,912.9600219726562,886.6199951171875,909.7183,912.3639,0.009229662335245217,1.1560441357733826,63.482328136191704,856.530029296875,930.219970703125,0.022942177639864655,0.08131672485869916,5
2026-05-14,886.6199951171875,894.2999877929688,908.91693,911.8113,0.011951038286633813,0.07978070834012474,46.3573199137181,856.530029296875,930.219970703125,-0.010300755993562987,0.07180743420834021,1
2026-05-15,894.2999877929688,897.72998046875,911.8113,915.6886,0.011743910919854116,-0.10234048846847299,49.204676198215445,856.530029296875,930.219970703125,-0.04931180430300637,0.00040007316233989156,2
2026-05-18,897.72998046875,900.5,915.6886,912.73303,0.011362213175719359,0.014524619991980847,51.82730212811264,856.530029296875,930.219970703125,0.003273801195157019,-0.02206283618749147,3
2026-05-19,900.5,905.030029296875,912.73303,913.0728,0.010981805304874527,0.2705112413584798,54.07826299252717,856.530029296875,930.219970703125,-0.01720712646640829,-0.04934466693495037,4
2026-05-20,905.030029296875,897.72998046875,913.0728,910.9303,0.010670310317902392,0.711980451793638,50.2637306039017,856.530029296875,930.219970703125,0.02015245445655226,-0.05199303633060097,5
2026-05-21,897.72998046875,898.3400268554688,902.96063,903.94244,0.010529361246497821,0.4899733139714516,48.74863551877047,865.1699829101562,930.219970703125,-0.005339752746315452,-0.047278285427929306,1
2026-05-22,898.3400268554688,896.6300048828125,903.94244,906.25586,0.010156376245868291,0.3674370846410434,49.58208337701523,873.1599731445312,930.219970703125,0.01349334518027408,0.014476505806940564,2
2026-05-25,896.6300048828125,896.7100219726562,906.25586,905.853,0.00981315796132,0.16477203927138656,42.30968783866003,881.219970703125,930.219970703125,0.0,0.011160741947081566,3
2026-05-26,896.7100219726562,893.8300170898438,905.853,904.8798,0.009467814767987203,0.03636840323124724,45.55813331550445,881.219970703125,930.219970703125,0.002991429972730405,0.03179239260258109,4
2026-05-27,893.8300170898438,894.030029296875,904.8798,904.3716,0.009180989009456268,-0.22774306743692968,48.660365838418386,881.219970703125,930.219970703125,-0.008842665101228171,0.002305009765288181,5
2026-05-28,894.030029296875,890.969970703125,891.0175,891.79333,0.008859970672849958,-0.3659898523255126,52.22447317116332,881.219970703125,930.219970703125,0.014329838466993622,0.022215109420296482,1
2026-05-29,890.969970703125,889.5999755859375,891.79333,892.05554,0.008605577343742109,-0.6253159031463272,49.256471975463015,881.219970703125,930.219970703125,-0.0057230335454064194,0.0027593698651848576,2
2026-06-01,889.5999755859375,891.9400024414062,892.05554,891.81006,0.008318543691543025,-0.8376566678487599,45.09654826784976,881.219970703125,930.219970703125,0.02553796337409885,0.028697596972302092,3
2026-06-02,891.9400024414062,889.7999877929688,891.81006,891.86755,0.008057480961886491,-0.7707425877126735,33.654802676042436,881.219970703125,930.219970703125,0.01905393732165074,0.045354477186779235,4
2026-06-03,889.7999877929688,894.9600219726562,891.86755,891.94006,0.007808662198574666,-0.8164538318711478,53.96505038789777,881.219970703125,930.219970703125,-0.025666836602769052,0.02791437320339968,5
2026-06-04,894.9600219726562,895.6300048828125,888.2991,888.1887,0.007692047149726667,-0.46262726302891544,50.87816460835839,881.219970703125,930.219970703125,0.004618267070789165,0.017980026516798444,1
2026-06-05,895.6300048828125,914.260009765625,888.1887,890.24963,0.007427590089380356,-0.16241646807155363,46.9845537917882,881.219970703125,930.219970703125,-0.03875390986788241,-0.015095482152516212,2
2026-06-08,914.260009765625,922.9199829101562,890.24963,887.19543,0.009058443096551688,1.2349882769713205,63.57530475247668,881.219970703125,930.219970703125,0.010482107026258984,-0.029812992715881368,3
2026-06-09,922.9199829101562,916.4299926757812,887.19543,885.4501,0.00909273458317019,2.607759746091152,66.31990031302512,881.219970703125,930.219970703125,-0.004274931670488298,-0.05218439396108085,4
2026-06-10,916.4299926757812,915.1799926757812,885.4501,888.9579,0.008989594656648116,2.920349724557699,67.31476740598075,881.219970703125,930.219970703125,-0.00852488121841812,-0.035796925787185976,5
2026-06-11,915.1799926757812,906.02001953125,911.7136,917.9206,0.00868797914175527,2.879799868046669,65.40988624076209,881.219970703125,930.219970703125,0.0015989373612835867,-0.03870378218788057,1
2026-06-12,906.02001953125,899.1099853515625,917.9206,918.00244,0.00882728329081975,2.1086748415435816,57.561605215456055,881.219970703125,930.219970703125,0.027031900562995762,0.02666237905305861,2
2026-06-15,899.1099853515625,889.969970703125,918.00244,920.79504,0.008777554972894968,1.0588428521591648,51.741119938504426,881.219970703125,930.219970703125,0.008053949730139183,0.02417250543245539,3
2026-06-16,889.969970703125,885.260009765625,920.79504,921.74713,0.008921878338193223,-0.2553687953759394,47.43280094759411,881.219970703125,930.219970703125,0.001002161336406582,0.029591444546162984,4
2026-06-17,885.260009765625,886.3499755859375,921.74713,918.20575,0.008737395154766627,-1.383097629000073,44.49741966021314,881.219970703125,930.219970703125,-0.001156423524832199,0.03720596472992238,5
2026-06-18,886.3499755859375,900.1799926757812,886.5521,887.7523,0.008440900477252157,-1.9615351034296482,47.02779409501132,881.219970703125,930.219970703125,-0.016646363132267167,0.018453423316065413,1
2026-06-19,900.1799926757812,901.2100219726562,887.7523,885.4551,0.009134555510405823,-1.347853703008475,55.866055638239764,881.219970703125,930.219970703125,0.0,-0.008708534706596658,2
2026-06-22,901.2100219726562,905.9500122070312,885.4551,893.18896,0.008821804956887636,-0.8329387666919557,55.21549456541895,881.219970703125,930.219970703125,-0.002827690066274483,-0.019436934213317634,3
2026-06-23,905.9500122070312,913.469970703125,893.18896,896.72125,0.008626573177761833,-0.16826195264863136,58.82804722135477,881.219970703125,926.1099853515624,-0.03449037300966138,-0.053629227612700635,4
2026-06-24,913.469970703125,918.219970703125,896.72125,900.482,0.008610214233956533,0.7332338310418236,59.86356679106153,881.219970703125,922.9199829101562,-0.03277353237773814,-0.08308266552958499,5
2026-06-25,918.219970703125,919.8300170898438,912.78503,916.35065,0.008423129482005208,1.5574617900175167,61.53609748677809,881.219970703125,922.9199829101562,0.021226927609582807,-0.04769000085650414,1
2026-06-26,919.8300170898438,921.989990234375,916.35065,916.56116,0.008145430056582704,2.0861181072498454,53.442953713911024,881.219970703125,922.9199829101562,0.011628054340762762,-0.03655185646337098,2
2026-06-29,921.989990234375,921.760009765625,916.56116,917.0691,0.007888980648942022,2.4321431637087816,49.374920516407464,881.219970703125,922.9199829101562,-0.0071901852926039185,-0.04074573984098327,3
2026-06-30,921.760009765625,921.5700073242188,917.0691,920.0723,0.007621082741765419,2.487494676357592,53.91165527874357,881.219970703125,922.9199829101562,0.015460074778671905,0.008386308770899966,4
2026-07-01,921.5700073242188,925.0599975585938,920.0723,920.68225,0.007363000562062163,2.354637826044433,54.763694472705694,881.219970703125,922.9199829101562,-0.011205093563390204,0.030371872014752988,5
2026-07-02,925.0599975585938,924.739990234375,926.1856,928.75977,0.0071805247707429,2.340262035192377,65.50487734809046,881.219970703125,925.0599975585938,-0.0014708001647411473,0.007248191997320506,1
2026-07-03,924.739990234375,920.8400268554688,928.75977,929.0018,0.0069393453816054725,2.152422405857302,73.38080146457818,881.219970703125,925.0599975585938,0.0,-0.004396312045217968,2
2026-07-06,920.8400268554688,927.5800170898438,929.0018,926.8028,0.006810327753335887,1.6323356288407531,81.13791366897617,881.219970703125,925.0599975585938,0.010331583040322573,0.013202152997047715,3
2026-07-07,927.5800170898438,926.489990234375,926.8028,925.30554,0.006859554163626338,1.6065631442504724,91.00782694375411,881.219970703125,927.5800170898438,-0.0010526365940761889,-0.0033911841839605,4
2026-07-08,926.489990234375,934.6599731445312,925.30554,921.7521,0.006639266663271577,1.38861323721677,88.89538143442148,881.219970703125,927.5800170898438,-0.01914013935616124,-0.01126802788681746,5
2026-07-09,934.6599731445312,926.9600219726562,928.2475,926.65753,0.006829201375018674,1.6494227988783754,87.52723600999096,881.219970703125,934.6599731445312,0.026163935290325936,0.01643635719341348,1
2026-07-10,926.9600219726562,926.8699951171876,926.65753,926.34106,0.006984301664971892,1.1800959659582864,74.47259733630331,881.219970703125,934.6599731445312,0.002972223900634411,0.01946192773692595,2
2026-07-13,926.8699951171876,930.5,926.34106,926.2412,0.006750745535725309,0.7606945884013374,71.80986923737728,881.219970703125,934.6599731445312,-8.024741299155112e-05,0.008902529714526746,3
2026-07-14,930.5,925.0499877929688,926.2412,929.95056,0.0066038331291648515,0.6302411903138259,69.32159071078978,885.260009765625,934.6599731445312,0.015442498101460594,0.02568252652061329,4
2026-07-15,925.0499877929688,924.47998046875,929.95056,931.55884,0.006590405039276235,0.10683144534100375,57.62790196738703,885.260009765625,934.6599731445312,-0.005782877839766474,0.03947474432763048,5
2026-07-16,924.47998046875,924.1300048828124,926.0052,922.25336,0.006375094638405781,-0.3242507007386495,55.31668413655265,885.260009765625,934.6599731445312,0.0003971654574320329,0.01303296045665884,1
2026-07-17,924.1300048828124,933.97998046875,922.25336,920.8855,0.006166158403720602,-0.6600847136489651,52.552503144946996,885.260009765625,934.6599731445312,-0.012144638701152746,-0.0021657517630200027,2
2026-07-20,933.97998046875,933.780029296875,920.8855,930.60345,0.006601567739859497,-0.2661725466284075,61.854860675248396,885.260009765625,934.6599731445312,0.012620983706146529,0.010588799429111227,3
2026-07-21,933.780029296875,934.1699829101562,930.60345,934.2629,0.00638390565889761,-0.0762753244115153,61.842923159438925,885.260009765625,934.6599731445312,0.03310222155002192,0.028594033945984972,4
2026-07-22,934.1699829101562,935.9400024414062,934.2629,928.8874,0.006174174890511813,0.013614748806704213,59.401462833301,885.260009765625,934.6599731445312,-0.009257887611187711,0.02502586293244361,5
2026-07-23,935.9400024414062,941.8900146484376,929.78186,929.5558,0.005990403399842465,0.12415164435103687,61.2224928109164,885.260009765625,935.9400024414062,-0.02289224847416917,0.0014294511624003904,1
2026-07-24,941.8900146484376,945.989990234375,929.5558,929.99335,0.0060323262283515835,0.5083094420486125,70.25989635162911,885.260009765625,941.8900146484376,0.0023762931297229128,0.01607723228984954,2
2026-07-27,945.989990234375,940.0399780273438,929.99335,932.86206,0.005944615536029436,0.9246057785779378,68.66763296624677,885.260009765625,945.989990234375,0.003001827486801528,0.006350284179513034,3
2026-07-28,940.0399780273438,934.3800048828124,932.86206,930.68207,0.006014617630310188,0.6957488808208465,62.50694351332197,885.260009765625,945.989990234375,-0.0026854447899488545,-0.029027818332004473,4
2026-07-29,934.3800048828124,934.9099731445312,930.68207,928.6196,0.00605759245781094,0.09144335420626426,49.72902722724013,885.260009765625,945.989990234375,-0.007701210872198454,-0.02751515146139386,5
2026-07-30,934.9099731445312,925.0499877929688,939.8078,940.7719,0.0058617916971177774,-0.3216882232408338,58.934563643297864,885.260009765625,945.989990234375,0.026892641982221528,0.022125320371429308,1
2026-07-31,925.0499877929688,922.9500122070312,940.7719,940.97943,0.006378340306285139,-1.2556680072893132,48.322877682951294,885.260009765625,945.989990234375,-0.0013198401493381645,0.01835438219749644,2
2026-08-03,922.9500122070312,924.6599731445312,940.97943,936.5514,0.006204022032436179,-1.9690569772921984,42.84087160343787,885.260009765625,945.989990234375,0.012046488506285159,0.02760683194262729,3
2026-08-04,924.6599731445312,914.4600219726562,936.5514,936.4639,0.006019266398836605,-2.2591577426086484,49.601942570092994,885.260009765625,945.989990234375,0.01591509584598905,0.04689974766550047,4
2026-08-05,914.4600219726562,913.52001953125,936.4639,933.9687,0.006570704706062703,-3.0236557898141756,41.4534190592707,885.260009765625,945.989990234375,0.012686404289486142,0.06846259748900979,5
2026-08-06,913.52001953125,915.3800048828124,916.9016,917.78186,0.006361763344405977,-3.4475807935800087,41.04033431880702,885.260009765625,945.989990234375,-0.00238988478246076,0.03762895949832691,1
2026-08-07,915.3800048828124,912.5,917.78186,918.27716,0.0061743566529379205,-3.449271948846257,31.842956967720966,885.260009765625,945.989990234375,-0.01757539541130289,0.0208980779076065,2
2026-08-10,912.5,914.989990234375,918.27716,914.5369,0.00603993110554418,-3.4808599695373554,30.259632609892037,885.260009765625,945.989990234375,0.003646060691822296,0.012358017598907476,3
2026-08-11,914.989990234375,913.52001953125,914.5369,913.0295,0.005885888898810422,-3.1788967429693624,32.87495054501302,885.260009765625,945.989990234375,0.0026502001102386456,-0.0009821324940826734,4
2026-08-12,913.52001953125,914.0900268554688,913.0295,914.3173,0.005716634502223678,-2.9291695750267124,29.874258288269047,885.260009765625,945.989990234375,-0.0022711594833249556,-0.015813806580395398,5
2026-08-13,914.0900268554688,914.0,912.9337,914.4614,0.005535795134796854,-2.5884112655318345,22.37667068151781,885.260009765625,945.989990234375,-0.0006823476740331839,-0.014131836529064641,1
2026-08-14,914.0,913.0999755859376,914.4614,915.1209,0.0053611054969486425,-2.2446818402702,15.460895695495168,885.260009765625,945.989990234375,0.0010612446835852258,0.004413710180685897,2
2026-08-17,913.0999755859376,914.7899780273438,915.1209,916.9589,0.005202050955802455,-1.9636851095850687,17.353228767413114,885.260009765625,945.989990234375,0.0006816241669075291,0.0014405984698549184,3
2026-08-18,914.7899780273438,922.9400024414062,916.9589,919.16296,0.00506136607562949,-1.5669732307555,23.73276679046144,885.260009765625,945.989990234375,-0.018569289721207194,-0.019585588700257436,4
2026-08-19,922.9400024414062,921.1599731445312,919.16296,920.18256,0.00544754580163298,-0.7026946716028013,36.67335322993609,885.260009765625,945.989990234375,0.0007710276924720535,-0.01659844312706868,5
2026-08-20,921.1599731445312,922.27001953125,927.27,929.57935,0.005306738708637995,-0.2227725318376672,44.71895290526358,885.260009765625,945.989990234375,-0.004247954192756235,-0.020098622289650085,1
2026-08-21,922.27001953125,921.1300048828124,929.57935,925.3397,0.005149268729749149,0.17602976092194567,49.05135021449139,885.260009765625,945.989990234375,0.01832946105727777,-0.0030305296436349055,2
2026-08-24,921.1300048828124,912.1900024414062,925.3397,920.52844,0.005004660656582619,0.3590869838118551,44.995803518122536,885.260009765625,945.989990234375,0.0029593341759600266,-0.0007571342173834435,3
2026-08-25,912.1900024414062,912.77001953125,920.52844,921.58765,0.005546265296190972,-0.10127221615310411,46.66273047367113,885.260009765625,945.989990234375,0.016606289178301835,0.03501731693057663,4
2026-08-26,912.77001953125,919.219970703125,921.58765,919.7893,0.005373006754336425,-0.33300334909744,48.885591775435124,885.260009765625,945.989990234375,-0.01728842999342165,0.016493236372894807,5
2026-08-27,919.219970703125,922.6699829101562,907.08716,906.3316,0.005529176905457356,-0.03392264811744883,55.02086106562238,885.260009765625,945.989990234375,-0.001137984674680693,0.0196594201689716,1
2026-08-28,922.6699829101562,931.510009765625,906.3316,902.9824,0.005442395684177358,0.3908105425244952,63.10223081943502,885.260009765625,945.989990234375,-0.003802589714711809,-0.002659837376031039,2
2026-08-31,931.510009765625,934.030029296875,902.9824,907.65894,0.005850090890412298,1.2151224702286558,68.29048092725552,885.260009765625,945.989990234375,0.004788932365228237,-0.0008334353389590339,3
2026-09-01,934.030029296875,935.6400146484376,907.65894,905.2571,0.00570384507891547,1.840573203189745,72.19207827681134,885.260009765625,945.989990234375,-0.013282694622597117,-0.03025561869400699,4
2026-09-02,935.6400146484376,937.5999755859376,905.2571,904.96326,0.005538454669525789,2.2463231369557746,72.80413151507419,885.260009765625,945.989990234375,-0.0008456413975780643,-0.014178502753753543,5
2026-09-03,937.5999755859376,932.6400146484376,936.2264,938.2288,0.0053892525865986305,2.510313583574141,74.02271913954569,885.260009765625,945.989990234375,0.011622735706030072,-0.0015181041759266365,1
2026-09-04,932.6400146484376,930.5599975585938,938.2288,936.89185,0.005426620212858966,2.2242783542463673,68.37158643042251,885.260009765625,945.989990234375,0.003036282965223013,0.005333789291016081,2
2026-09-07,930.5599975585938,933.8900146484376,936.89185,935.32477,0.005296705666378893,1.7872138343648447,64.71905862193108,885.260009765625,945.989990234375,0.0,0.0005308234880281224,3
2026-09-08,933.8900146484376,924.4299926757812,935.32477,935.51514,0.0052145947643132875,1.6195810461112354,61.23076768984418,885.260009765625,945.989990234375,0.02129650401085809,0.0357335102757257,4
