ds,y,nhits_h1,nhits_h2,vol_garch,macd,rsi,precio_min_ventana,precio_max_ventana,dias_desde_refit,copper_ret_1d,copper_mom_5d,y_next,ds_salida,ds_reloj
2020-12-11,0.70940101146698,0.70078814,0.7002853,0.005719697827083,-0.0005066369204741,72.50679852119625,0.6545187830924988,0.70940101146698,1,0.01765956801103442,0.02630060449627686,0.7098491191864014,2020-12-14,2020-12-10
2020-12-14,0.7098491191864014,0.7002853,0.6999136,0.0055950565852044,-0.0003943107555983,76.52701104473438,0.6545187830924988,0.7098491191864014,2,-0.013108925112561077,0.002845757153371549,0.7085816264152527,2020-12-15,2020-12-11
2020-12-15,0.7085816264152527,0.6999136,0.6991519,0.0054874373050392,-0.0004558156891888,69.04480279113305,0.6545187830924988,0.7098491191864014,3,-0.0005676568532849705,0.0038477910283128596,0.7086820602416992,2020-12-16,2020-12-14
2020-12-16,0.7086820602416992,0.6991519,0.69806147,0.0053692966012657,-0.0005347136214885,66.14817675496349,0.6545187830924988,0.7098491191864014,4,0.004532594732826386,0.012593059330743893,0.7110403180122375,2020-12-17,2020-12-15
2020-12-17,0.7110403180122375,0.69806147,0.6975509,0.005306605909436,-0.000475069418509,69.1712350854563,0.6549903750419617,0.7110403180122375,5,0.004512075897879891,0.013112886307093197,0.7147911787033081,2020-12-18,2020-12-16
2020-12-18,0.7147911787033081,0.71002233,0.7093705,0.0053244418696866,-0.0002417608925054,69.80713764319313,0.6551792025566101,0.7147911787033081,1,0.012026430542292521,0.00742192617644431,0.7104896903038025,2020-12-21,2020-12-17
2020-12-21,0.7104896903038025,0.7093705,0.708613,0.0053821792288505,-0.0004251644369524,63.80257269517443,0.6568015217781067,0.7147911787033081,2,0.008719203163225152,0.029653818787127317,0.7096678018569946,2020-12-22,2020-12-18
2020-12-22,0.7096678018569946,0.708613,0.70835704,0.0052739749290401,-0.0006371117414884,54.96404057960733,0.6574103236198425,0.7147911787033081,3,-0.015413769301266707,0.014480374434948994,0.7054275274276733,2020-12-23,2020-12-21
2020-12-23,0.7054275274276733,0.70835704,0.70873815,0.0053324261396973,-0.0010725403948315,47.21944798840787,0.6574103236198425,0.7147911787033081,4,-0.015512951902100029,-0.005652973075548363,0.709679901599884,2020-12-24,2020-12-22
2020-12-24,0.709679901599884,0.70873815,0.70906955,0.0053878077647594,-0.0010807914086471,53.341033815208846,0.6574103236198425,0.7147911787033081,5,0.00961822368998747,-0.0005627054297451403,0.713749885559082,2020-12-25,2020-12-23
2020-12-25,0.713749885559082,0.70856637,0.70719707,0.0054235868023571,-0.0008300395970903,63.3805949586862,0.6574103236198425,0.7147911787033081,1,0.002249690773362123,-0.010286333630522511,0.7115614414215088,2020-12-28,2020-12-24
2020-12-28,0.7115614414215088,0.70719707,0.70594096,0.0053513564182559,-0.0008276010887834,59.8785004814191,0.6574103236198425,0.7147911787033081,2,0.0,-0.01887833602031982,0.7107997536659241,2020-12-29,2020-12-25
2020-12-29,0.7107997536659241,0.70594096,0.7040752,0.0052434529336343,-0.0008879898495372,58.68106345507541,0.6574103236198425,0.7147911787033081,3,0.0028050483012747717,-0.0008396364453597725,0.7148601412773132,2020-12-30,2020-12-28
2020-12-30,0.7148601412773132,0.7040752,0.70226943,0.0052876213243112,-0.0006748343535832,66.36762166231236,0.6574103236198425,0.7148601412773132,4,-0.004773267568748166,0.009948859280917885,0.7215397357940674,2020-12-31,2020-12-29
2020-12-31,0.7215397357940674,0.70226943,0.70114195,0.0055723926396579,-0.0001327108305264,65.44316813423805,0.6580809354782104,0.7215397357940674,5,-0.0028184884850533864,-0.002533801471429239,0.7181999087333679,2021-01-01,2020-12-30
2021-01-01,0.7181999087333679,0.71834344,0.7174511,0.0055475692361488,-5.192913519631599e-05,59.89594296216455,0.6580809354782104,0.7215397357940674,1,-0.00821884864248363,-0.012921349593837747,0.7198387980461121,2021-01-04,2020-12-31
2021-01-04,0.7198387980461121,0.7174511,0.7174094,0.0054503986944549,5.330613500372904e-05,63.223696002867904,0.6580809354782104,0.7215397357940674,2,0.0,-0.012921349593837747,0.7178286910057068,2021-01-05,2021-01-01
2021-01-05,0.7178286910057068,0.7174094,0.7176718,0.0053697767852249,-6.464009257068238e-05,60.28310623452894,0.6580809354782104,0.7215397357940674,3,0.011037337127536937,-0.004761893631251935,0.7256894111633301,2021-01-06,2021-01-04
2021-01-06,0.7256894111633301,0.7176718,0.7179445,0.0057826689918401,0.0003137912365125,64.65597334182502,0.6580809354782104,0.7256894111633301,4,0.024328744190622302,0.02462710273713657,0.7305775880813599,2021-01-07,2021-01-05
2021-01-07,0.7305775880813599,0.7179445,0.71851665,0.0058447575012643,0.0007930884472296,65.44240089184512,0.6580809354782104,0.7305775880813599,5,0.0026061400085380447,0.030200427053907554,0.7265488505363464,2021-01-08,2021-01-06
2021-01-08,0.7265488505363464,0.7289056,0.7287727,0.0058437184625878,0.000739616628181,65.79348442856272,0.6580809354782104,0.7305775880813599,1,0.01238864164946358,0.051650529650207104,0.7199320793151855,2021-01-11,2021-01-07
2021-01-11,0.7199320793151855,0.7287727,0.7283209,0.0060623234404548,0.0001881705848414,59.06162320536648,0.6580809354782104,0.7305775880813599,2,-0.0059709326787447245,0.04538990462171073,0.7174013257026672,2021-01-12,2021-01-08
2021-01-12,0.7174013257026672,0.7283209,0.7279965,0.0059734831771125,-0.0003861571228312,60.899846231143776,0.6580809354782104,0.7305775880813599,3,-0.030261423589353787,0.003095952171877183,0.7229298949241638,2021-01-13,2021-01-11
2021-01-13,0.7229298949241638,0.7279965,0.72813404,0.006079647565501,-0.0004295121215348,61.787694448333056,0.6598482728004456,0.7305775880813599,4,0.011438296923926266,-0.00975142121178066,0.7190313339233398,2021-01-14,2021-01-12
2021-01-14,0.7190313339233398,0.72813404,0.72710997,0.0060588921001841,-0.0007384294545216,54.712950828042814,0.6598482728004456,0.7305775880813599,5,0.003323205417966472,-0.009041093563939735,0.7217714786529541,2021-01-15,2021-01-13
2021-01-15,0.7217714786529541,0.7175122,0.7176439,0.005978651693762,-0.0007722524361977,59.022188887858896,0.6598482728004456,0.7305775880813599,1,0.014001568268525182,-0.007441459866258496,0.7122507095336914,2021-01-18,2021-01-14
2021-01-18,0.7122507095336914,0.7176439,0.71662045,0.0065438096728922,-0.0014125813099384,51.1102779731395,0.6598482728004456,0.7305775880813599,2,-0.017879738594029113,-0.0191915432830798,0.7115817070007324,2021-01-19,2021-01-15
2021-01-19,0.7115817070007324,0.71662045,0.714471,0.0063878078796371,-0.0018313706064604,47.35399414446788,0.6598482728004456,0.7305775880813599,3,0.0,0.010942770909641162,0.7128803133964539,2021-01-20,2021-01-18
2021-01-20,0.7128803133964539,0.714471,0.711308,0.0062484178783112,-0.0019596072917808,42.34622756118814,0.6598482728004456,0.7305775880813599,4,0.009117342638361609,0.008599139735508151,0.7186385989189148,2021-01-21,2021-01-19
2021-01-21,0.7186385989189148,0.711308,0.70915157,0.0063570812513501,-0.0016099362057435,50.37184637894379,0.6598482728004456,0.7305775880813599,5,0.0031578581146133864,0.0084323843742432,0.7216001749038696,2021-01-22,2021-01-20
2021-01-22,0.7216001749038696,0.7117428,0.70742506,0.0062725654173953,-0.0011538622221559,51.460250413353,0.6598482728004456,0.7305775880813599,1,0.0021908531376899996,-0.0034078647061656746,0.7183701395988464,2021-01-25,2021-01-21
2021-01-25,0.7183701395988464,0.70742506,0.7066061,0.0062051923358023,-0.0010475093979836,50.43998240845325,0.6632398962974548,0.7305775880813599,2,-0.005486224494399296,0.009020269020598558,0.719990074634552,2021-01-26,2021-01-22
2021-01-26,0.719990074634552,0.7066061,0.70741576,0.0060809276833613,-0.0008540289495533,44.84595374569728,0.6700077652931213,0.7305775880813599,3,0.0013744131974424212,0.010408033257109529,0.7236900925636292,2021-01-27,2021-01-25
2021-01-27,0.7236900925636292,0.70741576,0.707172,0.0060479769097302,-0.0004813886234682,43.63468502562035,0.6700077652931213,0.7305775880813599,4,-0.0034395156780045112,-0.0022001917446712693,0.7142704129219055,2021-01-28,2021-01-26
2021-01-28,0.7142704129219055,0.707172,0.70786774,0.0065825323737298,-0.00085216004554,39.68072039289786,0.6764892935752869,0.7305775880813599,5,-0.015695844799481936,-0.020836182154799314,0.717442512512207,2021-01-29,2021-01-27
2021-01-29,0.717442512512207,0.7160557,0.7167546,0.0064978941438181,-0.0008639309194482,47.779077557878615,0.6797495484352112,0.7305775880813599,1,0.0032147296487249717,-0.019833125906013445,0.7163375020027161,2021-02-01,2021-01-28
2021-02-01,0.7163375020027161,0.7167546,0.7174855,0.0063511974717812,-0.0009210562572424,49.026200063290446,0.6825193166732788,0.7305775880813599,2,-0.0026549381584333254,-0.017054060519955155,0.7165479063987732,2021-02-02,2021-01-29
2021-02-02,0.7165479063987732,0.7174855,0.7168769,0.0062017556649921,-0.000917568309992,43.52793688481187,0.6828222870826721,0.7305775880813599,3,-0.0032232896853065453,-0.021562980619232078,0.7196678519248962,2021-02-03,2021-02-01
2021-02-03,0.7196678519248962,0.7168769,0.7152825,0.0061333172425693,-0.000688500532423,50.65585912693782,0.6839009523391724,0.7305775880813599,4,-0.006477983976974251,-0.0245314184492475,0.7219695448875427,2021-02-04,2021-02-02
2021-02-04,0.7219695448875427,0.7152825,0.71382004,0.0060333322917467,-0.0003807015338655,50.20594545884995,0.6839009523391724,0.7305775880813599,5,0.011099516193104106,0.0019599522214916905,0.7160297632217407,2021-02-05,2021-02-03
2021-02-05,0.7160297632217407,0.7174757,0.7149568,0.0061710359146527,-0.0005647746247844,54.24554834147596,0.6871482729911804,0.7305775880813599,1,-0.003499212095570062,-0.0047446163014563765,0.7211625576019287,2021-02-08,2021-02-04
2021-02-08,0.7211625576019287,0.7149568,0.72016096,0.0062310568730406,-0.0003395810253383,59.78239436791152,0.6893000602722168,0.7305775880813599,2,0.020264386695531118,0.018329375257908852,0.7226702570915222,2021-02-09,2021-02-05
2021-02-09,0.7226702570915222,0.72016096,0.72392654,0.0061035655917893,-0.0001002431269707,59.95338667726759,0.6893000602722168,0.7305775880813599,3,0.010932047306130873,0.03284667697582702,0.7243799567222595,2021-02-10,2021-02-08
2021-02-10,0.7243799567222595,0.72392654,0.72516704,0.0059862643952827,0.0001485333072828,56.36085804623054,0.6906601786613464,0.7305775880813599,4,0.014705183351721931,0.054959018817618895,0.7218199968338013,2021-02-11,2021-02-09
2021-02-11,0.7218199968338013,0.72516704,0.7233772,0.0059026467583148,0.0001173661279433,50.24572774857947,0.6906601786613464,0.7305775880813599,5,0.013831859146124684,0.057845470250245355,0.7231180667877197,2021-02-12,2021-02-10
2021-02-12,0.7231180667877197,0.72133166,0.72008306,0.005783761345161,0.0001583125003879,55.547059863985375,0.6931111812591553,0.7305775880813599,1,0.000528153994474969,0.06211439171036102,0.7219487428665161,2021-02-15,2021-02-11
2021-02-15,0.7219487428665161,0.72008306,0.71903574,0.0056669379240684,8.448763447517146e-05,52.3126858854446,0.6931111812591553,0.7305775880813599,2,0.0038211104503456115,0.044792555522243364,0.723358690738678,2021-02-16,2021-02-12
2021-02-16,0.723358690738678,0.71903574,0.7174049,0.0055596076533691,0.0001070069371036,49.58632799130992,0.6979097723960876,0.7305775880813599,3,0.0,0.03343303840023268,0.718989908695221,2021-02-17,2021-02-15
2021-02-17,0.718989908695221,0.7174049,0.71676904,0.0056017394280221,-0.0001802965344813,56.74113300073218,0.7003389596939087,0.7305775880813599,4,0.012026289584637934,0.030668285967424096,0.719398558139801,2021-02-18,2021-02-16
2021-02-18,0.719398558139801,0.71676904,0.7168252,0.0054815055120291,-0.0003414345470638,53.03340376797609,0.7003389596939087,0.7305775880813599,5,-0.0031233976197787097,0.01334035541278491,0.721870481967926,2021-02-19,2021-02-17
2021-02-19,0.721870481967926,0.7178797,0.71850747,0.0054173982812779,-0.0002825958239165,58.23147589827262,0.7016411423683167,0.7305775880813599,1,0.02076827313014467,0.03405945615005395,0.7312721014022827,2021-02-22,2021-02-18
2021-02-22,0.7312721014022827,0.71850747,0.7169681,0.0060218462590733,0.0003539167100377,67.20120657936698,0.7016411423683167,0.7312721014022827,2,0.043346586160945506,0.07574963265228313,0.7329819798469543,2021-02-23,2021-02-19
2021-02-23,0.7329819798469543,0.7169681,0.7171142,0.0059076383274736,0.0008274613699632,66.08381840018663,0.7016411423683167,0.7329819798469543,3,0.015165591889079963,0.09218834891937815,0.7338700890541077,2021-02-24,2021-02-22
2021-02-24,0.7338700890541077,0.7171142,0.7172165,0.0057815872566451,0.001119707585315,64.8845219102715,0.7016411423683167,0.7338700890541077,4,0.008393297899842403,0.08822763670312699,0.7445295453071594,2021-02-25,2021-02-23
2021-02-25,0.7445295453071594,0.7172165,0.7136205,0.0064811823180576,0.0019040319191603,81.88186532919575,0.7016411423683167,0.7445295453071594,5,0.026743684145325672,0.12122006171784441,0.7365506291389465,2021-02-26,2021-02-24
2021-02-26,0.7365506291389465,0.7439923,0.7429794,0.0067618062115928,0.0017618686477466,66.1836481646091,0.7016411423683167,0.7445295453071594,1,-0.008171009534660136,0.08923776184952181,0.7271193265914917,2021-03-01,2021-02-25
2021-03-01,0.7271193265914917,0.7429794,0.74062675,0.00719241719351,0.0009497497672841,54.01065381131127,0.7016411423683167,0.7445295453071594,2,-0.04103194619546087,0.0011002230058880643,0.7274197936058044,2021-03-02,2021-02-26
2021-03-02,0.7274197936058044,0.74062675,0.74652797,0.0070096646447286,0.000379182430353,52.81172677513684,0.7016411423683167,0.7445295453071594,3,0.006087210099527751,-0.007947017738226802,0.7292988300323486,2021-03-03,2021-03-01
2021-03-03,0.7292988300323486,0.74652797,0.7502889,0.0068583684736845,8.98013824992658e-05,57.00586939916828,0.7016411423683167,0.7445295453071594,4,0.026824739620605623,0.010507498214493937,0.7231912612915039,2021-03-04,2021-03-02
2021-03-04,0.7231912612915039,0.7502889,0.74762267,0.0069443758033549,-0.000518058873269,50.06289810711527,0.7054275274276733,0.7445295453071594,5,-0.018725640031191874,-0.0344106571161761,0.7178286910057068,2021-03-05,2021-03-03
2021-03-05,0.7178286910057068,0.7256442,0.72085613,0.0069702364607165,-0.001244945865628,46.697524110563165,0.7054275274276733,0.7445295453071594,1,-0.03978912495984579,-0.06446316695449032,0.7178596258163452,2021-03-08,2021-03-04
2021-03-08,0.7178596258163452,0.72085613,0.7232612,0.0067974647020649,-0.0016612935147902,45.49251170366925,0.7054275274276733,0.7445295453071594,2,0.023769368152198076,-0.001831767381264405,0.7132616639137268,2021-03-09,2021-03-05
2021-03-09,0.7132616639137268,0.7232612,0.72377527,0.0067817376758174,-0.0021527944383604,45.3222317623306,0.7054275274276733,0.7445295453071594,3,0.004029062680954104,-0.003884032096423542,0.7179575562477112,2021-03-10,2021-03-08
2021-03-10,0.7179575562477112,0.72377527,0.7227429,0.0067736168312641,-0.0020676159685561,48.90026110610734,0.7054275274276733,0.7445295453071594,4,-0.020682779387527755,-0.05010052288125251,0.7192174792289734,2021-03-11,2021-03-09
2021-03-11,0.7192174792289734,0.7227429,0.7198982,0.0066205327892721,-0.0018400142452706,47.93712853482828,0.7054275274276733,0.7445295453071594,5,0.00558211193960872,-0.026727682229187005,0.7227522134780884,2021-03-12,2021-03-10
2021-03-12,0.7227522134780884,0.7191951,0.716817,0.0065516914577664,-0.0013857087389265,42.710162932499394,0.7054275274276733,0.7445295453071594,1,0.024680619799534884,0.03808574072280796,0.7187315821647644,2021-03-15,2021-03-11
2021-03-15,0.7187315821647644,0.716817,0.71584994,0.0065126925319013,-0.0012921326076577,38.2707957620583,0.7054275274276733,0.7445295453071594,2,0.0006032592635764687,0.014313748824532789,0.720352053642273,2021-03-16,2021-03-12
2021-03-16,0.720352053642273,0.71584994,0.7136716,0.0063778571540103,-0.0010666130425741,39.00612820067845,0.7054275274276733,0.7445295453071594,3,0.00024117884471256955,0.010478913710657739,0.7193002700805664,2021-03-17,2021-03-15
2021-03-17,0.7193002700805664,0.7136716,0.7112384,0.0062371032347432,-0.00093832204445,25.681310764118308,0.709679901599884,0.7445295453071594,4,-0.016412772188325007,0.014802891084194535,0.7251210808753967,2021-03-18,2021-03-16
2021-03-18,0.7251210808753967,0.7112384,0.7123561,0.0063453190379448,-0.0004369657126351,38.50471906232615,0.7107997536659241,0.7445295453071594,5,0.011941116105170712,0.021276588214642324,0.7168099284172058,2021-03-19,2021-03-17
2021-03-19,0.7168099284172058,0.7277119,0.72571707,0.0066956677746267,-0.0006289341312217,39.39230022900361,0.7107997536659241,0.7445295453071594,1,-0.0026682077001745565,-0.006275651001248662,0.7152001261711121,2021-03-22,2021-03-18
2021-03-22,0.7152001261711121,0.72571707,0.7266585,0.0065533795859154,-0.0008163037866472,37.75664745269565,0.7107997536659241,0.7445295453071594,2,0.0015775180322680441,-0.005307034575667284,0.7133176326751709,2021-03-23,2021-03-19
2021-03-23,0.7133176326751709,0.7266585,0.7246914,0.006424041498127,-0.0010065107965227,33.98893581242476,0.7115817070007324,0.7445295453071594,3,0.00616509596797972,0.0006029319073336323,0.6990220546722412,2021-03-24,2021-03-22
2021-03-24,0.6990220546722412,0.7246914,0.72308534,0.0076960380459178,-0.0019784052517446,29.198455268871044,0.6990220546722412,0.7445295453071594,4,-0.014811572761879678,0.002206380125604916,0.6969515085220337,2021-03-25,2021-03-23
2021-03-25,0.6969515085220337,0.72308534,0.71974295,0.0075249257297244,-0.002604615781889,30.95241979602736,0.6969515085220337,0.7445295453071594,5,-0.004044370217164056,-0.013687006059690358,0.6967815160751343,2021-03-26,2021-03-24
2021-03-26,0.6967815160751343,0.6844689,0.6758535,0.0073328636276707,-0.0028541059905197,30.8177744990616,0.6967815160751343,0.7445295453071594,1,-0.021474152909001003,-0.03206223089596623,0.6994082927703857,2021-03-29,2021-03-25
2021-03-29,0.6994082927703857,0.6758535,0.6696871,0.0071971595037294,-0.0026694081531436,36.92352528808967,0.6967815160751343,0.7445295453071594,2,0.023191937333871187,-0.010913078139776489,0.7009722590446472,2021-03-30,2021-03-26
2021-03-30,0.7009722590446472,0.6696871,0.6693118,0.0070360932539376,-0.0022839937829863,32.95971794669403,0.6967815160751343,0.7445295453071594,3,-0.008742177867836775,-0.025548310992055703,0.6992420554161072,2021-03-31,2021-03-29
2021-03-31,0.6992420554161072,0.6693118,0.67500645,0.0068852359765699,-0.0019979987803375,30.147243508632258,0.6967815160751343,0.7445295453071594,4,-0.014951731127624176,-0.02568487897748763,0.6983581781387329,2021-04-01,2021-03-30
2021-04-01,0.6983581781387329,0.67500645,0.6746554,0.0067246243380322,-0.0017307458278601,24.40724389359281,0.6967815160751343,0.7445295453071594,5,0.0050087114359113295,-0.01682427727224071,0.7024997472763062,2021-04-02,2021-03-31
2021-04-02,0.7024997472763062,0.7030207,0.7037358,0.0066914498112011,-0.0011645929010414,33.0136389890706,0.6967815160751343,0.7445295453071594,1,0.00012494902745103476,0.004642431651793275,0.7031112313270569,2021-04-05,2021-04-01
2021-04-05,0.7031112313270569,0.7037358,0.70420367,0.0065353974415885,-0.0006634013734317,31.568517251179145,0.6967815160751343,0.7445295453071594,2,0.0,-0.01838906780756846,0.7066688537597656,2021-04-06,2021-04-02
2021-04-06,0.7066688537597656,0.70420367,0.7025056,0.006477330753628,-3.967198564945682e-05,37.18296093440038,0.6967815160751343,0.7445295453071594,3,0.03569840708627201,0.026218140191296254,0.7063693404197693,2021-04-07,2021-04-05
2021-04-07,0.7063693404197693,0.7025056,0.7042193,0.0063267761271868,0.0003821018602032,28.57168156059285,0.6967815160751343,0.7445295453071594,4,-0.005437760323936038,0.036028141652599405,0.7013409733772278,2021-04-08,2021-04-06
2021-04-08,0.7013409733772278,0.7042193,0.7092257,0.0063749035385951,0.0003525285196931,30.88921420197819,0.6967815160751343,0.7445295453071594,5,-0.01526187929104689,0.015238658618763608,0.7061498761177063,2021-04-09,2021-04-07
2021-04-09,0.7061498761177063,0.70712596,0.7064054,0.0064048916029008,0.0006685978822868,39.6381210794403,0.6967815160751343,0.7445295453071594,1,0.009672498938159392,0.02497812039807774,0.703982412815094,2021-04-12,2021-04-08
2021-04-12,0.703982412815094,0.7064054,0.70217294,0.0062920912645444,0.0007380012640829,39.38114357854084,0.6967815160751343,0.7445295453071594,2,-0.012999931559483379,0.011739710631842884,0.7032397985458374,2021-04-13,2021-04-09
2021-04-13,0.7032397985458374,0.70217294,0.70315075,0.0061516538631762,0.0007384094303102,56.93641731820357,0.6967815160751343,0.7445295453071594,3,-0.005073881548938817,-0.028681598752523248,0.706119954586029,2021-04-14,2021-04-12
2021-04-14,0.706119954586029,0.70315075,0.6966836,0.0060784548008392,0.000925065088571,64.6871341846507,0.6967815160751343,0.7445295453071594,4,0.0032206173632353353,-0.02023504321405221,0.7140001058578491,2021-04-15,2021-04-13
2021-04-15,0.7140001058578491,0.6966836,0.6929517,0.0064194055413251,0.0015356518729085,72.11897447834197,0.6967815160751343,0.7445295453071594,5,0.023708710203915604,0.018700722037502584,0.7175711989402771,2021-04-16,2021-04-14
2021-04-16,0.7175711989402771,0.71335906,0.71828,0.0063646518628064,0.0021014484178283,72.7793833360494,0.6967815160751343,0.7445295453071594,1,0.021624486094410433,0.030949271427430983,0.7127177715301514,2021-04-19,2021-04-15
2021-04-19,0.7127177715301514,0.71828,0.7166103,0.0063921973630636,0.0020670884759507,63.60806303475613,0.6967815160751343,0.7445295453071594,2,-0.012009036212427845,0.03197134056168487,0.7190881967544556,2021-04-20,2021-04-16
2021-04-20,0.7190881967544556,0.7166103,0.7209683,0.0065401983963303,0.0023699320214395,70.7610098578991,0.6967815160751343,0.7445295453071594,3,0.016607777466976493,0.05459051581590679,0.7165479063987732,2021-04-21,2021-04-19
2021-04-21,0.7165479063987732,0.7209683,0.72169125,0.0064337157584148,0.0022941900152894,68.39089533979764,0.6967815160751343,0.7445295453071594,4,-0.006136441950969237,0.044768673251099865,0.7204403877258301,2021-04-22,2021-04-20
2021-04-22,0.7204403877258301,0.72169125,0.71789503,0.0063948492667354,0.0023904239784662,68.23087900027377,0.6967815160751343,0.7445295453071594,5,0.014688002811719945,0.03538650129247061,0.7154299020767212,2021-04-23,2021-04-21
2021-04-23,0.7154299020767212,0.72343093,0.720323,0.0064304371265486,0.0020157895908752,61.49065560335769,0.6967815160751343,0.7445295453071594,1,-0.0014007337467382489,0.01181886568555778,0.7191709280014038,2021-04-26,2021-04-22
2021-04-26,0.7191709280014038,0.720323,0.71918106,0.0063837701167865,0.0019195696281932,61.62196665285144,0.6967815160751343,0.7445295453071594,2,0.014495528570305756,0.03899524246543073,0.7230082750320435,2021-04-27,2021-04-23
2021-04-27,0.7230082750320435,0.71918106,0.7168759,0.006343582644237,0.0020046703431871,64.51300298105207,0.6967815160751343,0.7445295453071594,3,0.02388920803618793,0.04658822452320772,0.7204195857048035,2021-04-28,2021-04-26
2021-04-28,0.7204195857048035,0.7168759,0.71939814,0.0062470085070409,0.0017842945488981,67.38067570942974,0.6967815160751343,0.7445295453071594,4,0.0642153066728483,0.12286933149100794,0.727300226688385,2021-04-29,2021-04-27
2021-04-29,0.727300226688385,0.71939814,0.7191325,0.0064476185586551,0.0019842482300962,68.56717679955796,0.6967815160751343,0.7445295453071594,5,-0.04440381313038143,0.05843933360936106,0.7247374653816223,2021-04-30,2021-04-28
2021-04-30,0.7247374653816223,0.72788393,0.7276629,0.0063451178216106,0.0018299960052695,68.09457493244648,0.6967815160751343,0.7445295453071594,1,-0.009745403319025842,0.04964375624035088,0.7169898152351379,2021-05-03,2021-04-29
2021-05-03,0.7169898152351379,0.7276629,0.72494763,0.0066290046471684,0.0011267621131991,60.68267382898424,0.6967815160751343,0.7445295453071594,2,-0.003120809214669029,0.03131479586307801,0.7198076248168945,2021-05-04,2021-04-30
2021-05-04,0.7198076248168945,0.72494763,0.72850096,0.0065292039471209,0.0007879966685432,60.64454763650724,0.6967815160751343,0.7445295453071594,3,0.014187807813497627,0.021357973922324427,0.7162697911262512,2021-05-05,2021-05-03
2021-05-05,0.7162697911262512,0.72850096,0.7261094,0.0064667608862549,0.0002880333206856,51.89291995541977,0.6967815160751343,0.7445295453071594,4,-0.0015421186716272925,-0.04364331736302519,0.7219278216362,2021-05-06,2021-05-04
2021-05-06,0.7219278216362,0.7261094,0.72140855,0.0065459416236344,0.0002994452387341,53.51120249029631,0.6967815160751343,0.7445295453071594,5,0.0006612142306960406,0.00044078795734489855,0.7232906818389893,2021-05-07,2021-05-05
2021-05-07,0.7232906818389893,0.7186737,0.725865,0.0064060275246035,0.000355988803893,59.02921576172937,0.6967815160751343,0.7445295453071594,1,0.0174714913257196,0.02804360709212753,0.7296074628829956,2021-05-10,2021-05-06
2021-05-10,0.7296074628829956,0.725865,0.72932404,0.0065391363348518,0.0007531921883271,58.99164236410435,0.6967815160751343,0.7445295453071594,2,0.031329113091163485,0.06407673511659143,0.7271299362182617,2021-05-11,2021-05-07
2021-05-11,0.7271299362182617,0.72932404,0.7338031,0.006429515913348,0.0007801436398282,59.05500726799786,0.6967815160751343,0.7445295453071594,3,-0.006842448062350475,0.041932593723215304,0.7262691855430603,2021-05-12,2021-05-10
2021-05-12,0.7262691855430603,0.7338031,0.7310129,0.0062861118891698,0.0006750162745224,55.26062954766257,0.6967815160751343,0.7445295453071594,4,0.009461819095785704,0.05346126922578398,0.7164093852043152,2021-05-13,2021-05-11
2021-05-13,0.7164093852043152,0.7310129,0.7284168,0.0068285876804797,-8.322140889998166e-05,50.81285571402991,0.6967815160751343,0.7445295453071594,5,-0.005455899067965582,0.04703679693176985,0.7182979583740234,2021-05-14,2021-05-12
2021-05-14,0.7182979583740234,0.7153878,0.71794206,0.006690137942389,-0.0004611244851832,49.25255680078388,0.6967815160751343,0.7445295453071594,1,-0.009938743351079252,0.018727033693980797,0.7243909239768982,2021-05-17,2021-05-13
2021-05-17,0.7243909239768982,0.71794206,0.7183033,0.0067872649403686,-0.0003114653954685,51.13980874287404,0.6967815160751343,0.7445295453071594,2,-0.00885860766012958,-0.021401545128546938,0.7219122052192688,2021-05-18,2021-05-14
2021-05-18,0.7219122052192688,0.7183033,0.718889,0.006667830354815,-0.0003853009156972,51.23269977100394,0.6967815160751343,0.7445295453071594,3,0.01225307234489491,-0.002535139730362111,0.7237984538078308,2021-05-19,2021-05-17
2021-05-19,0.7237984538078308,0.718889,0.7185715,0.0065355991912541,-0.0003159077502509,46.84799333866984,0.6967815160751343,0.7445295453071594,4,0.0029607591243407698,-0.008998685891298293,0.7163118720054626,2021-05-20,2021-05-18
2021-05-20,0.7163118720054626,0.7185715,0.71404487,0.0067738922908743,-0.0007578114450678,43.03349057812596,0.6967815160751343,0.7365506291389465,5,-0.0313162130068712,-0.03429776009447427,0.7196574807167053,2021-05-21,2021-05-19
2021-05-21,0.7196574807167053,0.70702636,0.70654106,0.006690731413527,-0.0008040084863584,52.37886680131817,0.6967815160751343,0.7296074628829956,1,-0.00163553912768276,-0.02624595554850256,0.7173189520835876,2021-05-24,2021-05-20
2021-05-24,0.7173189520835876,0.70654106,0.7053075,0.0065713534470791,-0.0009606784062505,47.761614909629344,0.6967815160751343,0.7296074628829956,2,-0.018947464727376417,-0.03602063036358731,0.7214798927307129,2021-05-25,2021-05-21
2021-05-25,0.7214798927307129,0.7053075,0.7030101,0.0065405999946548,-0.0007614071642162,54.634174271799886,0.6967815160751343,0.7296074628829956,3,0.010069303102651882,-0.03812344199780583,0.7224389910697937,2021-05-26,2021-05-24
2021-05-26,0.7224389910697937,0.7030101,0.70436656,0.0063949804815131,-0.0005520837204679,50.496136659732166,0.6967815160751343,0.7296074628829956,4,-0.004303036537704567,-0.045085002481607454,0.7278285026550293,2021-05-27,2021-05-25
2021-05-27,0.7278285026550293,0.70436656,0.70386827,0.0064540785140476,-6.343589865068005e-05,54.08506236089261,0.6967815160751343,0.7296074628829956,5,0.0024296326940673584,-0.012310700217634096,0.7284275889396667,2021-05-28,2021-05-26
2021-05-28,0.7284275889396667,0.72364503,0.7175651,0.0063075618684974,0.0002691021375237,48.8159567990219,0.6967815160751343,0.7296074628829956,1,0.029025375367174044,0.018441797661603785,0.7242912650108337,2021-05-31,2021-05-27
2021-05-31,0.7242912650108337,0.7175651,0.7170523,0.0062874148641995,0.0001835452358097,47.24308441111125,0.6967815160751343,0.7296074628829956,2,0.0034227852531662456,0.04148133457138478,0.7277278900146484,2021-06-01,2021-05-28
2021-06-01,0.7277278900146484,0.7170523,0.71708286,0.0062300256350846,0.0003232891334085,51.34918788514951,0.6967815160751343,0.7296074628829956,3,0.0,0.031046964915537406,0.7253314852714539,2021-06-02,2021-05-31
2021-06-02,0.7253314852714539,0.71708286,0.71688944,0.0061312520846858,0.0002239344284239,59.57405166436836,0.6967815160751343,0.7296074628829956,4,-0.0043875518245004505,0.030959829367792343,0.7233482599258423,2021-06-03,2021-06-01
2021-06-03,0.7233482599258423,0.71688944,0.72214806,0.0060232096173352,5.783441292596305e-06,55.40834850368812,0.6967815160751343,0.7296074628829956,5,-0.013388296308474998,0.014780479235545775,0.7148601412773132,2021-06-04,2021-06-02
2021-06-04,0.7148601412773132,0.7281922,0.7309461,0.0064259931094992,-0.0006905311944068,40.29155687241199,0.6967815160751343,0.7296074628829956,1,-0.028332377874284862,-0.041787242652017706,0.7209701538085938,2021-06-07,2021-06-03
2021-06-07,0.7209701538085938,0.7309461,0.7333061,0.0065458409366958,-0.0007168550893795,49.106489694527454,0.6967815160751343,0.7296074628829956,2,0.014652273684639288,-0.03096636080519646,0.7225485444068909,2021-06-08,2021-06-04
2021-06-08,0.7225485444068909,0.7333061,0.73554695,0.0064114657632423,-0.000609425493184,48.80753080971899,0.6967815160751343,0.7296074628829956,3,-0.0005511286529771498,-0.0315002758679964,0.7190313339233398,2021-06-09,2021-06-07
2021-06-09,0.7190313339233398,0.73554695,0.7335439,0.0063534853795252,-0.0007475937897286,52.8070946124702,0.6967815160751343,0.7296074628829956,4,0.006155296333228396,-0.02123551550932761,0.7171800136566162,2021-06-10,2021-06-08
2021-06-10,0.7171800136566162,0.7335439,0.73234105,0.0062336242523718,-0.0009244379377196,47.36129750648487,0.6967815160751343,0.7296074628829956,5,-0.005824561671397553,-0.013804332355920799,0.7189486026763916,2021-06-11,2021-06-09
2021-06-11,0.7189486026763916,0.71773297,0.71858543,0.0061164139667574,-0.000883131762712,51.7570410813826,0.6967815160751343,0.7296074628829956,1,-0.010303133803955268,0.004137280903106027,0.7138981223106384,2021-06-14,2021-06-10
2021-06-14,0.7138981223106384,0.71858543,0.71903604,0.0061729065160279,-0.0011404227711405,41.97940640507463,0.6967815160751343,0.7296074628829956,2,0.01140472334101938,0.0008815839127802555,0.7143775820732117,2021-06-15,2021-06-11
2021-06-15,0.7143775820732117,0.71903604,0.71862066,0.0060360832636935,-0.0012158739753224,41.38457775207092,0.6967815160751343,0.7296074628829956,3,-0.0020940166441878005,-0.0006614735751243036,0.7122507095336914,2021-06-16,2021-06-14
2021-06-16,0.7122507095336914,0.71862066,0.7168954,0.0059375372265482,-0.0013369550521409,32.103590895395655,0.6967815160751343,0.7296074628829956,4,-0.043288974204270095,-0.04887136526633857,0.7071185111999512,2021-06-17,2021-06-15
2021-06-17,0.7071185111999512,0.7168954,0.71743447,0.0060160564514139,-0.0016690344592026,27.82855576489675,0.6967815160751343,0.7296074628829956,5,0.012024140439162556,-0.03174254472220675,0.7015377879142761,2021-06-18,2021-06-16
2021-06-18,0.7015377879142761,0.70716655,0.7069557,0.0061292427525131,-0.0021407751281435,27.016518436636787,0.6983581781387329,0.7296074628829956,1,-0.048511249256526764,-0.06803999315223574,0.6949077248573303,2021-06-21,2021-06-17
2021-06-21,0.6949077248573303,0.7069557,0.70656765,0.006336409201656,-0.0027374104981637,18.857227533049866,0.6949077248573303,0.7296074628829956,2,-0.005271442057981501,-0.08345264324118647,0.6986313462257385,2021-06-22,2021-06-18
2021-06-22,0.6986313462257385,0.70656765,0.7068936,0.0063008882818916,-0.0027140637710404,25.286932727212545,0.6949077248573303,0.7296074628829956,3,0.005988064755717649,-0.07601501763466256,0.7017987370491028,2021-06-23,2021-06-21
2021-06-23,0.7017987370491028,0.7068936,0.70499325,0.0062364056842332,-0.0023326595840868,30.482078479599465,0.6949077248573303,0.7296074628829956,4,0.011161344012827815,-0.024308805885532716,0.7045577764511108,2021-06-24,2021-06-22
2021-06-24,0.7045577764511108,0.70499325,0.7039694,0.0061554617408674,-0.0017675691864453,39.58839070475712,0.6949077248573303,0.7296074628829956,5,0.02253318671770442,-0.014001155047797701,0.7063194513320923,2021-06-25,2021-06-23
2021-06-25,0.7063194513320923,0.700987,0.7027207,0.0060423099832206,-0.0011765916289376,33.76726640655339,0.6949077248573303,0.7296074628829956,1,-0.004512539660794791,0.03035006534645816,0.70689857006073,2021-06-28,2021-06-24
2021-06-28,0.70689857006073,0.7027207,0.7031849,0.0059112271771882,-0.0006731548019057,32.26742811758365,0.6949077248573303,0.7296074628829956,2,-0.002903500398113391,0.03279276513435352,0.7048904895782471,2021-06-29,2021-06-25
2021-06-29,0.7048904895782471,0.7031849,0.70331275,0.0058146138233266,-0.0004145525526789,33.41002095040433,0.6949077248573303,0.7296074628829956,3,-0.004896805697030001,0.021611911147388273,0.6989800930023193,2021-06-30,2021-06-28
2021-06-30,0.6989800930023193,0.70331275,0.7000631,0.005975435065474,-0.0005710560782498,30.50469786316819,0.6949077248573303,0.7296074628829956,4,-0.00035061145826322903,0.00991859591752164,0.6996676325798035,2021-07-01,2021-06-29
2021-07-01,0.6996676325798035,0.7000631,0.7036866,0.0058480409729126,-0.0005571692644642,28.85703641247868,0.6949077248573303,0.7296074628829956,5,0.004665815048149154,-0.007965746113655919,0.6963691115379333,2021-07-02,2021-06-30
2021-07-02,0.6963691115379333,0.70169747,0.6996322,0.0058118407092303,-0.0006903242318103,30.01011430249376,0.6949077248573303,0.7296074628829956,1,-0.012765905292922918,-0.016119672576616055,0.7025876045227051,2021-07-05,2021-07-01
2021-07-05,0.7025876045227051,0.6996322,0.69803333,0.006007359996375,-0.000299734945218,38.11104285849951,0.6949077248573303,0.7296074628829956,2,0.009385324889507184,-0.00395434342215364,0.7052086591720581,2021-07-06,2021-07-02
2021-07-06,0.7052086591720581,0.69803333,0.69837093,0.0059307640987329,0.000169754803585,42.968906218756246,0.6949077248573303,0.7296074628829956,3,0.0,0.0009350600828209919,0.7017691731452942,2021-07-07,2021-07-05
2021-07-07,0.7017691731452942,0.69837093,0.6995433,0.0058969723949967,0.0002769299521616,44.47213431407211,0.6949077248573303,0.7296074628829956,4,-0.0056206630299764915,-0.004326043982302,0.7013409733772278,2021-07-08,2021-07-06
2021-07-08,0.7013409733772278,0.6995433,0.70429426,0.0057698635109824,0.0003429371048677,49.772377585741,0.6949077248573303,0.7296074628829956,5,0.016537025296375227,0.007564247325372619,0.6949077248573303,2021-07-09,2021-07-07
2021-07-09,0.6949077248573303,0.7058738,0.7078692,0.0059893243099615,-4.329054181719839e-06,50.0,0.6949077248573303,0.7296074628829956,1,-0.013371488070429429,0.006954268484942704,0.7006186246871948,2021-07-12,2021-07-08
2021-07-12,0.7006186246871948,0.7078692,0.7053843,0.0061226213562642,0.0001825983908094,52.20695215412987,0.6949077248573303,0.7296074628829956,2,0.018785304387606946,0.016464244730375985,0.6986606121063232,2021-07-13,2021-07-09
2021-07-13,0.6986606121063232,0.7053843,0.7050151,0.00601649487349,0.0002047207394702,46.41879105884721,0.6949077248573303,0.7296074628829956,3,-0.00680078879935816,0.009574938989454905,0.6944106817245483,2021-07-14,2021-07-12
2021-07-14,0.6944106817245483,0.7050151,0.7051388,0.0060301940679695,-2.434468320771516e-05,38.80126722502454,0.6944106817245483,0.7296074628829956,4,-0.0019681857282249364,0.01326913090770513,0.7038784027099609,2021-07-15,2021-07-13
2021-07-15,0.7038784027099609,0.7051388,0.70375127,0.0065918689660065,0.0004766422031009,47.697588860454346,0.6944106817245483,0.7296074628829956,5,-0.00872959171829475,-0.012012022596948148,0.7011492252349854,2021-07-16,2021-07-14
2021-07-16,0.7011492252349854,0.70586926,0.70781916,0.0064927908213709,0.0006294852432381,44.78855554739131,0.6944106817245483,0.7296074628829956,1,0.013008367366183172,0.014397769141162885,0.6994816660881042,2021-07-19,2021-07-15
2021-07-19,0.6994816660881042,0.70781916,0.7095059,0.0063636406282761,0.000622421457901,45.06676408645572,0.6944106817245483,0.7296074628829956,2,-0.00011544681092663539,-0.004595055968248396,0.693600058555603,2021-07-20,2021-07-16
2021-07-20,0.693600058555603,0.7095059,0.7146637,0.006482337792644,0.0002451521199758,45.09044349294206,0.693600058555603,0.7296074628829956,3,-0.028563388889063745,-0.026023639122399016,0.6923816800117493,2021-07-21,2021-07-19
2021-07-21,0.6923816800117493,0.7146637,0.7158277,0.0063440186132116,-4.73401755043271e-05,43.41499363252219,0.6923816800117493,0.7296074628829956,4,0.014851806274035205,-0.009502813941660197,0.696097731590271,2021-07-22,2021-07-20
2021-07-22,0.696097731590271,0.7158277,0.7147435,0.0063083680753153,4.364876678285496e-05,49.75656546106063,0.6923816800117493,0.7296074628829956,5,0.0021037466339359693,0.001285910649166152,0.69810950756073,2021-07-23,2021-07-21
2021-07-23,0.69810950756073,0.69694793,0.6982204,0.006197574509788,0.0002613641567529,45.65512582959164,0.6923816800117493,0.7296074628829956,1,0.015179078440340365,0.0034617737945363465,0.6983678936958313,2021-07-26,2021-07-22
2021-07-26,0.6983678936958313,0.6982204,0.7002366,0.0060594836244993,0.0004346032836957,43.04382242167035,0.6923816800117493,0.7296074628829956,2,0.013364711728005902,0.017080180512443935,0.7004797458648682,2021-07-27,2021-07-23
2021-07-27,0.7004797458648682,0.7002366,0.70086914,0.0059621554700858,0.0006881773927792,48.65243331933836,0.6923816800117493,0.7296074628829956,3,0.04058149206515783,0.08989442651452573,0.6963497400283813,2021-07-28,2021-07-26
2021-07-28,0.6963497400283813,0.70086914,0.7000852,0.0059704071514897,0.0005789018472355,45.15833598334827,0.6923816800117493,0.7296074628829956,4,-0.009414458188131294,0.06376507320373762,0.6960588693618774,2021-07-29,2021-07-27
2021-07-29,0.6960588693618774,0.7000852,0.69961333,0.0058405324279277,0.0004916127756231,51.26771805498849,0.6923816800117493,0.7296074628829956,5,-0.01484789860388056,0.04588448592832043,0.7011098861694336,2021-07-30,2021-07-28
2021-07-30,0.7011098861694336,0.69811106,0.6943321,0.0059265919091128,0.000762466531307,50.54898941187128,0.6923816800117493,0.7296074628829956,1,0.009112161958738268,0.039558401419895584,0.6974901556968689,2021-08-02,2021-07-29
2021-08-02,0.6974901556968689,0.6943321,0.6962068,0.0059046358872398,0.0006885140208965,48.73884276926673,0.6923816800117493,0.7284275889396667,2,-0.008777292901011693,0.01679345532458257,0.6987192630767822,2021-08-03,2021-07-30
2021-08-03,0.6987192630767822,0.6962068,0.69664824,0.0057892750301804,0.0007101925769518,54.9657209589888,0.6923816800117493,0.7284275889396667,3,-0.010883711128238811,-0.03421225913048556,0.7045776844024658,2021-08-04,2021-08-02
2021-08-04,0.7045776844024658,0.69664824,0.69462645,0.0059481389576022,0.0010844877356136,50.87907015777107,0.6923816800117493,0.7284275889396667,4,-0.011117587657581399,-0.035855720781950005,0.7044088840484619,2021-08-05,2021-08-03
2021-08-05,0.7044088840484619,0.69462645,0.6940239,0.0058187361229255,0.001273060004932,54.37966492616202,0.6923816800117493,0.7284275889396667,5,-0.012165873542960521,-0.033266390891058414,0.7048507928848267,2021-08-06,2021-08-04
2021-08-06,0.7048507928848267,0.7065032,0.70636225,0.0056953229914192,0.0013714119678382,57.45962499399612,0.6923816800117493,0.7284275889396667,1,0.003573300745128146,-0.0386061923212971,0.6993300318717957,2021-08-09,2021-08-05
2021-08-09,0.6993300318717957,0.70636225,0.70611715,0.0058289752441508,0.0010244104329414,58.04160120992499,0.6923816800117493,0.7284275889396667,2,0.0,-0.030130615381177037,0.6991980075836182,2021-08-10,2021-08-06
2021-08-10,0.6991980075836182,0.70611715,0.70948344,0.0057037344022008,0.0007580220975196,59.86709163291613,0.6923816800117493,0.7284275889396667,3,-0.013553595701871597,-0.032716601011901575,0.7006480693817139,2021-08-11,2021-08-09
2021-08-11,0.7006480693817139,0.70948344,0.709692,0.0056009968397141,0.0006553624228124,57.04938317204698,0.6923816800117493,0.7284275889396667,4,0.01493339169938163,-0.007186827152890446,0.7041807174682617,2021-08-12,2021-08-10
2021-08-12,0.7041807174682617,0.709692,0.70868886,0.005591608517705,0.0007921183785751,58.98225031569887,0.6923816800117493,0.7284275889396667,5,0.0028684109943628113,0.007852175632893968,0.7005204558372498,2021-08-13,2021-08-11
2021-08-13,0.7005204558372498,0.705564,0.70911705,0.0055897182756663,0.0006109263478452,52.89342541702053,0.6923816800117493,0.7284275889396667,1,-0.0018348393211124997,0.0024162821866453993,0.703982412815094,2021-08-16,2021-08-12
2021-08-16,0.703982412815094,0.70911705,0.70960677,0.0055767663759746,0.0006930799926058,54.54330383581173,0.6923816800117493,0.7284275889396667,2,0.007091448503645414,0.009550130393647702,0.7028493285179138,2021-08-17,2021-08-13
2021-08-17,0.7028493285179138,0.70960677,0.7106888,0.0054711750615491,0.0006411625062829,59.14130651648696,0.6923816800117493,0.7284275889396667,3,-0.01492737705102726,0.008164181466840701,0.6927894949913025,2021-08-18,2021-08-16
2021-08-18,0.6927894949913025,0.7106888,0.71130896,0.0062010384524713,-6.321218754519546e-05,46.39298100710606,0.6923816800117493,0.7284275889396667,4,-0.028633784386797412,-0.03481563228124527,0.6874505877494812,2021-08-19,2021-08-17
2021-08-19,0.6874505877494812,0.71130896,0.7123477,0.0062882398767446,-0.0008381873735538,35.02516444122655,0.6874505877494812,0.7284275889396667,5,-0.020202619271785523,-0.056828523604368936,0.6820305585861206,2021-08-20,2021-08-18
2021-08-20,0.6820305585861206,0.68690324,0.68399745,0.0063795614229908,-0.0016200547134108,33.69509323322072,0.6820305585861206,0.7277278900146484,1,-0.01900856626589939,-0.07288799778089004,0.6830880641937256,2021-08-23,2021-08-19
2021-08-23,0.6830880641937256,0.68399745,0.68052137,0.0062436925968844,-0.0019481815750711,33.45421783437561,0.6820305585861206,0.7277278900146484,2,0.023493114300061776,-0.05755642862779377,0.6894079446792603,2021-08-24,2021-08-20
2021-08-24,0.6894079446792603,0.68052137,0.67856485,0.0064228292516583,-0.0016344389723908,34.098026327299266,0.6820305585861206,0.7253314852714539,3,0.023898832525376987,-0.020245278766039883,0.6938084959983826,2021-08-25,2021-08-23
2021-08-25,0.6938084959983826,0.67856485,0.6774814,0.0064266438544834,-0.0010535938166738,39.79346464944429,0.6820305585861206,0.7233482599258423,4,0.004829547756957162,0.013095311350836587,0.6972820162773132,2021-08-26,2021-08-24
2021-08-26,0.6972820162773132,0.6774814,0.6750204,0.0063728900534979,-0.0003925424200567,43.11441470654262,0.6820305585861206,0.7225485444068909,5,0.00234736071800499,0.036200117749578944,0.694531261920929,2021-08-27,2021-08-25
2021-08-27,0.694531261920929,0.6957081,0.69328356,0.0062862704867274,-0.0001121966946498,45.40268609670861,0.6820305585861206,0.7225485444068909,1,-0.004464830380560233,0.05138046045575173,0.7012377381324768,2021-08-30,2021-08-26
2021-08-30,0.7012377381324768,0.69328356,0.6972564,0.0064881697049321,0.0005186279853544,51.73548387751148,0.6820305585861206,0.7225485444068909,2,0.01646761273866541,0.044019871578625656,0.6998194456100464,2021-08-31,2021-08-27
2021-08-31,0.6998194456100464,0.6972564,0.69921166,0.0063542606075952,0.0008163713943329,49.29459258687948,0.6820305585861206,0.7190313339233398,3,0.010256470859227965,0.0298736879799198,0.7051689028739929,2021-09-01,2021-08-30
2021-09-01,0.7051689028739929,0.69921166,0.6963931,0.0064257362579101,0.0013197790191192,50.816000882003486,0.6820305585861206,0.7189486026763916,4,-0.00022931487279600338,0.024676854582713147,0.7065889835357666,2021-09-02,2021-08-31
2021-09-02,0.7065889835357666,0.6963931,0.6939012,0.0062945607349846,0.0016719318521039,55.20364719892465,0.6820305585861206,0.7189486026763916,5,-0.022498947515922945,-0.0004688992037769529,0.7110706567764282,2021-09-03,2021-09-01
2021-09-03,0.7110706567764282,0.7050248,0.7047843,0.0063031938857448,0.0021023936935276,55.97357023808687,0.6820305585861206,0.7143775820732117,1,0.006313583580268056,0.010362729795147558,0.7151899337768555,2021-09-06,2021-09-02
2021-09-06,0.7151899337768555,0.7047843,0.70488036,0.0062866477958922,0.0025314535213855,59.9015966630097,0.6820305585861206,0.7151899337768555,2,0.008241019236161445,0.0020849818450598004,0.7136587500572205,2021-09-07,2021-09-03
2021-09-07,0.7136587500572205,0.70488036,0.70603526,0.0061630739998836,0.0025707736718543,69.39969370771027,0.6820305585861206,0.7151899337768555,3,0.0,-0.008140346043159174,0.7097585201263428,2021-09-08,2021-09-06
2021-09-08,0.7097585201263428,0.70603526,0.7026115,0.0061415491473766,0.0022067050078971,71.3069685939046,0.6820305585861206,0.7151899337768555,4,-0.011158980827595135,-0.01892201339453035,0.7098290324211121,2021-09-09,2021-09-07
2021-09-09,0.7098290324211121,0.7026115,0.704438,0.0060060225880337,0.0018572590963365,79.5732252488526,0.6820305585861206,0.7151899337768555,5,-0.0106940976464112,-0.007271906461618859,0.7105098962783813,2021-09-10,2021-09-08
2021-09-10,0.7105098962783813,0.7080758,0.70643264,0.0058789685904845,0.001570015116465,79.40820761953465,0.6820305585861206,0.7151899337768555,1,0.012095813030311571,-0.0015150972870077322,0.711657702922821,2021-09-13,2021-09-09
2021-09-13,0.711657702922821,0.70643264,0.70965654,0.0057633063737973,0.0013630367221797,76.83883427016782,0.6820305585861206,0.7151899337768555,2,0.03768406881650757,0.028320412080785947,0.7114601731300354,2021-09-14,2021-09-10
2021-09-14,0.7114601731300354,0.70965654,0.71763605,0.0056413098904505,0.0011282545265045,73.69501625828917,0.6820305585861206,0.7151899337768555,3,-0.01918003193451112,0.008785136218006135,0.7095721364021301,2021-09-15,2021-09-13
2021-09-15,0.7095721364021301,0.71763605,0.71851575,0.0055528908166024,0.0007778973938687,67.2313107542553,0.6820305585861206,0.7151899337768555,4,-0.010482219734218319,0.009468073816507494,0.7132006287574768,2021-09-16,2021-09-14
2021-09-16,0.7132006287574768,0.71851575,0.719774,0.0055488924714453,0.0007237454425972,75.54654034497045,0.6820305585861206,0.7151899337768555,5,0.019607402467313417,0.04052462454988069,0.7070900201797485,2021-09-17,2021-09-15
2021-09-17,0.7070900201797485,0.71858925,0.71716064,0.0057439715672125,0.0002349116638289,58.14082292912091,0.6820305585861206,0.7151899337768555,1,-0.02879719785590884,-0.0011672964197084075,0.7033585906028748,2021-09-20,2021-09-16
2021-09-20,0.7033585906028748,0.71716064,0.72017753,0.0057370046625518,-0.0003494485543464,54.625464867905066,0.6820305585861206,0.7151899337768555,2,-0.007742880476100124,-0.0455260495884921,0.7017691731452942,2021-09-21,2021-09-17
2021-09-21,0.7017691731452942,0.72017753,0.7224978,0.0056367412124012,-0.0008255550925774,45.07244724119938,0.6820305585861206,0.7151899337768555,3,-0.03073485131819312,-0.056491350653917645,0.6997313499450684,2021-09-22,2021-09-20
2021-09-22,0.6997313499450684,0.7224978,0.72399604,0.0055542801195626,-0.0012355866298681,40.235431908067824,0.6820305585861206,0.7151899337768555,4,0.002668207700174605,-0.04400186759386724,0.6991002559661865,2021-09-23,2021-09-21
2021-09-23,0.6991002559661865,0.72399604,0.7211108,0.0054426013218426,-0.001490118781532,30.856122075465947,0.6820305585861206,0.7151899337768555,5,0.02971408323821386,-0.034290909535865874,0.7065390348434448,2021-09-24,2021-09-22
2021-09-24,0.7065390348434448,0.6990784,0.7022582,0.0058035273282915,-0.0011154472197163,37.49284754058805,0.6820305585861206,0.7151899337768555,1,-0.005068699628163132,-0.011102052734611177,0.7016608715057373,2021-09-27,2021-09-23
2021-09-27,0.7016608715057373,0.7022582,0.71126074,0.0058729025079765,-0.0011495400100699,34.184511285048245,0.6820305585861206,0.7151899337768555,2,0.013265431133486612,0.009892784366166004,0.700790524482727,2021-09-28,2021-09-24
2021-09-28,0.700790524482727,0.71126074,0.7025876,0.0057531760071911,-0.0011796616684505,37.1522013867541,0.6820305585861206,0.7151899337768555,3,0.001398448442729701,0.0428709835272861,0.6960008144378662,2021-09-29,2021-09-27
2021-09-29,0.6960008144378662,0.7025876,0.6960892,0.0058217548343783,-0.0014531511752823,32.54898715991064,0.6820305585861206,0.7151899337768555,4,-0.011360445887335986,0.028343049699533662,0.6872379779815674,2021-09-30,2021-09-28
2021-09-30,0.6872379779815674,0.6960892,0.6917365,0.0063175979760131,-0.0021150857829961,25.607016298724982,0.6820305585861206,0.7151899337768555,5,-0.01065731292806011,-0.012345737154354736,0.6896799206733704,2021-10-01,2021-09-29
2021-10-01,0.6896799206733704,0.6862788,0.6883951,0.0062232287771686,-0.0022659070114172,27.571956886693755,0.6820305585861206,0.7151899337768555,1,-0.02653947251399646,-0.03332540670907974,0.6941889524459839,2021-10-04,2021-09-30
2021-10-04,0.6941889524459839,0.6883951,0.6884092,0.0062460583191609,-0.0019513847211298,33.80044836781815,0.6820305585861206,0.7151899337768555,2,0.024990710086426587,-0.02192416670827986,0.6961801052093506,2021-10-05,2021-10-01
2021-10-05,0.6961801052093506,0.6884092,0.6872302,0.0061382225809141,-0.00151791946234,37.46318708604653,0.6820305585861206,0.7151899337768555,3,0.012559400382500427,-0.010946764159792594,0.6956700682640076,2021-10-06,2021-10-04
2021-10-06,0.6956700682640076,0.6872302,0.68739545,0.0060050075742897,-0.0011887864588106,32.57135272101506,0.6820305585861206,0.7151899337768555,4,-0.010534481818709952,-0.010129504257835799,0.6915820240974426,2021-10-07,2021-10-05
2021-10-07,0.6915820240974426,0.68739545,0.6825912,0.0060094155191964,-0.0011679311647131,33.93613251127084,0.6820305585861206,0.7151899337768555,5,-0.010766960141821892,-0.010238034849531757,0.6938180923461914,2021-10-08,2021-10-06
2021-10-08,0.6938180923461914,0.6885307,0.69519323,0.0059204831122639,-0.000935139604096,39.80159159981905,0.6820305585861206,0.7151899337768555,1,0.02236055645606652,0.03936424668126014,0.6921613216400146,2021-10-11,2021-10-07
2021-10-11,0.6921613216400146,0.69519323,0.69772506,0.0058158056498946,-0.0008280143311941,39.744361380626685,0.6820305585861206,0.7151899337768555,2,0.00749946452518983,0.021342541913286477,0.6943287253379822,2021-10-12,2021-10-08
2021-10-12,0.6943287253379822,0.69772506,0.69792545,0.0057325947659266,-0.0005593328480386,44.24902512407223,0.6820305585861206,0.7151899337768555,3,0.02113848449465271,0.03014241895733405,0.6925591230392456,2021-10-13,2021-10-11
2021-10-13,0.6925591230392456,0.69792545,0.6972202,0.0056385947248367,-0.0004534514819259,43.201883169175495,0.6820305585861206,0.7151899337768555,4,-0.010455613767918948,0.030223667485868792,0.6972284913063049,2021-10-14,2021-10-12
2021-10-14,0.6972284913063049,0.6972202,0.6949768,0.0057090653452171,-4.3206984834656594e-05,39.732636419447154,0.6820305585861206,0.7151899337768555,5,0.04328608012221442,0.08744289453571237,0.7035713195800781,2021-10-15,2021-10-13
2021-10-15,0.7035713195800781,0.7006129,0.6992903,0.0059206453269779,0.0006431955174048,52.04085271120394,0.6820305585861206,0.7151899337768555,1,0.024258091768928465,0.08950831481303463,0.7084611654281616,2021-10-18,2021-10-14
2021-10-18,0.7084611654281616,0.6992903,0.7007322,0.0059825679512619,0.0013725142371432,57.546182930376126,0.6820305585861206,0.7151899337768555,2,0.021889815135657773,0.10530007341265997,0.7091901898384094,2021-10-19,2021-10-15
2021-10-19,0.7091901898384094,0.7007322,0.70222855,0.0058574101375312,0.0018218377768512,64.10207387750472,0.6820305585861206,0.7151899337768555,3,-0.0007396026716169423,0.08138082978280663,0.7155686020851135,2021-10-20,2021-10-18
2021-10-20,0.7155686020851135,0.70222855,0.70072967,0.0060478471421227,0.0024284898766097,81.91856990323208,0.6820305585861206,0.7155686020851135,4,-0.0034940996754851796,0.0889351418852152,0.71986985206604,2021-10-21,2021-10-19
2021-10-21,0.71986985206604,0.70072967,0.70633304,0.0060549273792759,0.0029638561014991,82.64564123651805,0.6820305585861206,0.71986985206604,5,0.008870135393080384,0.0520959737456351,0.7155993580818176,2021-10-22,2021-10-20
2021-10-22,0.7155993580818176,0.72405815,0.72230816,0.0060600244787653,0.0028726930366173,73.27202733502904,0.6820305585861206,0.71986985206604,1,-0.03628974508804447,-0.009715988711575948,0.7150722742080688,2021-10-25,2021-10-21
2021-10-25,0.7150722742080688,0.72230816,0.71631336,0.0059300156075641,0.0026259607087424,71.20988658902507,0.6820305585861206,0.71986985206604,2,-0.013278690294991742,-0.04393751036219276,0.7166198492050171,2021-10-26,2021-10-22
2021-10-26,0.7166198492050171,0.71631336,0.71856403,0.0058212920103385,0.002421069483748,72.98447163945639,0.6820305585861206,0.71986985206604,3,0.005618262331948899,-0.03783962990866056,0.7168099284172058,2021-10-27,2021-10-25
2021-10-27,0.7168099284172058,0.71856403,0.7211295,0.0056982019909776,0.0021609938713119,80.2668462995063,0.6820305585861206,0.71986985206604,4,-0.014383974458996975,-0.04826059139336282,0.7163888216018677,2021-10-28,2021-10-26
2021-10-28,0.7163888216018677,0.7211295,0.72173524,0.005580620502227,0.0018360335406936,78.31190542411709,0.6820305585861206,0.71986985206604,5,-0.022427198827258542,-0.07758619738912609,0.7195124626159668,2021-10-29,2021-10-27
2021-10-29,0.7195124626159668,0.71363366,0.71591717,0.0055452183284916,0.0017094725167139,83.09055561004033,0.6820305585861206,0.71986985206604,1,0.011445513487450607,-0.0324866809972524,0.7176483869552612,2021-11-01,2021-10-28
2021-11-01,0.7176483869552612,0.71591717,0.71580607,0.0054602260482126,0.0013916982128842,78.42170644001308,0.6820305585861206,0.71986985206604,2,-0.014070309600734762,-0.033252280147623554,0.7179214954376221,2021-11-02,2021-10-29
2021-11-02,0.7179214954376221,0.71580607,0.7171295,0.0053498770034343,0.0011039515211852,82.0816143119089,0.6820305585861206,0.71986985206604,3,0.006038126637894827,-0.03284629206321449,0.7125806212425232,2021-11-03,2021-11-01
2021-11-03,0.7125806212425232,0.7171295,0.7150787,0.00548515033359,0.0004893223240844,69.09497445265215,0.6820305585861206,0.71986985206604,4,-0.006381033013645503,-0.025075163101379208,0.7176278233528137,2021-11-04,2021-11-02
2021-11-04,0.7176278233528137,0.7150787,0.7159073,0.0055845160763406,0.0003638568803161,68.06573341075568,0.6820305585861206,0.71986985206604,5,-0.011034561912988544,-0.013904688655884444,0.7109695672988892,2021-11-05,2021-11-03
2021-11-05,0.7109695672988892,0.71804523,0.71720576,0.0058257452539821,-0.0001962773910423,53.08368236400992,0.6820305585861206,0.71986985206604,1,0.0,-0.02512671242297535,0.7109189629554749,2021-11-08,2021-11-04
2021-11-08,0.7109189629554749,0.71720576,0.7166951,0.0057021772990227,-0.0005773582471547,52.16130339918686,0.6820305585861206,0.71986985206604,2,0.005302551440579939,-0.006056501849535243,0.7162498235702515,2021-11-09,2021-11-05
2021-11-09,0.7162498235702515,0.7166951,0.714976,0.005809779517443,-0.000481486565467,50.87456707820064,0.6820305585861206,0.71986985206604,3,0.012794378665092953,0.0006815673405753802,0.712520182132721,2021-11-10,2021-11-08
2021-11-10,0.712520182132721,0.714976,0.71584696,0.0057964642076394,-0.0006688186938828,40.42378370318366,0.6820305585861206,0.71986985206604,4,-0.005691556501315152,0.001371751683183903,0.7066788077354431,2021-11-11,2021-11-09
2021-11-11,0.7066788077354431,0.71584696,0.7191099,0.0059433368318397,-0.0011570787151852,38.83409383234802,0.6820305585861206,0.71986985206604,5,-0.011943193107045617,0.0004622873191744523,0.7024001479148865,2021-11-12,2021-11-10
2021-11-12,0.7024001479148865,0.7090226,0.70615345,0.0059597705453759,-0.0017059931027335,35.50002387074335,0.6830880641937256,0.71986985206604,1,0.017521189890522815,0.018146044875158175,0.7043195366859436,2021-11-15,2021-11-11
2021-11-15,0.7043195366859436,0.70615345,0.7076224,0.0058610035937241,-0.001864716188028,36.04421703841061,0.6872379779815674,0.71986985206604,2,0.011512569024587669,0.024488422472680817,0.704170823097229,2021-11-16,2021-11-12
2021-11-16,0.704170823097229,0.7076224,0.7106564,0.0057363925779805,-0.0018982857936735,35.646353730205675,0.6872379779815674,0.71986985206604,3,-0.010945115749440501,0.0004539965825769881,0.6991999745368958,2021-11-17,2021-11-15
2021-11-17,0.6991999745368958,0.7106564,0.71079373,0.0058180819249893,-0.0021550626598965,32.30771873554431,0.6872379779815674,0.71986985206604,4,-0.011066238230316975,-0.004908700927959923,0.7003781795501709,2021-11-18,2021-11-16
2021-11-18,0.7003781795501709,0.71079373,0.7138712,0.0057066027444012,-0.0021409507876915,29.48365952921448,0.6872379779815674,0.71986985206604,5,-0.019811861032998198,-0.012708018554341697,0.7042104601860046,2021-11-19,2021-11-17
2021-11-19,0.7042104601860046,0.7028598,0.70343405,0.0057098070674043,-0.0017835343041444,36.17497758694487,0.6872379779815674,0.71986985206604,1,0.008621789527720714,-0.021455344462745427,0.6991393566131592,2021-11-22,2021-11-18
2021-11-22,0.6991393566131592,0.70343405,0.7050485,0.0058014305312092,-0.0017938056486119,32.41307332537086,0.6872379779815674,0.71986985206604,2,0.022596648836052977,-0.010548744250369307,0.6949608325958252,2021-11-23,2021-11-19
2021-11-23,0.6949608325958252,0.7050485,0.7025559,0.0058222100411888,-0.0019729473716055,33.13433040191974,0.6872379779815674,0.71986985206604,3,-0.0029532077089218837,-0.0026094580383847956,0.6952894330024719,2021-11-24,2021-11-22
2021-11-24,0.6952894330024719,0.7025559,0.70346963,0.0056998536532382,-0.0019564119737392,26.494347745370064,0.6872379779815674,0.71986985206604,4,0.006349919772657603,0.01491340074878258,0.6875309348106384,2021-11-25,2021-11-23
2021-11-25,0.6875309348106384,0.70346963,0.7055623,0.0060777255204047,-0.002329737441282,25.89476291066285,0.6872379779815674,0.71986985206604,5,0.007769024297896241,0.043295209421133275,0.6844392418861389,2021-11-26,2021-11-24
2021-11-26,0.6844392418861389,0.6910464,0.6888972,0.0060224615999566,-0.002624715255964,24.37035874667121,0.6844392418861389,0.71986985206604,1,0.0,0.034338803315733135,0.6826311349868774,2021-11-29,2021-11-25
2021-11-29,0.6826311349868774,0.6888972,0.68425494,0.0059185681882616,-0.0027672253367725,15.079211770445596,0.6826311349868774,0.71986985206604,2,-0.040396892628020986,-0.0288080585854751,0.6830694675445557,2021-11-30,2021-11-26
2021-11-30,0.6830694675445557,0.68425494,0.6868135,0.0057936908536832,-0.0026570313975129,17.163390544192083,0.6826311349868774,0.71986985206604,3,0.01287945681614314,-0.013309131493576936,0.6824913620948792,2021-12-01,2021-11-29
2021-12-01,0.6824913620948792,0.6868135,0.6869328,0.0056743733763256,-0.0024530348095754,19.44568261904044,0.6824913620948792,0.71986985206604,4,-0.013697258099476054,-0.032892546874164375,0.6814100742340088,2021-12-02,2021-11-30
2021-12-02,0.6814100742340088,0.6869328,0.69140875,0.0055665998881896,-0.0022274593403617,21.1545550009256,0.6814100742340088,0.71986985206604,5,-0.007155021033390666,-0.047218535594427014,0.6812081933021545,2021-12-03,2021-12-01
2021-12-03,0.6812081933021545,0.6821246,0.6831785,0.0054528155849759,-0.0019389851590983,16.665864285198467,0.6812081933021545,0.71986985206604,1,0.012051826730420677,-0.03566630556254375,0.6757396459579468,2021-12-06,2021-12-02
2021-12-06,0.6757396459579468,0.6831785,0.6809524,0.0056141751109699,-0.0019578965840846,14.448598353740152,0.6757396459579468,0.71986985206604,2,-0.00758856972241096,-0.003503413982650099,0.6749687790870667,2021-12-07,2021-12-03
2021-12-07,0.6749687790870667,0.6809524,0.68116665,0.0055035105416598,-0.0018642225483457,16.144339512650106,0.6749687790870667,0.71986985206604,3,0.016389022124856982,0.0,0.6786198616027832,2021-12-08,2021-12-06
2021-12-08,0.6786198616027832,0.68116665,0.67777944,0.00551659765451,-0.0014184452550558,21.564378277491983,0.6749687790870667,0.71986985206604,4,0.0002305308491431459,0.014025232466480745,0.6808279156684875,2021-12-09,2021-12-07
2021-12-09,0.6808279156684875,0.67777944,0.67778254,0.0054501760312605,-0.0008642026244768,18.08687531319758,0.6749687790870667,0.71986985206604,5,0.012143573592484372,0.033784544593284,0.6795694231987,2021-12-10,2021-12-08
2021-12-10,0.6795694231987,0.6799225,0.6771092,0.0053544857538459,-0.0004902875451642,20.18784628711208,0.6749687790870667,0.71986985206604,1,-0.013989420272332785,0.007211011600265139,0.6795879006385803,2021-12-13,2021-12-09
2021-12-13,0.6795879006385803,0.6771092,0.67437124,0.0052477648001175,-0.0001663888268922,23.18240518727553,0.6749687790870667,0.71986985206604,2,-0.010913827542635871,0.003867337677266016,0.6752012372016907,2021-12-14,2021-12-10
2021-12-14,0.6752012372016907,0.67437124,0.672717,0.005328393371182,-0.0001715652665212,19.302962736268384,0.6749687790870667,0.71986985206604,3,-0.0007006382375670685,-0.01314265270553694,0.673632025718689,2021-12-15,2021-12-13
2021-12-15,0.673632025718689,0.672717,0.6692903,0.0052456653004003,-0.0002025340487963,23.80608968958444,0.673632025718689,0.71986985206604,4,-0.006093297896441775,-0.019363678483354393,0.6778098344802856,2021-12-16,2021-12-14
2021-12-16,0.6778098344802856,0.6692903,0.6706142,0.0053144379010391,0.0001191774849677,37.99756115985194,0.673632025718689,0.71986985206604,5,-0.01766811391749457,-0.048166636513674074,0.6796294450759888,2021-12-17,2021-12-15
2021-12-17,0.6796294450759888,0.677763,0.67825437,0.0052417773120561,0.0004943112307072,44.56774995253792,0.673632025718689,0.71986985206604,1,0.028539628694199994,-0.00681293490743192,0.6731604337692261,2021-12-20,2021-12-16
2021-12-20,0.6731604337692261,0.67825437,0.67693394,0.0055329691068193,0.0003531767317551,35.280305149936424,0.6731604337692261,0.71986985206604,2,-0.0022114952662112626,0.0018678255936082667,0.671312153339386,2021-12-21,2021-12-17
2021-12-21,0.671312153339386,0.67693394,0.6771835,0.0054512344900329,0.0001899330909403,33.997365259651616,0.671312153339386,0.71986985206604,3,-0.0006993315504947428,0.001869134722199476,0.6765991449356079,2021-12-22,2021-12-20
2021-12-22,0.6765991449356079,0.6771835,0.6734282,0.0056032238804116,0.0004763128652031,43.85341529388829,0.671312153339386,0.71986985206604,4,0.011592922396493514,0.01974603434370721,0.6805823445320129,2021-12-23,2021-12-21
2021-12-23,0.6805823445320129,0.6734282,0.6744504,0.0056321909169468,0.0009452048114958,49.27084953667696,0.671312153339386,0.71986985206604,5,0.011801986464597361,0.05024525253543991,0.6822212934494019,2021-12-24,2021-12-22
2021-12-24,0.6822212934494019,0.68261504,0.6828918,0.0055404786436363,0.0013521528460385,58.29137222728839,0.671312153339386,0.71986985206604,1,-0.0005697162249116147,0.02011397966160029,0.6815192699432373,2021-12-27,2021-12-23
2021-12-27,0.6815192699432373,0.6828918,0.6837102,0.0054317306676845,0.0015464655273474,58.394221911944655,0.671312153339386,0.71986985206604,2,0.0,0.0223724532800141,0.6817998886108398,2021-12-28,2021-12-24
2021-12-28,0.6817998886108398,0.6837102,0.68875307,0.0053234374054701,0.0016565015169839,54.46039219882822,0.671312153339386,0.71986985206604,3,0.017623607188597904,0.04127799472187539,0.6805600523948669,2021-12-29,2021-12-27
2021-12-29,0.6805600523948669,0.68875307,0.6877858,0.0052322515427192,0.0016071388599454,49.613798081880994,0.671312153339386,0.71986985206604,4,-0.010129535152001214,0.01890277984642941,0.6839711666107178,2021-12-30,2021-12-28
2021-12-30,0.6839711666107178,0.6877858,0.68698686,0.0052427058004288,0.001753605687824,55.975466675297554,0.671312153339386,0.71986985206604,5,-0.004080741511985847,0.0028476612058794593,0.6830414533615112,2021-12-31,2021-12-29
2021-12-31,0.6830414533615112,0.68440056,0.686319,0.0051480634748696,0.0017341183199228,54.57508650191165,0.671312153339386,0.71986985206604,1,-0.003983371511130091,-0.0005698785440239056,0.6840693950653076,2022-01-03,2021-12-30
2022-01-03,0.6840693950653076,0.686319,0.6892697,0.0050592907676307,0.001732616196435,62.89564600874023,0.671312153339386,0.71986985206604,2,0.015951443469743472,0.015500305101864023,0.6789695620536804,2022-01-04,2021-12-31
2022-01-04,0.6789695620536804,0.6892697,0.68717355,0.0052166127890443,0.0013474563699857,57.038831517339055,0.671312153339386,0.71986985206604,3,-0.009132412861813816,-0.011310171187203606,0.6813613176345825,2022-01-05,2022-01-03
2022-01-05,0.6813613176345825,0.68717355,0.6887694,0.0051714156807836,0.0012170425991826,54.915019912825706,0.671312153339386,0.71986985206604,4,0.011598540419919987,0.01040724050241806,0.6793201565742493,2022-01-06,2022-01-04
2022-01-06,0.6793201565742493,0.6887694,0.6891051,0.0051113188234946,0.0009674629559633,49.574573794926366,0.671312153339386,0.71986985206604,5,-0.013866424055518837,0.0005679366761977919,0.674040675163269,2022-01-07,2022-01-05
2022-01-07,0.674040675163269,0.6776065,0.676773,0.005284836415521,0.0004474087466026,51.251733338757965,0.671312153339386,0.71986985206604,1,-0.012910766635443492,-0.008324775205729485,0.6775985956192017,2022-01-10,2022-01-06
2022-01-10,0.6775985956192017,0.676773,0.67946315,0.0053044196546656,0.0003480510264806,58.52502081363111,0.671312153339386,0.71986985206604,2,0.01257011838481521,-0.011672288814117006,0.6766495108604431,2022-01-11,2022-01-07
2022-01-11,0.6766495108604431,0.67946315,0.6762441,0.0052078308618195,0.000229166389129,50.07740831466067,0.671312153339386,0.71986985206604,3,-0.01337540682525785,-0.015856873464956206,0.678380012512207,2022-01-12,2022-01-10
2022-01-12,0.678380012512207,0.6762441,0.6745864,0.0051365303242964,0.0002747574156553,46.36338046467314,0.671312153339386,0.71986985206604,4,0.017342074765997032,-0.010188149945531019,0.6846923232078552,2022-01-13,2022-01-11
2022-01-13,0.6846923232078552,0.6745864,0.671493,0.0054194175363576,0.0007128227664426,53.53475927621718,0.671312153339386,0.7195124626159668,5,0.03194669342781295,0.03621299166625708,0.6861910820007324,2022-01-14,2022-01-12
2022-01-14,0.6861910820007324,0.68200594,0.68096066,0.0053316107532738,0.0010651050062546,56.53399712564148,0.671312153339386,0.7195124626159668,1,-0.006594926000907652,0.04277825855079889,0.6808279156684875,2022-01-17,2022-01-13
2022-01-17,0.6808279156684875,0.68096066,0.6783899,0.0054892952395766,0.0009048132163377,48.80980706714916,0.671312153339386,0.7195124626159668,2,-0.02738977192518855,0.001930524510058539,0.6797999143600464,2022-01-18,2022-01-14
2022-01-18,0.6797999143600464,0.6783899,0.679644,0.0053872236333107,0.0007062505670313,49.06434747902797,0.671312153339386,0.7195124626159668,3,0.0,0.015421777249824582,0.6771718859672546,2022-01-19,2022-01-17
2022-01-19,0.6771718859672546,0.679644,0.6817157,0.0053435535293301,0.0003903897882047,41.46626469070045,0.671312153339386,0.7195124626159668,4,-0.008079713934942308,-0.010066706506473249,0.6780300140380859,2022-01-20,2022-01-18
2022-01-20,0.6780300140380859,0.6817157,0.68209046,0.0052448050361852,0.0002391553421147,43.698850657409565,0.671312153339386,0.7195124626159668,5,0.01957411991982976,-0.022239270694094763,0.6750781536102295,2022-01-21,2022-01-19
2022-01-21,0.6750781536102295,0.6830736,0.683428,0.0052255742555529,-4.465619694984024e-05,39.216546904532464,0.671312153339386,0.7179214954376221,1,0.025225332029441428,0.009373625898631402,0.6722598671913147,2022-01-24,2022-01-20
2022-01-24,0.6722598671913147,0.683428,0.684649,0.0052004251559808,-0.0003880604578886,41.486983562323424,0.671312153339386,0.7179214954376221,2,-0.014083219115167165,0.022894669087008435,0.6704614758491516,2022-01-25,2022-01-21
2022-01-25,0.6704614758491516,0.684649,0.683943,0.0051306792953752,-0.0006848426741707,35.959269604689126,0.6704614758491516,0.7176278233528137,3,-0.024565182341617964,-0.001926804766231232,0.6690887808799744,2022-01-26,2022-01-24
2022-01-26,0.6690887808799744,0.683943,0.6852192,0.0050503353778906,-0.0009081174388908,36.5894055256768,0.6690887808799744,0.7176278233528137,4,0.009043688843895115,0.015310766309797925,0.666058361530304,2022-01-27,2022-01-25
2022-01-27,0.666058361530304,0.6852192,0.68316376,0.0050478550247602,-0.0011773370388172,38.88181369871202,0.666058361530304,0.7162498235702515,5,0.013747089738331865,0.009411723472707979,0.6584405303001404,2022-01-28,2022-01-26
2022-01-28,0.6584405303001404,0.6669649,0.6653417,0.0055307953731251,-0.0017513155549794,26.026925228416943,0.6584405303001404,0.7162498235702515,1,-0.020522123140248878,-0.03572595527889426,0.6551920771598816,2022-01-31,2022-01-27
2022-01-31,0.6551920771598816,0.6653417,0.66434294,0.0055185046586622,-0.0022033870489665,24.610692966519597,0.6551920771598816,0.7162498235702515,2,-0.02524230684042503,-0.04642655840956916,0.657799482345581,2022-02-01,2022-01-28
2022-02-01,0.657799482345581,0.66434294,0.6649871,0.0054744875590264,-0.0021766220856647,26.14334829423601,0.6551920771598816,0.712520182132721,3,0.003479847337282577,-0.019305028504098203,0.6637285947799683,2022-02-02,2022-01-31
2022-02-02,0.6637285947799683,0.6649871,0.6647108,0.0057024216554377,-0.001634190212625,25.481327598346425,0.6551920771598816,0.7066788077354431,4,0.025381507559161062,-0.003151010459079471,0.66118985414505,2022-02-03,2022-02-01
2022-02-03,0.66118985414505,0.6647108,0.6642399,0.0056419543415065,-0.0013336574361777,21.45360652145212,0.6551920771598816,0.7043195366859436,5,0.013901630631165696,-0.0029969446217859275,0.666640043258667,2022-02-04,2022-02-02
2022-02-04,0.666640043258667,0.6631368,0.66204435,0.0058020030128501,-0.0006876222438354,33.83242114643487,0.6551920771598816,0.7043195366859436,1,-0.005470372576170145,0.01212320356764538,0.6619886159896851,2022-02-07,2022-02-03
2022-02-07,0.6619886159896851,0.66204435,0.6620612,0.0058726301505133,-0.0005019933911438,31.25164693688562,0.6551920771598816,0.7042104601860046,2,0.0037989316585365146,0.04194748585584403,0.663790225982666,2022-02-08,2022-02-04
2022-02-08,0.663790225982666,0.6620612,0.66258675,0.0057774396269155,-0.0002017073767192,35.66492863336437,0.6551920771598816,0.7042104601860046,3,-0.004918922281595184,0.0332330554396653,0.6649501919746399,2022-02-09,2022-02-07
2022-02-09,0.6649501919746399,0.66258675,0.65752393,0.0056685824364257,0.0001142135470918,36.07830150494904,0.6551920771598816,0.7042104601860046,4,-0.0004484546376708192,0.006886415857565109,0.667931318283081,2022-02-10,2022-02-08
2022-02-10,0.667931318283081,0.65752393,0.6577842,0.0056344772654449,0.0005393349134045,42.39789811114042,0.6551920771598816,0.7042104601860046,5,0.031128401116122112,0.024382081286345426,0.6667110919952393,2022-02-11,2022-02-09
2022-02-11,0.6667110919952393,0.6662024,0.6669914,0.0055315582412845,0.0007412656760785,43.8900360062115,0.6551920771598816,0.6991393566131592,1,0.012313761988536048,0.042762788102695994,0.6646682024002075,2022-02-14,2022-02-10
2022-02-14,0.6646682024002075,0.6669914,0.66621864,0.0054577960458925,0.0007385294032661,43.65497476874065,0.6551920771598816,0.6952894330024719,2,-0.03329086198279706,0.004795385437253877,0.6618002653121948,2022-02-15,2022-02-11
2022-02-15,0.6618002653121948,0.66621864,0.6635077,0.0054259747155316,0.0005533193761727,42.27049017637145,0.6551920771598816,0.6952894330024719,3,0.000554797715444434,0.010310434177770956,0.6640812158584595,2022-02-16,2022-02-14
2022-02-16,0.6640812158584595,0.6635077,0.6647097,0.0053693590965902,0.0005907762039614,47.86935704953708,0.6551920771598816,0.6875309348106384,4,0.00531026602842403,0.016145314351660226,0.6681097745895386,2022-02-17,2022-02-15
2022-02-17,0.6681097745895386,0.6647097,0.66361696,0.0054215476904587,0.0008760145269621,61.293578888596485,0.6551920771598816,0.6861910820007324,5,0.0019841940669003784,-0.013042047904901643,0.6691021919250488,2022-02-18,2022-02-16
2022-02-18,0.6691021919250488,0.6701837,0.6693113,0.005323083344521,0.0011058487614189,67.15072483791644,0.6551920771598816,0.6861910820007324,1,-0.0034195760465945794,-0.02844867435168828,0.6689589619636536,2022-02-21,2022-02-17
2022-02-21,0.6689589619636536,0.6693113,0.66773736,0.0052183144617772,0.0012139136857519,64.64945377040047,0.6551920771598816,0.6861910820007324,2,-0.001216278926307887,0.003218571351454909,0.6695995330810547,2022-02-22,2022-02-18
2022-02-22,0.6695995330810547,0.66773736,0.6695973,0.0051214174545679,0.0012872446225676,58.94964473277726,0.6551920771598816,0.6861910820007324,3,0.0,0.002662142347020437,0.6741815805435181,2022-02-23,2022-02-21
2022-02-23,0.6741815805435181,0.6695973,0.6696515,0.0052336859114113,0.001583562761492,68.64315882929533,0.6551920771598816,0.6861910820007324,4,-0.0021041150368183927,-0.004744485146335293,0.6770801544189453,2022-02-24,2022-02-22
2022-02-24,0.6770801544189453,0.6696515,0.67084545,0.0052144046409729,0.0018930668609546,66.16540104326253,0.6551920771598816,0.6861910820007324,5,-0.006339359251972713,-0.012994166529529824,0.6687889695167542,2022-02-25,2022-02-23
2022-02-25,0.6687889695167542,0.6773303,0.6790525,0.0057504050515153,0.001476192002528,59.46299684652479,0.6551920771598816,0.6861910820007324,1,-0.006155277033755284,-0.015690629322818537,0.6693216562271118,2022-02-28,2022-02-24
2022-02-28,0.6693216562271118,0.6790525,0.6801737,0.0056329048141186,0.0011856444864902,57.97901426905894,0.6551920771598816,0.6861910820007324,2,0.004033195170668777,-0.010509936719237804,0.6769197583198547,2022-03-01,2022-02-25
2022-03-01,0.6769197583198547,0.6801737,0.68308467,0.0060255511818992,0.0014377034621814,64.56133837622107,0.6551920771598816,0.6861910820007324,3,-0.006168393316155891,-0.01659471466683435,0.6767502427101135,2022-03-02,2022-02-28
2022-03-02,0.6767502427101135,0.68308467,0.683489,0.0058950258076046,0.0015176562946312,61.516296403536224,0.6551920771598816,0.6861910820007324,4,0.031449872730158694,0.01696229159256836,0.6783018112182617,2022-03-03,2022-03-01
2022-03-03,0.6783018112182617,0.683489,0.6786581,0.0057908169338228,0.0015919215931062,65.00601907584036,0.6551920771598816,0.6861910820007324,5,0.014932059853336425,0.03882623688511656,0.680971622467041,2022-03-04,2022-03-02
2022-03-04,0.680971622467041,0.67811483,0.67648846,0.0057319545929556,0.0017264642737728,70.77019339122617,0.6551920771598816,0.6861910820007324,1,0.024611441643241864,0.07128426464141129,0.6874505877494812,2022-03-07,2022-03-03
2022-03-07,0.6874505877494812,0.67648846,0.67697287,0.0059677709667072,0.0021308910504304,79.92464963750328,0.6551920771598816,0.6874505877494812,2,0.03247536354111995,0.10219136097339607,0.683821439743042,2022-03-08,2022-03-04
2022-03-08,0.683821439743042,0.67697287,0.6765072,0.0059477292860972,0.0020333423225761,72.32734676266753,0.6551920771598816,0.6874505877494812,3,-0.0429036430863589,0.06243675430156579,0.6804294586181641,2022-03-09,2022-03-07
2022-03-09,0.6804294586181641,0.6765072,0.67921484,0.0059159928656586,0.0016367797767411,64.13786970915757,0.6551920771598816,0.6874505877494812,4,-0.004563576043598594,0.024855519334022833,0.6838401556015015,2022-03-10,2022-03-08
2022-03-10,0.6838401556015015,0.67921484,0.67904824,0.0058887267114542,0.0015039900989696,66.02367695242835,0.6551920771598816,0.6874505877494812,5,-0.02946942805330367,-0.01965413096874814,0.6874411702156067,2022-03-11,2022-03-09
2022-03-11,0.6874411702156067,0.68503094,0.68422705,0.0058728415866236,0.0015522069280212,68.68933560279858,0.6551920771598816,0.6874505877494812,1,0.017268899777085688,-0.026825999461753142,0.6812685132026672,2022-03-14,2022-03-10
2022-03-14,0.6812685132026672,0.68422705,0.68735814,0.0060615739367551,0.0010840768392904,60.61241769905364,0.6551920771598816,0.6874505877494812,2,-0.005939792974359469,-0.0635016700426106,0.674900472164154,2022-03-15,2022-03-11
2022-03-15,0.674900472164154,0.68735814,0.6833835,0.0062599148414774,0.0003019108761329,50.633229063959234,0.6551920771598816,0.6874505877494812,3,-0.022677285829660453,-0.044366858828737706,0.6762194037437439,2022-03-16,2022-03-14
2022-03-16,0.6762194037437439,0.6833835,0.6822408,0.0061358882713031,-0.0001462077386118,49.22011278418818,0.6551920771598816,0.6874505877494812,4,-0.002440578011937699,-0.04233589644929026,0.6830694675445557,2022-03-17,2022-03-15
2022-03-17,0.6830694675445557,0.6822408,0.6840209,0.0063802366339826,-8.143655042426503e-06,63.28586907939902,0.6551920771598816,0.6874505877494812,5,0.0190334568099788,0.005258477284727984,0.6892321705818176,2022-03-18,2022-03-16
2022-03-18,0.6892321705818176,0.68084234,0.6827784,0.0065298054222017,0.0004462436430911,66.76725725994035,0.6551920771598816,0.6892321705818176,1,0.022094980037891683,0.01012166099736859,0.689869225025177,2022-03-21,2022-03-17
2022-03-21,0.689869225025177,0.6827784,0.68246543,0.0063840300917365,0.0007214254070382,62.35349641204099,0.6551920771598816,0.689869225025177,2,0.008491811707014074,0.024805034970467293,0.6879708170890808,2022-03-22,2022-03-18
2022-03-22,0.6879708170890808,0.68246543,0.6815661,0.0062684908703179,0.0007064075709765,60.36235489950856,0.6551920771598816,0.689869225025177,3,-0.006149358180897094,0.041883687022357084,0.6964321732521057,2022-03-23,2022-03-21
2022-03-23,0.6964321732521057,0.6815661,0.6841722,0.0066679546368047,0.0011698114042742,64.84857892943512,0.6551920771598816,0.6964321732521057,4,-0.002662225985065833,0.04165278120574175,0.6976322531700134,2022-03-24,2022-03-22
2022-03-24,0.6976322531700134,0.6841722,0.68221694,0.0065247361671683,0.0014427243535613,63.98147268170928,0.6551920771598816,0.6976322531700134,5,0.015553332635634952,0.038034000735626315,0.696548581123352,2022-03-25,2022-03-23
2022-03-25,0.696548581123352,0.6986198,0.6965927,0.0063853153994148,0.0014329027836509,58.39518109927874,0.6551920771598816,0.6976322531700134,1,-0.007058917381914071,0.008208146418343323,0.6957489848136902,2022-03-28,2022-03-24
2022-03-28,0.6957489848136902,0.6965927,0.6949414,0.0062476461484778,0.0012612467321016,61.61255317049959,0.6551920771598816,0.6976322531700134,2,-0.009134470614113594,-0.009407113174252548,0.6907795071601868,2022-03-29,2022-03-25
2022-03-29,0.6907795071601868,0.6949414,0.6963675,0.0062983020724627,0.000728167734399,59.77641679081076,0.6551920771598816,0.6976322531700134,3,0.005957539850870366,0.0026587868264541935,0.6943190693855286,2022-03-30,2022-03-28
2022-03-30,0.6943190693855286,0.6963675,0.69475275,0.0062558510158126,0.0005378681227437,59.87410179018537,0.6551920771598816,0.6976322531700134,4,0.000530105600709956,0.0058647206206186315,0.6970681548118591,2022-03-31,2022-03-29
2022-03-31,0.6970681548118591,0.69475275,0.69352233,0.0061767624920591,0.0005207195167547,59.21936183572122,0.6551920771598816,0.6976322531700134,5,0.0048646967103835375,-0.004829346857720597,0.6934000253677368,2022-04-01,2022-03-30
2022-04-01,0.6934000253677368,0.69576126,0.69383186,0.0061455831208486,0.0002022790785297,62.20322784498957,0.6551920771598816,0.6976322531700134,1,0.0007381987602404795,0.0029604437923042982,0.6907699704170227,2022-04-04,2022-03-31
2022-04-04,0.6907699704170227,0.69383186,0.6936934,0.0060661930388818,-0.000222525615077,67.26139690722987,0.6551920771598816,0.6976322531700134,2,-0.012837722433705689,-0.0007469024409056691,0.6948497891426086,2022-04-05,2022-04-01
2022-04-05,0.6948497891426086,0.6936934,0.6964454,0.0060677568905089,-0.0002630127559215,69.11629795801541,0.6551920771598816,0.6976322531700134,3,0.01987597695162795,0.013258378662701454,0.6947677135467529,2022-04-06,2022-04-04
2022-04-06,0.6947677135467529,0.6964454,0.69237643,0.0059375373235869,-0.0003254976107156,63.93940254833166,0.6551920771598816,0.6976322531700134,4,0.0030310269629588347,0.015795629597449748,0.6911519169807434,2022-04-07,2022-04-05
2022-04-07,0.6911519169807434,0.69237643,0.68844754,0.0059163933123672,-0.0006232665891097,52.43535069412938,0.6551920771598816,0.6976322531700134,5,-0.012074247417858537,-0.001265965165886409,0.6884918212890625,2022-04-08,2022-04-06
2022-04-08,0.6884918212890625,0.6883646,0.6870041,0.0058487770047106,-0.0009904864083395,48.33796268992708,0.6551920771598816,0.6976322531700134,1,-0.008166738169883227,-0.010120147279645539,0.6835409998893738,2022-04-11,2022-04-07
2022-04-11,0.6835409998893738,0.6870041,0.6878464,0.0059274195024742,-0.0015259176436454,45.021516267155405,0.6551920771598816,0.6976322531700134,2,0.005310605923722223,0.008008522274227657,0.6817794442176819,2022-04-12,2022-04-08
2022-04-12,0.6817794442176819,0.6878464,0.6881965,0.0058275458890162,-0.0019317029826123,30.6128629291744,0.6551920771598816,0.6976322531700134,3,-0.019575916918115405,-0.030985079734576468,0.6856500506401062,2022-04-13,2022-04-11
2022-04-13,0.6856500506401062,0.6881965,0.68880135,0.0058328411050442,-0.0018711226784858,35.1926601179708,0.6551920771598816,0.6976322531700134,4,0.016180371556952136,-0.018159026340501153,0.6800777912139893,2022-04-14,2022-04-12
2022-04-14,0.6800777912139893,0.68880135,0.68775606,0.0059675114526764,-0.0021197661150428,31.67833150780116,0.6551920771598816,0.6976322531700134,5,0.0006375056286456698,-0.005598441965941124,0.6783432364463806,2022-04-15,2022-04-13
2022-04-15,0.6783432364463806,0.67947096,0.6770832,0.0058654758287131,-0.0022994459803035,31.03283433185589,0.6551920771598816,0.6976322531700134,1,0.002122290505525724,0.004685800886825676,0.6760411262512207,2022-04-18,2022-04-14
2022-04-18,0.6760411262512207,0.6770832,0.67622095,0.0057869313461095,-0.0024574608586326,32.94821206173894,0.6551920771598816,0.6976322531700134,2,0.0,-0.0006355471812709671,0.673632025718689,2022-04-19,2022-04-15
2022-04-19,0.673632025718689,0.67622095,0.674556,0.0057163093365502,-0.0025948399648364,25.42292946903143,0.6551920771598816,0.6976322531700134,3,0.01660923204110943,0.03618883431472056,0.6746591329574585,2022-04-20,2022-04-18
2022-04-20,0.6746591329574585,0.674556,0.6741711,0.0056082111338325,-0.0024868784115793,22.241386184522383,0.6551920771598816,0.6976322531700134,4,-0.017245385702313175,0.002125898998712925,0.6783478260040283,2022-04-21,2022-04-19
2022-04-21,0.6783478260040283,0.6741711,0.67476857,0.0056169934461343,-0.0020552773217826,31.36395972500597,0.6551920771598816,0.6976322531700134,5,-0.013777188294921696,-0.01221582499720908,0.6724497079849243,2022-04-22,2022-04-20
2022-04-22,0.6724497079849243,0.6786677,0.6735798,0.0058060263198828,-0.002050573975653,29.015894949417717,0.6551920771598816,0.6976322531700134,1,0.011547204670620877,-0.002862033835321452,0.6625105142593384,2022-04-25,2022-04-21
2022-04-25,0.6625105142593384,0.6735798,0.67530817,0.0065052047462457,-0.0025669067600653,17.342041111144553,0.657799482345581,0.6976322531700134,2,-0.026062172064567013,-0.028513891559325235,0.6618615388870239,2022-04-26,2022-04-22
2022-04-26,0.6618615388870239,0.67530817,0.6739469,0.0063620448749857,-0.0027840173477961,17.1457272556315,0.66118985414505,0.6976322531700134,3,-0.029565371325842638,-0.07235198536161626,0.6575616598129272,2022-04-27,2022-04-25
2022-04-27,0.6575616598129272,0.6739469,0.67692447,0.0063723091590505,-0.0030288467701635,16.91467164829281,0.6575616598129272,0.6976322531700134,4,-0.0020249359120116427,-0.058124767663280556,0.6542190313339233,2022-04-28,2022-04-26
2022-04-28,0.6542190313339233,0.67692447,0.6729984,0.0063233209591553,-0.0032102226070675,16.690263395101923,0.6542190313339233,0.6976322531700134,5,0.0032604763781424375,-0.04193992887490836,0.6493085026741028,2022-04-29,2022-04-27
2022-04-29,0.6493085026741028,0.65141845,0.64978004,0.0063861078900979,-0.0034350619247793,16.703345631801938,0.6493085026741028,0.6976322531700134,1,-0.009246878261905584,-0.061656208048009954,0.6456194519996643,2022-05-02,2022-04-28
2022-05-02,0.6456194519996643,0.64978004,0.6519974,0.0063592088767851,-0.0035895757892703,16.099671873183894,0.6456194519996643,0.6976322531700134,2,-0.004200460650535515,-0.04091653044853702,0.6441307067871094,2022-05-03,2022-04-29
2022-05-03,0.6441307067871094,0.6519974,0.6539985,0.0062372237367189,-0.0035433114264313,9.255569918637365,0.6441307067871094,0.6976322531700134,3,-0.03225530051190937,-0.043492930345010825,0.643430233001709,2022-05-04,2022-05-02
2022-05-04,0.643430233001709,0.6539985,0.65351206,0.006105319288457,-0.0033152468503566,10.234128421379424,0.643430233001709,0.6976322531700134,4,0.0036357441380119823,-0.038063096080001246,0.6551019549369812,2022-05-05,2022-05-03
2022-05-05,0.6551019549369812,0.65351206,0.65432847,0.0071019456938059,-0.0021880681992521,29.25490371335117,0.643430233001709,0.6976322531700134,5,0.013373043660184394,-0.028286092433934318,0.6430289149284363,2022-05-06,2022-05-04
2022-05-06,0.6430289149284363,0.6584293,0.6589859,0.008013933546257,-0.0020667790172526,24.90987354662883,0.6430289149284363,0.6976322531700134,1,-0.010100497643645998,-0.029115212332185943,0.6389204859733582,2022-05-09,2022-05-05
2022-05-09,0.6389204859733582,0.6589859,0.65868974,0.0079314279497283,-0.0020693265684168,24.282636939086075,0.6389204859733582,0.6976322531700134,2,-0.005499333209514505,-0.03037544932002153,0.6323590874671936,2022-05-10,2022-05-06
2022-05-10,0.6323590874671936,0.65868974,0.6533633,0.0080484414441711,-0.0023011854103052,21.035648896772216,0.6323590874671936,0.6976322531700134,3,-0.01620475325248406,-0.014686876360731162,0.6289980411529541,2022-05-11,2022-05-09
2022-05-11,0.6289980411529541,0.6533633,0.6527427,0.0079268282161957,-0.0024551338357868,16.05613361867512,0.6289980411529541,0.6976322531700134,4,-0.00922434401865177,-0.027276961675287176,0.6284801959991455,2022-05-12,2022-05-10
2022-05-12,0.6284801959991455,0.6527427,0.65326357,0.0077287980938737,-0.002365137088332,17.33948804771704,0.6284801959991455,0.6976322531700134,5,0.013864232358316693,-0.026799053750572017,0.6247188448905945,2022-05-13,2022-05-11
2022-05-13,0.6247188448905945,0.62563324,0.62200344,0.007646026108641,-0.0023285603574664,19.09168285922371,0.6247188448905945,0.6976322531700134,1,-0.025850570766837735,-0.042006962601721556,0.6288912296295166,2022-05-16,2022-05-12
2022-05-16,0.6288912296295166,0.62200344,0.6257133,0.0075972438049369,-0.0018157639235469,24.50428193475236,0.6247188448905945,0.6976322531700134,2,0.018225116357163194,-0.01900735737992101,0.6311417818069458,2022-05-17,2022-05-13
2022-05-17,0.6311417818069458,0.6257133,0.6198177,0.0074524149398609,-0.0011498722131343,28.900960388725156,0.6247188448905945,0.6976322531700134,3,0.0038199388179227,0.0008347209336865393,0.6359097957611084,2022-05-18,2022-05-16
2022-05-18,0.6359097957611084,0.6198177,0.6217884,0.007452217738015,-0.0002596511724475,35.70363447830353,0.6247188448905945,0.6976322531700134,4,0.010194545833625966,0.0204597515924605,0.6295603513717651,2022-05-19,2022-05-17
2022-05-19,0.6295603513717651,0.6217884,0.615496,0.0075823085487605,1.5609866971716402e-05,34.91897314702453,0.6247188448905945,0.6976322531700134,5,-0.013655709241902486,-0.007240340524546897,0.6381499171257019,2022-05-20,2022-05-18
2022-05-20,0.6381499171257019,0.62116367,0.6209515,0.0079573981890011,0.000844333401866,44.692973540671474,0.6247188448905945,0.6976322531700134,1,0.02433087712236187,0.0438489226558517,0.6421493887901306,2022-05-23,2022-05-19
2022-05-23,0.6421493887901306,0.6209515,0.61821103,0.0078765520447444,0.0016816599613643,48.6407867824989,0.6247188448905945,0.6976322531700134,2,-0.0009338571984142075,0.024040211954999256,0.6447494626045227,2022-05-24,2022-05-20
2022-05-24,0.6447494626045227,0.61821103,0.6202089,0.0077311093002316,0.002387345543393,50.882022646538175,0.6247188448905945,0.6976322531700134,3,0.015414272906901085,0.03598237321630625,0.6448908448219299,2022-05-25,2022-05-23
2022-05-25,0.6448908448219299,0.6202089,0.6209057,0.0075414867594049,0.0028111787095818,41.92848648638461,0.6247188448905945,0.6976322531700134,4,-0.005073188864434374,0.02028540269822681,0.6479789614677429,2022-05-26,2022-05-24
2022-05-26,0.6479789614677429,0.6209057,0.62424564,0.0074310145364956,0.0032177806691779,54.56065125801222,0.6247188448905945,0.6976322531700134,5,-0.011275925634071683,0.022716352594954314,0.6482393741607666,2022-05-27,2022-05-25
2022-05-27,0.6482393741607666,0.6461148,0.64651865,0.007253136840652,0.0034044762624356,59.24106747052044,0.6247188448905945,0.6976322531700134,1,-0.005157028728977165,-0.007001104793343108,0.6534098386764526,2022-05-30,2022-05-26
2022-05-30,0.6534098386764526,0.64651865,0.64788586,0.0072840902207455,0.0037491404605574,71.46716039237091,0.6247188448905945,0.6976322531700134,2,0.011450010894338128,0.005372521081748666,0.6558279991149902,2022-05-31,2022-05-27
2022-05-31,0.6558279991149902,0.64788586,0.6511278,0.0071554624775404,0.0039905577872492,77.89717019720614,0.6247188448905945,0.6976322531700134,3,0.0,-0.010005738498215714,0.6518607139587402,2022-06-01,2022-05-30
2022-06-01,0.6518607139587402,0.6511278,0.6538917,0.0071050203816223,0.0037380069712665,72.68337647257478,0.6247188448905945,0.6976322531700134,4,-0.002093226615656373,-0.007051192941729739,0.6480587720870972,2022-06-02,2022-05-31
2022-06-02,0.6480587720870972,0.6538917,0.6518457,0.0070485960210105,0.003191117772446,72.62617542813493,0.6247188448905945,0.6976322531700134,5,0.008115951194897815,0.012391857356007398,0.6560388207435608,2022-06-03,2022-06-01
2022-06-03,0.6560388207435608,0.65240586,0.6489409,0.0073673379552551,0.0032330377207637,74.50810101107936,0.6247188448905945,0.6976322531700134,1,0.05043842146787454,0.07027021817512688,0.6509103178977966,2022-06-06,2022-06-02
2022-06-06,0.6509103178977966,0.6489409,0.64941484,0.0073834457198903,0.002797888442571,66.96494794314822,0.6247188448905945,0.6976322531700134,2,-0.01694109942939782,0.04031135339993543,0.6485589146614075,2022-06-07,2022-06-03
2022-06-07,0.6485589146614075,0.64941484,0.6500902,0.0072475966854289,0.0022573837153256,61.3249443670653,0.6247188448905945,0.6976322531700134,3,-0.008523121594769303,0.031482332097146265,0.6480713486671448,2022-06-08,2022-06-06
2022-06-08,0.6480713486671448,0.6500902,0.65219927,0.0070776005544769,0.0017929790890517,68.51677619458168,0.6247188448905945,0.6976322531700134,4,0.0,0.03364371971612258,0.6443713903427124,2022-06-09,2022-06-07
2022-06-09,0.6443713903427124,0.65219927,0.6553428,0.0070178095447168,0.001191523453861,56.89821760192449,0.6247188448905945,0.6976322531700134,5,0.00427064122011487,0.029676671363824778,0.6385695934295654,2022-06-10,2022-06-08
2022-06-10,0.6385695934295654,0.6461671,0.6409145,0.0071190779215599,0.00039884604823,46.183352122449975,0.6247188448905945,0.6976322531700134,1,-0.015710969258667343,-0.03623187647048353,0.6337296366691589,2022-06-13,2022-06-09
2022-06-13,0.6337296366691589,0.6409145,0.64131176,0.007137381439888,-0.0004116586583994,38.78663046985499,0.6247188448905945,0.6976322531700134,2,-0.020253815503193908,-0.03941928422135979,0.6275415420532227,2022-06-14,2022-06-10
2022-06-14,0.6275415420532227,0.64131176,0.6427883,0.0072755676209395,-0.0012759459309969,34.28041247357773,0.6247188448905945,0.6976322531700134,3,-0.019842227404011686,-0.05023089466661978,0.6226804852485657,2022-06-15,2022-06-13
2022-06-15,0.6226804852485657,0.6427883,0.64370996,0.0072926071272364,-0.0020410391152176,27.791463560121983,0.6226804852485657,0.6976322531700134,4,-0.013129773188470176,-0.06261963892486455,0.6292592883110046,2022-06-16,2022-06-14
2022-06-16,0.6292592883110046,0.64370996,0.6416753,0.007469610853523,-0.0019691348454563,35.00191695578003,0.6226804852485657,0.6970681548118591,5,0.0014407595155047006,-0.06526856461798695,0.6360716223716736,2022-06-17,2022-06-15
2022-06-17,0.6360716223716736,0.6274547,0.628294,0.0076497041237156,-0.0013569946681475,36.64583955009756,0.6226804852485657,0.6970681548118591,1,-0.013406814849765658,-0.06311231584894181,0.632559061050415,2022-06-20,2022-06-16
2022-06-20,0.632559061050415,0.628294,0.629891,0.0075561610086475,-0.0010941523268008,32.37503679504752,0.6226804852485657,0.6970681548118591,2,-0.02324972573064061,-0.0659149469320502,0.6337416768074036,2022-06-21,2022-06-17
2022-06-21,0.6337416768074036,0.629891,0.6293961,0.0073850285861645,-0.0007618927050504,35.671358554706174,0.6226804852485657,0.6970681548118591,3,0.0,-0.04719551545742972,0.631780207157135,2022-06-22,2022-06-20
2022-06-22,0.631780207157135,0.6293961,0.6274393,0.0072382171966084,-0.0006024529531288,36.74085265499486,0.6226804852485657,0.6970681548118591,4,0.006327245744323865,-0.02847525087375268,0.6271007657051086,2022-06-23,2022-06-21
2022-06-23,0.6271007657051086,0.6274393,0.6263736,0.0072413551612585,-0.0007317729413625,25.09014749916369,0.6226804852485657,0.6948497891426086,5,-0.022891807166630616,-0.051829653058205145,0.6286184787750244,2022-06-24,2022-06-22
2022-06-24,0.6286184787750244,0.62845033,0.63688266,0.0070895665575634,-0.0006381469905824,29.539299840798307,0.6226804852485657,0.6948497891426086,1,-0.05007527019268089,-0.08596787216867789,0.6314287781715393,2022-06-27,2022-06-23
2022-06-27,0.6314287781715393,0.63688266,0.6366037,0.0069900197759902,-0.0003257465657367,34.40834431021425,0.6226804852485657,0.6948497891426086,2,0.00039898684129586245,-0.06409457078601756,0.6294097900390625,2022-06-28,2022-06-24
2022-06-28,0.6294097900390625,0.6366037,0.63462055,0.006860345819149,-0.0002000504910891,33.47513582954987,0.6226804852485657,0.6947677135467529,3,0.005040481110548134,-0.05936524813098821,0.6237096786499023,2022-06-29,2022-06-27
2022-06-29,0.6237096786499023,0.63462055,0.635982,0.006975513991092,-0.0004324310129486,32.32991872637335,0.6226804852485657,0.6911519169807434,4,0.0013221940432880405,-0.06406141162189975,0.6225099563598633,2022-06-30,2022-06-28
2022-06-30,0.6225099563598633,0.635982,0.6358157,0.0068248818199345,-0.0005888753211289,35.09219032527217,0.6225099563598633,0.6884918212890625,5,-0.0013221940432880527,-0.043654282616796554,0.6240288615226746,2022-07-01,2022-06-29
2022-07-01,0.6240288615226746,0.6222966,0.6220722,0.0066885900417882,-0.0005146845937519,40.403275641660656,0.6225099563598633,0.6856500506401062,1,-0.017215369716929715,-0.01170683719890485,0.6208789348602295,2022-07-04,2022-06-30
2022-07-04,0.6208789348602295,0.6220722,0.62245893,0.0066228594092822,-0.0005966063643003,42.987312166869096,0.6208789348602295,0.6856500506401062,2,-0.02604633327227293,-0.03750000871876455,0.6215696930885315,2022-07-05,2022-07-01
2022-07-05,0.6215696930885315,0.62245893,0.6239781,0.0064766124804783,-0.0005256186257927,48.718326093714325,0.6208789348602295,0.6856500506401062,3,0.0,-0.04233926540706707,0.6165912747383118,2022-07-06,2022-07-04
2022-07-06,0.6165912747383118,0.6239781,0.6232588,0.0065578714652138,-0.0007231070777537,34.82264256578421,0.6165912747383118,0.6800777912139893,4,-0.05509627519484512,-0.09487314354525148,0.6155001521110535,2022-07-07,2022-07-05
2022-07-07,0.6155001521110535,0.6232588,0.623807,0.0064195608243648,-0.0008287922947587,21.438076606055787,0.6155001521110535,0.6783478260040283,5,-0.002045878120812058,-0.09552793248066674,0.6179094910621643,2022-07-08,2022-07-06
2022-07-08,0.6179094910621643,0.61665326,0.6134419,0.0063324363430899,-0.0006461165634035,29.01738683531596,0.6155001521110535,0.6783478260040283,1,0.04686572875972961,-0.03567100148385011,0.6186090111732483,2022-07-11,2022-07-07
2022-07-11,0.6186090111732483,0.6134419,0.61412215,0.0061958969165087,-0.0003999219533689,28.0212892681035,0.6155001521110535,0.6783478260040283,2,-0.014057007328479318,-0.02403976076187497,0.6122311353683472,2022-07-12,2022-07-08
2022-07-12,0.6122311353683472,0.61412215,0.61708814,0.0064507155285435,-0.0005775722392617,24.83522925192929,0.6122311353683472,0.6783478260040283,3,-0.027119838109684272,-0.050151964670569295,0.612321138381958,2022-07-13,2022-07-11
2022-07-13,0.612321138381958,0.61708814,0.6219373,0.0063059556653283,-0.0005974862531248,28.425604482611604,0.6122311353683472,0.6783478260040283,4,-0.041883173257640245,-0.037518244242400196,0.6108586192131042,2022-07-14,2022-07-12
2022-07-14,0.6108586192131042,0.6219373,0.622391,0.0061858507022261,-0.000615206848706,24.033401947575456,0.6108586192131042,0.6724497079849243,5,0.008758752448604084,-0.027062601478739276,0.6130305528640747,2022-07-15,2022-07-13
2022-07-15,0.6130305528640747,0.6103338,0.6130211,0.0060987620005179,-0.000397279240231,22.588356905239337,0.6108586192131042,0.6625105142593384,1,-0.03519335333759035,-0.10371301325472843,0.6189689040184021,2022-07-18,2022-07-14
2022-07-18,0.6189689040184021,0.6130211,0.61104256,0.0063180945502834,0.0001981934177135,36.07083502310011,0.6108586192131042,0.6618615388870239,2,0.007447646427040558,-0.08422993432958804,0.6153202652931213,2022-07-19,2022-07-15
2022-07-19,0.6153202652931213,0.61104256,0.612974,0.0063038709027114,0.0003868173176516,38.15958826785471,0.6108586192131042,0.6575616598129272,3,0.034488832166270904,-0.026036349209872158,0.6233597993850708,2022-07-20,2022-07-18
2022-07-20,0.6233597993850708,0.612974,0.6108945,0.0067641618183304,0.0010555785701011,51.00533055054152,0.6108586192131042,0.6560388207435608,4,-0.0170197516986835,-0.0015167226062545254,0.6225215792655945,2022-07-21,2022-07-19
2022-07-21,0.6225215792655945,0.6108945,0.6194519,0.0066153873798484,0.0014212596325663,48.18775978214132,0.6108586192131042,0.6560388207435608,5,0.011478714797717558,0.0012028111525550541,0.6243990063667297,2022-07-22,2022-07-20
2022-07-22,0.6243990063667297,0.62229496,0.6224124,0.0064987468800146,0.0017478732212129,54.36585441582847,0.6108586192131042,0.6560388207435608,1,-0.008293771177248261,0.028500247255772822,0.6233908534049988,2022-07-25,2022-07-21
2022-07-25,0.6233908534049988,0.6224124,0.62376004,0.006362100621147,0.001844743715112,52.24109400947077,0.6108586192131042,0.6560388207435608,2,0.013984128994097221,0.03524504079025386,0.625840961933136,2022-07-26,2022-07-22
2022-07-26,0.625840961933136,0.62376004,0.6206997,0.0062785406683688,0.0020090312017997,62.137822287714826,0.6108586192131042,0.6560388207435608,3,0.0007463414598675229,0.0008960636010747351,0.624130129814148,2022-07-27,2022-07-25
2022-07-27,0.624130129814148,0.6206997,0.6224634,0.0061672220834153,0.0019368416320811,61.1433760996221,0.6108586192131042,0.6560388207435608,4,0.009356231511626789,0.027646920601218986,0.6260290145874023,2022-07-28,2022-07-26
2022-07-28,0.6260290145874023,0.6224634,0.61841625,0.0060685235237914,0.0019461663665049,60.62431074527641,0.6108586192131042,0.6560388207435608,5,0.013799446663093596,0.030034583046752456,0.6295682787895203,2022-07-29,2022-07-27
2022-07-29,0.6295682787895203,0.62468165,0.62415814,0.006060288237313,0.0021063433456902,63.34811407597128,0.6108586192131042,0.6560388207435608,1,0.013179943583044093,0.052392445929093076,0.6279119849205017,2022-08-01,2022-07-28
2022-08-01,0.6279119849205017,0.62415814,0.62455726,0.005955131174293,0.0020163056865863,71.58103356909301,0.6108586192131042,0.6560388207435608,2,0.030885074406484785,0.0703300272766233,0.6331799030303955,2022-08-02,2022-07-29
2022-08-02,0.6331799030303955,0.62455726,0.6261064,0.0060984405455132,0.0022114497262924,75.12615057654476,0.6108586192131042,0.6560388207435608,3,-0.008968687961960311,0.059982086234383176,0.6221303939819336,2022-08-03,2022-08-01
2022-08-03,0.6221303939819336,0.6261064,0.6270854,0.0070425083598841,0.0015287299348856,61.03019832414291,0.6108586192131042,0.6560388207435608,4,-0.00777228609106147,0.04198077243110068,0.6267392039299011,2022-08-04,2022-08-02
2022-08-04,0.6267392039299011,0.6270854,0.62877345,0.0070586152077407,0.0013273644537043,62.804178074794265,0.6108586192131042,0.6560388207435608,5,-0.015728041877474796,0.01166349632649768,0.6297110319137573,2022-08-05,2022-08-03
2022-08-05,0.6297110319137573,0.62553585,0.6271903,0.0069689987824087,0.0013307647433044,60.62200962577813,0.6108586192131042,0.6560388207435608,1,0.0038834928349346684,0.0023021973068511003,0.6239704489707947,2022-08-08,2022-08-04
2022-08-08,0.6239704489707947,0.6271903,0.6271724,0.0070793579412928,0.0009032912086535,58.21365021438823,0.6108586192131042,0.6560388207435608,2,0.019898306639490177,-0.00864959162171594,0.6289387345314026,2022-08-09,2022-08-05
2022-08-09,0.6289387345314026,0.6271724,0.62716395,0.0071203894581518,0.000909519364075,55.625501101672405,0.6108586192131042,0.6560388207435608,3,0.009663298145692585,0.0099943832020153,0.6285789608955383,2022-08-10,2022-08-08
2022-08-10,0.6285789608955383,0.62716395,0.6254982,0.0069549716679441,0.0008451595772286,56.1674495381665,0.6108586192131042,0.6560388207435608,4,0.0013927233381699987,0.019293539583505704,0.64063960313797,2022-08-11,2022-08-09
2022-08-11,0.64063960313797,0.6254982,0.6247871,0.0079203589010931,0.0015306461174221,63.69569413392096,0.6108586192131042,0.6560388207435608,5,0.017384534003716742,0.0536099918788567,0.6434219479560852,2022-08-12,2022-08-10
2022-08-12,0.6434219479560852,0.6391051,0.6403546,0.0077810491545583,0.0020545795533726,66.40143211043024,0.6108586192131042,0.6560388207435608,1,0.014933773931209706,0.06531724353625883,0.6449490785598755,2022-08-15,2022-08-11
2022-08-15,0.6449490785598755,0.6403546,0.6398966,0.0076079948648546,0.0023650015357658,65.88580767221958,0.6108586192131042,0.6560388207435608,2,-0.009341402279006945,0.03461867320093284,0.6362901926040649,2022-08-16,2022-08-12
2022-08-16,0.6362901926040649,0.6398966,0.6387177,0.0079675132047423,0.0018698877448762,59.062479455146025,0.6108586192131042,0.6560388207435608,3,-0.012868122622951974,0.011567903005143867,0.6343407034873962,2022-08-17,2022-08-15
2022-08-17,0.6343407034873962,0.6387177,0.6398561,0.007797408371652,0.0013197505996589,56.18974907562354,0.6108586192131042,0.6560388207435608,4,0.0020645340532498197,0.012247713487828573,0.6276084780693054,2022-08-18,2022-08-16
2022-08-18,0.6276084780693054,0.6398561,0.6392103,0.0079412749066847,0.0004557339441521,48.60678438378174,0.6108586192131042,0.6560388207435608,5,-0.010643498782088992,-0.015729691308753988,0.6245003938674927,2022-08-19,2022-08-17
2022-08-19,0.6245003938674927,0.6290177,0.63063765,0.0078170325738247,-0.0003294776108223,47.62376064983838,0.6108586192131042,0.6560388207435608,1,0.013389684468500692,-0.017248319969877204,0.6176198124885559,2022-08-22,2022-08-18
2022-08-22,0.6176198124885559,0.63063765,0.63246036,0.0079846938391097,-0.0012641345787603,39.400219422015454,0.6108586192131042,0.6560388207435608,2,0.0100955673417733,0.0020402429275102473,0.6176690459251404,2022-08-23,2022-08-19
2022-08-23,0.6176690459251404,0.63246036,0.6334138,0.007787482290319,-0.0017983389629697,46.4250814098884,0.6108586192131042,0.6560388207435608,3,-0.003535497640372084,0.011435682596212025,0.620728611946106,2022-08-24,2022-08-22
2022-08-24,0.620728611946106,0.6334138,0.63392854,0.0076724393011191,-0.00185733237809,45.06103121746038,0.6108586192131042,0.6560388207435608,4,0.009220382581036387,0.01869932088893004,0.6181692481040955,2022-08-25,2022-08-23
2022-08-25,0.6181692481040955,0.63392854,0.6349189,0.0075377082669709,-0.0019697339726701,40.45126441021311,0.6108586192131042,0.6560388207435608,5,-0.011948522410051805,0.017370761294765398,0.6216701865196228,2022-08-26,2022-08-24
2022-08-26,0.6216701865196228,0.6159739,0.61672187,0.0074569306364878,-0.0017184747478598,48.023712176456606,0.6108586192131042,0.6509103178977966,1,0.013566875289911354,0.017551046027566717,0.6112992763519287,2022-08-29,2022-08-25
2022-08-29,0.6112992763519287,0.61672187,0.61952704,0.008114825836682,-0.0021338036083382,36.13232029105441,0.6108586192131042,0.6485589146614075,2,0.00026944961898488136,0.007601432750977542,0.6160708069801331,2022-08-30,2022-08-26
2022-08-30,0.6160708069801331,0.61952704,0.61837006,0.008089969144669,-0.001973946175415,40.80430556845808,0.6108586192131042,0.6480713486671448,3,-0.023168122718755138,-0.011987508048778482,0.6132185459136963,2022-08-31,2022-08-29
2022-08-31,0.6132185459136963,0.61837006,0.6196369,0.0079508938062512,-0.001943986660546,26.683783676940592,0.6108586192131042,0.6449490785598755,4,-0.022729784336666843,-0.0430557120735055,0.6111199259757996,2022-09-01,2022-08-30
2022-09-01,0.6111199259757996,0.6196369,0.6176272,0.0077895324336105,-0.0019444888164399,22.210359850349505,0.6108586192131042,0.6449490785598755,5,-0.007503393602892206,-0.0387925032159316,0.6084908843040466,2022-09-02,2022-08-31
2022-09-02,0.6084908843040466,0.6086197,0.60840046,0.0076547148816338,-0.0019934758261362,19.21838562178995,0.6084908843040466,0.6449490785598755,1,-0.03000371904235822,-0.07977361640278688,0.6086316108703613,2022-09-05,2022-09-01
2022-09-05,0.6086316108703613,0.60840046,0.6115225,0.0074707797264562,-0.0018889805499764,22.724675776584448,0.6084908843040466,0.6449490785598755,2,0.0020479730731946338,-0.0781355159281152,0.6105490922927856,2022-09-06,2022-09-02
2022-09-06,0.6105490922927856,0.6115225,0.61638474,0.0073247813610431,-0.0015760696526658,26.523242258952067,0.6084908843040466,0.6449490785598755,3,0.0,-0.05652831376030598,0.6033000349998474,2022-09-07,2022-09-05
2022-09-07,0.6033000349998474,0.61638474,0.6064427,0.0075876237855882,-0.0017303260925615,26.255440845290195,0.6033000349998474,0.6449490785598755,4,0.013787355194825272,-0.02143863852435258,0.6062516570091248,2022-09-08,2022-09-06
2022-09-08,0.6062516570091248,0.6064427,0.60799783,0.0074803730513404,-0.0015143803058122,32.11992660224702,0.6033000349998474,0.6449490785598755,5,-0.008976500708669724,-0.02287910297967991,0.6070399284362793,2022-09-09,2022-09-07
2022-09-09,0.6070399284362793,0.60275936,0.6020889,0.0073080653208902,-0.0012123275715106,38.22851799534448,0.6033000349998474,0.6449490785598755,1,0.028106252131502352,0.03558354527065715,0.611291766166687,2022-09-12,2022-09-08
2022-09-12,0.611291766166687,0.6020889,0.5992455,0.0072914789361711,-0.0006483389243874,43.511273535301584,0.6033000349998474,0.6449490785598755,2,0.012645967498656327,0.04661701697555643,0.6146697402000427,2022-09-13,2022-09-09
2022-09-13,0.6146697402000427,0.5992455,0.6008327,0.0072177162845851,-4.029382565605075e-06,43.874932965370974,0.6033000349998474,0.6449490785598755,3,0.012350083783838168,0.05962297183065138,0.6005104780197144,2022-09-14,2022-09-12
2022-09-14,0.6005104780197144,0.6008327,0.6014509,0.008617469235901,-0.0004623282920721,35.539711189573694,0.6005104780197144,0.6449490785598755,4,-0.012350083783838062,0.032285957132354604,0.6016883254051208,2022-09-15,2022-09-13
2022-09-15,0.6016883254051208,0.6014509,0.6049774,0.0084119051504355,-0.0006078637897587,32.99023577428828,0.6005104780197144,0.6449490785598755,5,-0.009962910990771172,0.03126820169490785,0.595770001411438,2022-09-16,2022-09-14
2022-09-16,0.595770001411438,0.60480326,0.6052247,0.0084682848066444,-0.0010012116638042,35.69623116350364,0.595770001411438,0.6449490785598755,1,-0.006224401018000892,-0.0035350813451689458,0.5995599627494812,2022-09-19,2022-09-15
2022-09-19,0.5995599627494812,0.6052247,0.6115145,0.0083702073096935,-0.0009074215354418,34.51206802465492,0.595770001411438,0.6449490785598755,2,0.010586630784932173,-0.005585026647819549,0.5966800451278687,2022-09-20,2022-09-16
2022-09-20,0.5966800451278687,0.6115145,0.6083016,0.0082259111993281,-0.0009368072740312,34.494170295329994,0.595770001411438,0.6449490785598755,3,-0.0009834160131192236,-0.01875605540780757,0.5901898741722107,2022-09-21,2022-09-19
2022-09-21,0.5901898741722107,0.6083016,0.60822046,0.0083528916017828,-0.001270119571033,31.869794280498056,0.5901898741722107,0.6449490785598755,4,-0.002673926948828699,-0.009215300626779192,0.5829408168792725,2022-09-22,2022-09-20
2022-09-22,0.5829408168792725,0.60822046,0.60970384,0.0085600492204257,-0.0018219898591576,29.5079819909228,0.5829408168792725,0.6449490785598755,5,-0.010198392195087953,-0.009448584332964268,0.5848295092582703,2022-09-23,2022-09-21
2022-09-23,0.5848295092582703,0.58609265,0.58878225,0.0083760977687881,-0.001894615589467,31.43056964797725,0.5829408168792725,0.6449490785598755,1,-0.003851363389370319,-0.007095177293159109,0.5741912722587585,2022-09-26,2022-09-22
2022-09-26,0.5741912722587585,0.58878225,0.5892457,0.0090611818670961,-0.0024581741102322,25.03247914744593,0.5741912722587585,0.6449490785598755,2,-0.03697658256135126,-0.05321541355646259,0.5665497779846191,2022-09-27,2022-09-23
2022-09-27,0.5665497779846191,0.5892457,0.5907952,0.0092853991711664,-0.0031030493283811,24.89828089211545,0.5665497779846191,0.6449490785598755,3,-0.01735274304609566,-0.06858748162685718,0.5631391406059265,2022-09-28,2022-09-26
2022-09-28,0.5631391406059265,0.5907952,0.59251565,0.009136508059109,-0.0034880109724267,20.736132082036637,0.5631391406059265,0.6449490785598755,4,0.0028629649246226284,-0.0634160475993138,0.5718501210212708,2022-09-29,2022-09-27
2022-09-29,0.5718501210212708,0.59251565,0.59152615,0.0095045161956417,-0.002908360286223,28.43349340534016,0.5631391406059265,0.6449490785598755,5,0.017599265856016143,-0.03701597703143894,0.5742308497428894,2022-09-30,2022-09-28
2022-09-30,0.5742308497428894,0.5720074,0.5676779,0.0093016362733273,-0.0021518486589417,26.75361363036474,0.5631391406059265,0.6449490785598755,1,0.017004246566302488,-0.016721466251386062,0.5618608593940735,2022-10-03,2022-09-29
2022-10-03,0.5618608593940735,0.5676779,0.57141185,0.0102131784009921,-0.0022605935420748,20.233526045740305,0.5618608593940735,0.6449490785598755,2,0.000581184279762811,0.02091054328462235,0.5719612836837769,2022-10-04,2022-09-30
2022-10-04,0.5719612836837769,0.57141185,0.5708365,0.0106839730166078,-0.0014668021394674,33.13621550672755,0.5618608593940735,0.6449490785598755,3,0.004637698966480462,0.04360948251906449,0.5737300515174866,2022-10-05,2022-10-03
2022-10-05,0.5737300515174866,0.5708365,0.5725273,0.0104152259745452,-0.0006772940469674,33.59975832945234,0.5618608593940735,0.6449490785598755,4,0.01720224306202251,0.05868189465213416,0.5776006579399109,2022-10-06,2022-10-04
2022-10-06,0.5776006579399109,0.5725273,0.56906414,0.0102422045003082,0.0002038201495185,39.07956703883596,0.5618608593940735,0.6449490785598755,5,0.0041132293482632675,0.044500313567666754,0.566068708896637,2022-10-07,2022-10-05
2022-10-07,0.566068708896637,0.57450414,0.5716721,0.0108966373166007,0.0001127421611339,31.58438102229971,0.5618608593940735,0.6449490785598755,1,-0.016411392102800407,0.010174374078467156,0.56067955493927,2022-10-10,2022-10-06
2022-10-10,0.56067955493927,0.5716721,0.57067364,0.0108017883798058,-0.0001911507260824,30.73622261714459,0.56067955493927,0.6449490785598755,2,-0.01814931900831225,-0.008570600924277232,0.5572396516799927,2022-10-11,2022-10-07
2022-10-11,0.5572396516799927,0.57067364,0.569586,0.0105918496146974,-0.0004876690047519,31.77342873703513,0.5572396516799927,0.6449490785598755,3,0.011943086371317376,-0.0013013048970335777,0.5584813952445984,2022-10-12,2022-10-10
2022-10-12,0.5584813952445984,0.569586,0.56915045,0.0103180211039534,-0.0004641377840864,35.506955132982085,0.5572396516799927,0.6449490785598755,4,0.00706917560844575,-0.011370086166157839,0.561138927936554,2022-10-13,2022-10-11
2022-10-13,0.561138927936554,0.56915045,0.5690566,0.0100967237501005,-0.0001498290646365,36.08926401496274,0.5572396516799927,0.6449490785598755,5,-0.009678647353026296,-0.024911552276031694,0.5639108419418335,2022-10-14,2022-10-12
2022-10-14,0.5639108419418335,0.5594778,0.5615641,0.0098885379291035,0.0003378978142575,43.349084287786674,0.5572396516799927,0.6449490785598755,1,0.006655117764567944,-0.002158254229820148,0.5576000809669495,2022-10-17,2022-10-13
2022-10-17,0.5576000809669495,0.5615641,0.5596235,0.0099292454232219,0.0003283471509834,44.108560285329766,0.5572396516799927,0.6449490785598755,2,-0.004914713560715287,0.011135562746811269,0.5656684637069702,2022-10-18,2022-10-14
2022-10-18,0.5656684637069702,0.5596235,0.55996096,0.0101626789082115,0.0009245082097046,51.56880910992496,0.5572396516799927,0.6449490785598755,3,0.001447980587636241,0.0005790806494070534,0.5694792866706848,2022-10-19,2022-10-17
2022-10-19,0.5694792866706848,0.55996096,0.56208444,0.0100017372727213,0.0015952512336721,48.43432148682777,0.5572396516799927,0.6449490785598755,4,-0.014281731075751121,-0.020557741820916364,0.566270649433136,2022-10-20,2022-10-18
2022-10-20,0.566270649433136,0.56208444,0.55797935,0.0098126308030631,0.0018259778793431,44.80001370569207,0.5572396516799927,0.6449490785598755,5,-0.01359559953264893,-0.024386666555919177,0.5669191479682922,2022-10-21,2022-10-19
2022-10-21,0.5669191479682922,0.55880237,0.55998206,0.0095582565424539,0.0020108073327052,53.90185050998451,0.5572396516799927,0.6449490785598755,1,0.026574235556435358,-0.004758470460401795,0.5763987898826599,2022-10-24,2022-10-20
2022-10-24,0.5763987898826599,0.55998206,0.55715257,0.0099837744405668,0.0027161801523873,53.45609241376364,0.5572396516799927,0.6449490785598755,2,0.020648862969661265,0.02101144478272712,0.5704994797706604,2022-10-25,2022-10-21
2022-10-25,0.5704994797706604,0.55715257,0.5608099,0.0099704873131346,0.0027232031464163,47.63601217061188,0.5572396516799927,0.6449490785598755,3,-0.012424278700876038,0.006945498083716214,0.5743198990821838,2022-10-26,2022-10-24
2022-10-26,0.5743198990821838,0.5608099,0.56434983,0.0098167793129662,0.0029062295359893,47.59752288468354,0.5572396516799927,0.6449490785598755,4,-0.008369469804456653,0.01291645649461232,0.5839995741844177,2022-10-27,2022-10-25
2022-10-27,0.5839995741844177,0.56434983,0.563107,0.0102286955690515,0.0035572770296496,63.49679213962044,0.5572396516799927,0.6449490785598755,5,0.05057572217400336,0.08004755459026167,0.5828015208244324,2022-10-28,2022-10-26
2022-10-28,0.5828015208244324,0.5862765,0.58133936,0.0099668637133218,0.0037652431268382,67.77284546538522,0.5572396516799927,0.6449490785598755,1,-0.001102673735418754,0.05056505065479429,0.5801911354064941,2022-10-31,2022-10-27
2022-10-31,0.5801911354064941,0.58133936,0.584089,0.0097517475116677,0.0035858789789794,68.68837469351146,0.5572396516799927,0.6449490785598755,2,-0.04499098542763021,-0.01617937035703842,0.5825197100639343,2022-11-01,2022-10-28
2022-11-01,0.5825197100639343,0.584089,0.58097786,0.0095367207149881,0.003480166252532,69.23292625699602,0.5572396516799927,0.6449490785598755,3,-0.015263035855571663,-0.0189682378767118,0.5847885012626648,2022-11-02,2022-10-31
2022-11-02,0.5847885012626648,0.58097786,0.57933646,0.0093268618109486,0.003414411202438,69.0403386024013,0.5572396516799927,0.6449490785598755,4,0.027735406246531834,0.017098975529084716,0.5813412666320801,2022-11-03,2022-11-01
2022-11-03,0.5813412666320801,0.57933646,0.5822037,0.0091724534896894,0.0030045822896115,63.88232725063138,0.5572396516799927,0.6449490785598755,5,-0.0011403988240251282,-0.03416444057258297,0.5769208669662476,2022-11-04,2022-11-02
2022-11-04,0.5769208669662476,0.5843538,0.58639586,0.0090840975640772,0.0023316252844021,65.86562510706821,0.5572396516799927,0.6449490785598755,1,-0.014076654119052961,-0.0466142358416485,0.5894210338592529,2022-11-07,2022-11-03
2022-11-07,0.5894210338592529,0.58639586,0.58704555,0.0100016828738098,0.0026035389893411,68.18152784291968,0.5572396516799927,0.6362901926040649,2,0.07198753440505058,0.07169644101465344,0.5940182209014893,2022-11-08,2022-11-04
2022-11-08,0.5940182209014893,0.58704555,0.58471817,0.009885319191188,0.0029431414812119,68.56001897049025,0.5572396516799927,0.6343407034873962,3,-0.023149192689883615,0.0632781125602481,0.5963206887245178,2022-11-09,2022-11-07
2022-11-09,0.5963206887245178,0.58471817,0.5858746,0.009663906076944,0.003154215835132,73.0442239059209,0.5572396516799927,0.6276084780693054,4,0.020723298470771447,0.055848371355531515,0.5886300206184387,2022-11-10,2022-11-08
2022-11-10,0.5886300206184387,0.5858746,0.58564067,0.0098194436314707,0.0026287386906438,65.02628634793027,0.5572396516799927,0.6245003938674927,5,0.009668401989680267,0.06732272638763452,0.6017788648605347,2022-11-11,2022-11-09
2022-11-11,0.6017788648605347,0.5910493,0.5929034,0.0107015381018804,0.0029930892824954,66.71673491180476,0.5572396516799927,0.6216701865196228,1,0.014461307722984953,0.09822072766190723,0.610530436038971,2022-11-14,2022-11-10
2022-11-14,0.610530436038971,0.5929034,0.59347516,0.0108826559623139,0.0036086212505657,75.4118209721457,0.5572396516799927,0.6216701865196228,2,0.040020823400885835,0.06366941121361316,0.6089985370635986,2022-11-15,2022-11-11
2022-11-15,0.6089985370635986,0.59347516,0.59435207,0.0106050352588525,0.0036848298172396,72.67291374557404,0.5572396516799927,0.6216701865196228,3,-0.024597693190473145,0.06212980087137904,0.6165608167648315,2022-11-16,2022-11-14
2022-11-16,0.6165608167648315,0.59435207,0.5938163,0.0106682931884579,0.0039909767103184,71.89476156466102,0.5572396516799927,0.6216701865196228,4,-0.004028875090579742,0.03616247929078336,0.6150288581848145,2022-11-17,2022-11-15
2022-11-17,0.6150288581848145,0.5938163,0.5933821,0.0103981985624217,0.0038357264811983,71.57336304025677,0.5572396516799927,0.6216701865196228,5,-0.013503933351268576,0.012428225905735614,0.6128915548324585,2022-11-18,2022-11-16
2022-11-18,0.6128915548324585,0.6159711,0.62031794,0.0101508103053727,0.0033520458624677,72.0295793265949,0.5572396516799927,0.6165608167648315,1,-0.02634723067351903,-0.02805582461738392,0.6167814135551453,2022-11-21,2022-11-17
2022-11-21,0.6167814135551453,0.62031794,0.6216997,0.0099798766489091,0.0030648661880713,72.60584495055798,0.5572396516799927,0.6167814135551453,2,-0.015707520511022276,-0.08073905535915317,0.6098490357398987,2022-11-22,2022-11-18
2022-11-22,0.6098490357398987,0.6216997,0.6215538,0.0100198759902732,0.0022182686286672,65.57634314589924,0.5572396516799927,0.6167814135551453,3,-0.01679775910019108,-0.07354084428749706,0.6156498193740845,2022-11-23,2022-11-21
2022-11-23,0.6156498193740845,0.6215538,0.6212828,0.0099723750698016,0.0018729635534672,70.71828414617642,0.5572396516799927,0.6167814135551453,4,0.011967852886423014,-0.05860135630646501,0.6252813935279846,2022-11-24,2022-11-22
2022-11-24,0.6252813935279846,0.6212828,0.61774623,0.0102807477214179,0.0021001635970917,77.474780653485,0.5572396516799927,0.6252813935279846,5,0.0008296518546003267,-0.04501056896691484,0.6259702444076538,2022-11-25,2022-11-23
2022-11-25,0.6259702444076538,0.6186862,0.619862,0.0100130153805917,0.0020987981510248,73.98316937633763,0.5572396516799927,0.6259702444076538,1,0.0,-0.01951484615233005,0.6216701865196228,2022-11-28,2022-11-24
2022-11-28,0.6216701865196228,0.619862,0.6171273,0.0098628394580158,0.0016310797749242,68.21593231972068,0.5572396516799927,0.6259702444076538,2,0.0024847678648594,-0.0015143387245341122,0.616401195526123,2022-11-29,2022-11-25
2022-11-29,0.616401195526123,0.6171273,0.6100678,0.009778578775923,0.000830026379252,62.73061113130673,0.5572396516799927,0.6259702444076538,3,-0.0044216719910320414,0.010919791024767169,0.6196900010108948,2022-11-30,2022-11-28
2022-11-30,0.6196900010108948,0.6100678,0.61047137,0.0095937775505204,0.000406284374419,70.85537869461578,0.5572396516799927,0.6259702444076538,4,0.005386385951892888,0.004288302246022378,0.6314406991004944,2022-12-01,2022-11-29
2022-12-01,0.6314406991004944,0.61047137,0.61587745,0.0101969176219729,0.0007803393089653,70.29769280530174,0.5572396516799927,0.6314406991004944,5,0.027041511441138335,0.03096060441992118,0.6369791626930237,2022-12-02,2022-11-30
2022-12-02,0.6369791626930237,0.63650227,0.62934864,0.0101094918857987,0.001236600487632,68.93145976719222,0.5572396516799927,0.6369791626930237,1,0.02240428742869569,0.0543192317616381,0.6404590606689453,2022-12-05,2022-12-01
2022-12-05,0.6404590606689453,0.62934864,0.62299967,0.0099160405453328,0.001586277671475,71.90786262406237,0.5572396516799927,0.6404590606689453,2,0.008875067017934285,0.061078220033170316,0.6322599649429321,2022-12-06,2022-12-02
2022-12-06,0.6322599649429321,0.62299967,0.6259477,0.0100498595167292,0.0011018778749635,60.83615837804035,0.5572396516799927,0.6404590606689453,3,-0.015319461924328762,0.04957759202194217,0.6324390769004822,2022-12-07,2022-12-05
2022-12-07,0.6324390769004822,0.6259477,0.6219383,0.009787192963717,0.0006522540624682,62.245906711509,0.5572396516799927,0.6404590606689453,4,0.0057887476955071826,0.04999998686399055,0.6354088187217712,2022-12-08,2022-12-06
2022-12-08,0.6354088187217712,0.6219383,0.6269428,0.0095868599683354,0.0004246020457883,65.65475070632999,0.5572396516799927,0.6404590606689453,5,0.011477864376372472,0.033784669701573074,0.637860894203186,2022-12-09,2022-12-07
2022-12-09,0.637860894203186,0.62250113,0.6212336,0.009375528069914,0.0003140075349105,64.954117112782,0.5572396516799927,0.6404590606689453,1,0.006463335625930137,0.017435812484469817,0.6393207907676697,2022-12-12,2022-12-08
2022-12-12,0.6393207907676697,0.6212336,0.62638324,0.0091460356058545,0.0002185457206406,72.66777548150009,0.5572396516799927,0.6404590606689453,2,-0.001160356135408776,0.007276475459677466,0.638781726360321,2022-12-13,2022-12-09
2022-12-13,0.638781726360321,0.62638324,0.6230283,0.0089105706418534,9.505924293292877e-06,69.35843500000499,0.5572396516799927,0.6404590606689453,3,-0.020197407299658264,0.0023750001179665896,0.6453902721405029,2022-12-14,2022-12-12
2022-12-14,0.6453902721405029,0.6230283,0.62738186,0.0089665170319015,0.0001963579788203,67.72541425027242,0.5572396516799927,0.6453902721405029,4,0.010735868843074823,0.007346156997833926,0.6343004107475281,2022-12-16,2022-12-13
2022-12-16,0.6343004107475281,0.64630735,0.64946,0.0093044550457087,-0.0006212052410951,60.052029570708605,0.5572396516799927,0.6453902721405029,1,-0.020125622219924665,-0.023991692854782833,0.6371496915817261,2022-12-19,2022-12-15
2022-12-19,0.6371496915817261,0.64946,0.6457318,0.0091173716909998,-0.0010239778970491,67.17461664462908,0.5572396516799927,0.6453902721405029,2,-0.000398732072796037,-0.030666201277869492,0.6361606121063232,2022-12-20,2022-12-16
2022-12-20,0.6361606121063232,0.6457318,0.6510859,0.0088889143251848,-0.0013863918329215,64.17318997945297,0.5572396516799927,0.6453902721405029,3,0.005699561054415408,-0.023993791767079067,0.6344292163848877,2022-12-21,2022-12-19
2022-12-21,0.6344292163848877,0.6510859,0.6531373,0.0086801849442991,-0.0017487243887564,53.107502903658045,0.5572396516799927,0.6453902721405029,4,0.0038255842291201646,-0.000263305495132215,0.6289505958557129,2022-12-22,2022-12-20
2022-12-22,0.6289505958557129,0.6531373,0.65193594,0.0086631922698571,-0.0023271653022742,41.64137925898898,0.5572396516799927,0.6453902721405029,5,0.002235839507275352,-0.00872508310031724,0.6251992583274841,2022-12-23,2022-12-21
2022-12-23,0.6251992583274841,0.6330633,0.63414717,0.0085394100205545,-0.0028952006728249,34.20215700285452,0.5572396516799927,0.6453902721405029,1,-0.014423036346991203,-0.0030561042062156605,0.6292901635169983,2022-12-26,2022-12-22
2022-12-26,0.6292901635169983,0.63414717,0.63397485,0.0084426017553533,-0.0029198643405647,46.63965350494425,0.5572396516799927,0.6453902721405029,2,0.013634490901053129,0.011032857332827783,0.6306999325752258,2022-12-27,2022-12-23
2022-12-27,0.6306999325752258,0.63397485,0.6329811,0.0082417765303304,-0.00276710912444,48.08546824599024,0.5572396516799927,0.6453902721405029,3,0.0,0.005286804379288604,0.6273289918899536,2022-12-28,2022-12-26
2022-12-28,0.6273289918899536,0.6329811,0.6338593,0.0081147984083709,-0.0028099457957266,41.18322720798184,0.5572396516799927,0.6453902721405029,4,0.007987978209936256,0.009479924778386864,0.6318396925926208,2022-12-29,2022-12-27
2022-12-29,0.6318396925926208,0.6338593,0.6327656,0.0080634143316956,-0.0024637377284159,43.71211640231401,0.5572396516799927,0.6453902721405029,5,-0.0003913355462330034,0.006831324994028573,0.6345902681350708,2022-12-30,2022-12-28
2022-12-30,0.6345902681350708,0.63152957,0.6281688,0.0079163149734182,-0.0019985444740775,45.18963266285789,0.5572396516799927,0.6453902721405029,1,-0.0028746701664194908,0.018525978919132217,0.6374799013137817,2023-01-02,2022-12-29
2023-01-02,0.6374799013137817,0.6281688,0.6286598,0.0077799569207233,-0.0014697303881214,48.736598667473416,0.5572396516799927,0.6453902721405029,2,-0.004064797677231731,0.000657390806735002,0.6326391100883484,2023-01-03,2022-12-30
2023-01-03,0.6326391100883484,0.6286598,0.63278985,0.0077629738269607,-0.0014187491185986,37.1855064303385,0.5576000809669495,0.6453902721405029,3,0.0,0.000657390806735002,0.6247110962867737,2023-01-04,2023-01-02
2023-01-04,0.6247110962867737,0.63278985,0.6298461,0.0080514990370966,-0.0018637224399167,32.07450463716448,0.5576000809669495,0.6453902721405029,4,-0.010433957899771593,-0.017607898169920345,0.6285117864608765,2023-01-05,2023-01-03
2023-01-05,0.6285117864608765,0.6298461,0.6253787,0.007960517238059,-0.0018434779659804,44.25637513558141,0.5576000809669495,0.6453902721405029,5,-0.007061513953980213,-0.024138823323434276,0.6230801343917847,2023-01-06,2023-01-04
2023-01-06,0.6230801343917847,0.6300712,0.63083905,0.007984667582371,-0.0021176900938651,36.72034457073805,0.5576000809669495,0.6453902721405029,1,0.020774820894930334,-0.0007851402520186023,0.6359097957611084,2023-01-09,2023-01-05
2023-01-09,0.6359097957611084,0.63083905,0.6305789,0.0089542666105199,-0.001391866256371,49.80651272289201,0.5656684637069702,0.6453902721405029,2,0.02342691166842184,0.02706606879185705,0.6369507908821106,2023-01-10,2023-01-06
2023-01-10,0.6369507908821106,0.6305789,0.632644,0.0087352674400588,-0.0008264409293719,51.966161845724265,0.566270649433136,0.6453902721405029,3,0.027755004194320008,0.05597157246120396,0.6371902227401733,2023-01-11,2023-01-09
2023-01-11,0.6371902227401733,0.632644,0.63430566,0.0085159574634483,-0.000440461080071,56.99636005862776,0.566270649433136,0.6453902721405029,4,0.0119969437033643,0.07992561796214906,0.6367682814598083,2023-01-12,2023-01-10
2023-01-12,0.6367682814598083,0.63430566,0.6310177,0.0083038032995706,-0.0002283912699653,60.41209351228984,0.5669191479682922,0.6453902721405029,5,0.021286480607387536,0.11097739183657855,0.638781726360321,2023-01-13,2023-01-11
2023-01-13,0.638781726360321,0.6368613,0.64470375,0.0081260212643538,1.9499253356212824e-05,58.87422872530137,0.5704994797706604,0.6453902721405029,1,0.007553507080328285,0.09638548574162632,0.6385084390640259,2023-01-16,2023-01-12
2023-01-16,0.6385084390640259,0.64470375,0.6431495,0.0079246528976705,0.0001308683255873,57.45915556471624,0.5704994797706604,0.6453902721405029,2,0.0051230495099683585,0.07649994323948066,0.6389898657798767,2023-01-17,2023-01-13
2023-01-17,0.6389898657798767,0.6431495,0.64250636,0.0077299751972427,0.0001986960560593,61.79003484513741,0.5743198990821838,0.6453902721405029,3,0.0,0.047032508820924114,0.6432895064353943,2023-01-18,2023-01-16
2023-01-18,0.6432895064353943,0.64250636,0.63938475,0.0076795722522741,0.0004788939004232,61.626257368695,0.5769208669662476,0.6453902721405029,4,0.0017809851053655899,0.03639051967513167,0.6445499658584595,2023-01-19,2023-01-17
2023-01-19,0.6445499658584595,0.63938475,0.6357876,0.0075025345438191,0.0006824678416322,60.428769363274384,0.5769208669662476,0.6453902721405029,5,0.003197666423112939,0.01781198257515709,0.6395497918128967,2023-01-20,2023-01-18
2023-01-20,0.6395497918128967,0.64381087,0.6380587,0.0075095751888759,0.0004262492381607,52.07563544556799,0.5769208669662476,0.6453902721405029,1,-0.0004730585681476769,0.009675146986824212,0.648908257484436,2023-01-23,2023-01-19
2023-01-23,0.648908257484436,0.6380587,0.6391428,0.0079763535725725,0.0008106363120301,64.958956872107,0.5769208669662476,0.648908257484436,2,0.005191713423161991,0.009744477613699455,0.6490219235420227,2023-01-24,2023-01-20
2023-01-24,0.6490219235420227,0.6391428,0.6416793,0.0077803633613237,0.0009845632903259,76.10422026803886,0.5769208669662476,0.6490219235420227,3,0.0012938117847990998,0.011051742413415949,0.6493295431137085,2023-01-25,2023-01-23
2023-01-25,0.6493295431137085,0.6416793,0.64020205,0.0075906668537117,0.0010275940596666,74.16630456141905,0.5769208669662476,0.6493295431137085,4,-0.002000141594498202,0.007236046037013875,0.6484116911888123,2023-01-26,2023-01-24
2023-01-26,0.6484116911888123,0.64020205,0.6389347,0.0074115249644959,0.0009057770543715,82.8485833138815,0.5769208669662476,0.6493295431137085,5,-0.0012964038611068427,0.0027196126392917664,0.6490893363952637,2023-01-27,2023-01-25
2023-01-27,0.6490893363952637,0.64911383,0.65014243,0.0072350975767498,0.0007867789567009,74.95553248160354,0.5886300206184387,0.6493295431137085,1,0.006347835431552937,0.009582435514727459,0.6492199301719666,2023-01-30,2023-01-26
2023-01-30,0.6492199301719666,0.65014243,0.6551754,0.0070598637777761,0.000639081000007,74.06124195199955,0.5886300206184387,0.6493295431137085,2,-0.010128509708496632,-0.005766716237829345,0.6468890905380249,2023-01-31,2023-01-27
2023-01-31,0.6468890905380249,0.6551754,0.65817577,0.0069329159011298,0.0003225975738532,67.5786567106133,0.5886300206184387,0.6493295431137085,3,-0.004865078397412996,-0.011871271907578336,0.6438201069831848,2023-02-01,2023-01-30
2023-02-01,0.6438201069831848,0.65817577,0.664427,0.0068440984724672,-0.0001309286161954,61.66204035927483,0.5886300206184387,0.6493295431137085,4,0.0059298314901479595,-0.0040042864239617434,0.6516398787498474,2023-02-02,2023-01-31
2023-02-02,0.6516398787498474,0.664427,0.6631234,0.0071834902664269,4.861737590568238e-05,67.83851367219155,0.6017788648605347,0.6516398787498474,5,-0.028180971315559473,-0.030424461567597743,0.6477187275886536,2023-02-03,2023-02-01
2023-02-03,0.6477187275886536,0.6532292,0.655934,0.00713069769419,-0.0001338404316124,61.603282376599246,0.6089985370635986,0.6516398787498474,1,-0.004143869067426235,-0.04054378431003555,0.6327711939811707,2023-02-06,2023-02-02
2023-02-06,0.6327711939811707,0.655934,0.65685934,0.0085733005713911,-0.0012370033864511,44.258386897948405,0.6089985370635986,0.6516398787498474,2,-0.007600786928514156,-0.03811547722662296,0.6308802366256714,2023-02-07,2023-02-03
2023-02-07,0.6308802366256714,0.65685934,0.65685105,0.0083856992031635,-0.0020233572908279,38.009373966911205,0.6098490357398987,0.6516398787498474,3,-0.004811026420657321,-0.03806348406160235,0.6321991682052612,2023-02-08,2023-02-06
2023-02-08,0.6321991682052612,0.65685105,0.65650105,0.0081935277828418,-0.0023604601954305,38.07934371152761,0.6098490357398987,0.6516398787498474,4,0.0110675198721468,-0.03310863666744213,0.6314606666564941,2023-02-09,2023-02-07
2023-02-09,0.6314606666564941,0.65650105,0.65788496,0.0079985349294129,-0.0025242303949725,41.492745392292925,0.6098490357398987,0.6516398787498474,5,-0.011067519872146717,-0.016419390279435155,0.6327512264251709,2023-02-10,2023-02-08
2023-02-10,0.6327512264251709,0.62647486,0.6281339,0.0078188321757421,-0.0024355307238264,29.5349054922887,0.6098490357398987,0.6516398787498474,1,0.015216951712487221,0.0028090764453617277,0.6312298774719238,2023-02-13,2023-02-09
2023-02-13,0.6312298774719238,0.6281339,0.6257971,0.0076485568383722,-0.0023671359905427,28.239909839901685,0.6098490357398987,0.6516398787498474,2,-0.01918171810292671,-0.00873739793860361,0.6361404061317444,2023-02-14,2023-02-10
2023-02-14,0.6361404061317444,0.6257971,0.62501746,0.0076494464126131,-0.0018991907789028,35.501726476350214,0.6156498193740845,0.6516398787498474,3,0.014665304492188851,0.010757993611667398,0.6335489153862,2023-02-15,2023-02-13
2023-02-15,0.6335489153862,0.62501746,0.62487173,0.0075172260677857,-0.0016797782416586,34.241791520158145,0.616401195526123,0.6516398787498474,4,0.005611882545715784,0.005258679345935938,0.6279789805412292,2023-02-16,2023-02-14
2023-02-16,0.6279789805412292,0.62487173,0.6252004,0.0075746071938376,-0.0018138919274519,29.721518929361157,0.616401195526123,0.6516398787498474,5,-0.014212463309734498,0.002102163792357256,0.6245394349098206,2023-02-17,2023-02-15
2023-02-17,0.6245394349098206,0.6307522,0.6314659,0.007485731691697,-0.0020224678506353,27.70912199554688,0.616401195526123,0.6516398787498474,1,0.027625758127863238,0.014614526743646643,0.6236202716827393,2023-02-20,2023-02-16
2023-02-20,0.6236202716827393,0.6314659,0.6303403,0.007315413823902,-0.0021013268367867,28.43419098799696,0.616401195526123,0.6516398787498474,2,-0.012440602597921168,0.0214772657311858,0.6257705092430115,2023-02-21,2023-02-17
2023-02-21,0.6257705092430115,0.6303403,0.62943786,0.007182645766342,-0.0018940765049941,32.981600332700154,0.6196900010108948,0.6516398787498474,3,0.0,0.006606300737598383,0.6216199398040771,2023-02-22,2023-02-20
2023-02-22,0.6216199398040771,0.62943786,0.6322534,0.0071554641912515,-0.0019161485997986,19.591103339930527,0.6216199398040771,0.6516398787498474,4,0.028869487950406024,0.030291920626919024,0.6224014759063721,2023-02-23,2023-02-21
2023-02-23,0.6224014759063721,0.6322534,0.62987274,0.0069942286503853,-0.0017616757495987,22.61273029968136,0.6216199398040771,0.6516398787498474,5,-0.007585686633612644,0.03714210735661347,0.6230801343917847,2023-02-24,2023-02-22
2023-02-24,0.6230801343917847,0.62417203,0.6246274,0.0068363413038872,-0.0015071958639608,34.83495471631238,0.6216199398040771,0.6516398787498474,1,-0.031299737103105005,-0.02220626723462047,0.6165608167648315,2023-02-27,2023-02-23
2023-02-27,0.6165608167648315,0.6246274,0.6264524,0.0070454695913668,-0.00165929657754,30.427428973662074,0.6165608167648315,0.6516398787498474,2,-0.0293992354981824,-0.038648499255246056,0.6164202094078064,2023-02-28,2023-02-24
2023-02-28,0.6164202094078064,0.6264524,0.63130754,0.00688248473232,-0.0016474045030551,27.714594063106645,0.6164202094078064,0.6516398787498474,3,0.013561207960721376,-0.025522611343045405,0.6186893582344055,2023-03-01,2023-02-27
2023-03-01,0.6186893582344055,0.63130754,0.6299977,0.0067713915919416,-0.001375808550168,32.71000133951554,0.6164202094078064,0.6516398787498474,4,0.02183520450674725,-0.03235330880738346,0.6256999969482422,2023-03-02,2023-02-28
2023-03-02,0.6256999969482422,0.6299977,0.6297072,0.0070461542547935,-0.0006499461926378,41.734139749634565,0.6164202094078064,0.6516398787498474,5,0.01705936313808211,-0.008209315009926495,0.6221303939819336,2023-03-03,2023-03-01
2023-03-03,0.6221303939819336,0.6251262,0.62519795,0.0069890842824887,-0.0003511343053022,39.82183002248127,0.6164202094078064,0.6516398787498474,1,-0.020359430144531593,0.002700750436095859,0.6209598779678345,2023-03-06,2023-03-02
2023-03-06,0.6209598779678345,0.62519795,0.6287452,0.0068396554222229,-0.000181749161545,31.46951955076389,0.6164202094078064,0.6516398787498474,2,-0.001470238400068026,0.031099910829641097,0.6198398470878601,2023-03-07,2023-03-03
2023-03-07,0.6198398470878601,0.6287452,0.6265532,0.0066939118312777,-9.872955596086816e-05,32.64213824706728,0.6164202094078064,0.6516398787498474,3,0.005502254552679114,0.02282371820718736,0.6111199259757996,2023-03-08,2023-03-06
2023-03-08,0.6111199259757996,0.6265532,0.6275408,0.0072020797401916,-0.0005589764366867,30.2307051436176,0.6111199259757996,0.6516398787498474,4,-0.028195284362454855,-0.027089646552807715,0.6114711761474609,2023-03-09,2023-03-07
2023-03-09,0.6114711761474609,0.6275408,0.62997633,0.0070371513401326,-0.0007554303444158,33.479313821378355,0.6111199259757996,0.6516398787498474,5,0.013702273664630739,-0.030350317414737333,0.6101207137107849,2023-03-10,2023-03-08
2023-03-10,0.6101207137107849,0.6076678,0.6123711,0.0068912270689477,-0.000883123033312,33.11816575854024,0.6101207137107849,0.6516398787498474,1,0.0032114679606452434,-0.007223312152376789,0.6160799264907837,2023-03-13,2023-03-09
2023-03-13,0.6160799264907837,0.6123711,0.61149603,0.0070482759105113,-0.0004925244489916,38.93553686611796,0.6101207137107849,0.6516398787498474,2,-0.0022222975731185043,-0.007969658283858653,0.6216315627098083,2023-03-14,2023-03-10
2023-03-14,0.6216315627098083,0.61149603,0.6127578,0.0071486415271778,0.0001775652200852,50.0128593190496,0.6101207137107849,0.6516398787498474,3,0.00591503105341583,-0.007560086945883955,0.6230685114860535,2023-03-15,2023-03-13
2023-03-15,0.6230685114860535,0.6127578,0.6100769,0.007002278193681,0.0007247128317294,50.72744315204999,0.6101207137107849,0.6516398787498474,4,-0.014604223875148894,0.006020300835024324,0.6164582371711731,2023-03-16,2023-03-14
2023-03-16,0.6164582371711731,0.6100769,0.61612797,0.0072040580807631,0.0006509136166042,43.60568516559478,0.6101207137107849,0.6516398787498474,5,-0.03915589726406634,-0.04577512730602055,0.6203396916389465,2023-03-17,2023-03-15
2023-03-17,0.6203396916389465,0.6151542,0.62018585,0.0071650944524385,0.0008598596935223,53.84487562176985,0.6101207137107849,0.6516398787498474,1,0.00749165073918125,-0.04168211727218339,0.6273211240768433,2023-03-20,2023-03-16
2023-03-20,0.6273211240768433,0.62018585,0.6195286,0.0073954405349827,0.0014309453009537,59.73599678886237,0.6101207137107849,0.6516398787498474,2,0.00718046840986544,-0.03262878198893262,0.6242586970329285,2023-03-21,2023-03-17
2023-03-21,0.6242586970329285,0.6195286,0.6199314,0.007296214136788,0.0015548386374532,54.90467591912151,0.6101207137107849,0.6516398787498474,3,0.015718420931151944,-0.02309862719641554,0.6192985773086548,2023-03-22,2023-03-20
2023-03-22,0.6192985773086548,0.6199314,0.6175766,0.0073230490999585,0.0012672957233923,44.15131494394088,0.6101207137107849,0.6516398787498474,4,0.010758108421719634,0.0019947380861452912,0.6232509613037109,2023-03-23,2023-03-21
2023-03-23,0.6232509613037109,0.6175766,0.61562294,0.0072815404093222,0.0013028327558549,51.01669983559747,0.6101207137107849,0.6516398787498474,5,0.012365729819804586,0.05497216038767177,0.6246915459632874,2023-03-24,2023-03-22
2023-03-24,0.6246915459632874,0.6247562,0.6204247,0.0071308419682995,0.0013757405447803,53.3692609227729,0.6101207137107849,0.6516398787498474,1,0.018869600463035117,0.06704412747205492,0.6211102604866028,2023-03-27,2023-03-23
2023-03-27,0.6211102604866028,0.6204247,0.6230345,0.0070714996497967,0.0011446300420176,51.09822503256444,0.6101207137107849,0.6516398787498474,2,-0.010791223100072961,0.048038829786683154,0.620351254940033,2023-03-28,2023-03-24
2023-03-28,0.620351254940033,0.6230345,0.6197823,0.0069144630652978,0.0009125844266636,59.25381980875263,0.6101207137107849,0.6516398787498474,3,0.0007311193639447331,0.0324486747873515,0.6253712773323059,2023-03-29,2023-03-27
2023-03-29,0.6253712773323059,0.6197823,0.62356776,0.0069734480601624,0.0010588410131362,62.74133995373441,0.6101207137107849,0.6516398787498474,4,0.0018256371744921763,0.023267423364606306,0.6221303939819336,2023-03-30,2023-03-28
2023-03-30,0.6221303939819336,0.62356776,0.62509274,0.0069019784078703,0.0009049380604778,60.63977306210904,0.6101207137107849,0.6516398787498474,5,0.000729253137918563,0.011429206999362302,0.6269789338111877,2023-03-31,2023-03-29
2023-03-31,0.6269789338111877,0.6236766,0.6263987,0.0069463798507545,0.0010851543229058,59.849628272211824,0.6101207137107849,0.6516398787498474,1,-0.005971596378464641,-0.013386404183101578,0.6224905848503113,2023-04-03,2023-03-30
2023-04-03,0.6224905848503113,0.6263987,0.6284796,0.0069555564895479,0.000867011085998,50.79152542745229,0.6101207137107849,0.6516398787498474,2,0.003416706066053802,0.0007313866968537584,0.6302706599235535,2023-04-04,2023-03-31
2023-04-04,0.6302706599235535,0.6284796,0.6266105,0.007293632574357,0.0011915853282941,55.94169631810734,0.6101207137107849,0.6516398787498474,3,-0.011024021312221891,-0.010963479465040846,0.6315284371376038,2023-04-05,2023-04-03
2023-04-05,0.6315284371376038,0.6266105,0.62832814,0.007138255635566,0.0014203559781635,63.63711874901566,0.6101207137107849,0.6516398787498474,4,-0.01889903608714559,-0.03124999637617685,0.6318516731262207,2023-04-06,2023-04-04
2023-04-06,0.6318516731262207,0.62832814,0.6262915,0.0069759977288836,0.0015142087405007,61.13427962325194,0.6101207137107849,0.6516398787498474,5,0.003633381905590772,-0.02843253246316824,0.6245706081390381,2023-04-07,2023-04-05
2023-04-07,0.6245706081390381,0.6331976,0.6302253,0.0072432757815505,0.0010298377565861,47.3550571792779,0.6101207137107849,0.6516398787498474,1,0.006979120201193603,-0.015768208523734242,0.6255004405975342,2023-04-10,2023-04-06
2023-04-10,0.6255004405975342,0.6302253,0.6324779,0.0070842015541682,0.0007300919422059,51.24515130324601,0.6101207137107849,0.6516398787498474,2,0.0,-0.01912530089128879,0.6227386593818665,2023-04-11,2023-04-07
2023-04-11,0.6227386593818665,0.6324779,0.63110083,0.0069845520489362,0.000324524590581,53.60861741465056,0.6101207137107849,0.6516398787498474,3,-0.009859673722404379,-0.017982556652820742,0.6195096373558044,2023-04-12,2023-04-10
2023-04-12,0.6195096373558044,0.63110083,0.6324519,0.0069128446025775,-0.0001566670138905,46.01490450728655,0.6101207137107849,0.6516398787498474,4,0.009486993831041722,0.010292428601610957,0.6218286752700806,2023-04-13,2023-04-11
2023-04-13,0.6218286752700806,0.6324519,0.632006,0.0068043858732623,-0.0003056122759956,47.006612363436936,0.6101207137107849,0.6516398787498474,5,0.014798628628832805,0.021635800762927544,0.6303500533103943,2023-04-14,2023-04-12
2023-04-14,0.6303500533103943,0.61839384,0.61710423,0.0072533383639645,0.0001580113986155,58.75643664578169,0.6101207137107849,0.6516398787498474,1,0.009624302089538152,0.024341790619454812,0.6201512217521667,2023-04-17,2023-04-13
2023-04-17,0.6201512217521667,0.61710423,0.6121161,0.007880661920724,-0.0002137626864925,49.83920118059682,0.6101207137107849,0.6516398787498474,2,-0.004008994226112893,0.02024343093453213,0.618268609046936,2023-04-18,2023-04-14
2023-04-18,0.618268609046936,0.6121161,0.6125131,0.0077188608564086,-0.0005584500237828,43.98715111368116,0.6101207137107849,0.6516398787498474,3,-0.010154878050209506,0.01994229510879201,0.6215118169784546,2023-04-19,2023-04-17
2023-04-19,0.6215118169784546,0.6125131,0.613641,0.0076194948878164,-0.000539700113756,49.476356840259065,0.6101207137107849,0.6516398787498474,4,0.005762989613076451,0.016151089314345217,0.6161999106407166,2023-04-20,2023-04-18
2023-04-20,0.6161999106407166,0.613641,0.6163711,0.0076573890838375,-0.0008388749999546,40.946275017121984,0.6101207137107849,0.6516398787498474,5,-0.004288415260551209,-0.003060303529715846,0.6179285645484924,2023-04-21,2023-04-19
2023-04-21,0.6179285645484924,0.61328346,0.6144609,0.0075019256280822,-0.0008704116746546,45.98190286597453,0.6101207137107849,0.6516398787498474,1,-0.012355035239129451,-0.024733325586464024,0.614341139793396,2023-04-24,2023-04-20
2023-04-24,0.614341139793396,0.6144609,0.61363536,0.0074283683736691,-0.0010698205754643,34.85089136411304,0.6101207137107849,0.6516398787498474,2,-0.010497426478094585,-0.03104079241685562,0.6175889372825623,2023-04-25,2023-04-21
2023-04-25,0.6175889372825623,0.61363536,0.6133478,0.0073432143828437,-0.0009253489384887,37.226886533793866,0.6101207137107849,0.6516398787498474,3,-0.006807022403893281,-0.027791420683896603,0.6147415041923523,2023-04-26,2023-04-24
2023-04-26,0.6147415041923523,0.6133478,0.6115372,0.007238670818081,-0.0009597874030368,35.01473672780956,0.6101207137107849,0.6516398787498474,4,-0.027441165924599584,-0.059542730708092136,0.6120887398719788,2023-04-27,2023-04-25
2023-04-27,0.6120887398719788,0.6115372,0.6117096,0.0071301543041671,-0.001089947076191,38.10382418671129,0.6101207137107849,0.6477187275886536,5,0.0010394877687441904,-0.05451869366760972,0.6146394610404968,2023-04-28,2023-04-26
2023-04-28,0.6146394610404968,0.60991526,0.610618,0.0070244969976658,-0.0009387212658559,39.9588915033256,0.6101207137107849,0.6361404061317444,1,0.003759195881210624,-0.0391595715104606,0.6172115802764893,2023-05-01,2023-04-27
2023-05-01,0.6172115802764893,0.610618,0.6111611,0.0069234792750212,-0.0006155508823539,44.872164950734,0.6101207137107849,0.6361404061317444,2,0.0014221580602516819,-0.027638224368655026,0.6164810061454773,2023-05-02,2023-04-28
2023-05-02,0.6164810061454773,0.6111611,0.612225,0.0067718373441491,-0.0004109173070417,47.05354326325361,0.6101207137107849,0.6361404061317444,3,0.01207159133459514,-0.00910701055555569,0.6226611733436584,2023-05-03,2023-05-01
2023-05-03,0.6226611733436584,0.612225,0.6109639,0.0069523346000198,0.0001506563937177,50.75331567848031,0.6101207137107849,0.6361404061317444,4,-0.017772523114037694,0.0005200451073577131,0.6208904981613159,2023-05-04,2023-05-02
2023-05-04,0.6208904981613159,0.6109639,0.61250544,0.0068214586335038,0.0003987670661744,40.24886424659336,0.6101207137107849,0.6361404061317444,5,-0.004297160324024852,-0.004805156281834185,0.6290218234062195,2023-05-05,2023-05-03
2023-05-05,0.6290218234062195,0.62258136,0.6228468,0.0072176354714364,0.0010684124774276,59.55114300016686,0.6101207137107849,0.6361404061317444,1,0.004816738162005003,-0.0037521389499391854,0.6299212574958801,2023-05-08,2023-05-04
2023-05-08,0.6299212574958801,0.6228468,0.6237945,0.0070596861234085,0.0015032062508141,62.81800955946472,0.6101207137107849,0.6361404061317444,2,0.005568909257022228,0.00038763042482372424,0.6338581442832947,2023-05-09,2023-05-05
2023-05-09,0.6338581442832947,0.6237945,0.6222334,0.00702591912084,0.0019584239833688,63.37691625130935,0.6101207137107849,0.6338581442832947,3,0.011939282355043677,0.00025527891412603583,0.6338782906532288,2023-05-10,2023-05-08
2023-05-10,0.6338782906532288,0.6222334,0.62134606,0.0068673455701543,0.0021481589244697,71.63492119068877,0.6101207137107849,0.6338782906532288,4,-0.007429275661692721,0.010654856768553432,0.6371212005615234,2023-05-11,2023-05-09
2023-05-11,0.6371212005615234,0.62134606,0.62227196,0.0068010291116082,0.0023623213273474,72.64864804032317,0.6101207137107849,0.6371212005615234,5,-0.015809547951148546,-0.0009134763649813484,0.6294216513633728,2023-05-12,2023-05-10
2023-05-12,0.6294216513633728,0.6365358,0.63986206,0.0071250175959919,0.0018768612582356,66.22170759136087,0.6101207137107849,0.6371212005615234,1,-0.03468557850457871,-0.03961036829788316,0.6195594668388367,2023-05-15,2023-05-11
2023-05-15,0.6195594668388367,0.63986206,0.63898927,0.0077169492875923,0.0008360479159509,51.85559788868208,0.6101207137107849,0.6371212005615234,2,0.005125463963486874,-0.040036154146678875,0.6243288516998291,2023-05-16,2023-05-12
2023-05-16,0.6243288516998291,0.63898927,0.6399484,0.0077107418291534,0.0004335581101424,58.71278558451589,0.6101207137107849,0.6371212005615234,3,0.005634548971556217,-0.04606943116600621,0.6237408518791199,2023-05-17,2023-05-15
2023-05-17,0.6237408518791199,0.6399484,0.6409384,0.0075320861754211,0.0001093723701268,61.00209134848079,0.6101207137107849,0.6371212005615234,4,-0.02245763893263928,-0.06029826048232537,0.624609649181366,2023-05-18,2023-05-16
2023-05-18,0.624609649181366,0.6409384,0.6380513,0.0073635981707748,-5.601943898022872e-05,59.7228099381077,0.6101207137107849,0.6371212005615234,5,0.02392815004955149,-0.022204816254516438,0.6235813498497009,2023-05-19,2023-05-17
2023-05-19,0.6235813498497009,0.62446654,0.6289557,0.0072024481303439,-0.0002341527721926,56.40456764508817,0.6101207137107849,0.6371212005615234,1,-0.01656717064687948,-0.004327256921215604,0.6284209489822388,2023-05-22,2023-05-18
2023-05-22,0.6284209489822388,0.6289557,0.6257818,0.0072272424280826,-3.592494915490908e-05,61.08890096884442,0.6101207137107849,0.6371212005615234,2,0.011075242204644457,0.0016144334429831172,0.6286303400993347,2023-05-23,2023-05-19
2023-05-23,0.6286303400993347,0.6257818,0.6292641,0.0070631540629525,9.240014694429774e-05,56.2352129583049,0.6101207137107849,0.6371212005615234,3,-0.013114515091443305,-0.016989947379504006,0.6250195503234863,2023-05-24,2023-05-22
2023-05-24,0.6250195503234863,0.6292641,0.63148683,0.0070081808736159,-7.382106411956053e-05,54.15341631292419,0.6101207137107849,0.6371212005615234,4,-0.00888530991358293,-0.0035572612989332613,0.610608696937561,2023-05-25,2023-05-23
2023-05-25,0.610608696937561,0.63148683,0.6290461,0.0084281144950767,-0.0011050111791911,33.5556636747,0.6101207137107849,0.6371212005615234,5,-0.024462668056277986,-0.05062786318863031,0.6053400635719299,2023-05-26,2023-05-24
2023-05-26,0.6053400635719299,0.60604495,0.6057053,0.0084246254290893,-0.002038336688469,29.636301150705705,0.6053400635719299,0.6371212005615234,1,0.0075694084632956645,-0.027434489127555722,0.6057815551757812,2023-05-29,2023-05-25
2023-05-29,0.6057815551757812,0.6057053,0.6079304,0.0082224335438194,-0.002492343476059,25.31078575149928,0.6053400635719299,0.6371212005615234,2,0.02564247865789359,-0.01316320313384186,0.6044487357139587,2023-05-30,2023-05-26
2023-05-30,0.6044487357139587,0.6079304,0.6082986,0.008038865024748,-0.0027296746209914,24.70501323803045,0.6044487357139587,0.6371212005615234,3,0.0,-0.000136081588732107,0.6046789884567261,2023-05-31,2023-05-29
2023-05-31,0.6046789884567261,0.6082986,0.60961515,0.0078496159222843,-0.0027127832829294,20.59265294478688,0.6044487357139587,0.6371212005615234,4,-0.0042283548101820076,0.0045310987786865466,0.6025112867355347,2023-06-01,2023-05-30
2023-06-01,0.6025112867355347,0.60961515,0.61074734,0.0077022973143759,-0.002684284559477,22.888029756564507,0.6025112867355347,0.6371212005615234,5,-0.007408443894296499,0.021809513515384894,0.6065789461135864,2023-06-02,2023-05-31
2023-06-02,0.6065789461135864,0.6031585,0.60233885,0.0076581930324552,-0.0022459602960104,35.19343710353586,0.6025112867355347,0.6371212005615234,1,0.02057994553461066,0.035190663287100125,0.6058182716369629,2023-06-05,2023-06-01
2023-06-05,0.6058182716369629,0.60233885,0.6050648,0.007485601495181,-0.0018767569948017,26.760078545001733,0.6025112867355347,0.6371212005615234,2,0.0043074591099826285,0.013338784260622932,0.6070613265037537,2023-06-06,2023-06-02
2023-06-06,0.6070613265037537,0.6050648,0.6060718,0.007327809138428,-0.00143808078633,29.397828436468373,0.6025112867355347,0.6371212005615234,3,0.010688134115109844,0.024227571844242925,0.6078399419784546,2023-06-07,2023-06-05
2023-06-07,0.6078399419784546,0.6060718,0.60697126,0.0071671122416909,-0.001005218197208,29.24018895295214,0.6025112867355347,0.6371212005615234,4,0.0011952753285475503,0.029797694861238944,0.6042296290397644,2023-06-08,2023-06-06
2023-06-08,0.6042296290397644,0.60697126,0.60388756,0.0071144932576696,-0.0008764909066586,27.48325815454096,0.6025112867355347,0.6371212005615234,5,-0.0033238208879205174,0.03401263257313856,0.609440267086029,2023-06-09,2023-06-07
2023-06-09,0.609440267086029,0.6011621,0.6007156,0.0071880268797946,-0.0003802076418748,28.104041266658697,0.6025112867355347,0.6371212005615234,1,0.011124483941375437,0.02428164383448844,0.6130606532096863,2023-06-12,2023-06-08
2023-06-12,0.6130606532096863,0.6007156,0.6011333,0.0071374514146594,0.0002198170055486,33.349311575726674,0.6025112867355347,0.6371212005615234,2,-0.00197744003290699,0.017864324235938003,0.6129103302955627,2023-06-13,2023-06-09
2023-06-13,0.6129103302955627,0.6011333,0.5981945,0.0069773087509947,0.0006122716091474,36.01494059968913,0.6025112867355347,0.6371212005615234,3,-0.010212986332559824,-0.0031893910355502535,0.6159418225288391,2023-06-14,2023-06-12
2023-06-14,0.6159418225288391,0.5981945,0.5951002,0.0069019194694652,0.0010557127303151,58.35544955540323,0.6025112867355347,0.6371212005615234,4,0.020583935275454008,0.01632600826471336,0.6196900010108948,2023-06-15,2023-06-13
2023-06-15,0.6196900010108948,0.5951002,0.59486675,0.006870208928707,0.0015511963558252,73.60684028867273,0.6025112867355347,0.6371212005615234,5,0.009747274464701498,0.029697703396231304,0.623538613319397,2023-06-16,2023-06-14
2023-06-16,0.623538613319397,0.61726767,0.6191279,0.0068449402666857,0.0020561991063313,76.26727704282627,0.6025112867355347,0.6371212005615234,1,0.007858378187557228,0.026340087950802935,0.6232001185417175,2023-06-19,2023-06-15
2023-06-19,0.6232001185417175,0.6191279,0.6204461,0.0066943801292271,0.0022687972952258,78.57885174418604,0.6025112867355347,0.6371212005615234,2,-0.003084460410103486,0.0252045372143775,0.6202396750450134,2023-06-20,2023-06-16
2023-06-20,0.6202396750450134,0.6204461,0.6188093,0.0066223297327335,0.0021144795314919,71.89389555605874,0.6025112867355347,0.6371212005615234,3,0.0,0.035728586651725215,0.6166787147521973,2023-06-21,2023-06-19
2023-06-21,0.6166787147521973,0.6188093,0.62145066,0.0065882284014191,0.0016951326435881,69.18154233513025,0.6025112867355347,0.6371212005615234,4,-0.0015458052679607943,0.01305993258268679,0.6207093596458435,2023-06-22,2023-06-20
2023-06-22,0.6207093596458435,0.62145066,0.6253179,0.0065913204807219,0.0016122684493649,69.15062225446273,0.6025112867355347,0.6371212005615234,5,0.008344622172603903,0.01163995784443688,0.6182800531387329,2023-06-23,2023-06-21
2023-06-23,0.6182800531387329,0.625316,0.62387514,0.006499027196081,0.0013287152740792,66.158335832223,0.6025112867355347,0.6371212005615234,1,-0.005769626410965113,-0.0020531592954239016,0.614870011806488,2023-06-26,2023-06-22
2023-06-26,0.614870011806488,0.62387514,0.62498885,0.006462175474965,0.0008686218432072,59.58627855585313,0.6025112867355347,0.6371212005615234,2,-0.021444705405699288,-0.02020852925352061,0.6163100004196167,2023-06-27,2023-06-23
2023-06-27,0.6163100004196167,0.62498885,0.62350506,0.0063424702292411,0.0006295330738761,60.23205444653416,0.6025112867355347,0.6371212005615234,3,-0.005136663843470601,-0.025228484725805553,0.6157407760620117,2023-06-28,2023-06-26
2023-06-28,0.6157407760620117,0.62350506,0.6258871,0.0062088774856039,0.0004118410620697,65.00850967927445,0.6025112867355347,0.6371212005615234,4,-0.0013213204804728195,-0.025009638786476784,0.6074300408363342,2023-06-29,2023-06-27
2023-06-29,0.6074300408363342,0.6258871,0.6237425,0.0067140378356404,-0.0002760119087732,47.57505076244327,0.6025112867355347,0.6371212005615234,5,-0.016262717242044696,-0.04870877533380267,0.606678307056427,2023-06-30,2023-06-28
2023-06-30,0.606678307056427,0.60023844,0.59920496,0.0065723401786173,-0.0007394673708193,41.728464870810846,0.6025112867355347,0.6371212005615234,1,-0.011624889717818434,-0.05426256063088443,0.6132185459136963,2023-07-03,2023-06-29
2023-07-03,0.6132185459136963,0.59920496,0.60145557,0.0068163393539657,-0.0005709376664651,50.342689532958765,0.6025112867355347,0.6371212005615234,2,0.017119762454237415,-0.017078312485071433,0.6156005859375,2023-07-04,2023-06-30
2023-07-04,0.6156005859375,0.60145557,0.60184634,0.0067175966608747,-0.0002791917617936,49.61503650597047,0.6025112867355347,0.6371212005615234,3,0.010106497435022531,-0.0019807033640914067,0.619809091091156,2023-07-05,2023-07-03
2023-07-05,0.619809091091156,0.60184634,0.60082155,0.0067268966450399,0.0001916869398635,50.13296951949953,0.6025112867355347,0.6371212005615234,4,0.0,-0.0006611284288313783,0.6176995635032654,2023-07-06,2023-07-04
2023-07-06,0.6176995635032654,0.60082155,0.598146,0.0066179705810128,0.0003465193858623,43.2170142759613,0.6025112867355347,0.6371212005615234,5,-0.006770702010279596,0.008869773535351826,0.616351842880249,2023-07-07,2023-07-05
2023-07-07,0.616351842880249,0.61661255,0.61461586,0.0064902848062629,0.0003429705419842,42.22689786281129,0.6025112867355347,0.6371212005615234,1,-0.008965057989726697,0.011556769262616557,0.6205899715423584,2023-07-10,2023-07-06
2023-07-10,0.6205899715423584,0.61461586,0.6162112,0.0065140304617993,0.0005960315628004,50.386395105267525,0.6025112867355347,0.6371212005615234,2,0.012555242100977429,0.006950019600544154,0.6206515431404114,2023-07-11,2023-07-07
2023-07-11,0.6206515431404114,0.6162112,0.6176256,0.006374255319216,0.0007287682074474,54.74884615000976,0.6025112867355347,0.6371212005615234,3,0.0011939115667481735,-0.001984634335997325,0.6199589371681213,2023-07-12,2023-07-10
2023-07-12,0.6199589371681213,0.6176256,0.6163548,0.0062426584814805,0.0007293387291304,49.02520680481527,0.6025112867355347,0.6371212005615234,4,-0.004784095677998842,-0.0067478324508565305,0.6305209994316101,2023-07-13,2023-07-11
2023-07-13,0.6305209994316101,0.6163548,0.6114894,0.0070662571069437,0.0013636245010899,63.12726677686542,0.6025112867355347,0.6371212005615234,5,0.023304332366448292,0.023578000066059764,0.6391900181770325,2023-07-14,2023-07-12
2023-07-14,0.6391900181770325,0.62623495,0.62216675,0.0074802220191773,0.0022379428156457,73.43730972572934,0.6025112867355347,0.6391900181770325,1,0.0225191512031186,0.056317223864340855,0.6365818381309509,2023-07-17,2023-07-13
2023-07-17,0.6365818381309509,0.62216675,0.6255289,0.007358842221882,0.0024920904612587,69.10588470574224,0.6025112867355347,0.6391900181770325,2,-0.0019105072686509909,0.041146794010585866,0.6321192383766174,2023-07-18,2023-07-14
2023-07-18,0.6321192383766174,0.6255289,0.6255549,0.0073401500725657,0.0022201795949614,64.38103232978114,0.6025112867355347,0.6391900181770325,3,-0.02321484567832466,0.01604133760183599,0.6296991109848022,2023-07-19,2023-07-17
2023-07-19,0.6296991109848022,0.6255549,0.6219722,0.0072183792053609,0.0017580850379633,71.8093036559667,0.6025112867355347,0.6391900181770325,4,-0.004184115000889452,0.016651125683782075,0.6262878179550171,2023-07-20,2023-07-18
2023-07-20,0.6262878179550171,0.6219722,0.6237449,0.0071462928051886,0.0011337498814602,68.25376041013577,0.6025112867355347,0.6391900181770325,5,-0.004333273471702537,-0.011061951845156256,0.6230296492576599,2023-07-21,2023-07-19
2023-07-21,0.6230296492576599,0.62867165,0.62511903,0.0070703280090964,0.000447642132734,59.72714841372366,0.6025112867355347,0.6391900181770325,1,0.004726311972921368,-0.028502350329623765,0.6169000864028931,2023-07-24,2023-07-20
2023-07-24,0.6169000864028931,0.62511903,0.6251245,0.0072127643792549,-0.0004254825121305,51.19926422537938,0.6025112867355347,0.6391900181770325,2,-0.0038055661640326076,-0.030341652249292708,0.6200205087661743,2023-07-25,2023-07-21
2023-07-25,0.6200205087661743,0.6251245,0.63382214,0.0071316252819958,-0.0007787728800465,50.19910880984912,0.6025112867355347,0.6391900181770325,3,0.009812374827090159,0.0022181887119131455,0.6216585636138916,2023-07-26,2023-07-24
2023-07-26,0.6216585636138916,0.63382214,0.628786,0.006995854051167,-0.000880547380003,53.76191225961674,0.6025112867355347,0.6391900181770325,4,0.015886632740097148,0.022536678724215796,0.6212299466133118,2023-07-27,2023-07-25
2023-07-27,0.6212299466133118,0.628786,0.6304718,0.0068433268380243,-0.0009492246427731,54.71766416221556,0.6025112867355347,0.6391900181770325,5,-0.002951527767644946,0.023950540961372488,0.6187467575073242,2023-07-28,2023-07-26
2023-07-28,0.6187467575073242,0.6247861,0.6255803,0.0067450316011499,-0.0011225115398193,48.15477369663439,0.6025112867355347,0.6391900181770325,1,-0.006964162724217499,0.012049771430441484,0.6160100698471069,2023-07-31,2023-07-27
2023-07-31,0.6160100698471069,0.6255803,0.62580615,0.006662162880961,-0.0013659009981704,45.589679518184205,0.6025112867355347,0.6391900181770325,2,0.013752529805071608,0.029976356249394237,0.6204898357391357,2023-08-01,2023-07-28
2023-08-01,0.6204898357391357,0.62580615,0.62464595,0.0066943638977193,-0.0011768201348249,50.47059010001427,0.6025112867355347,0.6391900181770325,3,0.019592326557728506,0.04009889357765986,0.614148736000061,2023-08-02,2023-07-31
2023-08-02,0.614148736000061,0.62464595,0.62732935,0.0068884155573724,-0.001414467337409,34.31378483671388,0.6025112867355347,0.6391900181770325,4,-0.02560987630344337,-0.002178334410962627,0.6086301207542419,2023-08-03,2023-08-01
2023-08-03,0.6086301207542419,0.62732935,0.62997025,0.0069930702866239,-0.0018514086695032,18.83956853945695,0.6025112867355347,0.6391900181770325,5,-0.01709664310155804,-0.01619328175002482,0.6082391738891602,2023-08-04,2023-08-02
2023-08-04,0.6082391738891602,0.61041343,0.6110789,0.0068404863613041,-0.002058902962616,19.73176150070975,0.6025112867355347,0.6391900181770325,1,0.012591799371307437,0.003235358841086416,0.6100090146064758,2023-08-07,2023-08-03
2023-08-07,0.6100090146064758,0.6110789,0.61322147,0.0067202181276349,-0.0019691180312703,24.946712088588967,0.6025112867355347,0.6391900181770325,2,-0.008030064930524057,-0.01838142090532226,0.6106571555137634,2023-08-08,2023-08-04
2023-08-08,0.6106571555137634,0.61322147,0.6145454,0.0065794355546066,-0.0017648071588293,27.52069058203827,0.6025112867355347,0.6391900181770325,3,-0.008357339027301281,-0.045437466914907694,0.6056678295135498,2023-08-09,2023-08-07
2023-08-09,0.6056678295135498,0.6145454,0.6124187,0.0066593065310485,-0.0018551715741742,26.532160029522544,0.6025112867355347,0.6391900181770325,4,-0.01719393193101052,-0.037370021768439385,0.606207549571991,2023-08-10,2023-08-08
2023-08-10,0.606207549571991,0.6124187,0.611768,0.0065193451966608,-0.0017684165852379,29.591759996297668,0.6025112867355347,0.6391900181770325,5,0.005189291827776515,-0.015676075650851443,0.6013337969779968,2023-08-11,2023-08-09
2023-08-11,0.6013337969779968,0.6056439,0.6037671,0.006595899826405,-0.0019166390236549,30.521773244409573,0.6013337969779968,0.6391900181770325,1,-0.004389179490860506,-0.032249742605117926,0.5984584093093872,2023-08-14,2023-08-10
2023-08-14,0.5984584093093872,0.6037671,0.600616,0.0065298027249634,-0.0020724713070954,22.852691677322923,0.5984584093093872,0.6391900181770325,2,-0.009778385518049592,-0.03394020214050885,0.5974786281585693,2023-08-15,2023-08-11
2023-08-15,0.5974786281585693,0.600616,0.59682566,0.0063992735142904,-0.0020992075473614,19.04363645243211,0.5974786281585693,0.6391900181770325,3,0.0026885324997722154,-0.023210077033650276,0.5957380533218384,2023-08-16,2023-08-14
2023-08-16,0.5957380533218384,0.59682566,0.59864616,0.006292504512329,-0.0020873948879329,18.424701325816585,0.5957380533218384,0.6391900181770325,4,-0.017059705490878745,-0.02307895719985653,0.5931304097175598,2023-08-17,2023-08-15
2023-08-17,0.5931304097175598,0.59864616,0.6002342,0.0062264730442439,-0.0021026164720468,18.368070940381045,0.5931304097175598,0.6391900181770325,5,-0.0027348548463458165,-0.0307896322247001,0.5925890803337097,2023-08-18,2023-08-16
2023-08-18,0.5925890803337097,0.58976793,0.5920604,0.0060992477579158,-0.0019973250211648,19.421041900454327,0.5925890803337097,0.6391900181770325,1,0.009268137866743572,-0.01746201606144195,0.5926803946495056,2023-08-21,2023-08-17
2023-08-21,0.5926803946495056,0.5920604,0.59464085,0.0059732936398966,-0.001777091735833,8.992165210864286,0.5925890803337097,0.6391900181770325,2,0.003656304592353999,-0.00417285472378181,0.5929685831069946,2023-08-22,2023-08-18
2023-08-22,0.5929685831069946,0.59464085,0.5930214,0.00585200629713,-0.0014797457288731,11.980818365067336,0.5925890803337097,0.6391900181770325,3,0.0035083052685989068,-0.003356168044612107,0.5940676331520081,2023-08-23,2023-08-21
2023-08-23,0.5940676331520081,0.5930214,0.59094274,0.0057473019934511,-0.001094534398911,18.93004115226337,0.5925890803337097,0.6391900181770325,4,0.010318368615644781,0.02430697451997884,0.5974286794662476,2023-08-24,2023-08-22
2023-08-24,0.5974286794662476,0.59094274,0.5909652,0.0057589195983801,-0.0005275942184105,29.529530207402203,0.5925890803337097,0.6391900181770325,5,0.014032524141701211,0.04162671531280616,0.591957688331604,2023-08-25,2023-08-23
2023-08-25,0.591957688331604,0.5967424,0.59816945,0.0059611637824632,-0.0004389073589444,20.02062961914397,0.591957688331604,0.6391900181770325,1,-0.009510047638679794,0.02224936080465751,0.5910863876342773,2023-08-28,2023-08-24
2023-08-28,0.5910863876342773,0.59816945,0.5998923,0.0058470963128564,-0.0003600876708704,17.736315523648756,0.5910863876342773,0.6391900181770325,2,-0.001992676402528614,0.016490973416875446,0.5907477140426636,2023-08-29,2023-08-25
2023-08-29,0.5907477140426636,0.5998923,0.5989366,0.0057299710577563,-0.0002567726627456,20.9485211852801,0.5907477140426636,0.6391900181770325,3,-0.0015970304193956549,0.011314670399150616,0.5967476963996887,2023-08-30,2023-08-28
2023-08-30,0.5967476963996887,0.5989366,0.6010036,0.0060083811300498,0.000261583045212,34.810288921301776,0.5907477140426636,0.6391900181770325,4,0.010335333734980575,0.011331827618756833,0.5952983498573303,2023-08-31,2023-08-29
2023-08-31,0.5952983498573303,0.6010036,0.59809387,0.0059067965356805,0.0005369101923563,39.11143418771803,0.5907477140426636,0.6391900181770325,5,-0.002111348615072487,-0.004863902072552222,0.5976964831352234,2023-09-01,2023-08-30
2023-09-01,0.5976964831352234,0.5990045,0.60159725,0.0058503892013658,0.0008897920885984,48.6013213207956,0.5907477140426636,0.6391900181770325,1,-0.0033079877942261316,0.0013271704159714907,0.5942582488059998,2023-09-04,2023-08-31
2023-09-04,0.5942582488059998,0.60159725,0.6006676,0.0058559662489476,0.0008982937849555,44.57772077404644,0.5907477140426636,0.6391900181770325,2,0.010547220161808302,0.013962768529229388,0.5937396287918091,2023-09-05,2023-09-01
2023-09-05,0.5937396287918091,0.6006676,0.60067797,0.0057407313253394,0.0008747745423984,46.49077268312288,0.5907477140426636,0.6391900181770325,3,0.0,0.0155833916624755,0.58841872215271,2023-09-06,2023-09-04
2023-09-06,0.58841872215271,0.60067797,0.60412544,0.005929688678504,0.0005239536117218,42.44609953882878,0.58841872215271,0.6391900181770325,4,-0.0003934915141578225,0.0047456171807207185,0.5870990753173828,2023-09-07,2023-09-05
2023-09-07,0.5870990753173828,0.60412544,0.60332584,0.0058276904860382,0.0002405337934476,41.41259129838092,0.5870990753173828,0.6391900181770325,5,-0.0165358614550924,-0.009643322664233506,0.588200032711029,2023-09-08,2023-09-06
2023-09-08,0.588200032711029,0.58808416,0.590602,0.0057256343537112,0.0001681461036039,43.20644216691069,0.5870990753173828,0.6391900181770325,1,-0.006020497844491621,-0.0123260350178588,0.5901411175727844,2023-09-11,2023-09-07
2023-09-11,0.5901411175727844,0.590602,0.5892603,0.0056563356706732,0.0002850556791462,45.91736794724603,0.5870990753173828,0.6391900181770325,2,-0.01228667031147108,-0.034622942815061473,0.5916810035705566,2023-09-12,2023-09-08
2023-09-12,0.5916810035705566,0.5892603,0.59144574,0.0055733663711076,0.000488231246422,46.59721903538158,0.5870990753173828,0.6391900181770325,3,0.0240263755923222,-0.011147545986488218,0.5909885764122009,2023-09-13,2023-09-11
2023-09-13,0.5909885764122009,0.59144574,0.592473,0.0054694013930234,0.000591252078795,40.061627896281166,0.5870990753173828,0.6391900181770325,4,-0.004785940347257476,-0.015481504480623815,0.5920312404632568,2023-09-14,2023-09-12
2023-09-14,0.5920312404632568,0.592473,0.593322,0.0053774768935818,0.0007354792257931,50.13147520722794,0.5870990753173828,0.6391900181770325,5,0.0010655164645383217,0.0020007824530545656,0.5906001329421997,2023-09-15,2023-09-13
2023-09-15,0.5906001329421997,0.59078425,0.58982,0.0052976626436559,0.0007384264386513,49.14786852231753,0.5870990753173828,0.6391900181770325,1,0.007030601726295184,0.01516370289001577,0.5905383825302124,2023-09-18,2023-09-14
2023-09-18,0.5905383825302124,0.58982,0.5894837,0.0051968567985968,0.0007383737764806,49.6295639993587,0.5870990753173828,0.6391900181770325,2,-0.005035805340189019,0.022551268577280258,0.5921399593353271,2023-09-19,2023-09-15
2023-09-19,0.5921399593353271,0.5894837,0.59034425,0.005132943281828,0.0008409103653625,40.342741784366,0.5870990753173828,0.6391900181770325,3,-0.005862794874404328,-0.0075597029848361984,0.5951495170593262,2023-09-20,2023-09-18
2023-09-20,0.5951495170593262,0.59034425,0.59108084,0.0051542336921822,0.001090310220019,49.70721285871409,0.5870990753173828,0.6391900181770325,4,-0.007377114694002764,-0.010127959985331293,0.5925294160842896,2023-09-21,2023-09-19
2023-09-21,0.5925294160842896,0.59108084,0.5913177,0.0051412907854695,0.0010569304681521,39.923234831207296,0.5870990753173828,0.6391900181770325,5,0.008712615559420978,-0.0025292935561095522,0.5931796431541443,2023-09-22,2023-09-20
2023-09-22,0.5931796431541443,0.5958721,0.5962905,0.0050514225948249,0.0010543554964283,47.639865612153336,0.5870990753173828,0.6391900181770325,1,-0.0215845213732607,-0.030667531045628558,0.595710039138794,2023-09-25,2023-09-21
2023-09-25,0.595710039138794,0.5962905,0.5962686,0.0050428690095705,0.0011888082466575,53.96264863828155,0.5870990753173828,0.6391900181770325,2,-0.00027282213398609857,-0.026039604154837446,0.5967299342155457,2023-09-26,2023-09-22
2023-09-26,0.5967299342155457,0.5962686,0.5947795,0.0049643700977614,0.0013029929093973,70.21083542777299,0.5870990753173828,0.6391900181770325,3,-0.004374588745683959,-0.024589071246342516,0.5947707891464233,2023-09-27,2023-09-25
2023-09-27,0.5947707891464233,0.5947795,0.59764177,0.004922236017699,0.0012054030119171,68.09300233349265,0.5870990753173828,0.6391900181770325,4,-0.006735854335471202,-0.023963378289850734,0.591621458530426,2023-09-28,2023-09-26
2023-09-28,0.591621458530426,0.59764177,0.5992925,0.0049610486960539,0.0009014905281283,57.35817421088255,0.5870990753173828,0.6391900181770325,5,0.0005515977620020256,-0.03189641567116119,0.5964398384094238,2023-09-29,2023-09-27
2023-09-29,0.5964398384094238,0.5938012,0.593707,0.0051724974702049,0.0009906166294658,62.05430167750708,0.5870990753173828,0.6391900181770325,1,0.018439332917652356,0.0076366772754749256,0.5995886921882629,2023-10-02,2023-09-28
2023-10-02,0.5995886921882629,0.593707,0.5939867,0.0051997892701536,0.001212616492957,64.25558160675487,0.5870990753173828,0.6391900181770325,2,0.008490072133495771,0.01650529155265818,0.5941911935806274,2023-10-03,2023-09-29
2023-10-03,0.5941911935806274,0.5939867,0.5937464,0.0054441664631445,0.0009580894149501,54.93614276973731,0.5870990753173828,0.6391900181770325,3,-0.025551838783158306,-0.004795156656592168,0.5913485288619995,2023-10-04,2023-10-02
2023-10-04,0.5913485288619995,0.5937464,0.5943571,0.0054313476560317,0.0005790870625488,49.0030637468231,0.5870990753173828,0.6391900181770325,4,-0.004553301089427976,-0.002620697021484375,0.5918700695037842,2023-10-05,2023-10-03
2023-10-05,0.5918700695037842,0.5943571,0.59444594,0.0053305541426213,0.0003553098193802,51.90504291845494,0.5870990753173828,0.6391900181770325,5,-0.0087506252678274,-0.011855522946193589,0.596640944480896,2023-10-06,2023-10-04
2023-10-06,0.596640944480896,0.59133124,0.5918582,0.0055007803560892,0.0005109282074401,58.02123452302234,0.5870990753173828,0.6365818381309509,1,-0.010377369546376294,-0.039924222321116046,0.5972787737846375,2023-10-09,2023-10-05
2023-10-09,0.5972787737846375,0.5918582,0.5932522,0.0053992341539653,0.0006312608259293,56.93005400000322,0.5870990753173828,0.6321192383766174,2,0.021614201324313763,-0.02724101782335615,0.6031108498573303,2023-10-10,2023-10-06
2023-10-10,0.6031108498573303,0.5932522,0.5944594,0.0056820134279438,0.0010532148959224,59.97690438025011,0.5870990753173828,0.6296991109848022,3,0.004953880384421103,0.0028909565836614123,0.6041894555091858,2023-10-11,2023-10-09
2023-10-11,0.6041894555091858,0.5944594,0.5950942,0.0055824867182734,0.0013363440516692,65.1992373304078,0.5870990753173828,0.6262878179550171,4,-0.002886785805103314,0.0045636831163507734,0.6019490957260132,2023-10-12,2023-10-10
2023-10-12,0.6019490957260132,0.5950942,0.59355915,0.0055269309008103,0.0013027639236955,60.97623570031349,0.5870990753173828,0.6230296492576599,5,-0.0049682374726279415,0.008370527473150303,0.5921609997749329,2023-10-13,2023-10-11
2023-10-13,0.5921609997749329,0.6046609,0.6039094,0.0064188961669889,0.000587788726309,46.24083457601352,0.5870990753173828,0.6216585636138916,1,-0.00554939837534599,0.013250682453870887,0.5906604528427124,2023-10-16,2023-10-12
2023-10-16,0.5906604528427124,0.6039094,0.600575,0.0063012704270312,1.0760809271667432e-05,43.63596592649071,0.5870990753173828,0.6216585636138916,2,-0.003903037387205174,-0.012277586450168083,0.5901515483856201,2023-10-17,2023-10-13
2023-10-17,0.5901515483856201,0.600575,0.59765846,0.0061690086350046,-0.0003862958879773,45.00466672854594,0.5870990753173828,0.6216585636138916,3,0.0019533896712972216,-0.015236796617722292,0.5894801616668701,2023-10-18,2023-10-16
2023-10-18,0.5894801616668701,0.59765846,0.6014749,0.0060437948167862,-0.0006592245349925,47.5532296007116,0.5870990753173828,0.6212299466133118,4,-0.00321113906573755,-0.015556155978267148,0.5853909850120544,2023-10-19,2023-10-17
2023-10-19,0.5853909850120544,0.6014749,0.6006507,0.0060933302534492,-0.0010566576172879,37.16098002900692,0.5853909850120544,0.6204898357391357,5,0.0018162787238428498,-0.00885447264074299,0.5842998623847961,2023-10-20,2023-10-18
2023-10-20,0.5842998623847961,0.5854532,0.5822637,0.0059787302982463,-0.0013175564281766,31.341744086916293,0.5842998623847961,0.6204898357391357,1,0.002648646316544683,-0.0006956196856256845,0.5829306244850159,2023-10-23,2023-10-19
2023-10-23,0.5829306244850159,0.5822637,0.584738,0.0058758182814541,-0.0014939471454248,34.75929789235403,0.5829306244850159,0.6204898357391357,2,-0.013878399770406624,-0.010614488604124455,0.5851101279258728,2023-10-24,2023-10-20
2023-10-24,0.5851101279258728,0.584738,0.58429897,0.0058122803535358,-0.0013782457443115,41.40224918469109,0.5829306244850159,0.614148736000061,3,0.008714011252535694,-0.003902966094710328,0.5846996307373047,2023-10-25,2023-10-23
2023-10-25,0.5846996307373047,0.58429897,0.58311754,0.0056975200412003,-0.0012476784094221,40.08737611280121,0.5829306244850159,0.6106571555137634,4,0.010302177055933804,0.009648967568538589,0.5792199373245239,2023-10-26,2023-10-24
2023-10-26,0.5792199373245239,0.58311754,0.5834123,0.0059178670965992,-0.0014352984996783,26.37959960820696,0.5792199373245239,0.6106571555137634,5,-0.010582072795597842,-0.00279173378429189,0.5828898549079895,2023-10-27,2023-10-25
2023-10-27,0.5828898549079895,0.58005077,0.58014476,0.005950675812272,-0.0012253388143094,31.97289579487547,0.5792199373245239,0.6106571555137634,1,-0.0009803193019683053,-0.0064040099196466665,0.5808415412902832,2023-10-30,2023-10-26
2023-10-30,0.5808415412902832,0.58014476,0.5810217,0.0058741190442393,-0.0011393216230375,19.17773638264066,0.5792199373245239,0.6106571555137634,2,0.01818863610653167,0.025974027722385735,0.584030270576477,2023-10-31,2023-10-27
2023-10-31,0.584030270576477,0.5810217,0.58141017,0.0058719648702993,-0.0007986857613242,23.638120922546904,0.5792199373245239,0.606207549571991,3,0.004256155347682994,0.02141056253706744,0.5807403326034546,2023-11-01,2023-10-30
2023-11-01,0.5807403326034546,0.58141017,0.5847234,0.0058708883368363,-0.0007279495872339,23.006581762237246,0.5792199373245239,0.606207549571991,4,-0.002194459013838501,0.008725790029044262,0.5879793763160706,2023-11-02,2023-10-31
2023-11-02,0.5879793763160706,0.5847234,0.582137,0.0063179063063377,-0.0001564952577371,44.30854999286095,0.5792199373245239,0.6041894555091858,5,0.0009606765995697496,0.020436717155070994,0.5895808935165405,2023-11-03,2023-11-01
2023-11-03,0.5895808935165405,0.5881417,0.5884943,0.0062115118225749,0.0003394258434429,48.53467999521053,0.5792199373245239,0.6041894555091858,1,0.006017543945370837,0.02760263757690561,0.5996102690696716,2023-11-06,2023-11-02
2023-11-06,0.5996102690696716,0.5884943,0.5879476,0.0070502452848518,0.0012990797877383,60.20194175755932,0.5792199373245239,0.6041894555091858,2,0.0020431616991153164,0.011144723421003443,0.5963000655174255,2023-11-07,2023-11-03
2023-11-07,0.5963000655174255,0.5879476,0.58535373,0.00698620826181,0.0016448242081582,56.95961538695483,0.5792199373245239,0.6041894555091858,3,0.00948005082811503,0.016440658433805024,0.5936000347137451,2023-11-08,2023-11-06
2023-11-08,0.5936000347137451,0.58535373,0.58496356,0.0068931517221168,0.0016228484508373,58.6216610430504,0.5792199373245239,0.6041894555091858,4,-0.01070543384542201,0.007826467153232814,0.5912017226219177,2023-11-09,2023-11-07
2023-11-09,0.5912017226219177,0.58496356,0.5830398,0.0067908559382872,0.0013871009989768,57.05505175191253,0.5792199373245239,0.6041894555091858,5,-0.011510144819098731,-0.004663912218007072,0.5889298915863037,2023-11-10,2023-11-08
2023-11-10,0.5889298915863037,0.5883649,0.58844155,0.006688023741182,0.0010346341031718,56.021316384877046,0.5792199373245239,0.6041894555091858,1,0.0019275703259737918,-0.008726496964047948,0.5894210338592529,2023-11-13,2023-11-09
2023-11-13,0.5894210338592529,0.58844155,0.59107333,0.0065442990311964,0.0008014549795728,54.47853338171532,0.5792199373245239,0.6041894555091858,2,-0.014269157458469892,-0.02476529606533104,0.5882906913757324,2023-11-14,2023-11-10
2023-11-14,0.5882906913757324,0.59107333,0.58991146,0.0064150281216971,0.0005499607084837,53.67572052614881,0.5792199373245239,0.6041894555091858,3,0.021805997400871528,-0.012670216689994464,0.6004491448402405,2023-11-15,2023-11-13
2023-11-15,0.6004491448402405,0.58991146,0.5853569,0.0076216459152862,0.0011469770436889,69.11606058882063,0.5792199373245239,0.6041894555091858,4,0.005445889973388243,0.003405942508251873,0.6028890609741211,2023-11-16,2023-11-14
2023-11-16,0.6028890609741211,0.5853569,0.59311426,0.0074920740434359,0.0016216982648653,68.41644208550368,0.5792199373245239,0.6041894555091858,5,0.009459553378394794,0.024669225438631367,0.596530556678772,2023-11-17,2023-11-15
2023-11-17,0.596530556678772,0.60346735,0.60139304,0.0076517619365312,0.0014296907915046,63.38485540056221,0.5792199373245239,0.6041894555091858,1,-0.003503105593846559,0.019119661530883528,0.599621057510376,2023-11-20,2023-11-16
2023-11-20,0.599621057510376,0.60139304,0.6023693,0.0075525847544862,0.0014296109162126,63.32338379413623,0.5792199373245239,0.6041894555091858,2,0.008868639896387446,0.04297475870056515,0.6039800047874451,2023-11-21,2023-11-17
2023-11-21,0.6039800047874451,0.6023693,0.60093325,0.0075359789836574,0.0016275226446985,69.50352907043634,0.5792199373245239,0.6041894555091858,3,0.01986821597491017,0.040955658504646573,0.6054185032844543,2023-11-22,2023-11-20
2023-11-22,0.6054185032844543,0.60093325,0.60162634,0.007377811197812,0.0017490711430926,66.21412531948333,0.5792199373245239,0.6054185032844543,4,0.0005244771158837516,0.03584527141973299,0.6021299958229065,2023-11-23,2023-11-21
2023-11-23,0.6021299958229065,0.60162634,0.60038453,0.0072970991462364,0.0015107319110688,61.31272023478816,0.5792199373245239,0.6054185032844543,5,-0.012663431778597542,0.013180907914631196,0.604880154132843,2023-11-24,2023-11-22
2023-11-24,0.604880154132843,0.6008578,0.60090697,0.0071960453465971,0.0014412464366793,55.4683479792582,0.5792199373245239,0.6054185032844543,1,0.003313248705167273,0.0201106990764907,0.6077501177787781,2023-11-27,2023-11-23
2023-11-27,0.6077501177787781,0.60090697,0.6007414,0.0071046434047632,0.0014855985742138,61.99081182976917,0.5792199373245239,0.6077501177787781,2,0.0046201451544259815,0.015785957461276718,0.6103999614715576,2023-11-28,2023-11-24
2023-11-28,0.6103999614715576,0.6007414,0.600823,0.0070062057603807,0.001581543388337,67.61186121261504,0.5792199373245239,0.6103999614715576,3,-0.008995938382002399,-0.013114741591156507,0.614601731300354,2023-11-29,2023-11-27
2023-11-29,0.614601731300354,0.600823,0.5984236,0.0070016921523091,0.0018002315500548,73.63714634924648,0.5792199373245239,0.614601731300354,4,0.010180578370415694,-0.0035391204282871373,0.6155892014503479,2023-11-30,2023-11-28
2023-11-30,0.6155892014503479,0.5984236,0.6005459,0.0068545459166573,0.0018751566811459,77.6468450247683,0.5792199373245239,0.6155892014503479,5,-0.0039541648051622256,0.005177224793810262,0.6157673001289368,2023-12-01,2023-11-29
2023-12-01,0.6157673001289368,0.6159314,0.615127,0.0067041517573614,0.0018001201727658,77.50076215244293,0.5792199373245239,0.6157673001289368,1,0.011293615185232465,0.01323100072396232,0.6215388178825378,2023-12-04,2023-11-30
2023-12-04,0.6215388178825378,0.615127,0.61296386,0.0068457786198766,0.0019878802518861,81.63948039219022,0.5792199373245239,0.6215388178825378,2,0.020677894818539374,0.029632543995026277,0.6165000200271606,2023-12-05,2023-12-01
2023-12-05,0.6165000200271606,0.61296386,0.6150942,0.0069067170223057,0.0016360935787318,67.66842111478972,0.5792199373245239,0.6215388178825378,3,-0.022900289170939624,0.015415242148678267,0.613399088382721,2023-12-06,2023-12-04
2023-12-06,0.613399088382721,0.6150942,0.6157733,0.0068347476913924,0.0010845117988757,61.40324101439171,0.5792199373245239,0.6215388178825378,4,-0.012643355374770926,-0.007498047677441814,0.6140506863594055,2023-12-07,2023-12-05
2023-12-07,0.6140506863594055,0.6157733,0.61688733,0.0066888105619994,0.0006736229972221,71.6958933108161,0.5792199373245239,0.6215388178825378,5,-0.014955544784657965,-0.018357096998765914,0.616158127784729,2023-12-08,2023-12-06
2023-12-08,0.616158127784729,0.61010337,0.6125224,0.00658398420423,0.0004638305032797,70.98956899082181,0.5792199373245239,0.6215388178825378,1,0.01813137003665527,-0.011621862778246046,0.6124711632728577,2023-12-11,2023-12-07
2023-12-11,0.6124711632728577,0.6125224,0.61253834,0.0065616635345506,2.0236334662773053e-05,60.96438027215073,0.5792199373245239,0.6215388178825378,2,0.009336658119057371,-0.02276796839919933,0.612291157245636,2023-12-12,2023-12-08
2023-12-12,0.612291157245636,0.61253834,0.6125091,0.0064210060146087,-0.0003228864799295,59.17257201770492,0.5792199373245239,0.6215388178825378,3,-0.010526403080123783,-0.010600687529182173,0.6137492060661316,2023-12-13,2023-12-11
2023-12-13,0.6137492060661316,0.6125091,0.60899776,0.0063052034802974,-0.000479775974161,66.3041805505373,0.5792199373245239,0.6215388178825378,4,0.0015860542510079912,0.003578522218146465,0.6190800070762634,2023-12-14,2023-12-12
2023-12-14,0.6190800070762634,0.60899776,0.6112093,0.0064354133388661,-0.000263470120813,68.57974893622331,0.5792199373245239,0.6215388178825378,5,0.0,0.018700381719912295,0.6213298439979553,2023-12-15,2023-12-13
2023-12-15,0.6213298439979553,0.6192223,0.6168792,0.0063453546599681,-2.0611192588832275e-05,68.0614484040158,0.5792199373245239,0.6215388178825378,1,0.026713416462568893,0.027480537653599736,0.6209907531738281,2023-12-18,2023-12-14
2023-12-18,0.6209907531738281,0.6168792,0.6161761,0.00621240945308,6.098727877251048e-05,65.00861573808156,0.5792199373245239,0.6215388178825378,2,-0.0009004914113787476,0.017015722082822246,0.6213804483413696,2023-12-19,2023-12-15
2023-12-19,0.6213804483413696,0.6161761,0.6192797,0.0060843699684502,8.360371026915926e-05,60.77002333404042,0.5792199373245239,0.6215388178825378,3,-0.009569435673899764,0.01798943881375036,0.6270418167114258,2023-12-20,2023-12-18
2023-12-20,0.6270418167114258,0.6192797,0.6169643,0.006257335364436,0.0004043010695672,65.84295158798085,0.5792199373245239,0.6270418167114258,4,0.012396816590175663,0.029054383176943418,0.6253986954689026,2023-12-21,2023-12-19
2023-12-21,0.6253986954689026,0.6169643,0.6196663,0.00615027379904,0.0004279413477481,62.80456687871843,0.5792199373245239,0.6270418167114258,5,0.0014107288714222278,0.030507124376599574,0.6294692158699036,2023-12-22,2023-12-20
2023-12-22,0.6294692158699036,0.6226213,0.62263924,0.0061759211455498,0.0006278086366764,61.042593453289946,0.5792199373245239,0.6294692158699036,1,0.0017925663016952,0.005143366607700988,0.6319299340248108,2023-12-25,2023-12-21
2023-12-25,0.6319299340248108,0.62263924,0.6230098,0.0061035727457953,0.0008234895068766,73.1470867527321,0.5792199373245239,0.6319299340248108,2,-0.0033316308647010615,0.002702690926488464,0.6306001543998718,2023-12-26,2023-12-22
2023-12-26,0.6306001543998718,0.6230098,0.6215356,0.0059932854852694,0.0007625108841821,77.2522437447117,0.5792199373245239,0.6319299340248108,3,0.0,0.012344047422991241,0.6328513026237488,2023-12-27,2023-12-25
2023-12-27,0.6328513026237488,0.6215356,0.6238332,0.0059190473699896,0.000770648196892,78.3495833243455,0.5792199373245239,0.6328513026237488,4,0.0,-0.00012832745691085886,0.6349488496780396,2023-12-28,2023-12-26
2023-12-28,0.6349488496780396,0.6238332,0.6203484,0.0058410721698643,0.0008101205366072,78.34312100147085,0.5792199373245239,0.6349488496780396,5,0.012246637907082969,0.010765104564100873,0.6334887742996216,2023-12-29,2023-12-27
2023-12-29,0.6334887742996216,0.6351639,0.63785625,0.005743049574091,0.0006382782779418,83.9851498030961,0.5792199373245239,0.6349488496780396,1,-0.007764293971769715,0.0011513753949217605,0.6319698691368103,2024-01-01,2023-12-28
2024-01-01,0.6319698691368103,0.63785625,0.63406646,0.0056501408298133,0.0003377872333019,80.49955288187952,0.5792199373245239,0.6349488496780396,2,-0.008340339060424478,-0.003850562623176049,0.6315284371376038,2024-01-02,2023-12-29
2024-01-02,0.6315284371376038,0.63406646,0.6310411,0.0055398009562692,4.0405793747801295e-05,78.45219654017261,0.5792199373245239,0.6349488496780396,3,0.0,-0.003850562623176049,0.625,2024-01-03,2024-01-01
2024-01-03,0.625,0.6310411,0.62831885,0.0058539077956966,-0.0006279879196764,59.124055405204295,0.5792199373245239,0.6349488496780396,4,-0.002967966591667373,-0.006802717757627788,0.6251289248466492,2024-01-04,2024-01-02
2024-01-04,0.6251289248466492,0.62831885,0.6286236,0.0057364251731523,-0.0010675980352131,56.26481723930505,0.5792199373245239,0.6349488496780396,5,-0.005572455833696384,-0.024343845596417543,0.6231298446655273,2024-01-05,2024-01-03
2024-01-05,0.6231298446655273,0.62819433,0.6297313,0.0056614645614367,-0.0014741369727804,53.34434197872324,0.5792199373245239,0.6349488496780396,1,-0.0042977199205602975,-0.020955792212577862,0.6248789429664612,2024-01-08,2024-01-04
2024-01-08,0.6248789429664612,0.6297313,0.62667483,0.00558198836639,-0.0015960762431659,55.24666803729296,0.5792199373245239,0.6349488496780396,2,-0.009573209599656254,-0.022162083219848337,0.6251797676086426,2024-01-09,2024-01-05
2024-01-09,0.6251797676086426,0.62667483,0.6292604,0.0054737980705745,-0.0016220293585841,46.67248945507221,0.5792199373245239,0.6349488496780396,3,0.0013167965968514327,-0.0208736214438968,0.6238303184509277,2024-01-10,2024-01-08
2024-01-10,0.6238303184509277,0.6292604,0.63301474,0.0053863953807742,-0.0016880793919917,47.167556884603215,0.5792199373245239,0.6349488496780396,4,-0.013513687151423264,-0.031144960099858503,0.6229597926139832,2024-01-11,2024-01-09
2024-01-11,0.6229597926139832,0.63301474,0.62926114,0.0052907144594066,-0.001741387703018,36.70783776283696,0.5792199373245239,0.6349488496780396,5,0.008632709208340604,-0.017283998813949042,0.6242314577102661,2024-01-12,2024-01-10
2024-01-12,0.6242314577102661,0.62430465,0.6253628,0.0052089725635427,-0.0016432366439202,33.477461066323485,0.5792199373245239,0.6349488496780396,1,-0.001190846936655388,-0.014226077191731546,0.6232999563217163,2024-01-15,2024-01-11
2024-01-15,0.6232999563217163,0.6253628,0.6258576,0.0051200963330499,-0.0015921546959485,34.05973840046853,0.5792199373245239,0.6349488496780396,2,-0.009712037259593223,-0.014362920379632372,0.6190685629844666,2024-01-16,2024-01-12
2024-01-16,0.6190685629844666,0.6258576,0.6261192,0.005227476316556,-0.0017802151074769,22.300298516044634,0.5792199373245239,0.6349488496780396,3,0.0,-0.015659949782439515,0.6140884160995483,2024-01-17,2024-01-15
2024-01-17,0.6140884160995483,0.6261192,0.6255378,0.0054038786549467,-0.0021520331113121,12.42914805908623,0.5792199373245239,0.6349488496780396,4,0.007060573294444214,0.004801890608076558,0.611340343952179,2024-01-18,2024-01-16
2024-01-18,0.611340343952179,0.6255378,0.6239483,0.0053822625852129,-0.0024721847858789,11.878063643768884,0.5807403326034546,0.6349488496780396,5,-0.009067916399167259,-0.012827247795101129,0.6120250821113586,2024-01-19,2024-01-17
2024-01-19,0.6120250821113586,0.61683905,0.62055033,0.0052854249274708,-0.0025184615831054,14.656064760633242,0.5807403326034546,0.6349488496780396,1,0.0033433155392109354,-0.008341083331350049,0.6118303537368774,2024-01-22,2024-01-18
2024-01-22,0.6118303537368774,0.62055033,0.6239933,0.0051860031297122,-0.0024410384230773,14.785342099374516,0.5807403326034546,0.6349488496780396,2,0.011152546895434285,0.012566826528235877,0.607389509677887,2024-01-23,2024-01-19
2024-01-23,0.607389509677887,0.6239933,0.6214408,0.0053146509866218,-0.0025555547392403,15.977946205876876,0.5807403326034546,0.6349488496780396,3,-0.006091927798664638,0.00641709341361039,0.610340416431427,2024-01-24,2024-01-22
2024-01-24,0.610340416431427,0.6214408,0.62397647,0.0053164189439827,-0.0023068229715074,24.23871782305693,0.5879793763160706,0.6349488496780396,4,0.0070157113821105385,0.006371944630932478,0.6108586192131042,2024-01-25,2024-01-23
2024-01-25,0.6108586192131042,0.62397647,0.624309,0.0052194480245418,-0.0019934450404176,27.4609107291044,0.5882906913757324,0.6349488496780396,5,0.02398134195657936,0.040187502714746116,0.6108884811401367,2024-01-26,2024-01-24
2024-01-26,0.6108884811401367,0.60949856,0.6083785,0.0051221020415786,-0.0016825972435308,22.570798869742237,0.5882906913757324,0.6349488496780396,1,-0.004388225975928769,0.0321762593912731,0.609289824962616,2024-01-29,2024-01-25
2024-01-29,0.609289824962616,0.6083785,0.6096645,0.0050568983242408,-0.0014897236823549,20.35535015712536,0.5882906913757324,0.6349488496780396,2,-0.0038879951335731126,0.016767934230467983,0.613481879234314,2024-01-30,2024-01-26
2024-01-30,0.613481879234314,0.6096645,0.609666,0.0051773381454296,-0.0010079598430413,32.54506044252129,0.5882906913757324,0.6349488496780396,3,0.005826338664611392,0.028958546584102605,0.613180935382843,2024-01-31,2024-01-29
2024-01-31,0.613180935382843,0.609666,0.6088479,0.005082208579556,-0.0006548153300457,33.18264941284524,0.5882906913757324,0.6349488496780396,4,0.008612481930482765,0.030602869740803996,0.611190915107727,2024-02-01,2024-01-30
2024-02-01,0.611190915107727,0.6088479,0.6069253,0.0050349669556293,-0.0005070997927045,28.11407124050673,0.5882906913757324,0.6349488496780396,5,-0.0010245069182320638,0.0051513152016488106,0.6145714521408081,2024-02-02,2024-01-31
2024-02-02,0.6145714521408081,0.61007386,0.61256593,0.0050832443776091,-0.0001519944462273,36.46370231237383,0.5882906913757324,0.6349488496780396,1,-0.012895073103420765,-0.003363086672848506,0.6064502000808716,2024-02-05,2024-02-01
2024-02-05,0.6064502000808716,0.61256593,0.6118995,0.0057221708879384,-0.0004191872777896,32.53802107305292,0.5882906913757324,0.6349488496780396,2,-0.00807924613882932,-0.007531500601108183,0.6053085327148438,2024-02-06,2024-02-02
2024-02-06,0.6053085327148438,0.6118995,0.6117792,0.0056212855559164,-0.0006160416595006,36.40568646198258,0.596530556678772,0.6349488496780396,3,-0.013037647679487865,-0.026077933021060186,0.6099792718887329,2024-02-07,2024-02-05
2024-02-07,0.6099792718887329,0.6117792,0.6124262,0.0057469229483623,-0.0003861515414608,48.01100978163352,0.596530556678772,0.6349488496780396,4,0.0027797897522733395,-0.03174198624611986,0.6109594106674194,2024-02-08,2024-02-06
2024-02-08,0.6109594106674194,0.6124262,0.61397946,0.0056430188315316,-0.0001354828360879,48.4560209053336,0.596530556678772,0.6349488496780396,5,-0.011968248285595201,-0.042280580520691634,0.6107914447784424,2024-02-09,2024-02-07
2024-02-09,0.6107914447784424,0.6148056,0.6165671,0.0055322280829998,4.2108452611371895e-05,48.49362708325411,0.599621057510376,0.6349488496780396,1,-0.008598753918678276,-0.03815706056902598,0.6147717237472534,2024-02-12,2024-02-08
2024-02-12,0.6147717237472534,0.6165671,0.6173153,0.0055971288923729,0.0004292219255617,60.84878638438023,0.6021299958229065,0.6349488496780396,2,-0.0052762832972284785,-0.035457268609672514,0.6127901673316956,2024-02-13,2024-02-09
2024-02-13,0.6127901673316956,0.6173153,0.6165432,0.0055282315861936,0.0005459180266677,53.70569396557943,0.6021299958229065,0.6349488496780396,3,0.011464089588562928,-0.011532392405875388,0.6057815551757812,2024-02-14,2024-02-12
2024-02-14,0.6057815551757812,0.6165432,0.6176806,0.0059313294770983,0.0001649451446643,43.58053367056401,0.6021299958229065,0.6349488496780396,4,-0.0038965189956569586,-0.018109726753085535,0.609061598777771,2024-02-15,2024-02-13
2024-02-15,0.609061598777771,0.6176806,0.617522,0.0059225215791728,0.0001482362444446,47.86551564684974,0.604880154132843,0.6349488496780396,5,-0.0036415105876551235,-0.009899649857991832,0.6111199259757996,2024-02-16,2024-02-14
2024-02-16,0.6111199259757996,0.61209077,0.6091294,0.0058463182253211,0.000282411912066,52.11552135640306,0.6053085327148438,0.6349488496780396,1,0.015019725602353009,0.013763357118999996,0.6136400103569031,2024-02-19,2024-02-15
2024-02-19,0.6136400103569031,0.6091294,0.6093389,0.0057949513713825,0.0005329499842798,50.19014295482009,0.6053085327148438,0.6349488496780396,2,0.02146373864108183,0.04123709873187334,0.6142581701278687,2024-02-20,2024-02-16
2024-02-20,0.6142581701278687,0.6093389,0.61046535,0.0056832641785262,0.0007206970514428,51.28550191690792,0.6053085327148438,0.6349488496780396,3,0.0,0.029368425104719497,0.616819441318512,2024-02-21,2024-02-19
2024-02-21,0.616819441318512,0.61046535,0.6100999,0.005640968582575,0.0009816081385848,56.62637413531049,0.6053085327148438,0.6349488496780396,4,0.007398266423897814,0.04106082787224886,0.6180316805839539,2024-02-22,2024-02-20
2024-02-22,0.6180316805839539,0.6100999,0.6124294,0.0055465280789922,0.0011863702763153,54.292838539933534,0.6053085327148438,0.6349488496780396,5,0.0020669521599391153,0.04702067943721747,0.6195287704467773,2024-02-23,2024-02-21
2024-02-23,0.6195287704467773,0.6189899,0.61747086,0.0054638575371043,0.0013606798925516,69.41698258133255,0.6053085327148438,0.6349488496780396,1,0.005918700162107859,0.0375349480128178,0.6186893582344055,2024-02-26,2024-02-22
2024-02-26,0.6186893582344055,0.61747086,0.61832726,0.0053664163040111,0.0013545534915062,70.04562866658928,0.6053085327148438,0.6349488496780396,2,-0.003984854851828057,0.011464280791233981,0.6167091131210327,2024-02-27,2024-02-23
2024-02-27,0.6167091131210327,0.61832726,0.61789286,0.0053068381809308,0.0011597618545681,60.96585964694182,0.6053085327148438,0.6349488496780396,3,-0.01505351262094677,-0.0036477793558462998,0.6170287728309631,2024-02-28,2024-02-26
2024-02-28,0.6170287728309631,0.61789286,0.61729467,0.0052089475173418,0.0010010610232754,60.10719922181306,0.6053085327148438,0.6349488496780396,4,0.0018289248539391089,-0.00918138163277236,0.6097100377082825,2024-02-29,2024-02-27
2024-02-29,0.6097100377082825,0.61729467,0.61894405,0.0056897466986319,0.0003835544354833,48.54554637208295,0.6053085327148438,0.6349488496780396,5,-0.0009140131607922762,-0.012130579660818576,0.6085797548294067,2024-03-01,2024-02-28
2024-03-01,0.6085797548294067,0.6109781,0.6126427,0.0055904190810264,-9.509362952148495e-05,40.98056920592474,0.6053085327148438,0.6349488496780396,1,0.0018271916643559571,-0.016164198369149646,0.6103813648223877,2024-03-04,2024-02-29
2024-03-04,0.6103813648223877,0.6126427,0.6141251,0.0055182538925002,-0.0002742930488211,46.47276612012128,0.6053085327148438,0.6349488496780396,2,0.005331944340947728,-0.006955165023490556,0.6096594333648682,2024-03-05,2024-03-01
2024-03-05,0.6096594333648682,0.6141251,0.6155933,0.0054173706030522,-0.0004168312791803,56.959807273458594,0.6053085327148438,0.6349488496780396,3,-0.0007785185222983851,0.007322206384455706,0.6087798476219177,2024-03-06,2024-03-04
2024-03-06,0.6087798476219177,0.6155933,0.61616933,0.0053227416532308,-0.0005380299823738,49.44664910740416,0.6053085327148438,0.6349488496780396,4,-0.0020789760346844135,0.0033933727851452843,0.6127901673316956,2024-03-07,2024-03-05
2024-03-07,0.6127901673316956,0.61616933,0.61824137,0.0054049965182531,-0.0003262114256178,53.04670409720923,0.6053085327148438,0.6349488496780396,5,0.00687020292499271,0.011234482470363995,0.6178789138793945,2024-03-08,2024-03-06
2024-03-08,0.6178789138793945,0.6124373,0.61211467,0.0055824095400116,0.0001527982025184,57.069720002624415,0.6053085327148438,0.6349488496780396,1,0.012580403026815255,0.02216717603286776,0.6179400086402893,2024-03-11,2024-03-07
2024-03-11,0.6179400086402893,0.61211467,0.61496216,0.0054742939661811,0.0004529662920777,56.25690050909298,0.6053085327148438,0.6349488496780396,2,-0.008841141992994045,0.007782093707221492,0.6170782446861267,2024-03-12,2024-03-08
2024-03-12,0.6170782446861267,0.61496216,0.6140423,0.0053772653401681,0.0005653775737007,50.46677130141258,0.6053085327148438,0.6349488496780396,3,0.00960619751598691,0.018302153955888478,0.614960789680481,2024-03-13,2024-03-11
2024-03-13,0.614960789680481,0.6140423,0.612944,0.005323616675827,0.0004727898611922,44.63654780271374,0.6053085327148438,0.6349488496780396,4,0.0006371602048168774,0.021071760951267778,0.6165000200271606,2024-03-14,2024-03-12
2024-03-14,0.6165000200271606,0.612944,0.6113106,0.0052515691517518,0.0004888498843089,44.717923343672815,0.6053085327148438,0.6349488496780396,5,0.03196757906286835,0.04702226566450993,0.6124786734580994,2024-03-15,2024-03-13
2024-03-15,0.6124786734580994,0.6135899,0.61464804,0.0053314207388749,0.0002161890942976,40.2507167077105,0.6053085327148438,0.6349488496780396,1,-0.0038320318658366615,0.029978329731760442,0.608698308467865,2024-03-18,2024-03-14
2024-03-18,0.608698308467865,0.61464804,0.61422086,0.0053874547295269,-0.00020825683606,38.09762499800741,0.6053085327148438,0.6349488496780396,2,0.018529276188101282,0.05855861025226895,0.6082687973976135,2024-03-19,2024-03-15
2024-03-19,0.6082687973976135,0.61422086,0.6129239,0.0052876204415048,-0.0004912702663642,37.02686288910231,0.6053085327148438,0.6349488496780396,3,0.00048616871846409864,0.04894841448449586,0.6048984527587891,2024-03-20,2024-03-18
2024-03-20,0.6048984527587891,0.6129239,0.61556876,0.0053157826813407,-0.0008573579376756,41.93055025200474,0.6048984527587891,0.6349488496780396,4,-0.013703930026624763,0.03401270379245908,0.6089614629745483,2024-03-21,2024-03-19
2024-03-21,0.6089614629745483,0.61556876,0.6143877,0.0054055264951078,-0.0007799905798607,50.58282610594985,0.6048984527587891,0.6334887742996216,5,-0.00494010682405259,-0.0034546427527572428,0.6046388149261475,2024-03-22,2024-03-20
2024-03-22,0.6046388149261475,0.6069522,0.60653496,0.0055059353581055,-0.0009621052893658,41.858547072105566,0.6046388149261475,0.6319698691368103,1,0.001979066521667773,0.0023532391084879647,0.5990211963653564,2024-03-25,2024-03-21
2024-03-25,0.5990211963653564,0.60653496,0.60614264,0.0057390270530997,-0.0013777607379066,36.75618559148977,0.5990211963653564,0.6315284371376038,2,-0.01255848718644402,-0.028328300020244564,0.6001608371734619,2024-03-26,2024-03-22
2024-03-26,0.6001608371734619,0.60614264,0.6049273,0.0056401305421953,-0.0014836329496415,39.33900236955294,0.5990211963653564,0.6251797676086426,3,0.0027489503641431926,-0.026127129687189266,0.6007593870162964,2024-03-27,2024-03-25
2024-03-27,0.6007593870162964,0.6049273,0.60404253,0.00553419293327,-0.0014209386954764,33.7471636065558,0.5990211963653564,0.6251797676086426,4,-0.0027489503641432724,-0.015399720206958028,0.5992509126663208,2024-03-28,2024-03-26
2024-03-28,0.5992509126663208,0.60404253,0.6043635,0.0054517153539856,-0.0013871035374401,22.13967337041791,0.5990211963653564,0.6251797676086426,5,-0.0008762558461157091,-0.011390310092347132,0.5974700450897217,2024-03-29,2024-03-27
2024-03-29,0.5974700450897217,0.59731174,0.5957519,0.0053824911975747,-0.0013873524064768,20.88267063230309,0.5974700450897217,0.6251797676086426,1,0.0027513568915070647,-0.010626521453959085,0.5986589789390564,2024-04-01,2024-03-28
2024-04-01,0.5986589789390564,0.5957519,0.59767056,0.0052987369081626,-0.001216263591467,24.041282076267336,0.5974700450897217,0.6251797676086426,2,0.0,0.0018768601466823153,0.5952416062355042,2024-04-02,2024-03-29
2024-04-02,0.5952416062355042,0.59767056,0.59859324,0.0053333609139541,-0.0012379440061365,23.19154142984712,0.5952416062355042,0.6242314577102661,3,0.010559764969196424,0.009732975949414087,0.5969401001930237,2024-04-03,2024-04-01
2024-04-03,0.5969401001930237,0.59859324,0.6010603,0.0052692931910782,-0.0010500077327339,23.522719754463026,0.5952416062355042,0.6242314577102661,4,0.005914301943359764,0.018518548350672678,0.6014711856842041,2024-04-04,2024-04-02
2024-04-04,0.6014711856842041,0.6010603,0.5984669,0.0054133493235695,-0.0005573771559536,35.302544349030256,0.5952416062355042,0.6242314577102661,5,0.02977338834622253,0.05021910323682551,0.6027800440788269,2024-04-05,2024-04-03
2024-04-05,0.6027800440788269,0.6015484,0.60063076,0.0053315577371536,-0.0001039592319023,41.53939228684879,0.5952416062355042,0.6232999563217163,1,0.01267868785322154,0.06069689807511909,0.6004491448402405,2024-04-08,2024-04-04
2024-04-08,0.6004491448402405,0.60063076,0.6021894,0.0052924561785299,6.906815938178233e-05,39.39759815093181,0.5952416062355042,0.6195287704467773,2,-0.0016497692716825132,0.0589484356025073,0.6034383773803711,2024-04-09,2024-04-05
2024-04-09,0.6034383773803711,0.6021894,0.6020063,0.005299928969408,0.000396642776043,47.9996602950207,0.5952416062355042,0.6195287704467773,3,0.008806469090440208,0.05709341235206255,0.6067924499511719,2024-04-10,2024-04-08
2024-04-10,0.6067924499511719,0.6020063,0.60300267,0.005332135565682,0.000826291806102,46.969530414622206,0.5952416062355042,0.6195287704467773,4,0.002102026889271717,0.0530711533565644,0.5974607467651367,2024-04-11,2024-04-09
2024-04-11,0.5974607467651367,0.60300267,0.6038623,0.0061512334713363,0.0004859363301676,41.20244287300567,0.5952416062355042,0.6195287704467773,5,-0.000933639226970129,0.021225907099426636,0.600121259689331,2024-04-12,2024-04-10
2024-04-12,0.600121259689331,0.59914774,0.5998983,0.0060964545072413,0.0004450066127624,51.453622083461966,0.5952416062355042,0.6195287704467773,1,-0.007030778924386207,0.001295146535488632,0.594558596611023,2024-04-15,2024-04-11
2024-04-15,0.594558596611023,0.5998983,0.599349,0.006277820508495,6.809862165454506e-05,43.37196805794926,0.594558596611023,0.6195287704467773,2,0.001292747486602454,0.004245813348425959,0.5902804136276245,2024-04-16,2024-04-12
2024-04-16,0.5902804136276245,0.599349,0.6017516,0.0063259090773017,-0.0004178185943806,38.59527121001391,0.5902804136276245,0.6195287704467773,3,0.028138256630377733,0.02384854750851167,0.5892091989517212,2024-04-17,2024-04-15
2024-04-17,0.5892091989517212,0.6017516,0.6006489,0.0062017594639532,-0.0007409745789219,38.966142367624094,0.5892091989517212,0.6195287704467773,4,-0.016927148262715064,0.0045497565582635294,0.5912995934486389,2024-04-18,2024-04-16
2024-04-18,0.5912995934486389,0.6006489,0.6010685,0.0061189000894275,-0.0007417192638093,43.26570174012035,0.5892091989517212,0.6195287704467773,5,0.008556985206100346,0.014128945362502582,0.5903501510620117,2024-04-19,2024-04-17
2024-04-19,0.5903501510620117,0.5914055,0.59090793,0.0060007659292242,-0.0007326485146638,40.88427126615372,0.5892091989517212,0.6195287704467773,1,0.022316666301241708,0.044332063487079305,0.5900297164916992,2024-04-22,2024-04-18
2024-04-22,0.5900297164916992,0.59090793,0.59022385,0.0058794213338395,-0.0006760894817574,43.86507242695914,0.5892091989517212,0.6195287704467773,2,0.01375477653638138,0.057427991432051406,0.5921199917793274,2024-04-23,2024-04-19
2024-04-23,0.5921199917793274,0.59022385,0.59053206,0.0058106948663456,-0.0004373438145913,44.3780918826176,0.5892091989517212,0.6195287704467773,3,-0.00033316364718428856,0.027746063044642694,0.5936902165412903,2024-04-24,2024-04-22
2024-04-24,0.5936902165412903,0.59053206,0.59114534,0.0057235785606554,-0.0001291141515902,40.251393852858726,0.5892091989517212,0.6195287704467773,4,-0.002224498456326981,0.04296828277046873,0.593591570854187,2024-04-25,2024-04-23
2024-04-25,0.593591570854187,0.59114534,0.59045404,0.0056114451805502,0.0001002996896065,38.12794285036574,0.5892091989517212,0.6195287704467773,5,-0.005247004104412529,0.02867007295470909,0.5958410501480103,2024-04-26,2024-04-24
2024-04-26,0.5958410501480103,0.5907649,0.59021056,0.0055614292501074,0.0004179102953221,44.03351253401494,0.5892091989517212,0.6195287704467773,1,0.022905541498675425,0.02927600964004672,0.5947707891464233,2024-04-29,2024-04-25
2024-04-29,0.5947707891464233,0.59021056,0.59234816,0.0054667044534503,0.0005613406793726,38.19049444356016,0.5892091989517212,0.6195287704467773,2,-0.00032827392489267614,0.014882255535155991,0.5971611142158508,2024-04-30,2024-04-26
2024-04-30,0.5971611142158508,0.59234816,0.5934236,0.005430350425065,0.0008076465267117,36.5234782231578,0.5892091989517212,0.6195287704467773,3,0.01950650398856371,0.035218244771028646,0.5879517197608948,2024-05-01,2024-04-29
2024-05-01,0.5879517197608948,0.5934236,0.5940249,0.0062277473182768,0.0003634131711019,36.64891934368938,0.5879517197608948,0.6195287704467773,4,-0.02049186837508004,0.01647920770168736,0.5930107831954956,2024-05-02,2024-04-30
2024-05-02,0.5930107831954956,0.5940249,0.5937492,0.0063595317199277,0.0004194020242774,40.646571596137385,0.5879517197608948,0.6195287704467773,5,-0.002632464921645256,0.01914030968048815,0.5963882803916931,2024-05-03,2024-05-01
2024-05-03,0.5963882803916931,0.59354496,0.5920944,0.0063399314872029,0.0006777159078651,52.55365274581934,0.5879517197608948,0.6195287704467773,1,-0.012933317917676535,-0.016737761883553245,0.6007593870162964,2024-05-06,2024-05-02
2024-05-06,0.6007593870162964,0.5920944,0.5936803,0.0063943578046558,0.0011111671410331,64.58745436442084,0.5879517197608948,0.6195287704467773,2,0.017535645885979678,0.0009849834380221767,0.6009507179260254,2024-05-07,2024-05-03
2024-05-07,0.6009507179260254,0.5936803,0.59441674,0.0062595404933714,0.0013623927459712,66.75546664217012,0.5879517197608948,0.6195287704467773,3,0.01324951378365935,-0.005258616357531054,0.5997199416160583,2024-05-08,2024-05-06
2024-05-08,0.5997199416160583,0.59441674,0.5942039,0.0061432764658692,0.0013923724669796,62.3182820151513,0.5879517197608948,0.6195287704467773,4,-0.0019438071566325993,0.013364081295802015,0.6004202961921692,2024-05-09,2024-05-07
2024-05-09,0.6004202961921692,0.5942039,0.5934085,0.006022843455428,0.0014021747308468,64.83995242754776,0.5879517197608948,0.6195287704467773,5,-0.013823437394735733,0.0020867714839110266,0.6036205291748047,2024-05-10,2024-05-08
2024-05-10,0.6036205291748047,0.6013346,0.6017808,0.0060061252124863,0.0015551568645011,68.46127937404461,0.5879517197608948,0.6195287704467773,1,0.009924347576340845,0.025255923301156197,0.6018512845039368,2024-05-13,2024-05-09
2024-05-13,0.6018512845039368,0.6017808,0.6008921,0.0059153723668088,0.0014691768191349,63.334945096591454,0.5879517197608948,0.6195287704467773,2,0.01849315461480506,0.026238084936127178,0.6023406982421875,2024-05-14,2024-05-10
2024-05-14,0.6023406982421875,0.6008921,0.6016173,0.0058005209676491,0.0013787208773561,62.21573548944251,0.5879517197608948,0.6195287704467773,3,0.023374418437470987,0.03668142740628882,0.6043282151222229,2024-05-15,2024-05-13
2024-05-15,0.6043282151222229,0.6016173,0.600858,0.0057292335461545,0.0013826644392585,64.3938292183602,0.5879517197608948,0.6195287704467773,4,0.030541355672711972,0.07091116149403265,0.6130606532096863,2024-05-16,2024-05-14
2024-05-16,0.6130606532096863,0.600858,0.6015813,0.00636390042376,0.0018728627953655,69.66653006375861,0.5879517197608948,0.6195287704467773,5,0.003224888630024549,0.08932492001061543,0.6124201416969299,2024-05-17,2024-05-15
2024-05-17,0.6124201416969299,0.61220384,0.6138704,0.0062341464948029,0.002039710848599,70.35718066931673,0.5879517197608948,0.6186893582344055,1,-0.015717986101867597,0.061747176854992245,0.6136701107025146,2024-05-20,2024-05-16
2024-05-20,0.6136701107025146,0.6138704,0.6146023,0.0061210999142048,0.0021111398822323,69.55632093336553,0.5879517197608948,0.6179400086402893,2,0.0331721954064959,0.0774475583265764,0.6108101606369019,2024-05-21,2024-05-17
2024-05-21,0.6108101606369019,0.6146023,0.61507875,0.0060727308719265,0.001851920546545,81.8723083137058,0.5879517197608948,0.6179400086402893,3,0.00601311573402973,0.05890310881543807,0.6093807816505432,2024-05-22,2024-05-20
2024-05-22,0.6093807816505432,0.61507875,0.6150344,0.0059690441079816,0.0014861207272799,75.39581117943501,0.5879517197608948,0.6179400086402893,4,0.006172529764052082,0.033410754196908386,0.6100090146064758,2024-05-23,2024-05-21
2024-05-23,0.6100090146064758,0.6150344,0.6156279,0.0058544668941277,0.0012006189741482,73.10129397492923,0.5879517197608948,0.6179400086402893,5,-0.05037867628083627,-0.02052525106754622,0.609730064868927,2024-05-24,2024-05-22
2024-05-24,0.609730064868927,0.60954094,0.6114223,0.0057401018756891,0.0009197822332494,67.6669523060489,0.5879517197608948,0.6179400086402893,1,-0.01053286097353198,-0.015433362302261722,0.6121711730957031,2024-05-27,2024-05-23
2024-05-27,0.6121711730957031,0.6114223,0.61112106,0.0056910497649317,0.0008280827326296,70.29890659707995,0.5879517197608948,0.6179400086402893,2,-0.007920855535350033,-0.05507219127647332,0.6152294278144836,2024-05-28,2024-05-24
2024-05-28,0.6152294278144836,0.61112106,0.61499804,0.0056780508221193,0.00089723530867,76.31799332456762,0.5879517197608948,0.6179400086402893,3,0.0,-0.06073710259782753,0.6140695810317993,2024-05-29,2024-05-27
2024-05-29,0.6140695810317993,0.61499804,0.614282,0.0055818989993453,0.000792347393503,72.80578577418191,0.5879517197608948,0.6179400086402893,4,0.02009599827290059,-0.04756783704930668,0.6113590598106384,2024-05-30,2024-05-28
2024-05-30,0.6113590598106384,0.614282,0.6156262,0.0055503598313185,0.0004831063280137,63.14496712517946,0.5879517197608948,0.6179400086402893,5,-0.014461603129634713,-0.012737503853637878,0.6116507053375244,2024-05-31,2024-05-29
2024-05-31,0.6116507053375244,0.6084215,0.60939646,0.005446474221166,0.0002524817657378,67.5254182363187,0.5879517197608948,0.6179400086402893,1,-0.02817387080286396,-0.030001089998319956,0.6148586869239807,2024-06-03,2024-05-30
2024-06-03,0.6148586869239807,0.60939646,0.60987306,0.0054561504311402,0.0002687605224779,70.40335131921276,0.5879517197608948,0.6170782446861267,2,-0.013359344858423529,-0.03526209977387032,0.6193599700927734,2024-06-04,2024-05-31
2024-06-04,0.6193599700927734,0.60987306,0.60731626,0.0055666929229473,0.0005208630629383,72.6449571418566,0.5879517197608948,0.6193599700927734,3,0.014429002560831695,-0.021240982030069928,0.6174706816673279,2024-06-05,2024-06-03
2024-06-05,0.6174706816673279,0.60731626,0.6078484,0.0054966557735944,0.0004985412487342,58.36915308532492,0.5879517197608948,0.6193599700927734,4,-0.0279693436772657,-0.06717266531470713,0.6196286082267761,2024-06-06,2024-06-04
2024-06-06,0.6196286082267761,0.6078484,0.60625416,0.0054430294705904,0.0005625332408485,62.93493281082215,0.5879517197608948,0.6196286082267761,5,0.015598963957449268,-0.038705622540649486,0.6197015643119812,2024-06-07,2024-06-05
2024-06-07,0.6197015643119812,0.619874,0.61873597,0.0053415784602844,0.0005429304167788,61.30022178099294,0.5879517197608948,0.6197015643119812,1,0.015359267282059677,0.004066792312715365,0.6106199026107788,2024-06-10,2024-06-06
2024-06-10,0.6106199026107788,0.61873597,0.61927116,0.0060650762124491,-0.0001135041746599,49.710933453113626,0.5879517197608948,0.6197015643119812,2,-0.04279131341481485,-0.025054223416923954,0.6128314733505249,2024-06-11,2024-06-07
2024-06-11,0.6128314733505249,0.61927116,0.61785746,0.0059914982917827,-0.0004137147841093,55.12105370237684,0.5879517197608948,0.6197015643119812,3,0.013700313066128967,-0.025764397382646267,0.614601731300354,2024-06-12,2024-06-10
2024-06-12,0.614601731300354,0.61785746,0.6191514,0.0059036239139858,-0.0005021341782177,56.59243161848376,0.5879517197608948,0.6197015643119812,4,-0.007379337539937879,-0.005496942863520457,0.6186816692352295,2024-06-13,2024-06-11
2024-06-13,0.6186816692352295,0.6191514,0.62010586,0.005949062473894,-0.0003046290047073,61.5850657615613,0.5879517197608948,0.6197015643119812,5,0.012851028875042267,-0.008226021321262612,0.6161011457443237,2024-06-14,2024-06-12
2024-06-14,0.6161011457443237,0.6199905,0.6219354,0.0058933789806702,-0.0003626261760692,55.06783866296499,0.5879517197608948,0.6197015643119812,1,-0.01628375290112501,-0.039117419244663915,0.6137416958808899,2024-06-17,2024-06-13
2024-06-17,0.6137416958808899,0.6219354,0.62183136,0.0058302233328521,-0.0005627920588915,48.04630629784437,0.5879517197608948,0.6197015643119812,2,0.009604300840204132,0.012570910229002774,0.613800048828125,2024-06-18,2024-06-14
2024-06-18,0.613800048828125,0.62183136,0.6224162,0.0057168614137434,-0.0006859922655637,49.63550482823104,0.5879517197608948,0.6197015643119812,3,-0.006503193353933149,-0.007681300940289606,0.614058256149292,2024-06-19,2024-06-17
2024-06-19,0.614058256149292,0.6224162,0.62380695,0.0056081142928321,-0.0007401757647022,53.90949415280912,0.5879517197608948,0.6197015643119812,4,0.008917257879037289,0.008622603663855404,0.6139414310455322,2024-06-20,2024-06-18
2024-06-20,0.6139414310455322,0.62380695,0.6240084,0.0055021931279355,-0.0007705072230002,53.33475636633728,0.5879517197608948,0.6197015643119812,5,0.0,-0.004256303690364653,0.6122798919677734,2024-06-21,2024-06-19
2024-06-21,0.6122798919677734,0.61434084,0.6128687,0.0054274303423772,-0.0008811225542943,46.06888380469172,0.5879517197608948,0.6197015643119812,1,0.01220063799655793,0.024514665479307807,0.6111199259757996,2024-06-24,2024-06-20
2024-06-24,0.6111199259757996,0.6128687,0.6120741,0.0053408206088405,-0.001002242144273,36.01413104398549,0.5879517197608948,0.6197015643119812,2,-0.02721855311482856,-0.01252475472119591,0.6120513081550598,2024-06-25,2024-06-21
2024-06-25,0.6120513081550598,0.6120741,0.61330307,0.0052535627218845,-0.0009878470439495,40.49251296637109,0.5879517197608948,0.6197015643119812,3,0.007316293073440092,0.0012163750189434393,0.6119089722633362,2024-06-26,2024-06-24
2024-06-26,0.6119089722633362,0.61330307,0.6129731,0.0051589163174551,-0.0009555392517012,35.426381362187854,0.5879517197608948,0.6197015643119812,4,-0.0327824390894477,-0.03967552912777993,0.6080284118652344,2024-06-27,2024-06-25
2024-06-27,0.6080284118652344,0.6129731,0.61122,0.005233304527992,-0.0011500846466192,30.732647941364547,0.5879517197608948,0.6197015643119812,5,-0.0030862946880555733,-0.04263480449414338,0.6084686517715454,2024-06-28,2024-06-26
2024-06-28,0.6084686517715454,0.6084148,0.60881615,0.0051417640195098,-0.0011982541765058,45.03201687011007,0.5879517197608948,0.6197015643119812,1,-0.008969709638196547,-0.06268952676442138,0.6099197268486023,2024-07-01,2024-06-27
2024-07-01,0.6099197268486023,0.60881615,0.60967153,0.0050758199335386,-0.0010849128208576,43.03098260420501,0.5879517197608948,0.6197015643119812,2,0.014222117373647194,-0.023030683208763957,0.6064796447753906,2024-07-02,2024-06-28
2024-07-02,0.6064796447753906,0.60967153,0.60957503,0.0051205150886378,-0.0011859505992138,31.999302513593065,0.5879517197608948,0.6197015643119812,3,0.00816603727846639,-0.02220015637562485,0.6082206964492798,2024-07-03,2024-07-01
2024-07-03,0.6082206964492798,0.60957503,0.60943925,0.0050665881363093,-0.001082709625276,24.134150007958453,0.5879517197608948,0.6197015643119812,4,0.0006775653866961057,0.011070545667796774,0.6107205748558044,2024-07-04,2024-07-02
2024-07-04,0.6107205748558044,0.60943925,0.60987276,0.005052381141854,-0.0008059484858243,36.64270558049653,0.5879517197608948,0.6197015643119812,5,0.024860493631748855,0.03972525881040615,0.611340343952179,2024-07-05,2024-07-03
2024-07-05,0.611340343952179,0.61096936,0.6116303,0.0049687991368853,-0.0005530838087983,43.47503579271967,0.5879517197608948,0.6197015643119812,1,0.0,0.04909324372885023,0.6141110062599182,2024-07-08,2024-07-04
2024-07-08,0.6141110062599182,0.6116303,0.61182463,0.004975272208063,-0.0001899269859301,50.73639220048161,0.5879517197608948,0.6197015643119812,2,0.025546321916446516,0.061040911443722354,0.6131207942962646,2024-07-09,2024-07-05
2024-07-09,0.6131207942962646,0.61182463,0.61182314,0.0048997904713433,-1.6255791397906788e-05,47.85434424350901,0.5879517197608948,0.6197015643119812,3,-0.007865990774347974,0.04416590551180254,0.6127113103866577,2024-07-10,2024-07-08
2024-07-10,0.6127113103866577,0.61182314,0.6116091,0.0048174823374832,6.6643109203972e-05,47.22172861842992,0.5879517197608948,0.6197015643119812,4,-0.009565322367084766,0.033525220050735605,0.6087983250617981,2024-07-11,2024-07-09
2024-07-11,0.6087983250617981,0.6116091,0.61113834,0.0049189714745323,-0.0001354351714612,42.86262405575881,0.5879517197608948,0.6197015643119812,5,0.006423190591299147,0.014644392983972663,0.6094588041305542,2024-07-12,2024-07-10
2024-07-12,0.6094588041305542,0.60968983,0.6103624,0.0048403327718562,-0.000213361853723,46.52342375832998,0.5879517197608948,0.6197015643119812,1,-0.021720901163740036,-0.007156967844835652,0.6095516681671143,2024-07-15,2024-07-11
2024-07-15,0.6095516681671143,0.6103624,0.6106124,0.0047582249806661,-0.0002451252443488,44.57818241054137,0.5879517197608948,0.6197015643119812,2,0.01976558846027169,-0.012879771838777561,0.6076810956001282,2024-07-16,2024-07-12
2024-07-16,0.6076810956001282,0.6106124,0.610831,0.0047209412957114,-0.0003710325357627,41.46914643357115,0.5879517197608948,0.6197015643119812,3,-0.015228992799344712,-0.020121247860706418,0.6069099307060242,2024-07-17,2024-07-15
2024-07-17,0.6069099307060242,0.610831,0.60824215,0.0046490308425123,-0.0004783398445844,47.419348627915866,0.5879517197608948,0.6197015643119812,4,-0.01894630220224455,-0.029270489154923328,0.608061671257019,2024-07-18,2024-07-16
2024-07-18,0.608061671257019,0.60824215,0.60812265,0.0045910271106641,-0.000444558251701,49.09083162009864,0.5879517197608948,0.6197015643119812,5,-0.010177538893199707,-0.045252285403101514,0.6043793559074402,2024-07-19,2024-07-17
2024-07-19,0.6043793559074402,0.6071782,0.60823965,0.0046908377425919,-0.0006316006716536,38.74515065069671,0.5879517197608948,0.6197015643119812,1,-0.030700708760375874,-0.05378735717889246,0.6024205088615417,2024-07-22,2024-07-18
2024-07-22,0.6024205088615417,0.60823965,0.6075344,0.004661085348426,-0.0008358189655579,41.226155721209714,0.5879517197608948,0.6197015643119812,2,-0.011078471169803832,-0.08252689590867787,0.5978501439094543,2024-07-23,2024-07-19
2024-07-23,0.5978501439094543,0.6075344,0.60765696,0.0048510168470524,-0.0012048532753817,30.02693090947496,0.5879517197608948,0.6197015643119812,3,-0.009167236684088352,-0.07694850737539423,0.595291256904602,2024-07-24,2024-07-22
2024-07-24,0.595291256904602,0.60765696,0.6091953,0.0048490346726883,-0.0015267317549009,20.3514382119762,0.5930107831954956,0.6197015643119812,4,-0.008286871976554549,-0.06705667742125507,0.5927295684814453,2024-07-25,2024-07-23
2024-07-25,0.5927295684814453,0.6091953,0.6082717,0.0048478051752746,-0.0017988795212462,16.721626674113097,0.5927295684814453,0.6197015643119812,5,-0.011400955993048967,-0.06819735832874815,0.5889801979064941,2024-07-26,2024-07-24
2024-07-26,0.5889801979064941,0.591683,0.59152824,0.0049422323028875,-0.0020972856943841,6.582651802392746,0.5889801979064941,0.6197015643119812,1,0.0032881265324324637,-0.035982093456063576,0.5889000296592712,2024-07-29,2024-07-25
2024-07-29,0.5889000296592712,0.59152824,0.5946894,0.004856078569143,-0.0021575671245363,6.796362174954979,0.5889000296592712,0.6197015643119812,2,-0.001947274275511693,-0.027139144229286913,0.5877305269241333,2024-07-30,2024-07-26
2024-07-30,0.5877305269241333,0.5946894,0.5962152,0.0047892306839769,-0.002130037777076,6.61695291409265,0.5877305269241333,0.6197015643119812,3,-0.010408474810337234,-0.028345947095199987,0.5902003049850464,2024-07-31,2024-07-29
2024-07-31,0.5902003049850464,0.5962152,0.5984743,0.00479297540109,-0.0018118082839326,15.997157920661522,0.5877305269241333,0.6197015643119812,4,0.0002462533816531066,-0.02001922530176685,0.595181405544281,2024-08-01,2024-07-30
2024-08-01,0.595181405544281,0.5984743,0.5970338,0.0050364849633329,-0.0011636594746471,27.457948041339563,0.5877305269241333,0.6197015643119812,5,0.023593370826798465,0.01488164689946495,0.5936197638511658,2024-08-02,2024-07-31
2024-08-02,0.5936197638511658,0.59687215,0.5969596,0.0049758576218406,-0.0007575909713801,25.96065466436669,0.5877305269241333,0.6197015643119812,1,-0.022732313002838966,-0.011185410743160967,0.594700038433075,2024-08-05,2024-08-01
2024-08-05,0.594700038433075,0.5969596,0.5955365,0.0049046126632876,-0.0003542128682456,29.93458512226134,0.5877305269241333,0.6197015643119812,2,0.00429420279958116,-0.0049944468711952935,0.5950503945350647,2024-08-06,2024-08-02
2024-08-06,0.5950503945350647,0.5955365,0.59436744,0.0048217106637255,-1.9441171898523443e-05,31.42654444299237,0.5877305269241333,0.6197015643119812,3,-0.02479059580656718,-0.019202322532810838,0.5974107980728149,2024-08-07,2024-08-05
2024-08-07,0.5974107980728149,0.59436744,0.59556985,0.0048142368001871,0.0003831009141706,33.92791613000712,0.5877305269241333,0.6197015643119812,4,0.006878875148857098,-0.012675441267994792,0.5986088514328003,2024-08-08,2024-08-06
2024-08-08,0.5986088514328003,0.59556985,0.59516567,0.0047521528050221,0.0007319666089063,40.586586909723096,0.5877305269241333,0.6197015643119812,5,-0.018619202580670492,-0.05348554220513352,0.6007015705108643,2024-08-09,2024-08-07
2024-08-09,0.6007015705108643,0.59627265,0.5960374,0.0047313953096253,0.0010843280413097,47.20809332494312,0.5877305269241333,0.6197015643119812,1,0.0019029332241082232,-0.029878334708595813,0.5994916558265686,2024-08-12,2024-08-08
2024-08-12,0.5994916558265686,0.5960374,0.5968904,0.0046698210798502,0.0012071713917209,52.99285366532202,0.5877305269241333,0.6197015643119812,2,0.008832886712819966,-0.02546525189412581,0.6023406982421875,2024-08-13,2024-08-09
2024-08-13,0.6023406982421875,0.5968904,0.5978868,0.0047022099739909,0.0014359993752913,62.71818893505734,0.5877305269241333,0.6197015643119812,3,0.01866882114543386,0.017821250336697538,0.6079211831092834,2024-08-14,2024-08-12
2024-08-14,0.6079211831092834,0.5978868,0.5974893,0.0050175381968525,0.0018903022756997,74.71562864252314,0.5877305269241333,0.6197015643119812,4,-0.004696598507653004,0.006107414660529139,0.6000707745552063,2024-08-15,2024-08-13
2024-08-15,0.6000707745552063,0.5974893,0.59825784,0.0056239007452147,0.0016006765546896,65.91925258591925,0.5877305269241333,0.6197015643119812,5,-0.0027291121621621237,0.022222246442522322,0.5980896949768066,2024-08-16,2024-08-14
2024-08-16,0.5980896949768066,0.5975716,0.59832346,0.00555498459699,0.0012308720426989,62.508133121966814,0.5877305269241333,0.6197015643119812,1,0.02792926345594375,0.04917617465270208,0.6057485342025757,2024-08-19,2024-08-15
2024-08-19,0.6057485342025757,0.59832346,0.59631634,0.0060734300728119,0.0014425904725435,70.84254943600209,0.5877305269241333,0.6197015643119812,2,-0.0027822873448715467,0.037060310914598826,0.6117704510688782,2024-08-20,2024-08-16
2024-08-20,0.6117704510688782,0.59631634,0.5950012,0.0063066717799866,0.0018999450700934,73.05673600713581,0.5877305269241333,0.6197015643119812,3,0.009404466138288877,0.027496983460981842,0.6157407760620117,2024-08-21,2024-08-19
2024-08-21,0.6157407760620117,0.5950012,0.59564924,0.0063227241720945,0.0023520262154642,72.4616672983276,0.5877305269241333,0.6197015643119812,4,-0.004088557498111929,0.028121933742551633,0.6162492632865906,2024-08-22,2024-08-20
2024-08-22,0.6162492632865906,0.59564924,0.59503317,0.0061888349968027,0.002550816080088,75.3056730138586,0.5877305269241333,0.6197015643119812,5,0.007682204488819919,0.0388819525373482,0.6143600344657898,2024-08-23,2024-08-21
2024-08-23,0.6143600344657898,0.6161433,0.6197744,0.0060909134376397,0.0024215965214811,71.594301576494,0.5877305269241333,0.6197015643119812,1,-0.009732768985843696,0.00048317348900567183,0.6224092245101929,2024-08-26,2024-08-22
2024-08-26,0.6224092245101929,0.6197744,0.61910367,0.0065693873599271,0.0027222882794866,75.7034780514848,0.5877305269241333,0.6224092245101929,2,0.01283688121007074,0.016232564829346596,0.6205514073371887,2024-08-27,2024-08-23
2024-08-27,0.6205514073371887,0.61910367,0.62350696,0.0064539546552981,0.0026382306614635,71.94774623411305,0.5877305269241333,0.6224092245101929,3,0.004044782599055961,0.010800450091235947,0.6244106888771057,2024-08-28,2024-08-26
2024-08-28,0.6244106888771057,0.62350696,0.6244198,0.0064494942421049,0.002676264849952,73.2957988421065,0.5877305269241333,0.6244106888771057,4,0.004501323054126366,0.019520503711044603,0.6247500777244568,2024-08-29,2024-08-27
2024-08-29,0.6247500777244568,0.6244198,0.6229944,0.0063106849714698,0.0025580989249674,72.42268127177846,0.5877305269241333,0.6247500777244568,5,-0.020417457696083448,-0.008728919640821823,0.6263309121131897,2024-08-30,2024-08-28
2024-08-30,0.6263309121131897,0.62669724,0.62619424,0.0062000037080927,0.0024216199773121,74.85285481527926,0.5877305269241333,0.6263309121131897,1,0.0006029682943513182,0.0015697281970487912,0.625,2024-09-02,2024-08-29
2024-09-02,0.625,0.62619424,0.6266958,0.0060858110617859,0.0020894770126323,71.58925443926773,0.5877305269241333,0.6263309121131897,2,-0.000602968294351396,-0.011801165553951888,0.6230490803718567,2024-09-03,2024-08-30
2024-09-03,0.6230490803718567,0.6266958,0.62859994,0.005994897165446,0.001607777343849,65.48446453149558,0.5877305269241333,0.6263309121131897,3,0.0,-0.01579014229368231,0.618739128112793,2024-09-04,2024-09-02
2024-09-04,0.618739128112793,0.62859994,0.6310575,0.0060463214012128,0.0009033775217755,70.60152997125549,0.5877305269241333,0.6263309121131897,4,-0.02764023713283298,-0.04692120222696072,0.6186702251434326,2024-09-05,2024-09-03
2024-09-05,0.6186702251434326,0.6310575,0.6293864,0.0059226152468616,0.0003649142383749,73.71247582630099,0.5877305269241333,0.6263309121131897,5,-0.003105085111750596,-0.030277491617961977,0.6224402189254761,2024-09-06,2024-09-04
2024-09-06,0.6224402189254761,0.6182355,0.61942774,0.005942108183278,0.000202841606722,71.12489061887088,0.5877305269241333,0.6263309121131897,1,0.014326561027738912,-0.016877678364688273,0.6171315908432007,2024-09-09,2024-09-05
2024-09-09,0.6171315908432007,0.61942774,0.61909366,0.0060866535385877,-0.0002946592962677,56.90977839850167,0.5877305269241333,0.6263309121131897,2,-0.01557118096774766,-0.03148367681139164,0.6142317652702332,2024-09-10,2024-09-06
2024-09-10,0.6142317652702332,0.61909366,0.61953026,0.006040041890311,-0.0008219245851083,47.99989887706137,0.5877305269241333,0.6263309121131897,3,0.017286439839061352,-0.014595933712157162,0.6150099039077759,2024-09-11,2024-09-09
2024-09-11,0.6150099039077759,0.61953026,0.6230867,0.0059232410827581,-0.001103613080755,48.36896411611237,0.5877305269241333,0.6263309121131897,4,-0.01083079435184659,0.002108159485470008,0.6132185459136963,2024-09-12,2024-09-10
2024-09-12,0.6132185459136963,0.6230867,0.62372637,0.0058346774889618,-0.0013780761383994,48.49388541543785,0.5877305269241333,0.6263309121131897,5,0.010463569894938275,0.015798086292642198,0.6187008619308472,2024-09-13,2024-09-11
2024-09-13,0.6187008619308472,0.61685085,0.61557186,0.0060149183835022,-0.0011662928274299,44.75156484621485,0.5877305269241333,0.6263309121131897,1,0.01217145342574411,0.013611289352515344,0.6164087653160095,2024-09-16,2024-09-12
2024-09-16,0.6164087653160095,0.61557186,0.6183914,0.0059416916664092,-0.0011543283783448,44.20812805418703,0.5877305269241333,0.6263309121131897,2,0.01011089337881664,0.03998008318548353,0.6196094155311584,2024-09-17,2024-09-13
2024-09-17,0.6196094155311584,0.6183914,0.6194496,0.0059230890710237,-0.0009150684984432,43.16134246603254,0.5877305269241333,0.6263309121131897,3,0.00906053645250728,0.03146039659731232,0.619398295879364,2024-09-18,2024-09-16
2024-09-18,0.619398295879364,0.6194496,0.620674,0.0058045795190723,-0.000761532200397,42.34927419162431,0.5877305269241333,0.6263309121131897,4,0.0001187212220558712,0.042816446438048404,0.6208904981613159,2024-09-19,2024-09-17
2024-09-19,0.6208904981613159,0.620674,0.6202624,0.0057128531800013,-0.0005593366966985,42.20280980750273,0.5877305269241333,0.6263309121131897,5,0.005797778381147515,0.03796221553272156,0.6237019300460815,2024-09-20,2024-09-18
2024-09-20,0.6237019300460815,0.6204659,0.618526,0.0056812771405541,-0.0002517769752342,48.21534517967831,0.5877305269241333,0.6263309121131897,1,0.011262404495693233,0.03701908583172897,0.6236202716827393,2024-09-23,2024-09-19
2024-09-23,0.6236202716827393,0.618526,0.6207367,0.0055709271699888,-7.835620232776383e-05,50.82785490294323,0.5877305269241333,0.6263309121131897,2,-0.0010504611301073035,0.025508902292358842,0.6267195343971252,2024-09-24,2024-09-20
2024-09-24,0.6267195343971252,0.6207367,0.62227136,0.005562488900652,0.0002050754144496,61.98706114709216,0.5877305269241333,0.6267195343971252,3,0.001750230130358872,0.01803945332479335,0.6352190971374512,2024-09-25,2024-09-23
2024-09-25,0.6352190971374512,0.62227136,0.62048435,0.0061367395111267,0.0008867688664191,69.83409437703953,0.5877305269241333,0.6352190971374512,4,0.032233120582951455,0.05126381367872481,0.6257195472717285,2024-09-26,2024-09-24
2024-09-26,0.6257195472717285,0.62048435,0.6214888,0.0067795459921705,0.0006316671809453,53.45572218551282,0.5877305269241333,0.6352190971374512,5,-0.0003387253064925078,0.04483248253491049,0.6331197619438171,2024-09-27,2024-09-25
2024-09-27,0.6331197619438171,0.6253628,0.62256515,0.0070795693314332,0.000879837098541,66.13682767980575,0.5877305269241333,0.6352190971374512,1,0.03396927361253579,0.06882876616543135,0.634981095790863,2024-09-30,2024-09-26
2024-09-30,0.634981095790863,0.62256515,0.6203149,0.0069466066207045,0.0010749546686488,71.3906674368018,0.5877305269241333,0.6352190971374512,2,-0.008770054674294606,0.06060960762030686,0.6345298290252686,2024-10-01,2024-09-27
2024-10-01,0.6345298290252686,0.6203149,0.6213671,0.0067922177888877,0.0010765568621316,70.2598035697936,0.5877305269241333,0.6352190971374512,3,-0.009959156737551753,0.048262946395565824,0.6282985806465149,2024-10-02,2024-09-30
2024-10-02,0.6282985806465149,0.6213671,0.6210329,0.0069541925289251,0.000585464762617,64.33084291079228,0.5877305269241333,0.6352190971374512,4,0.008747270990222236,0.023930453579292812,0.6261191964149475,2024-10-03,2024-10-01
2024-10-03,0.6261191964149475,0.6210329,0.621093,0.0068363304717096,6.855139603280727e-05,57.52199018253332,0.5877305269241333,0.6352190971374512,5,0.013251060309858634,0.037940429599268334,0.6217281222343445,2024-10-04,2024-10-02
2024-10-04,0.6217281222343445,0.6305843,0.6291198,0.0068432493938512,-0.0005787499158089,55.1734692457879,0.5877305269241333,0.6352190971374512,1,-0.020664692030848586,-0.017245142709215823,0.6160784363746643,2024-10-07,2024-10-03
2024-10-07,0.6160784363746643,0.6291198,0.6271435,0.0069564065418807,-0.0013528458302076,46.722015396124846,0.5877305269241333,0.6352190971374512,2,0.00454323643639212,-0.00407395984970126,0.6128502488136292,2024-10-08,2024-10-04
2024-10-08,0.6128502488136292,0.6271435,0.6281265,0.00688761084363,-0.0020082169844461,44.2435827302242,0.5877305269241333,0.6352190971374512,3,-0.0007742044750523483,0.005115712028949617,0.6131395697593689,2024-10-09,2024-10-07
2024-10-09,0.6131395697593689,0.6281265,0.6286206,0.006735977883984,-0.0023257618121531,43.03890300318722,0.5877305269241333,0.6352190971374512,4,-0.023962600218861506,-0.027229604001752186,0.6070908308029175,2024-10-10,2024-10-08
2024-10-10,0.6070908308029175,0.6286206,0.6307407,0.0069028288942949,-0.0028140967130583,35.90140779518269,0.5877305269241333,0.6352190971374512,5,-0.013003527344188167,-0.05243693761411903,0.6096000075340271,2024-10-11,2024-10-09
2024-10-11,0.6096000075340271,0.60910183,0.6081508,0.0068064916072815,-0.0028313201186792,38.57130779792845,0.5877305269241333,0.6352190971374512,1,0.006865063336545291,-0.025988367376033456,0.6091692447662354,2024-10-14,2024-10-10
2024-10-14,0.6091692447662354,0.6081508,0.6075163,0.0066586549025805,-0.0027335240059367,35.04309105557084,0.5877305269241333,0.6352190971374512,2,0.015051426299758246,-0.01569930316931963,0.6089614629745483,2024-10-15,2024-10-11
2024-10-15,0.6089614629745483,0.6075163,0.6090914,0.0065151061206983,-0.0025483021420973,23.939242639002927,0.5877305269241333,0.6352190971374512,3,-0.019966589598124317,-0.03441025300120396,0.6056311726570129,2024-10-16,2024-10-14
2024-10-16,0.6056311726570129,0.6090914,0.61182874,0.0064752720460881,-0.0025114562506759,27.27994660878123,0.5877305269241333,0.6352190971374512,4,-0.014543239227710301,-0.025272044125808683,0.6058696508407593,2024-10-17,2024-10-15
2024-10-17,0.6058696508407593,0.61182874,0.61144584,0.006338713983679,-0.0023360664814906,13.221975702326958,0.5877305269241333,0.6352190971374512,5,0.007182639183070338,-0.00539608853382374,0.6060715913772583,2024-10-18,2024-10-16
2024-10-18,0.6060715913772583,0.60696274,0.606247,0.0062066865973772,-0.002080041694522,9.152755343177802,0.5877305269241333,0.6352190971374512,1,-0.010443370880604458,-0.02246299809091158,0.6076700091362,2024-10-21,2024-10-17
2024-10-21,0.6076700091362,0.606247,0.6048644,0.0061043832865119,-0.0016930369332786,13.24045961559483,0.5877305269241333,0.6352190971374512,2,0.013785382802360822,-0.02369981935567907,0.6023297905921936,2024-10-22,2024-10-18
2024-10-22,0.6023297905921936,0.6048644,0.6067526,0.0062507097090182,-0.0016831726760404,13.571450071739378,0.5902003049850464,0.6352190971374512,3,-0.005306331502970384,-0.009281577388423005,0.604580283164978,2024-10-23,2024-10-21
2024-10-23,0.604580283164978,0.6067526,0.6044053,0.006171778251243,-0.0014219521397635,19.84575869797777,0.5936197638511658,0.6352190971374512,4,0.005766385567984585,0.01104525856094856,0.6006186604499817,2024-10-24,2024-10-22
2024-10-24,0.6006186604499817,0.6044053,0.60596496,0.0061941524996388,-0.0014100817379978,20.08729936180923,0.5936197638511658,0.6352190971374512,5,-0.010054969620869941,-0.00623339491539567,0.6008387804031372,2024-10-25,2024-10-23
2024-10-25,0.6008387804031372,0.60110193,0.6026204,0.0060671409116528,-0.0012850385266253,24.477682858414862,0.594700038433075,0.6352190971374512,1,0.0034786367081482633,0.007698586853333055,0.5979001522064209,2024-10-28,2024-10-24
2024-10-28,0.5979001522064209,0.6026204,0.60137194,0.0060278958441566,-0.0012942708272514,24.7174090537966,0.5950503945350647,0.6352190971374512,2,0.004619474922603476,-0.0014956842728116415,0.5986300110816956,2024-10-29,2024-10-25
2024-10-29,0.5986300110816956,0.60137194,0.6007148,0.0059117813259177,-0.0011501162652958,25.82266311235415,0.5974107980728149,0.6352190971374512,3,-0.0017298446095613334,0.0020818470088422797,0.5971183180809021,2024-10-30,2024-10-28
2024-10-30,0.5971183180809021,0.6007148,0.600547,0.0058157616111695,-0.0010578078662567,30.42262354700486,0.5971183180809021,0.6352190971374512,4,0.00011546014043166252,-0.003564873157259643,0.5971112251281738,2024-10-31,2024-10-29
2024-10-31,0.5971112251281738,0.600547,0.60032314,0.0057003255848622,-0.0009044035783694,22.811934736290283,0.5971112251281738,0.6352190971374512,5,-0.0011547609895255664,0.005343190367856402,0.5971503853797913,2024-11-01,2024-10-30
2024-11-01,0.5971503853797913,0.5965134,0.5962754,0.0055885526694678,-0.0007157341870931,23.38109457465036,0.5971112251281738,0.6352190971374512,1,-0.0032403544840676935,-0.001389059382812976,0.5987414717674255,2024-11-04,2024-10-31
2024-11-04,0.5987414717674255,0.5962754,0.59727347,0.0055099462788136,-0.0004141800700546,28.672005413379708,0.5971112251281738,0.6352190971374512,2,0.007851309416842709,0.0018435066469856885,0.5973715782165527,2024-11-05,2024-11-01
2024-11-05,0.5973715782165527,0.59727347,0.59678334,0.0054238874015331,-0.0002456987810855,31.227088114404324,0.5971112251281738,0.6352190971374512,3,0.01359326842658909,0.017313086318757512,0.60165935754776,2024-11-06,2024-11-04
2024-11-06,0.60165935754776,0.59678334,0.59606284,0.0055320356253731,0.0001921624329297,41.918203806294095,0.5971112251281738,0.6352190971374512,4,0.009822251413223898,0.027236014088185545,0.5938806533813477,2024-11-07,2024-11-05
2024-11-07,0.5938806533813477,0.59606284,0.5943496,0.0060593295962753,5.419592469825367e-06,31.872086221261057,0.5938806533813477,0.6352190971374512,5,-0.05258911842530857,-0.024263436698556816,0.6022282242774963,2024-11-08,2024-11-06
2024-11-08,0.6022282242774963,0.5944006,0.59476423,0.006613319843299,0.0004661052477573,43.26076750688701,0.5938806533813477,0.6352190971374512,1,0.043447321295367755,0.022371605775549922,0.5966302156448364,2024-11-11,2024-11-07
2024-11-11,0.5966302156448364,0.59476423,0.5963673,0.0067533842101509,0.0004173999838527,42.98629723025377,0.5938806533813477,0.6352190971374512,2,-0.028404111061249033,-0.014031022988213265,0.596911609172821,2024-11-12,2024-11-08
2024-11-12,0.596911609172821,0.5963673,0.59779114,0.0066070144284442,0.0004262299422987,40.082571367345466,0.5938806533813477,0.6352190971374512,3,-0.017770402770283862,-0.04447472119309048,0.5923293828964233,2024-11-13,2024-11-11
2024-11-13,0.5923293828964233,0.59779114,0.596989,0.0066576247712994,0.0001593026645897,39.449339440994265,0.5923293828964233,0.6352190971374512,4,-0.021968305360875098,-0.07437363226057027,0.5882906913757324,2024-11-14,2024-11-12
2024-11-14,0.5882906913757324,0.596989,0.5965394,0.0066646284670114,-0.000232147102145,35.443655894945294,0.5882906913757324,0.6352190971374512,5,-0.013072124212538998,-0.03706331991150083,0.5849800705909729,2024-11-15,2024-11-13
2024-11-15,0.5849800705909729,0.58714813,0.58607906,0.0066229190224602,-0.0006341318253219,35.14037476229453,0.5849800705909729,0.6352190971374512,1,0.0017201059739166069,-0.0764172119838589,0.5863211154937744,2024-11-18,2024-11-14
2024-11-18,0.5863211154937744,0.58607906,0.5856429,0.0064992874360988,-0.000723343199921,36.03957691959282,0.5849800705909729,0.6352190971374512,2,-0.005416024015032468,-0.05493989504576591,0.5890703797340393,2024-11-19,2024-11-15
2024-11-19,0.5890703797340393,0.5856429,0.58503276,0.0064376047905015,-0.0005203197776571,41.12148303624738,0.5849800705909729,0.6352190971374512,3,0.01397245036674078,-0.02445978743095288,0.5919612050056458,2024-11-20,2024-11-18
2024-11-20,0.5919612050056458,0.58503276,0.58557904,0.006385819764956,-0.0001345520611929,44.65835030361031,0.5849800705909729,0.6352190971374512,4,0.005341190903602937,0.0025488418048948414,0.5884000062942505,2024-11-21,2024-11-19
2024-11-21,0.5884000062942505,0.58557904,0.58636343,0.0063732458002222,-6.591276874340097e-05,41.54198214682834,0.5849800705909729,0.6352190971374512,5,0.0032633707191537793,0.01906046895632941,0.5857407450675964,2024-11-22,2024-11-20
2024-11-22,0.5857407450675964,0.5886903,0.58688897,0.006307967644976,-0.0001419318420803,37.68788567790124,0.5849800705909729,0.6352190971374512,1,-0.007388136557883757,0.00982076167507639,0.5862111449241638,2024-11-25,2024-11-21
2024-11-25,0.5862111449241638,0.58688897,0.5874728,0.0061795678335929,-0.000104583780904,39.2475137448934,0.5849800705909729,0.6352190971374512,2,-0.009527380066168888,0.005677551917394998,0.5811284184455872,2024-11-26,2024-11-22
2024-11-26,0.5811284184455872,0.5874728,0.58573526,0.0063119886963416,-0.000352286425184,30.51794973892112,0.5811284184455872,0.6352190971374512,3,0.004286314657899773,-0.004016552332532198,0.5837098360061646,2024-11-27,2024-11-25
2024-11-27,0.5837098360061646,0.58573526,0.58586204,0.0062511884935738,-0.0002757576476079,39.29267043828781,0.5811284184455872,0.6352190971374512,4,-0.012914458354139725,-0.022033917091298035,0.5893411636352539,2024-11-28,2024-11-26
2024-11-28,0.5893411636352539,0.58586204,0.586875,0.006442707949149,0.0001952479816882,35.610183998285535,0.5811284184455872,0.6352190971374512,5,0.006908460270460658,-0.018462638279616122,0.5896400213241577,2024-11-29,2024-11-27
2024-11-29,0.5896400213241577,0.5868935,0.58772707,0.006308233667314,0.0005480623823629,41.14700340604392,0.5811284184455872,0.6352190971374512,1,0.0,-0.011184051727036284,0.5906500220298767,2024-12-02,2024-11-28
2024-12-02,0.5906500220298767,0.58772707,0.58764625,0.0061883385971042,0.0008524360377429,42.21347928180072,0.5811284184455872,0.6352190971374512,2,0.00331395542562012,0.0015955435270758422,0.5884602665901184,2024-12-03,2024-11-29
2024-12-03,0.5884602665901184,0.58764625,0.58527243,0.0061082958453834,0.0009043483663062,44.88420442061229,0.5811284184455872,0.6352190971374512,3,-0.0012261194171518171,-0.003910496093641412,0.5882110595703125,2024-12-04,2024-12-02
2024-12-04,0.5882110595703125,0.58527243,0.5867132,0.0059845318435182,0.0009170815699938,49.88298356865081,0.5811284184455872,0.6352190971374512,4,0.017150550571007218,0.02649167447523416,0.5857201814651489,2024-12-05,2024-12-03
2024-12-05,0.5857201814651489,0.5867132,0.58582014,0.0059277948352903,0.0007594421355376,51.11441787663771,0.5811284184455872,0.6352190971374512,5,-0.0009651810670761947,0.018441182129404488,0.5882214307785034,2024-12-06,2024-12-04
2024-12-06,0.5882214307785034,0.58684736,0.5882299,0.0058787340591353,0.000820135138884,52.76478913301374,0.5811284184455872,0.6352190971374512,1,-0.001691427036356159,0.016720019200111805,0.5838802456855774,2024-12-09,2024-12-05
2024-12-09,0.5838802456855774,0.5882299,0.5883666,0.0059595435255269,0.0005759556244047,42.78311894974141,0.5811284184455872,0.6352190971374512,2,0.0008460711338127912,0.014213965432842037,0.5858985781669617,2024-12-10,2024-12-06
2024-12-10,0.5858985781669617,0.5883666,0.5893519,0.0058858740886213,0.0005580250509792,41.360283499988114,0.5811284184455872,0.6352190971374512,3,0.02033065993438071,0.03631450449593498,0.58022141456604,2024-12-11,2024-12-09
2024-12-11,0.58022141456604,0.5893519,0.5891193,0.0061069935388093,0.0001904624470646,39.00778989396644,0.58022141456604,0.6352190971374512,4,0.0,0.018692684080309226,0.5794212818145752,2024-12-12,2024-12-10
2024-12-12,0.5794212818145752,0.5891193,0.58965725,0.0059889353009573,-6.616788826126988e-05,41.05971657017191,0.5794212818145752,0.6352190971374512,5,-0.0022517461047863417,0.017382912422678014,0.5770307183265686,2024-12-13,2024-12-11
2024-12-13,0.5770307183265686,0.5799748,0.58118343,0.0059285791466054,-0.0003411618045797,37.68151179046844,0.5770307183265686,0.6352190971374512,1,-0.004518987951738658,0.014510263472407563,0.5770706534385681,2024-12-16,2024-12-12
2024-12-16,0.5770706534385681,0.58118343,0.5834684,0.0058104544738138,-0.0004573637028763,43.70303498951092,0.5770307183265686,0.6352190971374512,2,-0.01102599903417866,0.002537139949653557,0.5791997909545898,2024-12-17,2024-12-13
2024-12-17,0.5791997909545898,0.5834684,0.5860501,0.0057494317445254,-0.0003335759040052,42.90152990577401,0.5770307183265686,0.6352190971374512,3,-0.0013265764037010605,-0.01894161902904953,0.5758113265037537,2024-12-18,2024-12-16
2024-12-18,0.5758113265037537,0.5860501,0.58393574,0.0057635997264627,-0.0004172165537287,27.087383540764502,0.5758113265037537,0.634981095790863,4,-0.012629201966152723,-0.03125369397812252,0.5617314577102661,2024-12-19,2024-12-17
2024-12-19,0.5617314577102661,0.58393574,0.58291376,0.0076088334628655,-0.0013078342825644,17.777392395864297,0.5617314577102661,0.634981095790863,5,0.002075347014305267,-0.02705275613333742,0.562749981880188,2024-12-20,2024-12-18
2024-12-20,0.562749981880188,0.55906737,0.5606909,0.0074441913606105,-0.0016910369726184,17.79357226897116,0.5617314577102661,0.634981095790863,1,-0.019580631900887508,-0.041597135021522465,0.5651601552963257,2024-12-23,2024-12-19
2024-12-23,0.5651601552963257,0.5606909,0.56165457,0.0073317956816413,-0.0016434476093327,23.23968055553655,0.5617314577102661,0.6345298290252686,2,0.005085840171359418,-0.02603043482857998,0.5646591186523438,2024-12-24,2024-12-20
2024-12-24,0.5646591186523438,0.56165457,0.55757385,0.007169890886335,-0.0015103817212858,23.106022449763003,0.5617314577102661,0.6282985806465149,3,-0.004464324542501597,-0.029081716438908393,0.5648000836372375,2024-12-25,2024-12-23
2024-12-25,0.5648000836372375,0.55757385,0.55875146,0.0070126669017091,-0.0012863028276232,24.756578389022906,0.5617314577102661,0.6261191964149475,4,0.00656557970297388,-0.01026513965333265,0.5650898814201355,2024-12-26,2024-12-24
2024-12-26,0.5650898814201355,0.55875146,0.5613688,0.0068620952366009,-0.0010044954253295,20.514488117904666,0.5617314577102661,0.6217281222343445,5,0.0,-0.012317052988123382,0.5625594258308411,2024-12-27,2024-12-25
2025-01-03,0.5592997670173645,0.5590066,0.5612942,0.0064184535789289,-0.0003218073980826,22.8150690690032,0.5592997670173645,0.6096000075340271,1,0.0006270129152066223,-0.01506355611129317,0.5616084337234497,2025-01-06,2025-01-02
2025-01-06,0.5616084337234497,0.5612942,0.55860204,0.0063460980958378,-7.154849959969348e-05,27.835412690085548,0.5592997670173645,0.6091692447662354,2,0.012705730469062898,-0.007981284375865967,0.5639108419418335,2025-01-07,2025-01-03
2025-01-07,0.5639108419418335,0.55860204,0.56074977,0.0062759344526018,0.0002995923265103,28.192122481737925,0.5592997670173645,0.6089614629745483,3,0.021429735158765856,0.01587688739483173,0.5635485649108887,2025-01-08,2025-01-06
2025-01-08,0.5635485649108887,0.56074977,0.56061107,0.0061506819244191,0.0005563069686643,30.855912441633023,0.5592997670173645,0.6076700091362,4,0.008084555631823191,0.02842670957710182,0.5605400204658508,2025-01-09,2025-01-07
2025-01-09,0.5605400204658508,0.56061107,0.5599387,0.0061238851283486,0.0005576975494606,47.15731810334284,0.5592997670173645,0.6076700091362,5,0.01597552148922448,0.06058702888106693,0.5593501329421997,2025-01-10,2025-01-08
2025-01-10,0.5593501329421997,0.55997056,0.56035596,0.0060168198375637,0.0005137743889865,41.95400353211346,0.5592997670173645,0.6076700091362,1,0.012225389355236115,0.0729597294085199,0.5564799308776855,2025-01-13,2025-01-09
2025-01-13,0.5564799308776855,0.56035596,0.56105125,0.0059887829648606,0.0003353472337738,29.895355900381038,0.5564799308776855,0.6076700091362,2,-0.0011690706262276669,0.05817542837432925,0.5604187846183777,2025-01-14,2025-01-10
2025-01-14,0.5604187846183777,0.56105125,0.5645794,0.0060511427616777,0.0005157427368603,41.527948801615786,0.5564799308776855,0.604580283164978,3,0.004900805420346145,0.04082867761393312,0.5602993965148926,2025-01-15,2025-01-13
2025-01-15,0.5602993965148926,0.5645794,0.5618346,0.0059320385496375,0.0006514217045335,41.00001191909319,0.5564799308776855,0.604580283164978,4,0.0034860233805795665,0.03605338146364766,0.562828540802002,2025-01-16,2025-01-14
2025-01-16,0.562828540802002,0.5618346,0.56367,0.0058922163398267,0.0009194991263081,45.849715029590975,0.5564799308776855,0.6022282242774963,5,0.011303415838173602,0.031224120797995875,0.5608084797859192,2025-01-17,2025-01-15
2025-01-17,0.5608084797859192,0.5617754,0.55963355,0.0058226901640027,0.0009640928935219,46.7250982158385,0.5564799308776855,0.6022282242774963,1,0.01163071682537297,0.03061106244377288,0.5587310194969177,2025-01-20,2025-01-16
2025-01-20,0.5587310194969177,0.55963355,0.5629389,0.0057587841087536,0.0008604133064668,40.50603755299292,0.5564799308776855,0.6022282242774963,2,-0.016689905700843943,0.014738613581286432,0.5681785941123962,2025-01-21,2025-01-17
2025-01-21,0.5681785941123962,0.5629389,0.56827766,0.0066165387969557,0.001402773655816,55.70932408888774,0.5564799308776855,0.6022282242774963,3,0.0,0.00977774314311354,0.5660911202430725,2025-01-22,2025-01-20
2025-01-22,0.5660911202430725,0.56827766,0.5636667,0.0065213528901896,0.0015822908444718,58.978469210903086,0.5564799308776855,0.6022282242774963,4,-0.006128301580466994,0.00011593210184236907,0.5663604140281677,2025-01-23,2025-01-21
2025-01-23,0.5663604140281677,0.5636667,0.56774527,0.0063889689514766,0.0016717714267449,60.22356551788421,0.5564799308776855,0.6022282242774963,5,-0.009204786171019986,-0.02018576031546615,0.5675497651100159,2025-01-24,2025-01-22
2025-01-24,0.5675497651100159,0.56760615,0.56747615,0.0062757598028925,0.0017550336904647,58.891035555579336,0.5564799308776855,0.6022282242774963,1,0.006533654698869979,-0.025167228157144683,0.5692297220230103,2025-01-27,2025-01-23
2025-01-27,0.5692297220230103,0.56747615,0.56894165,0.0061815603062352,0.0018573429283473,58.11065302590726,0.5564799308776855,0.6022282242774963,2,-0.002212010159230562,-0.010951039186174481,0.5668194890022278,2025-01-28,2025-01-24
2025-01-28,0.5668194890022278,0.56894165,0.56962883,0.0061185847022406,0.0017009675949466,54.694554942469736,0.5564799308776855,0.6022282242774963,3,-0.020369261459914086,-0.030893440556739114,0.566559374332428,2025-01-29,2025-01-27
2025-01-29,0.566559374332428,0.56962883,0.56819534,0.005999130091046,0.0015239899180651,59.379156109992486,0.5564799308776855,0.6022282242774963,4,0.0040361400459950495,-0.020992781408593158,0.5665208697319031,2025-01-30,2025-01-28
2025-01-30,0.5665208697319031,0.56819534,0.5668759,0.0058829730807966,0.0013540457092923,61.589027583243904,0.5564799308776855,0.6022282242774963,5,0.008728571240526836,-0.003277522791118762,0.5636406540870667,2025-01-31,2025-01-29
2025-01-31,0.5636406540870667,0.56669915,0.5673706,0.0058603377532052,0.0010129811941529,61.569099505985,0.5564799308776855,0.6022282242774963,1,0.007138274803439134,-0.002674702122338482,0.5569603443145752,2025-02-03,2025-01-30
2025-02-03,0.5569603443145752,0.5673706,0.56727266,0.006233554543291,0.0003377190330395,44.867119950319264,0.5564799308776855,0.596911609172821,2,-0.006081895310409236,-0.0065267781302247845,0.5626797080039978,2025-02-04,2025-01-31
2025-02-04,0.5626797080039978,0.56727266,0.5661576,0.0064593006643725,0.0002789350826687,53.0292295812404,0.5564799308776855,0.596911609172821,3,0.007480180735855045,0.021529763102614546,0.5648409128189087,2025-02-05,2025-02-03
2025-02-05,0.5648409128189087,0.5661576,0.566511,0.0063781443093292,0.0003819201470983,52.585192989763975,0.5564799308776855,0.5923293828964233,4,0.011231533344878048,0.028906579234281207,0.5689285397529602,2025-02-06,2025-02-04
2025-02-06,0.5689285397529602,0.566511,0.56708676,0.0064232839434134,0.0007029695346668,59.90524607518657,0.5564799308776855,0.5919612050056458,5,0.020964651419344747,0.041573702557784656,0.5674885511398315,2025-02-07,2025-02-05
2025-02-07,0.5674885511398315,0.5675931,0.56624806,0.006313345941353,0.0007895057554964,60.85163394541353,0.5564799308776855,0.5919612050056458,1,0.004275338767884391,0.038596008179180456,0.5647388100624084,2025-02-10,2025-02-06
2025-02-10,0.5647388100624084,0.56624806,0.56605333,0.006263142766435,0.0006391325092309,44.889392678131806,0.5564799308776855,0.5919612050056458,2,0.028336209444502193,0.07496479661922238,0.5635008811950684,2025-02-11,2025-02-07
2025-02-11,0.5635008811950684,0.56605333,0.5654268,0.0061538073065897,0.0004431754238454,46.0519262951139,0.5564799308776855,0.5919612050056458,3,0.02564242139116298,0.09466694191592809,0.565930962562561,2025-02-12,2025-02-10
2025-02-12,0.565930962562561,0.5654268,0.56684875,0.00609839703842,0.0004619934230349,49.38587713451378,0.5564799308776855,0.5919612050056458,4,-0.0228089383976497,0.05803105189777886,0.5641399025917053,2025-02-13,2025-02-11
2025-02-13,0.5641399025917053,0.56684875,0.5672833,0.0060123247392421,0.0003440054584181,45.20633345846517,0.5564799308776855,0.5906500220298767,5,0.0222769264194491,0.05942039099462237,0.5680010914802551,2025-02-14,2025-02-12
2025-02-14,0.5680010914802551,0.56457317,0.56596506,0.0060605650475752,0.0005063845496289,48.37256967088216,0.5564799308776855,0.5906500220298767,1,0.014999774021689321,0.07084321859047207,0.5732991695404053,2025-02-17,2025-02-13
2025-02-17,0.5732991695404053,0.56596506,0.5653108,0.006239621069282,0.0009265248568168,57.97294898855738,0.5564799308776855,0.5906500220298767,2,-0.023872587026951185,0.016370142615055504,0.5732301473617554,2025-02-18,2025-02-14
2025-02-18,0.5732301473617554,0.5653108,0.56473094,0.0061161318613719,0.001141572915082,58.24686128955718,0.5564799308776855,0.5906500220298767,3,0.0,-0.009360737935553285,0.5705190300941467,2025-02-19,2025-02-17
2025-02-19,0.5705190300941467,0.56473094,0.56414646,0.0060711845404826,0.0010455857387037,54.636416167391495,0.5564799308776855,0.5906500220298767,4,-0.015473949459281645,-0.0020676954116424233,0.5701189637184143,2025-02-20,2025-02-18
2025-02-20,0.5701189637184143,0.56414646,0.5654967,0.0059545413432825,0.0009047822768865,57.970993235275145,0.5564799308776855,0.5906500220298767,5,-0.006125566588133508,-0.030012727837424712,0.5764286518096924,2025-02-21,2025-02-19
2025-02-21,0.5764286518096924,0.567441,0.5669061,0.0062588343133852,0.001169408658774,74.1745293492452,0.5564799308776855,0.5906500220298767,1,0.011129332905545155,-0.03375975046488873,0.5751191973686218,2025-02-24,2025-02-20
2025-02-24,0.5751191973686218,0.5669061,0.56782395,0.0061511684956266,0.0011853772644127,67.34633491143146,0.5564799308776855,0.5906500220298767,2,-0.010471269367841866,-0.020723702939401897,0.5726589560508728,2025-02-25,2025-02-21
2025-02-25,0.5726589560508728,0.56782395,0.5671068,0.0060911510832679,0.0009685126479215,60.81175762671349,0.5564799308776855,0.5884602665901184,3,-0.009474510390437337,-0.02995805184596864,0.5731086134910583,2025-02-26,2025-02-24
2025-02-26,0.5731086134910583,0.5671068,0.5701453,0.0059751958301463,0.0008005765845193,56.42745852809092,0.5564799308776855,0.5882214307785034,4,-0.006886650883797669,-0.021592143138089753,0.5699889063835144,2025-02-27,2025-02-25
2025-02-27,0.5699889063835144,0.5701453,0.5713742,0.0059615902600482,0.0004424982935087,53.65580733828223,0.5564799308776855,0.5882214307785034,5,0.012405953665810794,-0.0032917144602511196,0.5627208352088928,2025-02-28,2025-02-26
2025-02-28,0.5627208352088928,0.57252556,0.5735748,0.0063949315884783,-0.0002817338529338,47.393831904621145,0.5564799308776855,0.5882214307785034,1,0.008331578098502572,-0.0060763626595096935,0.560519278049469,2025-03-03,2025-02-27
2025-03-03,0.560519278049469,0.5735748,0.5732606,0.0063148005936337,-0.0008735234799396,46.24284403104688,0.5564799308776855,0.5858985781669617,2,-0.014404511438083157,-0.009978026799712601,0.5613404512405396,2025-03-04,2025-02-28
2025-03-04,0.5613404512405396,0.5732606,0.57323635,0.0061971102556256,-0.0011563835854411,43.97097274193296,0.5564799308776855,0.5858985781669617,3,0.013640030476108149,0.013172401591244692,0.5661584734916687,2025-03-05,2025-03-03
2025-03-05,0.5661584734916687,0.57323635,0.57487583,0.0063222801776424,-0.0009730794559402,52.455858934232936,0.5564799308776855,0.58022141456604,4,-0.010764556028160344,0.009251023403499046,0.5729608535766602,2025-03-06,2025-03-04
2025-03-06,0.5729608535766602,0.57487583,0.5775015,0.0066596382893223,-0.0003783467943567,55.63119976070564,0.5564799308776855,0.5794212818145752,5,0.05144233767329024,0.04942760641594816,0.5736609101295471,2025-03-07,2025-03-05
2025-03-07,0.5736609101295471,0.57438165,0.5737421,0.0065276135649469,5.45107287690525e-05,50.45859358588599,0.5564799308776855,0.5791997909545898,1,0.002618996735577343,0.04344975656317446,0.5710598230361938,2025-03-10,2025-03-06
2025-03-10,0.5710598230361938,0.5737421,0.5705627,0.0064590931549487,0.0001524214281198,47.41457415596624,0.5564799308776855,0.5791997909545898,2,-0.020292329949920637,0.03732416465304328,0.5695084929466248,2025-03-11,2025-03-07
2025-03-11,0.5695084929466248,0.5705627,0.5723268,0.0063515624027641,0.0001019069469685,48.761975698095576,0.5564799308776855,0.5791997909545898,3,-0.009332316703541513,0.013766022728977697,0.5712099075317383,2025-03-12,2025-03-10
2025-03-12,0.5712099075317383,0.5723268,0.5713015,0.0062557084794851,0.0001683607903131,51.29523192173836,0.5564799308776855,0.5764286518096924,4,0.021430455186379798,0.04693530897151047,0.5737004280090332,2025-03-13,2025-03-11
2025-03-13,0.5737004280090332,0.5713015,0.5785635,0.006197409653785,0.0003546196593674,46.43785468140544,0.5564799308776855,0.5764286518096924,5,0.01694430857674518,0.011433987840227288,0.5703107714653015,2025-03-14,2025-03-12
2025-03-14,0.5703107714653015,0.57449824,0.5746316,0.0061905785725037,0.0002301385895816,44.04527457342872,0.5564799308776855,0.5764286518096924,1,0.015947632797405603,0.025005265763140345,0.5752515196800232,2025-03-17,2025-03-13
2025-03-17,0.5752515196800232,0.5746316,0.5719062,0.0063199818091316,0.0004485196874791,53.024781847970914,0.5564799308776855,0.5764286518096924,2,-0.005937733472506577,0.039824913300253756,0.5824688673019409,2025-03-18,2025-03-14
2025-03-18,0.5824688673019409,0.5719062,0.5665121,0.0066960005772622,0.0010146172402491,59.43135260054508,0.5564799308776855,0.5824688673019409,3,0.013057342105819809,0.06336882487162808,0.5818588137626648,2025-03-19,2025-03-17
2025-03-19,0.5818588137626648,0.5665121,0.56686795,0.0065608429680033,0.0012671419876005,62.59716205821626,0.5564799308776855,0.5824688673019409,4,0.01198830020340408,0.05337558472913837,0.582160234451294,2025-03-20,2025-03-18
2025-03-20,0.582160234451294,0.56686795,0.5661222,0.006428480495581,0.0013651676938454,74.21041613775348,0.5564799308776855,0.5824688673019409,5,0.01648665430651425,0.05289361319120863,0.5761895179748535,2025-03-21,2025-03-19
2025-03-21,0.5761895179748535,0.5809273,0.58144855,0.0066329532797286,0.0009578330904294,67.84118069401333,0.5564799308776855,0.5824688673019409,1,0.0017714450653270794,0.038072894515949196,0.574540913105011,2025-03-24,2025-03-20
2025-03-24,0.574540913105011,0.58144855,0.5798739,0.0065218301497998,0.0005287455585031,64.75130849948513,0.5564799308776855,0.5824688673019409,2,0.0004915325117683023,0.044768441929863075,0.5726786255836487,2025-03-25,2025-03-21
2025-03-25,0.5726786255836487,0.5798739,0.58079296,0.0064221542305719,9.36753441676632e-05,57.80153477491869,0.5564799308776855,0.5824688673019409,3,-0.00462985906017308,0.02645187424024765,0.573309063911438,2025-03-26,2025-03-24
2025-03-26,0.573309063911438,0.58079296,0.5790008,0.0062980281168084,-0.0001634711648704,50.48884411211449,0.5564799308776855,0.5824688673019409,4,0.02322734568162919,0.03805328581196973,0.5718991756439209,2025-03-27,2025-03-25
2025-03-27,0.5718991756439209,0.5790008,0.5796915,0.006192443214033,-0.0004254547903506,47.575072894669056,0.5564799308776855,0.5824688673019409,5,0.0063467838469931665,0.027580744797815793,0.5736411809921265,2025-03-28,2025-03-26
2025-03-28,0.5736411809921265,0.5728698,0.5747731,0.0061039737153159,-0.0004746204274662,53.63915647667001,0.5564799308776855,0.5824688673019409,1,-0.02298064644999868,0.002458172895057004,0.570711076259613,2025-03-31,2025-03-27
2025-03-31,0.570711076259613,0.5747731,0.57541907,0.006072302575203,-0.0006848999229948,51.6319399508218,0.5564799308776855,0.5824688673019409,2,0.002938365143867073,0.004914023567330483,0.5670509338378906,2025-04-01,2025-03-28
2025-04-01,0.5670509338378906,0.57541907,0.5782304,0.0060925549115703,-0.0010301675394152,44.64104131657609,0.5564799308776855,0.5824688673019409,3,-0.018258628772333623,-0.008688812726354047,0.571389377117157,2025-04-02,2025-03-31
2025-04-02,0.571389377117157,0.5782304,0.5771061,0.0061744746759476,-0.0009291445823895,47.15750888897035,0.5564799308776855,0.5824688673019409,4,-0.00019920859062432655,-0.031641912320292516,0.5727606415748596,2025-04-03,2025-04-01
2025-04-03,0.5727606415748596,0.5771061,0.57391644,0.0060745763987828,-0.0007409318424241,53.17065795279574,0.5564799308776855,0.5824688673019409,5,0.0008961737723840239,-0.03690569622017882,0.5786601901054382,2025-04-04,2025-04-02
2025-04-04,0.5786601901054382,0.57055783,0.5686578,0.0063126099546281,-0.0002172634143173,54.304717515144944,0.5564799308776855,0.5824688673019409,1,-0.04322195932757321,-0.056204018771529,0.5541394352912903,2025-04-07,2025-04-03
2025-04-07,0.5541394352912903,0.5686578,0.57069266,0.0108148732490965,-0.0014516469288783,25.10405415739966,0.5541394352912903,0.5824688673019409,2,-0.09282933543076072,-0.1423961147916047,0.553709864616394,2025-04-08,2025-04-04
2025-04-08,0.553709864616394,0.57069266,0.5723684,0.0105326227121214,-0.0021824832310652,25.18394195410936,0.553709864616394,0.5824688673019409,3,-0.050399365743322516,-0.1695218795591023,0.5518489480018616,2025-04-09,2025-04-07
2025-04-09,0.5518489480018616,0.5723684,0.56761104,0.0102856902635257,-0.0026457650824842,23.99275023601622,0.5518489480018616,0.5824688673019409,4,-0.01000432390887126,-0.17762502225525068,0.5637201070785522,2025-04-10,2025-04-08
2025-04-10,0.5637201070785522,0.56761104,0.56838226,0.0110017639215522,-0.0020346837635771,40.284857153471776,0.5518489480018616,0.5824688673019409,5,0.011562180836784862,-0.16880661996348756,0.5747886300086975,2025-04-11,2025-04-09
2025-04-25,0.5987988114356995,0.5940679,0.59091467,0.0102932627887354,0.0030798897371393,64.59594913362781,0.5518489480018616,0.600009560585022,1,0.0029941980225562906,0.051832539673347416,0.5949406027793884,2025-04-28,2025-04-24
2025-04-28,0.5949406027793884,0.59091467,0.59166807,0.0101262906578856,0.0025387898629056,59.339895036458216,0.5518489480018616,0.600009560585022,2,-0.0029941980225562568,0.034552842210761624,0.597200334072113,2025-04-29,2025-04-25
2025-04-29,0.597200334072113,0.59166807,0.58833474,0.0099104258088371,0.0021691374804888,83.17777181780106,0.5518489480018616,0.600009560585022,3,0.0005168878655258812,0.024782804774027577,0.5936691164970398,2025-04-30,2025-04-28
2025-04-30,0.5936691164970398,0.58833474,0.59243727,0.0097448502692265,0.0015518141220411,79.38359772822304,0.5518489480018616,0.600009560585022,4,-0.0031052435334028017,-0.00975261937351989,0.5938313007354736,2025-05-01,2025-04-29
2025-05-01,0.5938313007354736,0.59243727,0.59430486,0.0095096793490847,0.0010437838815237,81.66227778771731,0.5518489480018616,0.600009560585022,5,-0.05607352061762226,-0.05697442543363044,0.5913485288619995,2025-05-02,2025-04-30
2025-05-02,0.5913485288619995,0.59568244,0.5986641,0.0093203271925841,0.0004597143200897,74.27432784859181,0.5518489480018616,0.600009560585022,1,0.004594671450517154,-0.05546392962787922,0.5952097177505493,2025-05-05,2025-05-01
2025-05-05,0.5952097177505493,0.5986641,0.60219294,0.0091986802044775,0.0002624116502283,70.54377820497908,0.5518489480018616,0.600009560585022,2,0.010099495402357292,-0.043015141441810484,0.5961394309997559,2025-05-06,2025-05-02
2025-05-06,0.5961394309997559,0.60219294,0.60153145,0.0089866054735306,0.0001301918909935,64.96588887890445,0.5518489480018616,0.600009560585022,3,0.005925177969817894,-0.03782546872315758,0.6015110015869141,2025-05-07,2025-05-05
2025-05-07,0.6015110015869141,0.60153145,0.6052136,0.0089697819566897,0.0003288682422006,66.79617215307603,0.5518489480018616,0.6015110015869141,4,0.017039799034740594,-0.018245868037416145,0.5940182209014893,2025-05-08,2025-05-06
2025-05-08,0.5940182209014893,0.6052136,0.60986644,0.009126031156318,-9.719347971062776e-05,54.5846032670114,0.5518489480018616,0.6015110015869141,5,-0.025344934089104907,0.012390341830550685,0.589918315410614,2025-05-09,2025-05-07
2025-05-09,0.589918315410614,0.60009,0.601333,0.0090206443983674,-0.0006757471710272,46.29402749033543,0.5518489480018616,0.6015110015869141,1,-0.012094951453395206,-0.004365854960933389,0.5920698046684265,2025-05-12,2025-05-08
2025-05-12,0.5920698046684265,0.601333,0.60173225,0.0088407972417724,-0.0009190615610376,41.08411945581182,0.5518489480018616,0.6015110015869141,2,0.010902897168546432,-0.0035656393260454274,0.5861286520957947,2025-05-13,2025-05-09
2025-05-13,0.5861286520957947,0.60173225,0.60220057,0.0088753088529096,-0.0014538582777989,39.31811718043389,0.5518489480018616,0.6015110015869141,3,-0.007073377887293767,-0.016434030580881873,0.593591570854187,2025-05-14,2025-05-12
2025-05-14,0.593591570854187,0.60220057,0.5938183,0.0090541134411884,-0.0012845853873226,48.44810749054558,0.5518489480018616,0.6015110015869141,4,0.022247173859377273,-0.011298875177932762,0.5896400213241577,2025-05-15,2025-05-13
2025-05-15,0.5896400213241577,0.5938183,0.594634,0.0089439661772231,-0.0014084057416989,41.44939439771983,0.5518489480018616,0.6015110015869141,5,-0.015173795972083464,-0.0011913440703725517,0.5873715281486511,2025-05-16,2025-05-14
2025-05-16,0.5873715281486511,0.5874432,0.5871442,0.0087678100366599,-0.0015988216300135,42.71737534638748,0.5518489480018616,0.6015110015869141,1,0.007238909746494404,0.018307369178190317,0.5886993408203125,2025-05-19,2025-05-15
2025-05-19,0.5886993408203125,0.5871442,0.5804084,0.0085757419701784,-0.0015878445178749,41.67136755580627,0.5518489480018616,0.6015110015869141,2,-0.01934837533708332,-0.012036441071987002,0.5930987000465393,2025-05-20,2025-05-16
2025-05-20,0.5930987000465393,0.5804084,0.5794287,0.0085177792171853,-0.0012515756687763,49.4504964480366,0.5518489480018616,0.6015110015869141,3,0.0169772425792154,0.012012735098903228,0.5927401185035706,2025-05-21,2025-05-19
2025-05-21,0.5927401185035706,0.5794287,0.5788537,0.0083198994153379,-0.0010298360999832,48.95278584021389,0.5518489480018616,0.6015110015869141,4,-0.0030260346385719466,-0.013243575430261126,0.5933485627174377,2025-05-22,2025-05-20
2025-05-22,0.5933485627174377,0.5788537,0.5787187,0.0081298454581153,-0.0008274446904489,51.99107561399656,0.5518489480018616,0.6015110015869141,5,0.003996732489320712,0.005855551952188467,0.5897617340087891,2025-05-23,2025-05-21
2025-05-23,0.5897617340087891,0.5924861,0.5910487,0.008037453558192,-0.0009136366275937,44.546628291043774,0.5518489480018616,0.6015110015869141,1,0.002261338227305517,0.0008612740038163401,0.5991683602333069,2025-05-26,2025-05-22
2025-05-26,0.5991683602333069,0.5910487,0.59234774,0.0085118513345763,-0.0003448943904392,52.59204020194827,0.5518489480018616,0.6015110015869141,2,0.03342458026543332,0.05509821662590008,0.5994700789451599,2025-05-27,2025-05-23
2025-05-27,0.5994700789451599,0.59234774,0.5884432,0.0083153181708391,2.4265648455466284e-05,48.08750738667527,0.5518489480018616,0.6015110015869141,3,0.0,0.03733675518572619,0.5948100686073303,2025-05-28,2025-05-26
2025-05-28,0.5948100686073303,0.5884432,0.59046876,0.0082776683263721,-6.772180998427732e-05,50.78362139849728,0.5518489480018616,0.6015110015869141,4,-0.0202812436660701,0.01959083770773821,0.5959084630012512,2025-05-29,2025-05-27
2025-05-29,0.5959084630012512,0.59046876,0.5915808,0.0080965192034241,-7.628316226774038e-05,56.30231653936361,0.5518489480018616,0.6015110015869141,5,-0.014111840791877541,0.0012936701049730578,0.5978608727455139,2025-05-30,2025-05-28
2025-05-30,0.5978608727455139,0.595376,0.5976781,0.0079406712720136,2.256928206969275e-05,56.11849314205826,0.5518489480018616,0.6015110015869141,1,0.002043566522742006,0.001075640416875799,0.5973109006881714,2025-06-02,2025-05-29
2025-06-02,0.5973109006881714,0.5976781,0.59897685,0.0077608589161147,2.3817004182385103e-05,63.33343283285076,0.5518489480018616,0.6015110015869141,2,-0.0002148995271001742,-0.032039905709952646,0.6047887206077576,2025-06-03,2025-05-30
2025-06-03,0.6047887206077576,0.59897685,0.5967229,0.0080133178537511,0.000476083215479,63.34645786768707,0.5518489480018616,0.6047887206077576,3,0.03837293468076727,0.005825419364221747,0.6006113886833191,2025-06-04,2025-06-02
2025-06-04,0.6006113886833191,0.5967229,0.59403884,0.0079568317657642,0.0004424408839096,63.00732518418959,0.5518489480018616,0.6047887206077576,4,-0.00518450319141898,0.02112530328766563,0.6027400493621826,2025-06-05,2025-06-03
2025-06-05,0.6027400493621826,0.59403884,0.59501654,0.0078110784131449,0.0005074293816201,68.28107252702375,0.5518489480018616,0.6047887206077576,5,0.011370771023053533,0.047480617966164276,0.6042296290397644,2025-06-06,2025-06-04
2025-06-06,0.6042296290397644,0.6058115,0.60741246,0.0076517235582962,0.000588889777193,68.40267428703807,0.5518489480018616,0.6047887206077576,1,0.010022539816397101,0.05587187011257291,0.6024205088615417,2025-06-09,2025-06-05
2025-06-09,0.6024205088615417,0.60741246,0.60812706,0.0075029499225619,0.0004645466333339,61.7683266362665,0.5518489480018616,0.6047887206077576,2,-0.017140032791401298,0.03815148098800861,0.6050887703895569,2025-06-10,2025-06-06
2025-06-10,0.6050887703895569,0.60812706,0.6083938,0.0073926351702871,0.0005024053358711,64.7305252979153,0.5518489480018616,0.6050887703895569,3,0.016325676622677046,0.015513556447825906,0.6059100031852722,2025-06-11,2025-06-09
2025-06-11,0.6059100031852722,0.6083938,0.6089698,0.0072324354106676,0.0005209262555258,64.90867159976796,0.5518489480018616,0.6059100031852722,4,-0.005207608171614772,0.015490093298274395,0.6036598682403564,2025-06-12,2025-06-10
2025-06-12,0.6036598682403564,0.6089698,0.60907525,0.0071110395175392,0.0003291609200513,67.03567107562642,0.5518489480018616,0.6059100031852722,5,-0.01714026613943747,-0.013053741787069396,0.6065201163291931,2025-06-13,2025-06-11
2025-06-13,0.6065201163291931,0.60506743,0.6046447,0.007024028120026,0.0003410273716545,60.73409058471735,0.5518489480018616,0.6065201163291931,1,0.004260792393544969,-0.018723926075535434,0.603900134563446,2025-06-16,2025-06-12
2025-06-16,0.603900134563446,0.6046447,0.60442877,0.0069250367400508,0.0001293914865274,56.05808668662011,0.5518489480018616,0.6065201163291931,2,-0.0038443294507411077,-0.005590051932799723,0.6049203872680664,2025-06-17,2025-06-13
2025-06-17,0.6049203872680664,0.60442877,0.6053643,0.0067813039745309,2.07793197840281e-05,65.35430504939686,0.5518489480018616,0.6065201163291931,3,0.004880837537628862,-0.01690603544999363,0.6019382476806641,2025-06-18,2025-06-16
2025-06-18,0.6019382476806641,0.6053643,0.60461205,0.0067098641296017,-0.0002730366329556,58.66170519909516,0.5518489480018616,0.6065201163291931,4,-0.005401492987357544,-0.017096623965461525,0.6029508709907532,2025-06-19,2025-06-17
2025-06-19,0.6029508709907532,0.60461205,0.6035008,0.0065723526785467,-0.0004119736716742,57.51460753255896,0.5518489480018616,0.6065201163291931,5,0.009227140365298444,0.00916468878405733,0.6000816226005554,2025-06-20,2025-06-18
2025-06-20,0.6000816226005554,0.6027753,0.60448444,0.0065042244940445,-0.000693345310256,53.82837734779966,0.5518489480018616,0.6065201163291931,1,0.0,0.004873994923362875,0.5962104797363281,2025-06-23,2025-06-19
2025-06-23,0.5962104797363281,0.60448444,0.6043285,0.0065041750585185,-0.0011116005208893,36.83509543524436,0.5518489480018616,0.6065201163291931,2,-0.0039291905707601535,0.004788723808827911,0.5995383262634277,2025-06-24,2025-06-20
2025-06-24,0.5995383262634277,0.6043285,0.6048823,0.0064732844527695,-0.0011317698260902,48.30909797895741,0.5518489480018616,0.6065201163291931,3,0.0035163385627902445,0.00341862558664852,0.6011313199996948,2025-06-25,2025-06-23
2025-06-25,0.6011313199996948,0.6048823,0.60672224,0.0063593852333831,-0.0010095040094762,47.42147882345298,0.5518489480018616,0.6065201163291931,4,0.004943401982937207,0.013852762854439359,0.6055908203125,2025-06-26,2025-06-24
2025-06-26,0.6055908203125,0.60672224,0.60854864,0.0064192147843136,-0.0006191373772052,51.992100336887134,0.5518489480018616,0.6065201163291931,5,0.009407022913502858,0.0140351536768969,0.6058990359306335,2025-06-27,2025-06-25
2025-06-27,0.6058990359306335,0.60654473,0.607377,0.006282908327114,-0.0003447081633049,55.32473978482066,0.5518489480018616,0.6065201163291931,1,0.030568031659263944,0.04551083630942393,0.6063987016677856,2025-06-30,2025-06-26
2025-06-30,0.6063987016677856,0.607377,0.6087098,0.0061520653168688,-0.0001443287510589,52.14776447593453,0.5518489480018616,0.6065201163291931,2,0.0005921175328644001,0.050248615334513205,0.6092397570610046,2025-07-01,2025-06-27
2025-07-01,0.6092397570610046,0.6087098,0.60942674,0.0061054381595339,0.0001488844325475,55.12032732552171,0.5518489480018616,0.6092397570610046,3,-0.007624898296181614,0.03861248754123834,0.6100797653198242,2025-07-02,2025-06-30
2025-07-02,0.6100797653198242,0.60942674,0.6091414,0.0059849390491203,0.0003568718149125,60.3197446028966,0.5518489480018616,0.6100797653198242,4,0.003572071455522733,0.037189182664681984,0.6089392304420471,2025-07-03,2025-07-01
2025-07-03,0.6089392304420471,0.6091414,0.60873395,0.0058725489953391,0.0003733312547697,54.11621048190474,0.5518489480018616,0.6100797653198242,5,0.019810456383350664,0.048035834704737546,0.608009934425354,2025-07-04,2025-07-02
2025-07-04,0.608009934425354,0.6075036,0.6063107,0.0057594903198239,0.0002815117329157,57.41987831360825,0.5637201070785522,0.6100797653198242,1,-0.010150398354574054,0.006218604453699726,0.6051217317581177,2025-07-07,2025-07-03
2025-07-07,0.6051217317581177,0.6063107,0.6052484,0.005730076178406,9.8391837535447e-07,50.340540671322806,0.5747886300086975,0.6100797653198242,2,-0.015521100680582477,-0.009864889083736028,0.6007810235023499,2025-07-08,2025-07-04
2025-07-08,0.6007810235023499,0.6052484,0.6047943,0.005816279320793,-0.0004758146224362,48.1287432363923,0.5836314558982849,0.6100797653198242,3,-0.006797970921758149,-0.009045780631216718,0.5993586778640747,2025-07-09,2025-07-07
2025-07-09,0.5993586778640747,0.6047943,0.6022607,0.0057189068790251,-0.0008633097225041,44.26730689840823,0.5861286520957947,0.6100797653198242,4,0.12443711051778991,0.11826468675963543,0.5998404622077942,2025-07-10,2025-07-08
2025-07-10,0.5998404622077942,0.6022607,0.602053,0.0056068409702749,-0.0010510332380149,49.58339168183728,0.5861286520957947,0.6100797653198242,5,-0.03634795017511664,0.05719554564282536,0.6041712164878845,2025-07-11,2025-07-09
2025-07-11,0.6041712164878845,0.5992876,0.59985185,0.0057103535118165,-0.0008556752308674,63.53732725993768,0.5861286520957947,0.6100797653198242,1,0.01901523296442158,0.0884833678604466,0.6006907820701599,2025-07-14,2025-07-10
2025-07-14,0.6006907820701599,0.59985185,0.6001938,0.0057258803671688,-0.0009269916937855,51.94964697625736,0.5861286520957947,0.6100797653198242,2,0.002520242449624556,0.10829928518606531,0.5971896052360535,2025-07-15,2025-07-11
2025-07-15,0.5971896052360535,0.6001938,0.59946835,0.0057433849709614,-0.0011609269523409,43.73608803632692,0.5861286520957947,0.6100797653198242,3,-0.008486090965581885,0.10642992124748905,0.5954294800758362,2025-07-16,2025-07-14
2025-07-16,0.5954294800758362,0.59946835,0.5993287,0.00566215638226,-0.0013707694109697,32.33689401867028,0.5861286520957947,0.6100797653198242,4,0.0056053193852702386,-0.017537639937346385,0.594590425491333,2025-07-17,2025-07-15
2025-07-17,0.594590425491333,0.5993287,0.598509,0.0055580320752256,-0.0014926058478111,30.698832735492616,0.5861286520957947,0.6100797653198242,5,-0.008965419068541565,0.009736377861406166,0.5944314002990723,2025-07-18,2025-07-16
2025-07-18,0.5944314002990723,0.5926192,0.590549,0.005450185595687,-0.0015060951100211,29.33430222983432,0.5861286520957947,0.6100797653198242,1,-0.0019121251718409395,-0.011175162112175514,0.5952805876731873,2025-07-21,2025-07-17
2025-07-21,0.5952805876731873,0.590549,0.5904472,0.0053552927999881,-0.0013831928667657,24.11386556665296,0.5861286520957947,0.6100797653198242,2,0.016630897874152062,0.0028767118707508916,0.5969614386558533,2025-07-22,2025-07-18
2025-07-22,0.5969614386558533,0.5904472,0.59047985,0.0052902871961768,-0.0011250184039907,26.408840963416324,0.5861286520957947,0.6100797653198242,3,0.005809515450518906,0.017316408827306524,0.600009560585022,2025-07-23,2025-07-21
2025-07-23,0.600009560585022,0.59047985,0.5905771,0.0053077781283495,-0.0007057716845084,34.9724857513707,0.5861286520957947,0.6100797653198242,4,0.01529990821973815,0.027226834256098353,0.604781448841095,2025-07-24,2025-07-22
2025-07-24,0.604781448841095,0.5905771,0.59159654,0.0054800777405368,-9.593026443554835e-05,45.18907089070358,0.5861286520957947,0.6100797653198242,5,0.01705576477175168,0.054307297408622335,0.6037116050720215,2025-07-25,2025-07-23
2025-07-25,0.6037116050720215,0.6057906,0.6070579,0.0053880641098418,0.0002288162805629,47.77829949476927,0.5861286520957947,0.6100797653198242,1,-0.003110981742288766,0.05304409153048228,0.6019309759140015,2025-07-28,2025-07-24
2025-07-28,0.6019309759140015,0.6070579,0.6072707,0.0053222625428262,0.0003119649489767,51.97076891960636,0.5861286520957947,0.6100797653198242,2,-0.0023395420911621516,0.03325567276353716,0.5971896052360535,2025-07-29,2025-07-25
2025-07-29,0.5971896052360535,0.6072707,0.6081924,0.0054813541299014,4.966732008870656e-05,46.6623743724354,0.5861286520957947,0.6100797653198242,3,-0.02967166185911239,-0.0027626894313318353,0.595461368560791,2025-07-30,2025-07-28
2025-07-30,0.595461368560791,0.6081924,0.6089205,0.0054106604307053,-0.0002232213094569,43.51066554785144,0.5861286520957947,0.6100797653198242,4,0.0015180785029724258,-0.0164121707724854,0.5907686352729797,2025-07-31,2025-07-29
2025-07-31,0.5907686352729797,0.6089205,0.60901654,0.0055610836925799,-0.0006771213818361,30.34966477205198,0.5861286520957947,0.6100797653198242,5,-0.005996298009491309,-0.038826557665286816,0.5888692140579224,2025-08-01,2025-07-30
2025-08-01,0.5888692140579224,0.59072405,0.5907892,0.0054949275546615,-0.0010408757805869,31.82508801865025,0.5861286520957947,0.6100797653198242,1,-0.25171204689975507,-0.25038944728076956,0.5914185047149658,2025-08-04,2025-07-31
2025-08-04,0.5914185047149658,0.5907892,0.5900326,0.0054707440930895,-0.0010427812457344,40.85977045348559,0.5861286520957947,0.6100797653198242,2,0.018758362788043485,-0.2344062217256714,0.5916984677314758,2025-08-05,2025-08-01
2025-08-05,0.5916984677314758,0.5900326,0.59155345,0.0053692266553184,-0.00096023340091,43.80016639594311,0.5873715281486511,0.6100797653198242,3,0.0005664247692132296,-0.21090256882712116,0.5909292101860046,2025-08-06,2025-08-04
2025-08-06,0.5909292101860046,0.59155345,0.5887015,0.0052760816304154,-0.0008938493908966,43.90200318078662,0.5873715281486511,0.6100797653198242,4,-0.011618793284061735,-0.22120104760364112,0.59284907579422,2025-08-07,2025-08-05
2025-08-07,0.59284907579422,0.5887015,0.58652836,0.0052276169175924,-0.000667425697941,47.510554379199945,0.5873715281486511,0.6100797653198242,5,0.006167912535331675,-0.21166972016508326,0.597011387348175,2025-08-08,2025-08-06
2025-08-08,0.597011387348175,0.5935458,0.59494656,0.0053475934177789,-0.000207932876667,52.465963286546994,0.5886993408203125,0.6100797653198242,1,-0.002850748171675486,0.011084137503954374,0.5949299931526184,2025-08-11,2025-08-07
2025-08-11,0.5949299931526184,0.59494656,0.59341425,0.0052984451568522,-2.4429007441862955e-05,47.13835189489098,0.5888692140579224,0.6100797653198242,2,0.017433119829275943,0.009745092845735045,0.5940499901771545,2025-08-12,2025-08-08
2025-08-12,0.5940499901771545,0.59341425,0.59278226,0.0052100757168424,5.319641703001852e-05,41.05873326167323,0.5888692140579224,0.6100797653198242,3,-0.00720806458524645,0.0019252772945803865,0.5957806706428528,2025-08-13,2025-08-11
2025-08-13,0.5957806706428528,0.59278226,0.5919262,0.0051553815266846,0.0002268765033035,35.13987459112218,0.5888692140579224,0.6100797653198242,4,0.019033274217507272,0.03311188376798834,0.5981004238128662,2025-08-14,2025-08-12
2025-08-14,0.5981004238128662,0.5919262,0.5939605,0.0051329310065216,0.0004887333399558,41.103223026151646,0.5888692140579224,0.6100797653198242,5,-0.005895178664802649,0.020724227824573435,0.5921083688735962,2025-08-15,2025-08-13
2025-08-15,0.5921083688735962,0.59846866,0.599882,0.0054675123169569,0.0002605765896253,36.26067991275987,0.5888692140579224,0.6100797653198242,1,-0.0039121324246721165,0.019641421940717097,0.5928595662117004,2025-08-18,2025-08-14
2025-08-18,0.5928595662117004,0.599882,0.59945446,0.0053726272694223,0.0001669938700962,43.18236420286047,0.5888692140579224,0.6100797653198242,2,0.0030193399399282292,0.005049946697623178,0.5923784375190735,2025-08-19,2025-08-15
2025-08-19,0.5923784375190735,0.59945446,0.59801054,0.0052758038397559,8.364052558482789e-05,44.947514637877376,0.5888692140579224,0.6100797653198242,3,-0.00470071048434155,0.00757312473158709,0.5897687077522278,2025-08-20,2025-08-18
2025-08-20,0.5897687077522278,0.59801054,0.5988337,0.0052602443491035,-0.0001249647062201,48.2411775806756,0.5888692140579224,0.6100797653198242,4,-0.010827956116400377,-0.02206946370231232,0.5828185081481934,2025-08-21,2025-08-19
2025-08-21,0.5828185081481934,0.5988337,0.59827924,0.0057299266086512,-0.0006778537885305,40.96284505597813,0.5828185081481934,0.6100797653198242,5,0.003848380140796914,-0.012494368012545436,0.5822314620018005,2025-08-22,2025-08-20
2025-08-22,0.5822314620018005,0.5774514,0.5771339,0.0056212606303515,-0.001009923405071,35.424141381090806,0.5822314620018005,0.6100797653198242,1,0.0012418493801091871,-0.0073916435742335815,0.5865412354469299,2025-08-25,2025-08-21
2025-08-25,0.5865412354469299,0.5771339,0.57348466,0.005732384875186,-0.0008713746142384,42.74536502911111,0.5822314620018005,0.6100797653198242,2,0.003604074293522632,-0.006811061642008607,0.5849184393882751,2025-08-26,2025-08-22
2025-08-26,0.5849184393882751,0.57348466,0.57110286,0.0056485841349761,-0.0008217309667752,41.742978043284594,0.5822314620018005,0.6100797653198242,3,0.004262868581374833,0.0021314846700646027,0.5858402848243713,2025-08-27,2025-08-25
2025-08-27,0.5858402848243713,0.57110286,0.57073474,0.0055507809909002,-0.0006661477762885,40.10055361737092,0.5822314620018005,0.6100797653198242,4,-0.0035886086139926654,0.009412586143516415,0.5861183404922485,2025-08-28,2025-08-26
2025-08-28,0.5861183404922485,0.57073474,0.57180727,0.0054468915069671,-0.0004918865340263,32.718039886902005,0.5822314620018005,0.6100797653198242,5,-0.00812182105277228,-0.0025982560861105976,0.5885087847709656,2025-08-29,2025-08-27
2025-08-29,0.5885087847709656,0.58716744,0.5874738,0.005416530363745,-0.0001791244979096,39.911598898732045,0.5822314620018005,0.6100797653198242,1,0.011038585829641259,0.007221045955739741,0.5896887183189392,2025-09-01,2025-08-28
2025-09-01,0.5896887183189392,0.5874738,0.5884304,0.0053343632171002,0.0001272079439426,43.2119518630256,0.5822314620018005,0.6100797653198242,2,0.0122468306693877,0.015963938997440145,0.5906291007995605,2025-09-02,2025-08-29
2025-09-02,0.5906291007995605,0.5884304,0.59080344,0.0052489182021356,0.0003978744657603,41.779674074524976,0.5822314620018005,0.6100797653198242,3,0.0,0.01164223621210304,0.5861698985099792,2025-09-03,2025-09-01
2025-09-03,0.5861698985099792,0.59080344,0.5920622,0.0053908851088663,0.0002865017715263,32.17930295211691,0.5822314620018005,0.6100797653198242,4,0.0112237356170585,0.026738559202860702,0.5881107449531555,2025-09-04,2025-09-02
2025-09-04,0.5881107449531555,0.5920622,0.5907423,0.0053394157059276,0.0003492958016199,43.20653770341694,0.5822314620018005,0.6100797653198242,5,-0.0024102020135148045,0.03261967807309602,0.5851101279258728,2025-09-05,2025-09-03
2025-09-05,0.5851101279258728,0.5894123,0.5905619,0.0053476142325828,0.0002018136232201,37.76610559913281,0.5822314620018005,0.6100797653198242,1,-0.015586431517168008,0.005488942099886781,0.5888698697090149,2025-09-08,2025-09-04
2025-09-08,0.5888698697090149,0.5905619,0.59114975,0.0054246292495344,0.0003612359823387,44.98067786088742,0.5822314620018005,0.6100797653198242,2,-0.0012262060033473832,-0.007967196219578743,0.5945091247558594,2025-09-09,2025-09-05
2025-09-09,0.5945091247558594,0.59114975,0.59154665,0.005694835539701,0.0008237857920766,56.24065247857426,0.5822314620018005,0.6100797653198242,3,0.001783104664788798,-0.006196719896335799,0.5925999879837036,2025-09-10,2025-09-08
2025-09-10,0.5925999879837036,0.59154665,0.590653,0.0056228864979475,0.0009684840840303,64.84783560672136,0.5822314620018005,0.6100797653198242,4,0.0023355300255342216,-0.014990708484330898,0.5943783521652222,2025-09-11,2025-09-09
2025-09-11,0.5943783521652222,0.590653,0.59017164,0.0055526393136277,0.0011394942039343,67.79482826970397,0.5822314620018005,0.6100797653198242,5,0.010827696674733928,-0.0018645656890414898,0.5977801084518433,2025-09-12,2025-09-10
2025-09-12,0.5977801084518433,0.59301746,0.5948662,0.0055812001221254,0.0014190353886078,66.91461285767852,0.5822314620018005,0.6100797653198242,1,0.008861649127066629,0.02283867285421701,0.5953408479690552,2025-09-15,2025-09-11
2025-09-15,0.5953408479690552,0.5948662,0.59438074,0.0055393275856563,0.0013759534180265,65.30958172015332,0.5822314620018005,0.6100797653198242,2,-0.00043574574458165135,0.02364750580927535,0.596911609172821,2025-09-16,2025-09-12
2025-09-16,0.596911609172821,0.59438074,0.59409577,0.005464283953876,0.0013856900717959,65.95854726409195,0.5822314620018005,0.6100797653198242,3,0.014496124151625057,0.03674422955889191,0.5989401340484619,2025-09-17,2025-09-15
2025-09-17,0.5989401340484619,0.59409577,0.5934134,0.0054115247041338,0.0014540771447115,67.59387697683093,0.5822314620018005,0.6100797653198242,4,-0.004844718213337427,0.02932680995512264,0.5934189558029175,2025-09-18,2025-09-16
2025-09-18,0.5934189558029175,0.5934134,0.5906218,0.0056512610023183,0.0010705216490806,56.20457417787265,0.5822314620018005,0.6100797653198242,5,-0.01347256315564885,0.004615364300429615,0.5891293883323669,2025-09-19,2025-09-17
2025-09-19,0.5891293883323669,0.59524214,0.59482145,0.0057434445385617,0.0004999625069539,49.34471836296905,0.5822314620018005,0.6100797653198242,1,-0.00658479329356115,-0.010783136885352353,0.5851306319236755,2025-09-22,2025-09-18
2025-09-22,0.5851306319236755,0.59482145,0.5949763,0.0058055212256231,-0.000140477878004,43.98903222695575,0.5822314620018005,0.6100797653198242,2,0.006147083897539443,-0.0042498105017862815,0.5868799686431885,2025-09-23,2025-09-19
2025-09-23,0.5868799686431885,0.5949763,0.59456086,0.005727091246904,-0.0004239954765392,50.82514285714285,0.5822314620018005,0.6100797653198242,3,0.0008751230140683835,-0.017720971340503936,0.5856995582580566,2025-09-24,2025-09-22
2025-09-24,0.5856995582580566,0.59456086,0.59562534,0.005629814303054,-0.0006549415706204,47.14764982365392,0.5822314620018005,0.6089392304420471,4,0.0025115780623503393,-0.010468392426800657,0.5816601514816284,2025-09-25,2025-09-23
2025-09-25,0.5816601514816284,0.59562534,0.5964892,0.0057049378644725,-0.0010217920145524,46.01669545589055,0.5816601514816284,0.608009934425354,5,0.0359897946923935,0.039706837475414876,0.5763190388679504,2025-09-26,2025-09-24
2025-09-26,0.5763190388679504,0.58229095,0.58371073,0.005913785421104,-0.0015353367204261,36.01947213827024,0.5763190388679504,0.6051217317581177,1,-0.011108339286396362,0.035014297239563265,0.577820897102356,2025-09-29,2025-09-25
2025-09-29,0.577820897102356,0.58371073,0.5859935,0.0058224185996075,-0.0016737039296209,29.523360959070416,0.5763190388679504,0.604781448841095,2,0.0032924609806411808,0.032063934796977035,0.5781516432762146,2025-09-30,2025-09-26
2025-09-30,0.5781516432762146,0.5859935,0.58555776,0.0057087534375793,-0.001640586640508,31.557363953005336,0.5763190388679504,0.604781448841095,3,0.026266398390743108,0.058604882695763916,0.5795992612838745,2025-10-01,2025-09-29
2025-10-01,0.5795992612838745,0.58555776,0.5824446,0.0056241432396307,-0.0014267068730545,30.9745377759226,0.5763190388679504,0.604781448841095,4,-0.007464320808828171,0.04809684813175413,0.5821806192398071,2025-10-02,2025-09-30
2025-10-02,0.5821806192398071,0.5824446,0.5812099,0.0055977707399431,-0.0010351362285253,29.48509723014793,0.5763190388679504,0.604781448841095,5,0.005293001339195736,0.016412428769158143,0.5819502472877502,2025-10-03,2025-10-01
2025-10-03,0.5819502472877502,0.5779372,0.57747215,0.0054913636997356,-0.0007297979140784,31.303792053714247,0.5763190388679504,0.604781448841095,1,0.013876902206789601,0.042127651544435034,0.5824688673019409,2025-10-06,2025-10-02
2025-10-06,0.5824688673019409,0.57747215,0.57788306,0.0053924327328129,-0.0004450524179468,29.224376968809423,0.5763190388679504,0.604781448841095,2,0.03214425535149481,0.07263285307489423,0.5840998888015747,2025-10-07,2025-10-03
2025-10-07,0.5840998888015747,0.57788306,0.57766056,0.0053277127860586,-0.0001161357022993,28.40562162612231,0.5763190388679504,0.604781448841095,3,-0.014136641324961854,0.030159038634841144,0.5797706246376038,2025-10-08,2025-10-06
2025-10-08,0.5797706246376038,0.57766056,0.577997,0.0054538170502244,-0.0001568824897211,29.4263519086562,0.5763190388679504,0.604781448841095,4,0.012157573009370483,0.05057232865741804,0.5783489346504211,2025-10-09,2025-10-07
2025-10-09,0.5783489346504211,0.577997,0.579498,0.0053751977973168,-0.0002412790270997,32.21139471572222,0.5763190388679504,0.604781448841095,5,-0.00039624630372070505,0.044612332535692696,0.5752912163734436,2025-10-10,2025-10-08
2025-10-10,0.5752912163734436,0.5813605,0.5821822,0.0053885578368773,-0.0004524677558529,33.24380618285464,0.5752912163734436,0.604781448841095,1,0.005829193522269696,0.03623933371301177,0.5726786255836487,2025-10-13,2025-10-09
2025-10-13,0.5726786255836487,0.5821822,0.5823501,0.0053713827062532,-0.0007026182497791,26.506347237369127,0.5726786255836487,0.604781448841095,2,-0.045755712154609496,-0.04141959453758439,0.5717487335205078,2025-10-14,2025-10-10
2025-10-14,0.5717487335205078,0.5823501,0.5833419,0.0052824469893067,-0.0008550886102951,26.72788882967299,0.5717487335205078,0.604781448841095,3,0.050669262739308656,0.022759197617018966,0.5715000629425049,2025-10-15,2025-10-13
2025-10-15,0.5715000629425049,0.5833419,0.58340484,0.0051874323996278,-0.0008929193236912,30.597582352539447,0.5715000629425049,0.604781448841095,4,-0.023808263054996025,-0.013371560913445458,0.5716115236282349,2025-10-16,2025-10-14
2025-10-16,0.5716115236282349,0.58340484,0.5838186,0.0050956639152462,-0.0008318950990261,38.76642458275372,0.5715000629425049,0.6037116050720215,5,-0.0017081338268076546,-0.014665057805874357,0.572701632976532,2025-10-17,2025-10-15
2025-10-17,0.572701632976532,0.5710947,0.5714706,0.0050245521971088,-0.0006477583764684,37.53899188388471,0.5715000629425049,0.6019309759140015,1,-0.002819727655700685,-0.02315039465544041,0.5731808543205261,2025-10-20,2025-10-16
2025-10-20,0.5731808543205261,0.5714706,0.57230663,0.0049419647998681,-0.0004336189495057,37.98723186042626,0.5715000629425049,0.5989401340484619,2,-0.005359277641309777,0.017118735064109204,0.5744485259056091,2025-10-21,2025-10-17
2025-10-21,0.5744485259056091,0.57230663,0.5708415,0.0048827287210441,-0.0001605945935603,37.44314796785772,0.5715000629425049,0.5989401340484619,3,0.013394668513055687,-0.020096061112937248,0.5742605328559875,2025-10-22,2025-10-20
2025-10-22,0.5742605328559875,0.5708415,0.57103413,0.00480115559973,4.249421846568013e-05,28.140987889096905,0.5715000629425049,0.5989401340484619,4,-0.013698908181214555,-0.010139622662464027,0.5736905336380005,2025-10-23,2025-10-21
2025-10-23,0.5736905336380005,0.57103413,0.571076,0.0047258949357237,0.0001666269411762,27.62313532856004,0.5715000629425049,0.5989401340484619,5,0.0062683731636311866,-0.002212420782887569,0.5755196809768677,2025-10-24,2025-10-22
2025-10-24,0.5755196809768677,0.5740767,0.57284474,0.0047016514785647,0.0003874924262039,32.42176427662487,0.5715000629425049,0.5989401340484619,1,0.024097514963004135,0.025010002231266974,0.5760199427604675,2025-10-27,2025-10-23
2025-10-27,0.5760199427604675,0.57284474,0.573752,0.0046303415566108,0.0005717204536998,28.321312628936056,0.5715000629425049,0.5989401340484619,2,0.002260402648139722,0.03285008226081634,0.5775506496429443,2025-10-28,2025-10-24
2025-10-28,0.5775506496429443,0.573752,0.5739137,0.0045946459245158,0.0007877848273181,42.991234573941576,0.5715000629425049,0.5989401340484619,3,0.009185120348577347,0.028511388470005342,0.5783589482307434,2025-10-29,2025-10-27
2025-10-29,0.5783589482307434,0.5739137,0.57432425,0.0045334930433029,0.0009645792237561,50.03288803971623,0.5715000629425049,0.5989401340484619,4,0.0,0.042697818997057636,0.5764286518096924,2025-10-30,2025-10-28
2025-10-30,0.5764286518096924,0.57432425,0.57233757,0.0045172730256171,0.0009305228981103,54.03451206569216,0.5715000629425049,0.5989401340484619,5,0.01792990668350266,0.0549284499159023,0.5745310187339783,2025-10-31,2025-10-29
2025-10-31,0.5745310187339783,0.574042,0.5738977,0.0045001757519472,0.0007660583620672,56.921541901631166,0.5715000629425049,0.5989401340484619,1,-0.03016277423724716,-0.0007870346826330495,0.5722787976264954,2025-11-03,2025-10-30
2025-11-03,0.5722787976264954,0.5738977,0.5722887,0.0045065122014262,0.0005041030071479,51.80248655178425,0.5715000629425049,0.5989401340484619,2,-0.002464690218088246,-0.005497271819360028,0.5707013010978699,2025-11-04,2025-10-31
2025-11-04,0.5707013010978699,0.5722887,0.5727718,0.0044734135329174,0.0002366848218541,47.508931857640505,0.5707013010978699,0.5989401340484619,3,-0.003658812833263493,-0.018188918603281323,0.5642401576042175,2025-11-05,2025-11-03
2025-11-05,0.5642401576042175,0.5727718,0.5726569,0.0050255988435695,-0.000332341249329,33.532972402938924,0.5642401576042175,0.5989401340484619,4,-0.024266670048338407,-0.0417274482139362,0.566899836063385,2025-11-06,2025-11-04
2025-11-06,0.566899836063385,0.5726569,0.57409126,0.005042227266475,-0.0004777529912906,37.888583629468144,0.5642401576042175,0.5989401340484619,5,0.007483036775056278,-0.05168628697970788,0.5639013051986694,2025-11-07,2025-11-05
2025-11-07,0.5639013051986694,0.56792897,0.56824565,0.0050749965547595,-0.0007100335594092,32.47228733357201,0.5639013051986694,0.5989401340484619,1,-0.0035323091084347048,-0.026092983432397396,0.5627208352088928,2025-11-10,2025-11-06
2025-11-10,0.5627208352088928,0.56824565,0.567617,0.0050032658928072,-0.0008669425858043,27.77489110986608,0.5627208352088928,0.5989401340484619,2,-0.0015176195049082092,-0.025170187712219842,0.5643786787986755,2025-11-11,2025-11-07
2025-11-11,0.5643786787986755,0.567617,0.5674799,0.0049588310465567,-0.0007852742802459,32.26116394326654,0.5627208352088928,0.5989401340484619,3,0.029727812977192947,0.007925492846686696,0.5657292604446411,2025-11-12,2025-11-10
2025-11-12,0.5657292604446411,0.5674799,0.5672334,0.0049023572665571,-0.0005761704530631,36.09836720760028,0.5627208352088928,0.5989401340484619,4,-0.007597063291670923,0.024868034884034967,0.566228985786438,2025-11-13,2025-11-11
2025-11-13,0.566228985786438,0.5672334,0.56639916,0.0048237944312501,-0.0003511405304777,32.987120716000874,0.5627208352088928,0.5989401340484619,5,0.00808840261445958,0.025488642810716573,0.5650898814201355,2025-11-14,2025-11-12
2025-11-14,0.5650898814201355,0.5669547,0.5661089,0.00476073908472,-0.0002317108432886,30.44273044123732,0.5627208352088928,0.5989401340484619,1,-0.00039301465230442604,0.028713012096169634,0.5676302909851074,2025-11-17,2025-11-13
2025-11-17,0.5676302909851074,0.5661089,0.5654391,0.0047833986834399,5.061605958068399e-05,32.86842419476365,0.5627208352088928,0.5989401340484619,2,-0.007497343296060943,0.022579947714006256,0.5654797554016113,2025-11-18,2025-11-14
2025-11-18,0.5654797554016113,0.5654391,0.56640816,0.0047694396974937,0.0001207632139129,28.744169025944515,0.5627208352088928,0.5989401340484619,3,-0.009851313783992953,-0.017102397290192584,0.5659213662147522,2025-11-19,2025-11-17
2025-11-19,0.5659213662147522,0.56640816,0.56647325,0.0046946272318104,0.0002193924662385,31.762607567540726,0.5627208352088928,0.5989401340484619,4,-0.007528247203173337,-0.01703475579439549,0.5614413619041443,2025-11-20,2025-11-18
2025-11-20,0.5614413619041443,0.56647325,0.5680965,0.0049112054106371,1.6117418196061068e-05,29.14952926744975,0.5614413619041443,0.5989401340484619,5,0.009126948000411297,-0.016013371490300174,0.5591809153556824,2025-11-21,2025-11-19
2025-11-21,0.5591809153556824,0.560527,0.5615649,0.0048986760063039,-0.0002241191263123,29.141892764122066,0.5591809153556824,0.5989401340484619,1,-0.009731717101725797,-0.02515975567567426,0.5613183975219727,2025-11-24,2025-11-20
2025-11-24,0.5613183975219727,0.5615649,0.5619728,0.0048869376082125,-0.0001937524750713,35.31974656771591,0.5591809153556824,0.5989401340484619,2,0.009831592742830271,-0.008119593913595539,0.561381459236145,2025-11-25,2025-11-21
2025-11-25,0.561381459236145,0.5619728,0.56206113,0.0048041454047696,-0.0001273119191734,44.40775435675358,0.5591809153556824,0.5989401340484619,3,-0.009327625128735287,-0.007600021362304687,0.5624499320983887,2025-11-26,2025-11-24
2025-11-26,0.5624499320983887,0.56206113,0.56282145,0.0047433088933592,2.270929783029004e-05,40.71709759002887,0.5591809153556824,0.5989401340484619,4,0.007529003250223698,0.00745585929321252,0.5707000494003296,2025-11-27,2025-11-25
2025-11-27,0.5707000494003296,0.56282145,0.5626751,0.0056096427305711,0.0006755169053222,61.63377040887098,0.5591809153556824,0.5989401340484619,5,0.02078460076161925,0.01926915372923704,0.5731000304222107,2025-11-28,2025-11-26
2025-11-28,0.5731000304222107,0.57190543,0.5722939,0.0055740375589676,0.0012343583582045,67.0489614010903,0.5591809153556824,0.5989401340484619,1,0.0,0.02923681534878243,0.5736411809921265,2025-12-01,2025-11-27
2025-12-01,0.5736411809921265,0.5722939,0.5724652,0.0054700292874358,0.0015835686841415,65.79409008584153,0.5591809153556824,0.5989401340484619,2,0.015743829246684975,0.03533993057228265,0.572619616985321,2025-12-02,2025-11-28
2025-12-02,0.572619616985321,0.5724652,0.57114065,0.0053778513158217,0.0016797420317565,61.88252030598253,0.5591809153556824,0.5989401340484619,3,0.006439489345742295,0.05179362656480815,0.574079155921936,2025-12-03,2025-12-01
2025-12-03,0.574079155921936,0.57114065,0.57165074,0.0053067524346781,0.001766784859372,63.10393683238614,0.5591809153556824,0.5989401340484619,4,-0.011175470790599912,0.032303227051274946,0.5774205327033997,2025-12-04,2025-12-02
2025-12-04,0.5774205327033997,0.57165074,0.5731408,0.0053551767829709,0.0019596095599481,69.17332117356585,0.5591809153556824,0.5989401340484619,5,0.028084817441979566,0.03986683869984172,0.5759804248809814,2025-12-05,2025-12-03
2025-12-05,0.5759804248809814,0.57635295,0.5785662,0.00528036216016,0.0018990185761532,63.44391045326127,0.5591809153556824,0.5989401340484619,1,-0.003113356145866483,0.03663439736823619,0.5775999426841736,2025-12-08,2025-12-04
2025-12-08,0.5775999426841736,0.5785662,0.5773368,0.0052197471411912,0.0018736977424807,69.85325561641427,0.5591809153556824,0.5989401340484619,2,0.016958269780918606,0.03789409295744963,0.5776100158691406,2025-12-09,2025-12-05
2025-12-09,0.5776100158691406,0.5773368,0.57871354,0.005125845675165,0.0017648293838061,69.42094577865808,0.5591809153556824,0.5989401340484619,3,-0.0032568630065428986,0.027878939822582584,0.5779501795768738,2025-12-10,2025-12-08
2025-12-10,0.5779501795768738,0.57871354,0.5776659,0.0050374544154605,0.0016263453171603,81.80515364475679,0.5591809153556824,0.5934189558029175,4,-0.023386275095255215,0.015404030581514997,0.5817199945449829,2025-12-11,2025-12-09
2025-12-11,0.5817199945449829,0.5776659,0.57552224,0.0051408274938702,0.0016917238233103,91.03621758767903,0.5591809153556824,0.5891293883323669,5,0.006656519081847274,-0.006122883664581537,0.5809191465377808,2025-12-12,2025-12-10
2025-12-12,0.5809191465377808,0.5792235,0.57872266,0.0050571944681463,0.0015859073773128,87.51226278637884,0.5591809153556824,0.5868799686431885,1,0.028313075901739357,0.02560709664163906,0.5802315473556519,2025-12-15,2025-12-11
2025-12-15,0.5802315473556519,0.57872266,0.57912946,0.004974721940821,0.0013819489965965,85.23337997664864,0.5591809153556824,0.5868799686431885,2,-0.02679770979515132,-0.01830170484789763,0.5786099433898926,2025-12-16,2025-12-12
2025-12-16,0.5786099433898926,0.57912946,0.579336,0.0049231422641405,0.0010644132432776,79.59334258943932,0.5591809153556824,0.5856995582580566,3,0.01035592520255418,-0.004846681455181308,0.5785999298095703,2025-12-17,2025-12-15
2025-12-17,0.5785999298095703,0.579336,0.5793438,0.0048400951572213,0.0007927570624021,70.72007003720726,0.5591809153556824,0.5840998888015747,4,-0.009693707758661334,0.008873238475449722,0.5772998332977295,2025-12-18,2025-12-16
2025-12-18,0.5772998332977295,0.5793438,0.5791286,0.0047817740077437,0.0004799610420671,61.68984361779432,0.5591809153556824,0.5840998888015747,5,0.0143657579386246,0.01668094029705722,0.5776106715202332,2025-12-19,2025-12-17
2026-01-09,0.5750893950462341,0.5766018,0.5746455,0.0047225190572865,-0.0007957292802833,45.843989053278975,0.5591809153556824,0.5842998623847961,1,-0.010817465155150153,0.020692699547030118,0.572980523109436,2026-01-12,2026-01-08
2026-01-12,0.572980523109436,0.5746455,0.5746365,0.0047072189780114,-0.0009928407313276,41.84583279973632,0.5591809153556824,0.5842998623847961,2,0.018790451803464538,0.038209283664598484,0.5773205757141113,2026-01-13,2026-01-09
2026-01-13,0.5773205757141113,0.5746365,0.5771816,0.0049046481347899,-0.0007990463925286,52.99030298309836,0.5591809153556824,0.5842998623847961,3,0.021874933032647856,0.010211856709487977,0.5739309191703796,2026-01-14,2026-01-12
2026-01-14,0.5739309191703796,0.5771816,0.57458633,0.0049742263294651,-0.0008618696887116,40.17528729869036,0.5591809153556824,0.5842998623847961,4,-0.002509469057374457,-0.006738235477985919,0.5744815468788147,2026-01-15,2026-01-13
2026-01-15,0.5744815468788147,0.57458633,0.57196176,0.0048934203216329,-0.0008288185348855,30.928541657018485,0.5591809153556824,0.5842998623847961,5,0.006511423888848364,0.03442930086758259,0.5743601322174072,2026-01-16,2026-01-14
2026-01-16,0.5743601322174072,0.5732154,0.5735854,0.004810630560968,-0.0007784068582244,31.58718709723192,0.5591809153556824,0.5842998623847961,1,-0.01020329524776686,0.035064811351222,0.5763389468193054,2026-01-19,2026-01-15
2026-01-19,0.5763389468193054,0.5735854,0.5730156,0.0047890436547418,-0.0005839507338205,38.01000581203204,0.5591809153556824,0.5842998623847961,2,-0.0271818592347448,-0.011442299815128397,0.5793507695198059,2026-01-20,2026-01-16
2026-01-20,0.5793507695198059,0.5730156,0.57347697,0.0048409473150941,-0.0002421489461398,47.230264301860544,0.5591809153556824,0.5842998623847961,3,0.0,-0.03283212982080563,0.5827301740646362,2026-01-21,2026-01-19
2026-01-21,0.5827301740646362,0.57347697,0.57210195,0.0049199318236618,0.0001980985552088,56.15632295101791,0.5591809153556824,0.5842998623847961,4,-0.002681326556787939,-0.032998330590654296,0.5838188529014587,2026-01-22,2026-01-20
2026-01-22,0.5838188529014587,0.57210195,0.57084244,0.0048533201331302,0.0005303311513684,64.96954472701405,0.5591809153556824,0.5842998623847961,5,-0.007563600184284361,-0.046513565616810186,0.5916704535484314,2026-01-23,2026-01-21
2026-01-23,0.5916704535484314,0.58360934,0.58395195,0.0055504409927361,0.0012078310544092,73.39529424798675,0.5591809153556824,0.5916704535484314,1,0.0022663907619747447,-0.0345494498094415,0.596039891242981,2026-01-26,2026-01-22
2026-01-26,0.596039891242981,0.58395195,0.58367944,0.0056640168187286,0.0018412457560828,74.36239192482655,0.5591809153556824,0.596039891242981,2,0.028920358078275955,0.02116264081050704,0.5970701575279236,2026-01-27,2026-01-23
2026-01-27,0.5970701575279236,0.58367944,0.58349556,0.0055648836358807,0.0021965293723101,75.97274540944231,0.5591809153556824,0.5970701575279236,3,0.012274291330000235,0.033773927530305545,0.6027800440788269,2026-01-28,2026-01-26
2026-01-28,0.6027800440788269,0.58349556,0.5842502,0.0058194331349586,0.002652497356409,80.78880756570626,0.5591809153556824,0.6027800440788269,4,-0.026329633060980427,0.009613724717015762,0.6065311431884766,2026-01-29,2026-01-27
2026-01-29,0.6065311431884766,0.5842502,0.58499455,0.0058531305219027,0.0030166189400952,86.83287737805466,0.5591809153556824,0.6065311431884766,5,0.010920700845244964,0.028449273413167116,0.6075703501701355,2026-01-30,2026-01-28
2026-01-30,0.6075703501701355,0.6059271,0.6043484,0.0057462667455621,0.0031241430193662,91.5623527322158,0.5591809153556824,0.6075703501701355,1,0.046909494425695066,0.07540271670557619,0.6014494895935059,2026-02-02,2026-01-29
2026-02-02,0.6014494895935059,0.6043484,0.60369253,0.0060187083685043,0.002601140825842,77.80291479512644,0.5591809153556824,0.6075703501701355,2,-0.04614611810401607,-0.0023684553371519567,0.6010915637016296,2026-02-03,2026-01-30
2026-02-03,0.6010915637016296,0.60369253,0.6055544,0.0058945776687627,0.0020722021212743,83.64710121598591,0.5591809153556824,0.6075703501701355,3,-0.01632724135572056,-0.0304980541634082,0.6042186617851257,2026-02-04,2026-02-02
2026-02-04,0.6042186617851257,0.6055544,0.6059435,0.0058797250379524,0.0017849534881763,84.62835868134798,0.5591809153556824,0.6075703501701355,4,0.04400577841713017,0.04014758758922545,0.5998188257217407,2026-02-05,2026-02-03
2026-02-05,0.5998188257217407,0.6059435,0.6056677,0.0059588718898883,0.0011798299345415,76.95985113968027,0.5591809153556824,0.6075703501701355,5,-0.0397915610591698,-0.01128548340161593,0.5938912630081177,2026-02-06,2026-02-04
2026-02-06,0.5938912630081177,0.59957135,0.6024711,0.0061959109929151,0.0003070050987296,67.152764267516,0.5591809153556824,0.6075703501701355,1,-0.004645243148040119,-0.060966745173061276,0.6032381653785706,2026-02-09,2026-02-05
2026-02-09,0.6032381653785706,0.6024711,0.60315144,0.0069197789559509,0.0002862261566621,70.77173297839919,0.5591809153556824,0.6075703501701355,2,0.011061263030683612,-0.005680806960189312,0.605279266834259,2026-02-10,2026-02-06
2026-02-10,0.605279266834259,0.60315144,0.6045256,0.0067988862176352,0.0003336908263946,70.0752361676995,0.5591809153556824,0.6075703501701355,3,0.013803843930585742,0.024735039547115235,0.6041712164878845,2026-02-11,2026-02-09
2026-02-11,0.6041712164878845,0.6045256,0.60408443,0.0066541828028966,0.0002197090335788,68.11326199554829,0.5591809153556824,0.6075703501701355,4,-0.008276419658565643,-0.027463932627255154,0.6048911213874817,2026-02-12,2026-02-10
2026-02-12,0.6048911213874817,0.60408443,0.59933454,0.0065106443762164,0.0001266659117319,63.47696218775367,0.5591809153556824,0.6075703501701355,5,0.00894897896843896,0.02111219766757396,0.6032600402832031,2026-02-13,2026-02-11
2026-02-13,0.6032600402832031,0.6003098,0.60114187,0.0063919430611706,-9.869891427735818e-05,57.79532180301326,0.5591809153556824,0.6075703501701355,1,-0.030377758462980523,-0.004828397820511218,0.6033801436424255,2026-02-16,2026-02-12
2026-02-16,0.6033801436424255,0.60114187,0.60174346,0.0062543063776936,-0.0002832049682164,56.94922908877032,0.5591809153556824,0.6075703501701355,2,0.0037186207526305258,-0.012108825402949145,0.6032018065452576,2026-02-17,2026-02-13
2026-02-17,0.6032018065452576,0.60174346,0.6004955,0.006122191917053,-0.0004508297144651,50.52893441691633,0.5613183975219727,0.6075703501701355,3,0.0,-0.02565183316811802,0.6048911213874817,2026-02-18,2026-02-16
2026-02-18,0.6048911213874817,0.6004955,0.60183424,0.0060251939635206,-0.0004788697022043,47.83107704386404,0.561381459236145,0.6075703501701355,4,-0.02792183898914965,-0.04460651552373478,0.5967797636985779,2026-02-19,2026-02-17
2026-02-19,0.5967797636985779,0.60183424,0.59933084,0.0065411702626848,-0.0010423153488865,37.97825093764277,0.5624499320983887,0.6075703501701355,5,0.028094448608724638,-0.026138836483646104,0.5971004962921143,2026-02-20,2026-02-18
2026-02-20,0.5971004962921143,0.5957343,0.5936546,0.0063993911052201,-0.0013713141877702,44.43568288791749,0.5707000494003296,0.6075703501701355,1,-0.01102105618140487,-0.007104468900400771,0.6003986597061157,2026-02-23,2026-02-19
2026-02-23,0.6003986597061157,0.5936546,0.5915845,0.006370953015278,-0.0013429814651731,49.17549799920848,0.572619616985321,0.6075703501701355,2,0.01747295267048268,0.0066464966813204055,0.596039891242981,2026-02-24,2026-02-20
2026-02-24,0.596039891242981,0.5915845,0.59383756,0.0064161216866838,-0.0015777520686323,40.54503986163843,0.572619616985321,0.6075703501701355,3,-0.009996651615555126,-0.0033664662098414413,0.5965590476989746,2026-02-25,2026-02-23
2026-02-25,0.5965590476989746,0.59383756,0.5977453,0.0062814697350151,-0.0016502298880041,45.860130077755976,0.572619616985321,0.6075703501701355,4,0.02565121835476392,0.05148233040219137,0.6000888347625732,2026-02-26,2026-02-24
2026-02-26,0.6000888347625732,0.5977453,0.5964432,0.0062752203390841,-0.001421293707671,58.381267128808645,0.572980523109436,0.6075703501701355,5,0.009493868339474848,0.032104923106046575,0.5980217456817627,2026-02-27,2026-02-25
2026-02-27,0.5980217456817627,0.59992176,0.5995311,0.0061835703864464,-0.0013693784289096,41.216062951030274,0.572980523109436,0.6075703501701355,1,-0.005450026589920928,0.037870856353763575,0.595770001411438,2026-03-02,2026-02-26
2026-03-02,0.595770001411438,0.5995311,0.5989038,0.0061040907585028,-0.0014398010788575,34.10012776585164,0.572980523109436,0.6075703501701355,2,0.009622278291953983,0.029754770273000934,0.5948804616928101,2026-03-03,2026-02-27
2026-03-03,0.5948804616928101,0.5989038,0.5993491,0.0059857318293472,-0.0014929967907311,34.35113737443102,0.572980523109436,0.6075703501701355,3,-0.018489498291913743,0.02104625328883844,0.5889108180999756,2026-03-04,2026-03-02
2026-03-04,0.5889108180999756,0.5993491,0.59987587,0.0062268733089606,-0.0018534039039577,27.128401031207503,0.572980523109436,0.6075703501701355,4,-0.020741198751393842,-0.02524057010822666,0.5937607288360596,2026-03-05,2026-03-03
2026-03-05,0.5937607288360596,0.59987587,0.6003484,0.0063386381121991,-0.0016927690722362,37.551241032819256,0.572980523109436,0.6075703501701355,5,0.01401752384407531,-0.020821105716782883,0.5897687077522278,2026-03-06,2026-03-04
2026-03-06,0.5897687077522278,0.5943878,0.59607023,0.0063595020767441,-0.0017743892562513,33.80576735425602,0.572980523109436,0.6075703501701355,1,-0.01757458022170611,-0.032621530733064764,0.5850211381912231,2026-03-09,2026-03-05
2026-03-09,0.5850211381912231,0.59607023,0.59438723,0.006446215611814,-0.0020477446726303,30.490667505830004,0.572980523109436,0.6075703501701355,2,0.0006950803071056875,-0.04121907675843482,0.5927084684371948,2026-03-10,2026-03-06
2026-03-10,0.5927084684371948,0.59438723,0.5934681,0.0068853911865113,-0.0016287127956885,38.41794911606473,0.572980523109436,0.6075703501701355,3,0.0075276058723092055,-0.015947046602633207,0.5924416184425354,2026-03-11,2026-03-09
2026-03-11,0.5924416184425354,0.5934681,0.59428185,0.0067305944195641,-0.0013015773550964,45.1527268658625,0.572980523109436,0.6075703501701355,4,0.01768594808097934,0.02260324596150283,0.5895600914955139,2026-03-12,2026-03-10
2026-03-12,0.5895600914955139,0.59428185,0.5941963,0.0066582110252276,-0.0012130858175031,42.03070371606937,0.572980523109436,0.6075703501701355,5,-0.00995792118644709,-0.001622549388886966,0.5852998495101929,2026-03-13,2026-03-11
2026-03-13,0.5852998495101929,0.5923834,0.59114945,0.0066837639474783,-0.0013640320324893,34.36042950845582,0.572980523109436,0.6075703501701355,1,-0.0035989598931909124,0.012428351132187836,0.5797303318977356,2026-03-16,2026-03-12
2026-03-16,0.5797303318977356,0.59114945,0.5921765,0.0068331583204377,-0.0017375863489958,33.51968093243664,0.572980523109436,0.6075703501701355,2,-0.01906637758896683,-0.007382320531314223,0.5853704214096069,2026-03-17,2026-03-13
2026-03-17,0.5853704214096069,0.5921765,0.592061,0.0069894820614701,-0.0015117535266036,39.75454215988927,0.572980523109436,0.6075703501701355,3,0.013211876292665282,-0.0017239465889763107,0.585919201374054,2026-03-18,2026-03-16
2026-03-18,0.585919201374054,0.592061,0.59226894,0.0068341604420256,-0.0012435448763349,36.27554784769378,0.572980523109436,0.6075703501701355,4,-0.011114142119103089,-0.03006432536706745,0.5795589685440063,2026-03-19,2026-03-17
2026-03-19,0.5795589685440063,0.59226894,0.59171534,0.0070594127213288,-0.0014009185842647,33.49031764271963,0.572980523109436,0.6075703501701355,5,-0.030586158824142798,-0.04986743510960443,0.5868303775787354,2026-03-20,2026-03-18
2026-03-20,0.5868303775787354,0.57876545,0.5782052,0.0073897567573429,-0.0009436567649563,42.66458250596197,0.572980523109436,0.6075703501701355,1,-0.0220268873083426,-0.06721606842549674,0.5831209421157837,2026-03-23,2026-03-19
2026-03-23,0.5831209421157837,0.5782052,0.57806176,0.0073363226916656,-0.0008237447827389,40.777506862224485,0.572980523109436,0.6075703501701355,2,-0.016797736235749178,-0.06509751401327181,0.5853601694107056,2026-03-24,2026-03-20
2026-03-24,0.5853601694107056,0.57806176,0.5760219,0.0072122266353801,-0.0005400558860778,47.04231617873407,0.572980523109436,0.6075703501701355,3,0.017993370747035806,-0.06061657871469147,0.5838086605072021,2026-03-25,2026-03-23
2026-03-25,0.5838086605072021,0.5760219,0.57635456,0.0070663816855497,-0.0004092712647923,41.227907954187245,0.572980523109436,0.6075703501701355,4,-0.003130129888579305,-0.053086509909244815,0.5806391835212708,2026-03-26,2026-03-24
2026-03-26,0.5806391835212708,0.57635456,0.5760802,0.0069968322073784,-0.0004835021581758,41.834523936453785,0.572980523109436,0.6075703501701355,5,0.019449943827491212,-0.004501277604227053,0.5761796236038208,2026-03-27,2026-03-25
2026-03-27,0.5761796236038208,0.5803708,0.58151656,0.0070238709728034,-0.0007635695778512,42.05116883228232,0.572980523109436,0.6075703501701355,1,-0.015033763846452861,0.002484766531912412,0.5727902054786682,2026-03-30,2026-03-26
2026-03-30,0.5727902054786682,0.58151656,0.58141744,0.0069724328543171,-0.0010879354689008,30.59302337736553,0.5727902054786682,0.6075703501701355,2,0.003756852986170725,0.02330365801249282,0.5717389583587646,2026-03-31,2026-03-27
2026-03-31,0.5717389583587646,0.58141744,0.5820709,0.0068249437457179,-0.0012713667514444,30.132441618494468,0.5717389583587646,0.6075703501701355,3,0.0016448554664745389,0.0067101715386548,0.5756091475486755,2026-04-01,2026-03-30
2026-04-01,0.5756091475486755,0.5820709,0.5833064,0.0068255149558454,-0.0010398749108792,36.86112620522101,0.5717389583587646,0.6075703501701355,4,0.020157100232811233,0.030428761233812707,0.5750100612640381,2026-04-02,2026-03-31
2026-04-02,0.5750100612640381,0.5833064,0.58212966,0.0066766277229937,-0.0008433011144272,39.59138244557956,0.5717389583587646,0.6075703501701355,5,0.006511190388170775,0.017182179484824228,0.5717801451683044,2026-04-03,2026-04-01
2026-04-03,0.5717801451683044,0.57418436,0.5777719,0.0066328012783697,-0.000844889353407,41.55844320230067,0.5717389583587646,0.6075703501701355,1,-0.010905599959187336,0.021389953439539953,0.5686697363853455,2026-04-06,2026-04-02
2026-04-06,0.5686697363853455,0.5777719,0.575988,0.0065846017761059,-0.0009610461077968,31.260408431883207,0.5686697363853455,0.6075703501701355,2,0.0,0.017559940445507377,0.5714514255523682,2026-04-07,2026-04-03
2026-04-07,0.5714514255523682,0.575988,0.57907397,0.0065251311780889,-0.0007647127144477,34.540597895938234,0.5686697363853455,0.6075703501701355,3,0.003678236070027349,0.01963113213823332,0.5809292793273926,2026-04-08,2026-04-06
2026-04-08,0.5809292793273926,0.57907397,0.5786872,0.0072655215219597,4.626784544209221e-05,51.372770069671525,0.5686697363853455,0.6075703501701355,4,-0.00700938080004491,-0.007695788907116561,0.5825400948524475,2026-04-09,2026-04-07
2026-04-09,0.5825400948524475,0.5786872,0.57799757,0.0071231800270356,0.0006978229445379,45.15220457199663,0.5686697363853455,0.6075703501701355,5,0.03804424731409376,0.024093163669519635,0.585048496723175,2026-04-10,2026-04-08
2026-04-10,0.585048496723175,0.57994217,0.5799293,0.0070213360370128,0.0012709890424639,52.23880183706502,0.5686697363853455,0.6075703501701355,1,-0.001998676585020025,0.03325542621894548,0.5804302096366882,2026-04-13,2026-04-09
2026-04-13,0.5804302096366882,0.5799293,0.5785503,0.0070574381077972,0.0013072706380115,44.57385852971779,0.5686697363853455,0.6075703501701355,2,0.021087830597987828,0.055275907672740744,0.5871990919113159,2026-04-14,2026-04-10
2026-04-14,0.5871990919113159,0.5785503,0.5792138,0.0073203258635997,0.0017288644993634,53.34723650854551,0.5686697363853455,0.6075703501701355,3,0.01781159571001089,0.07029639655088779,0.5903501510620117,2026-04-15,2026-04-13
2026-04-15,0.5903501510620117,0.5792138,0.5804935,0.0072414314492905,0.0021350425255372,59.59073532718686,0.5686697363853455,0.6075703501701355,4,0.015689537291392698,0.09486879517192584,0.5912192463874817,2026-04-16,2026-04-14
2026-04-16,0.5912192463874817,0.5804935,0.58137095,0.0070825508623917,0.0023597698875335,65.98723418814683,0.5686697363853455,0.6075703501701355,5,0.0002470874559217801,0.054258181882307535,0.5886092185974121,2026-04-17,2026-04-15
2026-04-17,0.5886092185974121,0.5879214,0.5908741,0.0069818748640547,0.0022315790065728,67.09906283381633,0.5686697363853455,0.6075703501701355,1,-0.0009061811693833574,0.05541058349503046,0.5865206122398376,2026-04-20,2026-04-16
2026-04-20,0.5865206122398376,0.5908741,0.5900055,0.0068638588335696,0.0019170954636229,65.6273039710536,0.5686697363853455,0.6075703501701355,2,0.0060804956810176485,0.03968994091703001,0.590639591217041,2026-04-21,2026-04-17
2026-04-21,0.590639591217041,0.5900055,0.59057575,0.0068729314727293,0.0018941171818719,65.80717390404956,0.5686697363853455,0.6075703501701355,3,-0.011120855384533909,0.010040151349522604,0.5898104310035706,2026-04-22,2026-04-20
2026-04-22,0.5898104310035706,0.59057575,0.59022415,0.006725822957968,0.0017349575503526,65.49024892046297,0.5686697363853455,0.6075703501701355,4,-0.005732044023659669,-0.011366406140214242,0.5905802845954895,2026-04-23,2026-04-21
2026-04-23,0.5905802845954895,0.59022415,0.5921935,0.0065844817129819,0.001596876504222,70.74469764333858,0.5686697363853455,0.6075703501701355,5,0.019552618230260894,0.007905115060130407,0.5853807330131531,2026-04-24,2026-04-22
2026-04-24,0.5853807330131531,0.5901518,0.5911062,0.006698013945896,0.001094652446489,67.62679214060995,0.5686697363853455,0.605279266834259,1,-0.007297785574562695,0.00148352826945099,0.5870887637138367,2026-04-27,2026-04-23
2026-04-27,0.5870887637138367,0.5911062,0.5918546,0.0065812114155591,0.0008288488482781,66.87654789550538,0.5686697363853455,0.605279266834259,2,-0.00859581222512715,-0.013107221292054893,0.5912611484527588,2026-04-28,2026-04-24
2026-04-28,0.5912611484527588,0.5918546,0.59325594,0.0066106707887259,0.0008805430810638,62.5927346590067,0.5686697363853455,0.605279266834259,3,-0.0009134808991143975,-0.002982049323892126,0.588841438293457,2026-04-29,2026-04-27
2026-04-29,0.588841438293457,0.59325594,0.59317046,0.0065216698931103,0.0007058298743937,57.53172087058739,0.5686697363853455,0.605279266834259,4,-0.01734799613390739,-0.014496357795268236,0.584050714969635,2026-04-30,2026-04-28
2026-04-30,0.584050714969635,0.59317046,0.5925635,0.0066020269949874,0.000245446375808,48.86909619573148,0.5686697363853455,0.605279266834259,5,-0.006105378262062169,-0.039460768845391785,0.5906988978385925,2026-05-01,2026-04-29
2026-05-01,0.5906988978385925,0.583518,0.58271503,0.0068851769937781,0.0003595891842598,61.12672636055037,0.5686697363853455,0.605279266834259,1,0.008047844376794507,-0.02460701060108167,0.5906500220298767,2026-05-04,2026-04-30
2026-05-04,0.5906500220298767,0.58271503,0.58246034,0.0067320313180885,0.0003996401811603,54.37666023110568,0.5686697363853455,0.605279266834259,2,0.0010119821779090508,-0.015190471648038998,0.58724045753479,2026-05-05,2026-05-01
2026-05-05,0.58724045753479,0.58246034,0.58249885,0.0066918907770742,0.0001757701649441,46.08180652060934,0.5686697363853455,0.6048911213874817,3,-0.023365961327474982,-0.0370555076314941,0.5903292298316956,2026-05-06,2026-05-04
2026-05-06,0.5903292298316956,0.58249885,0.5833056,0.0066396400713195,0.0002125232638888,48.93798914945249,0.5686697363853455,0.6048911213874817,4,0.025218539468338824,0.004818598720404222,0.5953586101531982,2026-05-07,2026-05-05
2026-05-07,0.5953586101531982,0.5833056,0.5796229,0.006737392767315,0.0005340639111371,57.61408076428599,0.5686697363853455,0.6048911213874817,5,0.03204049835903662,0.0438887297223548,0.5938488841056824,2026-05-08,2026-05-06
2026-05-08,0.5938488841056824,0.59245646,0.59155846,0.0066096834819422,0.0005987204527517,58.37652817066457,0.5686697363853455,0.6048911213874817,1,-0.0014676820261337934,0.03400268898815978,0.5950397253036499,2026-05-11,2026-05-07
2026-05-11,0.5950397253036499,0.59155846,0.58624023,0.0064808772518173,0.0006699568984446,55.39037148890557,0.5686697363853455,0.6048911213874817,2,0.01963461678704533,0.05343895881660789,0.5965298414230347,2026-05-12,2026-05-08
2026-05-12,0.5965298414230347,0.58624023,0.58819884,0.0063647587282887,0.0007591552273781,58.10041575231337,0.5686697363853455,0.6048911213874817,3,0.025983655041448343,0.10672989606842626,0.5952416062355042,2026-05-13,2026-05-11
2026-05-13,0.5952416062355042,0.58819884,0.59055465,0.0062451039676265,0.0006758976349549,55.54997274833084,0.5686697363853455,0.6003986597061157,4,0.011086720769667314,0.09119978265917399,0.5931690335273743,2026-05-14,2026-05-12
2026-05-14,0.5931690335273743,0.59055465,0.5887817,0.0061558394961281,0.0004373174169838,60.0191386972804,0.5686697363853455,0.6003986597061157,5,0.022942177639864655,0.08131672485869916,0.5903501510620117,2026-05-15,2026-05-13
2026-05-15,0.5903501510620117,0.5930891,0.5940034,0.006107472554431,6.526627563535788e-05,54.07898091451114,0.5686697363853455,0.6003986597061157,1,-0.010300755993562987,0.07180743420834021,0.5832604169845581,2026-05-18,2026-05-14
2026-05-18,0.5832604169845581,0.5940034,0.59152204,0.006488003794505,-0.0006436428465495,40.67412014495654,0.5686697363853455,0.6000888347625732,2,-0.04931180430300637,0.00040007316233989156,0.5874301791191101,2026-05-19,2026-05-15
2026-05-19,0.5874301791191101,0.59152204,0.5911975,0.0065251568181564,-0.0008065041012404,48.41947865558559,0.5686697363853455,0.6000888347625732,3,0.003273801195157019,-0.02206283618749147,0.5833386778831482,2026-05-20,2026-05-18
2026-05-20,0.5833386778831482,0.5911975,0.58999324,0.0065461692963948,-0.0011439520177079,49.18987540926686,0.5686697363853455,0.6000888347625732,4,-0.01720712646640829,-0.04934466693495037,0.5868303775787354,2026-05-21,2026-05-19
2026-05-21,0.5868303775787354,0.58999324,0.5894106,0.0065287486152192,-0.0010865884283261,45.25796500846805,0.5686697363853455,0.5980217456817627,5,0.02015245445655226,-0.05199303633060097,0.5878514647483826,2026-05-22,2026-05-20
2026-05-22,0.5878514647483826,0.5874975,0.5862232,0.0063997364434409,-0.000939963894774,46.64938742421302,0.5686697363853455,0.5965298414230347,1,-0.005339752746315452,-0.047278285427929306,0.5873000621795654,2026-05-25,2026-05-21
2026-05-25,0.5873000621795654,0.5862232,0.58807373,0.0062665381419017,-0.000843288884657,50.07660534153726,0.5686697363853455,0.5965298414230347,2,0.01349334518027408,0.014476505806940564,0.5862111449241638,2026-05-26,2026-05-22
2026-05-26,0.5862111449241638,0.58807373,0.58928347,0.006146574003064,-0.0008153700375416,44.4205225278772,0.5686697363853455,0.5965298414230347,3,0.0,0.011160741947081566,0.5842486619949341,2026-05-27,2026-05-25
2026-05-27,0.5842486619949341,0.58928347,0.58986664,0.0060582742976102,-0.0008859003007139,33.583117546548294,0.5686697363853455,0.5965298414230347,4,0.002991429972730405,0.03179239260258109,0.5892404317855835,2026-05-28,2026-05-26
2026-05-28,0.5892404317855835,0.58986664,0.58623743,0.0062003553168811,-0.0005686159378325,43.82559586270123,0.5686697363853455,0.5965298414230347,5,-0.008842665101228171,0.002305009765288181,0.594569206237793,2026-05-29,2026-05-27
2026-05-29,0.594569206237793,0.58735293,0.58531237,0.0063610661589024,-2.0866102101320914e-06,49.43252071795403,0.5686697363853455,0.5965298414230347,1,0.014329838466993622,0.022215109420296482,0.5981684327125549,2026-06-01,2026-05-28
2026-06-01,0.5981684327125549,0.58531237,0.589275,0.0063560703315034,0.0005805952735605,51.880582884239935,0.5686697363853455,0.5981684327125549,2,-0.0057230335454064194,0.0027593698651848576,0.5935704112052917,2026-06-02,2026-05-29
2026-06-02,0.5935704112052917,0.589275,0.58913827,0.0064235378758014,0.0006184036093969,48.217423701055125,0.5686697363853455,0.5981684327125549,3,0.02553796337409885,0.028697596972302092,0.5922486186027527,2026-06-03,2026-06-01
2026-06-03,0.5922486186027527,0.58913827,0.5876273,0.0063031407102192,0.0005203855938185,49.00226142017186,0.5686697363853455,0.5981684327125549,4,0.01905393732165074,0.045354477186779235,0.5871197581291199,2026-06-04,2026-06-02
2026-06-04,0.5871197581291199,0.5876273,0.5892536,0.006428189311074,9.82282773506016e-05,46.66523095476892,0.5686697363853455,0.5981684327125549,5,-0.025666836602769052,0.02791437320339968,0.5869888067245483,2026-06-05,2026-06-03
2026-06-05,0.5869888067245483,0.58509696,0.5862769,0.00629165135343,-0.0001862320905349,54.49460807983262,0.5686697363853455,0.5981684327125549,1,0.004618267070789165,0.017980026516798444,0.5796698331832886,2026-06-08,2026-06-04
2026-06-08,0.5796698331832886,0.5862769,0.58699274,0.0066873291583892,-0.000827773115777,41.305024369199046,0.5686697363853455,0.5981684327125549,2,-0.03875390986788241,-0.015095482152516212,0.5803594589233398,2026-06-09,2026-06-05
2026-06-09,0.5803594589233398,0.58699274,0.5850276,0.0065469478237767,-0.0011465179796516,46.38651160974933,0.5686697363853455,0.5981684327125549,3,0.010482107026258984,-0.029812992715881368,0.5807504653930664,2026-06-10,2026-06-08
2026-06-10,0.5807504653930664,0.5850276,0.5839392,0.0064082343370932,-0.0012626753685273,42.02590385180645,0.5686697363853455,0.5981684327125549,4,-0.004274931670488298,-0.05218439396108085,0.5794313549995422,2026-06-11,2026-06-09
2026-06-11,0.5794313549995422,0.5839392,0.58363295,0.0062891579760955,-0.0013520234610696,39.04228384910859,0.5686697363853455,0.5981684327125549,5,-0.00852488121841812,-0.035796925787185976,0.5832808613777161,2026-06-12,2026-06-10
2026-06-12,0.5832808613777161,0.5774911,0.579027,0.0063145732738286,-0.0010869536489081,45.18301141972971,0.5686697363853455,0.5981684327125549,1,0.0015989373612835867,-0.03870378218788057,0.585538387298584,2026-06-15,2026-06-11
2026-06-15,0.585538387298584,0.579027,0.57934517,0.0062367064508682,-0.0007127560442493,49.2156740116881,0.5686697363853455,0.5981684327125549,2,0.027031900562995762,0.02666237905305861,0.5827913284301758,2026-06-16,2026-06-12
2026-06-16,0.5827913284301758,0.57934517,0.5785608,0.006182730887521,-0.0006075317046068,48.33150902554668,0.5686697363853455,0.5981684327125549,3,0.008053949730139183,0.02417250543245539,0.5831209421157837,2026-06-17,2026-06-15
2026-06-17,0.5831209421157837,0.5785608,0.5813302,0.0060564567588582,-0.0004786798879823,42.15652120767633,0.5686697363853455,0.5981684327125549,4,0.001002161336406582,0.029591444546162984,0.5774805545806885,2026-06-18,2026-06-16
2026-06-18,0.5774805545806885,0.5813302,0.5822904,0.0062647948046365,-0.000721673974273,28.270689456547444,0.5686697363853455,0.5981684327125549,5,-0.001156423524832199,0.03720596472992238,0.57548987865448,2026-06-19,2026-06-17
2026-06-19,0.57548987865448,0.58040386,0.58026016,0.006174294821994,-0.0009504348076723,19.932798184349807,0.5686697363853455,0.5981684327125549,1,-0.016646363132267167,0.018453423316065413,0.5734602212905884,2026-06-22,2026-06-18
2026-06-22,0.5734602212905884,0.58026016,0.5815558,0.006089452581236,-0.0011586039641125,21.389479182743106,0.5686697363853455,0.5981684327125549,2,0.0,-0.008708534706596658,0.5711707472801208,2026-06-23,2026-06-19
2026-06-23,0.5711707472801208,0.5815558,0.5814087,0.0060205561476542,-0.0013568942838075,20.81631912006945,0.5686697363853455,0.5981684327125549,3,-0.002827690066274483,-0.019436934213317634,0.5664695501327515,2026-06-24,2026-06-22
2026-06-24,0.5664695501327515,0.5814087,0.58133435,0.0061402387012485,-0.0016894159336258,21.06579186926145,0.5664695501327515,0.5981684327125549,4,-0.03449037300966138,-0.053629227612700635,0.5644615292549133,2026-06-25,2026-06-23
2026-06-25,0.5644615292549133,0.58133435,0.5806308,0.0060570923212728,-0.0019129171079056,20.013075566938497,0.5644615292549133,0.5981684327125549,5,-0.03277353237773814,-0.08308266552958499,0.5643309354782104,2026-06-26,2026-06-24
2026-06-26,0.5643309354782104,0.5631795,0.56245214,0.0059338058445256,-0.0019321971227071,24.749500571056277,0.5643309354782104,0.5981684327125549,1,0.021226927609582807,-0.04769000085650414,0.5640698671340942,2026-06-29,2026-06-25
2026-06-29,0.5640698671340942,0.56245214,0.5613863,0.0058151907322282,-0.0018263872949282,22.800721349066063,0.5640698671340942,0.5981684327125549,2,0.011628054340762762,-0.03655185646337098,0.5651313662528992,2026-06-30,2026-06-26
2026-06-30,0.5651313662528992,0.5613863,0.5605625,0.0057151552639757,-0.0015591544314174,24.4914249446598,0.5640698671340942,0.5981684327125549,3,-0.0071901852926039185,-0.04074573984098327,0.5675304532051086,2026-07-01,2026-06-29
2026-07-01,0.5675304532051086,0.5605625,0.5596513,0.0056764318613815,-0.0011158381656676,31.226117045283587,0.5640698671340942,0.5981684327125549,4,0.015460074778671905,0.008386308770899966,0.5675497651100159,2026-07-02,2026-06-30
2026-07-02,0.5675497651100159,0.5596513,0.5574829,0.0055661302245188,-0.000734724068933,21.772834224598935,0.5640698671340942,0.5981684327125549,5,-0.011205093563390204,0.030371872014752988,0.5692912936210632,2026-07-03,2026-07-01
2026-07-03,0.5692912936210632,0.5683712,0.56845325,0.0054995515475384,-0.0003009932922283,20.296920733235552,0.5640698671340942,0.5981684327125549,1,-0.0014708001647411473,0.007248191997320506,0.5706000924110413,2026-07-06,2026-07-02
2026-07-06,0.5706000924110413,0.56845325,0.5708816,0.0054184251697845,0.0001160499408405,26.474708600846995,0.5640698671340942,0.5981684327125549,2,0.0,-0.004396312045217968,0.5701611638069153,2026-07-07,2026-07-03
2026-07-07,0.5701611638069153,0.5708816,0.57084686,0.0053185908356468,0.0003889712688696,25.096724980357223,0.5640698671340942,0.5981684327125549,3,0.010331583040322573,0.013202152997047715,0.567659318447113,2026-07-08,2026-07-06
2026-07-08,0.567659318447113,0.57084686,0.571697,0.0052986416029573,0.0004247157197287,28.539090523091176,0.5640698671340942,0.5981684327125549,4,-0.0010526365940761889,-0.0033911841839605,0.5715788006782532,2026-07-09,2026-07-07
2026-07-09,0.5715788006782532,0.571697,0.57188827,0.005404898695442,0.0007187546281036,42.11809701358075,0.5640698671340942,0.5981684327125549,5,-0.01914013935616124,-0.01126802788681746,0.5762293934822083,2026-07-10,2026-07-08
2026-07-10,0.5762293934822083,0.5719616,0.57117945,0.0055761006747377,0.001204293074564,55.04744439108866,0.5640698671340942,0.5981684327125549,1,0.026163935290325936,0.01643635719341348,0.5758709907531738,2026-07-13,2026-07-09
2026-07-13,0.5758709907531738,0.57117945,0.56856406,0.0054706690952111,0.0014619997733472,59.21603459358382,0.5640698671340942,0.5981684327125549,2,0.002972223900634411,0.01946192773692595,0.5763389468193054,2026-07-14,2026-07-10
2026-07-14,0.5763389468193054,0.56856406,0.5692866,0.0053709923350928,0.0016128006300975,73.20342037482868,0.5640698671340942,0.5981684327125549,3,-8.024741299155112e-05,0.008902529714526746,0.5813513994216919,2026-07-15,2026-07-13
2026-07-15,0.5813513994216919,0.5692866,0.565624,0.005581779003129,0.0019750329993735,84.79355809915792,0.5640698671340942,0.5981684327125549,4,0.015442498101460594,0.02568252652061329,0.5847799181938171,2026-07-16,2026-07-14
2026-07-16,0.5847799181938171,0.565624,0.56648684,0.0056153875260087,0.0023452132688311,87.08627813006038,0.5640698671340942,0.5981684327125549,5,-0.005782877839766474,0.03947474432763048,0.5841804146766663,2026-07-17,2026-07-15
2026-07-17,0.5841804146766663,0.58419585,0.584202,0.0055111406084724,0.0024385654789925,86.03019540085046,0.5640698671340942,0.5981684327125549,1,0.0003971654574320329,0.01303296045665884,0.5839995741844177,2026-07-20,2026-07-16
2026-07-20,0.5839995741844177,0.584202,0.583257,0.0054071919809804,0.0023746736597022,84.90589755690915,0.5640698671340942,0.5981684327125549,2,-0.012144638701152746,-0.0021657517630200027,0.5852916240692139,2026-07-21,2026-07-17
2026-07-21,0.5852916240692139,0.583257,0.5834563,0.005328264579944,0.002304157705123,84.26123729215004,0.5640698671340942,0.5981684327125549,3,0.012620983706146529,0.010588799429111227,0.5826215744018555,2026-07-22,2026-07-20
2026-07-22,0.5826215744018555,0.5834563,0.5819753,0.0053150490574412,0.0019750828550123,76.3761080316518,0.5640698671340942,0.5981684327125549,4,0.03310222155002192,0.028594033945984972,0.581429123878479,2026-07-23,2026-07-21
2026-07-23,0.581429123878479,0.5819753,0.58194643,0.0052340836738072,0.0015909942577967,71.6577790351159,0.5640698671340942,0.5981684327125549,5,-0.009257887611187711,0.02502586293244361,0.5774105191230774,2026-07-24,2026-07-22
2026-07-24,0.5774105191230774,0.5795358,0.5791672,0.0053378806318368,0.0010085739102167,61.08046672562802,0.5640698671340942,0.5981684327125549,1,-0.02289224847416917,0.0014294511624003904,0.5798513293266296,2026-07-27,2026-07-23
2026-07-27,0.5798513293266296,0.5791672,0.5780122,0.0053170176924516,0.0007423005292116,64.80157617384528,0.5640698671340942,0.5981684327125549,2,0.0023762931297229128,0.01607723228984954,0.5770406723022461,2026-07-28,2026-07-24
2026-07-28,0.5770406723022461,0.5780122,0.5765654,0.0053151928957431,0.0003513122095392,64.19594522682955,0.5640698671340942,0.5981684327125549,3,0.003001827486801528,0.006350284179513034,0.5782185196876526,2026-07-29,2026-07-27
2026-07-29,0.5782185196876526,0.5765654,0.575378,0.0052368731007616,0.0001563875582053,60.9563657393747,0.5640698671340942,0.5981684327125549,4,-0.0026854447899488545,-0.029027818332004473,0.5802584886550903,2026-07-30,2026-07-28
2026-07-30,0.5802584886550903,0.575378,0.57459104,0.0051978210895603,0.0001492322345353,57.275331871027184,0.5640698671340942,0.5981684327125549,5,-0.007701210872198454,-0.02751515146139386,0.5875406265258789,2026-07-31,2026-07-29
2026-07-31,0.5875406265258789,0.57952505,0.5792006,0.0057439685776359,0.0005943450239391,66.85688898685089,0.5640698671340942,0.5981684327125549,1,0.026892641982221528,0.022125320371429308,0.5898382663726807,2026-08-03,2026-07-30
2026-08-03,0.5898382663726807,0.5792006,0.5787385,0.0056924587008225,0.000980143505066,68.52087187060961,0.5640698671340942,0.5981684327125549,2,-0.0013198401493381645,0.01835438219749644,0.5866995453834534,2026-08-04,2026-07-31
2026-08-04,0.5866995453834534,0.5787385,0.5782816,0.0056893808794788,0.0009593709394557,57.73528625740321,0.5640698671340942,0.5981684327125549,3,0.012046488506285159,0.02760683194262729,0.5876303911209106,2026-08-05,2026-08-03
2026-08-05,0.5876303911209106,0.5782816,0.5762516,0.0055896936660306,0.0009423800913703,54.44384767349154,0.5640698671340942,0.5981684327125549,4,0.01591509584598905,0.04689974766550047,0.5887513160705566,2026-08-06,2026-08-04
2026-08-06,0.5887513160705566,0.5762516,0.5767812,0.0054985292489621,0.0009386327753082,57.01197266421496,0.5640698671340942,0.5981684327125549,5,0.012686404289486142,0.06846259748900979,0.5868303775787354,2026-08-07,2026-08-05
2026-08-07,0.5868303775787354,0.5872562,0.58954024,0.005436364756938,0.0007471187366008,54.12249163661868,0.5640698671340942,0.5981684327125549,1,-0.00238988478246076,0.03762895949832691,0.5887998342514038,2026-08-10,2026-08-06
2026-08-10,0.5887998342514038,0.58954024,0.5880836,0.0053830751511082,0.0006945287321542,55.01014661518451,0.5640698671340942,0.5981684327125549,2,-0.01757539541130289,0.0208980779076065,0.5888206362724304,2026-08-11,2026-08-07
2026-08-11,0.5888206362724304,0.5880836,0.5889837,0.0052838601914198,0.000605828916986,59.57774417478142,0.5640698671340942,0.5981684327125549,3,0.003646060691822296,0.012358017598907476,0.5880000591278076,2026-08-12,2026-08-10
2026-08-12,0.5880000591278076,0.5889837,0.5902588,0.0051955116283198,0.0004440703035165,60.27031760641846,0.5640698671340942,0.5981684327125549,4,0.0026502001102386456,-0.0009821324940826734,0.5861115455627441,2026-08-13,2026-08-11
2026-08-13,0.5861115455627441,0.5902588,0.5910521,0.0051453161353194,0.000175834170961,64.56978032397473,0.5640698671340942,0.5981684327125549,5,-0.0022711594833249556,-0.015813806580395398,0.5854492783546448,2026-08-14,2026-08-12
2026-08-14,0.5854492783546448,0.585258,0.58828264,0.0050592418232733,-6.722321031424252e-05,59.967397256784814,0.5640698671340942,0.5981684327125549,1,-0.0006823476740331839,-0.014131836529064641,0.5890911817550659,2026-08-17,2026-08-13
2026-08-17,0.5890911817550659,0.58828264,0.5852965,0.0051434632435876,-6.922240318262603e-06,70.83958670053106,0.5640698671340942,0.5981684327125549,2,0.0010612446835852258,0.004413710180685897,0.5905907154083252,2026-08-18,2026-08-14
2026-08-18,0.5905907154083252,0.5852965,0.58375174,0.0050823143113284,0.0001036515356252,71.16046070189961,0.5640698671340942,0.5981684327125549,3,0.0006816241669075291,0.0014405984698549184,0.5872901082038879,2026-08-19,2026-08-17
2026-08-19,0.5872901082038879,0.58375174,0.582739,0.005127212311327,-6.663114600902968e-05,61.52918480353544,0.5640698671340942,0.5981684327125549,4,-0.018569289721207194,-0.019585588700257436,0.5935810208320618,2026-08-20,2026-08-18
2026-08-20,0.5935810208320618,0.582739,0.5819536,0.0055166293626766,0.0002082375394286,60.23669212851195,0.5640698671340942,0.5981684327125549,5,0.0007710276924720535,-0.01659844312706868,0.5954011082649231,2026-08-21,2026-08-19
2026-08-21,0.5954011082649231,0.59273624,0.5891599,0.0054517553208548,0.0004619171722658,59.58248541512227,0.5640698671340942,0.5981684327125549,1,-0.004247954192756235,-0.020098622289650085,0.5977500677108765,2026-08-24,2026-08-20
2026-08-24,0.5977500677108765,0.5891599,0.5935897,0.0054150195181059,0.0007217161855564,69.56791569828192,0.5640698671340942,0.5977500677108765,2,0.01832946105727777,-0.0030305296436349055,0.5966017842292786,2026-08-25,2026-08-21
2026-08-25,0.5966017842292786,0.5935897,0.5939042,0.0053287059270861,0.0007469008037746,65.76485991097147,0.5640698671340942,0.5977500677108765,3,0.0029593341759600266,-0.0007571342173834435,0.5976000428199768,2026-08-26,2026-08-24
2026-08-26,0.5976000428199768,0.5939042,0.59429526,0.0052439616576961,0.000758998407421,65.61663058548295,0.5640698671340942,0.5977500677108765,4,0.016606289178301835,0.03501731693057663,0.5948415398597717,2026-08-27,2026-08-25
2026-08-27,0.5948415398597717,0.59429526,0.59371805,0.0052375795074824,0.000520781490899,63.73247998953755,0.5640698671340942,0.5977500677108765,5,-0.01728842999342165,0.016493236372894807,0.5954897403717041,2026-08-28,2026-08-26
2026-08-28,0.5954897403717041,0.5965381,0.59583515,0.0051491993674442,0.000354380897483,62.01172084023613,0.5640698671340942,0.5977500677108765,1,-0.001137984674680693,0.0196594201689716,0.5919997096061707,2026-08-31,2026-08-27
2026-08-31,0.5919997096061707,0.59583515,0.59617007,0.0052029137865965,-2.3183580067078977e-05,55.07569384437939,0.5640698671340942,0.5977500677108765,2,-0.003802589714711809,-0.002659837376031039,0.5922310948371887,2026-09-01,2026-08-28
2026-09-01,0.5922310948371887,0.59617007,0.5964273,0.0051109625597907,-0.0002757640203973,56.88478257917719,0.5640698671340942,0.5977500677108765,3,0.004788932365228237,-0.0008334353389590339,0.5895600914955139,2026-09-02,2026-08-31
2026-09-02,0.5895600914955139,0.5964273,0.5963039,0.0051074098589375,-0.0006213613397064,55.47215638353615,0.5640698671340942,0.5977500677108765,4,-0.013282694622597117,-0.03025561869400699,0.5851101279258728,2026-09-03,2026-09-01
2026-09-03,0.5851101279258728,0.5963039,0.5949747,0.005258806972175,-0.0011192559317639,49.51958473208195,0.5640698671340942,0.5977500677108765,5,-0.0008456413975780643,-0.014178502753753543,0.5885607600212097,2026-09-04,2026-09-02
2026-09-04,0.5885607600212097,0.58079565,0.5792847,0.0053124401087587,-0.0011797584778667,49.24455038905783,0.5640698671340942,0.5977500677108765,1,0.011622735706030072,-0.0015181041759266365,0.5882906913757324,2026-09-07,2026-09-03
2026-09-07,0.5882906913757324,0.5792847,0.5784247,0.0052161205101885,-0.0011976980406462,46.6053205714688,0.5640698671340942,0.5977500677108765,2,0.003036282965223013,0.005333789291016081,0.5882802605628967,2026-09-08,2026-09-04
2026-09-08,0.5882802605628967,0.5784247,0.5760287,0.0051227164944427,-0.0011687202525144,51.61859848780108,0.5640698671340942,0.5977500677108765,3,0.0,0.0005308234880281224,0.585871160030365,2026-09-09,2026-09-07
2026-09-09,0.585871160030365,0.5760287,0.573475,0.0051030679081881,-0.0012622683892269,35.56471160670843,0.5640698671340942,0.5977500677108765,4,0.02129650401085809,0.0357335102757257,0.584480881690979,2026-09-10,2026-09-08
