ds,y,nhits_h1,nhits_h2,vol_garch,macd,rsi,precio_min_ventana,precio_max_ventana,dias_desde_refit,copper_ret_1d,copper_mom_5d,y_next,ds_salida,ds_reloj,retorno_1d,nhits_h1_rel,nhits_h2_rel,macd_rel,rsi_norm,posicion_en_rango,stop_loss_largo,precio_salida_largo,razon_cierre_largo,stop_loss_corto,precio_salida_corto,razon_cierre_corto,pos_ppo,ventana,umbral_simple_train,signo_cobre_train,exp,par,N,h,seed,spread
2025-06-26,0.6055908203125,0.60672224,0.60854864,0.0064192147843136,-0.0006191373772052,51.992100336887134,0.5518489480018616,0.6065201163291931,5,0.0094070229135028,0.0140351536768969,0.6058990359306335,2025-06-27,2025-06-25,0.007391130841550289,0.0018682906833299214,0.0048841884458778045,-0.0010223691582473288,0.5199210033688714,0.9830020823566609,0.6017034027655054,0.6058990359306335,cierre_dia,0.6094782378594946,0.6058990359306335,cierre_dia,-1.0,1,0.0075720394435823055,1.0,diario,nzd,1,1,42,0.0003
2025-06-27,0.6058990359306335,0.60654473,0.607377,0.006282908327114,-0.0003447081633049,55.32473978482066,0.5518489480018616,0.6065201163291931,1,0.0305680316592639,0.0455108363094239,0.6063987016677856,2025-06-30,2025-06-26,0.0005088208096749719,0.001065679314664488,0.0024392910067868217,-0.0005689201382792164,0.5532473978482065,0.9886397086881153,0.6020922278323947,0.6063987016677856,cierre_dia,0.6097058440288725,0.6063987016677856,cierre_dia,-1.0,1,0.0075720394435823055,1.0,diario,nzd,1,1,42,0.0003
2025-06-30,0.6063987016677856,0.607377,0.6087098,0.0061520653168688,-0.0001443287510589,52.14776447593453,0.5518489480018616,0.6065201163291931,2,0.0005921175328644,0.0502486153345132,0.6092397570610046,2025-07-01,2025-06-27,0.0008243284631318167,0.0016132922605600483,0.0038111861484170094,-0.0002380096637112693,0.5214776447593453,0.9977791829748264,0.6026680972470609,0.607377,take_profit,0.6101293060885102,0.6092397570610046,cierre_dia,-1.0,1,0.0075720394435823055,1.0,diario,nzd,1,1,42,0.0003
2025-07-01,0.6092397570610046,0.6087098,0.60942674,0.0061054381595339,0.0001488844325475,55.12032732552171,0.5518489480018616,0.6092397570610046,3,-0.0076248982961816,0.0386124875412383,0.6100797653198242,2025-07-02,2025-06-30,0.004674186713059441,-0.0008698661813556026,0.00030691191247488644,0.00024437740778068074,0.5512032732552171,1.0,0.6055200813999392,0.6100797653198242,cierre_dia,0.61295943272207,0.6100797653198242,cierre_dia,-1.0,1,0.0075720394435823055,1.0,diario,nzd,1,1,42,0.0003
2025-07-02,0.6100797653198242,0.60942674,0.6091414,0.0059849390491203,0.0003568718149125,60.3197446028966,0.5518489480018616,0.6100797653198242,4,0.0035720714555227,0.0371891826646819,0.6089392304420471,2025-07-03,2025-07-01,0.0013778314482656838,-0.0010703933435358478,-0.001538102676347971,0.0005849592712281088,0.603197446028966,1.0,0.6064284751092834,0.6089392304420471,cierre_dia,0.6137310555303649,0.60942674,take_profit,-1.0,1,0.0075720394435823055,1.0,diario,nzd,1,1,42,0.0003
2025-07-03,0.6089392304420471,0.6091414,0.60873395,0.0058725489953391,0.0003733312547697,54.11621048190474,0.5518489480018616,0.6100797653198242,5,0.0198104563833506,0.0480358347047375,0.608009934425354,2025-07-04,2025-07-02,-0.0018712345165132179,0.0003320028466652986,-0.000337111540503199,0.0006130845839882705,0.5411621048190474,0.9804135519591054,0.6053632049760921,0.608009934425354,cierre_dia,0.6125152559080022,0.608009934425354,cierre_dia,-1.0,1,0.0075720394435823055,1.0,diario,nzd,1,1,42,0.0003
2025-07-04,0.608009934425354,0.6075036,0.6063107,0.0057594903198239,0.0002815117329157,57.41987831360825,0.5637201070785522,0.6100797653198242,1,-0.010150398354574,0.0062186044536997,0.6051217317581177,2025-07-07,2025-07-03,-0.00152725557345198,-0.0008327732766941074,-0.0027947477979286873,0.00046300515333152256,0.5741987831360825,0.9553527576994186,0.6045081070936744,0.6051217317581177,cierre_dia,0.6115117617570336,0.6075036,take_profit,-1.0,1,0.0075720394435823055,1.0,diario,nzd,1,1,42,0.0003
2025-07-07,0.6051217317581177,0.6063107,0.6052484,0.005730076178406,9.8391837535447e-07,50.340540671322806,0.5747886300086975,0.6100797653198242,2,-0.0155211006805824,-0.009864889083736,0.6007810235023499,2025-07-08,2025-07-04,-0.0047615740395921076,0.0019648414186479173,0.00020932687628706154,1.6259842007256928e-06,0.5034054067132281,0.8595105111242098,0.6016543381379347,0.6016543381379347,stop_loss,0.6085891253783007,0.6007810235023499,cierre_dia,-1.0,1,0.0075720394435823055,1.0,diario,nzd,1,1,42,0.0003
2025-07-08,0.6007810235023499,0.6052484,0.6047943,0.005816279320793,-0.0004758146224362,48.1287432363923,0.5836314558982849,0.6100797653198242,3,-0.0067979709217581,-0.0090457806312167,0.5993586778640747,2025-07-09,2025-07-07,-0.007199132739615593,0.007435948079063607,0.0066800986393579995,-0.0007919934282583726,0.481287432363923,0.6484182913444918,0.5972867132590283,0.5993586778640747,cierre_dia,0.6042753337456714,0.5993586778640747,cierre_dia,-1.0,1,0.0075720394435823055,1.0,diario,nzd,1,1,42,0.0003
2025-07-09,0.5993586778640747,0.6047943,0.6022607,0.0057189068790251,-0.0008633097225041,44.26730689840823,0.5861286520957947,0.6100797653198242,4,0.1244371105177899,0.1182646867596354,0.5998404622077942,2025-07-10,2025-07-08,-0.0023703012284142016,0.009069063878904937,0.0048418789000722684,-0.0014403891265588472,0.4426730689840823,0.5523762358989929,0.5959310013982345,0.5998404622077942,cierre_dia,0.6027863543299149,0.5998404622077942,cierre_dia,-1.0,1,0.0075720394435823055,1.0,diario,nzd,1,1,42,0.0003
2025-07-10,0.5998404622077942,0.6022607,0.602053,0.0056068409702749,-0.0010510332380149,49.58339168183728,0.5861286520957947,0.6100797653198242,5,-0.0363479501751166,0.0571955456428253,0.6041712164878845,2025-07-11,2025-07-09,0.000803510198667604,0.004034802492812471,0.003688543757222069,-0.0017521879636902612,0.49583391681837274,0.5724915574380401,0.5964772521286589,0.6022607,take_profit,0.6032036722869295,0.6032036722869295,stop_loss,-1.0,1,0.0075720394435823055,1.0,diario,nzd,1,1,42,0.0003
2025-07-11,0.6041712164878845,0.5992876,0.59985185,0.0057103535118165,-0.0008556752308674,63.53732725993768,0.5861286520957947,0.6100797653198242,1,0.0190152329644215,0.0884833678604466,0.6006907820701599,2025-07-14,2025-07-10,0.007193905231822608,-0.008083166418078477,-0.007149242416733327,-0.001416279371668079,0.6353732725993768,0.7533079662446838,0.6007211852600745,0.6007211852600745,stop_loss,0.6076212477156946,0.6006907820701599,cierre_dia,-1.0,1,0.0075720394435823055,1.0,diario,nzd,1,1,42,0.0003
2025-07-14,0.6006907820701599,0.59985185,0.6001938,0.0057258803671688,-0.0009269916937855,51.94964697625736,0.5861286520957947,0.6100797653198242,2,0.0025202424496245,0.1082992851860653,0.5971896052360535,2025-07-15,2025-07-11,-0.005777332346090945,-0.0013966121924973399,-0.0008273509182997014,-0.0015432094539403612,0.5194964697625736,0.6079938680994343,0.5972512985143651,0.5972512985143651,stop_loss,0.6041302656259546,0.59985185,take_profit,-1.0,1,0.0075720394435823055,1.0,diario,nzd,1,1,42,0.0003
2025-07-15,0.5971896052360535,0.6001938,0.59946835,0.0057433849709614,-0.0011609269523409,43.73608803632692,0.5861286520957947,0.6100797653198242,3,-0.0084860909655818,0.106429921247489,0.5954294800758362,2025-07-16,2025-07-14,-0.005845636745090757,0.0050305543458999975,0.003815781024932254,-0.0019439838573245358,0.4373608803632692,0.46181373854312613,0.5937597154325264,0.5954294800758362,cierre_dia,0.6006194950395806,0.5954294800758362,cierre_dia,-1.0,1,0.0075720394435823055,1.0,diario,nzd,1,1,42,0.0003
2025-07-16,0.5954294800758362,0.59946835,0.5993287,0.00566215638226,-0.0013707694109697,32.33689401867028,0.5861286520957947,0.6100797653198242,4,0.0056053193852702,-0.0175376399373463,0.594590425491333,2025-07-17,2025-07-15,-0.002951699263952596,0.006783120519409613,0.006548583929145138,-0.0023021524073600012,0.3233689401867028,0.38832549840356567,0.592058065245039,0.594590425491333,cierre_dia,0.5988008949066334,0.594590425491333,cierre_dia,-1.0,1,0.0075720394435823055,1.0,diario,nzd,1,1,42,0.0003
2025-07-17,0.594590425491333,0.5993287,0.598509,0.0055580320752256,-0.0014926058478111,30.698832735492616,0.5861286520957947,0.6100797653198242,5,-0.0089654190685415,0.0097363778614061,0.5944314002990723,2025-07-18,2025-07-16,-0.0014101524178180395,0.007968972094953633,0.006590376065051637,-0.002510309254606147,0.30698832735492615,0.35329353238783273,0.5912856728348301,0.5944314002990723,cierre_dia,0.5978951781478359,0.5944314002990723,cierre_dia,-1.0,1,0.0075720394435823055,1.0,diario,nzd,1,1,42,0.0003
2025-07-18,0.5944314002990723,0.5926192,0.590549,0.005450185595687,-0.0015060951100211,29.33430222983432,0.5861286520957947,0.6100797653198242,1,-0.0019121251718409,-0.0111751621121755,0.5952805876731873,2025-07-21,2025-07-17,-0.00026748910702834944,-0.003048628148110098,-0.006531284008750125,-0.0025336735395595665,0.2933430222983432,0.3466539582363818,0.5911916388435382,0.5952805876731873,cierre_dia,0.5976711617546063,0.5952805876731873,cierre_dia,-1.0,1,0.0075720394435823055,1.0,diario,nzd,1,1,42,0.0003
2025-07-21,0.5952805876731873,0.590549,0.5904472,0.0053552927999881,-0.0013831928667657,24.11386556665296,0.5861286520957947,0.6100797653198242,2,0.016630897874152,0.0028767118707508,0.5969614386558533,2025-07-22,2025-07-18,0.001427551419021704,-0.007948499869081799,-0.00811951166101332,-0.0023235981407898378,0.24113865566652962,0.38210898557360895,0.5920926858280483,0.5969614386558533,cierre_dia,0.5984684895183261,0.5969614386558533,cierre_dia,-1.0,1,0.0075720394435823055,1.0,diario,nzd,1,1,42,0.0003
2025-07-22,0.5969614386558533,0.5904472,0.59047985,0.0052902871961768,-0.0011250184039907,26.408840963416324,0.5861286520957947,0.6100797653198242,3,0.0058095154505189,0.0173164088273065,0.600009560585022,2025-07-23,2025-07-21,0.0028196491302425004,-0.010912327386708748,-0.010857633736690759,-0.001884574666202636,0.26408840963416325,0.4522873930214791,0.593803341200321,0.600009560585022,cierre_dia,0.6001195361113857,0.600009560585022,cierre_dia,-1.0,1,0.0075720394435823055,1.0,diario,nzd,1,1,42,0.0003
2025-07-23,0.600009560585022,0.59047985,0.5905771,0.0053077781283495,-0.0007057716845084,34.9724857513707,0.5861286520957947,0.6100797653198242,4,0.0152999082197381,0.0272268342560983,0.604781448841095,2025-07-24,2025-07-22,0.00509306995735138,-0.01588259789682397,-0.015720517146135402,-0.0011762673978398907,0.34972485751370697,0.5795517043149766,0.5968248429625482,0.604781448841095,cierre_dia,0.6031942782074957,0.6031942782074957,stop_loss,-1.0,1,0.0075720394435823055,1.0,diario,nzd,1,1,42,0.0003
2025-07-24,0.604781448841095,0.5905771,0.59159654,0.0054800777405368,-9.593026443554835e-05,45.18907089070358,0.5861286520957947,0.6100797653198242,5,0.0170557647717516,0.0543072974086223,0.6037116050720215,2025-07-25,2025-07-23,0.007921561784848773,-0.023486746936953695,-0.021801113222570636,-0.00015861972059389974,0.4518907089070358,0.7787862121826729,0.6014671994854113,0.6037116050720215,cierre_dia,0.6080956981967787,0.6037116050720215,cierre_dia,-1.0,1,0.0075720394435823055,1.0,diario,nzd,1,1,42,0.0003
2025-07-25,0.6037116050720215,0.6057906,0.6070579,0.0053880641098418,0.0002288162805629,47.77829949476927,0.5861286520957947,0.6100797653198242,1,-0.0031109817422887,0.0530440915304822,0.6019309759140015,2025-07-28,2025-07-24,-0.001770542321430674,0.0034436888582429236,0.005542869972789986,0.0003790158722153481,0.4777829949476927,0.7341184024209062,0.600458768240038,0.6019309759140015,cierre_dia,0.606964441904005,0.6019309759140015,cierre_dia,-1.0,1,0.0075720394435823055,1.0,diario,nzd,1,1,42,0.0003
2025-07-28,0.6019309759140015,0.6070579,0.6072707,0.0053222625428262,0.0003119649489767,51.97076891960636,0.5861286520957947,0.6100797653198242,2,-0.0023395420911621,0.0332556727635371,0.5971896052360535,2025-07-29,2025-07-25,-0.002953828076052538,0.008517461787397802,0.008870990694390646,0.0005182736251494569,0.5197076891960636,0.659774085254322,0.5987273412275276,0.5987273412275276,stop_loss,0.6051346106004754,0.5971896052360535,cierre_dia,-1.0,1,0.0075720394435823055,1.0,diario,nzd,1,1,42,0.0003
2025-07-29,0.5971896052360535,0.6072707,0.6081924,0.0054813541299014,4.966732008870656e-05,46.6623743724354,0.5861286520957947,0.6100797653198242,3,-0.0296716618591123,-0.0027626894313318,0.595461368560791,2025-07-30,2025-07-28,-0.007908121105182048,0.016880894569425386,0.018424290489110876,8.316842700079209e-05,0.466623743724354,0.46181373854312613,0.5939161975270587,0.595461368560791,cierre_dia,0.6004630129450483,0.595461368560791,cierre_dia,-1.0,1,0.0075720394435823055,1.0,diario,nzd,1,1,42,0.0003
2025-07-30,0.595461368560791,0.6081924,0.6089205,0.0054106604307053,-0.0002232213094569,43.51066554785144,0.5861286520957947,0.6100797653198242,4,0.0015180785029724,-0.0164121707724854,0.5907686352729797,2025-07-31,2025-07-29,-0.002898145262762781,0.021380113154912807,0.022602862502632545,-0.00037487118601231507,0.4351066554785144,0.3896568972682682,0.5922395292959055,0.5922395292959055,stop_loss,0.5986832078256765,0.5907686352729797,cierre_dia,-1.0,1,0.0075720394435823055,1.0,diario,nzd,1,1,42,0.0003
2025-07-31,0.5907686352729797,0.6089205,0.60901654,0.0055610836925799,-0.0006771213818361,30.34966477205198,0.5861286520957947,0.6100797653198242,5,-0.0059962980094913,-0.0388265576652868,0.5888692140579224,2025-08-01,2025-07-30,-0.007912053738780848,0.030725843660662024,0.030888411532864136,-0.0011461701610533518,0.3034966477205198,0.19372724490024462,0.5874833214492755,0.5888692140579224,cierre_dia,0.594053949096684,0.5888692140579224,cierre_dia,-1.0,1,0.0075720394435823055,1.0,diario,nzd,1,1,42,0.0003
2025-08-01,0.5888692140579224,0.59072405,0.5907892,0.0054949275546615,-0.0010408757805869,31.82508801865025,0.5861286520957947,0.6100797653198242,1,-0.251712046899755,-0.2503894472807695,0.5914185047149658,2025-08-04,2025-07-31,-0.0032203491226627315,0.0031498266470679115,0.0032604624188908565,-0.0017675839655705236,0.3182508801865025,0.11442315588814259,0.5856334203875037,0.59072405,take_profit,0.5921050077283411,0.5914185047149658,cierre_dia,-1.0,1,0.0075720394435823055,1.0,diario,nzd,1,1,42,0.0003
2025-08-04,0.5914185047149658,0.5907892,0.5900326,0.0054707440930895,-0.0010427812457344,40.85977045348559,0.5861286520957947,0.6100797653198242,2,0.0187583627880434,-0.2344062217256714,0.5916984677314758,2025-08-05,2025-08-01,0.0043197850503009965,-0.001064059899967282,-0.0023433570372197584,-0.0017631867069106478,0.4085977045348559,0.22086040718407896,0.5881830054237526,0.5916984677314758,cierre_dia,0.5946540040061791,0.5916984677314758,cierre_dia,-1.0,1,0.0075720394435823055,1.0,diario,nzd,1,1,42,0.0003
2025-08-05,0.5916984677314758,0.5900326,0.59155345,0.0053692266553184,-0.00096023340091,43.80016639594311,0.5873715281486511,0.6100797653198242,3,0.0005664247692132,-0.2109025688271211,0.5909292101860046,2025-08-06,2025-08-04,0.00047326346972524896,-0.002815399772560869,-0.0002450872182106203,-0.0016228424666899297,0.4380016639594311,0.1905449353117347,0.588521504546621,0.5909292101860046,cierre_dia,0.5948754309163308,0.5909292101860046,cierre_dia,-1.0,1,0.0075720394435823055,1.0,diario,nzd,1,1,42,0.0003
2025-08-06,0.5909292101860046,0.59155345,0.5887015,0.0052760816304154,-0.0008938493908966,43.90200318078662,0.5873715281486511,0.6100797653198242,4,-0.0116187932840617,-0.2212010476036411,0.59284907579422,2025-08-07,2025-08-05,-0.001300929562747769,0.0010563698717802558,-0.003769842728375945,-0.001512616698394798,0.4390200318078662,0.15666923022407941,0.5878114194352664,0.59155345,take_profit,0.5940470009367429,0.59284907579422,cierre_dia,-1.0,1,0.0075720394435823055,1.0,diario,nzd,1,1,42,0.0003
2025-08-07,0.59284907579422,0.5887015,0.58652836,0.0052276169175924,-0.000667425697941,47.510554379199945,0.5873715281486511,0.6100797653198242,5,0.0061679125353316,-0.2116697201650832,0.597011387348175,2025-08-08,2025-08-06,0.0032436264699441555,-0.006996006173516614,-0.010661593400904522,-0.0011257936044631127,0.47510554379199943,0.24121412878857476,0.589749887936019,0.597011387348175,cierre_dia,0.5959482636524209,0.5959482636524209,stop_loss,-1.0,1,0.0075720394435823055,1.0,diario,nzd,1,1,42,0.0003
2025-08-08,0.597011387348175,0.5935458,0.59494656,0.0053475934177789,-0.000207932876667,52.465963286546994,0.5886993408203125,0.6100797653198242,1,-0.0028507481716754,0.0110841375039543,0.5949299931526184,2025-08-11,2025-08-07,0.006996330512974021,-0.005804893209103761,-0.0034586063045575297,-0.00034828963244839124,0.5246596328654699,0.38876901289085153,0.5938188131828529,0.5949299931526184,cierre_dia,0.6002039615134972,0.5949299931526184,cierre_dia,-1.0,1,0.0075720394435823055,1.0,diario,nzd,1,1,42,0.0003
2025-08-11,0.5949299931526184,0.59494656,0.59341425,0.0052984451568522,-2.4429007441862955e-05,47.13835189489098,0.5888692140579224,0.6100797653198242,2,0.0174331198292759,0.009745092845735,0.5940499901771545,2025-08-12,2025-08-08,-0.0034924474394508165,2.7846717382350976e-05,-0.0025477672500359887,-4.106198665898517e-05,0.4713835189489098,0.28574359147290745,0.5917777892117329,0.5940499901771545,cierre_dia,0.5980821970935041,0.5940499901771545,cierre_dia,-1.0,1,0.0075720394435823055,1.0,diario,nzd,1,1,42,0.0003
2025-08-12,0.5940499901771545,0.59341425,0.59278226,0.0052100757168424,5.319641703001852e-05,41.05873326167323,0.5888692140579224,0.6100797653198242,3,-0.0072080645852464,0.0019252772945803,0.5957806706428528,2025-08-13,2025-08-11,-0.0014802656873784356,-0.0010701795937492094,-0.002134046289229766,8.95487213359848e-05,0.4105873326167323,0.2442546662395252,0.5909549447487421,0.5957806706428528,cierre_dia,0.5971450356055671,0.5957806706428528,cierre_dia,-1.0,1,0.0075720394435823055,1.0,diario,nzd,1,1,42,0.0003
2025-08-13,0.5957806706428528,0.59278226,0.5919262,0.0051553815266846,0.0002268765033035,35.13987459112218,0.5888692140579224,0.6100797653198242,4,0.0190332742175072,0.0331118837679883,0.5981004238128662,2025-08-14,2025-08-12,0.0029091226898910433,-0.005032742401020606,-0.00646961345471953,0.00038080541125763305,0.3513987459112218,0.32584992721734196,0.5927091939794649,0.5981004238128662,cierre_dia,0.5988521473062408,0.5981004238128662,cierre_dia,-1.0,1,0.0075720394435823055,1.0,diario,nzd,1,1,42,0.0003
2025-08-14,0.5981004238128662,0.5919262,0.5939605,0.0051329310065216,0.0004887333399558,41.103223026151646,0.5888692140579224,0.6100797653198242,5,-0.0058951786648026,0.0207242278245734,0.5921083688735962,2025-08-15,2025-08-13,0.0038860755901307512,-0.01032305540515391,-0.006921787124768045,0.0008171426076579993,0.4110322302615165,0.435217814047334,0.5950304156024635,0.5950304156024635,stop_loss,0.6011704320232689,0.5921083688735962,cierre_dia,-1.0,1,0.0075720394435823055,1.0,diario,nzd,1,1,42,0.0003
2025-08-15,0.5921083688735962,0.59846866,0.599882,0.0054675123169569,0.0002605765896253,36.26067991275987,0.5888692140579224,0.6100797653198242,1,-0.0039121324246721,0.019641421940717,0.5928595662117004,2025-08-18,2025-08-14,-0.010068998987823166,0.010741768670663046,0.013128730372772955,0.00044008259859763636,0.3626067991275987,0.15271431542149308,0.5888710090738065,0.5928595662117004,cierre_dia,0.5953457286733859,0.5928595662117004,cierre_dia,1.0,1,0.0075720394435823055,1.0,diario,nzd,1,1,42,0.0003
2025-08-18,0.5928595662117004,0.599882,0.59945446,0.0053726272694223,0.0001669938700962,43.18236420286047,0.5888692140579224,0.6100797653198242,2,0.0030193399399282,0.0050499466976231,0.5923784375190735,2025-08-19,2025-08-15,0.001267878085967268,0.011845020622964851,0.011123871763493911,0.00028167525601934743,0.4318236420286047,0.1881305254402086,0.5896743527393336,0.5923784375190735,cierre_dia,0.5960447796840673,0.5923784375190735,cierre_dia,1.0,1,0.0075720394435823055,1.0,diario,nzd,1,1,42,0.0003
2025-08-19,0.5923784375190735,0.59945446,0.59801054,0.0052758038397559,8.364052558482789e-05,44.947514637877376,0.5888692140579224,0.6100797653198242,3,-0.0047007104843415,0.007573124731587,0.5897687077522278,2025-08-20,2025-08-18,-0.0008118685319568617,0.011945104738385589,0.009507608859826452,0.00014119441270536593,0.4494751463787738,0.16544706536950546,0.5892531650838218,0.5897687077522278,cierre_dia,0.5955037099543253,0.5897687077522278,cierre_dia,1.0,1,0.0075720394435823055,1.0,diario,nzd,1,1,42,0.0003
2025-08-20,0.5897687077522278,0.59801054,0.5988337,0.0052602443491035,-0.0001249647062201,48.2411775806756,0.5888692140579224,0.6100797653198242,4,-0.0108279561164003,-0.0220694637023123,0.5828185081481934,2025-08-21,2025-08-19,-0.004415243934516812,0.013974685566455545,0.015370419163677642,-0.00021188765117155026,0.482411775806756,0.042407841418109674,0.5866663802399961,0.5866663802399961,stop_loss,0.5928710352644595,0.5828185081481934,cierre_dia,1.0,1,0.0075720394435823055,1.0,diario,nzd,1,1,42,0.0003
2025-08-21,0.5828185081481934,0.5988337,0.59827924,0.0057299266086512,-0.0006778537885305,40.96284505597813,0.5828185081481934,0.6100797653198242,5,0.0038483801407969,-0.0124943680125454,0.5822314620018005,2025-08-22,2025-08-20,-0.011854608174524182,0.027478866281532843,0.026527523809994426,-0.0011630615346864413,0.4096284505597813,0.0,0.5794790008703407,0.5822314620018005,cierre_dia,0.5861580154260461,0.5822314620018005,cierre_dia,1.0,1,0.0075720394435823055,1.0,diario,nzd,1,1,42,0.0003
2025-08-22,0.5822314620018005,0.5774514,0.5771339,0.0056212606303515,-0.001009923405071,35.424141381090806,0.5822314620018005,0.6100797653198242,1,0.0012418493801091,-0.0073916435742335,0.5865412354469299,2025-08-25,2025-08-21,-0.0010077614027149708,-0.00820989986588153,-0.00875521563928264,-0.0017345737408259068,0.35424141381090807,0.0,0.5789585872066978,0.5865412354469299,cierre_dia,0.5855043367969032,0.5855043367969032,stop_loss,1.0,1,0.0075720394435823055,1.0,diario,nzd,1,1,42,0.0003
2025-08-25,0.5865412354469299,0.5771339,0.57348466,0.005732384875186,-0.0008713746142384,42.74536502911111,0.5822314620018005,0.6100797653198242,2,0.0036040742935226,-0.0068110616420086,0.5849184393882751,2025-08-26,2025-08-22,0.007374903586097209,-0.016038659992526863,-0.02226028565064341,-0.0014856152672274338,0.42745365029111115,0.1547589235836881,0.583178955340181,0.5849184393882751,cierre_dia,0.5899035155536788,0.5849184393882751,cierre_dia,1.0,1,0.0075720394435823055,1.0,diario,nzd,1,1,42,0.0003
2025-08-26,0.5849184393882751,0.57348466,0.57110286,0.0056485841349761,-0.0008217309667752,41.742978043284594,0.5822314620018005,0.6100797653198242,3,0.0042628685813748,0.0021314846700646,0.5858402848243713,2025-08-27,2025-08-25,-0.0027705556265581197,-0.019547647361285017,-0.023619668073251193,-0.0014048641852265598,0.41742978043284595,0.09648621518480706,0.5816144783712915,0.5858402848243713,cierre_dia,0.5882224004052587,0.5858402848243713,cierre_dia,1.0,1,0.0075720394435823055,1.0,diario,nzd,1,1,42,0.0003
2025-08-27,0.5858402848243713,0.57110286,0.57073474,0.0055507809909002,-0.0006661477762885,40.10055361737092,0.5822314620018005,0.6100797653198242,4,-0.0035886086139926,0.0094125861435164,0.5861183404922485,2025-08-28,2025-08-26,0.0015747832709536262,-0.025156045437861055,-0.025784407825248483,-0.0011370808623859044,0.4010055361737092,0.12958860657895582,0.5825884137076647,0.5861183404922485,cierre_dia,0.589092155941078,0.5861183404922485,cierre_dia,1.0,1,0.0075720394435823055,1.0,diario,nzd,1,1,42,0.0003
2025-08-28,0.5861183404922485,0.57073474,0.57180727,0.0054468915069671,-0.0004918865340263,32.718039886902005,0.5822314620018005,0.6100797653198242,5,-0.0081218210527722,-0.0025982560861105,0.5885087847709656,2025-08-29,2025-08-27,0.0004745144872661085,-0.026246577575662754,-0.02441669114163784,-0.0008392273369456271,0.32718039886902006,0.13957326039078202,0.5829258174813436,0.5885087847709656,cierre_dia,0.5893108635031534,0.5885087847709656,cierre_dia,1.0,1,0.0075720394435823055,1.0,diario,nzd,1,1,42,0.0003
2025-08-29,0.5885087847709656,0.58716744,0.5874738,0.005416530363745,-0.0001791244979096,39.911598898732045,0.5822314620018005,0.6100797653198242,1,0.0110385858296412,0.0072210459557397,0.5896887183189392,2025-09-01,2025-08-28,0.004070138561110339,-0.002279226420532724,-0.001758656451268307,-0.00030437013438858223,0.3991159889873204,0.22541131850938642,0.585321109068923,0.5896887183189392,cierre_dia,0.5916964604730082,0.5896887183189392,cierre_dia,-1.0,1,0.0075720394435823055,1.0,diario,nzd,1,1,42,0.0003
2025-09-01,0.5896887183189392,0.5874738,0.5884304,0.0053343632171002,0.0001272079439426,43.2119518630256,0.5822314620018005,0.6100797653198242,2,0.0122468306693877,0.0159639389974401,0.5906291007995605,2025-09-02,2025-08-29,0.0020029476201578874,-0.0037560805389890498,-0.002133868734213454,0.00021572049793531624,0.432119518630256,0.2677813521340191,0.5865431045103997,0.5906291007995605,cierre_dia,0.5928343321274787,0.5906291007995605,cierre_dia,-1.0,1,0.0075720394435823055,1.0,diario,nzd,1,1,42,0.0003
2025-09-02,0.5906291007995605,0.5884304,0.59080344,0.0052489182021356,0.0003978744657603,41.779674074524976,0.5822314620018005,0.6100797653198242,3,0.0,0.011642236212103,0.5861698985099792,2025-09-03,2025-09-01,0.0015934397742073953,-0.0037226421735468995,0.00029517543277735557,0.0006736452118963997,0.41779674074524975,0.30154938711562296,0.5875289369616628,0.5875289369616628,stop_loss,0.5937292646374583,0.5884304,take_profit,-1.0,1,0.0075720394435823055,1.0,diario,nzd,1,1,42,0.0003
2025-09-03,0.5861698985099792,0.59080344,0.5920622,0.0053908851088663,0.0002865017715263,32.17930295211691,0.5822314620018005,0.6100797653198242,4,0.0112237356170585,0.0267385592028607,0.5881107449531555,2025-09-04,2025-09-02,-0.007578564623017274,0.007904775563874892,0.01005220756814489,0.0004887691644599564,0.3217930295211691,0.14142464850380015,0.5830099239328361,0.5881107449531555,cierre_dia,0.5893298730871223,0.5881107449531555,cierre_dia,1.0,1,0.0075720394435823055,1.0,diario,nzd,1,1,42,0.0003
2025-09-04,0.5881107449531555,0.5920622,0.5907423,0.0053394157059276,0.0003492958016199,43.20653770341694,0.5822314620018005,0.6100797653198242,5,-0.0024102020135148,0.032619678073096,0.5851101279258728,2025-09-05,2025-09-03,0.0033055951680306234,0.006718896195578281,0.004474591000805717,0.0005939286173860372,0.4320653770341694,0.2111181742102706,0.5849705772047279,0.5851101279258728,cierre_dia,0.5912509127015833,0.5851101279258728,cierre_dia,1.0,1,0.0075720394435823055,1.0,diario,nzd,1,1,42,0.0003
2025-09-05,0.5851101279258728,0.5894123,0.5905619,0.0053476142325828,0.0002018136232201,37.76610559913281,0.5822314620018005,0.6100797653198242,1,-0.015586431517168,0.0054889420998867,0.5888698697090149,2025-09-08,2025-09-04,-0.005115189542362815,0.007352756120249959,0.009317514453993269,0.0003449156211592147,0.37766105599132804,0.10336952636569303,0.5819811846781481,0.5888698697090149,cierre_dia,0.5882390711735975,0.5882390711735975,stop_loss,1.0,1,0.0075720394435823055,1.0,diario,nzd,1,1,42,0.0003
2025-09-08,0.5888698697090149,0.5905619,0.59114975,0.0054246292495344,0.0003612359823387,44.98067786088742,0.5822314620018005,0.6100797653198242,2,-0.0012262060033473,-0.0079671962195787,0.5945091247558594,2025-09-09,2025-09-05,0.006405142582653522,0.002873351784531246,0.003871619874373468,0.0006134394047316459,0.4498067786088742,0.23837745629974938,0.5856754689896219,0.5905619,take_profit,0.5920642704284079,0.5920642704284079,stop_loss,-1.0,1,0.0075720394435823055,1.0,diario,nzd,1,1,42,0.0003
2025-09-09,0.5945091247558594,0.59114975,0.59154665,0.005694835539701,0.0008237857920766,56.24065247857426,0.5822314620018005,0.6100797653198242,3,0.0017831046647887,-0.0061967198963357,0.5925999879837036,2025-09-10,2025-09-08,0.009530839673280033,-0.005650669797942805,-0.004983060196218167,0.001385657103942509,0.5624065247857426,0.4408765092023621,0.5911234930635232,0.5925999879837036,cierre_dia,0.5978947564481957,0.5925999879837036,cierre_dia,-1.0,1,0.0075720394435823055,1.0,diario,nzd,1,1,42,0.0003
2025-09-10,0.5925999879837036,0.59154665,0.590653,0.0056228864979475,0.0009684840840303,64.84783560672136,0.5822314620018005,0.6100797653198242,4,0.0023355300255342,-0.0149907084843308,0.5943783521652222,2025-09-11,2025-09-09,-0.003216449772964844,-0.0017774856649720827,-0.003285501220356372,0.0016342964962343758,0.6484783560672136,0.37232164069372475,0.5892678655125861,0.5943783521652222,cierre_dia,0.5959321104548211,0.5943783521652222,cierre_dia,-1.0,1,0.0075720394435823055,1.0,diario,nzd,1,1,42,0.0003
2025-09-11,0.5943783521652222,0.590653,0.59017164,0.0055526393136277,0.0011394942039343,67.79482826970397,0.5822314620018005,0.6100797653198242,5,0.0108276966747339,-0.0018645656890414,0.5977801084518433,2025-09-12,2025-09-10,0.002996458236838429,-0.006267644424887518,-0.0070774989531462796,0.001917119289057737,0.6779482826970397,0.43618061842783973,0.5910779835598203,0.5977801084518433,cierre_dia,0.597678720770624,0.597678720770624,stop_loss,-1.0,1,0.0075720394435823055,1.0,diario,nzd,1,1,42,0.0003
2025-09-12,0.5977801084518433,0.59301746,0.5948662,0.0055812001221254,0.0014190353886078,66.91461285767852,0.5822314620018005,0.6100797653198242,1,0.0088616491270666,0.022838672854217,0.5953408479690552,2025-09-15,2025-09-11,0.0057069016100891705,-0.00796722471106939,-0.004874549036751685,0.002373841766469746,0.6691461285767852,0.5583337078916221,0.5944437780375477,0.5953408479690552,cierre_dia,0.6011164388661389,0.5953408479690552,cierre_dia,-1.0,1,0.0075720394435823055,1.0,diario,nzd,1,1,42,0.0003
2025-09-15,0.5953408479690552,0.5948662,0.59438074,0.0055393275856563,0.0013759534180265,65.30958172015332,0.5822314620018005,0.6100797653198242,2,-0.0004357457445816,0.0236475058092753,0.596911609172821,2025-09-16,2025-09-12,-0.004088879452073108,-0.0007972709594417677,-0.0016127029958225168,0.002311202771858214,0.6530958172015332,0.4707427169816167,0.5920430599870321,0.596911609172821,cierre_dia,0.5986386359510782,0.596911609172821,cierre_dia,-1.0,1,0.0075720394435823055,1.0,diario,nzd,1,1,42,0.0003
2025-09-16,0.596911609172821,0.59438074,0.59409577,0.005464283953876,0.0013856900717959,65.95854726409195,0.5822314620018005,0.6100797653198242,3,0.014496124151625,0.0367442295588919,0.5989401340484619,2025-09-17,2025-09-15,0.0026349488368287654,-0.00423993960567842,-0.004717346973236309,0.002321432604931474,0.6595854726409195,0.5271469146028505,0.5936499146449357,0.5989401340484619,cierre_dia,0.6001733037007064,0.5989401340484619,cierre_dia,-1.0,1,0.0075720394435823055,1.0,diario,nzd,1,1,42,0.0003
2025-09-17,0.5989401340484619,0.59409577,0.5934134,0.0054115247041338,0.0014540771447115,67.59387697683093,0.5822314620018005,0.6100797653198242,4,-0.0048447182133374,0.0293268099551226,0.5934189558029175,2025-09-18,2025-09-16,0.0033926058690714003,-0.008088227475619325,-0.009227523310392739,0.002427750391149855,0.6759387697683092,0.5999888702679911,0.5956989547167615,0.5956989547167615,stop_loss,0.6021813133801623,0.59409577,take_profit,-1.0,1,0.0075720394435823055,1.0,diario,nzd,1,1,42,0.0003
2025-09-18,0.5934189558029175,0.5934134,0.5906218,0.0056512610023183,0.0010705216490806,56.20457417787265,0.5822314620018005,0.6100797653198242,5,-0.0134725631556488,0.0046153643004296,0.5891293883323669,2025-09-19,2025-09-17,-0.009260998223274891,-9.362361722981163e-06,-0.004713627321076813,0.0018039896410658896,0.5620457417787265,0.40172981719415174,0.590065390399952,0.590065390399952,stop_loss,0.596772521205883,0.5934134,take_profit,-1.0,2,0.007452490965667115,1.0,diario,nzd,1,1,42,0.0003
2025-09-19,0.5891293883323669,0.59524214,0.59482145,0.0057434445385617,0.0004999625069539,49.34471836296905,0.5822314620018005,0.6100797653198242,1,-0.0065847932935611,-0.0107831368853523,0.5851306319236755,2025-09-22,2025-09-18,-0.00725481762498101,0.010375906869857973,0.009661819254587518,0.000848646353170618,0.4934471836296905,0.24769646652412047,0.5857457563644433,0.5857457563644433,stop_loss,0.5925130203002907,0.5851306319236755,cierre_dia,0.0,2,0.007452490965667115,1.0,diario,nzd,1,1,42,0.0003
2025-09-22,0.5851306319236755,0.59482145,0.5949763,0.0058055212256231,-0.000140477878004,43.98903222695575,0.5822314620018005,0.6100797653198242,2,0.0061470838975394,-0.0042498105017862,0.5868799686431885,2025-09-23,2025-09-19,-0.006810709377504276,0.016561802694322978,0.01682644445387495,-0.00024007951445331947,0.4398903222695575,0.10410580094474302,0.5817336436202805,0.5868799686431885,cierre_dia,0.5885276202270707,0.5868799686431885,cierre_dia,0.0,2,0.007452490965667115,1.0,diario,nzd,1,1,42,0.0003
2025-09-23,0.5868799686431885,0.5949763,0.59456086,0.005727091246904,-0.0004239954765392,50.82514285714285,0.5822314620018005,0.6100797653198242,3,0.0008751230140683,-0.0177209713405039,0.5856995582580566,2025-09-24,2025-09-22,0.0029851914611498994,0.01379554898683882,0.013087669995909034,-0.0007224568893012959,0.5082514285714285,0.1669224364695634,0.5835188535117888,0.5856995582580566,cierre_dia,0.5902410837745882,0.5856995582580566,cierre_dia,0.0,2,0.007452490965667115,1.0,diario,nzd,1,1,42,0.0003
2025-09-24,0.5856995582580566,0.59456086,0.59562534,0.005629814303054,-0.0006549415706204,47.14764982365392,0.5822314620018005,0.6089392304420471,4,0.0025115780623503,-0.0104683924268006,0.5816601514816284,2025-09-25,2025-09-23,-0.0020133573148673873,0.015129432175598598,0.01694688275241981,-0.0011182210424885376,0.4714764982365392,0.12985346432126263,0.582402178507683,0.582402178507683,stop_loss,0.5889969380084302,0.5816601514816284,cierre_dia,0.0,2,0.007452490965667115,1.0,diario,nzd,1,1,42,0.0003
2025-09-25,0.5816601514816284,0.59562534,0.5964892,0.0057049378644725,-0.0010217920145524,46.01669545589055,0.5816601514816284,0.608009934425354,5,0.0359897946923935,0.0397068374754148,0.5763190388679504,2025-09-26,2025-09-24,-0.006920613868990738,0.02400918901320451,0.025494351780156296,-0.0017566821656076143,0.4601669545589055,0.0,0.5783418164591861,0.5783418164591861,stop_loss,0.5849784865040707,0.5763190388679504,cierre_dia,0.0,2,0.007452490965667115,1.0,diario,nzd,1,1,42,0.0003
2025-09-26,0.5763190388679504,0.58229095,0.58371073,0.005913785421104,-0.0015353367204261,36.01947213827024,0.5763190388679504,0.6051217317581177,1,-0.0111083392863963,0.0350142972395632,0.577820897102356,2025-09-29,2025-09-25,-0.009224950733830924,0.010362161804996092,0.012825693120548015,-0.002664039562950974,0.36019472138270237,0.0,0.5729108117379885,0.577820897102356,cierre_dia,0.5797272659979124,0.577820897102356,cierre_dia,0.0,2,0.007452490965667115,1.0,diario,nzd,1,1,42,0.0003
2025-09-29,0.577820897102356,0.58371073,0.5859935,0.0058224185996075,-0.0016737039296209,29.523360959070416,0.5763190388679504,0.604781448841095,2,0.0032924609806411,0.032063934796977,0.5781516432762146,2025-09-30,2025-09-26,0.0026025597682076077,0.010193180840603392,0.014143834081854403,-0.002896579092265709,0.29523360959070416,0.052766376277433406,0.5744565819638253,0.5781516432762146,cierre_dia,0.5811852122408866,0.5781516432762146,cierre_dia,0.0,2,0.007452490965667115,1.0,diario,nzd,1,1,42,0.0003
2025-09-30,0.5781516432762146,0.5859935,0.58555776,0.0057087534375793,-0.001640586640508,31.557363953005336,0.5763190388679504,0.604781448841095,3,0.0262663983907431,0.0586048826957639,0.5795992612838745,2025-10-01,2025-09-29,0.0005722388228628757,0.013563667620743685,0.012809989922050836,-0.002837640711719299,0.31557363953005335,0.0643868319651533,0.5748511180952194,0.5795992612838745,cierre_dia,0.5814521684572098,0.5795992612838745,cierre_dia,0.0,2,0.007452490965667115,1.0,diario,nzd,1,1,42,0.0003
2025-10-01,0.5795992612838745,0.58555776,0.5824446,0.0056241432396307,-0.0014267068730545,30.9745377759226,0.5763190388679504,0.604781448841095,4,-0.0074643208088281,0.0480968481317541,0.5821806192398071,2025-10-02,2025-09-30,0.0025007430464948043,0.010280376657014388,0.004909148279145037,-0.0024615401853587448,0.309745377759226,0.11524752889931311,0.5763395120168299,0.5821806192398071,cierre_dia,0.5828590105509192,0.5821806192398071,cierre_dia,0.0,2,0.007452490965667115,1.0,diario,nzd,1,1,42,0.0003
2025-10-02,0.5821806192398071,0.5824446,0.5812099,0.0055977707399431,-0.0010351362285253,29.48509723014793,0.5763190388679504,0.604781448841095,5,0.0052930013391957,0.0164124287691581,0.5819502472877502,2025-10-03,2025-10-01,0.004443806003415723,0.0004534344694221318,-0.0016673850137345985,-0.0017780327862458695,0.2948509723014793,0.20594111241413973,0.5789217056040646,0.5819502472877502,cierre_dia,0.5854395328755496,0.5819502472877502,cierre_dia,0.0,2,0.007452490965667115,1.0,diario,nzd,1,1,42,0.0003
2025-10-03,0.5819502472877502,0.5779372,0.57747215,0.0054913636997356,-0.0007297979140784,31.303792053714247,0.5763190388679504,0.604781448841095,1,0.0138769022067896,0.042127651544435,0.5824688673019409,2025-10-06,2025-10-02,-0.0003957836042115835,-0.006895859751677224,-0.007694983048157464,-0.001254055509864824,0.31303792053714247,0.1978472105880382,0.5787545468247421,0.5824688673019409,cierre_dia,0.5851459477507583,0.5824688673019409,cierre_dia,0.0,2,0.007452490965667115,1.0,diario,nzd,1,1,42,0.0003
2025-10-06,0.5824688673019409,0.57747215,0.57788306,0.0053924327328129,-0.0004450524179468,29.224376968809423,0.5763190388679504,0.604781448841095,2,0.0321442553514948,0.0726328530748942,0.5840998888015747,2025-10-07,2025-10-03,0.0008907790021406977,-0.008578513947168187,-0.007873051349822132,-0.0007640793232577926,0.29224376968809423,0.2160684369241079,0.5793279431160575,0.5840998888015747,cierre_dia,0.5856097914878244,0.5840998888015747,cierre_dia,0.0,2,0.007452490965667115,1.0,diario,nzd,1,1,42,0.0003
2025-10-07,0.5840998888015747,0.57788306,0.57766056,0.0053277127860586,-0.0001161357022993,28.40562162612231,0.5763190388679504,0.604781448841095,3,-0.0141366413249618,0.0301590386348411,0.5797706246376038,2025-10-08,2025-10-06,0.0027962733509983503,-0.010643434317938433,-0.011024362313758683,-0.00019882849582043423,0.2840562162612231,0.27337284302228176,0.5809879723556711,0.5809879723556711,stop_loss,0.5872118052474783,0.5797706246376038,cierre_dia,0.0,2,0.007452490965667115,1.0,diario,nzd,1,1,42,0.0003
2025-10-08,0.5797706246376038,0.57766056,0.577997,0.0054538170502244,-0.0001568824897211,29.4263519086562,0.5763190388679504,0.604781448841095,4,0.0121575730093704,0.050572328657418,0.5783489346504211,2025-10-09,2025-10-07,-0.007439460113636345,-0.003639481801829309,-0.003059183342916715,-0.0002705940643666834,0.294263519086562,0.12126821913218294,0.5766086617197359,0.5783489346504211,cierre_dia,0.5829325875554715,0.5783489346504211,cierre_dia,0.0,2,0.007452490965667115,1.0,diario,nzd,1,1,42,0.0003
2025-10-09,0.5783489346504211,0.577997,0.579498,0.0053751977973168,-0.0002412790270997,32.21139471572222,0.5763190388679504,0.604781448841095,5,-0.0003962463037207,0.0446123325356926,0.5752912163734436,2025-10-10,2025-10-08,-0.0024551708671645017,-0.000608516121213025,0.0019868029155675013,-0.000417185910864588,0.3221139471572222,0.07131847880717038,0.5752401947308077,0.5752912163734436,cierre_dia,0.5814576745700346,0.577997,take_profit,0.0,2,0.007452490965667115,1.0,diario,nzd,1,1,42,0.0003
2025-10-10,0.5752912163734436,0.5813605,0.5821822,0.0053885578368773,-0.0004524677558529,33.24380618285464,0.5752912163734436,0.604781448841095,1,0.0058291935222696,0.0362393337130117,0.5726786255836487,2025-10-13,2025-10-09,-0.005301003843496469,0.010549932718973651,0.011978252805589817,-0.0007865021105401091,0.3324380618285464,0.0,0.5721912263809678,0.5726786255836487,cierre_dia,0.5783912063659195,0.5726786255836487,cierre_dia,0.0,2,0.007452490965667115,1.0,diario,nzd,1,1,42,0.0003
2025-10-13,0.5726786255836487,0.5821822,0.5823501,0.0053713827062532,-0.0007026182497791,26.506347237369127,0.5726786255836487,0.604781448841095,2,-0.0457557121546094,-0.0414195945375843,0.5717487335205078,2025-10-14,2025-10-10,-0.004551679329712084,0.016594952197955145,0.016888135830972498,-0.0012268979815040636,0.26506347237369127,0.0,0.5696025495179479,0.5717487335205078,cierre_dia,0.5757547016493495,0.5717487335205078,cierre_dia,0.0,2,0.007452490965667115,1.0,diario,nzd,1,1,42,0.0003
2025-10-14,0.5717487335205078,0.5823501,0.5833419,0.0052824469893067,-0.0008550886102951,26.72788882967299,0.5717487335205078,0.604781448841095,3,0.0506692627393086,0.0227591976170189,0.5715000629425049,2025-10-15,2025-10-13,-0.0016250787092564319,0.01854200255803787,0.020276680646248123,-0.0014955671261918575,0.2672788882967299,0.0,0.5687285011444825,0.5715000629425049,cierre_dia,0.5747689658965331,0.5715000629425049,cierre_dia,0.0,2,0.007452490965667115,1.0,diario,nzd,1,1,42,0.0003
2025-10-15,0.5715000629425049,0.5833419,0.58340484,0.0051874323996278,-0.0008929193236912,30.597582352539447,0.5715000629425049,0.604781448841095,4,-0.023808263054996,-0.0133715609134454,0.5716115236282349,2025-10-16,2025-10-14,-0.00043502443683990046,0.0207206224904413,0.02083075371190785,-0.0015624133426928968,0.3059758235253945,0.0,0.5685354449996076,0.5716115236282349,cierre_dia,0.5744646808854021,0.5716115236282349,cierre_dia,0.0,2,0.007452490965667115,1.0,diario,nzd,1,1,42,0.0003
2025-10-16,0.5716115236282349,0.58340484,0.5838186,0.0050956639152462,-0.0008318950990261,38.76642458275372,0.5715000629425049,0.6037116050720215,5,-0.0017081338268076,-0.0146650578058743,0.572701632976532,2025-10-17,2025-10-15,0.00019501278334086244,0.020631698075134184,0.021355546323282924,-0.0014553504690488859,0.3876642458275372,0.0034602716405758484,0.5686987834137436,0.572701632976532,cierre_dia,0.5745242638427261,0.572701632976532,cierre_dia,0.0,2,0.007452490965667115,1.0,diario,nzd,1,1,42,0.0003
2025-10-17,0.572701632976532,0.5710947,0.5714706,0.0050245521971088,-0.0006477583764684,37.53899188388471,0.5715000629425049,0.6019309759140015,1,-0.0028197276557006,-0.0231503946554404,0.5731808543205261,2025-10-20,2025-10-16,0.001905264606574223,-0.002805881603969297,-0.002149518886708634,-0.0011310573240410921,0.37538991883884715,0.039485178612700914,0.5698240637282719,0.5731808543205261,cierre_dia,0.5755792022247921,0.5731808543205261,cierre_dia,0.0,2,0.007452490965667115,1.0,diario,nzd,1,1,42,0.0003
2025-10-20,0.5731808543205261,0.5714706,0.57230663,0.0049419647998681,-0.0004336189495057,37.98723186042626,0.5715000629425049,0.5989401340484619,2,-0.0053592776413097,0.0171187350641092,0.5744485259056091,2025-10-21,2025-10-17,0.0008364232410311756,-0.0029837952674701307,-0.0015252154951379679,-0.0007565133172840029,0.3798723186042626,0.061253171375942723,0.5703482147145158,0.5744485259056091,cierre_dia,0.5760134939265364,0.5744485259056091,cierre_dia,0.0,2,0.007452490965667115,1.0,diario,nzd,1,1,42,0.0003
2025-10-21,0.5744485259056091,0.57230663,0.5708415,0.0048827287210441,-0.0001605945935603,37.44314796785772,0.5715000629425049,0.5989401340484619,3,0.0133946685130556,-0.0200960611129372,0.5742605328559875,2025-10-22,2025-10-20,0.0022092011977127017,-0.0037286124152419524,-0.006279110734809023,-0.0002795630701760878,0.3744314796785772,0.10745099572515901,0.5716436495894084,0.5742605328559875,cierre_dia,0.5772534022218099,0.5742605328559875,cierre_dia,0.0,2,0.007452490965667115,1.0,diario,nzd,1,1,42,0.0003
2025-10-22,0.5742605328559875,0.5708415,0.57103413,0.00480115559973,4.249421846568013e-05,28.140987889096905,0.5715000629425049,0.5989401340484619,4,-0.0136989081812145,-0.010139622662464,0.5736905336380005,2025-10-23,2025-10-21,-0.0003273118634628279,-0.0059538008627957875,-0.005618360781197259,7.399815246634193e-05,0.2814098788909691,0.1005999548187537,0.5715034186829621,0.5736905336380005,cierre_dia,0.577017647029013,0.5736905336380005,cierre_dia,0.0,2,0.007452490965667115,1.0,diario,nzd,1,1,42,0.0003
2025-10-23,0.5736905336380005,0.57103413,0.571076,0.0047258949357237,0.0001666269411762,27.62313532856004,0.5715000629425049,0.5989401340484619,5,0.0062683731636311,-0.0022124207828875,0.5755196809768677,2025-10-24,2025-10-22,-0.0009930724078195867,-0.004630377324086463,-0.00455739372483743,0.00029044743011454646,0.2762313532856004,0.07982744239391096,0.570979332450408,0.5755196809768677,cierre_dia,0.5764017348255929,0.5755196809768677,cierre_dia,0.0,2,0.007452490965667115,1.0,diario,nzd,1,1,42,0.0003
2025-10-24,0.5755196809768677,0.5740767,0.57284474,0.0047016514785647,0.0003874924262039,32.42176427662487,0.5715000629425049,0.5989401340484619,1,0.0240975149630041,0.0250100022312669,0.5760199427604675,2025-10-27,2025-10-23,0.0031833146977682633,-0.0025072660841387964,-0.004647870551233553,0.0006732913556425793,0.3242176427662487,0.14648715809960727,0.5728137880178596,0.5760199427604675,cierre_dia,0.5782255739358757,0.5760199427604675,cierre_dia,0.0,2,0.007452490965667115,1.0,diario,nzd,1,1,42,0.0003
2025-10-27,0.5760199427604675,0.57284474,0.573752,0.0046303415566108,0.0005717204536998,28.321312628936056,0.5715000629425049,0.5989401340484619,2,0.0022604026481397,0.0328500822608163,0.5775506496429443,2025-10-28,2025-10-24,0.0008688573189473411,-0.005512313940470537,-0.00393726430650786,0.0009925358676991928,0.2832131262893606,0.16471822541966427,0.5733527736820672,0.5775506496429443,cierre_dia,0.578687111838868,0.5775506496429443,cierre_dia,0.0,2,0.007452490965667115,1.0,diario,nzd,1,1,42,0.0003
2025-10-28,0.5775506496429443,0.573752,0.5739137,0.0045946459245158,0.0007877848273181,42.991234573941576,0.5715000629425049,0.5989401340484619,3,0.0091851203485773,0.0285113884700053,0.5783589482307434,2025-10-29,2025-10-27,0.0026538606149483796,-0.006577171448586739,-0.006297196003835879,0.0013640099406088929,0.4299123457394158,0.22050185938205957,0.5748970089043609,0.5783589482307434,cierre_dia,0.5802042903815278,0.5783589482307434,cierre_dia,0.0,2,0.007452490965667115,1.0,diario,nzd,1,1,42,0.0003
2025-10-29,0.5783589482307434,0.5739137,0.57432425,0.0045334930433029,0.0009645792237561,50.03288803971623,0.5715000629425049,0.5989401340484619,4,0.0,0.0426978189970576,0.5764286518096924,2025-10-30,2025-10-28,0.0013985500614143356,-0.007685967761615665,-0.006976114475423894,0.0016677864615164029,0.5003288803971623,0.24995872866923852,0.5757369619624074,0.5764286518096924,cierre_dia,0.5809809344990795,0.5764286518096924,cierre_dia,0.0,2,0.007452490965667115,1.0,diario,nzd,1,1,42,0.0003
2025-10-30,0.5764286518096924,0.57432425,0.57233757,0.0045172730256171,0.0009305228981103,54.03451206569216,0.5715000629425049,0.5989401340484619,5,0.0179299066835026,0.0549284499159023,0.5745310187339783,2025-10-31,2025-10-29,-0.0033431225254026337,-0.0036507585164020774,-0.007097290873464578,0.0016142898087888797,0.5403451206569216,0.17961283147395127,0.5738247662096796,0.5745310187339783,cierre_dia,0.5790325374097052,0.5745310187339783,cierre_dia,0.0,2,0.007452490965667115,1.0,diario,nzd,1,1,42,0.0003
2025-10-31,0.5745310187339783,0.574042,0.5738977,0.0045001757519472,0.0007660583620672,56.921541901631166,0.5715000629425049,0.5989401340484619,1,-0.0301627742372471,-0.000787034682633,0.5722787976264954,2025-11-03,2025-10-30,-0.003297482689889765,-0.0008511615875080311,-0.0011023229613848896,0.0013333629292205432,0.5692154190163117,0.11045728634483717,0.5719455281747301,0.5722787976264954,cierre_dia,0.5771165092932264,0.574042,take_profit,0.0,2,0.007452490965667115,1.0,diario,nzd,1,1,42,0.0003
2025-11-03,0.5722787976264954,0.5738977,0.5722887,0.0045065122014262,0.0005041030071479,51.80248655178425,0.5715000629425049,0.5989401340484619,2,-0.0024646902180882,-0.00549727181936,0.5707013010978699,2025-11-04,2025-10-31,-0.003927807332821105,0.002828870089576846,1.7303407964250845e-05,0.0008808696202596499,0.5180248655178424,0.02837947033677406,0.5696998162423741,0.5707013010978699,cierre_dia,0.5748577790106167,0.5707013010978699,cierre_dia,0.0,2,0.007452490965667115,1.0,diario,nzd,1,1,42,0.0003
2025-11-04,0.5707013010978699,0.5722887,0.5727718,0.0044734135329174,0.0002366848218541,47.508931857640505,0.5707013010978699,0.5989401340484619,3,-0.0036588128332634,-0.0181889186032813,0.5642401576042175,2025-11-05,2025-11-03,-0.002760323704700781,0.0027814881428803446,0.0036279905059741734,0.00041472626993978203,0.4750893185764051,0.0,0.5681483181742851,0.5681483181742851,stop_loss,0.5732542840214546,0.5642401576042175,cierre_dia,0.0,2,0.007452490965667115,1.0,diario,nzd,1,1,42,0.0003
2025-11-05,0.5642401576042175,0.5727718,0.5726569,0.0050255988435695,-0.000332341249329,33.532972402938924,0.5642401576042175,0.5989401340484619,4,-0.0242666700483384,-0.0417274482139362,0.566899836063385,2025-11-06,2025-11-04,-0.011385985146989977,0.015120587006795406,0.014916950313356396,-0.0005890067285181048,0.33532972402938926,0.0,0.5614045129206663,0.566899836063385,cierre_dia,0.5670758022877688,0.566899836063385,cierre_dia,0.0,2,0.007452490965667115,1.0,diario,nzd,1,1,42,0.0003
2025-11-06,0.566899836063385,0.5726569,0.57409126,0.005042227266475,-0.0004777529912906,37.888583629468144,0.5642401576042175,0.5989401340484619,5,0.0074830367750562,-0.0516862869797078,0.5639013051986694,2025-11-07,2025-11-05,0.004702659928255282,0.010155345918941698,0.012685528340514302,-0.0008427467444834161,0.3788858362946814,0.0766478462439601,0.564041398252626,0.564041398252626,stop_loss,0.569758273874144,0.5639013051986694,cierre_dia,0.0,2,0.007452490965667115,1.0,diario,nzd,1,1,42,0.0003
2025-11-07,0.5639013051986694,0.56792897,0.56824565,0.0050749965547595,-0.0007100335594092,32.47228733357201,0.5639013051986694,0.5989401340484619,1,-0.0035323091084347,-0.0260929834323973,0.5627208352088928,2025-11-10,2025-11-06,-0.005303386746497331,0.007142499519329092,0.007704087153690922,-0.0012591450895100276,0.32472287333572014,0.0,0.5610395080175617,0.5627208352088928,cierre_dia,0.566763102379777,0.5627208352088928,cierre_dia,0.0,2,0.007452490965667115,1.0,diario,nzd,1,1,42,0.0003
2025-11-10,0.5627208352088928,0.56824565,0.567617,0.0050032658928072,-0.0008669425858043,27.77489110986608,0.5627208352088928,0.5989401340484619,2,-0.0015176195049082,-0.0251701877122198,0.5643786787986755,2025-11-11,2025-11-07,-0.0020955924430051255,0.00981803844006648,0.008700877033084559,-0.001540626419994693,0.2777489110986608,0.0,0.5599053932469202,0.5643786787986755,cierre_dia,0.5655362771708654,0.5643786787986755,cierre_dia,0.0,2,0.007452490965667115,1.0,diario,nzd,1,1,42,0.0003
2025-11-11,0.5643786787986755,0.567617,0.5674799,0.0049588310465567,-0.0007852742802459,32.26116394326654,0.5627208352088928,0.5989401340484619,3,0.0297278129771929,0.0079254928466866,0.5657292604446411,2025-11-12,2025-11-10,0.0029417895487981217,0.005737851770406215,0.005494929765819102,-0.001391396078103833,0.3226116394326654,0.0457723822077843,0.561580020284234,0.5657292604446411,cierre_dia,0.567177337313117,0.5657292604446411,cierre_dia,0.0,2,0.007452490965667115,1.0,diario,nzd,1,1,42,0.0003
2025-11-12,0.5657292604446411,0.5674799,0.5672334,0.0049023572665571,-0.0005761704530631,36.09836720760028,0.5627208352088928,0.5989401340484619,4,-0.0075970632916709,0.0248680348840349,0.566228985786438,2025-11-13,2025-11-11,0.0023901828171497695,0.0030944829581255697,0.0026587621686329083,-0.001018456165074885,0.36098367207600285,0.083061388048231,0.5629558534937964,0.566228985786438,cierre_dia,0.5685026673954859,0.566228985786438,cierre_dia,0.0,2,0.007452490965667115,1.0,diario,nzd,1,1,42,0.0003
2025-11-13,0.566228985786438,0.5672334,0.56639916,0.0048237944312501,-0.0003511405304777,32.987120716000874,0.5627208352088928,0.5989401340484619,5,0.0080884026144595,0.0254886428107165,0.5650898814201355,2025-11-14,2025-11-12,0.000882939588850658,0.001773865765926792,0.0003005395658536777,-0.0006201387412020234,0.32987120716000873,0.09685859997136552,0.563497613557989,0.5650898814201355,cierre_dia,0.568960358014887,0.5650898814201355,cierre_dia,0.0,2,0.007452490965667115,1.0,diario,nzd,1,1,42,0.0003
2025-11-14,0.5650898814201355,0.5669547,0.5661089,0.00476073908472,-0.0002317108432886,30.44273044123732,0.5627208352088928,0.5989401340484619,1,-0.0003930146523044,0.0287130120961696,0.5676302909851074,2025-11-17,2025-11-13,-0.0020137642609300353,0.003300038880855614,0.001803285837119606,-0.0004100424567969332,0.3044273044123732,0.06540839516900103,0.5623996359352789,0.5669547,take_profit,0.5677801269049921,0.5676302909851074,cierre_dia,0.0,2,0.007452490965667115,1.0,diario,nzd,1,1,42,0.0003
2025-11-17,0.5676302909851074,0.5661089,0.5654391,0.0047833986834399,5.061605958068399e-05,32.86842419476365,0.5627208352088928,0.5989401340484619,2,-0.0074973432960609,0.0225799477140062,0.5654797554016113,2025-11-18,2025-11-14,0.004485509989556862,-0.002680249819767479,-0.0038602432250482888,8.917082189683915e-05,0.32868424194763646,0.13554806231784602,0.5649150889985286,0.5654797554016113,cierre_dia,0.5703454929716861,0.5661089,take_profit,0.0,2,0.007452490965667115,1.0,diario,nzd,1,1,42,0.0003
2025-11-18,0.5654797554016113,0.5654391,0.56640816,0.0047694396974937,0.0001207632139129,28.744169025944515,0.5627208352088928,0.5989401340484619,3,-0.0098513137839929,-0.0171023972901925,0.5659213662147522,2025-11-19,2025-11-17,-0.0037958151945924304,-7.189541486322852e-05,0.001641799886769343,0.00021355886353019364,0.28744169025944516,0.0761726560455782,0.5627827338080699,0.5659213662147522,cierre_dia,0.5681767769951528,0.5659213662147522,cierre_dia,0.0,2,0.007452490965667115,1.0,diario,nzd,1,1,42,0.0003
2025-11-19,0.5659213662147522,0.56640816,0.56647325,0.0046946272318104,0.0002193924662385,31.762607567540726,0.5627208352088928,0.5989401340484619,4,-0.0075282472031733,-0.0170347557943954,0.5614413619041443,2025-11-20,2025-11-18,0.0007806441537492617,0.000860179195042314,0.0009751951740914066,0.00038767305731172264,0.31762607567540724,0.08836534964511346,0.5632645763578571,0.5632645763578571,stop_loss,0.5685781560716474,0.5614413619041443,cierre_dia,0.0,2,0.007452490965667115,1.0,diario,nzd,1,1,42,0.0003
2025-11-20,0.5614413619041443,0.56647325,0.5680965,0.0049112054106371,1.6117418196061068e-05,29.14952926744975,0.5614413619041443,0.5989401340484619,5,0.0091269480004112,-0.0160133714903001,0.5591809153556824,2025-11-21,2025-11-19,-0.007947802036414323,0.00896244636980425,0.011853665489276792,2.8707215552125314e-05,0.29149529267449753,0.0,0.5586840080498052,0.5591809153556824,cierre_dia,0.5641987157584833,0.5591809153556824,cierre_dia,0.0,2,0.007452490965667115,1.0,diario,nzd,1,1,42,0.0003
2025-11-21,0.5591809153556824,0.560527,0.5615649,0.0048986760063039,-0.0002241191263123,29.141892764122066,0.5591809153556824,0.5989401340484619,1,-0.0097317171017257,-0.0251597556756742,0.5613183975219727,2025-11-24,2025-11-20,-0.004034275705799281,0.0024072435366672166,0.004263351231866098,-0.00040079895460978473,0.2914189276412207,0.0,0.5564416692224464,0.560527,take_profit,0.5619201614889183,0.5613183975219727,cierre_dia,0.0,2,0.007452490965667115,1.0,diario,nzd,1,1,42,0.0003
2025-11-24,0.5613183975219727,0.5615649,0.5619728,0.0048869376082125,-0.0001937524750713,35.31974656771591,0.5591809153556824,0.5989401340484619,2,0.0098315927428302,-0.0081195939135955,0.561381459236145,2025-11-25,2025-11-21,0.0038152361799684924,0.0004391491159306389,0.0011658311591359828,-0.0003451739261115446,0.3531974656771591,0.053760668256754754,0.558575269534941,0.561381459236145,cierre_dia,0.5640615255090043,0.561381459236145,cierre_dia,0.0,2,0.007452490965667115,1.0,diario,nzd,1,1,42,0.0003
2025-11-25,0.561381459236145,0.5619728,0.56206113,0.0048041454047696,-0.0001273119191734,44.40775435675358,0.5591809153556824,0.5989401340484619,3,-0.0093276251287352,-0.0076000213623046,0.5624499320983887,2025-11-26,2025-11-24,0.00011233940016831427,0.00105336710738479,0.001210711099685779,-0.00022678326310710285,0.44407754356753576,0.055346758633923444,0.5586845010784328,0.5619728,take_profit,0.5640784173938572,0.5624499320983887,cierre_dia,0.0,2,0.007452490965667115,1.0,diario,nzd,1,1,42,0.0003
2025-11-26,0.5624499320983887,0.56206113,0.56282145,0.0047433088933592,2.270929783029004e-05,40.71709759002887,0.5591809153556824,0.5989401340484619,4,0.0075290032502236,0.0074558592932125,0.5707000494003296,2025-11-27,2025-11-25,0.0019014830737360074,-0.000691265259714956,0.0006605350634948327,4.037567885476699e-05,0.4071709759002887,0.082220346631207,0.5597820583333971,0.5707000494003296,cierre_dia,0.5651178058633802,0.5651178058633802,stop_loss,0.0,2,0.007452490965667115,1.0,diario,nzd,1,1,42,0.0003
2025-11-27,0.5707000494003296,0.56282145,0.5626751,0.0056096427305711,0.0006755169053222,61.63377040887098,0.5591809153556824,0.5989401340484619,5,0.0207846007616192,0.019269153729237,0.5731000304222107,2025-11-28,2025-11-26,0.014561643589479829,-0.013805149322499944,-0.014061588760614136,0.0011836636531432022,0.6163377040887098,0.2897223442355809,0.5674986260168745,0.5731000304222107,cierre_dia,0.5739014727837848,0.5731000304222107,cierre_dia,0.0,2,0.007452490965667115,1.0,diario,nzd,1,1,42,0.0003
2025-11-28,0.5731000304222107,0.57190543,0.5722939,0.0055740375589676,0.0012343583582045,67.0489614010903,0.5591809153556824,0.5989401340484619,1,0.0,0.0292368153487824,0.5736411809921265,2025-12-01,2025-11-27,0.004196510537688872,-0.002084453601111427,-0.00140661381856285,0.00215382706801661,0.6704896140109029,0.35008522612281856,0.5699055493275919,0.5736411809921265,cierre_dia,0.5762945115168296,0.5736411809921265,cierre_dia,0.0,2,0.007452490965667115,1.0,diario,nzd,1,1,42,0.0003
2025-12-01,0.5736411809921265,0.5722939,0.5724652,0.0054700292874358,0.0015835686841415,65.79409008584153,0.5591809153556824,0.5989401340484619,2,0.0157438292466849,0.0353399305722826,0.572619616985321,2025-12-02,2025-11-28,0.0009438059863888571,-0.002348647615912594,-0.0020500288875574964,0.002760556139645831,0.6579409008584153,0.36369592038965654,0.5705033469316203,0.572619616985321,cierre_dia,0.5767790150526327,0.572619616985321,cierre_dia,0.0,2,0.007452490965667115,1.0,diario,nzd,1,1,42,0.0003
2025-12-02,0.572619616985321,0.5724652,0.57114065,0.0053778513158217,0.0016797420317565,61.88252030598253,0.5591809153556824,0.5989401340484619,3,0.0064394893457422,0.0517936265648081,0.574079155921936,2025-12-03,2025-12-01,-0.0017824290581541806,-0.0002696676480173678,-0.0025828087991594784,0.0029334343112446316,0.6188252030598254,0.33800215576366954,0.5695401538246512,0.574079155921936,cierre_dia,0.5756990801459909,0.574079155921936,cierre_dia,0.0,2,0.007452490965667115,1.0,diario,nzd,1,1,42,0.0003
2025-12-03,0.574079155921936,0.57114065,0.57165074,0.0053067524346781,0.001766784859372,63.10393683238614,0.5591809153556824,0.5989401340484619,4,-0.0111754707905999,0.0323032270512749,0.5774205327033997,2025-12-04,2025-12-02,0.0025456375454182695,-0.005118642423477206,-0.004230106418053276,0.0030775979952357814,0.6310393683238614,0.3747116028957393,0.5710326599635493,0.5774205327033997,cierre_dia,0.5771256518803227,0.5771256518803227,stop_loss,-1.0,2,0.007452490965667115,1.0,diario,nzd,1,1,42,0.0003
2025-12-04,0.5774205327033997,0.57165074,0.5731408,0.0053551767829709,0.0019596095599481,69.17332117356585,0.5591809153556824,0.5989401340484619,5,0.0280848174419795,0.0398668386998417,0.5759804248809814,2025-12-05,2025-12-03,0.005803538104073303,-0.009992358041696707,-0.007411812467704536,0.0033937303039320243,0.6917332117356585,0.458751905782034,0.5743283436726557,0.5759804248809814,cierre_dia,0.5805127217341436,0.5759804248809814,cierre_dia,-1.0,2,0.007452490965667115,1.0,diario,nzd,1,1,42,0.0003
2025-12-05,0.5759804248809814,0.57635295,0.5785662,0.00528036216016,0.0018990185761532,63.44391045326127,0.5591809153556824,0.5989401340484619,1,-0.0031133561458664,0.0366343973682361,0.5775999426841736,2025-12-08,2025-12-04,-0.0024971516822427657,0.0006467669784012312,0.004489345483490868,0.003297019298087442,0.6344391045326127,0.4225311783692053,0.572939039640447,0.57635295,take_profit,0.5790218101215159,0.5775999426841736,cierre_dia,-1.0,2,0.007452490965667115,1.0,diario,nzd,1,1,42,0.0003
2025-12-08,0.5775999426841736,0.5785662,0.5773368,0.0052197471411912,0.0018736977424807,69.85325561641427,0.5591809153556824,0.5989401340484619,2,0.0169582697809186,0.0378940929574496,0.5776100158691406,2025-12-09,2025-12-05,0.0028078128108373424,0.0016728833305213592,-0.00045557948456633536,0.0032439368566648578,0.6985325561641428,0.4632643179136765,0.5745850170345956,0.5776100158691406,cierre_dia,0.5806148683337515,0.5776100158691406,cierre_dia,-1.0,2,0.007452490965667115,1.0,diario,nzd,1,1,42,0.0003
2025-12-09,0.5776100158691406,0.5773368,0.57871354,0.005125845675165,0.0017648293838061,69.42094577865808,0.5591809153556824,0.5989401340484619,3,-0.0032568630065428,0.0278789398225825,0.5779501795768738,2025-12-10,2025-12-08,1.7439574326301642e-05,-0.00047301096178107064,0.0019105003385352524,0.0030553995521537627,0.6942094577865808,0.46351767261475546,0.5746492760673658,0.5779501795768738,cierre_dia,0.5805707556709154,0.5779501795768738,cierre_dia,-1.0,2,0.007452490965667115,1.0,diario,nzd,1,1,42,0.0003
2025-12-10,0.5779501795768738,0.57871354,0.5776659,0.0050374544154605,0.0016263453171603,81.80515364475679,0.5591809153556824,0.5934189558029175,4,-0.0233862750952552,0.0154040305815149,0.5817199945449829,2025-12-11,2025-12-09,0.0005887425318028455,0.0013208066198457788,-0.0004918755749534508,0.002813988773826444,0.8180515364475679,0.5481991368669908,0.5750387818928481,0.57871354,take_profit,0.5808615772608995,0.5808615772608995,stop_loss,-1.0,2,0.007452490965667115,1.0,diario,nzd,1,1,42,0.0003
2025-12-11,0.5817199945449829,0.5776659,0.57552224,0.0051408274938702,0.0016917238233103,91.03621758767903,0.5591809153556824,0.5891293883323669,5,0.0066565190818472,-0.0061228836645815,0.5809191465377808,2025-12-12,2025-12-10,0.006501552478377244,-0.006969151108780503,-0.010654188618410453,0.002908141097390943,0.9103621758767904,0.7525952727822757,0.578729472403292,0.5809191465377808,cierre_dia,0.5847105166866738,0.5809191465377808,cierre_dia,-1.0,3,0.007369838718993633,1.0,diario,nzd,1,1,42,0.0003
2025-12-12,0.5809191465377808,0.5792235,0.57872266,0.0050571944681463,0.0015859073773128,87.51226278637884,0.5591809153556824,0.5868799686431885,1,0.0283130759017393,0.025607096641639,0.5802315473556519,2025-12-15,2025-12-11,-0.001377638349791398,-0.002918902824750468,-0.0037810537849742834,0.0027299967418265474,0.8751226278637884,0.7848005112833082,0.5779813254434696,0.5802315473556519,cierre_dia,0.5838569676320919,0.5802315473556519,cierre_dia,-1.0,3,0.007369838718993633,1.0,diario,nzd,1,1,42,0.0003
2025-12-15,0.5802315473556519,0.57872266,0.57912946,0.004974721940821,0.0013819489965965,85.23337997664864,0.5591809153556824,0.5868799686431885,2,-0.0267977097951513,-0.0183017048478976,0.5786099433898926,2025-12-16,2025-12-12,-0.0011843411300834041,-0.0026004917563141917,-0.0018993923385836658,0.002381719854590114,0.8523337997664864,0.7599765877003656,0.5773450567462651,0.5786099433898926,cierre_dia,0.5831180379650385,0.57872266,take_profit,-1.0,3,0.007369838718993633,1.0,diario,nzd,1,1,42,0.0003
2025-12-16,0.5786099433898926,0.57912946,0.579336,0.0049231422641405,0.0010644132432776,79.59334258943932,0.5591809153556824,0.5856995582580566,3,0.0103559252025541,-0.0048466814551813,0.5785999298095703,2025-12-17,2025-12-15,-0.0027986658005390696,0.0008978701732357436,0.0012548291269480231,0.0018396041330391588,0.7959334258943932,0.7326554418993547,0.5757613643231378,0.5785999298095703,cierre_dia,0.5814585224566473,0.5785999298095703,cierre_dia,-1.0,3,0.007369838718993633,1.0,diario,nzd,1,1,42,0.0003
2025-12-17,0.5785999298095703,0.579336,0.5793438,0.0048400951572213,0.0007927570624021,70.72007003720726,0.5591809153556824,0.5840998888015747,4,-0.0096937077586613,0.0088732384754497,0.5772998332977295,2025-12-18,2025-12-16,-1.730642047639336e-05,0.001272157413969798,0.0012856382313673552,0.001370129897290194,0.7072007003720726,0.7792862934764669,0.5757994510913305,0.5772998332977295,cierre_dia,0.5814004085278103,0.5772998332977295,cierre_dia,-1.0,3,0.007369838718993633,1.0,diario,nzd,1,1,42,0.0003
2025-12-18,0.5772998332977295,0.5793438,0.5791286,0.0047817740077437,0.0004799610420671,61.68984361779432,0.5591809153556824,0.5840998888015747,5,0.0143657579386246,0.0166809402970572,0.5776106715202332,2025-12-19,2025-12-17,-0.00224949792632416,0.0035405634721816072,0.003167793574136294,0.000831389538648231,0.6168984361779432,0.7271133372082732,0.5745393159601916,0.5776106715202332,cierre_dia,0.5800603506352673,0.5776106715202332,cierre_dia,-1.0,3,0.007369838718993633,1.0,diario,nzd,1,1,42,0.0003
2026-01-09,0.5750893950462341,0.5766018,0.5746455,0.0047225190572865,-0.0007957292802833,45.843989053278975,0.5591809153556824,0.5842998623847961,1,-0.0108174651551501,0.0206926995470301,0.572980523109436,2026-01-12,2026-01-08,-0.003836274946079646,0.0026298606213114623,-0.0007718713821846998,-0.0013836618917643711,0.4584398905327898,0.6333258982597182,0.5723735244184849,0.572980523109436,cierre_dia,0.5778052656739834,0.572980523109436,cierre_dia,-1.0,3,0.007369838718993633,1.0,diario,nzd,1,1,42,0.0003
2026-01-12,0.572980523109436,0.5746455,0.5746365,0.0047072189780114,-0.0009928407313276,41.84583279973632,0.5591809153556824,0.5842998623847961,2,0.0187904518034645,0.0382092836645984,0.5773205757141113,2026-01-13,2026-01-09,-0.0036737733048011847,0.0029058176035871904,0.002890110263394899,-0.0017327652359624328,0.4184583279973632,0.5493704707350757,0.5702833783170244,0.5746455,take_profit,0.5756776679018476,0.5756776679018476,stop_loss,-1.0,3,0.007369838718993633,1.0,diario,nzd,1,1,42,0.0003
2026-01-13,0.5773205757141113,0.5746365,0.5771816,0.0049046481347899,-0.0007990463925286,52.99030298309836,0.5591809153556824,0.5842998623847961,3,0.0218749330326478,0.0102118567094879,0.5739309191703796,2026-01-14,2026-01-12,0.007545977663217815,-0.004649194619109653,-0.00024072537851169094,-0.0013840601325186218,0.5299030298309836,0.7221505080369982,0.5744890214292593,0.5744890214292593,stop_loss,0.5801521299989634,0.5746365,take_profit,-1.0,3,0.007369838718993633,1.0,diario,nzd,1,1,42,0.0003
2026-01-14,0.5739309191703796,0.5771816,0.57458633,0.0049742263294651,-0.0008618696887116,40.17528729869036,0.5591809153556824,0.5842998623847961,4,-0.0025094690573744,-0.0067382354779859,0.5744815468788147,2026-01-15,2026-01-13,-0.005888663517687369,0.005663888668551261,0.0011419681493511369,-0.0015016958660415743,0.40175287298690354,0.5872062948180701,0.5710760568809482,0.5744815468788147,cierre_dia,0.5767857814598111,0.5744815468788147,cierre_dia,-1.0,3,0.007369838718993633,1.0,diario,nzd,1,1,42,0.0003
2026-01-15,0.5744815468788147,0.57458633,0.57196176,0.0048934203216329,-0.0008288185348855,30.928541657018485,0.5591809153556824,0.5842998623847961,5,0.0065114238888483,0.0344293008675825,0.5743601322174072,2026-01-16,2026-01-14,0.0009589372580114069,0.0001823959738213148,-0.004386192894279777,-0.001442724382338319,0.3092854165701848,0.6091271065382772,0.5716703672029149,0.5743601322174072,cierre_dia,0.5772927265547145,0.5743601322174072,cierre_dia,-1.0,3,0.007369838718993633,1.0,diario,nzd,1,1,42,0.0003
2026-01-16,0.5743601322174072,0.5732154,0.5735854,0.004810630560968,-0.0007784068582244,31.58718709723192,0.5591809153556824,0.5842998623847961,1,-0.0102032952477668,0.035064811351222,0.5763389468193054,2026-01-19,2026-01-15,-0.00021136883187424413,-0.0019930565392618166,-0.0013488614093325533,-0.001355259208572222,0.31587187097231917,0.604293517723159,0.5715970978123606,0.5763389468193054,cierre_dia,0.577123166622454,0.5763389468193054,cierre_dia,-1.0,3,0.007369838718993633,1.0,diario,nzd,1,1,42,0.0003
2026-01-19,0.5763389468193054,0.5735854,0.5730156,0.0047890436547418,-0.0005839507338205,38.01000581203204,0.5591809153556824,0.5842998623847961,2,-0.0271818592347448,-0.0114422998151283,0.5793507695198059,2026-01-20,2026-01-16,0.0034393293408535855,-0.0047776518219038435,-0.00576630616002323,-0.0010132071362575833,0.38010005812032044,0.6830712865366636,0.5735788344430599,0.5793507695198059,cierre_dia,0.5790990591955509,0.5790990591955509,stop_loss,-1.0,3,0.007369838718993633,1.0,diario,nzd,1,1,42,0.0003
2026-01-20,0.5793507695198059,0.5730156,0.57347697,0.0048409473150941,-0.0002421489461398,47.230264301860544,0.5591809153556824,0.5842998623847961,3,0.0,-0.0328321298208056,0.5827301740646362,2026-01-21,2026-01-19,0.005212176722485612,-0.010934946241733391,-0.010138589312092265,-0.0004179660386755071,0.4723026430186054,0.8029737130599441,0.5765461629676013,0.5827301740646362,cierre_dia,0.5821553760720105,0.5821553760720105,stop_loss,-1.0,3,0.007369838718993633,1.0,diario,nzd,1,1,42,0.0003
2026-01-21,0.5827301740646362,0.57347697,0.57210195,0.0049199318236618,0.0001980985552088,56.15632295101791,0.5591809153556824,0.5842998623847961,4,-0.0026813265567879,-0.0329983305906542,0.5838188529014587,2026-01-22,2026-01-20,0.0058161423089942745,-0.01587905428012021,-0.018238671236985544,0.00033994902619686036,0.5615632295101791,0.9375097881953178,0.5798631813366476,0.5838188529014587,cierre_dia,0.5855971667926249,0.5838188529014587,cierre_dia,-1.0,3,0.007369838718993633,1.0,diario,nzd,1,1,42,0.0003
2026-01-22,0.5838188529014587,0.57210195,0.57084244,0.0048533201331302,0.0005303311513684,64.96954472701405,0.5591809153556824,0.5842998623847961,5,-0.0075636001842843,-0.0465135656168101,0.5916704535484314,2026-01-23,2026-01-21,0.0018664953254745452,-0.02006941509892699,-0.022226779483000086,0.0009083830519222942,0.6496954472701405,0.9808507306146275,0.5809853931085711,0.5916704535484314,cierre_dia,0.5866523126943464,0.5866523126943464,stop_loss,-1.0,3,0.007369838718993633,1.0,diario,nzd,1,1,42,0.0003
2026-01-23,0.5916704535484314,0.58360934,0.58395195,0.0055504409927361,0.0012078310544092,73.39529424798675,0.5591809153556824,0.5916704535484314,1,0.0022663907619747,-0.0345494498094415,0.596039891242981,2026-01-26,2026-01-22,0.013359062260973673,-0.01362433006428903,-0.013045274615524802,0.0020413915333535116,0.7339529424798675,1.0,0.5883864216088655,0.596039891242981,cierre_dia,0.5949544854879973,0.5949544854879973,stop_loss,-1.0,3,0.007369838718993633,1.0,diario,nzd,1,1,42,0.0003
2026-01-26,0.596039891242981,0.58395195,0.58367944,0.0056640168187286,0.0018412457560828,74.36239192482655,0.5591809153556824,0.596039891242981,2,0.0289203580782759,0.021162640810507,0.5970701575279236,2026-01-27,2026-01-23,0.007357782856798778,-0.020280423207535286,-0.020737624149961567,0.0030891317563377647,0.7436239192482655,1.0,0.5926639112743475,0.5970701575279236,cierre_dia,0.5994158712116143,0.5970701575279236,cierre_dia,-1.0,3,0.007369838718993633,1.0,diario,nzd,1,1,42,0.0003
2026-01-27,0.5970701575279236,0.58367944,0.58349556,0.0055648836358807,0.0021965293723101,75.97274540944231,0.5591809153556824,0.5970701575279236,3,0.0122742913300002,0.0337739275303055,0.6027800440788269,2026-01-28,2026-01-26,0.0017270268439670898,-0.022427377016070817,-0.022735347524530578,0.003678846354345508,0.7597274540944231,1.0,0.5937475315788238,0.6027800440788269,cierre_dia,0.6003927834770234,0.6003927834770234,stop_loss,-1.0,3,0.007369838718993633,1.0,diario,nzd,1,1,42,0.0003
2026-01-28,0.6027800440788269,0.58349556,0.5842502,0.0058194331349586,0.002652497356409,80.78880756570626,0.5591809153556824,0.6027800440788269,4,-0.0263296330609804,0.0096137247170157,0.6065311431884766,2026-01-29,2026-01-27,0.009517737542246106,-0.0319925721965424,-0.03074063957632224,0.00440043989920497,0.8078880756570627,1.0,0.5992722059172227,0.6065311431884766,cierre_dia,0.6062878822404311,0.6062878822404311,stop_loss,-1.0,3,0.007369838718993633,1.0,diario,nzd,1,1,42,0.0003
2026-01-29,0.6065311431884766,0.5842502,0.58499455,0.0058531305219027,0.0030166189400952,86.83287737805466,0.5591809153556824,0.6065311431884766,5,0.0109207008452449,0.0284492734131671,0.6075703501701355,2026-01-30,2026-01-28,0.006203715271243722,-0.036735035683984354,-0.035507810984380356,0.004973559847623192,0.8683287737805466,1.0,0.6029810372417955,0.6075703501701355,cierre_dia,0.6100812491351576,0.6075703501701355,cierre_dia,-1.0,3,0.007369838718993633,1.0,diario,nzd,1,1,42,0.0003
2026-01-30,0.6075703501701355,0.6059271,0.6043484,0.0057462667455621,0.0031241430193662,91.5623527322158,0.5591809153556824,0.6075703501701355,1,0.046909494425695,0.0754027167055761,0.6014494895935059,2026-02-02,2026-01-29,0.0017118951605511706,-0.0027046253486123764,-0.005303007576379032,0.00514202679326165,0.915623527322158,1.0,0.6040790888713633,0.6040790888713633,stop_loss,0.6110616114689077,0.6059271,take_profit,-1.0,3,0.007369838718993633,1.0,diario,nzd,1,1,42,0.0003
2026-02-02,0.6014494895935059,0.6043484,0.60369253,0.0060187083685043,0.002601140825842,77.80291479512644,0.5591809153556824,0.6075703501701355,2,-0.046146118104016,-0.0023684553371519,0.6010915637016296,2026-02-03,2026-01-30,-0.010125413446197986,0.004819873416890583,0.003729391154708804,0.004324786820585716,0.7780291479512644,0.8735083267638943,0.5978295405172568,0.6010915637016296,cierre_dia,0.6050694386697549,0.6010915637016296,cierre_dia,-1.0,3,0.007369838718993633,1.0,diario,nzd,1,1,42,0.0003
2026-02-03,0.6010915637016296,0.60369253,0.6055544,0.0058945776687627,0.0020722021212743,83.64710121598591,0.5591809153556824,0.6075703501701355,3,-0.0163272413557205,-0.0304980541634082,0.6042186617851257,2026-02-04,2026-02-02,-0.0005952826333288871,0.004327071706601819,0.007424553209310514,0.0034473984437800253,0.8364710121598591,0.8661115490737091,0.5975483827933524,0.60369253,take_profit,0.6046347446099068,0.6042186617851257,cierre_dia,-1.0,3,0.007369838718993633,1.0,diario,nzd,1,1,42,0.0003
2026-02-04,0.6042186617851257,0.6055544,0.6059435,0.0058797250379524,0.0017849534881763,84.62835868134798,0.5591809153556824,0.6075703501701355,4,0.0440057784171301,0.0401475875892254,0.5998188257217407,2026-02-05,2026-02-03,0.005188880063669738,0.002210686791645862,0.00285465895703769,0.0029541515366353767,0.8462835868134797,0.9307351202207331,0.6006660221910296,0.6006660221910296,stop_loss,0.6077713013792218,0.5998188257217407,cierre_dia,-1.0,3,0.007369838718993633,1.0,diario,nzd,1,1,42,0.0003
2026-02-05,0.5998188257217407,0.6059435,0.6056677,0.0059588718898883,0.0011798299345415,76.95985113968027,0.5591809153556824,0.6075703501701355,5,-0.0397915610591698,-0.0112854834016159,0.5938912630081177,2026-02-06,2026-02-04,-0.007308502755939318,0.010210873709890052,0.009751068201671672,0.0019669771670168114,0.7695985113968027,0.8398095683878597,0.5962445821821216,0.5962445821821216,stop_loss,0.6033930692613597,0.5938912630081177,cierre_dia,-1.0,3,0.007369838718993633,1.0,diario,nzd,1,1,42,0.0003
2026-02-06,0.5938912630081177,0.59957135,0.6024711,0.0061959109929151,0.0003070050987296,67.152764267516,0.5591809153556824,0.6075703501701355,1,-0.0046452431480401,-0.0609667451730612,0.6032381653785706,2026-02-09,2026-02-05,-0.009931408791055588,0.00956418682287406,0.014446814638128608,0.0005169382307033597,0.6715276426751601,0.7173125246353962,0.5902115656030494,0.59957135,take_profit,0.5975709604131859,0.5975709604131859,stop_loss,-1.0,3,0.007369838718993633,1.0,diario,nzd,1,1,42,0.0003
2026-02-09,0.6032381653785706,0.6024711,0.60315144,0.0069197789559509,0.0002862261566621,70.77173297839919,0.5591809153556824,0.6075703501701355,2,0.0110612630306836,-0.0056808069601893,0.605279266834259,2026-02-10,2026-02-06,0.015615842511961167,-0.0012715796555894914,-0.0001437663986597197,0.0004744828379392653,0.7077173297839918,0.9104725068979109,0.5990638906163576,0.605279266834259,cierre_dia,0.6074124401407837,0.605279266834259,cierre_dia,-1.0,3,0.007369838718993633,1.0,diario,nzd,1,1,42,0.0003
2026-02-10,0.605279266834259,0.60315144,0.6045256,0.0067988862176352,0.0003336908263946,70.0752361676995,0.5591809153556824,0.6075703501701355,3,0.0138038439305857,0.0247350395471152,0.6041712164878845,2026-02-11,2026-02-09,0.003377863391993475,-0.0035154464242399095,-0.0012451555431608897,0.0005513006056524534,0.7007523616769951,0.9526532321639732,0.6011640419691592,0.6041712164878845,cierre_dia,0.6093944916993588,0.6041712164878845,cierre_dia,-1.0,3,0.007369838718993633,1.0,diario,nzd,1,1,42,0.0003
2026-02-11,0.6041712164878845,0.6045256,0.60408443,0.0066541828028966,0.0002197090335788,68.11326199554829,0.5591809153556824,0.6075703501701355,4,-0.0082764196585656,-0.0274639326272551,0.6048911213874817,2026-02-12,2026-02-10,-0.0018323208294478705,0.0005865613959161215,-0.0001436455188795911,0.0003636535928606355,0.6811326199554828,0.9297546314544738,0.6001509507691257,0.6045256,take_profit,0.6081914822066433,0.6048911213874817,cierre_dia,-1.0,3,0.007369838718993633,1.0,diario,nzd,1,1,42,0.0003
2026-02-12,0.6048911213874817,0.60408443,0.59933454,0.0065106443762164,0.0001266659117319,63.47696218775367,0.5591809153556824,0.6075703501701355,5,0.0089489789684389,0.0211121976675739,0.6032600402832031,2026-02-13,2026-02-11,0.001190848415538623,-0.001333614197595294,-0.00918608521602399,0.00020940282846499287,0.6347696218775367,0.9446319471817107,0.600952890409797,0.6032600402832031,cierre_dia,0.6088293523651663,0.60408443,take_profit,-1.0,3,0.007369838718993633,1.0,diario,nzd,1,1,42,0.0003
2026-02-13,0.6032600402832031,0.6003098,0.60114187,0.0063919430611706,-9.869891427735818e-05,57.79532180301326,0.5591809153556824,0.6075703501701355,1,-0.0303777584629805,-0.0048283978205112,0.6033801436424255,2026-02-16,2026-02-12,-0.0027001291676108994,-0.004890495120177555,-0.0035112060169090156,-0.00016360923596236133,0.5779532180301326,0.910924566417028,0.5994040364546334,0.6033801436424255,cierre_dia,0.6071160441117728,0.6033801436424255,cierre_dia,-1.0,3,0.007369838718993633,1.0,diario,nzd,1,1,42,0.0003
2026-02-16,0.6033801436424255,0.60114187,0.60174346,0.0062543063776936,-0.0002832049682164,56.94922908877032,0.5591809153556824,0.6075703501701355,2,0.0037186207526305,-0.0121088254029491,0.6032018065452576,2026-02-17,2026-02-13,0.00019907071091945986,-0.0037095580058597575,-0.0027125248645826485,-0.000469364083655084,0.5694922908877033,0.9134065825778479,0.599606419361869,0.6032018065452576,cierre_dia,0.6071538679229821,0.6032018065452576,cierre_dia,-1.0,3,0.007369838718993633,1.0,diario,nzd,1,1,42,0.0003
2026-02-17,0.6032018065452576,0.60174346,0.6004955,0.006122191917053,-0.0004508297144651,50.52893441691633,0.5613183975219727,0.6075703501701355,3,0.0,-0.025651833168118,0.6048911213874817,2026-02-18,2026-02-16,-0.000295607104745523,-0.002417676023899876,-0.004486569031942309,-0.0007473945030887018,0.5052893441691633,0.9055489903721622,0.5995088893208744,0.6048911213874817,cierre_dia,0.6068947237696408,0.6048911213874817,cierre_dia,-1.0,3,0.007369838718993633,1.0,diario,nzd,1,1,42,0.0003
2026-02-18,0.6048911213874817,0.6004955,0.60183424,0.0060251939635206,-0.0004788697022043,47.83107704386404,0.561381459236145,0.6075703501701355,4,-0.0279218389891496,-0.0446065155237347,0.5967797636985779,2026-02-19,2026-02-17,0.00279666556143703,-0.007266797663353333,-0.005053605978659331,-0.0007916626402217354,0.4783107704386404,0.9419940871392052,0.6012465350543106,0.6012465350543106,stop_loss,0.6085357077206527,0.6004955,take_profit,-1.0,3,0.007369838718993633,1.0,diario,nzd,1,1,42,0.0003
2026-02-19,0.5967797636985779,0.60183424,0.59933084,0.0065411702626848,-0.0010423153488865,37.97825093764277,0.5624499320983887,0.6075703501701355,5,0.0280944486087246,-0.0261388364836461,0.5971004962921143,2026-02-20,2026-02-18,-0.013500336883575105,0.008469583938464448,0.004274736605698062,-0.0017465661744739617,0.3797825093764277,0.7608491469560565,0.5928761256549007,0.5971004962921143,cierre_dia,0.6006834017422551,0.5971004962921143,cierre_dia,-1.0,3,0.007369838718993633,1.0,diario,nzd,1,1,42,0.0003
2026-02-20,0.5971004962921143,0.5957343,0.5936546,0.0063993911052201,-0.0013713141877702,44.43568288791749,0.5707000494003296,0.6075703501701355,1,-0.0110210561814048,-0.0071044689004007,0.6003986597061157,2026-02-23,2026-02-19,0.0005372944205556122,-0.0022880508400144346,-0.0057710491173807695,-0.002296622086710382,0.4443568288791749,0.716035571735957,0.59327941668722,0.6003986597061157,cierre_dia,0.6009215758970085,0.6003986597061157,cierre_dia,-1.0,3,0.007369838718993633,1.0,diario,nzd,1,1,42,0.0003
2026-02-23,0.6003986597061157,0.5936546,0.5915845,0.006370953015278,-0.0013429814651731,49.17549799920848,0.572619616985321,0.6075703501701355,2,0.0174729526704826,0.0066464966813204,0.596039891242981,2026-02-24,2026-02-20,0.005508432698447134,-0.011232636177796908,-0.01468051196255191,-0.0022368162277884916,0.49175497999208484,0.7948057219258633,0.5965735480546922,0.5965735480546922,stop_loss,0.6042237713575392,0.596039891242981,cierre_dia,-1.0,3,0.007369838718993633,1.0,diario,nzd,1,1,42,0.0003
2026-02-24,0.596039891242981,0.5915845,0.59383756,0.0064161216866838,-0.0015777520686323,40.54503986163843,0.572619616985321,0.6075703501701355,3,-0.0099966516155551,-0.0033664662098414,0.5965590476989746,2026-02-25,2026-02-23,-0.007286270980629069,-0.007474988349671917,-0.003694939341036774,-0.002647057842625361,0.40545039861638427,0.6700939329031201,0.5922156267706482,0.5965590476989746,cierre_dia,0.5998641557153137,0.5965590476989746,cierre_dia,-1.0,3,0.007369838718993633,1.0,diario,nzd,1,1,42,0.0003
2026-02-25,0.5965590476989746,0.59383756,0.5977453,0.0062814697350151,-0.0016502298880041,45.860130077755976,0.572619616985321,0.6075703501701355,4,0.0256512183547639,0.0514823304021913,0.6000888347625732,2026-02-26,2026-02-24,0.000870630472382369,-0.004561975397861862,0.001988491006214714,-0.002766247355344463,0.4586013007775598,0.684947883269438,0.5928117800957041,0.6000888347625732,cierre_dia,0.6003063153022451,0.6000888347625732,cierre_dia,-1.0,3,0.007369838718993633,1.0,diario,nzd,1,1,42,0.0003
2026-02-26,0.6000888347625732,0.5977453,0.5964432,0.0062752203390841,-0.001421293707671,58.381267128808645,0.572980523109436,0.6075703501701355,5,0.0094938683394748,0.0321049231060465,0.5980217456817627,2026-02-27,2026-02-25,0.0058994752806223036,-0.0039053130583581565,-0.006075158462189513,-0.002368472175012786,0.5838126712880864,0.7837076376694967,0.5963231451014138,0.5980217456817627,cierre_dia,0.6038545244237327,0.5980217456817627,cierre_dia,-1.0,3,0.007369838718993633,1.0,diario,nzd,1,1,42,0.0003
2026-02-27,0.5980217456817627,0.59992176,0.5995311,0.0061835703864464,-0.0013693784289096,41.216062951030274,0.572980523109436,0.6075703501701355,1,-0.0054500265899209,0.0378708563537635,0.595770001411438,2026-03-02,2026-02-26,-0.0034505848884712797,0.003177165934110309,0.002523912097070281,-0.002289847215084909,0.41216062951030275,0.7239476083064373,0.594323836124714,0.595770001411438,cierre_dia,0.6017196552388114,0.595770001411438,cierre_dia,-1.0,3,0.007369838718993633,1.0,diario,nzd,1,1,42,0.0003
2026-03-02,0.595770001411438,0.5995311,0.5989038,0.0061040907585028,-0.0014398010788575,34.10012776585164,0.572980523109436,0.6075703501701355,2,0.0096222782919539,0.0297547702730009,0.5948804616928101,2026-03-03,2026-02-27,-0.00377242839252071,0.006313004313160416,0.005260081207744128,-0.0024167062380557416,0.3410012776585164,0.6588491541750169,0.5921333672516292,0.5948804616928101,cierre_dia,0.5994066355712467,0.5948804616928101,cierre_dia,-1.0,3,0.007369838718993633,1.0,diario,nzd,1,1,42,0.0003
2026-03-03,0.5948804616928101,0.5989038,0.5993491,0.0059857318293472,-0.0014929967907311,34.35113737443102,0.572980523109436,0.6075703501701355,3,-0.0184894982919137,0.0210462532888384,0.5889108180999756,2026-03-04,2026-03-02,-0.0014942082696745974,0.006763271894560116,0.007511825643884513,-0.002509742522863472,0.3435113737443102,0.6331323526117442,0.5913196667785986,0.5913196667785986,stop_loss,0.5984412566070215,0.5889108180999756,cierre_dia,-1.0,3,0.007369838718993633,1.0,diario,nzd,1,1,42,0.0003
2026-03-04,0.5889108180999756,0.5993491,0.59987587,0.0062268733089606,-0.0018534039039577,27.128401031207503,0.572980523109436,0.6075703501701355,4,-0.0207411987513938,-0.0252405701082266,0.5937607288360596,2026-03-05,2026-03-03,-0.010085720849963644,0.017724724320232036,0.018619206105605832,-0.0031471724529316754,0.27128401031207505,0.46054855847022597,0.5852437450453908,0.5937607288360596,cierre_dia,0.5925778911545604,0.5925778911545604,stop_loss,-1.0,3,0.007369838718993633,1.0,diario,nzd,1,1,42,0.0003
2026-03-05,0.5937607288360596,0.59987587,0.6003484,0.0063386381121991,-0.0016927690722362,37.551241032819256,0.572980523109436,0.6075703501701355,5,0.0140175238440753,-0.0208211057167828,0.5897687077522278,2026-03-06,2026-03-04,0.008201665010580434,0.01029899901923091,0.011094824638965512,-0.0028509279749007826,0.37551241032819255,0.600760613522516,0.5899970944507322,0.5899970944507322,stop_loss,0.5975243632213869,0.5897687077522278,cierre_dia,-1.0,3,0.007369838718993633,1.0,diario,nzd,1,1,42,0.0003
2026-03-06,0.5897687077522278,0.5943878,0.59607023,0.0063595020767441,-0.0017743892562513,33.80576735425602,0.572980523109436,0.6075703501701355,1,-0.0175745802217061,-0.0326215307330647,0.5850211381912231,2026-03-09,2026-03-05,-0.006745985523620421,0.007832040233834854,0.010684734820518202,-0.003008618858423313,0.3380576735425602,0.4853503492032858,0.5860180724304789,0.5860180724304789,stop_loss,0.5935193430739768,0.5850211381912231,cierre_dia,-1.0,3,0.007369838718993633,1.0,diario,nzd,1,1,42,0.0003
2026-03-09,0.5850211381912231,0.59607023,0.59438723,0.006446215611814,-0.0020477446726303,30.490667505830004,0.572980523109436,0.6075703501701355,2,0.0006950803071056,-0.0412190767584348,0.5927084684371948,2026-03-10,2026-03-06,-0.008082459041341609,0.018886653981322166,0.016009834854403927,-0.003500291765459188,0.30490667505830005,0.348097001487108,0.5812499657969736,0.5927084684371948,cierre_dia,0.5887923105854725,0.5887923105854725,stop_loss,-1.0,3,0.007369838718993633,1.0,diario,nzd,1,1,42,0.0003
2026-03-10,0.5927084684371948,0.59438723,0.5934681,0.0068853911865113,-0.0016287127956885,38.41794911606473,0.572980523109436,0.6075703501701355,3,0.0075276058723092,-0.0159470466026332,0.5924416184425354,2026-03-11,2026-03-09,0.01305467635054412,0.0028323562969019846,0.0012816276521375914,-0.0027479155139843985,0.3841794911606473,0.5703395189903518,0.5886274387724467,0.5924416184425354,cierre_dia,0.5967894981019428,0.5924416184425354,cierre_dia,-1.0,3,0.007369838718993633,1.0,diario,nzd,1,1,42,0.0003
2026-03-11,0.5924416184425354,0.5934681,0.59428185,0.0067305944195641,-0.0013015773550964,45.1527268658625,0.572980523109436,0.6075703501701355,4,0.0176859480809793,0.0226032459615028,0.5895600914955139,2026-03-12,2026-03-10,-0.0004503227095422334,0.0017326290481805818,0.0031061821117536756,-0.002196971506691419,0.45152726865862497,0.5626248231582176,0.5884541341915285,0.5895600914955139,cierre_dia,0.5964291026935423,0.5895600914955139,cierre_dia,-1.0,3,0.007369838718993633,1.0,diario,nzd,1,1,42,0.0003
2026-03-12,0.5895600914955139,0.59428185,0.5941963,0.0066582110252276,-0.0012130858175031,42.03070371606937,0.572980523109436,0.6075703501701355,5,-0.009957921186447,-0.0016225493888869,0.5852998495101929,2026-03-13,2026-03-11,-0.004875682718839453,0.00800895205187411,0.007863843858096986,-0.002057611827873072,0.4203070371606937,0.47931920437137376,0.5856346759942843,0.5856346759942843,stop_loss,0.5934855069967435,0.5852998495101929,cierre_dia,-1.0,3,0.007369838718993633,1.0,diario,nzd,1,1,42,0.0003
2026-03-13,0.5852998495101929,0.5923834,0.59114945,0.0066837639474783,-0.0013640320324893,34.36042950845582,0.572980523109436,0.6075703501701355,1,-0.0035989598931909,0.0124283511321878,0.5797303318977356,2026-03-16,2026-03-12,-0.007252371979961628,0.012102430054842812,0.009994194419667667,-0.002330484167441334,0.34360429508455825,0.3561546109825424,0.5813878434775722,0.5813878434775722,stop_loss,0.5892118555428136,0.5797303318977356,cierre_dia,-1.0,3,0.007369838718993633,1.0,diario,nzd,1,1,42,0.0003
2026-03-16,0.5797303318977356,0.59114945,0.5921765,0.0068331583204377,-0.0017375863489958,33.51968093243664,0.572980523109436,0.6075703501701355,2,-0.0190663775889668,-0.0073823205313142,0.5853704214096069,2026-03-17,2026-03-13,-0.009561228765344897,0.019697292816962184,0.021468892375394812,-0.002997232080832904,0.3351968093243664,0.1951385526286314,0.5757689427567184,0.5853704214096069,cierre_dia,0.5836917210387528,0.5836917210387528,stop_loss,0.0,3,0.007369838718993633,1.0,diario,nzd,1,1,42,0.0003
2026-03-17,0.5853704214096069,0.5921765,0.592061,0.0069894820614701,-0.0015117535266036,39.75454215988927,0.572980523109436,0.6075703501701355,3,0.0132118762926652,-0.0017239465889763,0.585919201374054,2026-03-18,2026-03-16,0.009681795420623751,0.011626960197277507,0.011429649236942485,-0.0025825587889514593,0.39754542159889267,0.35819486111996635,0.5812789853498493,0.585919201374054,cierre_dia,0.5894618574693646,0.585919201374054,cierre_dia,-1.0,3,0.007369838718993633,1.0,diario,nzd,1,1,42,0.0003
2026-03-18,0.585919201374054,0.592061,0.59226894,0.0068341604420256,-0.0012435448763349,36.27554784769378,0.572980523109436,0.6075703501701355,4,-0.011114142119103,-0.0300643253670674,0.5795589685440063,2026-03-19,2026-03-17,0.0009370526194850922,0.010482330347840975,0.010837225697766992,-0.0021223828702296005,0.3627554784769378,0.37406021839637027,0.5819149355458002,0.5819149355458002,stop_loss,0.5899234672023078,0.5795589685440063,cierre_dia,-1.0,3,0.007369838718993633,1.0,diario,nzd,1,1,42,0.0003
2026-03-19,0.5795589685440063,0.59226894,0.59171534,0.0070594127213288,-0.0014009185842647,33.49031764271963,0.572980523109436,0.6075703501701355,5,-0.0305861588241427,-0.0498674351096044,0.5868303775787354,2026-03-20,2026-03-18,-0.01091448322782593,0.02193041976026041,0.0209752106615371,-0.0024172149173778633,0.3349031764271963,0.1901843979452751,0.5754676225887065,0.5868303775787354,cierre_dia,0.5836503144993062,0.5836503144993062,stop_loss,0.0,3,0.007369838718993633,1.0,diario,nzd,1,1,42,0.0003
2026-03-20,0.5868303775787354,0.57876545,0.5782052,0.0073897567573429,-0.0009436567649563,42.66458250596197,0.572980523109436,0.6075703501701355,1,-0.0220268873083426,-0.0672160684254967,0.5831209421157837,2026-03-23,2026-03-19,0.01246839789875291,-0.013743200568469654,-0.014697905746329794,-0.001608057116691593,0.4266458250596197,0.4004025358379242,0.5824938438306089,0.5831209421157837,cierre_dia,0.5911669113268618,0.5831209421157837,cierre_dia,-1.0,3,0.007369838718993633,1.0,diario,nzd,1,1,42,0.0003
2026-03-23,0.5831209421157837,0.5782052,0.57806176,0.0073363226916656,-0.0008237447827389,40.777506862224485,0.572980523109436,0.6075703501701355,2,-0.0167977362357491,-0.0650975140132718,0.5853601694107056,2026-03-24,2026-03-20,-0.00634120040800703,-0.00843005586104924,-0.008676042567476795,-0.0014126482574095896,0.40777506862224483,0.2931618879895782,0.5788429787161542,0.5853601694107056,cierre_dia,0.5873989055154132,0.5853601694107056,cierre_dia,-1.0,3,0.007369838718993633,1.0,diario,nzd,1,1,42,0.0003
2026-03-24,0.5853601694107056,0.57806176,0.5760219,0.0072122266353801,-0.0005400558860778,47.04231617873407,0.572980523109436,0.6075703501701355,3,0.0179933707470358,-0.0606165787146914,0.5838086605072021,2026-03-25,2026-03-23,0.003832719269435484,-0.012468237150561593,-0.01595303182330739,-0.0009226044310829786,0.47042316178734067,0.35789847343108383,0.5811384192055911,0.5838086605072021,cierre_dia,0.58958191961582,0.5838086605072021,cierre_dia,-1.0,3,0.007369838718993633,1.0,diario,nzd,1,1,42,0.0003
2026-03-25,0.5838086605072021,0.5760219,0.57635456,0.0070663816855497,-0.0004092712647923,41.227907954187245,0.572980523109436,0.6075703501701355,4,-0.0031301298885793,-0.0530865099092448,0.5806391835212708,2026-03-26,2026-03-24,-0.0026540389625987764,-0.013337863985157706,-0.01276805400715742,-0.000701036645185655,0.41227907954187243,0.31304398772403547,0.5796832456807287,0.5806391835212708,cierre_dia,0.5879340753336755,0.5806391835212708,cierre_dia,-1.0,3,0.007369838718993633,1.0,diario,nzd,1,1,42,0.0003
2026-03-26,0.5806391835212708,0.57635456,0.5760802,0.0069968322073784,-0.0004835021581758,41.834523936453785,0.572980523109436,0.6075703501701355,5,0.0194499438274912,-0.004501277604227,0.5761796236038208,2026-03-27,2026-03-25,-0.005443755732522579,-0.007379149810880498,-0.007851663564320403,-0.0008327067340574815,0.4183452393645378,0.22141366588491543,0.5765765485811433,0.5765765485811433,stop_loss,0.5847018184613982,0.57635456,take_profit,0.0,4,0.007350054143033724,1.0,diario,nzd,1,1,42,0.0003
2026-03-27,0.5761796236038208,0.5803708,0.58151656,0.0070238709728034,-0.0007635695778512,42.05116883228232,0.572980523109436,0.6075703501701355,1,-0.0150337638464528,0.0024847665319124,0.5727902054786682,2026-03-30,2026-03-26,-0.007710078677182501,0.00727407951354594,0.009262626058863927,-0.0013252283603424127,0.4205116883228232,0.09248674440525158,0.5721326122704691,0.5727902054786682,cierre_dia,0.5802266349371725,0.5727902054786682,cierre_dia,0.0,4,0.007350054143033724,1.0,diario,nzd,1,1,42,0.0003
2026-03-30,0.5727902054786682,0.58151656,0.58141744,0.0069724328543171,-0.0010879354689008,30.59302337736553,0.5727902054786682,0.6075703501701355,2,0.0037568529861707,0.0233036580124928,0.5717389583587646,2026-03-31,2026-03-27,-0.005899942489871835,0.015234817980239946,0.015061770328496012,-0.0018993611596267368,0.3059302337736553,0.0,0.5687964642313577,0.5717389583587646,cierre_dia,0.5767839467259787,0.5717389583587646,cierre_dia,0.0,4,0.007350054143033724,1.0,diario,nzd,1,1,42,0.0003
2026-03-31,0.5717389583587646,0.58141744,0.5820709,0.0068249437457179,-0.0012713667514444,30.132441618494468,0.5717389583587646,0.6075703501701355,3,0.0016448554664745,0.0067101715386548,0.5756091475486755,2026-04-01,2026-03-30,-0.0018369954191519537,0.01692814788941159,0.01807108207370405,-0.0022236839607606743,0.30132441618494465,0.0,0.5678368721307308,0.5756091475486755,cierre_dia,0.5756410445867985,0.5756091475486755,cierre_dia,0.0,4,0.007350054143033724,1.0,diario,nzd,1,1,42,0.0003
2026-04-01,0.5756091475486755,0.5820709,0.5833064,0.0068255149558454,-0.0010398749108792,36.86112620522101,0.5717389583587646,0.6075703501701355,4,0.0201571002328112,0.0304287612338127,0.5750100612640381,2026-04-02,2026-03-31,0.006746346376821568,0.011225937737165619,0.013372359497941367,-0.0018065642551159502,0.3686112620522101,0.10801113197848794,0.5716803187033607,0.5750100612640381,cierre_dia,0.5795379763939904,0.5750100612640381,cierre_dia,0.0,4,0.007350054143033724,1.0,diario,nzd,1,1,42,0.0003
2026-04-02,0.5750100612640381,0.5833064,0.58212966,0.0066766277229937,-0.0008433011144272,39.59138244557956,0.5717389583587646,0.6075703501701355,5,0.0065111903881707,0.0171821794848242,0.5717801451683044,2026-04-03,2026-04-01,-0.0010413285893103236,0.014428162731142773,0.01238169419211722,-0.0014665849717018528,0.3959138244557956,0.09129153906422846,0.5711709331480023,0.5717801451683044,cierre_dia,0.5788491893800739,0.5717801451683044,cierre_dia,0.0,4,0.007350054143033724,1.0,diario,nzd,1,1,42,0.0003
2026-04-03,0.5717801451683044,0.57418436,0.5777719,0.0066328012783697,-0.000844889353407,41.55844320230067,0.5717389583587646,0.6075703501701355,1,-0.0109055999591873,0.0213899534395399,0.5686697363853455,2026-04-06,2026-04-02,-0.0056329825946919146,0.004204788942064124,0.01047912363226932,-0.001477647240021434,0.4155844320230067,0.0011494616161330513,0.5679876410904857,0.5686697363853455,cierre_dia,0.5755726492461232,0.5686697363853455,cierre_dia,0.0,4,0.007350054143033724,1.0,diario,nzd,1,1,42,0.0003
2026-04-06,0.5686697363853455,0.5777719,0.575988,0.0065846017761059,-0.0009610461077968,31.260408431883207,0.5686697363853455,0.6075703501701355,2,0.0,0.0175599404455073,0.5714514255523682,2026-04-07,2026-04-03,-0.005454718432631531,0.01600606297868238,0.0128690928080188,-0.0016899898944957572,0.3126040843188321,0.0,0.5649252726291248,0.5714514255523682,cierre_dia,0.5724142001415661,0.5714514255523682,cierre_dia,0.0,4,0.007350054143033724,1.0,diario,nzd,1,1,42,0.0003
2026-04-07,0.5714514255523682,0.575988,0.57907397,0.0065251311780889,-0.0007647127144477,34.540597895938234,0.5686697363853455,0.6075703501701355,3,0.0036782360700273,0.0196311321382333,0.5809292793273926,2026-04-08,2026-04-06,0.004879647496148997,0.00793868777778761,0.013338919297058171,-0.0013381937296044442,0.34540597895938235,0.07150759066198417,0.567722630038733,0.575988,take_profit,0.5751802210660033,0.5751802210660033,stop_loss,0.0,4,0.007350054143033724,1.0,diario,nzd,1,1,42,0.0003
2026-04-08,0.5809292793273926,0.57907397,0.5786872,0.0072655215219597,4.626784544209221e-05,51.372770069671525,0.5686697363853455,0.6075703501701355,4,-0.0070093808000449,-0.0076957889071165,0.5825400948524475,2026-04-09,2026-04-07,0.01644954215148826,-0.003193692233141752,-0.003859470347214259,7.964454037445268e-05,0.5137277006967153,0.3151503729445149,0.5767085251457029,0.5825400948524475,cierre_dia,0.5851500335090822,0.5825400948524475,cierre_dia,0.0,4,0.007350054143033724,1.0,diario,nzd,1,1,42,0.0003
2026-04-09,0.5825400948524475,0.5786872,0.57799757,0.0071231800270356,0.0006978229445379,45.15220457199663,0.5686697363853455,0.6075703501701355,5,0.0380442473140937,0.0240931636695196,0.585048496723175,2026-04-10,2026-04-08,0.002768988320654357,-0.0066139565095917705,-0.007797789186679301,0.001197896849854863,0.4515220457199663,0.3565588590410699,0.5783905568838471,0.585048496723175,cierre_dia,0.5866896328210478,0.585048496723175,cierre_dia,0.0,4,0.007350054143033724,1.0,diario,nzd,1,1,42,0.0003
2026-04-10,0.585048496723175,0.57994217,0.5799293,0.0070213360370128,0.0012709890424639,52.23880183706502,0.5686697363853455,0.6075703501701355,1,-0.00199867658502,0.0332554262189454,0.5804302096366882,2026-04-13,2026-04-09,0.0042967287415716805,-0.00872804007150736,-0.00875003824785024,0.002172450744823106,0.5223880183706502,0.42104118018399006,0.5809406746297324,0.5809406746297324,stop_loss,0.5891563188166177,0.5804302096366882,cierre_dia,0.0,4,0.007350054143033724,1.0,diario,nzd,1,1,42,0.0003
2026-04-13,0.5804302096366882,0.5799293,0.5785503,0.0070574381077972,0.0013072706380115,44.57385852971779,0.5686697363853455,0.6075703501701355,2,0.0210878305979878,0.0552759076727407,0.5871990919113159,2026-04-14,2026-04-10,-0.007925174837647552,-0.00086299718445356,-0.0032388211458962007,0.0022522443117317533,0.4457385852971779,0.3023210203418709,0.5763338593562816,0.5871990919113159,cierre_dia,0.5845265599170949,0.5845265599170949,stop_loss,0.0,4,0.007350054143033724,1.0,diario,nzd,1,1,42,0.0003
2026-04-14,0.5871990919113159,0.5785503,0.5792138,0.0073203258635997,0.0017288644993634,53.34723650854551,0.5686697363853455,0.6075703501701355,3,0.0178115957100108,0.0702963965508877,0.5903501510620117,2026-04-15,2026-04-13,0.011594361486897471,-0.014728891836607565,-0.013598951397087528,0.0029442560848246483,0.533472365085455,0.4763255312237606,0.5829006032117153,0.5903501510620117,cierre_dia,0.5914975806109165,0.5903501510620117,cierre_dia,0.0,4,0.007350054143033724,1.0,diario,nzd,1,1,42,0.0003
2026-04-15,0.5903501510620117,0.5792138,0.5804935,0.0072414314492905,0.0021350425255372,59.59073532718686,0.5686697363853455,0.6075703501701355,4,0.0156895372913926,0.0948687951719258,0.5912192463874817,2026-04-16,2026-04-14,0.005351906412042014,-0.018863975967445684,-0.016696279393305955,0.003616569796241028,0.5959073532718686,0.557328344396026,0.5860751709120179,0.5912192463874817,cierre_dia,0.5946251312120057,0.5912192463874817,cierre_dia,-1.0,4,0.007350054143033724,1.0,diario,nzd,1,1,42,0.0003
2026-04-16,0.5912192463874817,0.5804935,0.58137095,0.0070825508623917,0.0023597698875335,65.98723418814683,0.5686697363853455,0.6075703501701355,5,0.0002470874559217,0.0542581818823075,0.5886092185974121,2026-04-17,2026-04-15,0.0014710866481135645,-0.018141740907487477,-0.01665760451415873,0.003991361752771696,0.6598723418814683,0.5796697740268815,0.5870319060041175,0.5886092185974121,cierre_dia,0.5954065867708459,0.5886092185974121,cierre_dia,-1.0,4,0.007350054143033724,1.0,diario,nzd,1,1,42,0.0003
2026-04-17,0.5886092185974121,0.5879214,0.5908741,0.0069818748640547,0.0022315790065728,67.09906283381633,0.5686697363853455,0.6075703501701355,1,-0.0009061811693833,0.0554105834950304,0.5865206122398376,2026-04-20,2026-04-16,-0.0044244263047656645,-0.0011685488022954574,0.0038478524138388444,0.003791274305710664,0.6709906283381634,0.5125750026047892,0.584499622689336,0.5865206122398376,cierre_dia,0.5927188145054882,0.5879214,take_profit,0.0,4,0.007350054143033724,1.0,diario,nzd,1,1,42,0.0003
2026-04-20,0.5865206122398376,0.5908741,0.5900055,0.0068638588335696,0.0019170954636229,65.6273039710536,0.5686697363853455,0.6075703501701355,2,0.0060804956810176,0.03968994091703,0.590639591217041,2026-04-21,2026-04-17,-0.00355468562201649,0.007422565668301015,0.005941628797757048,0.0032685900949018464,0.6562730397105361,0.45888416962386847,0.5824948175544447,0.590639591217041,cierre_dia,0.5905464069252307,0.5905464069252307,stop_loss,0.0,4,0.007350054143033724,1.0,diario,nzd,1,1,42,0.0003
2026-04-21,0.590639591217041,0.5900055,0.59057575,0.0068729314727293,0.0018941171818719,65.80717390404956,0.5686697363853455,0.6075703501701355,3,-0.0111208553845339,0.0100401513495226,0.5898104310035706,2026-04-22,2026-04-20,0.006998190689023242,-0.001073567072831132,-0.00010808827919833963,0.0032068916646257684,0.6580717390404957,0.5647688479477326,0.5865801657815255,0.5898104310035706,cierre_dia,0.5946990166525566,0.5900055,take_profit,0.0,4,0.007350054143033724,1.0,diario,nzd,1,1,42,0.0003
2026-04-22,0.5898104310035706,0.59057575,0.59022415,0.006725822957968,0.0017349575503526,65.49024892046297,0.5686697363853455,0.6075703501701355,4,-0.0057320440236596,-0.0113664061402142,0.5905802845954895,2026-04-23,2026-04-21,-0.0014048207619572577,0.0012975677543159037,0.000701444014351259,0.002941551147884153,0.6549024892046298,0.5434540116817131,0.5858434704658777,0.59057575,take_profit,0.5937773915412634,0.5905802845954895,cierre_dia,0.0,4,0.007350054143033724,1.0,diario,nzd,1,1,42,0.0003
2026-04-23,0.5905802845954895,0.59022415,0.5921935,0.0065844817129819,0.001596876504222,70.74469764333858,0.5686697363853455,0.6075703501701355,5,0.0195526182302608,0.0079051150601304,0.5853807330131531,2026-04-24,2026-04-22,0.001304404873576649,-0.0006030248634755635,0.0027315768009687096,0.002703910959905748,0.7074469764333858,0.5632442801895061,0.5866916195115228,0.5866916195115228,stop_loss,0.5944689496794562,0.59022415,take_profit,0.0,4,0.007350054143033724,1.0,diario,nzd,1,1,42,0.0003
2026-04-24,0.5853807330131531,0.5901518,0.5911062,0.006698013945896,0.001094652446489,67.62679214060995,0.5686697363853455,0.605279266834259,1,-0.0072977855745626,0.0014835282694509,0.5870887637138367,2026-04-27,2026-04-23,-0.008843125560381436,0.008150365595889412,0.00978075748645848,0.001869983729827343,0.6762679214060995,0.45646574602006496,0.5814598446997722,0.5870887637138367,cierre_dia,0.5893016213265341,0.5870887637138367,cierre_dia,0.0,4,0.007350054143033724,1.0,diario,nzd,1,1,42,0.0003
2026-04-27,0.5870887637138367,0.5911062,0.5918546,0.0065812114155591,0.0008288488482781,66.87654789550538,0.5686697363853455,0.605279266834259,2,-0.0085958122251271,-0.0131072212920548,0.5912611484527588,2026-04-28,2026-04-24,0.002913563062782308,0.006842979349067505,0.008117743994988703,0.0014117947736470458,0.6687654789550538,0.5031211026919307,0.5832250084401367,0.5911062,take_profit,0.5909525189875366,0.5909525189875366,stop_loss,0.0,4,0.007350054143033724,1.0,diario,nzd,1,1,42,0.0003
2026-04-28,0.5912611484527588,0.5918546,0.59325594,0.0066106707887259,0.0008805430810638,62.5927346590067,0.5686697363853455,0.605279266834259,3,-0.0009134808991143,-0.0029820493238921,0.588841438293457,2026-04-29,2026-04-27,0.007081771099456155,0.001003704621543615,0.003373791010049141,0.0014892625422252897,0.625927346590067,0.6170910085541333,0.5873525156501737,0.588841438293457,cierre_dia,0.5951697812553439,0.588841438293457,cierre_dia,-1.0,4,0.007350054143033724,1.0,diario,nzd,1,1,42,0.0003
2026-04-29,0.588841438293457,0.59325594,0.59317046,0.0065216698931103,0.0007058298743937,57.53172087058739,0.5686697363853455,0.605279266834259,4,-0.0173479961339073,-0.0144963577952682,0.584050714969635,2026-04-30,2026-04-28,-0.004100852887702752,0.007496927728688449,0.007351761314708116,0.0011986756170545528,0.5753172087058739,0.5509959199356568,0.5850012088135228,0.5850012088135228,stop_loss,0.5926816677733913,0.584050714969635,cierre_dia,0.0,4,0.007350054143033724,1.0,diario,nzd,1,1,42,0.0003
2026-04-30,0.584050714969635,0.59317046,0.5925635,0.0066020269949874,0.000245446375808,48.86909619573148,0.5686697363853455,0.605279266834259,5,-0.0061053782620621,-0.0394607688453917,0.5906988978385925,2026-05-01,2026-04-29,-0.008169122715504426,0.015614645777531638,0.01457542095605104,0.000420248395416759,0.4886909619573148,0.42013591531180094,0.5801947963829638,0.5906988978385925,cierre_dia,0.5879066335563062,0.5879066335563062,stop_loss,0.0,4,0.007350054143033724,1.0,diario,nzd,1,1,42,0.0003
2026-05-01,0.5906988978385925,0.583518,0.58271503,0.0068851769937781,0.0003595891842598,61.12672636055037,0.5686697363853455,0.605279266834259,1,0.0080478443767945,-0.0246070106010816,0.5906500220298767,2026-05-04,2026-04-30,0.011318588695773315,-0.0121566128951111,-0.013515968741106547,0.0006087520826186765,0.6112672636055038,0.6017329690690094,0.5866318313769442,0.5906500220298767,cierre_dia,0.5947659643002409,0.5906500220298767,cierre_dia,0.0,4,0.007350054143033724,1.0,diario,nzd,1,1,42,0.0003
2026-05-04,0.5906500220298767,0.58271503,0.58246034,0.0067320313180885,0.0003996401811603,54.37666023110568,0.5686697363853455,0.605279266834259,2,0.001011982177909,-0.0151904716480389,0.58724045753479,2026-05-05,2026-05-01,-8.274576278303495e-05,-0.013434337990213962,-0.013865540886177146,0.0006766107953181201,0.5437666023110568,0.6003979121011517,0.5866737475835418,0.58724045753479,cierre_dia,0.5946262964762116,0.58724045753479,cierre_dia,-1.0,4,0.007350054143033724,1.0,diario,nzd,1,1,42,0.0003
2026-05-05,0.58724045753479,0.58246034,0.58249885,0.0066918907770742,0.0001757701649441,46.08180652060934,0.5686697363853455,0.6048911213874817,3,-0.0233659613274749,-0.0370555076314941,0.5903292298316956,2026-05-06,2026-05-04,-0.005789288693828908,-0.008139966300783744,-0.00807438839397253,0.00029931548940271505,0.4608180652060934,0.5127004709607138,0.5833107085330881,0.5903292298316956,cierre_dia,0.5911702065364919,0.5903292298316956,cierre_dia,0.0,4,0.007350054143033724,1.0,diario,nzd,1,1,42,0.0003
2026-05-06,0.5903292298316956,0.58249885,0.5833056,0.0066396400713195,0.0002125232638888,48.93798914945249,0.5686697363853455,0.6048911213874817,4,0.0252185394683388,0.0048185987204042,0.5953586101531982,2026-05-07,2026-05-05,0.005246023931869232,-0.013264428451100086,-0.011897818161059098,0.00036000803136478765,0.48937989149452493,0.5979752967776546,0.5864096562220339,0.5953586101531982,cierre_dia,0.5942488034413573,0.5942488034413573,stop_loss,-1.0,4,0.007350054143033724,1.0,diario,nzd,1,1,42,0.0003
2026-05-07,0.5953586101531982,0.5833056,0.5796229,0.006737392767315,0.0005340639111371,57.61408076428599,0.5686697363853455,0.6048911213874817,5,0.0320404983590366,0.0438887297223548,0.5938488841056824,2026-05-08,2026-05-06,0.008483532200806911,-0.02024495816075755,-0.02643064177596938,0.000897045750291029,0.5761408076428599,0.736826429090957,0.5913474453591934,0.5938488841056824,cierre_dia,0.5993697749472032,0.5938488841056824,cierre_dia,-1.0,4,0.007350054143033724,1.0,diario,nzd,1,1,42,0.0003
2026-05-08,0.5938488841056824,0.59245646,0.59155846,0.0066096834819422,0.0005987204527517,58.37652817066457,0.5686697363853455,0.6048911213874817,1,-0.0014676820261337,0.0340026889881597,0.5950397253036499,2026-05-11,2026-05-07,-0.002539046997053651,-0.002344744838208052,-0.0038569140516811293,0.0010082033809886736,0.5837652817066457,0.6951459122518899,0.5899237309456392,0.5950397253036499,cierre_dia,0.5977740372657255,0.5950397253036499,cierre_dia,-1.0,4,0.007350054143033724,1.0,diario,nzd,1,1,42,0.0003
2026-05-11,0.5950397253036499,0.59155846,0.58624023,0.0064808772518173,0.0006699568984446,55.39037148890557,0.5686697363853455,0.6048911213874817,2,0.0196346167870453,0.0534389588166078,0.5965298414230347,2026-05-12,2026-05-08,0.002003285399144999,-0.005850475448296159,-0.014788080407840794,0.001125902809434647,0.5539037148890558,0.7280226561394386,0.5911833458840018,0.5965298414230347,cierre_dia,0.5988961047232979,0.5965298414230347,cierre_dia,-1.0,4,0.007350054143033724,1.0,diario,nzd,1,1,42,0.0003
2026-05-12,0.5965298414230347,0.58624023,0.58819884,0.0063647587282887,0.0007591552273781,58.10041575231337,0.5686697363853455,0.6048911213874817,3,0.0259836550414483,0.1067298960684262,0.5952416062355042,2026-05-13,2026-05-11,0.002501099285814945,-0.017249114308327897,-0.01396577479369831,0.00127261902869288,0.5810041575231337,0.7691617820811132,0.5927330729081528,0.5952416062355042,cierre_dia,0.6003266099379165,0.5952416062355042,cierre_dia,-1.0,4,0.007350054143033724,1.0,diario,nzd,1,1,42,0.0003
2026-05-13,0.5952416062355042,0.58819884,0.59055465,0.0062451039676265,0.0006758976349549,55.54997274833084,0.5686697363853455,0.6003986597061157,4,0.0110867207696673,0.0911997826591739,0.5931690335273743,2026-05-14,2026-05-12,-0.0021618837937447226,-0.01183177748619561,-0.007874040030813677,0.001135501328997296,0.5554997274833083,0.8374652231821658,0.5915242605187064,0.5931690335273743,cierre_dia,0.5989589519523019,0.5931690335273743,cierre_dia,-1.0,4,0.007350054143033724,1.0,diario,nzd,1,1,42,0.0003
2026-05-14,0.5931690335273743,0.59055465,0.5887817,0.0061558394961281,0.0004373174169838,60.0191386972804,0.5686697363853455,0.6003986597061157,5,0.0229421776398646,0.0813167248586991,0.5903501510620117,2026-05-15,2026-05-13,-0.003487977539117444,-0.004407484847662158,-0.0073964304934873715,0.0007372559797722787,0.6001913869728039,0.772143980252591,0.5895175801629063,0.5903501510620117,cierre_dia,0.5968204868918422,0.59055465,take_profit,-1.0,4,0.007350054143033724,1.0,diario,nzd,1,1,42,0.0003
2026-05-15,0.5903501510620117,0.5930891,0.5940034,0.006107472554431,6.526627563535788e-05,54.07898091451114,0.5686697363853455,0.6003986597061157,1,-0.0103007559935629,0.0718074342083402,0.5832604169845581,2026-05-18,2026-05-14,-0.004763569247505537,0.004639532882410682,0.006188274757643782,0.00011055519426555064,0.5407898091451114,0.6833013039075899,0.5867446037168963,0.5867446037168963,stop_loss,0.5939556984071271,0.5832604169845581,cierre_dia,-1.0,4,0.007350054143033724,1.0,diario,nzd,1,1,42,0.0003
2026-05-18,0.5832604169845581,0.5940034,0.59152204,0.006488003794505,-0.0006436428465495,40.67412014495654,0.5686697363853455,0.6000888347625732,2,-0.0493118043030063,0.0004000731623398,0.5874301791191101,2026-05-19,2026-05-15,-0.012082066257273674,0.018418844657730776,0.014164552873576184,-0.0011035256770502576,0.4067412014495654,0.46438890206307804,0.5794762211859777,0.5874301791191101,cierre_dia,0.5870446127831385,0.5870446127831385,stop_loss,0.0,4,0.007350054143033724,1.0,diario,nzd,1,1,42,0.0003
2026-05-19,0.5874301791191101,0.59152204,0.5911975,0.0065251568181564,-0.0008065041012404,48.41947865558559,0.5686697363853455,0.6000888347625732,3,0.003273801195157,-0.0220628361874914,0.5833386778831482,2026-05-20,2026-05-18,0.007123623921897707,0.0069656974162033624,0.006413223247296008,-0.0013729361035720118,0.4841947865558559,0.5971031539008774,0.5835971050806402,0.5835971050806402,stop_loss,0.59126325315758,0.5833386778831482,cierre_dia,-1.0,4,0.007350054143033724,1.0,diario,nzd,1,1,42,0.0003
2026-05-20,0.5833386778831482,0.5911975,0.58999324,0.0065461692963948,-0.0011439520177079,49.18987540926686,0.5686697363853455,0.6000888347625732,4,-0.0172071264664082,-0.0493446669349503,0.5868303775787354,2026-05-21,2026-05-19,-0.00698945461034619,0.01347214305310661,0.011407716253275415,-0.0019610426345448868,0.4918987540926686,0.4668797723500119,0.57952004414059,0.5868303775787354,cierre_dia,0.5871573116257064,0.5868303775787354,cierre_dia,0.0,4,0.007350054143033724,1.0,diario,nzd,1,1,42,0.0003
2026-05-21,0.5868303775787354,0.58999324,0.5894106,0.0065287486152192,-0.0010865884283261,45.25796500846805,0.5686697363853455,0.5980217456817627,5,0.0201524544565522,-0.0519930363306009,0.5878514647483826,2026-05-22,2026-05-20,0.005967872834278301,0.005389738742419243,0.004396879438843408,-0.0018516226661771814,0.4525796500846805,0.6187188416980577,0.5829991095637496,0.5878514647483826,cierre_dia,0.5906616455937211,0.5878514647483826,cierre_dia,-1.0,4,0.007350054143033724,1.0,diario,nzd,1,1,42,0.0003
2026-05-22,0.5878514647483826,0.5874975,0.5862232,0.0063997364434409,-0.000939963894774,46.64938742421302,0.5686697363853455,0.5965298414230347,1,-0.0053397527463154,-0.0472782854279293,0.5873000621795654,2026-05-25,2026-05-21,0.001738491887809036,-0.0006021329699911009,-0.0027698574317229223,-0.0015989819727272973,0.4664938742421302,0.6885016527069093,0.5840893703061022,0.5873000621795654,cierre_dia,0.5916135591906629,0.5874975,take_profit,-1.0,4,0.007350054143033724,1.0,diario,nzd,1,1,42,0.0003
2026-05-25,0.5873000621795654,0.5862232,0.58807373,0.0062665381419017,-0.000843288884657,50.07660534153726,0.5686697363853455,0.5965298414230347,2,0.013493345180274,0.0144765058069405,0.5862111449241638,2026-05-26,2026-05-22,-0.0009384366128941573,-0.0018335809050810668,0.0013173297097284907,-0.0014358739917844018,0.5007660534153726,0.6687098188975535,0.5836197239391759,0.5862111449241638,cierre_dia,0.5909804004199548,0.5862232,take_profit,-1.0,4,0.007350054143033724,1.0,diario,nzd,1,1,42,0.0003
2026-05-26,0.5862111449241638,0.58807373,0.58928347,0.006146574003064,-0.0008153700375416,44.4205225278772,0.5686697363853455,0.5965298414230347,3,0.0,0.0111607419470815,0.5842486619949341,2026-05-27,2026-05-25,-0.001855828152876763,0.003177327984914206,0.005240987146762059,-0.0013909152778852091,0.44420522527877204,0.6296246376346502,0.5826079547404666,0.5842486619949341,cierre_dia,0.5898143351078611,0.5842486619949341,cierre_dia,-1.0,4,0.007350054143033724,1.0,diario,nzd,1,1,42,0.0003
2026-05-27,0.5842486619949341,0.58928347,0.58986664,0.0060582742976102,-0.0008859003007139,33.583117546548294,0.5686697363853455,0.5965298414230347,4,0.0029914299727304,0.031792392602581,0.5892404317855835,2026-05-28,2026-05-26,-0.0033533569570501744,0.008617577296410831,0.009615731058558468,-0.0015163069397351593,0.33583117546548297,0.5591840227634971,0.580709123342557,0.5892404317855835,cierre_dia,0.5877882006473112,0.5877882006473112,stop_loss,-1.0,4,0.007350054143033724,1.0,diario,nzd,1,1,42,0.0003
2026-05-28,0.5892404317855835,0.58986664,0.58623743,0.0062003553168811,-0.0005686159378325,43.82559586270123,0.5686697363853455,0.5965298414230347,5,-0.0088426651012281,0.0023050097652881,0.594569206237793,2026-05-29,2026-05-27,0.008507620438224646,0.0010627380278690212,-0.005096394652491021,-0.0009649981690995223,0.4382559586270123,0.7383567065669694,0.5855869317414404,0.58986664,take_profit,0.5928939318297265,0.5928939318297265,stop_loss,-1.0,4,0.007350054143033724,1.0,diario,nzd,1,1,42,0.0003
2026-05-29,0.594569206237793,0.58735293,0.58531237,0.0063610661589024,-2.0866102101320914e-06,49.43252071795403,0.5686697363853455,0.5965298414230347,1,0.0143298384669936,0.0222151094202964,0.5981684327125549,2026-06-01,2026-05-28,0.009002816454175626,-0.012136982813918023,-0.015568980264495482,-3.509448838320041e-06,0.49432520717954026,0.92962570734786,0.5907871121808683,0.5981684327125549,cierre_dia,0.5983513002947176,0.5981684327125549,cierre_dia,-1.0,4,0.007350054143033724,1.0,diario,nzd,1,1,42,0.0003
2026-06-01,0.5981684327125549,0.58531237,0.589275,0.0063560703315034,0.0005805952735605,51.880582884239935,0.5686697363853455,0.5981684327125549,2,-0.0057230335454064,0.0027593698651848,0.5935704112052917,2026-06-02,2026-05-29,0.006035254161783205,-0.02149237908502735,-0.01486777339991896,0.0009706217209217064,0.5188058288423993,1.0,0.5943664320841487,0.5943664320841487,stop_loss,0.601970433340961,0.5935704112052917,cierre_dia,-1.0,4,0.007350054143033724,1.0,diario,nzd,1,1,42,0.0003
2026-06-02,0.5935704112052917,0.589275,0.58913827,0.0064235378758014,0.0006184036093969,48.217423701055125,0.5686697363853455,0.5981684327125549,3,0.0255379633740988,0.028697596972302,0.5922486186027527,2026-06-03,2026-06-01,-0.007716530087796247,-0.0072365655770636915,-0.007466917355755605,0.001041836988035139,0.48217423701055123,0.84412797581763,0.5897575891869595,0.5922486186027527,cierre_dia,0.5973832332236239,0.5922486186027527,cierre_dia,-1.0,4,0.007350054143033724,1.0,diario,nzd,1,1,42,0.0003
2026-06-03,0.5922486186027527,0.58913827,0.5876273,0.0063031407102192,0.0005203855938185,49.00226142017186,0.5686697363853455,0.5981684327125549,4,0.0190539373216507,0.0453544771867792,0.5871197581291199,2026-06-04,2026-06-02,-0.002229333678660131,-0.005251761684291863,-0.007803004443734203,0.0008786607135466289,0.4900226142017186,0.7993194667270148,0.5885155922242666,0.5885155922242666,stop_loss,0.5959816449812387,0.58913827,take_profit,-1.0,4,0.007350054143033724,1.0,diario,nzd,1,1,42,0.0003
2026-06-04,0.5871197581291199,0.5876273,0.5892536,0.006428189311074,9.82282773506016e-05,46.66523095476892,0.5686697363853455,0.5981684327125549,5,-0.025666836602769,0.0279143732033996,0.5869888067245483,2026-06-05,2026-06-03,-0.008697694304721401,0.0008644605531542536,0.0036344235419358763,0.00016730535123466098,0.4666523095476892,0.6254521060565037,0.5833456411755938,0.5869888067245483,cierre_dia,0.5908938750826459,0.5869888067245483,cierre_dia,-1.0,4,0.007350054143033724,1.0,diario,nzd,1,1,42,0.0003
2026-06-05,0.5869888067245483,0.58509696,0.5862769,0.00629165135343,-0.0001862320905349,54.49460807983262,0.5686697363853455,0.5981684327125549,1,0.0046182670707891,0.0179800265167984,0.5796698331832886,2026-06-08,2026-06-04,-0.0002230652412127998,-0.003222968995107453,-0.0012128114137658864,-0.0003172668514312773,0.5449460807983262,0.6210128792134264,0.5832956778042716,0.5832956778042716,stop_loss,0.5906819356448251,0.58509696,take_profit,-1.0,4,0.007350054143033724,1.0,diario,nzd,1,1,42,0.0003
2026-06-08,0.5796698331832886,0.5862769,0.58699274,0.0066873291583892,-0.000827773115777,41.305024369199046,0.5686697363853455,0.5981684327125549,2,-0.0387539098678824,-0.0150954821525162,0.5803594589233398,2026-06-09,2026-06-05,-0.012547062711809701,0.011397982849009662,0.012632892721874615,-0.00142800792518603,0.41305024369199045,0.37290111657567293,0.5757933902056034,0.5803594589233398,cierre_dia,0.5835462761609738,0.5803594589233398,cierre_dia,0.0,4,0.007350054143033724,1.0,diario,nzd,1,1,42,0.0003
2026-06-09,0.5803594589233398,0.58699274,0.5850276,0.0065469478237767,-0.0011465179796516,46.38651160974933,0.5686697363853455,0.5981684327125549,3,0.0104821070262589,-0.0298129927158813,0.5807504653930664,2026-06-10,2026-06-08,0.001188980012808225,0.011429607934651349,0.008043534063044807,-0.001975530788760771,0.46386511609749326,0.39627929344158286,0.5765598758267334,0.5807504653930664,cierre_dia,0.5841590420199463,0.5807504653930664,cierre_dia,0.0,4,0.007350054143033724,1.0,diario,nzd,1,1,42,0.0003
2026-06-10,0.5807504653930664,0.5850276,0.5839392,0.0064082343370932,-0.0012626753685273,42.02590385180645,0.5686697363853455,0.5981684327125549,4,-0.0042749316704882,-0.0521843939610808,0.5794313549995422,2026-06-11,2026-06-09,0.0006735046808544865,0.007364840601614849,0.005490713821082124,-0.0021742132701911654,0.42025903851806445,0.40953433581326554,0.5770288803194517,0.5794313549995422,cierre_dia,0.5844720504666812,0.5794313549995422,cierre_dia,0.0,4,0.007350054143033724,1.0,diario,nzd,1,1,42,0.0003
2026-06-11,0.5794313549995422,0.5839392,0.58363295,0.0062891579760955,-0.0013520234610696,39.04228384910859,0.5686697363853455,0.5981684327125549,5,-0.0085248812184181,-0.0357969257871859,0.5832808613777161,2026-06-12,2026-06-10,-0.0022739728183279553,0.007779774017340357,0.007251238587979283,-0.0023333626138866237,0.39042283849108594,0.3648167530803829,0.575787219671647,0.5832808613777161,cierre_dia,0.5830754903274374,0.5830754903274374,stop_loss,0.0,4,0.007350054143033724,1.0,diario,nzd,1,1,42,0.0003
2026-06-12,0.5832808613777161,0.5774911,0.579027,0.0063145732738286,-0.0010869536489081,45.18301141972971,0.5686697363853455,0.5981684327125549,1,0.0015989373612835,-0.0387037821878805,0.585538387298584,2026-06-15,2026-06-11,0.006621622082158298,-0.009926198099557984,-0.007292989808834867,-0.001863516739329837,0.4518301141972971,0.49531426169818105,0.5795976916393246,0.585538387298584,cierre_dia,0.5869640311161075,0.585538387298584,cierre_dia,0.0,4,0.007350054143033724,1.0,diario,nzd,1,1,42,0.0003
2026-06-15,0.585538387298584,0.579027,0.57934517,0.0062367064508682,-0.0007127560442493,49.2156740116881,0.5686697363853455,0.5981684327125549,2,0.0270319005629957,0.0266623790530586,0.5827913284301758,2026-06-16,2026-06-12,0.0038629218858066334,-0.011120342303473384,-0.010576962045403707,-0.0012172661258600692,0.492156740116881,0.5718439461231022,0.5818865562612879,0.5827913284301758,cierre_dia,0.58919021833588,0.5827913284301758,cierre_dia,-1.0,4,0.007350054143033724,1.0,diario,nzd,1,1,42,0.0003
2026-06-16,0.5827913284301758,0.57934517,0.5785608,0.006182730887521,-0.0006075317046068,48.33150902554668,0.5686697363853455,0.5981684327125549,3,0.0080539497301391,0.0241725054324553,0.5831209421157837,2026-06-17,2026-06-15,-0.0047025491071365335,-0.0059131944180749775,-0.007259079234365538,-0.001042451517326563,0.4833150902554668,0.4787191911191216,0.5791880864829112,0.5831209421157837,cierre_dia,0.5863945703774405,0.5831209421157837,cierre_dia,0.0,4,0.007350054143033724,1.0,diario,nzd,1,1,42,0.0003
2026-06-17,0.5831209421157837,0.5785608,0.5813302,0.0060564567588582,-0.0004786798879823,42.15652120767633,0.5686697363853455,0.5981684327125549,4,0.0010021613364065,0.0295914445461629,0.5774805545806885,2026-06-18,2026-06-16,0.0005654176608587297,-0.00782023382531552,-0.0030709617618708417,-0.0008208929801860108,0.4215652120767633,0.4898930301915919,0.5795892953446747,0.5795892953446747,stop_loss,0.5866525888868925,0.5785608,take_profit,0.0,4,0.007350054143033724,1.0,diario,nzd,1,1,42,0.0003
2026-06-18,0.5774805545806885,0.5813302,0.5822904,0.0062647948046365,-0.000721673974273,28.270689456547444,0.5686697363853455,0.5981684327125549,5,-0.0011564235248321,0.0372059647299223,0.57548987865448,2026-06-19,2026-06-17,-0.009719842611854592,0.00666627713916149,0.00832901710916303,-0.0012496939828510955,0.28270689456547443,0.29868500280861415,0.5738627574025728,0.57548987865448,cierre_dia,0.5810983517588042,0.57548987865448,cierre_dia,-1.0,5,0.007369838718993633,1.0,diario,nzd,1,1,42,0.0003
2026-06-19,0.57548987865448,0.58040386,0.58026016,0.006174294821994,-0.0009504348076723,19.932798184349807,0.5686697363853455,0.5981684327125549,1,-0.0166463631322671,0.0184534233160654,0.5734602212905884,2026-06-22,2026-06-18,-0.0034531291469590505,0.00853877979054838,0.008289079482463126,-0.001651523063958062,0.19932798184349806,0.23120148068522103,0.5719366344765936,0.5734602212905884,cierre_dia,0.5790431228323664,0.5734602212905884,cierre_dia,-1.0,5,0.007369838718993633,1.0,diario,nzd,1,1,42,0.0003
2026-06-22,0.5734602212905884,0.58026016,0.5815558,0.006089452581236,-0.0011586039641125,21.389479182743106,0.5686697363853455,0.5981684327125549,2,0.0,-0.0087085347065966,0.5711707472801208,2026-06-23,2026-06-19,-0.0035330681032476577,0.011857733905427987,0.014117071086800492,-0.0020203737261932993,0.21389479182743107,0.1623964954961144,0.5699681624658142,0.5711707472801208,cierre_dia,0.5769522801153626,0.5711707472801208,cierre_dia,-1.0,5,0.007369838718993633,1.0,diario,nzd,1,1,42,0.0003
2026-06-23,0.5711707472801208,0.5815558,0.5814087,0.0060205561476542,-0.0013568942838075,20.81631912006945,0.5686697363853455,0.5981684327125549,3,-0.0028276900662744,-0.0194369342133176,0.5664695501327515,2026-06-24,2026-06-22,-0.004000375888014508,0.018182045858146752,0.017924504657550543,-0.002375636865628965,0.20816319120069451,0.08478377712131192,0.5677319817262233,0.5677319817262233,stop_loss,0.5746095128340185,0.5664695501327515,cierre_dia,-1.0,5,0.007369838718993633,1.0,diario,nzd,1,1,42,0.0003
2026-06-24,0.5664695501327515,0.5814087,0.58133435,0.0061402387012485,-0.0016894159336258,21.06579186926145,0.5664695501327515,0.5981684327125549,4,-0.0344903730096613,-0.0536292276127006,0.5644615292549133,2026-06-25,2026-06-23,-0.008264868814568883,0.02637237935163075,0.026241127813074836,-0.0029823596576901397,0.2106579186926145,0.0,0.5629912918779475,0.5644615292549133,cierre_dia,0.5699478083875554,0.5644615292549133,cierre_dia,0.0,5,0.007369838718993633,1.0,diario,nzd,1,1,42,0.0003
2026-06-25,0.5644615292549133,0.58133435,0.5806308,0.0060570923212728,-0.0019129171079056,20.013075566938497,0.5644615292549133,0.5981684327125549,5,-0.0327735323777381,-0.0830826655295849,0.5643309354782104,2026-06-26,2026-06-24,-0.0035510970112673855,0.029891887880045105,0.028645478756417708,-0.0033889237950913004,0.20013075566938496,0.0,0.5610425336604095,0.5643309354782104,cierre_dia,0.5678805248494172,0.5643309354782104,cierre_dia,0.0,5,0.007369838718993633,1.0,diario,nzd,1,1,42,0.0003
2026-06-26,0.5643309354782104,0.5631795,0.56245214,0.0059338058445256,-0.0019321971227071,24.74950057105628,0.5643309354782104,0.5981684327125549,1,0.0212269276095828,-0.0476900008565041,0.5640698671340942,2026-06-29,2026-06-25,-0.00023138669217891183,-0.002040355057329393,-0.0033292441723372485,-0.0034238724146316178,0.24749500571056282,0.0,0.5609823052750232,0.5640698671340942,cierre_dia,0.5676795656813977,0.5640698671340942,cierre_dia,0.0,5,0.007369838718993633,1.0,diario,nzd,1,1,42,0.0003
2026-06-29,0.5640698671340942,0.56245214,0.5613863,0.0058151907322282,-0.0018263872949282,22.800721349066063,0.5640698671340942,0.5981684327125549,2,0.0116280543407627,-0.0365518564633709,0.5651313662528992,2026-06-30,2026-06-26,-0.0004627227278994965,-0.002867955245178294,-0.004757508405348445,-0.0032378742445641397,0.22800721349066064,0.0,0.5607896932704068,0.5651313662528992,cierre_dia,0.5673500409977816,0.5651313662528992,cierre_dia,0.0,5,0.007369838718993633,1.0,diario,nzd,1,1,42,0.0003
2026-06-30,0.5651313662528992,0.5613863,0.5605625,0.0057151552639757,-0.0015591544314174,24.4914249446598,0.5640698671340942,0.5981684327125549,3,-0.0071901852926039,-0.0407457398409832,0.5675304532051086,2026-07-01,2026-06-29,0.0018800890401039047,-0.006626895048722581,-0.008084609217840892,-0.002758923897208831,0.244914249446598,0.031130315917906444,0.5619015527502211,0.5675304532051086,cierre_dia,0.5683611797555771,0.5675304532051086,cierre_dia,0.0,5,0.007369838718993633,1.0,diario,nzd,1,1,42,0.0003
2026-07-01,0.5675304532051086,0.5605625,0.5596513,0.0056764318613815,-0.0011158381656676,31.226117045283587,0.5640698671340942,0.5981684327125549,4,0.0154600747786719,0.0083863087708999,0.5675497651100159,2026-07-02,2026-06-30,0.004236199187975869,-0.012277672794045506,-0.01388322540334432,-0.0019661291466668306,0.31226117045283586,0.10148773158951824,0.564308905258231,0.5675497651100159,cierre_dia,0.5707520011519864,0.5675497651100159,cierre_dia,0.0,5,0.007369838718993633,1.0,diario,nzd,1,1,42,0.0003
2026-07-02,0.5675497651100159,0.5596513,0.5574829,0.0055661302245188,-0.000734724068933,21.77283422459893,0.5640698671340942,0.5981684327125549,5,-0.0112050935633902,0.0303718720147529,0.5692912936210632,2026-07-03,2026-07-01,3.402738343497286e-05,-0.013916779806057782,-0.01773741393067878,-0.0012945544410375687,0.2177283422459893,0.10205408693554562,0.5643907092085184,0.5692912936210632,cierre_dia,0.5707088210115133,0.5692912936210632,cierre_dia,0.0,5,0.007369838718993633,1.0,diario,nzd,1,1,42,0.0003
2026-07-03,0.5692912936210632,0.5683712,0.56845325,0.0054995515475384,-0.0003009932922283,20.296920733235552,0.5640698671340942,0.5981684327125549,1,-0.0014708001647411,0.0072481919973205,0.5706000924110413,2026-07-06,2026-07-02,0.0030638053753751938,-0.0016162088396098114,-0.0014720822722102571,-0.000528715783292217,0.20296920733235552,0.1531274526769904,0.5661604468062293,0.5706000924110413,cierre_dia,0.5724221404358971,0.5706000924110413,cierre_dia,-1.0,5,0.007369838718993633,1.0,diario,nzd,1,1,42,0.0003
2026-07-06,0.5706000924110413,0.56845325,0.5708816,0.0054184251697845,0.0001160499408405,26.474708600846995,0.5640698671340942,0.5981684327125549,2,0.0,-0.0043963120452179,0.5701611638069153,2026-07-07,2026-07-03,0.0022963580234959865,-0.003762429133107685,0.0004933535635601345,0.00020338226786844173,0.26474708600846997,0.1915102634426364,0.5675083385084398,0.5701611638069153,cierre_dia,0.5736918463136426,0.5701611638069153,cierre_dia,-1.0,5,0.007369838718993633,1.0,diario,nzd,1,1,42,0.0003
2026-07-07,0.5701611638069153,0.5708816,0.57084686,0.0053185908356468,0.0003889712688696,25.096724980357223,0.5640698671340942,0.5981684327125549,3,0.0103315830403225,0.0132021529970477,0.567659318447113,2026-07-08,2026-07-06,-0.0007695363484587123,0.0012635658806966394,0.0012026357398780732,0.0006822128435975426,0.2509672498035722,0.17863791539280413,0.5671287098662501,0.567659318447113,cierre_dia,0.5731936177475805,0.567659318447113,cierre_dia,-1.0,5,0.007369838718993633,1.0,diario,nzd,1,1,42,0.0003
2026-07-08,0.567659318447113,0.57084686,0.571697,0.0052986416029573,0.0004247157197287,28.539090523091176,0.5640698671340942,0.5981684327125549,4,-0.0010526365940761,-0.0033911841839605,0.5715788006782532,2026-07-09,2026-07-07,-0.004397617077141276,0.005615236902314485,0.007112860516290725,0.0007481876997818885,0.28539090523091176,0.10526692991702195,0.5646514951660827,0.57084686,take_profit,0.5706671417281433,0.5706671417281433,stop_loss,0.0,5,0.007369838718993633,1.0,diario,nzd,1,1,42,0.0003
2026-07-09,0.5715788006782532,0.571697,0.57188827,0.005404898695442,0.0007187546281036,42.11809701358075,0.5640698671340942,0.5981684327125549,5,-0.0191401393561612,-0.0112680278868174,0.5762293934822083,2026-07-10,2026-07-08,0.006880910373253922,0.00020679444655151294,0.0005414289707378521,0.0012574900035667933,0.4211809701358075,0.22021259301599955,0.568489475164125,0.571697,take_profit,0.5746681261923814,0.5746681261923814,stop_loss,-1.0,5,0.007369838718993633,1.0,diario,nzd,1,1,42,0.0003
2026-07-10,0.5762293934822083,0.5719616,0.57117945,0.0055761006747377,0.001204293074564,55.04744439108866,0.5640698671340942,0.5981684327125549,1,0.0261639352903259,0.0164363571934134,0.5758709907531738,2026-07-13,2026-07-09,0.0081034763064659,-0.007406414060930868,-0.008763772794877639,0.002089954258123391,0.5504744439108866,0.3565993507889645,0.5730162803724084,0.5758709907531738,cierre_dia,0.5794425065920081,0.5758709907531738,cierre_dia,-1.0,5,0.007369838718993633,1.0,diario,nzd,1,1,42,0.0003
2026-07-13,0.5758709907531738,0.57117945,0.56856406,0.0054706690952111,0.0014619997733472,59.21603459358382,0.5640698671340942,0.5981684327125549,2,0.0029722239006344,0.0194619277369259,0.5763389468193054,2026-07-14,2026-07-10,-0.0006221727646306466,-0.00814686071794968,-0.01268848556447887,0.002538762668762096,0.5921603459358382,0.3460885646912402,0.5727205911212319,0.5763389468193054,cierre_dia,0.5790213903851158,0.5763389468193054,cierre_dia,-1.0,5,0.007369838718993633,1.0,diario,nzd,1,1,42,0.0003
2026-07-14,0.5763389468193054,0.56856406,0.5692866,0.0053709923350928,0.0016128006300975,73.20342037482868,0.5640698671340942,0.5981684327125549,3,-8.024741299155112e-05,0.0089025297145267,0.5813513994216919,2026-07-15,2026-07-13,0.0008122757435106681,-0.013490129137052706,-0.012236457137290265,0.0027983544041196777,0.7320342037482868,0.35981219377044077,0.5732434347535235,0.5813513994216919,cierre_dia,0.5794344588850874,0.5794344588850874,stop_loss,-1.0,5,0.007369838718993633,1.0,diario,nzd,1,1,42,0.0003
2026-07-15,0.5813513994216919,0.5692866,0.565624,0.005581779003129,0.0019750329993735,84.79355809915792,0.5640698671340942,0.5981684327125549,4,0.0154424981014605,0.0256825265206132,0.5847799181938171,2026-07-16,2026-07-14,0.008659455338248896,-0.020753023788527145,-0.027053172035600065,0.0033973135720292303,0.8479355809915792,0.5068111222401102,0.5781064243869602,0.5847799181938171,cierre_dia,0.5845963744564235,0.5845963744564235,stop_loss,-1.0,5,0.007369838718993633,1.0,diario,nzd,1,1,42,0.0003
2026-07-16,0.5847799181938171,0.565624,0.56648684,0.0056153875260087,0.0023452132688311,87.08627813006038,0.5640698671340942,0.5981684327125549,5,-0.0057828778397664,0.0394747443276304,0.5841804146766663,2026-07-17,2026-07-15,0.005880175927303989,-0.03275748293987784,-0.03128198767549693,0.004010420323725637,0.8708627813006038,0.6073584242735706,0.5814961523357313,0.5841804146766663,cierre_dia,0.5880636840519031,0.5841804146766663,cierre_dia,-1.0,5,0.007369838718993633,1.0,diario,nzd,1,1,42,0.0003
2026-07-17,0.5841804146766663,0.58419585,0.584202,0.0055111406084724,0.0024385654789925,86.03019540085046,0.5640698671340942,0.5981684327125549,1,0.000397165457432,0.0130329604566588,0.5839995741844177,2026-07-20,2026-07-16,-0.0010257038718134196,2.6422185588410076e-05,3.6949755232185256e-05,0.00417433624566514,0.8603019540085046,0.5897769364021402,0.5809609142706674,0.5839995741844177,cierre_dia,0.5873999150826651,0.5839995741844177,cierre_dia,-1.0,5,0.007369838718993633,1.0,diario,nzd,1,1,42,0.0003
2026-07-20,0.5839995741844177,0.584202,0.583257,0.0054071919809804,0.0023746736597022,84.90589755690915,0.5640698671340942,0.5981684327125549,2,-0.0121446387011527,-0.00216575176302,0.5852916240692139,2026-07-21,2026-07-17,-0.0003096106685913431,0.00034661979996299043,-0.0012715320648216879,0.004066224984870136,0.8490589755690915,0.5844734730692789,0.5808417763699918,0.584202,take_profit,0.5871573719988437,0.5852916240692139,cierre_dia,-1.0,5,0.007369838718993633,1.0,diario,nzd,1,1,42,0.0003
2026-07-21,0.5852916240692139,0.583257,0.5834563,0.005328264579944,0.002304157705123,84.26123729215004,0.5640698671340942,0.5981684327125549,3,0.0126209837061465,0.0105887994291112,0.5826215744018555,2026-07-22,2026-07-20,0.002209972011399028,-0.003476256938495393,-0.003135742924960757,0.003936768630146194,0.8426123729215004,0.622365092932969,0.582173035439748,0.5826215744018555,cierre_dia,0.5884102126986798,0.583257,take_profit,-1.0,5,0.007369838718993633,1.0,diario,nzd,1,1,42,0.0003
2026-07-22,0.5826215744018555,0.5834563,0.5819753,0.0053150490574412,0.0019750828550123,76.3761080316518,0.5640698671340942,0.5981684327125549,4,0.0331022215500219,0.0285940339459849,0.581429123878479,2026-07-23,2026-07-21,-0.004572350620937416,0.0014327062965382555,-0.0011092524380323348,0.0033899926501005486,0.763761080316518,0.5440612223137015,0.579524912151986,0.581429123878479,cierre_dia,0.585718236651725,0.581429123878479,cierre_dia,-1.0,5,0.007369838718993633,1.0,diario,nzd,1,1,42,0.0003
2026-07-23,0.581429123878479,0.5819753,0.58194643,0.0052340836738072,0.0015909942577967,71.6577790351159,0.5640698671340942,0.5981684327125549,5,-0.0092578876111877,0.0250258629324436,0.5774105191230774,2026-07-24,2026-07-22,-0.002048795541729586,0.0009393683582233529,0.0008897148427486231,0.002736351160368128,0.716577790351159,0.5090905277068377,0.5783858751937107,0.5783858751937107,stop_loss,0.5844723725632474,0.5774105191230774,cierre_dia,-1.0,5,0.007369838718993633,1.0,diario,nzd,1,1,42,0.0003
2026-07-24,0.5774105191230774,0.5795358,0.5791672,0.0053378806318368,0.0010085739102167,61.08046672562802,0.5640698671340942,0.5981684327125549,1,-0.0228922484741691,0.0014294511624003,0.5798513293266296,2026-07-27,2026-07-23,-0.006935594391152061,0.003680710355173908,0.003042343044928416,0.0017467189751728758,0.6108046672562802,0.39123792343365166,0.5743283706964315,0.5795358,take_profit,0.5804926675497233,0.5798513293266296,cierre_dia,-1.0,5,0.007369838718993633,1.0,diario,nzd,1,1,42,0.0003
2026-07-27,0.5798513293266296,0.5791672,0.5780122,0.0053170176924516,0.0007423005292116,64.80157617384528,0.5640698671340942,0.5981684327125549,2,0.0023762931297229,0.0160772322898495,0.5770406723022461,2026-07-28,2026-07-24,0.004218256786176224,-0.0011798357475943221,-0.003171725636578964,0.0012801566395883226,0.6480157617384528,0.46281894633433496,0.5767682495496084,0.5770406723022461,cierre_dia,0.5829344091036509,0.5791672,take_profit,-1.0,5,0.007369838718993633,1.0,diario,nzd,1,1,42,0.0003
2026-07-28,0.5770406723022461,0.5780122,0.5765654,0.0053151928957431,0.0003513122095392,64.19594522682955,0.5640698671340942,0.5981684327125549,3,0.0030018274868015,0.006350284179513,0.5782185196876526,2026-07-29,2026-07-27,-0.004858988652939084,0.0016836381634551562,-0.0008236374402342768,0.000608817066806666,0.6419594522682955,0.38039151935309634,0.5739735898202704,0.5780122,take_profit,0.5801077547842218,0.5782185196876526,cierre_dia,-1.0,5,0.007369838718993633,1.0,diario,nzd,1,1,42,0.0003
2026-07-29,0.5782185196876526,0.5765654,0.575378,0.0052368731007616,0.0001563875582053,60.9563657393747,0.5640698671340942,0.5981684327125549,4,-0.0026854447899488,-0.0290278183320044,0.5802584886550903,2026-07-30,2026-07-28,0.002039105685880038,-0.0028589877898507637,-0.004912536681092575,0.0002704644574334611,0.609563657393747,0.41493395142978506,0.5751904626755381,0.5802584886550903,cierre_dia,0.5812465766997671,0.5802584886550903,cierre_dia,-1.0,5,0.007369838718993633,1.0,diario,nzd,1,1,42,0.0003
2026-07-30,0.5802584886550903,0.575378,0.57459104,0.0051978210895603,0.0001492322345353,57.275331871027184,0.5640698671340942,0.5981684327125549,5,-0.0077012108721984,-0.0275151514613938,0.5875406265258789,2026-07-31,2026-07-29,0.003521815385641111,-0.00841088713135808,-0.009767110289461098,0.00025718233761851036,0.5727533187102718,0.4747596048797456,0.5772424088453625,0.5875406265258789,cierre_dia,0.5832745684648181,0.5832745684648181,stop_loss,-1.0,5,0.007369838718993633,1.0,diario,nzd,1,1,42,0.0003
2026-07-31,0.5875406265258789,0.57952505,0.5792006,0.0057439685776359,0.0005943450239391,66.85688898685089,0.5640698671340942,0.5981684327125549,1,0.0268926419822215,0.0221253203714293,0.5898382663726807,2026-08-03,2026-07-30,0.01247172080683961,-0.013642591106039652,-0.014194808238527154,0.001011581152189348,0.6685688898685089,0.6883210186005779,0.5841658116290297,0.5898382663726807,cierre_dia,0.5909154414227281,0.5898382663726807,cierre_dia,-1.0,5,0.007369838718993633,1.0,diario,nzd,1,1,42,0.0003
2026-08-03,0.5898382663726807,0.5792006,0.5787385,0.0056924587008225,0.000980143505066,68.52087187060961,0.5640698671340942,0.5981684327125549,2,-0.0013198401493381,0.0183543821974964,0.5866995453834534,2026-08-04,2026-07-31,0.003902979367762078,-0.01803488681414145,-0.018818321912107673,0.001661715695547482,0.6852087187060961,0.7557033206952186,0.5864806364011894,0.5866995453834534,cierre_dia,0.5931958963441719,0.5866995453834534,cierre_dia,-1.0,5,0.007369838718993633,1.0,diario,nzd,1,1,42,0.0003
2026-08-04,0.5866995453834534,0.5787385,0.5782816,0.0056893808794788,0.0009593709394557,57.73528625740321,0.5640698671340942,0.5981684327125549,3,0.0120464885062851,0.0276068319426272,0.5876303911209106,2026-08-05,2026-08-03,-0.005335533467657373,-0.013569203259310807,-0.014347966433060114,0.0016351997321366206,0.5773528625740321,0.6636548448728236,0.5833615882079498,0.5876303911209106,cierre_dia,0.5900375025589569,0.5876303911209106,cierre_dia,-1.0,5,0.007369838718993633,1.0,diario,nzd,1,1,42,0.0003
2026-08-05,0.5876303911209106,0.5782816,0.5762516,0.0055896936660306,0.0009423800913703,54.44384767349154,0.5640698671340942,0.5981684327125549,4,0.015915095845989,0.0468997476655004,0.5887513160705566,2026-08-06,2026-08-04,0.0015853226652502643,-0.01590930500221029,-0.019363857439717365,0.0016036952914785447,0.5444384767349154,0.6909535221534089,0.5843457172456951,0.5887513160705566,cierre_dia,0.5909150649961263,0.5887513160705566,cierre_dia,-1.0,5,0.007369838718993633,1.0,diario,nzd,1,1,42,0.0003
2026-08-06,0.5887513160705566,0.5762516,0.5767812,0.0054985292489621,0.0009386327753082,57.01197266421496,0.5640698671340942,0.5981684327125549,5,0.0126864042894861,0.0684625974890097,0.5868303775787354,2026-08-07,2026-08-05,0.0019057169659090864,-0.02123089278845652,-0.020331361890530593,0.0015942771586020764,0.5701197266421496,0.7238266043675786,0.5855140497387777,0.5868303775787354,cierre_dia,0.5919885824023354,0.5868303775787354,cierre_dia,-1.0,5,0.007369838718993633,1.0,diario,nzd,1,1,42,0.0003
2026-08-07,0.5868303775787354,0.5872562,0.58954024,0.005436364756938,0.0007471187366008,54.12249163661868,0.5640698671340942,0.5981684327125549,1,-0.0023898847824607,0.0376289594983269,0.5887998342514038,2026-08-10,2026-08-06,-0.0032680675649783475,0.0007256311832758208,0.004617795064470931,0.0012731425726176873,0.5412249163661869,0.6674917275411263,0.5836401535957657,0.5872562,take_profit,0.590020601561705,0.5887998342514038,cierre_dia,-1.0,5,0.007369838718993633,1.0,diario,nzd,1,1,42,0.0003
2026-08-10,0.5887998342514038,0.58954024,0.5880836,0.0053830751511082,0.0006945287321542,55.01014661518451,0.5640698671340942,0.5981684327125549,2,-0.0175753954113028,0.0208980779076065,0.5888206362724304,2026-08-11,2026-08-07,0.003350472785102097,0.0012574829433122838,-0.0012164307965785764,0.001179566792910564,0.5501014661518451,0.725249484773956,0.5856302804946684,0.5888206362724304,cierre_dia,0.5919693880081391,0.5888206362724304,cierre_dia,-1.0,5,0.007369838718993633,1.0,diario,nzd,1,1,42,0.0003
2026-08-11,0.5888206362724304,0.5880836,0.5889837,0.0052838601914198,0.000605828916986,59.57774417478142,0.5640698671340942,0.5981684327125549,3,0.0036460606918222,0.0123580175989074,0.5880000591278076,2026-08-12,2026-08-10,3.532890527891169e-05,-0.0012517161033897166,0.0002769327661507673,0.0010288853339469244,0.5957774417478142,0.7258595403781646,0.5857093903525441,0.5880000591278076,cierre_dia,0.5919318821923167,0.5880836,take_profit,-1.0,5,0.007369838718993633,1.0,diario,nzd,1,1,42,0.0003
2026-08-12,0.5880000591278076,0.5889837,0.5902588,0.0051955116283198,0.0004440703035165,60.27031760641846,0.5640698671340942,0.5981684327125549,4,0.0026502001102386,-0.0009821324940826,0.5861115455627441,2026-08-13,2026-08-11,-0.0013945663614166662,0.0016728584579590623,0.0038413956548623332,0.0007552215286767121,0.6027031760641846,0.7017946822029825,0.5849450979831564,0.5861115455627441,cierre_dia,0.5910550202724588,0.5861115455627441,cierre_dia,-1.0,5,0.007369838718993633,1.0,diario,nzd,1,1,42,0.0003
2026-08-13,0.5861115455627441,0.5902588,0.5910521,0.0051453161353194,0.000175834170961,64.56978032397473,0.5640698671340942,0.5981684327125549,5,-0.0022711594833249,-0.0158138065803953,0.5854492783546448,2026-08-14,2026-08-12,-0.0032169262038522764,0.007075879102968228,0.008429375730028056,0.0003000012067535303,0.6456978032397472,0.6464107229945515,0.5830958163702631,0.5854492783546448,cierre_dia,0.5891272747552252,0.5854492783546448,cierre_dia,-1.0,5,0.007369838718993633,1.0,diario,nzd,1,1,42,0.0003
2026-08-14,0.5854492783546448,0.585258,0.58828264,0.0050592418232733,-6.722321031424252e-05,59.967397256784814,0.5640698671340942,0.5981684327125549,1,-0.0006823476740331,-0.0141318365290646,0.5890911817550659,2026-08-17,2026-08-13,-0.0011305725919156721,-0.0003267206258796696,0.004839636412770229,-0.00011482328666142968,0.5996739725678482,0.6269885802485321,0.5824873488801877,0.5890911817550659,cierre_dia,0.5884112078291018,0.5884112078291018,stop_loss,-1.0,5,0.007369838718993633,1.0,diario,nzd,1,1,42,0.0003
2026-08-17,0.5890911817550659,0.58828264,0.5852965,0.0051434632435876,-6.922240318262603e-06,70.83958670053106,0.5640698671340942,0.5981684327125549,2,0.0010612446835852,0.0044137101806858,0.5905907154083252,2026-08-18,2026-08-14,0.006201429743314509,-0.0013725239489361903,-0.006441586417505881,-1.1750711150758242e-05,0.7083958670053105,0.7337937592535296,0.5860612129145871,0.5905907154083252,cierre_dia,0.5921211505955447,0.5905907154083252,cierre_dia,-1.0,5,0.007369838718993633,1.0,diario,nzd,1,1,42,0.0003
2026-08-18,0.5905907154083252,0.5852965,0.58375174,0.0050823143113284,0.0001036515356252,71.16046070189961,0.5640698671340942,0.5981684327125549,3,0.0006816241669075,0.0014405984698549,0.5872901082038879,2026-08-19,2026-08-17,0.0025422691735887478,-0.008964271313789381,-0.011579889811841812,0.00017550485119553047,0.7116046070189961,0.7777702030663597,0.5875891477632678,0.5875891477632678,stop_loss,0.5935922830533825,0.5872901082038879,cierre_dia,-1.0,5,0.007369838718993633,1.0,diario,nzd,1,1,42,0.0003
2026-08-19,0.5872901082038879,0.58375174,0.582739,0.005127212311327,-6.663114600902968e-05,61.52918480353544,0.5640698671340942,0.5981684327125549,4,-0.0185692897212071,-0.0195855887002574,0.5935810208320618,2026-08-20,2026-08-18,-0.005604329024117275,-0.0060249068636783,-0.007749335703621176,-0.00011345524993228307,0.6152918480353544,0.6809741311951671,0.5842789471307844,0.5935810208320618,cierre_dia,0.5903012692769916,0.5903012692769916,stop_loss,-1.0,5,0.007369838718993633,1.0,diario,nzd,1,1,42,0.0003
2026-08-20,0.5935810208320618,0.582739,0.5819536,0.0055166293626766,0.0002082375394286,60.23669212851195,0.5640698671340942,0.5981684327125549,5,0.000771027692472,-0.0165984431270686,0.5954011082649231,2026-08-21,2026-08-19,0.010654798797077977,-0.018265443893175328,-0.019588599405962952,0.0003508156967968748,0.6023669212851195,0.8654661331739147,0.5903064543434121,0.5954011082649231,cierre_dia,0.5968555873207114,0.5954011082649231,cierre_dia,-1.0,5,0.007369838718993633,1.0,diario,nzd,1,1,42,0.0003
2026-08-21,0.5954011082649231,0.59273624,0.5891599,0.0054517553208548,0.0004619171722658,59.58248541512227,0.5640698671340942,0.5981684327125549,1,-0.0042479541927562,-0.02009862228965,0.5977500677108765,2026-08-24,2026-08-20,0.003061591608505416,-0.0044757529469316,-0.010482359166429563,0.0007758083850597577,0.5958248541512227,0.9188433765266685,0.5921551271048969,0.5977500677108765,cierre_dia,0.5986470894249493,0.5977500677108765,cierre_dia,-1.0,5,0.007369838718993633,1.0,diario,nzd,1,1,42,0.0003
2026-08-24,0.5977500677108765,0.5891599,0.5935897,0.0054150195181059,0.0007217161855564,69.56791569828192,0.5640698671340942,0.5977500677108765,2,0.0183294610572777,-0.0030305296436349,0.5966017842292786,2026-08-25,2026-08-21,0.003937409655955047,-0.014370835195005704,-0.0069600455702311685,0.0012073878775459782,0.6956791569828192,1.0,0.594513239427273,0.5966017842292786,cierre_dia,0.6009868959944801,0.5966017842292786,cierre_dia,-1.0,5,0.007369838718993633,1.0,diario,nzd,1,1,42,0.0003
2026-08-25,0.5966017842292786,0.5935897,0.5939042,0.0053287059270861,0.0007469008037746,65.76485991097147,0.5640698671340942,0.5977500677108765,3,0.00295933417596,-0.0007571342173834,0.5976000428199768,2026-08-26,2026-08-24,-0.0019228568759462464,-0.005048734866205161,-0.0045215825707987985,0.0012519251928478318,0.6576485991097146,0.9659062754397763,0.5934226687655458,0.5976000428199768,cierre_dia,0.5997808996930113,0.5976000428199768,cierre_dia,-1.0,5,0.007369838718993633,1.0,diario,nzd,1,1,42,0.0003
2026-08-26,0.5976000428199768,0.5939042,0.59429526,0.0052439616576961,0.000758998407421,65.61663058548295,0.5640698671340942,0.5977500677108765,4,0.0166062891783018,0.0350173169305766,0.5948415398597717,2026-08-27,2026-08-25,0.001671842733117795,-0.006184475493905148,-0.005530091337313307,0.0012700775653218008,0.6561663058548295,0.9955456057763777,0.5944662511087913,0.5948415398597717,cierre_dia,0.6007338345311622,0.5948415398597717,cierre_dia,-1.0,5,0.007369838718993633,1.0,diario,nzd,1,1,42,0.0003
2026-08-27,0.5948415398597717,0.59429526,0.59371805,0.0052375795074824,0.000520781490899,63.73247998953755,0.5640698671340942,0.5977500677108765,5,-0.0172884299934216,0.0164932363728948,0.5954897403717041,2026-08-28,2026-08-26,-0.004626654958977611,-0.0009183619891450705,-0.0018887212551372647,0.0008754961716724918,0.6373247998953755,0.9136427989947971,0.5917260100004029,0.5954897403717041,cierre_dia,0.5979570697191405,0.5954897403717041,cierre_dia,-1.0,5,0.007369838718993633,1.0,diario,nzd,1,1,42,0.0003
2026-08-28,0.5954897403717041,0.5965381,0.59583515,0.0051491993674442,0.000354380897483,62.01172084023613,0.5640698671340942,0.5977500677108765,1,-0.0011379846746806,0.0196594201689716,0.5919997096061707,2026-08-31,2026-08-27,0.0010891095391172049,0.0017604998998664082,0.0005800429543593382,0.0005951083175031627,0.6201172084023613,0.9328885428096131,0.5924234449772626,0.5924234449772626,stop_loss,0.5985560357661456,0.5919997096061707,cierre_dia,-1.0,5,0.007369838718993633,1.0,diario,nzd,1,1,42,0.0003
2026-08-31,0.5919997096061707,0.59583515,0.59617007,0.0052029137865965,-2.3183580067078977e-05,55.07569384437939,0.5640698671340942,0.5977500677108765,2,-0.0038025897147118,-0.002659837376031,0.5922310948371887,2026-09-01,2026-08-28,-0.00587801569821727,0.006478787627076477,0.0070445311478339835,-3.9161472025893246e-05,0.5507569384437939,0.8292659186635047,0.5889195861553995,0.5922310948371887,cierre_dia,0.5950798330569418,0.5922310948371887,cierre_dia,-1.0,5,0.007369838718993633,1.0,diario,nzd,1,1,42,0.0003
2026-09-01,0.5922310948371887,0.59617007,0.5964273,0.0051109625597907,-0.0002757640203973,56.88478257917719,0.5640698671340942,0.5977500677108765,3,0.0047889323652282,-0.000833435338959,0.5895600914955139,2026-09-02,2026-08-31,0.00039077725911942056,0.006651077927433287,0.0070854185121179076,-0.00046563583506723975,0.568847825791772,0.8361359855590557,0.589204223884732,0.5895600914955139,cierre_dia,0.5952579657896454,0.5895600914955139,cierre_dia,-1.0,5,0.007369838718993633,1.0,diario,nzd,1,1,42,0.0003
2026-09-02,0.5895600914955139,0.5964273,0.5963039,0.0051074098589375,-0.0006213613397064,55.47215638353615,0.5640698671340942,0.5977500677108765,4,-0.0132826946225971,-0.0302556186940069,0.5851101279258728,2026-09-03,2026-09-01,-0.004520270451463238,0.011648021301893586,0.011438712697427208,-0.0010539406392488628,0.5547215638353615,0.756831132977029,0.5865489664717736,0.5865489664717736,stop_loss,0.5925712165192542,0.5851101279258728,cierre_dia,-1.0,5,0.007369838718993633,1.0,diario,nzd,1,1,42,0.0003
2026-09-03,0.5851101279258728,0.5963039,0.5949747,0.005258806972175,-0.0011192559317639,49.51958473208195,0.5640698671340942,0.5977500677108765,5,-0.000845641397578,-0.0141785027537535,0.5885607600212097,2026-09-04,2026-09-02,-0.007576568782175077,0.019131051642888888,0.016859342546497333,-0.0019128978945066179,0.4951958473208195,0.624707110749301,0.582033146705646,0.5885607600212097,cierre_dia,0.5881871091460996,0.5881871091460996,stop_loss,-1.0,5,0.007369838718993633,1.0,diario,nzd,1,1,42,0.0003
2026-09-04,0.5885607600212097,0.58079565,0.5792847,0.0053124401087587,-0.0011797584778667,49.24455038905783,0.5640698671340942,0.5977500677108765,1,0.01162273570603,-0.0015181041759266,0.5882906913757324,2026-09-07,2026-09-03,0.00588008456717197,-0.013193387239968041,-0.015760581831645477,-0.0020044803493596574,0.4924455038905783,0.7271599476161823,0.5854340662332315,0.5882906913757324,cierre_dia,0.591687453809188,0.5882906913757324,cierre_dia,-1.0,5,0.007369838718993633,1.0,diario,nzd,1,1,42,0.0003
2026-09-07,0.5882906913757324,0.5792847,0.5784247,0.0052161205101885,-0.0011976980406462,46.6053205714688,0.5640698671340942,0.5977500677108765,2,0.003036282965223,0.005333789291016,0.5882802605628967,2026-09-08,2026-09-04,-0.0004589681219283619,-0.015308743632627776,-0.01677060596124773,-0.0020358949380031043,0.466053205714688,0.7191413301242346,0.5852220962344945,0.5882802605628967,cierre_dia,0.5913592865169705,0.5882802605628967,cierre_dia,-1.0,5,0.007369838718993633,1.0,diario,nzd,1,1,42,0.0003
2026-09-08,0.5882802605628967,0.5784247,0.5760287,0.0051227164944427,-0.0011687202525144,51.61859848780108,0.5640698671340942,0.5977500677108765,3,0.0,0.0005308234880281,0.585871160030365,2026-09-09,2026-09-07,-1.77308692157541e-05,-0.01675317229489633,-0.020826060951244323,-0.0019866725621493888,0.5161859848780108,0.7188316284996283,0.5852666675687561,0.585871160030365,cierre_dia,0.5912938535570373,0.585871160030365,cierre_dia,-1.0,5,0.007369838718993633,1.0,diario,nzd,1,1,42,0.0003
2026-09-09,0.585871160030365,0.5760287,0.573475,0.0051030679081881,-0.0012622683892269,35.56471160670843,0.5640698671340942,0.5977500677108765,4,0.021296504010858,0.0357335102757257,0.584480881690979,2026-09-10,2026-09-08,-0.0041035659811829335,-0.01679970051752491,-0.021158508689389243,-0.002154515318967874,0.35564711606708427,0.647302941280572,0.5828814197152811,0.584480881690979,cierre_dia,0.5888609003454488,0.584480881690979,cierre_dia,-1.0,5,0.007369838718993633,1.0,diario,nzd,1,1,42,0.0003
