ds,y,nhits_h1,nhits_h2,vol_garch,macd,rsi,precio_min_ventana,precio_max_ventana,dias_desde_refit,copper_ret_1d,copper_mom_5d,y_next,ds_salida,ds_reloj,retorno_1d,nhits_h1_rel,nhits_h2_rel,macd_rel,rsi_norm,posicion_en_rango,stop_loss_largo,precio_salida_largo,razon_cierre_largo,stop_loss_corto,precio_salida_corto,razon_cierre_corto,pos_ppo,ventana,umbral_simple_train,signo_cobre_train,exp,par,N,h,seed,spread
2025-06-24,0.7284064164584995,0.7286225,0.72873276,0.0037531033871417,-0.0009101651941771,48.2334969482707,0.694893236249724,0.736675379437603,3,0.0035163385627902,0.0034186255866485,0.7285125014470625,2025-06-25,2025-06-23,0.0007791077319531827,0.0002966524410247289,0.0004480239796447634,-0.001249529347369438,0.482334969482707,0.802093374149789,0.7256726318696732,0.7285125014470625,cierre_dia,0.7311402010473256,0.7285125014470625,cierre_dia,0.0,1,0.005075413024008212,1.0,diario,cad,1,1,7,0.0002
2025-06-25,0.7285125014470625,0.72873276,0.72765946,0.0036795612440469,-0.0009753686162667,43.21276237042742,0.694893236249724,0.736675379437603,4,0.0049434019829372,0.0138527628544393,0.729288233063904,2025-06-26,2025-06-24,0.00014562922815636748,0.00030234011427394486,-0.0011709359075760869,-0.0013388495246537309,0.4321276237042742,0.8046323771895801,0.7258318950809343,0.72873276,take_profit,0.7311931078131908,0.729288233063904,cierre_dia,0.0,1,0.005075413024008212,1.0,diario,cad,1,1,7,0.0002
2025-06-26,0.729288233063904,0.72765946,0.72796965,0.0036164107296964,-0.0009418396280057,43.55332782694239,0.6996872654636944,0.736675379437603,5,0.0094070229135028,0.0140351536768969,0.7329712314789201,2025-06-27,2025-06-25,0.0010642492786500362,-0.002233373568994968,-0.0018080410517036772,-0.0012914504654062766,0.43553327826942395,0.8002832375040838,0.7266508272728104,0.7329712314789201,cierre_dia,0.7319256388549976,0.7319256388549976,stop_loss,0.0,1,0.005075413024008212,1.0,diario,cad,1,1,7,0.0002
2025-06-27,0.7329712314789201,0.7309072,0.73017097,0.0037130043136202,-0.0006605031044894,56.01086085442267,0.7016066782628012,0.736675379437603,1,0.0305680316592639,0.0455108363094239,0.7309193598558482,2025-06-30,2025-06-26,0.005037418177149434,-0.0028159788410187453,-0.0038204248115850242,-0.0009011310077705223,0.5601086085442266,0.8943745324293767,0.7302497061346793,0.7309193598558482,cierre_dia,0.7356927568231608,0.7309193598558482,cierre_dia,0.0,1,0.005075413024008212,1.0,diario,cad,1,1,7,0.0002
2025-06-30,0.7309193598558482,0.73017097,0.73144096,0.0036882961839471,-0.0006030743321013,52.05094352250925,0.7016066782628012,0.736675379437603,2,0.0005921175328644,0.0502486153345132,0.7350022610108072,2025-07-01,2025-06-27,-0.0028033146451644244,-0.001023902084076469,0.0007136220119476415,-0.0008250901060005282,0.5205094352250925,0.8358644777557179,0.7282235127701189,0.7350022610108072,cierre_dia,0.7336152069415776,0.7336152069415776,stop_loss,0.0,1,0.005075413024008212,1.0,diario,cad,1,1,7,0.0002
2025-07-01,0.7350022610108072,0.73144096,0.7287111,0.0038132425754267,-0.0002961157163133,56.70787007733419,0.7016066782628012,0.736675379437603,3,-0.0076248982961816,0.0386124875412383,0.7329068080604819,2025-07-02,2025-06-30,0.005570436583316506,-0.004845292592582706,-0.008559376405394194,-0.0004028772862631317,0.5670787007733419,0.9522902653720766,0.7321995190960859,0.7329068080604819,cierre_dia,0.7378050029255285,0.7329068080604819,cierre_dia,0.0,1,0.005075413024008212,1.0,diario,cad,1,1,7,0.0002
2025-07-02,0.7329068080604819,0.7287111,0.72999525,0.0037853677811681,-0.0002424611243654,52.11226283517608,0.7016066782628012,0.736675379437603,4,0.0035720714555227,0.0371891826646819,0.735992200522106,2025-07-03,2025-07-01,-0.0028550193167086314,-0.005724749742174218,-0.003972617020964638,-0.00033082121996797073,0.5211226283517608,0.8925374692853204,0.730132486242651,0.735992200522106,cierre_dia,0.7356811298783128,0.7356811298783128,stop_loss,0.0,1,0.005075413024008212,1.0,diario,cad,1,1,7,0.0002
2025-07-03,0.735992200522106,0.72999525,0.73035944,0.0038210203388234,-1.920318087759998e-05,50.95896191566245,0.7016066782628012,0.736675379437603,5,0.0198104563833506,0.0480358347047375,0.7367567731830135,2025-07-04,2025-07-02,0.004200965459446221,-0.008148116947233741,-0.007653288333911978,-2.609155486155617e-05,0.5095896191566245,0.9805188417987988,0.7331799593546957,0.7367567731830135,cierre_dia,0.7388044416895163,0.7367567731830135,cierre_dia,0.0,1,0.005075413024008212,1.0,diario,cad,1,1,7,0.0002
2025-07-04,0.7367567731830135,0.73595273,0.73840016,0.0037521601706157,0.0001505897773889,51.12066600094506,0.709154463071691,0.7367567731830135,1,-0.010150398354574,0.0062186044536997,0.7351157517455323,2025-07-07,2025-07-03,0.001038293345635674,-0.0010913278469632563,0.002230568997535743,0.00020439551134128882,0.5112066600094506,1.0,0.7339923437632447,0.7351157517455323,cierre_dia,0.7395212026027821,0.73595273,take_profit,0.0,1,0.005075413024008212,1.0,diario,cad,1,1,7,0.0002
2025-07-07,0.7351157517455323,0.73840016,0.7378185,0.0037081437370568,0.000124108471249,47.18914562266671,0.7153587599300214,0.7367567731830135,2,-0.0155211006805824,-0.009864889083736,0.731780526418084,2025-07-08,2025-07-04,-0.002229842720269274,0.004467879033565534,0.003676629494130722,0.00016882847490929753,0.47189145622666706,0.9233096354283422,0.7323898368746854,0.7323898368746854,stop_loss,0.7378416666163793,0.731780526418084,cierre_dia,0.0,1,0.005075413024008212,1.0,diario,cad,1,1,7,0.0002
2025-07-08,0.731780526418084,0.7378185,0.73953193,0.0037618101363131,-0.0001324085501293,51.94153674739305,0.7153587599300214,0.7367567731830135,3,-0.0067979709217581,-0.0090457806312167,0.731614524304055,2025-07-09,2025-07-07,-0.004547330474967712,0.008251071686029541,0.01059252508379457,-0.0001809402482700828,0.5194153674739305,0.7674435142134681,0.729027707016248,0.731614524304055,cierre_dia,0.73453334581992,0.731614524304055,cierre_dia,0.0,1,0.005075413024008212,1.0,diario,cad,1,1,7,0.0002
2025-07-09,0.731614524304055,0.73953193,0.74003744,0.0036880722488696,-0.0003171062476855,52.98346957523269,0.7153587599300214,0.7367567731830135,4,0.1244371105177899,0.1182646867596354,0.7307804854633747,2025-07-10,2025-07-08,-0.00022687259282318115,0.010821826840406562,0.01151277813129429,-0.0004334335051469158,0.5298346957523269,0.7596856858549994,0.7289162770800993,0.7307804854633747,cierre_dia,0.7343127715280108,0.7307804854633747,cierre_dia,0.0,1,0.005075413024008212,1.0,diario,cad,1,1,7,0.0002
2025-07-10,0.7307804854633747,0.74003744,0.7392015,0.0036243319617126,-0.000489016619894,51.20244098888383,0.7153587599300214,0.7367567731830135,5,-0.0363479501751166,0.0571955456428253,0.7322627487454973,2025-07-11,2025-07-09,-0.0011406479446919087,0.01266721638134011,0.011523316103994806,-0.0006691703317500649,0.5120244098888382,0.7207082896444555,0.7281318943929139,0.7322627487454973,cierre_dia,0.7334290765338355,0.7322627487454973,cierre_dia,0.0,1,0.005075413024008212,1.0,diario,cad,1,1,7,0.0002
2025-07-11,0.7322627487454973,0.73104507,0.73040116,0.0035834505591005,-0.0004949647605586,58.96527604263327,0.7153587599300214,0.7367567731830135,1,0.0190152329644215,0.0884833678604466,0.7307804854633747,2025-07-14,2025-07-10,0.002026274760197706,-0.0016628986625135535,-0.0025422414955377755,-0.0006759387411234109,0.5896527604263327,0.7899793600283089,0.7296387213890968,0.7307804854633747,cierre_dia,0.7348867761018979,0.73104507,take_profit,0.0,1,0.005075413024008212,1.0,diario,cad,1,1,7,0.0002
2025-07-14,0.7307804854633747,0.73040116,0.73061836,0.0035414829557166,-0.0005846402131971,54.63942330258554,0.7153587599300214,0.7367567731830135,2,0.0025202424496245,0.1082992851860653,0.7296766552404175,2025-07-15,2025-07-11,-0.00202627476019764,-0.0005190689556169388,-0.00022185248046393042,-0.000800021654692093,0.5463942330258554,0.7207082896444555,0.7281924388297359,0.7296766552404175,cierre_dia,0.7333685320970135,0.73040116,take_profit,0.0,1,0.005075413024008212,1.0,diario,cad,1,1,7,0.0002
2025-07-15,0.7296766552404175,0.73061836,0.72963214,0.0034895974999762,-0.0006966101604504,52.18961184531519,0.7153587599300214,0.7367567731830135,3,-0.0084860909655818,0.106429921247489,0.7290542883588342,2025-07-16,2025-07-14,-0.0015116231793196229,0.0012905781661224638,-6.1006803627038536e-05,-0.0009546833593310964,0.5218961184531519,0.6691226489634036,0.7271303774084995,0.7290542883588342,cierre_dia,0.7322229330723354,0.7290542883588342,cierre_dia,0.0,1,0.005075413024008212,1.0,diario,cad,1,1,7,0.0002
2025-07-16,0.7290542883588342,0.72963214,0.7302533,0.0034297946761284,-0.0007843706342298,49.55742919221567,0.7153587599300214,0.7367567731830135,4,0.0056053193852702,-0.0175376399373463,0.7304975513821366,2025-07-17,2025-07-15,-0.000853299125623213,0.0007926044059990991,0.0016446122878789186,-0.0010758741108230607,0.49557429192215674,0.6400373841668594,0.7265537818420126,0.72963214,take_profit,0.7315547948756559,0.7304975513821366,cierre_dia,0.0,1,0.005075413024008212,1.0,diario,cad,1,1,7,0.0002
2025-07-17,0.7304975513821366,0.7302533,0.7305322,0.0033963843886011,-0.0007187451158194,44.88707623038884,0.7153587599300214,0.7367567731830135,5,-0.0089654190685415,0.0097363778614061,0.7280192819132779,2025-07-18,2025-07-16,0.001977680346000323,-0.0003343630401969697,4.743153183448831e-05,-0.0009839117385944684,0.44887076230388845,0.7074858433410083,0.728016500902711,0.7280192819132779,cierre_dia,0.7329786018615622,0.7302533,take_profit,0.0,1,0.005075413024008212,1.0,diario,cad,1,1,7,0.0002
2025-07-18,0.7280192819132779,0.73104227,0.73137826,0.0034128614059369,-0.0008090453039296,44.10957048060981,0.7153587599300214,0.7367567731830135,1,-0.0019121251718409,-0.0111751621121755,0.7286505150998139,2025-07-21,2025-07-17,-0.0033983452194171486,0.004152346183438282,0.004613858685026085,-0.001111296532975584,0.4410957048060981,0.5916681064531167,0.7255346530032583,0.7286505150998139,cierre_dia,0.7305039108232977,0.7286505150998139,cierre_dia,0.0,1,0.005075413024008212,1.0,diario,cad,1,1,7,0.0002
2025-07-21,0.7286505150998139,0.73137826,0.7313949,0.0033574815477832,-0.0007920578460267,34.99483262737405,0.7153587599300214,0.7367567731830135,2,0.016630897874152,0.0028767118707508,0.7312186189564537,2025-07-22,2025-07-18,0.0008666799124167892,0.0037435572248409846,0.0037663939615963722,-0.0010870202238424276,0.3499483262737405,0.6211677230330697,0.7262040844405836,0.7312186189564537,cierre_dia,0.7310969457590444,0.7310969457590444,stop_loss,0.0,1,0.005075413024008212,1.0,diario,cad,1,1,7,0.0002
2025-07-22,0.7312186189564537,0.7313949,0.7310749,0.0033875924549675,-0.0005833032593924,46.09898993546663,0.7153587599300214,0.7367567731830135,3,0.0058095154505189,0.0173164088273065,0.735061707234961,2025-07-23,2025-07-21,0.003518269474675236,0.0002410784394383373,-0.00019654717854260194,-0.0007977139042559549,0.46098989935466633,0.7411837182694803,0.7287415482799451,0.7313949,take_profit,0.7336956896329624,0.7336956896329624,stop_loss,0.0,1,0.005075413024008212,1.0,diario,cad,1,1,7,0.0002
2025-07-23,0.735061707234961,0.7310749,0.73229796,0.0035181817709526,-0.0001826000186723,47.922592601621815,0.7153587599300214,0.7367567731830135,4,0.0152999082197381,0.0272268342560983,0.7352130390065001,2025-07-24,2025-07-22,0.005241967732854323,-0.005423772175478945,-0.003759884656972822,-0.0002484145438063641,0.47922592601621816,0.9207839565285134,0.7324756265360416,0.7352130390065001,cierre_dia,0.7376477879338804,0.7352130390065001,cierre_dia,0.0,1,0.005075413024008212,1.0,diario,cad,1,1,7,0.0002
2025-07-24,0.7352130390065001,0.73229796,0.7340068,0.0034534775845451,8.222430047645762e-05,46.45644833764441,0.7153587599300214,0.7367567731830135,5,0.0170557647717516,0.0543072974086223,0.733105558063249,2025-07-25,2025-07-23,0.00020585509267628983,-0.003964944651198369,-0.0016406659600735434,0.00011183738061496846,0.4645644833764441,0.9278561912145061,0.7326739972564259,0.733105558063249,cierre_dia,0.7377520807565744,0.733105558063249,cierre_dia,0.0,1,0.005075413024008212,1.0,diario,cad,1,1,7,0.0002
2025-07-25,0.733105558063249,0.734073,0.73445654,0.0034447328765669,0.0001036602593127,45.482459159627,0.7153587599300214,0.7367567731830135,1,-0.0031109817422887,0.0530440915304822,0.7298151103756648,2025-07-28,2025-07-24,-0.002870606412887001,0.001319648891091284,0.0018428204804778441,0.00014139881790905298,0.45482459159627,0.8293666296681085,0.7305802052453946,0.7305802052453946,stop_loss,0.7356309108811034,0.7298151103756648,cierre_dia,0.0,1,0.005075413024008212,1.0,diario,cad,1,1,7,0.0002
2025-07-28,0.7298151103756648,0.73445654,0.7340431,0.0035153172970272,-0.0001043090359586,45.57418131556138,0.7153587599300214,0.7367567731830135,2,-0.0023395420911621,0.0332556727635371,0.7281040825208143,2025-07-29,2025-07-25,-0.004498471184977863,0.006359733524763685,0.005793233881056276,-0.0001429252895365622,0.45574181315561385,0.675593115805833,0.7272495786945294,0.7281040825208143,cierre_dia,0.7323806420568002,0.7281040825208143,cierre_dia,0.0,1,0.005075413024008212,1.0,diario,cad,1,1,7,0.0002
2025-07-29,0.7281040825208143,0.7340431,0.73258877,0.0034853004167892,-0.0003441303807707,42.60928772808234,0.7153587599300214,0.7367567731830135,3,-0.0296716618591123,-0.0027626894313318,0.7260107742644892,2025-07-30,2025-07-28,-0.0023472201323018194,0.008156824857544874,0.006159404385783719,-0.0004726389935615591,0.42609287728082346,0.595631119585866,0.7255664210585385,0.7260107742644892,cierre_dia,0.73064174398309,0.7260107742644892,cierre_dia,0.0,1,0.005075413024008212,1.0,diario,cad,1,1,7,0.0002
2025-07-30,0.7260107742644892,0.73258877,0.731622,0.0034748566659111,-0.0006149560413741,40.4637352487563,0.7153587599300214,0.7367567731830135,4,0.0015180785029724,-0.0164121707724854,0.7233168624257572,2025-07-31,2025-07-29,-0.0028791531736310633,0.009060465724044986,0.00772884636759752,-0.000847034318460498,0.404637352487563,0.49780389461990676,0.723487990886013,0.723487990886013,stop_loss,0.7285335576429655,0.7233168624257572,cierre_dia,0.0,1,0.005075413024008212,1.0,diario,cad,1,1,7,0.0002
2025-07-31,0.7233168624257572,0.731622,0.7332831,0.0035010452435655,-0.0009279449861138,32.940672427649346,0.7153587599300214,0.7367567731830135,5,-0.0059962980094913,-0.0388265576652868,0.721656930854138,2025-08-01,2025-07-30,-0.0037174685322025787,0.011482018470287273,0.013778522376513391,-0.0012829024654586235,0.3294067242764935,0.3719084758779198,0.7207844973649707,0.721656930854138,cierre_dia,0.7258492274865437,0.721656930854138,cierre_dia,0.0,1,0.005075413024008212,1.0,diario,cad,1,1,7,0.0002
2025-08-01,0.721656930854138,0.72616917,0.724825,0.0034699754435171,-0.0011828524834306,32.71896613357009,0.7153587599300214,0.7367567731830135,1,-0.251712046899755,-0.2503894472807695,0.7257789272193745,2025-08-04,2025-07-31,-0.0022975258229854367,0.006252609727618748,0.004389993375539865,-0.001639078671399443,0.32718966133570093,0.2943343781337216,0.7191527990254302,0.7257789272193745,cierre_dia,0.7241610626828456,0.7241610626828456,stop_loss,0.0,1,0.005075413024008212,1.0,diario,cad,1,1,7,0.0002
2025-08-04,0.7257789272193745,0.724825,0.7243289,0.0036254589808972,-0.0010163078891349,43.37476255826236,0.7153587599300214,0.7367567731830135,2,0.0187583627880434,-0.2344062217256714,0.7263219369605526,2025-08-05,2025-08-01,0.00569559954635494,-0.0013143495678900434,-0.001997891045045728,-0.0014002995278860032,0.4337476255826236,0.48696891464426445,0.7231476454895411,0.7263219369605526,cierre_dia,0.728410208949208,0.7263219369605526,cierre_dia,0.0,1,0.005075413024008212,1.0,diario,cad,1,1,7,0.0002
2025-08-05,0.7263219369605526,0.7243289,0.72649145,0.0035603751378848,-0.00082042202546,45.34307031496367,0.7153587599300214,0.7367567731830135,3,0.0005664247692132,-0.2109025688271211,0.7261795233601981,2025-08-06,2025-08-04,0.0007478953836938665,-0.0027440131698249592,0.00023338554272065416,-0.0011295569963000554,0.4534307031496367,0.512345557548349,0.7237359583940979,0.7261795233601981,cierre_dia,0.7289079155270073,0.7261795233601981,cierre_dia,0.0,1,0.005075413024008212,1.0,diario,cad,1,1,7,0.0002
2025-08-06,0.7261795233601981,0.72649145,0.7267864,0.003493667769786,-0.0006582864918651,42.2990143924684,0.7153587599300214,0.7367567731830135,4,-0.0116187932840617,-0.2212010476036411,0.7278444351354363,2025-08-07,2025-08-05,-0.00019609426179767694,0.00042954480230810685,0.0008357115840912329,-0.0009065065465066523,0.422990143924684,0.5056900985264894,0.723642493364356,0.72649145,take_profit,0.7287165533560402,0.7278444351354363,cierre_dia,0.0,1,0.005075413024008212,1.0,diario,cad,1,1,7,0.0002
2025-08-07,0.7278444351354363,0.7267864,0.7258206,0.0034664838923951,-0.0004089647725981,49.67885255625897,0.7164915028285185,0.7367567731830135,5,0.0061679125353316,-0.2116697201650832,0.7281995226246339,2025-08-08,2025-08-06,0.0022900757489431127,-0.001453655595016472,-0.0027805874960899505,-0.0005618848655784534,0.4967885255625897,0.5602161781374725,0.7253213741248699,0.7281995226246339,cierre_dia,0.7303674961460026,0.7281995226246339,cierre_dia,0.0,1,0.005075413024008212,1.0,diario,cad,1,1,7,0.0002
2025-08-08,0.7281995226246339,0.72813135,0.7285068,0.0034052130019306,-0.0002007241102423,49.16315664459768,0.7164915028285185,0.7367567731830135,1,-0.0028507481716754,0.0110841375039543,0.7271299406124906,2025-08-11,2025-08-07,0.0004877428244450383,-9.361805729874077e-05,0.0004219686580657908,-0.0002756443859216419,0.4916315664459768,0.5777381496180503,0.7257198481421928,0.7271299406124906,cierre_dia,0.7306791971070751,0.72813135,take_profit,0.0,1,0.005075413024008212,1.0,diario,cad,1,1,7,0.0002
2025-08-11,0.7271299406124906,0.7285068,0.72782797,0.0033580265810304,-0.0001196101665465,41.966453178779474,0.7164915028285185,0.7367567731830135,2,0.0174331198292759,0.009745092845735,0.7260213305670129,2025-08-12,2025-08-08,-0.0014698832556288167,0.0018935534223080374,0.0009599788820708226,-0.00016449627482778055,0.4196645317877947,0.5249590850690242,0.7246882189440508,0.7260213305670129,cierre_dia,0.7295716622809304,0.7260213305670129,cierre_dia,0.0,1,0.005075413024008212,1.0,diario,cad,1,1,7,0.0002
2025-08-12,0.7260213305670129,0.72782797,0.73059,0.003313899144618,-0.0001246469763624,30.098717942464376,0.7189434114786235,0.7367567731830135,3,-0.0072080645852464,0.0019252772945803,0.726237488072232,2025-08-13,2025-08-11,-0.0015258015907108128,0.002488410955606674,0.006292748216390544,-0.00017168500581801418,0.30098717942464376,0.3973376393432295,0.7236153691006725,0.726237488072232,cierre_dia,0.7284272920333533,0.726237488072232,cierre_dia,0.0,1,0.005075413024008212,1.0,diario,cad,1,1,7,0.0002
2025-08-13,0.726237488072232,0.73059,0.7299637,0.0032571155194317,-9.858970570917236e-05,30.29765667397716,0.7214590649818247,0.7367567731830135,4,0.0190332742175072,0.0331118837679883,0.7271616451247207,2025-08-14,2025-08-12,0.00029768455049614795,0.005993234994411461,0.005130844921898878,-0.00013575408503198417,0.3029765667397716,0.31236202361579796,0.7238720486790388,0.7271616451247207,cierre_dia,0.7286029274654251,0.7271616451247207,cierre_dia,0.0,1,0.005075413024008212,1.0,diario,cad,1,1,7,0.0002
2025-08-14,0.7271616451247207,0.7299637,0.7308519,0.0032144146562645,-9.001650022869966e-06,36.23747156336801,0.7216048470989037,0.7367567731830135,5,-0.0058951786648026,0.0207242278245734,0.723950460108457,2025-08-15,2025-08-13,0.001271718354484955,0.003853414016079865,0.005074875579619378,-1.2379159548941871e-05,0.3623747156336801,0.3667387231808474,0.7248242460751584,0.7248242460751584,stop_loss,0.729499044174283,0.723950460108457,cierre_dia,0.0,1,0.005075413024008212,1.0,diario,cad,1,1,7,0.0002
2025-08-15,0.723950460108457,0.72916126,0.72946805,0.0032989190723652,-0.0001481774363233,36.37097098547261,0.721656930854138,0.7367567731830135,1,-0.0039121324246721,0.019641421940717,0.7238508837192125,2025-08-18,2025-08-14,-0.004425833464425317,0.007197729925832778,0.007621502016472848,-0.00020467897251022,0.3637097098547261,0.15189094060492922,0.7215622061281576,0.7238508837192125,cierre_dia,0.7263387140887563,0.7238508837192125,cierre_dia,0.0,1,0.005075413024008212,1.0,diario,cad,1,1,7,0.0002
2025-08-18,0.7238508837192125,0.72946805,0.7297597,0.0032417355731795,-0.0002245288225522,39.31563183733206,0.721656930854138,0.7367567731830135,2,0.0030193399399282,0.0050499466976231,0.7245274049383656,2025-08-19,2025-08-15,-0.00013755532114410106,0.007760115249049707,0.008163029725718508,-0.00031018656964062856,0.39315631837332066,0.14529640888229692,0.7215043505597825,0.7245274049383656,cierre_dia,0.7261974168786425,0.7245274049383656,cierre_dia,0.0,1,0.005075413024008212,1.0,diario,cad,1,1,7,0.0002
2025-08-19,0.7245274049383656,0.7297597,0.7294428,0.0031938870035917,-0.0002074601432298,45.98808572483584,0.721656930854138,0.7367567731830135,3,-0.0047007104843415,0.007573124731587,0.7211885095520462,2025-08-20,2025-08-18,0.0009341775883419789,0.007221666186773798,0.006784277624463967,-0.0002863385730004903,0.4598808572483584,0.1900996064534044,0.722213346275987,0.722213346275987,stop_loss,0.7268414636007443,0.7211885095520462,cierre_dia,0.0,1,0.005075413024008212,1.0,diario,cad,1,1,7,0.0002
2025-08-20,0.7211885095520462,0.7294428,0.72912556,0.0032922249798076,-0.0003885140084266,44.43772485546976,0.7211885095520462,0.7367567731830135,4,-0.0108279561164003,-0.0220694637023123,0.7208350218623694,2025-08-21,2025-08-19,-0.0046190282464857015,0.011445399279975763,0.011005514290408965,-0.0005387135309018148,0.4443772485546976,0.0,0.7188141947257487,0.7208350218623694,cierre_dia,0.7235628243783435,0.7208350218623694,cierre_dia,0.0,1,0.005075413024008212,1.0,diario,cad,1,1,7,0.0002
2025-08-21,0.7208350218623694,0.72912556,0.7288205,0.0032364438868019,-0.0004928488567092,47.694581406791336,0.7208350218623694,0.7367567731830135,5,0.0038483801407969,-0.0124943680125454,0.7194037374551917,2025-08-22,2025-08-20,-0.000490266197543209,0.011501297642574196,0.011078094009637763,-0.0006837193556937094,0.47694581406791337,0.0,0.7185020797624702,0.7194037374551917,cierre_dia,0.7231679639622686,0.7194037374551917,cierre_dia,0.0,1,0.005075413024008212,1.0,diario,cad,1,1,7,0.0002
2025-08-22,0.7194037374551917,0.7220404,0.722395,0.0032085628367188,-0.0006112874726758,28.93874927726893,0.7194037374551917,0.7367567731830135,1,0.0012418493801091,-0.0073916435742335,0.7231285577320442,2025-08-25,2025-08-21,-0.0019875661158250584,0.003665066509294507,0.004157974707484218,-0.0008497140629796551,0.28938749277268927,0.0,0.7170954853585964,0.7220404,take_profit,0.7217119895517871,0.7217119895517871,stop_loss,0.0,1,0.005075413024008212,1.0,diario,cad,1,1,7,0.0002
2025-08-25,0.7231285577320442,0.722395,0.7227227,0.0033519052091178,-0.0004019135058968,41.282870289123565,0.7194037374551917,0.7367567731830135,2,0.0036040742935226,-0.0068110616420086,0.7215371928990679,2025-08-26,2025-08-22,0.0051642913890521565,-0.0010144222962855508,-0.0005612525293110438,-0.0005557981379650191,0.41282870289123563,0.21464949045662227,0.7207046993525204,0.7215371928990679,cierre_dia,0.7255524161115681,0.722395,take_profit,0.0,1,0.005075413024008212,1.0,diario,cad,1,1,7,0.0002
2025-08-26,0.7215371928990679,0.7227227,0.7221332,0.0033248700188141,-0.0003363991643034,38.25656491927791,0.7194037374551917,0.7367567731830135,3,0.0042628685813748,0.0021314846700646,0.7228880818889761,2025-08-27,2025-08-25,-0.002203091581477232,0.0016430297877908014,0.0008260240869045234,-0.00046622567431594224,0.38256564919277913,0.12294422009721877,0.7191381755189385,0.7227227,take_profit,0.7239362102791974,0.7228880818889761,cierre_dia,0.0,1,0.005075413024008212,1.0,diario,cad,1,1,7,0.0002
2025-08-27,0.7228880818889761,0.7221332,0.7219864,0.0032931275060557,-0.0001759531317188,37.2597920467694,0.7194037374551917,0.7367567731830135,4,-0.0035886086139926,0.0094125861435164,0.7256156992895572,2025-08-28,2025-08-26,0.001870487047482363,-0.0010442583131312954,-0.0012473326252936982,-0.0002434030054265351,0.37259792046769397,0.20079163602470132,0.7205075192627077,0.7256156992895572,cierre_dia,0.7252686445152445,0.7252686445152445,stop_loss,0.0,1,0.005075413024008212,1.0,diario,cad,1,1,7,0.0002
2025-08-28,0.7256156992895572,0.7219864,0.72188807,0.0033401277947325,0.0001238440231533,44.080356977468064,0.7194037374551917,0.7367567731830135,5,-0.0081218210527722,-0.0025982560861105,0.7272833203053745,2025-08-29,2025-08-27,0.0037661215110257225,-0.005001682423782369,-0.005137194927296708,0.0001706743986859083,0.44080356977468066,0.35797551113238035,0.7231920501240658,0.7272833203053745,cierre_dia,0.7280393484550485,0.7272833203053745,cierre_dia,0.0,1,0.005075413024008212,1.0,diario,cad,1,1,7,0.0002
2025-08-29,0.7272833203053745,0.72718745,0.727651,0.0033203311401317,0.0004273391410352,50.3420266081315,0.7194037374551917,0.7367567731830135,1,0.0110385858296412,0.0072210459557397,0.7278868126065926,2025-09-01,2025-08-28,0.00229557832395157,-0.0001318197498799326,0.0005055522165298747,0.0005875827605337728,0.503420266081315,0.45407518164384236,0.7248684988492661,0.7278868126065926,cierre_dia,0.7296981417614828,0.7278868126065926,cierre_dia,0.0,1,0.005075413024008212,1.0,diario,cad,1,1,7,0.0002
2025-09-01,0.7278868126065926,0.727651,0.7263697,0.003267666508803,0.0006483581539975,54.2557743429966,0.7194037374551917,0.7367567731830135,2,0.0122468306693877,0.0159639389974401,0.7274102715407484,2025-09-02,2025-08-29,0.0008294457426908824,-0.0003239687854051116,-0.00208426994460822,0.0008907403496921489,0.542557743429966,0.4888525145949051,0.7255083212468387,0.7274102715407484,cierre_dia,0.7302653039663465,0.727651,take_profit,0.0,1,0.005075413024008212,1.0,diario,cad,1,1,7,0.0002
2025-09-02,0.7274102715407484,0.7263697,0.7253137,0.0032139554603132,0.0007356936146345,52.644089621596656,0.7194037374551917,0.7367567731830135,3,0.0,0.011642236212103,0.7254524820256403,2025-09-03,2025-09-01,-0.000654905569546693,-0.001430515324652169,-0.0028822407694459483,0.0010113874431223063,0.5264408962159666,0.46139097568502246,0.7250724073266421,0.7254524820256403,cierre_dia,0.7297481357548548,0.7263697,take_profit,0.0,1,0.005075413024008212,1.0,diario,cad,1,1,7,0.0002
2025-09-03,0.7254524820256403,0.7253137,0.7249259,0.003210904437101,0.0006384539352644,46.31821808026123,0.7194037374551917,0.7367567731830135,4,0.0112237356170585,0.0267385592028607,0.7250001750141805,2025-09-04,2025-09-02,-0.0026950800346815574,-0.00019130408824684684,-0.0007258670122265208,0.0008800768500807673,0.4631821808026123,0.34856982174886814,0.7231231234321982,0.7250001750141805,cierre_dia,0.7277818406190822,0.7253137,take_profit,0.0,1,0.005075413024008212,1.0,diario,cad,1,1,7,0.0002
2025-09-04,0.7250001750141805,0.7249259,0.7244758,0.0031590099763749,0.0005252448092627,52.56626309325006,0.7194037374551917,0.7367567731830135,5,-0.0024102020135148,0.032619678073096,0.7238508837192125,2025-09-05,2025-09-03,-0.0006236770623651015,-0.00010244827069040965,-0.000723275707030277,0.0007244754240954861,0.5256626309325005,0.32250481395690905,0.7227098922284372,0.7238508837192125,cierre_dia,0.7272904577999239,0.7249259,take_profit,0.0,1,0.005075413024008212,1.0,diario,cad,1,1,7,0.0002
2025-09-05,0.7238508837192125,0.72244793,0.7234352,0.0031242603404543,0.0003622839050888,50.0,0.7194037374551917,0.7367567731830135,1,-0.015586431517168,0.0054889420998867,0.7228567489314767,2025-09-08,2025-09-04,-0.0015864867946203402,-0.0019381805711198446,-0.0005742670604706617,0.0005004952169531823,0.5,0.2562748290139658,0.7215893851108057,0.7228567489314767,cierre_dia,0.7261123823276191,0.7228567489314767,cierre_dia,0.0,1,0.005075413024008212,1.0,diario,cad,1,1,7,0.0002
2025-09-08,0.7228567489314767,0.7234352,0.72384685,0.0030863452058726,0.0001857582376009,46.17165092613817,0.7194037374551917,0.7367567731830135,2,-0.0012262060033473,-0.0079671962195787,0.7249003096676182,2025-09-09,2025-09-05,-0.0013743411893006171,0.0008002291870115919,0.0013697057819366523,0.0002569779390944152,0.4617165092613817,0.1989860178037218,0.7206257634698794,0.7234352,take_profit,0.7250877343930741,0.7249003096676182,cierre_dia,0.0,1,0.005075413024008212,1.0,diario,cad,1,1,7,0.0002
2025-09-09,0.7249003096676182,0.72384685,0.72561526,0.0031007392526986,0.0002034194575702,59.04249587282752,0.7194037374551917,0.7367567731830135,3,0.0017831046647887,-0.0061967198963357,0.7221989484622531,2025-09-10,2025-09-08,0.0028230732238181573,-0.0014532476446329494,0.000986274006021049,0.000280617148119956,0.5904249587282753,0.3167498931390983,0.7226525828231385,0.7226525828231385,stop_loss,0.7271480365120979,0.72384685,take_profit,0.0,1,0.005075413024008212,1.0,diario,cad,1,1,7,0.0002
2025-09-10,0.7221989484622531,0.72561526,0.72482777,0.0031532566564665,3.859395884250102e-05,52.98164160741028,0.7194037374551917,0.7367567731830135,4,0.0023355300255342,-0.0149907084843308,0.7214747016219963,2025-09-11,2025-09-09,-0.003733488671257571,0.004730429952883637,0.003640024045097742,5.343951126580489e-05,0.5298164160741028,0.16107907866402113,0.7199216698207214,0.7214747016219963,cierre_dia,0.7244762271037848,0.7214747016219963,cierre_dia,0.0,1,0.005075413024008212,1.0,diario,cad,1,1,7,0.0002
2025-09-11,0.7214747016219963,0.72482777,0.72347695,0.0031076001241554,-0.0001058833983621,54.67169114398956,0.7194037374551917,0.7367567731830135,5,0.0108276966747339,-0.0018645656890414,0.7228723839246144,2025-09-12,2025-09-10,-0.0010033388099479476,0.0046475203780054685,0.00277521633607149,-0.0001467596828053102,0.5467169114398956,0.1193430474809834,0.7192326467496608,0.7228723839246144,cierre_dia,0.7237167564943319,0.7228723839246144,cierre_dia,0.0,1,0.005075413024008212,1.0,diario,cad,1,1,7,0.0002
2025-09-12,0.7228723839246144,0.72159576,0.7220258,0.0030876328079548,-9.437530249903282e-05,49.35433232229928,0.7194037374551917,0.7367567731830135,1,0.0088616491270666,0.022838672854217,0.7225955390625975,2025-09-15,2025-09-11,0.0019353834724082383,-0.0017660432920169433,-0.0011711388392209327,-0.00013055596616743195,0.49354332322299277,0.19988701249899912,0.7206404194360443,0.7225955390625975,cierre_dia,0.7251043484131845,0.7225955390625975,cierre_dia,0.0,1,0.005075413024008212,1.0,diario,cad,1,1,7,0.0002
2025-09-15,0.7225955390625975,0.7220258,0.7218236,0.003038392448522,-9.235113123671144e-05,52.85678478189577,0.7194037374551917,0.7367567731830135,2,-0.0004357457445816,0.0236475058092753,0.7260054962283424,2025-09-16,2025-09-12,-0.00038305224349752124,-0.000788461915135267,-0.0010682865045070053,-0.000127804734798828,0.5285678478189577,0.18393332771674598,0.7204000102333741,0.7260054962283424,cierre_dia,0.724791067891821,0.724791067891821,stop_loss,0.0,1,0.005075413024008212,1.0,diario,cad,1,1,7,0.0002
2025-09-16,0.7260054962283424,0.7218236,0.7216773,0.0031655841259203,0.0001391161686966,57.572992324231215,0.7194037374551917,0.7367567731830135,3,0.014496124151625,0.0367442295588919,0.7278655916763478,2025-09-17,2025-09-15,0.004707940117476917,-0.005760144034814763,-0.005961657660758484,0.0001916186164145035,0.5757299232423122,0.3804382631775638,0.7237072647541511,0.7278655916763478,cierre_dia,0.7283037277025338,0.7278655916763478,cierre_dia,1.0,2,0.00497349460949897,-1.0,diario,cad,1,1,7,0.0002
2025-09-17,0.7278655916763478,0.7216773,0.7212628,0.0031639973981353,0.0004030344503292,55.70606361363653,0.7194037374551917,0.7367567731830135,4,-0.0048447182133374,0.0293268099551226,0.7262217071743132,2025-09-18,2025-09-16,0.0025588189742586243,-0.008501970346057387,-0.009071443617963741,0.0005537209821953131,0.5570606361363653,0.48762962019316125,0.7255626268380916,0.7262217071743132,cierre_dia,0.7301685565146039,0.7262217071743132,cierre_dia,-1.0,2,0.00497349460949897,-1.0,diario,cad,1,1,7,0.0002
2025-09-18,0.7262217071743132,0.7212628,0.7215481,0.0031476943785976,0.0004489229346704,47.30434477830503,0.7194037374551917,0.7367567731830135,5,-0.0134725631556488,0.0046153643004296,0.7250685428803568,2025-09-19,2025-09-17,-0.0022610543447823778,-0.0068283653949261095,-0.006435510159146764,0.0006181623741558666,0.4730434477830503,0.39289780912456773,0.7239357831890251,0.7250685428803568,cierre_dia,0.7285076311596013,0.7250685428803568,cierre_dia,-1.0,2,0.00497349460949897,-1.0,diario,cad,1,1,7,0.0002
2025-09-19,0.7250685428803568,0.72749,0.729007,0.0031131017115475,0.0003860424469238,43.03816739346247,0.7194037374551917,0.7367567731830135,1,-0.0065847932935611,-0.0107831368853523,0.7255840666783149,2025-09-22,2025-09-18,-0.0015891576982599294,0.003339625120162892,0.005431841111183082,0.0005324220043945565,0.43038167393462473,0.3264446356255035,0.7228113307585267,0.7255840666783149,cierre_dia,0.727325755002187,0.7255840666783149,cierre_dia,1.0,2,0.00497349460949897,-1.0,diario,cad,1,1,7,0.0002
2025-09-22,0.7255840666783149,0.729007,0.7275727,0.003066474712358,0.000363895880592,45.49748784127182,0.7194037374551917,0.7367567731830135,2,0.0061470838975394,-0.0042498105017862,0.7233325173294478,2025-09-23,2025-09-19,0.0007107474474081625,0.004717486889362236,0.002740734551668068,0.0005015213223436616,0.4549748784127182,0.35615262482370025,0.7233590814861559,0.7233590814861559,stop_loss,0.7278090518704738,0.7233325173294478,cierre_dia,1.0,2,0.00497349460949897,-1.0,diario,cad,1,1,7,0.0002
2025-09-23,0.7233325173294478,0.7275727,0.72791284,0.003089253550603,0.0001910239704949,44.84785276875758,0.7194037374551917,0.7367567731830135,3,0.0008751230140683,-0.0177209713405039,0.7225903728099682,2025-09-24,2025-09-22,-0.003107909987430832,0.005862010305035028,0.006332250466856931,0.0002640887363949332,0.44847852768757585,0.22640303033302545,0.7210979597820212,0.7225903728099682,cierre_dia,0.7255670748768744,0.7225903728099682,cierre_dia,1.0,2,0.00497349460949897,-1.0,diario,cad,1,1,7,0.0002
2025-09-24,0.7225903728099682,0.72791284,0.72869223,0.0030461168446736,2.86338738431894e-05,44.22482084315023,0.7194037374551917,0.7367567731830135,4,0.0025115780623503,-0.0104683924268006,0.7196315286943855,2025-09-25,2025-09-23,-0.0010265341114823068,0.007365815253438978,0.008444420822136494,3.962670265290087e-05,0.4422482084315023,0.1836356130856927,0.7203892781035528,0.7203892781035528,stop_loss,0.7247914675163836,0.7196315286943855,cierre_dia,1.0,2,0.00497349460949897,-1.0,diario,cad,1,1,7,0.0002
2025-09-25,0.7196315286943855,0.72869223,0.7281356,0.0031240197506437,-0.0002602035200034,40.69519658797109,0.7194037374551917,0.7367567731830135,5,0.0359897946923935,0.0397068374754148,0.7173086832353989,2025-09-26,2025-09-24,-0.004103180327209521,0.01259075088337667,0.011817257813930502,-0.000361578821421961,0.4069519658797109,0.01312688124237511,0.7173833855855584,0.7173833855855584,stop_loss,0.7218796718032127,0.7173086832353989,cierre_dia,1.0,2,0.00497349460949897,-1.0,diario,cad,1,1,7,0.0002
2025-09-26,0.7173086832353989,0.7187351,0.7182712,0.0031485680961839,-0.000571973291663,38.442350680442665,0.7173086832353989,0.7352130390065001,1,-0.0111083392863963,0.0350142972395632,0.717452731348479,2025-09-29,2025-09-25,-0.0032330468073959798,0.0019885675413369897,0.0013418445741653741,-0.0007973879377608144,0.38442350680442666,0.0,0.7150501880002482,0.717452731348479,cierre_dia,0.7195671784705494,0.717452731348479,cierre_dia,1.0,2,0.00497349460949897,-1.0,diario,cad,1,1,7,0.0002
2025-09-29,0.717452731348479,0.7182712,0.7183626,0.0030963254345359,-0.0007230381193702,33.15194635917483,0.7173086832353989,0.7352130390065001,2,0.0032924609806411,0.032063934796977,0.7185869499574045,2025-09-30,2025-09-26,0.00020079730622794606,0.0011407980146408785,0.0012681931669712265,-0.0010077850257970628,0.3315194635917483,0.008045422852500005,0.7152312642083275,0.7182712,take_profit,0.7196741984886306,0.7185869499574045,cierre_dia,1.0,2,0.00497349460949897,-1.0,diario,cad,1,1,7,0.0002
2025-09-30,0.7185869499574045,0.7183626,0.718913,0.0030665013782585,-0.0007006188157334,41.20528410123026,0.7173086832353989,0.7352130390065001,3,0.0262663983907431,0.0586048826957639,0.7182102415795781,2025-10-01,2025-09-29,0.0015796483335952858,-0.00031220989668376297,0.0004537377732992334,-0.0009749951843335457,0.4120528410123026,0.07139417571610115,0.7163834020849615,0.7182102415795781,cierre_dia,0.7207904978298474,0.7183626,take_profit,1.0,2,0.00497349460949897,-1.0,diario,cad,1,1,7,0.0002
2025-10-01,0.7182102415795781,0.718913,0.71840954,0.003018368087627,-0.0006654652549507,41.91465442136473,0.7173086832353989,0.7352130390065001,4,-0.0074643208088281,0.0480968481317541,0.7173858534374385,2025-10-02,2025-09-30,-0.0005243723869688673,0.000978485657453582,0.00027749314738753416,-0.0009265605200604287,0.4191465442136473,0.05035413480972241,0.7160424187061875,0.7173858534374385,cierre_dia,0.7203780644529688,0.7173858534374385,cierre_dia,1.0,2,0.00497349460949897,-1.0,diario,cad,1,1,7,0.0002
2025-10-02,0.7173858534374385,0.71840954,0.7192736,0.0029796854483999,-0.0006512260630086,36.01389350434268,0.7173086832353989,0.7352130390065001,5,0.0052930013391957,0.0164124287691581,0.7162861835779812,2025-10-03,2025-10-01,-0.0011484960646215606,0.0014269678690433483,0.002631424293517987,-0.0009077765610907629,0.3601389350434268,0.0043101356466695925,0.715248269249063,0.7162861835779812,cierre_dia,0.719523437625814,0.7162861835779812,cierre_dia,1.0,2,0.00497349460949897,-1.0,diario,cad,1,1,7,0.0002
2025-10-03,0.7162861835779812,0.718881,0.7190465,0.0029504347134758,-0.0006669255944117,34.56392182105991,0.7162861835779812,0.7352130390065001,1,0.0138769022067896,0.042127651544435,0.7160759084469236,2025-10-06,2025-10-02,-0.001534060854538105,0.0036225973381996115,0.003853650238275581,-0.000931088173556949,0.34563921821059906,0.0,0.7141728279571696,0.7160759084469236,cierre_dia,0.7183995391987928,0.7160759084469236,cierre_dia,1.0,2,0.00497349460949897,-1.0,diario,cad,1,1,7,0.0002
2025-10-06,0.7160759084469236,0.7190465,0.7179944,0.0029051412114179,-0.0006422879901066,21.1974805183754,0.7160759084469236,0.7352130390065001,2,0.0321442553514948,0.0726328530748942,0.7170514669383994,2025-10-07,2025-10-03,-0.0002936061122240107,0.004148431078374457,0.0026791734374047036,-0.0008969551726710648,0.211974805183754,0.0,0.7139956068147909,0.7170514669383994,cierre_dia,0.7181562100790562,0.7170514669383994,cierre_dia,1.0,2,0.00497349460949897,-1.0,diario,cad,1,1,7,0.0002
2025-10-07,0.7170514669383994,0.7179944,0.71766484,0.0028780719818401,-0.0005165183588117,16.934990685970945,0.7160759084469236,0.7352130390065001,3,-0.0141366413249618,0.0301590386348411,0.716702022144214,2025-10-08,2025-10-06,0.0013614402444839023,0.0013150144795417507,0.0008554100924156953,-0.000720336520636493,0.16934990685970944,0.05097726058975992,0.7149877412018666,0.716702022144214,cierre_dia,0.7191151926749322,0.716702022144214,cierre_dia,1.0,2,0.00497349460949897,-1.0,diario,cad,1,1,7,0.0002
2025-10-08,0.716702022144214,0.71766484,0.71890974,0.0028363239605863,-0.0004173355485704,18.39074621555558,0.7160759084469236,0.7352130390065001,4,0.0121575730093704,0.050572328657418,0.7166095718533975,2025-10-09,2025-10-07,-0.00048745450841536375,0.0013434005012368517,0.0030803845776533347,-0.0005822999456898759,0.1839074621555558,0.03271721929999885,0.7146692230262057,0.7166095718533975,cierre_dia,0.7187348212622222,0.7166095718533975,cierre_dia,1.0,2,0.00497349460949897,-1.0,diario,cad,1,1,7,0.0002
2025-10-09,0.7166095718533975,0.71890974,0.71927816,0.002794368092462,-0.0003226641885454,19.78435839266712,0.7160759084469236,0.7352130390065001,5,-0.0003962463037207,0.0446123325356926,0.7133278037711795,2025-10-10,2025-10-08,-0.00012900236254541076,0.003209792663881781,0.0037239080406094123,-0.00045026497163703805,0.1978435839266712,0.027886281321669596,0.7146071009310575,0.7146071009310575,stop_loss,0.7186120427757374,0.7133278037711795,cierre_dia,1.0,2,0.00497349460949897,-1.0,diario,cad,1,1,7,0.0002
2025-10-10,0.7133278037711795,0.7167298,0.7163378,0.0029288721768616,-0.0004385827409097,13.44450528085865,0.7133278037711795,0.7352130390065001,1,0.0058291935222696,0.0362393337130117,0.7143622475504763,2025-10-13,2025-10-09,-0.004590094503597256,0.004769190561246809,0.004219653591108332,-0.0006148403841698396,0.13444505280858648,0.0,0.7112385578137324,0.7143622475504763,cierre_dia,0.7154170497286267,0.7143622475504763,cierre_dia,1.0,2,0.00497349460949897,-1.0,diario,cad,1,1,7,0.0002
2025-10-13,0.7143622475504763,0.7163378,0.7169618,0.0029027302533745,-0.0004039681521669,21.15076639900809,0.7133278037711795,0.7352130390065001,2,-0.0457557121546094,-0.0414195945375843,0.7123014321332841,2025-10-14,2025-10-10,0.0014491155967098215,0.002765477117943795,0.003638983524727794,-0.0005654948222027312,0.21150766399008092,0.047266742540068504,0.7122886466426429,0.7123014321332841,cierre_dia,0.7164358484583095,0.7123014321332841,cierre_dia,1.0,2,0.00497349460949897,-1.0,diario,cad,1,1,7,0.0002
2025-10-14,0.7123014321332841,0.7169618,0.7178097,0.0029244406572671,-0.0004734283465267,19.497039239924703,0.7123014321332841,0.7352130390065001,3,0.0506692627393086,0.0227591976170189,0.7119971481437471,2025-10-15,2025-10-13,-0.002889001633521122,0.0065426905751943334,0.007733057408320896,-0.0006646460686016327,0.19497039239924704,0.0,0.710218348864924,0.7119971481437471,cierre_dia,0.7143845154016443,0.7119971481437471,cierre_dia,1.0,2,0.00497349460949897,-1.0,diario,cad,1,1,7,0.0002
2025-10-15,0.7119971481437471,0.7178097,0.71710324,0.0028801210945157,-0.0004913026094038,23.139032036550205,0.7119971481437471,0.7352130390065001,4,-0.023808263054996,-0.0133715609134454,0.7119464493480621,2025-10-16,2025-10-14,-0.00042727557041740007,0.008163729126453374,0.007171506051063561,-0.0006900345186559785,0.23139032036550206,0.0,0.7099465101381432,0.7119464493480621,cierre_dia,0.714047786149351,0.7119464493480621,cierre_dia,1.0,2,0.00497349460949897,-1.0,diario,cad,1,1,7,0.0002
2025-10-16,0.7119464493480621,0.71710324,0.7166433,0.0028362690463619,-0.0004586038187399,27.54277431369744,0.7119464493480621,0.733105558063249,5,-0.0017081338268076,-0.0146650578058743,0.7134754153324347,2025-10-20,2025-10-15,-7.120899422680406e-05,0.0072432282746267024,0.006597196539485358,-0.000644154934910974,0.2754277431369744,0.0,0.7099271776711089,0.7134754153324347,cierre_dia,0.7139657210250152,0.7134754153324347,cierre_dia,1.0,2,0.00497349460949897,-1.0,diario,cad,1,1,7,0.0002
2025-10-20,0.7134754153324347,0.71253794,0.7115347,0.0027962221294995,-0.0002082427632818,29.032992620230573,0.7119464493480621,0.7281995226246339,2,-0.0081790052970104,-0.0283715994643039,0.7126059763158087,2025-10-21,2025-10-17,0.0021452828929409587,-0.0013139560414957075,-0.0027200871827244844,-0.00029187097243535984,0.29032992620230574,0.09407242300301615,0.7114803795872283,0.7126059763158087,cierre_dia,0.7154704510776412,0.7126059763158087,cierre_dia,1.0,2,0.00497349460949897,-1.0,diario,cad,1,1,7,0.0002
2025-10-21,0.7126059763158087,0.7115347,0.7113564,0.0027667285339345,-0.0001140668100017,27.90499881797973,0.7119464493480621,0.7281995226246339,3,0.0133946685130556,0.0308343563917572,0.7132718207902645,2025-10-22,2025-10-20,-0.0012193401154249651,-0.0015033221042394967,-0.0017535305026054214,-0.0001600699598274889,0.2790499881797973,0.040578600522112124,0.7106343890276835,0.7132718207902645,cierre_dia,0.7145775636039339,0.7132718207902645,cierre_dia,1.0,2,0.00497349460949897,-1.0,diario,cad,1,1,7,0.0002
2025-10-22,0.7132718207902645,0.7113564,0.7126667,0.0027355622232202,1.7488165792410148e-05,33.57495624589326,0.7119464493480621,0.7281995226246339,4,-0.0136989081812145,-0.0334281491819211,0.7148575978707855,2025-10-23,2025-10-21,0.0009339433213783373,-0.0026854009010791207,-0.0008483733306526755,2.451823453930124e-05,0.3357495624589326,0.08154589717582383,0.7113206213424231,0.7148575978707855,cierre_dia,0.7152230202381058,0.7148575978707855,cierre_dia,1.0,2,0.00497349460949897,-1.0,diario,cad,1,1,7,0.0002
2025-10-23,0.7148575978707855,0.7126667,0.71369386,0.0027438221070322,0.0002242433502524,44.50956388820251,0.7119464493480621,0.7281995226246339,5,0.0062683731636311,-0.0039153206943966,0.7149700711082853,2025-10-24,2025-10-22,0.0022207759486415064,-0.0030648032241821976,-0.00162792963836673,0.0003136895388960155,0.4450956388820251,0.1791137265663933,0.7128961557903677,0.7149700711082853,cierre_dia,0.7168190399512033,0.7149700711082853,cierre_dia,1.0,2,0.00497349460949897,-1.0,diario,cad,1,1,7,0.0002
2025-10-24,0.7149700711082853,0.7148703,0.7153106,0.0027046232372833,0.0003727602149077,45.71778008704493,0.7119464493480621,0.7281995226246339,1,0.0240975149630041,0.0221238242108978,0.7146225906769298,2025-10-27,2025-10-23,0.00015732418692384045,-0.00013954585278043777,0.00047628412079809933,0.000521364781507398,0.4571778008704493,0.18603384780044133,0.7130363464400037,0.7146225906769298,cierre_dia,0.7169037957765668,0.7148703,take_profit,1.0,2,0.00497349460949897,-1.0,diario,cad,1,1,7,0.0002
2025-10-27,0.7146225906769298,0.7153106,0.7144786,0.0026677770140275,0.0004467861649733,40.113566727602,0.7119464493480621,0.7281995226246339,2,0.0022604026481397,0.0328500822608163,0.7147247593197383,2025-10-28,2025-10-24,-0.00048612510050878636,0.0009627589892148616,-0.00020149191868316447,0.000625205767075009,0.40113566727602,0.16465448000688435,0.712716136955817,0.7147247593197383,cierre_dia,0.7165290443980425,0.7147247593197383,cierre_dia,1.0,2,0.00497349460949897,-1.0,diario,cad,1,1,7,0.0002
2025-10-28,0.7147247593197383,0.7144786,0.7145223,0.0026308690451189,0.0004979193276837,41.78646249976081,0.7119464493480621,0.7281995226246339,3,0.0091851203485773,0.0285113884700053,0.717416713896598,2025-10-29,2025-10-27,0.0001429584530069414,-0.00034441135070325575,-0.0002832689326881254,0.0006966588483063191,0.41786462499760807,0.17094059224362754,0.712844412074664,0.717416713896598,cierre_dia,0.7166051065648127,0.7166051065648127,stop_loss,1.0,2,0.00497349460949897,-1.0,diario,cad,1,1,7,0.0002
2025-10-29,0.717416713896598,0.7145223,0.713271,0.0027319763885436,0.0006961624791367,52.7573646608294,0.7119464493480621,0.7281995226246339,4,0.0,0.0426978189970576,0.7172932266535327,2025-10-30,2025-10-28,0.0037593461226867594,-0.004034494653570507,-0.005778669239640184,0.0009703739342167578,0.527573646608294,0.33656801119706364,0.7154567483734859,0.7172932266535327,cierre_dia,0.7193766794197101,0.7172932266535327,cierre_dia,1.0,2,0.00497349460949897,-1.0,diario,cad,1,1,7,0.0002
2025-10-30,0.7172932266535327,0.713271,0.71349543,0.0026923437127169,0.0007949574732876,67.27426682638472,0.7119464493480621,0.7281995226246339,5,0.0179299066835026,0.0549284499159023,0.7152512871330521,2025-10-31,2025-10-29,-0.00017214245176678259,-0.005607506810426788,-0.005294622216427328,0.0011082740555022426,0.6727426682638472,0.32897023316678026,0.7153620267445776,0.7153620267445776,stop_loss,0.7192244265624878,0.7152512871330521,cierre_dia,1.0,2,0.00497349460949897,-1.0,diario,cad,1,1,7,0.0002
2025-10-31,0.7152512871330521,0.7169421,0.716577,0.0027253740975968,0.0007019982808529,53.56033719477912,0.7119464493480621,0.7278868126065926,1,-0.0301627742372471,-0.000787034682633,0.713500842478972,2025-11-03,2025-10-30,-0.0028507887660481493,0.0023639424316525787,0.0018534924589395751,0.0009814708389644787,0.5356033719477913,0.20732512373715364,0.7133019598018269,0.713500842478972,cierre_dia,0.7172006144642773,0.713500842478972,cierre_dia,1.0,2,0.00497349460949897,-1.0,diario,cad,1,1,7,0.0002
2025-11-03,0.713500842478972,0.716577,0.71673036,0.0027373111045447,0.0005107268789442,54.92572697347039,0.7119464493480621,0.7278868126065926,2,-0.0024646902180882,-0.00549727181936,0.7114703299022164,2025-11-04,2025-10-31,-0.0024503137998703856,0.004311357938051244,0.0045262981187343685,0.0007158041708398569,0.5492572697347039,0.09751303064427677,0.7115477686997523,0.7115477686997523,stop_loss,0.7154539162581918,0.7114703299022164,cierre_dia,1.0,2,0.00497349460949897,-1.0,diario,cad,1,1,7,0.0002
2025-11-04,0.7114703299022164,0.71673036,0.71580124,0.0027668181671484,0.0002488247213083,48.10513206340323,0.7114703299022164,0.7278868126065926,3,-0.0036588128332634,-0.0181889186032813,0.7091746069641512,2025-11-05,2025-11-03,-0.0028499017950950967,0.007393182648258253,0.006087267333240546,0.00034973309616790087,0.48105132063403233,0.0,0.7095018208680558,0.7095018208680558,stop_loss,0.7134388389363768,0.7091746069641512,cierre_dia,1.0,2,0.00497349460949897,-1.0,diario,cad,1,1,7,0.0002
2025-11-05,0.7091746069641512,0.71580124,0.7166188,0.0028140302370561,-6.111030934713262e-05,41.41643048368622,0.7091746069641512,0.7278868126065926,4,-0.0242666700483384,-0.0417274482139362,0.7091041682886207,2025-11-06,2025-11-04,-0.0032319475145660263,0.009344148776302331,0.010496981931877123,-8.617103425168428e-05,0.4141643048368622,0.0,0.7071789681768018,0.7091041682886207,cierre_dia,0.7111702457515007,0.7091041682886207,cierre_dia,1.0,2,0.00497349460949897,-1.0,diario,cad,1,1,7,0.0002
2025-11-06,0.7091041682886207,0.7166188,0.71671396,0.0027708366428882,-0.0002427523820878,41.23653397738365,0.7091041682886207,0.7278868126065926,5,0.0074830367750562,-0.0516862869797078,0.7086268132114687,2025-11-07,2025-11-05,-9.93298028816368e-05,0.010597359383058542,0.010731556873717279,-0.00034233670163534357,0.4123653397738365,0.0,0.7071393564755017,0.7086268132114687,cierre_dia,0.7110689801017396,0.7086268132114687,cierre_dia,1.0,2,0.00497349460949897,-1.0,diario,cad,1,1,7,0.0002
2025-11-07,0.7086268132114687,0.71005803,0.7102189,0.0027322734213482,-0.0003598761089909,34.013880893260605,0.7086268132114687,0.7278868126065926,1,-0.0035323091084347,-0.0260929834323973,0.7120580083191344,2025-11-10,2025-11-06,-0.0006734071575215787,0.002019704535374679,0.0022467210650920955,-0.0005078499744596958,0.34013880893260606,0.0,0.7066906510040764,0.71005803,take_profit,0.710562975418861,0.710562975418861,stop_loss,1.0,2,0.00497349460949897,-1.0,diario,cad,1,1,7,0.0002
2025-11-10,0.7120580083191344,0.7102189,0.7105166,0.0029039413550707,-0.0001801663951922,48.454407521828216,0.7086268132114687,0.7278868126065926,2,-0.0015176195049082,-0.0251701877122198,0.7129870683991303,2025-11-11,2025-11-07,0.004830349036081215,-0.002582806874787793,-0.0021647229595421653,-0.00025302207557147783,0.48454407521828213,0.17815136113318544,0.7099902336215672,0.7129870683991303,cierre_dia,0.7141257830167015,0.7129870683991303,cierre_dia,1.0,2,0.00497349460949897,-1.0,diario,cad,1,1,7,0.0002
2025-11-11,0.7129870683991303,0.7105166,0.7113076,0.0028735659060256,1.69023121019084e-05,49.20858189173401,0.7086268132114687,0.7278868126065926,3,0.0297278129771929,0.0079254928466866,0.7134805127535604,2025-11-12,2025-11-10,0.0013039029105870732,-0.003464955408906889,-0.002355538373088808,2.3706337535488766e-05,0.49208581891734016,0.2263891653478184,0.7109382530679415,0.7134805127535604,cierre_dia,0.7150358837303191,0.7134805127535604,cierre_dia,1.0,2,0.00497349460949897,-1.0,diario,cad,1,1,7,0.0002
2025-11-12,0.7134805127535604,0.7113076,0.711202,0.002832938390358,0.0001866821312262,45.925223603834816,0.7086268132114687,0.7278868126065926,4,-0.0075970632916709,0.0248680348840349,0.7138115155116389,2025-11-13,2025-11-11,0.0006918409932784134,-0.0030455110051630613,-0.003193517850637359,0.00026164993701892586,0.45925223603834814,0.25200932993385844,0.7114592664182084,0.7138115155116389,cierre_dia,0.7155017590889123,0.7138115155116389,cierre_dia,1.0,2,0.00497349460949897,-1.0,diario,cad,1,1,7,0.0002
2025-11-13,0.7138115155116389,0.711202,0.71181226,0.002791335235953,0.0003196655357281,46.615618106094495,0.7086268132114687,0.7278868126065926,5,0.0080884026144595,0.0254886428107165,0.7124790563071612,2025-11-14,2025-11-12,0.00046381925696704646,-0.0036557486884594196,-0.002800817117955745,0.00044782905400310506,0.4661561810609449,0.26919535114226584,0.7118190282765623,0.7124790563071612,cierre_dia,0.7158040027467155,0.7124790563071612,cierre_dia,1.0,2,0.00497349460949897,-1.0,diario,cad,1,1,7,0.0002
2025-11-14,0.7124790563071612,0.7136073,0.7132755,0.0027773839011062,0.0003157276118835,44.07902211572831,0.7086268132114687,0.7278868126065926,1,-0.0003930146523044,0.0287130120961696,0.7133583767357937,2025-11-17,2025-11-13,-0.0018684265582924655,0.0015835464675784251,0.001117848568022119,0.00044313949875234606,0.44079022115728306,0.20001262807245065,0.7105002284462985,0.7133583767357937,cierre_dia,0.7144578841680241,0.7133583767357937,cierre_dia,1.0,2,0.00497349460949897,-1.0,diario,cad,1,1,7,0.0002
2025-11-17,0.7133583767357937,0.7132755,0.7138657,0.0027503289066323,0.0003666074864853,46.38108332897292,0.7086268132114687,0.7278868126065926,2,-0.0074973432960609,0.0225799477140062,0.7117184242807015,2025-11-18,2025-11-14,0.0012334092509152137,-0.0001161782611609589,0.0007111758700132635,0.0005139176863147431,0.4638108332897292,0.24566789579042883,0.711396406571469,0.7117184242807015,cierre_dia,0.7153203469001186,0.7132755,take_profit,1.0,2,0.00497349460949897,-1.0,diario,cad,1,1,7,0.0002
2025-11-18,0.7117184242807015,0.7138657,0.7128894,0.0027538089595865,0.0002875692054772,34.01721500128549,0.7086268132114687,0.7278868126065926,3,-0.0098513137839929,-0.0171023972901925,0.7150467389139987,2025-11-19,2025-11-17,-0.002301564628449495,0.0030170298337698067,0.001645279480409573,0.00040404912345473127,0.34017215001285495,0.16051979056736343,0.7097584877072145,0.7138657,take_profit,0.7136783608541885,0.7136783608541885,stop_loss,1.0,2,0.00497349460949897,-1.0,diario,cad,1,1,7,0.0002
2025-11-19,0.7150467389139987,0.7128894,0.7137077,0.0029083419309587,0.0004476518291753,44.659145105726296,0.7086268132114687,0.7278868126065926,4,-0.0075282472031733,-0.0170347557943954,0.7121238965023142,2025-11-20,2025-11-18,0.004665547991403989,-0.0030170599998473524,-0.0018726592838287613,0.0006260455503302991,0.44659145105726294,0.33332948619694003,0.7129671385006199,0.7129671385006199,stop_loss,0.7171263393273777,0.7128894,take_profit,1.0,2,0.00497349460949897,-1.0,diario,cad,1,1,7,0.0002
2025-11-20,0.7121238965023142,0.7137077,0.7139541,0.0029960343981827,0.0003492644799059,42.86377030170472,0.7086268132114687,0.7278868126065926,5,0.0091269480004112,-0.0160133714903001,0.7096627865612063,2025-11-21,2025-11-19,-0.004096001452921635,0.0022240561024068567,0.002570063308751589,0.0004904546549011433,0.4286377030170472,0.18157234686782442,0.7099903488126253,0.7099903488126253,stop_loss,0.7142574441920031,0.7096627865612063,cierre_dia,1.0,2,0.00497349460949897,-1.0,diario,cad,1,1,7,0.0002
2025-11-21,0.7096627865612063,0.71315247,0.7120445,0.0030387126017757,0.0001227014295844,41.51725762352024,0.7086268132114687,0.7278868126065926,1,-0.0097317171017257,-0.0251597556756742,0.7094916042389474,2025-11-24,2025-11-20,-0.003461999508855108,0.004917382600408864,0.0033561199542879792,0.00017290103399527398,0.4151725762352024,0.053788856815845755,0.7075063253086715,0.7094916042389474,cierre_dia,0.7118192478137411,0.7094916042389474,cierre_dia,1.0,2,0.00497349460949897,-1.0,diario,cad,1,1,7,0.0002
2025-11-24,0.7094916042389474,0.7120445,0.71169895,0.0029868230366871,-2.6464687936617742e-05,45.23506355812709,0.7086268132114687,0.7278655916763478,2,0.0098315927428302,-0.0081195939135955,0.7087674550274103,2025-11-25,2025-11-21,-0.00024124552508000735,0.003598204328000437,0.0031111654427826495,-3.730091769726536e-05,0.45235063558127087,0.044950412473297965,0.7073724783710704,0.7087674550274103,cierre_dia,0.7116107301068244,0.7087674550274103,cierre_dia,1.0,2,0.00497349460949897,-1.0,diario,cad,1,1,7,0.0002
2025-11-25,0.7087674550274103,0.71169895,0.71158004,0.0029441294813799,-0.0001545291097053,48.939256945328864,0.7086268132114687,0.7278655916763478,3,-0.0093276251287352,-0.0076000213623046,0.7091092034401646,2025-11-26,2025-11-24,-0.0010211805378360645,0.004136046247321471,0.003968276128706918,-0.0002180251203821483,0.48939256945328863,0.007310329821531544,0.7066807518676216,0.7091092034401646,cierre_dia,0.7108541581871991,0.7091092034401646,cierre_dia,1.0,2,0.00497349460949897,-1.0,diario,cad,1,1,7,0.0002
2025-11-26,0.7091092034401646,0.71158004,0.71178496,0.0028981943651119,-0.0001942787494288,50.01293509802564,0.7086268132114687,0.7278655916763478,4,0.0075290032502236,0.0074558592932125,0.7122760904005422,2025-11-27,2025-11-25,0.00048205662647909155,0.003484423200049283,0.0037734054879760316,-0.00027397578325916264,0.5001293509802565,0.02507384913114474,0.7070540671425054,0.71158004,take_profit,0.7111643397378238,0.7111643397378238,stop_loss,1.0,2,0.00497349460949897,-1.0,diario,cad,1,1,7,0.0002
2025-11-27,0.7122760904005422,0.71178496,0.71106845,0.0030207728619015,4.145889728653053e-06,58.23665380332349,0.7086268132114687,0.7278655916763478,5,0.0207846007616192,0.019269153729237,0.7129616172618717,2025-11-28,2025-11-26,0.004456064396298148,-0.0006895225140380305,-0.0016954667113185202,5.820621784905974e-06,0.5823665380332349,0.1896834144504205,0.710124466116479,0.7129616172618717,cierre_dia,0.7144277146846055,0.7129616172618717,cierre_dia,1.0,2,0.00497349460949897,-1.0,diario,cad,1,1,7,0.0002
2025-11-28,0.7129616172618717,0.7121792,0.71255535,0.0029779764883423,0.0001830877512873,52.3280490057845,0.7086268132114687,0.7278655916763478,1,0.0,0.0292368153487824,0.7158503622769765,2025-12-01,2025-11-27,0.0009619825668520144,-0.0010974184906005788,-0.0005698304818033826,0.0002567988891049259,0.523280490057845,0.2253159709862186,0.7108384343285753,0.7158503622769765,cierre_dia,0.715084800195168,0.715084800195168,stop_loss,1.0,2,0.00497349460949897,-1.0,diario,cad,1,1,7,0.0002
2025-12-01,0.7158503622769765,0.71255535,0.7121849,0.0030643147815621,0.0004806246986555,56.70036994939704,0.7086268132114687,0.7278655916763478,2,0.0157438292466849,0.0353399305722826,0.7142857264499277,2025-12-02,2025-11-28,0.004043567652697004,-0.004602934426820306,-0.005120430847191869,0.00067140386312962,0.5670036994939704,0.3754681763550945,0.7136567714304646,0.7142857264499277,cierre_dia,0.7180439531234885,0.7142857264499277,cierre_dia,1.0,2,0.00497349460949897,-1.0,diario,cad,1,1,7,0.0002
2025-12-02,0.7142857264499277,0.7121849,0.71160233,0.0030470951550555,0.0005515975674577,51.794317965919575,0.7086268132114687,0.7278655916763478,3,0.0064394893457422,0.0517936265648081,0.7158400996710343,2025-12-03,2025-12-01,-0.0021880944948387956,-0.002941156979811183,-0.003756754965921716,0.0007722365812896692,0.5179431796591958,0.2941409845115435,0.7121092298735369,0.7158400996710343,cierre_dia,0.7164622230263186,0.7158400996710343,cierre_dia,1.0,2,0.00497349460949897,-1.0,diario,cad,1,1,7,0.0002
2025-12-03,0.7158400996710343,0.71160233,0.71212095,0.003034728742806,0.0006746346144772,54.286722858416574,0.7086268132114687,0.7278655916763478,4,-0.0111754707905999,0.0323032270512749,0.7166865916957013,2025-12-04,2025-12-02,0.00217375814740181,-0.005919994804680364,-0.005195503399074058,0.0009424375845768205,0.5428672285841657,0.37493474301051377,0.7136677191453096,0.7166865916957013,cierre_dia,0.7180124801967592,0.7166865916957013,cierre_dia,1.0,2,0.00497349460949897,-1.0,diario,cad,1,1,7,0.0002
2025-12-04,0.7166865916957013,0.71212095,0.71247137,0.0029953043432139,0.0007771417214705,59.07763668504909,0.7086268132114687,0.7278655916763478,5,0.0280848174419795,0.0398668386998417,0.7163477792309213,2025-12-05,2025-12-03,0.0011818168949903909,-0.006370485716634998,-0.005881541170915272,0.0010843536498035496,0.590776366850491,0.4189340034735523,0.7145398972348719,0.7163477792309213,cierre_dia,0.7188332861565305,0.7163477792309213,cierre_dia,-1.0,2,0.00497349460949897,-1.0,diario,cad,1,1,7,0.0002
2025-12-05,0.7163477792309213,0.717911,0.7183831,0.0029462461401272,0.0007839928412408,56.603562268136,0.7086268132114687,0.7278655916763478,1,-0.0031133561458664,0.0366343973682361,0.722825356406002,2025-12-08,2025-12-04,-0.0004728602160100569,0.002182209276556921,0.002841246707379891,0.0010944304763288344,0.56603562268136,0.40132308990133825,0.7142372423513735,0.717911,take_profit,0.7184583161104692,0.7184583161104692,stop_loss,1.0,2,0.00497349460949897,-1.0,diario,cad,1,1,7,0.0002
2025-12-08,0.722825356406002,0.7183831,0.7188277,0.0035160636008405,0.0011637486785812,70.21471285281442,0.7086268132114687,0.7278655916763478,2,0.0169582697809186,0.0378940929574496,0.7220738095662337,2025-12-09,2025-12-05,0.009001864690756279,-0.006145684246730786,-0.005530597910785786,0.0016099997990766898,0.7021471285281442,0.7380168767187121,0.7202838564805784,0.7220738095662337,cierre_dia,0.7253668563314256,0.7220738095662337,cierre_dia,-1.0,2,0.00497349460949897,-1.0,diario,cad,1,1,7,0.0002
2025-12-09,0.7220738095662337,0.7188277,0.7190702,0.0034526439091625,0.001293328315303,64.11306125289997,0.7086268132114687,0.7278655916763478,3,-0.0032568630065428,0.0278789398225825,0.722256341606277,2025-12-10,2025-12-08,-0.0010402759240822318,-0.004495537053454045,-0.004159698809790687,0.001791130350067581,0.6411306125289997,0.6989527105014925,0.7195807458256691,0.722256341606277,cierre_dia,0.7245668733067983,0.722256341606277,cierre_dia,-1.0,2,0.00497349460949897,-1.0,diario,cad,1,1,7,0.0002
2025-12-10,0.722256341606277,0.7190702,0.7190901,0.0033859335079501,0.0013159725526053,72.8668461427707,0.7086268132114687,0.7262217071743132,4,-0.0233862750952552,0.0154040305815149,0.7251947220232192,2025-12-11,2025-12-09,0.0002527566718273309,-0.004411372282576534,-0.004383819738066223,0.00182202976533043,0.728668461427707,0.7746297547225968,0.7198108296579029,0.7251947220232192,cierre_dia,0.7247018535546511,0.7247018535546511,stop_loss,-1.0,3,0.004849167981004737,-1.0,diario,cad,1,1,7,0.0002
2025-12-11,0.7251947220232192,0.7190901,0.71929497,0.0034406001181277,0.0014432771425054,84.31321004461219,0.7086268132114687,0.7255840666783149,5,0.0066565190818472,-0.0061228836645815,0.725915906989463,2025-12-12,2025-12-10,0.004060081238244803,-0.008417907408630873,-0.008135403973652117,0.0019901925630109443,0.8431321004461219,0.9770396393580552,0.7226996169769605,0.725915906989463,cierre_dia,0.7276898270694779,0.725915906989463,cierre_dia,-1.0,3,0.004849167981004737,-1.0,diario,cad,1,1,7,0.0002
2025-12-12,0.725915906989463,0.7267197,0.72702193,0.0033816331212557,0.0014847215423988,85.42378511760145,0.7086268132114687,0.725915906989463,1,0.0283130759017393,0.025607096641639,0.7263324394238665,2025-12-15,2025-12-11,0.0009939766289375626,0.0011072811641096609,0.0015236241552055384,0.0020453079042671417,0.8542378511760146,1.0,0.723461125715141,0.7263324394238665,cierre_dia,0.7283706882637849,0.7263324394238665,cierre_dia,-1.0,3,0.004849167981004737,-1.0,diario,cad,1,1,7,0.0002
2025-12-15,0.7263324394238665,0.72702193,0.7261656,0.003320181339879,0.0014473516610767,88.39345104814358,0.7086268132114687,0.7263324394238665,2,-0.0267977097951513,-0.0183017048478976,0.7262586141725139,2025-12-16,2025-12-12,0.0005736380376735872,0.0009492768582392586,-0.00022970118751527294,0.0019926848678612683,0.8839345104814358,1.0,0.7239208840119425,0.7262586141725139,cierre_dia,0.7287439948357904,0.7262586141725139,cierre_dia,-1.0,3,0.004849167981004737,-1.0,diario,cad,1,1,7,0.0002
2025-12-16,0.7262586141725139,0.7261656,0.7243754,0.0032584050518946,0.0013279492169602,87.92933973206969,0.7086268132114687,0.7263324394238665,3,0.0103559252025541,-0.0048466814551813,0.7269502289233294,2025-12-17,2025-12-15,-0.00010164629781151694,-0.00012807307300572075,-0.0025930352298259686,0.001828479815655256,0.8792933973206969,0.9958304072125456,0.7238921694351123,0.7269502289233294,cierre_dia,0.7286250589099157,0.7269502289233294,cierre_dia,-1.0,3,0.004849167981004737,-1.0,diario,cad,1,1,7,0.0002
2025-12-17,0.7269502289233294,0.7243754,0.7235645,0.0032065081245138,0.0012092115529916,86.4452101137272,0.7086268132114687,0.7269502289233294,4,-0.0096937077586613,0.0088732384754497,0.7254893736223469,2025-12-18,2025-12-16,0.0009518450239532946,-0.0035419603996038507,-0.004657442543685371,0.0016634034970764609,0.864452101137272,1.0,0.7246192571081695,0.7254893736223469,cierre_dia,0.7292812007384892,0.7254893736223469,cierre_dia,-1.0,3,0.004849167981004737,-1.0,diario,cad,1,1,7,0.0002
2025-12-18,0.7254893736223469,0.7235645,0.7221026,0.0031777981835452,0.00095699333702,79.96051994196667,0.7086268132114687,0.7269502289233294,5,0.0143657579386246,0.0166809402970572,0.7258474420447893,2025-12-19,2025-12-17,-0.0020115890409948805,-0.0026532071899771563,-0.004668260825705537,0.0013191004194062288,0.7996051994196667,0.9202738548339057,0.7231839148086684,0.7258474420447893,cierre_dia,0.7277948324360254,0.7258474420447893,cierre_dia,-1.0,3,0.004849167981004737,-1.0,diario,cad,1,1,7,0.0002
2026-01-09,0.7212873547405213,0.7219339,0.7219819,0.002950655768787,-0.001347619407258,38.23829745885304,0.7086268132114687,0.7316198842104447,1,-0.0108174651551501,0.0206926995470301,0.7187057722335625,2026-01-12,2026-01-08,-0.005808817096574763,0.0008963768118620426,0.0009629244917630783,-0.0018683530196405536,0.3823829745885304,0.5506242089026065,0.7191590840463031,0.7191590840463031,stop_loss,0.7234156254347396,0.7187057722335625,cierre_dia,-1.0,3,0.004849167981004737,-1.0,diario,cad,1,1,7,0.0002
2026-01-12,0.7187057722335625,0.7219819,0.7212031,0.0030023685508584,-0.0015909307985394,32.2228489841317,0.7086268132114687,0.7316198842104447,2,0.0187904518034645,0.0382092836645984,0.72068434964541,2026-01-13,2026-01-09,-0.003585552214625061,0.004558371301591303,0.003474756796061943,-0.002213605149705664,0.322228489841317,0.43834766667500197,0.7165479526256879,0.72068434964541,cierre_dia,0.720863591841437,0.72068434964541,cierre_dia,-1.0,3,0.004849167981004737,-1.0,diario,cad,1,1,7,0.0002
2026-01-13,0.72068434964541,0.7212031,0.7228428,0.003015027597783,-0.0015545519374337,39.55533757537164,0.7086268132114687,0.7316198842104447,3,0.0218749330326478,0.0102118567094879,0.72012389216437,2026-01-14,2026-01-12,0.0027491902687871894,0.0007198024417281589,0.002995001009321287,-0.002157049668413874,0.3955533757537164,0.5243986953494927,0.7185114664419388,0.72012389216437,cierre_dia,0.7228572328488811,0.72012389216437,cierre_dia,-1.0,3,0.004849167981004737,-1.0,diario,cad,1,1,7,0.0002
2026-01-14,0.72012389216437,0.7228428,0.7233313,0.0029684517956626,-0.0015032678215417,31.710387345226508,0.7086268132114687,0.7316198842104447,4,-0.0025094690573744,-0.0067382354779859,0.7202223838817877,2026-01-15,2026-01-13,-0.0007779765454477692,0.003775611204147362,0.004453966700077084,-0.0020875127709255002,0.3171038734522651,0.5000236355297364,0.7179862391035752,0.7202223838817877,cierre_dia,0.7222615452251648,0.7202223838817877,cierre_dia,-1.0,3,0.004849167981004737,-1.0,diario,cad,1,1,7,0.0002
2026-01-15,0.7202223838817877,0.7233313,0.72415334,0.0029197315075082,-0.0013998509289451,18.192735529986635,0.7086268132114687,0.7316198842104447,5,0.0065114238888483,0.0344293008675825,0.7200253655786557,2026-01-16,2026-01-14,0.0001367611652965237,0.004316605798137157,0.005457975489494726,-0.0019436370769265925,0.18192735529986634,0.5043071745760038,0.7181195278951553,0.7200253655786557,cierre_dia,0.7223252398684201,0.7200253655786557,cierre_dia,-1.0,3,0.004849167981004737,-1.0,diario,cad,1,1,7,0.0002
2026-01-16,0.7200253655786557,0.71933657,0.71820825,0.0028727621032463,-0.0012848477220066,14.266795785235274,0.7086268132114687,0.7316198842104447,1,-0.0102032952477668,0.035064811351222,0.7194555039417094,2026-01-19,2026-01-15,-0.0002735894632499567,-0.0009566268239761202,-0.0025236827277541414,-0.001784447858963995,0.14266795785235276,0.49573858001372084,0.7179569039950453,0.7194555039417094,cierre_dia,0.7220938271622661,0.7194555039417094,cierre_dia,-1.0,3,0.004849167981004737,-1.0,diario,cad,1,1,7,0.0002
2026-01-19,0.7194555039417094,0.71820825,0.71685284,0.0028314887802139,-0.0011894766585217,12.72829470270078,0.7086268132114687,0.7316198842104447,2,-0.0271818592347448,-0.0114422998151283,0.7207726521488647,2026-01-20,2026-01-16,-0.0007917599723377091,-0.0017336081729530967,-0.0036175467800997614,-0.001653301214605861,0.1272829470270078,0.4709545206346297,0.7174183737544354,0.7207726521488647,cierre_dia,0.7214926341289835,0.7207726521488647,cierre_dia,-1.0,3,0.004849167981004737,-1.0,diario,cad,1,1,7,0.0002
2026-01-20,0.7207726521488647,0.71685284,0.71793103,0.0028177018951975,-0.0009882745331943,20.415885560288714,0.7086268132114687,0.7316198842104447,3,0.0,-0.0328321298208056,0.7229090135687288,2026-01-21,2026-01-19,0.001829083216850097,-0.005438347497200868,-0.003942466657680204,-0.0013711321180790124,0.20415885560288716,0.5282390915914145,0.7187417296808983,0.7229090135687288,cierre_dia,0.7228035746168311,0.7228035746168311,stop_loss,-1.0,3,0.004849167981004737,-1.0,diario,cad,1,1,7,0.0002
2026-01-21,0.7229090135687288,0.71793103,0.71653557,0.0028514927012925,-0.0006767541455004,30.120286005722065,0.7086268132114687,0.7316198842104447,4,-0.0026813265567879,-0.0329983305906542,0.7223763183833171,2026-01-22,2026-01-20,0.002959603948718543,-0.006886044405719027,-0.008816384149459606,-0.0009361539734572133,0.30120286005722063,0.6211523618526736,0.720847643792839,0.7223763183833171,cierre_dia,0.7249703833446187,0.7223763183833171,cierre_dia,-1.0,3,0.004849167981004737,-1.0,diario,cad,1,1,7,0.0002
2026-01-22,0.7223763183833171,0.71653557,0.71629596,0.0028101865900964,-0.0004812093192162,31.1400247120618,0.7086268132114687,0.7316198842104447,5,-0.0075636001842843,-0.0465135656168101,0.7254735624786116,2026-01-23,2026-01-21,-0.0007371488490982092,-0.008085464922754783,-0.008417161842908957,-0.0006661476947266899,0.311400247120618,0.5979847221130541,0.7203463061403931,0.7254735624786116,cierre_dia,0.7244063306262412,0.7244063306262412,stop_loss,-1.0,3,0.004849167981004737,-1.0,diario,cad,1,1,7,0.0002
2026-01-23,0.7254735624786116,0.7231594,0.72498906,0.0029249322773824,-0.000135855492848,44.86791385110234,0.7086268132114687,0.7316198842104447,1,0.0022663907619747,-0.0345494498094415,0.7298257776000616,2026-01-26,2026-01-22,0.0042784115408246,-0.003189864659857718,-0.0006678430526900588,-0.0001872645674142058,0.44867913851102337,0.7326880897246485,0.7233516014393303,0.7298257776000616,cierre_dia,0.7275955235178928,0.7275955235178928,stop_loss,-1.0,3,0.004849167981004737,-1.0,diario,cad,1,1,7,0.0002
2026-01-26,0.7298257776000616,0.72498906,0.72502613,0.0031643335786119,0.0003656906554386,58.41887734926392,0.7086268132114687,0.7316198842104447,2,0.0289203580782759,0.021162640810507,0.729288233063904,2026-01-27,2026-01-23,0.005981213591724623,-0.006627222206327902,-0.006576429262124173,0.0005010656880894598,0.5841887734926392,0.9219718579365521,0.7275163653854652,0.729288233063904,cierre_dia,0.732135189814658,0.729288233063904,cierre_dia,-1.0,3,0.004849167981004737,-1.0,diario,cad,1,1,7,0.0002
2026-01-27,0.729288233063904,0.72502613,0.7253028,0.0031112916316809,0.0006259567263433,63.327896176695305,0.7086268132114687,0.7316198842104447,3,0.0122742913300002,0.0337739275303055,0.7357539356868912,2026-01-28,2026-01-26,-0.0007368095385937888,-0.005844195574084475,-0.005464825679635985,0.0008583118415520224,0.6332789617669531,0.8985933133227614,0.727019204687289,0.7357539356868912,cierre_dia,0.731557261440519,0.731557261440519,stop_loss,-1.0,3,0.004849167981004737,-1.0,diario,cad,1,1,7,0.0002
2026-01-28,0.7357539356868912,0.7253028,0.7240038,0.0036176308455238,0.0011668537324475,78.57624664427344,0.7086268132114687,0.7357539356868912,4,-0.0263296330609804,0.0096137247170157,0.7386669770932972,2026-01-29,2026-01-27,0.008826701018948665,-0.014204661613035205,-0.015970197530675006,0.0015859293112148141,0.7857624664427344,1.0,0.7330922495544347,0.7386669770932972,cierre_dia,0.7384156218193476,0.7384156218193476,stop_loss,-1.0,3,0.004849167981004737,-1.0,diario,cad,1,1,7,0.0002
2026-01-29,0.7386669770932972,0.7240038,0.7246806,0.0036493494773602,0.0016259080222961,81.78663297692108,0.7086268132114687,0.7386669770932972,5,0.0109207008452449,0.0284492734131671,0.7411799528358151,2026-01-30,2026-01-28,0.003951443134702979,-0.019850863173818584,-0.018934618071508362,0.00220113809431979,0.8178663297692108,1.0,0.7359713231464986,0.7411799528358151,cierre_dia,0.7413626310400958,0.7411799528358151,cierre_dia,-1.0,3,0.004849167981004737,-1.0,diario,cad,1,1,7,0.0002
2026-01-30,0.7411799528358151,0.7380521,0.7394989,0.0036520856155202,0.0019803634694139,91.20779016955264,0.7086268132114687,0.7411799528358151,1,0.046909494425695,0.0754027167055761,0.7333636518932751,2026-02-02,2026-01-29,0.0033962676912255778,-0.004220099078297584,-0.0022680765033960435,0.002671906413330349,0.9120779016955264,1.0,0.7384731001915514,0.7384731001915514,stop_loss,0.7438868054800787,0.7380521,take_profit,-1.0,3,0.004849167981004737,-1.0,diario,cad,1,1,7,0.0002
2026-02-02,0.7333636518932751,0.7394989,0.7398441,0.0042602334465652,0.0015869732921771,69.14894112255061,0.7086268132114687,0.7411799528358151,2,-0.046146118104016,-0.0023684553371519,0.7313309441549681,2026-02-03,2026-01-30,-0.01060175382835192,0.008365901542687423,0.008836609354710648,0.0021639650234643055,0.6914894112255061,0.7598910264036667,0.7302393515349842,0.7313309441549681,cierre_dia,0.736487952251566,0.7313309441549681,cierre_dia,-1.0,3,0.004849167981004737,-1.0,diario,cad,1,1,7,0.0002
2026-02-03,0.7313309441549681,0.7398441,0.7401735,0.0042039422426893,0.0011109485025306,66.20485258357724,0.7087674550274103,0.7411799528358151,3,-0.0163272413557205,-0.0304980541634082,0.7331700805082665,2026-02-04,2026-02-02,-0.002775608032950236,0.011640633988034759,0.012091045669138514,0.0015190776643729592,0.6620485258357723,0.6961354617263397,0.7282564711054492,0.7331700805082665,cierre_dia,0.7344054172044872,0.7331700805082665,cierre_dia,-1.0,3,0.004849167981004737,-1.0,diario,cad,1,1,7,0.0002
2026-02-04,0.7331700805082665,0.7401735,0.7397605,0.0041457877285172,0.0008526439130245,67.82449514106416,0.7087674550274103,0.7411799528358151,4,0.0440057784171301,0.0401475875892254,0.7315717116804732,2026-02-05,2026-02-03,0.0025116231250603646,0.009552243985295292,0.00898893676507473,0.0011629551391859974,0.6782449514106417,0.7528770422169817,0.7301305129855794,0.7315717116804732,cierre_dia,0.7362096480309536,0.7315717116804732,cierre_dia,-1.0,3,0.004849167981004737,-1.0,diario,cad,1,1,7,0.0002
2026-02-05,0.7315717116804732,0.7397605,0.73885393,0.0040785945717797,0.000523025982467,65.30480779770721,0.7087674550274103,0.7411799528358151,5,-0.0397915610591698,-0.0112854834016159,0.7292775815472413,2026-02-06,2026-02-04,-0.0021824590118931435,0.011193418483495777,0.009954209824213977,0.0007149346730009167,0.6530480779770721,0.7035636928650897,0.7285879272683456,0.7292775815472413,cierre_dia,0.7345554960926007,0.7292775815472413,cierre_dia,-1.0,3,0.004849167981004737,-1.0,diario,cad,1,1,7,0.0002
2026-02-06,0.7292775815472413,0.7314921,0.7310726,0.0040441506845508,0.0001203954047959,62.45016490413612,0.7087674550274103,0.7411799528358151,1,-0.0046452431480401,-0.0609667451730612,0.7321233634458483,2026-02-09,2026-02-05,-0.003140819562681378,0.0030365919764876385,0.0024613651895761274,0.00016508858607783899,0.6245016490413612,0.6327845092676752,0.7263282731165995,0.7314921,take_profit,0.7322268899778831,0.7321233634458483,cierre_dia,-1.0,3,0.004849167981004737,-1.0,diario,cad,1,1,7,0.0002
2026-02-09,0.7321233634458483,0.7310726,0.73082185,0.0040474019972261,2.085124722031595e-05,63.85104483827225,0.7087674550274103,0.7411799528358151,2,0.0110612630306836,-0.0056808069601893,0.7373434950677686,2026-02-10,2026-02-06,0.0038945992274075814,-0.0014352273104668279,-0.0017777242345094837,2.848051060981913e-05,0.6385104483827225,0.7205834168195958,0.7291601658824217,0.7373434950677686,cierre_dia,0.7350865610092748,0.7350865610092748,stop_loss,-1.0,3,0.004849167981004737,-1.0,diario,cad,1,1,7,0.0002
2026-02-10,0.7373434950677686,0.73082185,0.7317451,0.0042551759990131,0.0002679719834477,66.38123528986208,0.7087674550274103,0.7411799528358151,3,0.0138038439305857,0.0247350395471152,0.7378984367151931,2026-02-11,2026-02-09,0.007104826557176878,-0.008844785519087336,-0.007592655397677385,0.0003634289652519019,0.6638123528986207,0.8816364665653257,0.7342059687245278,0.7378984367151931,cierre_dia,0.7404810214110094,0.7378984367151931,cierre_dia,-1.0,3,0.004849167981004737,-1.0,diario,cad,1,1,7,0.0002
2026-02-11,0.7378984367151931,0.7317451,0.7323343,0.0041614101738663,0.0004210887939616,67.60666959620912,0.7087674550274103,0.7411799528358151,4,-0.0082764196585656,-0.0274639326272551,0.7366265388850998,2026-02-12,2026-02-10,0.0007523398862845979,-0.008339002238011288,-0.007540518367218957,0.0005706595555834302,0.6760666959620911,0.89875769093701,0.7348277386533665,0.7366265388850998,cierre_dia,0.7409691347770196,0.7366265388850998,cierre_dia,-1.0,3,0.004849167981004737,-1.0,diario,cad,1,1,7,0.0002
2026-02-12,0.7366265388850998,0.7323343,0.7326903,0.0040842033047497,0.0003897147546124,63.1972654409274,0.7087674550274103,0.7411799528358151,5,0.0089489789684389,0.0211121976675739,0.7347160490626524,2026-02-13,2026-02-11,-0.001725163244557621,-0.0058268860250353886,-0.005343601780974841,0.0005290533724215825,0.6319726544092741,0.8595167216784333,0.7336180063406189,0.7347160490626524,cierre_dia,0.7396350714295806,0.7347160490626524,cierre_dia,-1.0,3,0.004849167981004737,-1.0,diario,cad,1,1,7,0.0002
2026-02-13,0.7347160490626524,0.7340158,0.7356646,0.0040320100996794,0.0002027084158948,56.14152776728573,0.7087674550274103,0.7411799528358151,1,-0.0303777584629805,-0.0048283978205112,0.7343276443114479,2026-02-16,2026-02-12,-0.0025969354952459717,-0.0009530880175352092,0.0012910442592859353,0.00027590035109946833,0.5614152776728573,0.8005737227852117,0.7317536665324353,0.7343276443114479,cierre_dia,0.7376784315928695,0.7343276443114479,cierre_dia,-1.0,3,0.004849167981004737,-1.0,diario,cad,1,1,7,0.0002
2026-02-16,0.7343276443114479,0.7356646,0.7373639,0.0039452280168928,2.4631848215855845e-05,56.35262430279843,0.7087674550274103,0.7411799528358151,2,0.0037186207526305,-0.0121088254029491,0.7333421104210083,2026-02-17,2026-02-13,-0.000528785851648467,0.001820652809286094,0.00413474245736591,3.354340314799428e-05,0.5635262430279844,0.7885905441514508,0.7314305543155315,0.7333421104210083,cierre_dia,0.7372247343073643,0.7333421104210083,cierre_dia,-1.0,3,0.004849167981004737,-1.0,diario,cad,1,1,7,0.0002
2026-02-17,0.7333421104210083,0.7373639,0.739089,0.0038706375383722,-0.0001766761716674,46.47227303602888,0.7087674550274103,0.7411799528358151,3,0.0,-0.025651833168118,0.7332614693606682,2026-02-18,2026-02-16,-0.0013429915488681792,0.005484192877840869,0.007836573813676756,-0.00024091916877099973,0.4647227303602888,0.7581845601305558,0.7305036089199436,0.7332614693606682,cierre_dia,0.7361806119220728,0.7332614693606682,cierre_dia,-1.0,3,0.004849167981004737,-1.0,diario,cad,1,1,7,0.0002
2026-02-18,0.7332614693606682,0.739089,0.7410652,0.0037889241552762,-0.0003238414895209,41.37917214817057,0.7087674550274103,0.7411799528358151,4,-0.0279218389891496,-0.0446065155237347,0.7301348815109528,2026-02-19,2026-02-17,-0.00010996981261066366,0.007947411507129739,0.010642493797111558,-0.0004416453107828752,0.4137917214817057,0.7556965982086824,0.7304831972672742,0.7304831972672742,stop_loss,0.7360397414540621,0.7301348815109528,cierre_dia,-1.0,3,0.004849167981004737,-1.0,diario,cad,1,1,7,0.0002
2026-02-19,0.7301348815109528,0.7410652,0.740797,0.0038207801395319,-0.0006230036694693,32.72320891758021,0.7091092034401646,0.7411799528358151,5,0.0280944486087246,-0.0261388364836461,0.7306309727452941,2026-02-20,2026-02-18,-0.004273063282184367,0.014970272980833012,0.014602943591713945,-0.0008532720258208267,0.3272320891758021,0.6556029549356219,0.7273451966564963,0.7306309727452941,cierre_dia,0.7329245663654093,0.7306309727452941,cierre_dia,-1.0,3,0.004849167981004737,-1.0,diario,cad,1,1,7,0.0002
2026-02-20,0.7306309727452941,0.7300755,0.7295728,0.0037443864303842,-0.0007691410948063,44.45588076172975,0.7122760904005422,0.7411799528358151,1,-0.0110210561814048,-0.0071044689004007,0.732681223268856,2026-02-23,2026-02-19,0.0006792207689796352,-0.0007602644371986531,-0.00144829987335202,-0.00105270803387421,0.4445588076172975,0.6350321651943824,0.7278952080453281,0.732681223268856,cierre_dia,0.7333667374452599,0.732681223268856,cierre_dia,-1.0,3,0.004849167981004737,-1.0,diario,cad,1,1,7,0.0002
2026-02-23,0.732681223268856,0.7295728,0.72931623,0.0037190624263668,-0.0007107689600432,52.73752716952275,0.7129616172618717,0.7411799528358151,2,0.0174729526704826,0.0066464966813204,0.7302574902552338,2026-02-24,2026-02-20,0.00280220703518464,-0.00424253163604731,-0.004592711211900674,-0.000970093046566835,0.5273752716952275,0.6988224360473357,0.7299563360608924,0.7302574902552338,cierre_dia,0.7354061104768196,0.7302574902552338,cierre_dia,-1.0,3,0.004849167981004737,-1.0,diario,cad,1,1,7,0.0002
2026-02-24,0.7302574902552338,0.72931623,0.7280314,0.0037105130500936,-0.0008111733498458,44.231805587255096,0.7142857264499277,0.7411799528358151,3,-0.0099966516155551,-0.0033664662098414,0.729910999600179,2026-02-25,2026-02-23,-0.0033135157458168765,-0.0012889429657267823,-0.0030483634675979115,-0.0011108045595838874,0.44231805587255096,0.593873330882914,0.7275478603077131,0.729910999600179,cierre_dia,0.7329671202027545,0.729910999600179,cierre_dia,-1.0,3,0.004849167981004737,-1.0,diario,cad,1,1,7,0.0002
2026-02-25,0.729910999600179,0.7280314,0.72809607,0.0036359969207238,-0.0008714188425552,46.53947749803604,0.7142857264499277,0.7411799528358151,4,0.0256512183547639,0.0514823304021913,0.7312186189564537,2026-02-26,2026-02-24,-0.0004745899722744882,-0.002575107925772607,-0.0024865080827295334,-0.0011938699965235956,0.4653947749803604,0.5809898721775696,0.7272570454532303,0.7312186189564537,cierre_dia,0.7325649537471277,0.7312186189564537,cierre_dia,-1.0,3,0.004849167981004737,-1.0,diario,cad,1,1,7,0.0002
2026-02-26,0.7312186189564537,0.72809607,0.7266277,0.0035854112617843,-0.0007957877718622,54.218070238822506,0.7158400996710343,0.7411799528358151,5,0.0094938683394748,0.0321049231060465,0.731614524304055,2026-03-02,2026-02-25,0.0017898750237680483,-0.004270335677324505,-0.006278449204432932,-0.001088303485759013,0.542180702388225,0.6068906234545033,0.7285968994852208,0.731614524304055,cierre_dia,0.7338403384276866,0.731614524304055,cierre_dia,-1.0,3,0.004849167981004737,-1.0,diario,cad,1,1,7,0.0002
2026-03-02,0.731614524304055,0.7289413,0.7297484,0.0034484365235728,-0.0006227029778615,31.324972207702388,0.7163477792309213,0.7411799528358151,2,0.0041722517020331,0.047905740362085,0.7314753856491583,2026-03-03,2026-02-27,0.0005412857359593317,-0.0036538699209094096,-0.0025506933529377725,-0.0008511353413245088,0.3132497220770239,0.6147969692884669,0.7290915980572685,0.7314753856491583,cierre_dia,0.7341374505508415,0.7314753856491583,cierre_dia,-1.0,3,0.004849167981004737,-1.0,diario,cad,1,1,7,0.0002
2026-03-03,0.7314753856491583,0.7297484,0.7289467,0.0033825385231804,-0.0005484476295107,28.47904563078137,0.7187057722335625,0.7411799528358151,3,-0.0184894982919137,0.0108900581617047,0.7313095856857832,2026-03-04,2026-03-02,-0.00019019836630639988,-0.0023609620816231005,-0.003456966151928947,-0.0007497827545132942,0.2847904563078137,0.5681903888551956,0.7290011419784418,0.7313095856857832,cierre_dia,0.7339496293198748,0.7313095856857832,cierre_dia,-1.0,3,0.004849167981004737,-1.0,diario,cad,1,1,7,0.0002
2026-03-04,0.7313095856857832,0.7289467,0.72820777,0.0033190453420264,-0.0004933494753282,30.758941934297,0.7187057722335625,0.7411799528358151,4,-0.0207411987513938,8.664510643471658e-05,0.732922880835185,2026-03-05,2026-03-03,-0.00022669082241628821,-0.0032310333845377622,-0.004241453614852378,-0.0006746109786945608,0.30758941934297,0.560813035869145,0.7288823360118335,0.732922880835185,cierre_dia,0.7337368353597329,0.732922880835185,cierre_dia,-1.0,3,0.004849167981004737,-1.0,diario,cad,1,1,7,0.0002
2026-03-05,0.732922880835185,0.72820777,0.728582,0.0032940949824102,-0.0003384848785462,43.36821124477252,0.7187057722335625,0.7411799528358151,5,0.0140175238440753,-0.0114806418036698,0.7315342627191446,2026-03-06,2026-03-04,0.0022036061064341266,-0.006433297361124748,-0.005922697938203915,-0.0004618287781662479,0.4336821124477252,0.6325974171533322,0.7305085632509322,0.7315342627191446,cierre_dia,0.7353371984194379,0.7315342627191446,cierre_dia,-1.0,3,0.004849167981004737,-1.0,diario,cad,1,1,7,0.0002
2026-03-06,0.7315342627191446,0.73460203,0.7345457,0.0032581000372927,-0.0003200104824819,40.380721826100846,0.7187057722335625,0.7411799528358151,1,-0.0175745802217061,-0.0378794282579155,0.7351806285356313,2026-03-09,2026-03-05,-0.0018964276808311334,0.004193607103859257,0.0041166045588374185,-0.00043745111991392877,0.40380721826100846,0.5708101537769211,0.7291508509104985,0.73460203,take_profit,0.7339176745277907,0.7339176745277907,stop_loss,-1.0,3,0.004849167981004737,-1.0,diario,cad,1,1,7,0.0002
2026-03-09,0.7351806285356313,0.7345457,0.73436886,0.003379261883506,-6.594099972516323e-05,55.3505840427741,0.7187057722335625,0.7411799528358151,2,0.0006950803071056,-0.0412190767584348,0.7359759928485304,2026-03-10,2026-03-06,0.004972163779711574,-0.0008636361065388486,-0.0011041756326580208,-8.969360340261922e-05,0.553505840427741,0.7330570397043761,0.7326962606601288,0.7359759928485304,cierre_dia,0.7376649964111337,0.7359759928485304,cierre_dia,-1.0,3,0.004849167981004737,-1.0,diario,cad,1,1,7,0.0002
2026-03-10,0.7359759928485304,0.73436886,0.73457384,0.0033246704238313,0.0001406822143965,57.58447624924963,0.7187057722335625,0.7411799528358151,3,0.0075276058723092,-0.0159470466026332,0.7362198290668502,2026-03-11,2026-03-09,0.0010812776543714234,-0.0021836756417966258,-0.001905161122312554,0.00019115054806611537,0.5758447624924963,0.7684471759222657,0.733529115232457,0.7362198290668502,cierre_dia,0.7384228704646038,0.7362198290668502,cierre_dia,-1.0,3,0.004849167981004737,-1.0,diario,cad,1,1,7,0.0002
2026-03-11,0.7362198290668502,0.73457384,0.7357431,0.0032640219470194,0.0002712176184622,70.26625867316774,0.7187057722335625,0.7411799528358151,4,0.0176859480809793,0.0226032459615028,0.7352022137202734,2026-03-12,2026-03-10,0.0003312551454360526,-0.0022357304189109897,-0.0006475363037348572,0.000368392167331278,0.7026625867316774,0.7792967914270625,0.7338167913869452,0.7352022137202734,cierre_dia,0.7386228667467554,0.7352022137202734,cierre_dia,-1.0,3,0.004849167981004737,-1.0,diario,cad,1,1,7,0.0002
2026-03-12,0.7352022137202734,0.7357431,0.7350824,0.0032174969098532,0.0002660987239648,64.71363273701658,0.7187057722335625,0.7411799528358151,5,-0.009957921186447,-0.0016225493888869,0.7335357726672621,2026-03-13,2026-03-11,-0.0013831728480678818,0.0007356972947477924,-0.00016296702871320697,0.00036193950317190435,0.6471363273701658,0.7340174833807948,0.7328367028695112,0.7335357726672621,cierre_dia,0.7375677245710357,0.7335357726672621,cierre_dia,-1.0,3,0.004849167981004737,-1.0,diario,cad,1,1,7,0.0002
2026-03-13,0.7335357726672621,0.7361159,0.7361109,0.0031960826054929,0.0001342096504692,52.82025353093903,0.7187057722335625,0.7411799528358151,1,-0.0035989598931909,0.0124283511321878,0.7293041475167202,2026-03-16,2026-03-12,-0.002269215862250967,0.0035173844669581004,0.0035105681668043233,0.00018296265222511325,0.5282025353093903,0.6598683483131407,0.7311913317437335,0.7311913317437335,stop_loss,0.7358802135907907,0.7293041475167202,cierre_dia,-1.0,3,0.004849167981004737,-1.0,diario,cad,1,1,7,0.0002
2026-03-16,0.7293041475167202,0.7361109,0.73588,0.0033764539477791,-0.0002342326194146,47.18912529306444,0.7187057722335625,0.7411799528358151,2,-0.0190663775889668,-0.0073823205313142,0.7307804854633747,2026-03-17,2026-03-13,-0.0057855092626369715,0.009333215101623597,0.009016611938476577,-0.0003211727510561428,0.47189125293064443,0.47158005316089213,0.7268416856487058,0.7307804854633747,cierre_dia,0.7317666093847348,0.7307804854633747,cierre_dia,-1.0,3,0.004849167981004737,-1.0,diario,cad,1,1,7,0.0002
2026-03-17,0.7307804854633747,0.73588,0.73600477,0.0033432872430592,-0.0003668247638482,52.40349311444167,0.7187057722335625,0.7411799528358151,3,0.0132118762926652,-0.0017239465889763,0.7304868645113873,2026-03-18,2026-03-16,0.0020222642118646974,0.006978175578117363,0.0071489108433329925,-0.0005019629986638232,0.5240349311444167,0.5372704546390442,0.7283372763888484,0.7304868645113873,cierre_dia,0.733223694537901,0.7304868645113873,cierre_dia,-1.0,3,0.004849167981004737,-1.0,diario,cad,1,1,7,0.0002
2026-03-18,0.7304868645113873,0.73600477,0.73622453,0.0032817610093253,-0.000456758493643,47.857104407988686,0.7187057722335625,0.7411799528358151,4,-0.011114142119103,-0.0300643253670674,0.7283639784649808,2026-03-19,2026-03-17,-0.000401871643740056,0.007553736770206664,0.007854577224260561,-0.0006252795441414535,0.4785710440798869,0.5242056423024404,0.7280895812016096,0.7283639784649808,cierre_dia,0.7328841478211651,0.7283639784649808,cierre_dia,-1.0,3,0.004849167981004737,-1.0,diario,cad,1,1,7,0.0002
2026-03-19,0.7283639784649808,0.73622453,0.7367093,0.0032804377786484,-0.0006309386606781,42.56482058139967,0.7187057722335625,0.7411799528358151,5,-0.0305861588241427,-0.0498674351096044,0.7280245892704521,2026-03-20,2026-03-18,-0.0029103558531168258,0.010792065186399273,0.011457625283181751,-0.0008662408896274584,0.4256482058139967,0.4297467570608687,0.7259746257534176,0.7280245892704521,cierre_dia,0.730753331176544,0.7280245892704521,cierre_dia,-1.0,3,0.004849167981004737,-1.0,diario,cad,1,1,7,0.0002
2026-03-20,0.7280245892704521,0.72900295,0.7280516,0.0032214992052465,-0.0007335354109293,40.62206791063235,0.7187057722335625,0.7411799528358151,1,-0.0220268873083426,-0.0672160684254967,0.7294052300164148,2026-03-23,2026-03-19,-0.0004660695753743399,0.0013438567102909825,3.710139732365812e-05,-0.0010075695542981183,0.40622067910632353,0.4146454636907034,0.7256792586347174,0.72900295,take_profit,0.7303699199061867,0.7294052300164148,cierre_dia,-1.0,3,0.004849167981004737,-1.0,diario,cad,1,1,7,0.0002
2026-03-23,0.7294052300164148,0.7280516,0.728469,0.0031916753207285,-0.0006744466030811,44.92156734185995,0.7187057722335625,0.7411799528358151,2,-0.0167977362357491,-0.0650975140132718,0.7282949877523692,2026-03-24,2026-03-20,0.0018946245516427414,-0.0018557997128486321,-0.0012835526506900308,-0.0009246528203066518,0.44921567341859947,0.4760777699623851,0.7270772053449611,0.7282949877523692,cierre_dia,0.7317332546878684,0.7282949877523692,cierre_dia,-1.0,3,0.004849167981004737,-1.0,diario,cad,1,1,7,0.0002
2026-03-24,0.7282949877523692,0.728469,0.7280943,0.0031507994760794,-0.0006745390870399,42.93219874281656,0.7187057722335625,0.7411799528358151,3,0.0179933707470358,-0.0606165787146914,0.7268920873981922,2026-03-25,2026-03-23,-0.0015232795676287914,0.00023893099713322835,-0.00027555833246718965,-0.0009261893853226036,0.4293219874281656,0.42667698051005387,0.7260002762865277,0.7268920873981922,cierre_dia,0.7305896992182106,0.7268920873981922,cierre_dia,-1.0,3,0.004849167981004737,-1.0,diario,cad,1,1,7,0.0002
2026-03-25,0.7268920873981922,0.7280943,0.7278986,0.0031217892134566,-0.0007288597545943,35.71977006797951,0.7187057722335625,0.7411799528358151,4,-0.0031301298885793,-0.0530865099092448,0.723892797417647,2026-03-26,2026-03-24,-0.0019281380556021794,0.001653907949542966,0.0013846795408248283,-0.0010027069591624677,0.3571977006797951,0.3642542217449849,0.7246228835204056,0.7246228835204056,stop_loss,0.7291612912759788,0.723892797417647,cierre_dia,-1.0,3,0.004849167981004737,-1.0,diario,cad,1,1,7,0.0002
2026-03-26,0.723892797417647,0.7278986,0.7274792,0.0031926919660028,-0.0009145386555815,33.18824570418258,0.7187057722335625,0.7411799528358151,5,0.0194499438274912,-0.004501277604227,0.7219226190845018,2026-03-27,2026-03-25,-0.004134719467923693,0.0055336958685635535,0.004954328313732105,-0.001263362004490094,0.3318824570418258,0.23079930146884378,0.7215816306990844,0.7219226190845018,cierre_dia,0.7262039641362096,0.7219226190845018,cierre_dia,-1.0,4,0.004771936522805693,-1.0,diario,cad,1,1,7,0.0002
2026-03-27,0.7219226190845018,0.7231901,0.72234416,0.0031884358302822,-0.0011050568379104,18.508841472827243,0.7187057722335625,0.7411799528358151,1,-0.0150337638464528,0.0024847665319124,0.719450320787434,2026-03-30,2026-03-26,-0.002725354191310033,0.001755701902103374,0.000583914264984172,-0.0015307136924339142,0.18508841472827242,0.14313522294187422,0.7196208151391217,0.7196208151391217,stop_loss,0.7242244230298821,0.719450320787434,cierre_dia,-1.0,4,0.004771936522805693,-1.0,diario,cad,1,1,7,0.0002
2026-03-30,0.719450320787434,0.72234416,0.72145784,0.0032156668738179,-0.0013181463850878,13.643568105461725,0.7187057722335625,0.7411799528358151,2,0.0037568529861707,0.0233036580124928,0.7179627016823571,2026-03-31,2026-03-27,-0.0034304802778214617,0.0040222919205856215,0.0027903514037895152,-0.001832157616727583,0.13643568105461726,0.03312906339272229,0.7171368082235201,0.7179627016823571,cierre_dia,0.7217638333513479,0.7179627016823571,cierre_dia,-1.0,4,0.004771936522805693,-1.0,diario,cad,1,1,7,0.0002
2026-03-31,0.7179627016823571,0.72145784,0.7210663,0.0031874172664252,-0.0014683684724074,11.918437234117832,0.7179627016823571,0.7411799528358151,3,0.0016448554664745,0.0067101715386548,0.7192743846611193,2026-04-01,2026-03-30,-0.0020698569067350587,0.0048681335526942855,0.004322784888923178,-0.0020451876803163505,0.11918437234117832,0.0,0.7156742549703654,0.7192743846611193,cierre_dia,0.7202511483943488,0.7192743846611193,cierre_dia,0.0,4,0.004771936522805693,-1.0,diario,cad,1,1,7,0.0002
2026-04-01,0.7192743846611193,0.7210663,0.72078675,0.0031572386829052,-0.0013893199357062,17.17962286958766,0.7179627016823571,0.7411799528358151,4,0.0201571002328112,0.0304287612338127,0.7206480070045895,2026-04-02,2026-03-31,0.0018252845760794974,0.002491282015729,0.0021026264401078484,-0.0019315576438340254,0.1717962286958766,0.05649604985932204,0.7170034637502444,0.7206480070045895,cierre_dia,0.7215453055719943,0.7206480070045895,cierre_dia,-1.0,4,0.004771936522805693,-1.0,diario,cad,1,1,7,0.0002
2026-04-02,0.7206480070045895,0.72078675,0.7201008,0.0031307910060967,-0.0011635935017762,23.11950136341207,0.7179627016823571,0.7411799528358151,5,0.0065111903881707,0.0171821794848242,0.7185456484113223,2026-04-03,2026-04-01,0.0019079122154095677,0.000192525330066746,-0.0007593263275146475,-0.001614648886094525,0.2311950136341207,0.11565991617541194,0.7183918087056981,0.7185456484113223,cierre_dia,0.722904205303481,0.7185456484113223,cierre_dia,-1.0,4,0.004771936522805693,-1.0,diario,cad,1,1,7,0.0002
2026-04-03,0.7185456484113223,0.71920663,0.71804184,0.0031378767116285,-0.0010769420740442,25.37319498480285,0.7179627016823571,0.7411799528358151,1,-0.0109055999591873,0.0213899534395399,0.7170669131027984,2026-04-06,2026-04-02,-0.002921580540282332,0.0009198880963778332,-0.0007011501808356228,-0.0014987803160805147,0.2537319498480285,0.025108344011619606,0.7162909407549304,0.7170669131027984,cierre_dia,0.7208003560677142,0.7170669131027984,cierre_dia,0.0,4,0.004771936522805693,-1.0,diario,cad,1,1,7,0.0002
2026-04-06,0.7170669131027984,0.71804184,0.7182365,0.0031128620593836,-0.0010397498269285,18.61231226628162,0.7170669131027984,0.7411799528358151,2,0.0,0.0175599404455073,0.7188245722155536,2026-04-07,2026-04-03,-0.002060076473464759,0.001359603796224696,0.0016310707910658132,-0.001450003908881293,0.1861231226628162,0.0,0.7148347827149614,0.71804184,take_profit,0.7192990434906354,0.7188245722155536,cierre_dia,0.0,4,0.004771936522805693,-1.0,diario,cad,1,1,7,0.0002
2026-04-07,0.7188245722155536,0.7182365,0.71760625,0.0031070100015435,-0.0008265983837567,24.98382426455593,0.7170669131027984,0.7411799528358151,3,0.0036782360700273,0.0196311321382333,0.7224389659536988,2026-04-08,2026-04-06,0.002448179418314519,-0.0008181025500297242,-0.00169488114714627,-0.0011499306168805097,0.24983824264555932,0.07289247362490772,0.7165911770803247,0.7224389659536988,cierre_dia,0.7210579673507826,0.7210579673507826,stop_loss,0.0,4,0.004771936522805693,-1.0,diario,cad,1,1,7,0.0002
2026-04-08,0.7224389659536988,0.71760625,0.7179741,0.0032466871447301,-0.0003939564252183,38.054896901795296,0.7170669131027984,0.7411799528358151,4,-0.0070093808000449,-0.0076957889071165,0.7219955654025659,2026-04-09,2026-04-07,0.0050156008522675615,-0.006689445311576063,-0.006180267350065716,-0.0005453144746950827,0.38054896901795293,0.222786214860535,0.7200934326500849,0.7219955654025659,cierre_dia,0.7247844992573128,0.7219955654025659,cierre_dia,0.0,4,0.004771936522805693,-1.0,diario,cad,1,1,7,0.0002
2026-04-09,0.7219955654025659,0.7179741,0.7181871,0.0031896029698332,-0.0001044829156715,37.89596744977948,0.7170669131027984,0.7411799528358151,5,0.0380442473140937,0.0240931636695196,0.7234476734193043,2026-04-10,2026-04-08,-0.0006139434573666765,-0.005569930890536312,-0.00527491522810457,-0.0001447140684489427,0.3789596744977948,0.20439780112081993,0.7196926862029516,0.7234476734193043,cierre_dia,0.7242984446021804,0.7234476734193043,cierre_dia,-1.0,4,0.004771936522805693,-1.0,diario,cad,1,1,7,0.0002
2026-04-10,0.7234476734193043,0.72227114,0.7231636,0.0031644455461387,0.0002012857702257,38.07367079770164,0.7170669131027984,0.7411799528358151,1,-0.00199867658502,0.0332554262189454,0.7208402249875916,2026-04-13,2026-04-09,0.0020092224533593147,-0.0016262868242335595,-0.00039266615920071827,0.00027823127728691504,0.38073670797701636,0.2646186622323307,0.7211583626512882,0.7211583626512882,stop_loss,0.7257369841873204,0.72227114,take_profit,-1.0,4,0.004771936522805693,-1.0,diario,cad,1,1,7,0.0002
2026-04-13,0.7208402249875916,0.7231636,0.72389793,0.0032024071650714,0.0002417088775334,35.92043399290877,0.7170669131027984,0.7411799528358151,2,0.0210878305979878,0.0552759076727407,0.7254261959152161,2026-04-14,2026-04-10,-0.003610708456964037,0.003223148392486585,0.0042418623523140155,0.000335315468192082,0.3592043399290877,0.15648428927136235,0.7185318010862197,0.7231636,take_profit,0.7231486488889635,0.7231486488889635,stop_loss,-1.0,4,0.004771936522805693,-1.0,diario,cad,1,1,7,0.0002
2026-04-14,0.7254261959152161,0.72389793,0.724439,0.0034384867096788,0.0005722157856474,47.528571562865935,0.7170669131027984,0.7411799528358151,3,0.0178115957100108,0.0702963965508877,0.7264221315116712,2026-04-15,2026-04-13,0.006341827800898582,-0.0021067145408058276,-0.001360849554061856,0.000788799451783621,0.47528571562865934,0.3466706356798222,0.7229318275817087,0.7264221315116712,cierre_dia,0.7279205642487234,0.7264221315116712,cierre_dia,-1.0,4,0.004771936522805693,-1.0,diario,cad,1,1,7,0.0002
2026-04-15,0.7264221315116712,0.724439,0.72445,0.0033861361165218,0.0008368040186087,54.57327680749029,0.7170669131027984,0.7411799528358151,4,0.0156895372913926,0.0948687951719258,0.7282631843369826,2026-04-16,2026-04-14,0.001371955642829275,-0.0027299987509250526,-0.0027148560404777642,0.0011519528140852841,0.5457327680749029,0.3879734165603051,0.7239623672963188,0.7282631843369826,cierre_dia,0.7288818957270236,0.7282631843369826,cierre_dia,-1.0,4,0.004771936522805693,-1.0,diario,cad,1,1,7,0.0002
2026-04-16,0.7282631843369826,0.72445,0.7253946,0.0033686188345064,0.0010982317122291,61.51812855845514,0.7170669131027984,0.7411799528358151,5,0.0002470874559217,0.0542581818823075,0.7299056647033094,2026-04-17,2026-04-15,0.002531205599207232,-0.005235997670888829,-0.003938939107012728,0.0015080148713393223,0.6151812855845514,0.46432433895315767,0.7258099432577474,0.7299056647033094,cierre_dia,0.7307164254162177,0.7299056647033094,cierre_dia,-1.0,4,0.004771936522805693,-1.0,diario,cad,1,1,7,0.0002
2026-04-17,0.7299056647033094,0.7271517,0.72580993,0.0033423503748336,0.0013287984466796,69.58335329417675,0.7170669131027984,0.7411799528358151,1,-0.0009061811693833,0.0554105834950304,0.7296607245263311,2026-04-20,2026-04-16,0.0022527995465746724,-0.0037730419648529375,-0.005611320614937547,0.0018205071024071683,0.6958335329417674,0.5324401959547077,0.7274660642312952,0.7296607245263311,cierre_dia,0.7323452651753236,0.7296607245263311,cierre_dia,-1.0,4,0.004771936522805693,-1.0,diario,cad,1,1,7,0.0002
2026-04-20,0.7296607245263311,0.72580993,0.7262212,0.0032800526402525,0.0014044560704218,72.98074775617444,0.7170669131027984,0.7411799528358151,2,0.0060804956810176,0.03968994091703,0.732922880835185,2026-04-21,2026-04-17,-0.0003356341733889009,-0.0052775137771474195,-0.004713868255090651,0.0019248070003130854,0.7298074775617444,0.5222821992985288,0.72726739894036,0.732922880835185,cierre_dia,0.7320540501123023,0.7320540501123023,stop_loss,-1.0,4,0.004771936522805693,-1.0,diario,cad,1,1,7,0.0002
2026-04-21,0.732922880835185,0.7262212,0.72462875,0.0033649655897286,0.0015996672320375,74.90395870601643,0.7170669131027984,0.7411799528358151,3,-0.0111208553845339,0.0100401513495226,0.7321930814165356,2026-04-22,2026-04-20,0.004460820846539458,-0.009143773527097724,-0.011316512353569248,0.0021825860180741483,0.7490395870601643,0.6575681833541661,0.7304566205612498,0.7321930814165356,cierre_dia,0.7353891411091201,0.7321930814165356,cierre_dia,-1.0,4,0.004771936522805693,-1.0,diario,cad,1,1,7,0.0002
2026-04-22,0.7321930814165356,0.72462875,0.7256404,0.0033075747021184,0.0016011756895984,71.5727723340658,0.7170669131027984,0.7411799528358151,4,-0.0057320440236596,-0.0113664061402142,0.731544980258525,2026-04-23,2026-04-21,-0.0009962344248672348,-0.010331061039119965,-0.00894938996672642,0.002186821659801386,0.715727723340658,0.62730242562599,0.7297712981033762,0.731544980258525,cierre_dia,0.7346148647296952,0.731544980258525,cierre_dia,-1.0,4,0.004771936522805693,-1.0,diario,cad,1,1,7,0.0002
2026-04-23,0.731544980258525,0.7256404,0.72595763,0.003251019068712,0.0014827603579155,75.68613338193484,0.7170669131027984,0.7411799528358151,5,0.0195526182302608,0.0079051150601304,0.7300122504025088,2026-04-24,2026-04-22,-0.000885542594446914,-0.008071383739709857,-0.007637739864677116,0.002026888842011463,0.7568613338193484,0.6004248040077083,0.729166713578084,0.7300122504025088,cierre_dia,0.733923246938966,0.7300122504025088,cierre_dia,-1.0,4,0.004771936522805693,-1.0,diario,cad,1,1,7,0.0002
2026-04-24,0.7300122504025088,0.728297,0.7274981,0.0032221948187052,0.0012355521981633,75.5249767417538,0.7170669131027984,0.7378984367151931,1,-0.0072977855745626,0.0014835282694509,0.7312079747146595,2026-04-27,2026-04-23,-0.002097393637064477,-0.0023496186558008016,-0.0034439838524936576,0.001692508855135034,0.755249767417538,0.6214301719154154,0.7276600087116706,0.7312079747146595,cierre_dia,0.7323644920933471,0.7312079747146595,cierre_dia,-1.0,4,0.004771936522805693,-1.0,diario,cad,1,1,7,0.0002
2026-04-27,0.7312079747146595,0.7274981,0.72797877,0.0031848791089102,0.0010918857465952,74.97032142383796,0.7170669131027984,0.7378984367151931,2,-0.0085958122251271,-0.0131072212920548,0.734133563767586,2026-04-28,2026-04-24,0.0016366110439648715,-0.005073624526738997,-0.0044162602519749895,0.0014932629078905882,0.7497032142383796,0.6788299250203297,0.7288791657117223,0.734133563767586,cierre_dia,0.7335367837175967,0.7335367837175967,stop_loss,-1.0,4,0.004771936522805693,-1.0,diario,cad,1,1,7,0.0002
2026-04-28,0.734133563767586,0.72797877,0.72905344,0.0032485098785657,0.0011285557625639,74.25516618466531,0.7170669131027984,0.7378984367151931,3,-0.0009134808991143,-0.0029820493238921,0.7310475837569654,2026-04-29,2026-04-27,0.0039930526274478155,-0.008383752046425285,-0.006919890355529652,0.0015372621798847238,0.7425516618466531,0.8192703991480015,0.7317487236335003,0.7317487236335003,stop_loss,0.7365184039016717,0.7310475837569654,cierre_dia,-1.0,4,0.004771936522805693,-1.0,diario,cad,1,1,7,0.0002
2026-04-29,0.7310475837569654,0.72905344,0.73069155,0.0033143363657062,0.0008901183794752,66.91965006542178,0.7170669131027984,0.7378984367151931,4,-0.0173479961339073,-0.0144963577952682,0.7314593125164475,2026-04-30,2026-04-28,-0.004212427356315303,-0.002727789272918697,-0.0004870185811103515,0.0012175929436778184,0.6691965006542178,0.6711304902272542,0.7286246461650581,0.7314593125164475,cierre_dia,0.7334705213488728,0.7314593125164475,cierre_dia,-1.0,4,0.004771936522805693,-1.0,diario,cad,1,1,7,0.0002
2026-04-30,0.7314593125164475,0.73069155,0.73020357,0.0032551630201692,0.0007129351325769,65.58100379727381,0.7170669131027984,0.7378984367151931,5,-0.0061053782620621,-0.0394607688453917,0.7363987234573749,2026-05-01,2026-04-29,0.0005630452361057363,-0.0010496312006831375,-0.0017167633181499867,0.0009746750371174871,0.6558100379727381,0.6908951875745503,0.7290782932115856,0.7363987234573749,cierre_dia,0.7338403318213094,0.7338403318213094,stop_loss,-1.0,4,0.004771936522805693,-1.0,diario,cad,1,1,7,0.0002
2026-05-01,0.7363987234573749,0.7294938,0.7313275,0.0035175439010529,0.0008707542060865,77.74181685513831,0.7170669131027984,0.7378984367151931,1,0.0080478443767945,-0.0246070106010816,0.7359380916336186,2026-05-04,2026-04-30,0.006730118940486107,-0.00937660975966453,-0.0068865185338258025,0.0011824493692742014,0.7774181685513831,0.9280075098815219,0.7338084086189343,0.7359380916336186,cierre_dia,0.7389890382958155,0.7359380916336186,cierre_dia,-1.0,4,0.004771936522805693,-1.0,diario,cad,1,1,7,0.0002
2026-05-04,0.7359380916336186,0.7313275,0.7315278,0.0034502746694948,0.0008836703686085,71.97646172905661,0.7170669131027984,0.7378984367151931,2,0.001011982177909,-0.0151904716480389,0.7341550875106674,2026-05-05,2026-05-01,-0.0006257153038135083,-0.006264917777776739,-0.005992748145198936,0.0012007400875893633,0.7197646172905661,0.9058952615252732,0.7333989030777388,0.7341550875106674,cierre_dia,0.7384772801894984,0.7341550875106674,cierre_dia,-1.0,4,0.004771936522805693,-1.0,diario,cad,1,1,7,0.0002
2026-05-05,0.7341550875106674,0.7315278,0.73140115,0.0034222873665954,0.0007186823328271,65.6516475115053,0.7170669131027984,0.7378984367151931,3,-0.0233659613274749,-0.0370555076314941,0.7351049293240127,2026-05-06,2026-05-04,-0.002425703380599048,-0.0035786546403647392,-0.003751165874236771,0.0009789244058281588,0.6565164751150531,0.8203036285690406,0.7316425978295579,0.7351049293240127,cierre_dia,0.7366675771917769,0.7351049293240127,cierre_dia,-1.0,4,0.004771936522805693,-1.0,diario,cad,1,1,7,0.0002
2026-05-06,0.7351049293240127,0.73140115,0.73118055,0.0033689966023329,0.0006236021584086,64.36609912706126,0.7170669131027984,0.7366265388850998,4,0.0252185394683388,0.0048185987204042,0.7333044799925451,2026-05-07,2026-05-05,0.0012929528263005059,-0.0050384362507521025,-0.005338529463571223,0.0008483172041602982,0.6436609912706126,0.9222066118226108,0.732628363314762,0.7333044799925451,cierre_dia,0.7375814953332634,0.7333044799925451,cierre_dia,-1.0,4,0.004771936522805693,-1.0,diario,cad,1,1,7,0.0002
2026-05-07,0.7333044799925451,0.73118055,0.73233926,0.0033458291809357,0.0004003846658665,57.08970158727862,0.7170669131027984,0.7363987234573749,5,0.0320404983590366,0.0438887297223548,0.7320268920973878,2026-05-08,2026-05-06,-0.0024522455689751552,-0.0028963821311533003,-0.0013162608696388653,0.0005460005724642107,0.5708970158727862,0.8399403155691902,0.7308509684648752,0.7320268920973878,cierre_dia,0.735757991520215,0.7320268920973878,cierre_dia,-1.0,4,0.004771936522805693,-1.0,diario,cad,1,1,7,0.0002
2026-05-08,0.7320268920973878,0.7341534,0.7338253,0.0033032939446913,0.000141009852288,54.73181751831469,0.7170669131027984,0.7363987234573749,1,-0.0014676820261337,0.0340026889881597,0.7308339022412358,2026-05-11,2026-05-07,-0.0017437533150780275,0.0029049587188242857,0.002456751141285874,0.0001926293334442695,0.547318175183147,0.7738529770466056,0.7296087920973713,0.7308339022412358,cierre_dia,0.7344449920974043,0.7308339022412358,cierre_dia,-1.0,4,0.004771936522805693,-1.0,diario,cad,1,1,7,0.0002
2026-05-11,0.7308339022412358,0.7338253,0.73553497,0.0032598938345628,-0.0001223533540717,45.445587529333935,0.7170669131027984,0.7363987234573749,2,0.0196346167870453,0.0534389588166078,0.7310796308332884,2026-05-12,2026-05-08,-0.001631037109263036,0.0040931294369220645,0.006432470831398951,-0.00016741608961554885,0.45445587529333936,0.7121417438888898,0.7284514613092301,0.7310796308332884,cierre_dia,0.7332163431732414,0.7310796308332884,cierre_dia,-1.0,4,0.004771936522805693,-1.0,diario,cad,1,1,7,0.0002
2026-05-12,0.7310796308332884,0.73553497,0.7339395,0.0032012552625663,-0.0002823159549952,47.52009909797218,0.7170669131027984,0.7363987234573749,3,0.0259836550414483,0.1067298960684262,0.7300708921606444,2026-05-13,2026-05-11,0.0003361739101629274,0.006094191355917511,0.00391184358870983,-0.00038616307046253606,0.4752009909797218,0.7248528447917837,0.7287392583177283,0.7300708921606444,cierre_dia,0.7334200033488485,0.7300708921606444,cierre_dia,-1.0,4,0.004771936522805693,-1.0,diario,cad,1,1,7,0.0002
2026-05-13,0.7300708921606444,0.7339395,0.7323738,0.0031567534224323,-0.0004484972707685,46.76878699902852,0.7170669131027984,0.7363987234573749,4,0.0110867207696673,0.0911997826591739,0.7296766552404175,2026-05-14,2026-05-12,-0.0013807459492086304,0.005298948199272082,0.00315436194496147,-0.0006143201647735504,0.4676878699902852,0.6726725960648322,0.7277662383731981,0.7296766552404175,cierre_dia,0.7323755459480907,0.7296766552404175,cierre_dia,-1.0,4,0.004771936522805693,-1.0,diario,cad,1,1,7,0.0002
2026-05-14,0.7296766552404175,0.7323738,0.7311927,0.003102482292539,-0.0005696265751056,49.22572742646119,0.7170669131027984,0.7363987234573749,5,0.0229421776398646,0.0813167248586991,0.7286664650268053,2026-05-15,2026-05-13,-0.0005401439865596621,0.0036963561054229204,0.00207769393291477,-0.0007806561591557519,0.4922572742646119,0.6522794247582682,0.727412846338255,0.7286664650268053,cierre_dia,0.73194046414258,0.7286664650268053,cierre_dia,-1.0,4,0.004771936522805693,-1.0,diario,cad,1,1,7,0.0002
2026-05-15,0.7286664650268053,0.73068273,0.7312309,0.0030620079388498,-0.0006941787592033,44.08569088635169,0.7170669131027984,0.7363987234573749,1,-0.0103007559935629,0.0718074342083402,0.7266755401052425,2026-05-18,2026-05-14,-0.0013853946456717319,0.002767061570646666,0.0035193536360979072,-0.0009526701069984926,0.4408569088635169,0.6000240904112187,0.7264352825261197,0.7266755401052425,cierre_dia,0.730897647527491,0.7266755401052425,cierre_dia,-1.0,4,0.004771936522805693,-1.0,diario,cad,1,1,7,0.0002
2026-05-18,0.7266755401052425,0.7312309,0.7291833,0.0030650888239475,-0.0008753531307958,31.85523190466951,0.7170669131027984,0.7363987234573749,2,-0.0493118043030063,0.0004000731623398,0.727870896792906,2026-05-19,2026-05-15,-0.0027360251494421566,0.006268767342984719,0.003451003585994234,-0.0012045996906253718,0.31855231904669506,0.4970371023823657,0.7244482150286299,0.727870896792906,cierre_dia,0.728902865181855,0.727870896792906,cierre_dia,-1.0,4,0.004771936522805693,-1.0,diario,cad,1,1,7,0.0002
2026-05-19,0.727870896792906,0.7291833,0.72979826,0.0030347772242809,-0.0008771835772039,41.48835134184645,0.7170669131027984,0.7363987234573749,3,0.003273801195157,-0.0220628361874914,0.7274261672162868,2026-05-20,2026-05-18,0.0016436147055079965,0.0018030714140057607,0.0026479465185190025,-0.0012051362144974956,0.4148835134184645,0.558870767504188,0.7256619707731019,0.7274261672162868,cierre_dia,0.73007982281271,0.7274261672162868,cierre_dia,-1.0,4,0.004771936522805693,-1.0,diario,cad,1,1,7,0.0002
2026-05-20,0.7274261672162868,0.72979826,0.7299989,0.0029853656073581,-0.0008691759657878,39.21262480063411,0.7170669131027984,0.7363987234573749,4,-0.0172071264664082,-0.0493446669349503,0.7273943765598977,2026-05-21,2026-05-19,-0.0006111873671180066,0.0032609395848251076,0.003536761391961608,-0.0011948648604626928,0.3921262480063411,0.5358657013224873,0.725254534154787,0.7273943765598977,cierre_dia,0.7295978002777868,0.7273943765598977,cierre_dia,-1.0,4,0.004771936522805693,-1.0,diario,cad,1,1,7,0.0002
2026-05-21,0.7273943765598977,0.7299989,0.728897,0.0029352252271275,-0.0008270879975139,17.3429001837617,0.7170669131027984,0.7363987234573749,5,0.0201524544565522,-0.0519930363306009,0.7259054165683777,2026-05-22,2026-05-20,-4.3703887094842006e-05,0.0035806208076834675,0.0020657616947889475,-0.0011370558037931064,0.173429001837617,0.5342212274834599,0.7252593102357484,0.7259054165683777,cierre_dia,0.729529442884047,0.7259054165683777,cierre_dia,-1.0,4,0.004771936522805693,-1.0,diario,cad,1,1,7,0.0002
2026-05-22,0.7259054165683777,0.7284145,0.72818166,0.0029193098423524,-0.0008569534845576,16.139068967320327,0.7170669131027984,0.7363987234573749,1,-0.0053397527463154,-0.0472782854279293,0.7245274049383656,2026-05-25,2026-05-21,-0.0020490755170217553,0.003456488096594764,0.0031357300547265377,-0.0011805305002526843,0.16139068967320327,0.4571999881783941,0.7237862737411727,0.7245274049383656,cierre_dia,0.7280245593955826,0.7245274049383656,cierre_dia,-1.0,4,0.004771936522805693,-1.0,diario,cad,1,1,7,0.0002
2026-05-25,0.7245274049383656,0.72818166,0.72736204,0.0028993776809763,-0.0009213187696719,16.59267145880709,0.7170669131027984,0.7363987234573749,2,0.013493345180274,0.0144765058069405,0.7244224773003971,2026-05-26,2026-05-22,-0.0019001390815095883,0.005043639532096326,0.003912391777472561,-0.0012716134177840727,0.1659267145880709,0.3859179093281932,0.7224267263512317,0.7244224773003971,cierre_dia,0.7266280835254996,0.7244224773003971,cierre_dia,-1.0,4,0.004771936522805693,-1.0,diario,cad,1,1,7,0.0002
2026-05-26,0.7244224773003971,0.72736204,0.7279002,0.0028520954355225,-0.000920588607185,10.623850909918175,0.7170669131027984,0.7363987234573749,3,0.0,0.0111607419470815,0.7242283443533881,2026-05-27,2026-05-25,-0.00014483266735197732,0.004057801616754619,0.004800683038663888,-0.0012707896787184567,0.10623850909918175,0.38049019014183655,0.7223563552594988,0.7242283443533881,cierre_dia,0.7264885993412954,0.7242283443533881,cierre_dia,-1.0,4,0.004771936522805693,-1.0,diario,cad,1,1,7,0.0002
2026-05-27,0.7242283443533881,0.7279002,0.7273421,0.0028066609038241,-0.0008826908223454,12.050914701332104,0.7170669131027984,0.7363987234573749,4,0.0029914299727304,0.031792392602581,0.7223815437831552,2026-05-28,2026-05-26,-0.0002680189667092503,0.0050700247722149224,0.00429941146447661,-0.0012188018174481858,0.12050914701332104,0.3704480397457653,0.7221956809738502,0.7223815437831552,cierre_dia,0.7262610077329261,0.7223815437831552,cierre_dia,-1.0,4,0.004771936522805693,-1.0,diario,cad,1,1,7,0.0002
2026-05-28,0.7223815437831552,0.7273421,0.7271049,0.0028160355849742,-0.0009269413122233,11.503357482426368,0.7170669131027984,0.7363987234573749,5,-0.0088426651012281,0.0023050097652881,0.7255366856845329,2026-05-29,2026-05-27,-0.0025532821096979344,0.0068669476117372,0.006538589278054272,-0.0012831741345007972,0.11503357482426368,0.2749163468334306,0.7203472916499333,0.7255366856845329,cierre_dia,0.7244157959163772,0.7244157959163772,stop_loss,-1.0,4,0.004771936522805693,-1.0,diario,cad,1,1,7,0.0002
2026-05-29,0.7255366856845329,0.72139037,0.7219924,0.0029361237775757,-0.0006990360955777,31.72071475482292,0.7170669131027984,0.7363987234573749,1,0.0143298384669936,0.0222151094202964,0.7248320361525683,2026-06-01,2026-05-28,0.004358183813375133,-0.005714825681930826,-0.004885053718805316,-0.0009634745001462884,0.3172071475482292,0.43812619854970974,0.7234064201701911,0.7248320361525683,cierre_dia,0.7276669511988748,0.7248320361525683,cierre_dia,-1.0,4,0.004771936522805693,-1.0,diario,cad,1,1,7,0.0002
2026-06-01,0.7248320361525683,0.7219924,0.7233064,0.0028941907178825,-0.0005572257501044,29.103066229474777,0.7170669131027984,0.7363987234573749,2,-0.0057230335454064,0.0027593698651848,0.7225851443885442,2026-06-02,2026-05-29,-0.000971683375127334,-0.003917647138833992,-0.002104813358783662,-0.0007687653446751225,0.2910306622947478,0.40167593760465714,0.7227342340015116,0.7227342340015116,stop_loss,0.726929838303625,0.7225851443885442,cierre_dia,-1.0,4,0.004771936522805693,-1.0,diario,cad,1,1,7,0.0002
2026-06-02,0.7225851443885442,0.7233064,0.72301775,0.0029237152535516,-0.0005739642006785,26.87692060652435,0.7170669131027984,0.7363987234573749,3,0.0255379633740988,0.028697596972302,0.7223085194540749,2026-06-03,2026-06-01,-0.0031046937939797547,0.0009981600328445625,0.0005986915380358866,-0.0007943205103727837,0.2687692060652435,0.2854482422769803,0.7204725111799055,0.7223085194540749,cierre_dia,0.7246977775971827,0.7223085194540749,cierre_dia,-1.0,4,0.004771936522805693,-1.0,diario,cad,1,1,7,0.0002
2026-06-03,0.7223085194540749,0.72301775,0.7240042,0.0028760230938604,-0.0005621545011026,27.073636136265904,0.7170669131027984,0.7363987234573749,4,0.0190539373216507,0.0453544771867792,0.7197765731079284,2026-06-04,2026-06-02,-0.000382900063542804,0.00098189420008659,0.002347584861946064,-0.0007782747758914428,0.27073636136265905,0.2711389287985486,0.720231143471233,0.720231143471233,stop_loss,0.724385895436917,0.7197765731079284,cierre_dia,-1.0,4,0.004771936522805693,-1.0,diario,cad,1,1,7,0.0002
2026-06-04,0.7197765731079284,0.7240042,0.7236254,0.002928260663422,-0.0006757185378796,24.73154463689488,0.7170669131027984,0.7363987234573749,5,-0.025666836602769,0.0279143732033996,0.7191140690453776,2026-06-05,2026-06-03,-0.0035115111596813013,0.005873526660942947,0.005347252238917249,-0.0009387892897957349,0.2473154463689488,0.14016586938473619,0.7176688796824437,0.7191140690453776,cierre_dia,0.7218842665334131,0.7191140690453776,cierre_dia,-1.0,4,0.004771936522805693,-1.0,diario,cad,1,1,7,0.0002
2026-06-05,0.7191140690453776,0.7200279,0.7198856,0.0028855877710148,-0.0007410676508334,26.75177301124305,0.7170669131027984,0.7363987234573749,1,0.0046182670707891,0.0179800265167984,0.7171337315582055,2026-06-08,2026-06-04,-0.0009208540106631091,0.0012707732944727465,0.001072890919303891,-0.0010305286500890821,0.2675177301124305,0.10589571825044146,0.7170390022817755,0.7171337315582055,cierre_dia,0.7211891358089796,0.7171337315582055,cierre_dia,0.0,4,0.004771936522805693,-1.0,diario,cad,1,1,7,0.0002
2026-06-08,0.7171337315582055,0.7198856,0.7197723,0.0028988308434305,-0.0008551828825093,18.50800019665901,0.7170669131027984,0.7363987234573749,2,-0.0387539098678824,-0.0150954821525162,0.7165222863877552,2026-06-09,2026-06-05,-0.002757656083196314,0.003837315581035646,0.0036793255228162367,-0.0011925012656302445,0.1850800019665901,0.003456399280851966,0.7150548821783002,0.7165222863877552,cierre_dia,0.7192125809381109,0.7165222863877552,cierre_dia,0.0,4,0.004771936522805693,-1.0,diario,cad,1,1,7,0.0002
2026-06-09,0.7165222863877552,0.7197723,0.71933633,0.0028561706402899,-0.0009045730191864,18.328754075252363,0.7165222863877552,0.7363987234573749,3,0.0104821070262589,-0.0298129927158813,0.7166506511240723,2026-06-10,2026-06-08,-0.0008529873273222828,0.00453581650422814,0.003927363692246612,-0.0012624492445959716,0.18328754075252363,0.0,0.7144757764702611,0.7166506511240723,cierre_dia,0.7185687963052493,0.7166506511240723,cierre_dia,0.0,4,0.004771936522805693,-1.0,diario,cad,1,1,7,0.0002
2026-06-10,0.7166506511240723,0.71933633,0.7187122,0.0028103405696151,-0.0008615309628677,18.968033037016298,0.7165222863877552,0.7363987234573749,4,-0.0042749316704882,-0.0521843939610808,0.7170103417057113,2026-06-11,2026-06-09,0.00017913363181879256,0.0037475426439857744,0.0028766441120148733,-0.0012021630923189446,0.18968033037016296,0.0064581361270911975,0.7146366187249772,0.7170103417057113,cierre_dia,0.7186646835231675,0.7170103417057113,cierre_dia,0.0,4,0.004771936522805693,-1.0,diario,cad,1,1,7,0.0002
2026-06-11,0.7170103417057113,0.7187122,0.7181982,0.0027682656040075,-0.0007460842560409,22.514625535478828,0.7165222863877552,0.7363987234573749,5,-0.0085248812184181,-0.0357969257871859,0.7156966372630632,2026-06-12,2026-06-10,0.0005017791388409396,0.002373547765350382,0.0016566822334289754,-0.0010405488075193228,0.22514625535478827,0.024554466992583904,0.7150254666390498,0.7156966372630632,cierre_dia,0.718995216772373,0.7156966372630632,cierre_dia,0.0,4,0.004771936522805693,-1.0,diario,cad,1,1,7,0.0002
2026-06-12,0.7156966372630632,0.71666616,0.71728694,0.0027523782912939,-0.0006963993082826,22.604458486993536,0.7156966372630632,0.7363987234573749,1,0.0015989373612835,-0.0387037821878805,0.7161476779348167,2026-06-15,2026-06-11,-0.0018338778691106346,0.0013546559903431336,0.0022220346640420183,-0.0009730369992316029,0.22604458486993537,0.0,0.7137267693755083,0.7161476779348167,cierre_dia,0.7176665051506181,0.7161476779348167,cierre_dia,0.0,4,0.004771936522805693,-1.0,diario,cad,1,1,7,0.0002
2026-06-15,0.7161476779348167,0.71728694,0.71600276,0.0027137361726131,-0.000576327978828,24.86891492939432,0.7156966372630632,0.7363987234573749,2,0.0270319005629957,0.0266623790530586,0.714796258208846,2026-06-16,2026-06-12,0.0006300135872103775,0.0015908200225806328,-0.0002023576132155476,-0.0008047613594028255,0.24868914929394323,0.021787208666797665,0.7142042420762722,0.714796258208846,cierre_dia,0.7180911137933612,0.714796258208846,cierre_dia,0.0,4,0.004771936522805693,-1.0,diario,cad,1,1,7,0.0002
2026-06-16,0.714796258208846,0.71600276,0.7157255,0.0027019884108016,-0.0005321494100993,23.23556937693069,0.714796258208846,0.7363987234573749,3,0.0080539497301391,0.0241725054324553,0.7145051754431093,2026-06-17,2026-06-15,-0.001888851259131449,0.0016878960645055473,0.0013000093110204203,-0.0007444770506112792,0.2323556937693069,0.0,0.7128648870030813,0.7145051754431093,cierre_dia,0.7167276294146105,0.7145051754431093,cierre_dia,0.0,4,0.004771936522805693,-1.0,diario,cad,1,1,7,0.0002
2026-06-17,0.7145051754431093,0.7157255,0.7176226,0.0026615021023395,-0.0004689737632706,25.4856994561451,0.7145051754431093,0.7363987234573749,4,0.0010021613364065,0.0295914445461629,0.7092298886434214,2026-06-18,2026-06-16,-0.0004073077419604796,0.0017079296257495903,0.0043630538504600335,-0.0006563616043505354,0.254856994561451,0.0,0.712603518416535,0.712603518416535,stop_loss,0.7164068324696836,0.7092298886434214,cierre_dia,0.0,4,0.004771936522805693,-1.0,diario,cad,1,1,7,0.0002
2026-06-18,0.7092298886434214,0.7176226,0.7171373,0.0030813392795845,-0.0007142142590902,5.164127339584383,0.7092298886434214,0.7363987234573749,5,-0.0011564235248321,0.0372059647299223,0.70717856456697,2026-06-19,2026-06-17,-0.00741052331173405,0.011833555650949434,0.01114929232847683,-0.0010070278629349821,0.05164127339584383,0.0,0.7070445107292891,0.70717856456697,cierre_dia,0.7114152665575537,0.70717856456697,cierre_dia,0.0,5,0.0047237022387445855,-1.0,diario,cad,1,1,7,0.0002
2026-06-19,0.70717856456697,0.70737493,0.7057545,0.0030886190570777,-0.0009325344980775,4.80806965870346,0.70717856456697,0.7363987234573749,1,-0.0166463631322671,0.0184534233160654,0.7055021902371393,2026-06-22,2026-06-18,-0.0028965168994672585,0.00027767446988465034,-0.0020137269967198295,-0.0013186690671945398,0.0480806965870346,0.0,0.7049943593756917,0.7055021902371393,cierre_dia,0.7093627697582485,0.7055021902371393,cierre_dia,0.0,5,0.0047237022387445855,-1.0,diario,cad,1,1,7,0.0002
2026-06-22,0.7055021902371393,0.7057545,0.7050868,0.0030747130755837,-0.0010964830822974,4.952738527672693,0.7055021902371393,0.7363987234573749,2,0.0,-0.0087085347065966,0.7062944817291543,2026-06-23,2026-06-19,-0.0023733247741951325,0.00035763143807647946,-0.0005887866017817736,-0.001554188062731373,0.04952738527672693,0.0,0.7033329734279643,0.7057545,take_profit,0.7076714070463144,0.7062944817291543,cierre_dia,0.0,5,0.0047237022387445855,-1.0,diario,cad,1,1,7,0.0002
2026-06-23,0.7062944817291543,0.7050868,0.7058834,0.0030315964838646,-0.0010577145187293,8.889480580970485,0.7055021902371393,0.7363987234573749,3,-0.0028276900662744,-0.0194369342133176,0.7037496027643241,2026-06-24,2026-06-22,0.0011223876510288693,-0.0017098841352939003,-0.0005820259676216918,-0.0014975545556292567,0.08889480580970485,0.025643378380590505,0.7041532818617712,0.7041532818617712,stop_loss,0.7084356815965374,0.7050868,take_profit,0.0,5,0.0047237022387445855,-1.0,diario,cad,1,1,7,0.0002
2026-06-24,0.7037496027643241,0.7058834,0.70503247,0.0030768160606639,-0.0011044787633511,8.883581875736581,0.7037496027643241,0.7363987234573749,4,-0.0344903730096613,-0.0536292276127006,0.7024839986698322,2026-06-25,2026-06-23,-0.0036096484585662783,0.0030320404122353025,0.0018229029624128377,-0.001569420087787921,0.08883581875736582,0.0,0.701584294683853,0.7024839986698322,cierre_dia,0.7059149108447951,0.7024839986698322,cierre_dia,1.0,5,0.0047237022387445855,-1.0,diario,cad,1,1,7,0.0002
2026-06-25,0.7024839986698322,0.70503247,0.7049087,0.0030454430608657,-0.0011182441920026,8.616935294696646,0.7024839986698322,0.7363987234573749,5,-0.0327735323777381,-0.0830826655295849,0.7041955782442842,2026-06-26,2026-06-24,-0.0017999917437772344,0.0036277998288834494,0.003451610762322035,-0.0015918429375188876,0.08616935294696645,0.0,0.700344623650714,0.7041955782442842,cierre_dia,0.7046233736889504,0.7041955782442842,cierre_dia,1.0,5,0.0047237022387445855,-1.0,diario,cad,1,1,7,0.0002
2026-06-26,0.7041955782442842,0.7014631,0.70079744,0.0030418181153142,-0.0009180593843617,17.367594190557227,0.7024839986698322,0.7363987234573749,1,0.0212269276095828,-0.0476900008565041,0.7047315665522751,2026-06-29,2026-06-25,0.0024335043277776,-0.003880283160960647,-0.0048255603262329005,-0.001303699444763095,0.17367594190557228,0.05046715210499634,0.7020535433776566,0.7047315665522751,cierre_dia,0.7063376131109119,0.7047315665522751,cierre_dia,0.0,5,0.0047237022387445855,-1.0,diario,cad,1,1,7,0.0002
2026-06-29,0.7047315665522751,0.70079744,0.7013537,0.0029941977714936,-0.0006671997771129,20.148006472195743,0.7024839986698322,0.7363987234573749,2,0.0116280543407627,-0.0365518564633709,0.7037793011427699,2026-06-30,2026-06-26,0.0007608460605315591,-0.005582446904602043,-0.004793125088465242,-0.000946743141331117,0.20148006472195742,0.06627115202976407,0.7026214608662031,0.7037793011427699,cierre_dia,0.706841672238347,0.7037793011427699,cierre_dia,0.0,5,0.0047237022387445855,-1.0,diario,cad,1,1,7,0.0002
2026-06-30,0.7037793011427699,0.7013537,0.7020723,0.0029558227574511,-0.0004911848545073,18.717145612710965,0.7024839986698322,0.7363987234573749,3,-0.0071901852926039,-0.0407457398409832,0.7039774528705814,2026-07-01,2026-06-29,-0.0013521593285990726,-0.0034465366327644307,-0.0024254779019475706,-0.0006979245534924554,0.18717145612710964,0.0381929230165363,0.7016990542682291,0.7039774528705814,cierre_dia,0.7058595480173107,0.7039774528705814,cierre_dia,0.0,5,0.0047237022387445855,-1.0,diario,cad,1,1,7,0.0002
2026-07-01,0.7039774528705814,0.7020723,0.7029285,0.0029067979294464,-0.0002967716795883,18.07384817341709,0.7024839986698322,0.7363987234573749,4,0.0154600747786719,0.0083863087708999,0.7033684108849524,2026-07-02,2026-06-30,0.0002815141586857789,-0.002706269728970571,-0.0014900375946760986,-0.0004215641827421683,0.1807384817341709,0.04403556891895424,0.7019311326682003,0.7033684108849524,cierre_dia,0.7060237730729626,0.7033684108849524,cierre_dia,0.0,5,0.0047237022387445855,-1.0,diario,cad,1,1,7,0.0002
2026-07-02,0.7033684108849524,0.7029285,0.70053047,0.0028636133531427,-0.000151855110786,18.72013605702574,0.7024839986698322,0.7363987234573749,5,-0.0112050935633902,0.0303718720147529,0.704706760578194,2026-07-03,2026-07-01,-0.0008655186181801915,-0.000625434520721442,-0.004034785812148969,-0.00021589697296036007,0.1872013605702574,0.02607752888046439,0.7013542357113635,0.704706760578194,cierre_dia,0.7053825860585413,0.704706760578194,cierre_dia,0.0,5,0.0047237022387445855,-1.0,diario,cad,1,1,7,0.0002
2026-07-03,0.704706760578194,0.7028555,0.7020282,0.0028497992150733,7.906527420911864e-05,22.22220563905941,0.7024839986698322,0.7363987234573749,1,-0.0014708001647411,0.0072481919973205,0.7040170966065864,2026-07-06,2026-07-02,0.0019009639874265627,-0.0026269942077399074,-0.0038009576862812464,0.00011219599219432433,0.2222220563905941,0.06553973008143778,0.7026984878050414,0.7040170966065864,cierre_dia,0.7067150333513467,0.7040170966065864,cierre_dia,0.0,5,0.0047237022387445855,-1.0,diario,cad,1,1,7,0.0002
2026-07-06,0.7040170966065864,0.7020282,0.70181787,0.0028103029822352,0.0002221826568298,22.96000207874779,0.7024839986698322,0.7363987234573749,2,0.0,-0.0043963120452179,0.7038387644749289,2026-07-07,2026-07-03,-0.0009791330262332032,-0.0028250686186074687,-0.0031238255678546424,0.00031559270066130004,0.2296000207874779,0.045204492926249125,0.7020385952604483,0.7038387644749289,cierre_dia,0.7059955979527245,0.7038387644749289,cierre_dia,0.0,5,0.0047237022387445855,-1.0,diario,cad,1,1,7,0.0002
2026-07-07,0.7038387644749289,0.70181787,0.7023657,0.0027654696200195,0.000334889973145,23.090621054381742,0.7024839986698322,0.7363987234573749,3,0.0103315830403225,0.0132021529970477,0.7040518402428451,2026-07-08,2026-07-06,-0.0002533386229955072,-0.0028712463378406466,-0.0020929004614115274,0.00047580495711234584,0.23090621054381744,0.039946242040397165,0.7018923197543815,0.7040518402428451,cierre_dia,0.7057852091954763,0.7040518402428451,cierre_dia,0.0,5,0.0047237022387445855,-1.0,diario,cad,1,1,7,0.0002
2026-07-08,0.7040518402428451,0.7023657,0.7023053,0.0027231442807895,0.0004468440010402,32.455526408569824,0.7024839986698322,0.7363987234573749,4,-0.0010526365940761,-0.0033911841839605,0.7058657415794714,2026-07-09,2026-07-07,0.0003026879628700737,-0.0023949092189908747,-0.0024806983563065684,0.0006346748570191541,0.32455526408569824,0.04622893397586137,0.7021346055007085,0.7058657415794714,cierre_dia,0.7059690749849817,0.7058657415794714,cierre_dia,0.0,5,0.0047237022387445855,-1.0,diario,cad,1,1,7,0.0002
2026-07-09,0.7058657415794714,0.7023053,0.7023052,0.0027435167485505,0.0006535995673188,45.47910362918536,0.7024839986698322,0.7363987234573749,5,-0.0191401393561612,-0.0112680278868174,0.7060950236703135,2026-07-10,2026-07-08,0.002573061519026035,-0.005044077605330943,-0.005044219275331578,0.0009259545106358065,0.4547910362918536,0.09971311667200285,0.7039291870952201,0.7060950236703135,cierre_dia,0.7078022960637227,0.7060950236703135,cierre_dia,0.0,5,0.0047237022387445855,-1.0,diario,cad,1,1,7,0.0002
2026-07-10,0.7060950236703135,0.706032,0.7054706,0.0027019773281529,0.0008063200488833,52.26749922047401,0.7024839986698322,0.7363987234573749,1,0.0261639352903259,0.0164363571934134,0.7060451619001271,2026-07-13,2026-07-09,0.0003247711954898302,-8.925664138790051e-05,-0.000884333764410044,0.0011419426873907315,0.5226749922047401,0.1064736636697595,0.7041871709248347,0.7060451619001271,cierre_dia,0.7080028764157923,0.7060451619001271,cierre_dia,0.0,5,0.0047237022387445855,-1.0,diario,cad,1,1,7,0.0002
2026-07-13,0.7060451619001271,0.7054706,0.70526505,0.0026603338824669,0.0008975144506075,48.9889687850608,0.7024839986698322,0.7363987234573749,2,0.0029722239006344,0.0194619277369259,0.7067437490611344,2026-07-14,2026-07-10,-7.061872569964134e-05,-0.0008137749978781705,-0.0011049036835373389,0.001271185611118821,0.489889687850608,0.10500345359143051,0.7041668460333724,0.7067437490611344,cierre_dia,0.7079234777668818,0.7067437490611344,cierre_dia,0.0,5,0.0047237022387445855,-1.0,diario,cad,1,1,7,0.0002
2026-07-14,0.7067437490611344,0.70526505,0.70586693,0.0026305020727998,0.0009910835815101,64.28002792077065,0.7024839986698322,0.7363987234573749,3,-8.024741299155112e-05,0.0089025297145267,0.7116677651697134,2026-07-15,2026-07-13,0.0009889477649818422,-0.0020922704489410257,-0.0012406463619935072,0.0014023238024060258,0.6428002792077065,0.1256017973899872,0.7048846581642907,0.7116677651697134,cierre_dia,0.7086028399579779,0.7086028399579779,stop_loss,0.0,5,0.0047237022387445855,-1.0,diario,cad,1,1,7,0.0002
2026-07-15,0.7116677651697134,0.70586693,0.7062783,0.0030168977714674,0.0013486342223017,82.46960643750131,0.7024839986698322,0.7363987234573749,4,0.0154424981014605,0.0256825265206132,0.7123978560654692,2026-07-16,2026-07-14,0.006943028648046203,-0.008151043862904304,-0.007573007284414731,0.0018950334528360822,0.8246960643750131,0.2707899461786138,0.7095207362749477,0.7123978560654692,cierre_dia,0.713814794064479,0.7123978560654692,cierre_dia,0.0,5,0.0047237022387445855,-1.0,diario,cad,1,1,7,0.0002
2026-07-16,0.7123978560654692,0.7062783,0.70604473,0.0029738480884114,0.0015821796444037,81.16222897088477,0.7024839986698322,0.7363987234573749,5,-0.0057828778397664,0.0394747443276304,0.7124029381009349,2026-07-17,2026-07-15,0.0010253614002543841,-0.008590082091581738,-0.008917946638072669,0.002220921400777346,0.8116222897088476,0.2923172002055724,0.7102792930630206,0.7124029381009349,cierre_dia,0.7145164190679179,0.7124029381009349,cierre_dia,0.0,5,0.0047237022387445855,-1.0,diario,cad,1,1,7,0.0002
2026-07-17,0.7124029381009349,0.71144754,0.7121592,0.002922902020326,0.0016758836817068,80.37035828923426,0.7024839986698322,0.7363987234573749,1,0.000397165457432,0.0130329604566588,0.7133125789270186,2026-07-20,2026-07-16,7.133678597848829e-06,-0.0013410923086332924,-0.0003421351708411779,0.0023524379141027026,0.8037035828923426,0.29246704766851106,0.7103206541138736,0.7133125789270186,cierre_dia,0.7144852220879964,0.7133125789270186,cierre_dia,0.0,5,0.0047237022387445855,-1.0,diario,cad,1,1,7,0.0002
2026-07-20,0.7133125789270186,0.7121592,0.7123654,0.002888582959872,0.0017309328786176,87.86930597044257,0.7024839986698322,0.7363987234573749,2,-0.0121446387011527,-0.00216575176302,0.7106663903729136,2026-07-21,2026-07-17,0.0012760483261211738,-0.0016169333909035373,-0.0013278595597505578,0.0024266120208076376,0.8786930597044257,0.3192884602490965,0.7112521163664677,0.7112521163664677,stop_loss,0.7153730414875695,0.7121592,take_profit,0.0,5,0.0047237022387445855,-1.0,diario,cad,1,1,7,0.0002
2026-07-21,0.7106663903729136,0.7123654,0.71146554,0.00295019072697,0.0015279983304328,72.24438523078715,0.7024839986698322,0.7363987234573749,3,0.0126209837061465,0.0105887994291112,0.7089634527432099,2026-07-22,2026-07-20,-0.003716616125925998,0.0023907274216175226,0.0011245074171399012,0.0021500922952484096,0.7224438523078714,0.24126369163658473,0.7085697889780661,0.7089634527432099,cierre_dia,0.712762991767761,0.7089634527432099,cierre_dia,0.0,5,0.0047237022387445855,-1.0,diario,cad,1,1,7,0.0002
2026-07-22,0.7089634527432099,0.71146554,0.71088284,0.0029441392754651,0.001230716186259,67.34465372549421,0.7024839986698322,0.7363987234573749,4,0.0331022215500219,0.0285940339459849,0.709949936415507,2026-07-23,2026-07-21,-0.0023991302448014046,0.0035292189563631685,0.0027073148120165444,0.001735937418913428,0.6734465372549421,0.19105135347457344,0.7068761655971193,0.709949936415507,cierre_dia,0.7110507398893005,0.709949936415507,cierre_dia,0.0,5,0.0047237022387445855,-1.0,diario,cad,1,1,7,0.0002
2026-07-23,0.709949936415507,0.71088284,0.7094349,0.002911576583107,0.001058710351347,66.61636558974175,0.7024839986698322,0.7363987234573749,5,-0.0092578876111877,0.0250258629324436,0.7099802205112536,2026-07-24,2026-07-22,0.0013904778667615614,0.0013140413663577774,-0.0007254545554400262,0.0014912464908333715,0.6661636558974174,0.22013853252369794,0.7078828628054612,0.7099802205112536,cierre_dia,0.7120170100255526,0.7099802205112536,cierre_dia,0.0,5,0.0047237022387445855,-1.0,diario,cad,1,1,7,0.0002
2026-07-24,0.7099802205112536,0.7096616,0.70795375,0.0028628635986786,0.0009108066720028,69.72224157851754,0.7024839986698322,0.7359380916336186,1,-0.0228922484741691,0.0014294511624003,0.7098995287397497,2026-07-27,2026-07-23,4.26557540222734e-05,-0.0004487737855911042,-0.0028542633339761845,0.0012828620371239808,0.6972224157851754,0.22407487925426578,0.7079476439821701,0.7098995287397497,cierre_dia,0.7120127970403372,0.7098995287397497,cierre_dia,0.0,5,0.0047237022387445855,-1.0,diario,cad,1,1,7,0.0002
2026-07-27,0.7098995287397497,0.70795375,0.70766956,0.0028158092013286,0.0007766049788717,70.17548050698734,0.7024839986698322,0.7351049293240127,2,0.0023762931297229,0.0160772322898495,0.7080046839032099,2026-07-28,2026-07-24,-0.00011366000766388331,-0.002740921300798588,-0.003141245555844265,0.0010939646350383826,0.7017548050698734,0.2273242952057574,0.7079005871147055,0.7080046839032099,cierre_dia,0.7118984703647939,0.7080046839032099,cierre_dia,0.0,5,0.0047237022387445855,-1.0,diario,cad,1,1,7,0.0002
2026-07-28,0.7080046839032099,0.70766956,0.7069668,0.002828072867968,0.000540481449503,61.83352004285069,0.7024839986698322,0.7351049293240127,3,0.0030018274868015,0.006350284179513,0.7089131850492696,2026-07-29,2026-07-27,-0.002672741850453693,-0.0004733357149028448,-0.0014659280182838456,0.0007633868275042208,0.6183352004285069,0.1692375147693765,0.7060023950662689,0.7089131850492696,cierre_dia,0.7100069727401508,0.7089131850492696,cierre_dia,0.0,5,0.0047237022387445855,-1.0,diario,cad,1,1,7,0.0002
2026-07-29,0.7089131850492696,0.7069668,0.7071453,0.0027977340635141,0.0004305243982503,59.645949731207125,0.7024839986698322,0.7333044799925451,4,-0.0026854447899488,-0.0290278183320044,0.7124638676713819,2026-07-30,2026-07-28,0.0012823626414285678,-0.002745590137577014,-0.0024937962596178046,0.0006073020044342644,0.5964594973120713,0.20860110236822996,0.706929834483383,0.7124638676713819,cierre_dia,0.7108965356151562,0.7108965356151562,stop_loss,0.0,5,0.0047237022387445855,-1.0,diario,cad,1,1,7,0.0002
2026-07-30,0.7124638676713819,0.7071453,0.706178,0.0029666694968508,0.0005730467785462,66.6567622263025,0.7024839986698322,0.7320268920973878,5,-0.0077012108721984,-0.0275151514613938,0.7137147692685192,2026-07-31,2026-07-29,0.004996126820976125,-0.007465034948039065,-0.008822717833995837,0.0008043169689701556,0.666567622263025,0.3378094642632786,0.7103502228475529,0.7137147692685192,cierre_dia,0.714577512495211,0.7137147692685192,cierre_dia,0.0,5,0.0047237022387445855,-1.0,diario,cad,1,1,7,0.0002
2026-07-31,0.7137147692685192,0.71170604,0.71236193,0.0029424349737277,0.0007182743746853,68.8730564406941,0.7024839986698322,0.7310796308332884,1,0.0268926419822215,0.0221253203714293,0.7136230879979474,2026-08-03,2026-07-30,0.0017542008911257448,-0.002814470647115611,-0.001895490084793482,0.0010063885541018774,0.688730564406941,0.39274426718354954,0.7116147099701575,0.7136230879979474,cierre_dia,0.7158148285668808,0.7136230879979474,cierre_dia,0.0,5,0.0047237022387445855,-1.0,diario,cad,1,1,7,0.0002
2026-08-03,0.7136230879979474,0.71236193,0.71340305,0.0028924213572787,0.0007702668824488,67.44959794163657,0.7024839986698322,0.7310796308332884,2,-0.0013198401493381,0.0183543821974964,0.7119312834117946,2026-08-04,2026-07-31,-0.00012846470824150834,-0.0017672606438302008,-0.0003083392362831947,0.001079374946527817,0.6744959794163656,0.3895381387074335,0.7115589893371749,0.7119312834117946,cierre_dia,0.7156871866587199,0.71236193,take_profit,0.0,5,0.0047237022387445855,-1.0,diario,cad,1,1,7,0.0002
2026-08-04,0.7119312834117946,0.71340305,0.7145545,0.0028882776678411,0.0006572241840568,50.799518178628176,0.7024839986698322,0.7300708921606444,3,0.0120464885062851,0.0276068319426272,0.7109594146010886,2026-08-05,2026-08-03,-0.0023735403073243903,0.0020672874229550778,0.0036846485739945975,0.0009231567700005803,0.5079951817862818,0.34245554850562526,0.7098750281848789,0.7109594146010886,cierre_dia,0.7139875386387103,0.7109594146010886,cierre_dia,0.0,5,0.0047237022387445855,-1.0,diario,cad,1,1,7,0.0002
2026-08-05,0.7109594146010886,0.7145545,0.71528375,0.0028542087236098,0.0004911131731835,45.69885050631756,0.7024839986698322,0.7296766552404175,4,0.015915095845989,0.0468997476655004,0.7137656595029801,2026-08-06,2026-08-04,-0.0013660486546099484,0.005056667546808652,0.006082394170612049,0.0006907752581897493,0.4569885050631756,0.31168032109170024,0.7089301880378017,0.7137656595029801,cierre_dia,0.7129886411643755,0.7129886411643755,stop_loss,0.0,5,0.0047237022387445855,-1.0,diario,cad,1,1,7,0.0002
2026-08-06,0.7137656595029801,0.71528375,0.71470916,0.0029397612334072,0.0005404388303381,53.49008454458475,0.7024839986698322,0.7286664650268053,5,0.0126864042894861,0.0684625974890097,0.7135873933184207,2026-08-07,2026-08-05,0.003939354450847637,0.002126875224113467,0.0013218631135558524,0.000757165637128615,0.5349008454458475,0.4308861006191364,0.7116673588874359,0.7135873933184207,cierre_dia,0.7158639601185243,0.7135873933184207,cierre_dia,0.0,5,0.0047237022387445855,-1.0,diario,cad,1,1,7,0.0002
2026-08-07,0.7135873933184207,0.7139744,0.7145465,0.0028899867897453,0.0005305139902669,50.73122454776152,0.7024839986698322,0.727870896792906,1,-0.0023898847824607,0.0376289594983269,0.7167996412501796,2026-08-10,2026-08-06,-0.0002497856926622977,0.0005423395721435117,0.001344063376903441,0.000743446416282429,0.5073122454776152,0.43736712515093634,0.7115251351784017,0.7139744,take_profit,0.7156496514584397,0.7156496514584397,stop_loss,0.0,5,0.0047237022387445855,-1.0,diario,cad,1,1,7,0.0002
2026-08-10,0.7167996412501796,0.7145465,0.7147103,0.003009647753182,0.0006991379042724,65.84210138955909,0.7024839986698322,0.727870896792906,2,-0.0175753954113028,0.0208980779076065,0.7176896039484099,2026-08-11,2026-08-07,0.004491446376688748,-0.0031433347905279086,-0.0029148190511584502,0.0009753602876433148,0.6584210138955909,0.5638988469936823,0.7146423268204093,0.7176896039484099,cierre_dia,0.7189569556799499,0.7176896039484099,cierre_dia,0.0,5,0.0047237022387445855,-1.0,diario,cad,1,1,7,0.0002
2026-08-11,0.7176896039484099,0.7147103,0.71492505,0.0029704929747958,0.0008210368790322,73.52764200989935,0.7024839986698322,0.7274261672162868,3,0.0036460606918222,0.0123580175989074,0.7184424460798264,2026-08-12,2026-08-10,0.0012408079257361952,-0.004151243005359184,-0.0038520189413369784,0.0011439999611464612,0.7352764200989935,0.6096344530050504,0.7155577120217972,0.7184424460798264,cierre_dia,0.7198214958750225,0.7184424460798264,cierre_dia,0.0,5,0.0047237022387445855,-1.0,diario,cad,1,1,7,0.0002
2026-08-12,0.7184424460798264,0.71492505,0.71460986,0.0029292471774635,0.0008966373980383,73.18986134453161,0.7024839986698322,0.7273943765598977,4,0.0026502001102386,-0.0009821324940826,0.7173292317069719,2026-08-13,2026-08-11,0.001048430331127885,-0.004895863404256137,-0.005334576347401048,0.0012480295435365663,0.731898613445316,0.6406344970125326,0.7163379505724772,0.7173292317069719,cierre_dia,0.7205469415871758,0.7173292317069719,cierre_dia,0.0,5,0.0047237022387445855,-1.0,diario,cad,1,1,7,0.0002
2026-08-13,0.7173292317069719,0.71460986,0.7144986,0.0028977113893832,0.0008181248531425,68.94684976736855,0.7024839986698322,0.7259054165683777,5,-0.0022711594833249,-0.0158138065803953,0.7180245860230912,2026-08-14,2026-08-12,-0.001550684712826003,-0.003790967364456654,-0.003946070481801113,0.001140515145598727,0.6894684976736855,0.6338315255483156,0.7152506186223171,0.7180245860230912,cierre_dia,0.7194078447916267,0.7180245860230912,cierre_dia,0.0,5,0.0047237022387445855,-1.0,diario,cad,1,1,7,0.0002
2026-08-14,0.7180245860230912,0.71682775,0.7162951,0.0028578461288043,0.0007606869393524,70.30409781650266,0.7024839986698322,0.7255366856845329,1,-0.0006823476740331,-0.0141318365290646,0.7208817907440778,2026-08-17,2026-08-13,0.0009688961173579326,-0.0016668454623818205,-0.0024086724281549587,0.0010594162848456235,0.7030409781650266,0.6741334467148545,0.7159725822395387,0.7208817907440778,cierre_dia,0.7200765898066436,0.7200765898066436,stop_loss,0.0,5,0.0047237022387445855,-1.0,diario,cad,1,1,7,0.0002
2026-08-17,0.7208817907440778,0.7162951,0.7177434,0.0029442221972826,0.0008556996693646,80.70250249299632,0.7024839986698322,0.7255366856845329,2,0.0010612446835852,0.0044137101806858,0.7209961058030651,2026-08-18,2026-08-14,0.003971361198155588,-0.0063626114613652895,-0.004353544207072229,0.0011870180109298729,0.8070250249299632,0.7980758192098515,0.7187593545741522,0.7209961058030651,cierre_dia,0.7230042269140033,0.7209961058030651,cierre_dia,0.0,5,0.0047237022387445855,-1.0,diario,cad,1,1,7,0.0002
2026-08-18,0.7209961058030651,0.7177434,0.7161844,0.0028942098219656,0.0008642896621686,79.94291907869146,0.7024839986698322,0.7255366856845329,3,0.0006816241669075,0.0014405984698549,0.719533136782702,2026-08-19,2026-08-17,0.00015856413292779053,-0.004511405508136655,-0.006673691805457942,0.0011987438700600617,0.7994291907869147,0.8030346797068683,0.7189093917920508,0.719533136782702,cierre_dia,0.7230828198140792,0.719533136782702,cierre_dia,0.0,5,0.0047237022387445855,-1.0,diario,cad,1,1,7,0.0002
2026-08-19,0.719533136782702,0.7161844,0.71662354,0.0028779651635868,0.0007156327798714,69.5403752155468,0.7024839986698322,0.7255366856845329,4,-0.0185692897212071,-0.0195855887002574,0.7240920006667241,2026-08-20,2026-08-18,-0.002031155605983862,-0.004654041087913497,-0.004043728681783808,0.0009945793227414904,0.695403752155468,0.7395727058627739,0.7174623454809951,0.7240920006667241,cierre_dia,0.721603928084409,0.721603928084409,stop_loss,0.0,5,0.0047237022387445855,-1.0,diario,cad,1,1,7,0.0002
2026-08-20,0.7240920006667241,0.71662354,0.71767724,0.0031512064597453,0.000858877678048,74.24944863873122,0.7024839986698322,0.7255366856845329,5,0.000771027692472,-0.0165984431270686,0.7256156992895572,2026-08-21,2026-08-19,0.006315876497692984,-0.010314242747948295,-0.008859040924105705,0.0011861444088004964,0.7424944863873122,0.9373311659119157,0.7218102372767732,0.7256156992895572,cierre_dia,0.7263737640566749,0.7256156992895572,cierre_dia,0.0,5,0.0047237022387445855,-1.0,diario,cad,1,1,7,0.0002
2026-08-21,0.7256156992895572,0.7244888,0.7246969,0.0031284523112706,0.0009819171106541,76.26634168558768,0.7024839986698322,0.7256156992895572,1,-0.0042479541927562,-0.02009862228965,0.7250159655301848,2026-08-24,2026-08-20,0.002102077796712968,-0.0015530249561309802,-0.0012662340278149558,0.001353219220057511,0.7626634168558768,1.0,0.7233456451780206,0.7250159655301848,cierre_dia,0.7278857534010938,0.7250159655301848,cierre_dia,0.0,5,0.0047237022387445855,-1.0,diario,cad,1,1,7,0.0002
2026-08-24,0.7250159655301848,0.7246969,0.7231336,0.0030761359351601,0.0009480917368915,80.09801418921352,0.7024839986698322,0.7256156992895572,2,0.0183294610572777,-0.0030305296436349,0.7225015621628861,2026-08-25,2026-08-21,-0.0008268588203147417,-0.0004400806952595425,-0.002596309074115634,0.0013076839434814182,0.8009801418921352,0.9740730796567122,0.7227857178650525,0.7227857178650525,stop_loss,0.727246213195317,0.7246969,take_profit,0.0,5,0.0047237022387445855,-1.0,diario,cad,1,1,7,0.0002
2026-08-25,0.7225015621628861,0.7231336,0.7225774,0.0031108241289167,0.0006933690892517,74.79055891777939,0.7024839986698322,0.7256156992895572,3,0.00295933417596,-0.0007571342173834,0.7227417808727862,2026-08-26,2026-08-24,-0.0034740938857374757,0.0008747909626961777,0.00010496563756475215,0.0009596783253672491,0.7479055891777939,0.8653736196111934,0.7202539868701298,0.7227417808727862,cierre_dia,0.7247491374556423,0.7227417808727862,cierre_dia,0.0,5,0.0047237022387445855,-1.0,diario,cad,1,1,7,0.0002
2026-08-26,0.7227417808727862,0.7225774,0.7234798,0.0030557547366886,0.0004877585091942,71.66753639559927,0.7024839986698322,0.7256156992895572,4,0.0166062891783018,0.0350173169305766,0.7207206959519705,2026-08-27,2026-08-25,0.00033242666471342024,-0.00022744066710469346,0.0010211380423068859,0.0006748724400645285,0.7166753639559927,0.87575844664355,0.7205332592524814,0.7207206959519705,cierre_dia,0.7249503024930909,0.7225774,take_profit,0.0,5,0.0047237022387445855,-1.0,diario,cad,1,1,7,0.0002
2026-08-27,0.7207206959519705,0.7234798,0.7237482,0.0030599550294369,0.0001782860527999,65.81234867615669,0.7024839986698322,0.7256156992895572,5,-0.0172884299934216,0.0164932363728948,0.7219434948896164,2026-08-28,2026-08-26,-0.002800330835084169,0.0038282569982052393,0.004200662011003474,0.0002473719067612027,0.6581234867615668,0.7883854966801466,0.718515323033573,0.7219434948896164,cierre_dia,0.7229260688703679,0.7219434948896164,cierre_dia,0.0,5,0.0047237022387445855,-1.0,diario,cad,1,1,7,0.0002
2026-08-28,0.7219434948896164,0.72258914,0.7219263,0.0030294101333845,2.6548781564638465e-05,62.5053180942959,0.7024839986698322,0.7256156992895572,1,-0.0011379846746806,0.0196594201689716,0.7194710538526392,2026-08-31,2026-08-27,0.0016951959274197528,0.0008943152960776818,-2.381750059124472e-05,3.677404360946242e-05,0.625053180942959,0.8412479713311961,0.7197564319504668,0.7197564319504668,stop_loss,0.724130557828766,0.7194710538526392,cierre_dia,0.0,5,0.0047237022387445855,-1.0,diario,cad,1,1,7,0.0002
2026-08-31,0.7194710538526392,0.7219263,0.7206575,0.0030645782537388,-0.0002542509054285,54.021487232084574,0.7024839986698322,0.7256156992895572,2,-0.0038025897147118,-0.002659837376031,0.7219695292072225,2026-09-01,2026-08-28,-0.0034305793069104224,0.0034125711301565323,0.0016490533441304342,-0.00035338587156082476,0.5402148723208458,0.7343625729066252,0.7172661785068078,0.7219263,take_profit,0.7216759291984706,0.7216759291984706,stop_loss,0.0,5,0.0047237022387445855,-1.0,diario,cad,1,1,7,0.0002
2026-09-01,0.7219695292072225,0.7206575,0.7206988,0.0031052087808618,-0.0002834126702872,57.38044816821063,0.7024839986698322,0.7256156992895572,3,0.0047889323652282,-0.000833435338959,0.7197299475187762,2026-09-02,2026-08-31,0.003466640090592449,-0.001817291664183137,-0.0017600870338916447,-0.00039255489161489784,0.5738044816821063,0.8423734535442877,0.7197276630856135,0.7197299475187762,cierre_dia,0.7242113953288314,0.7206575,take_profit,0.0,5,0.0047237022387445855,-1.0,diario,cad,1,1,7,0.0002
2026-09-02,0.7197299475187762,0.7206988,0.7207523,0.0031198579117327,-0.0004550497294041,54.79737431176402,0.7024839986698322,0.7256156992895572,4,-0.0132826946225971,-0.0302556186940069,0.7222876225337405,2026-09-03,2026-09-01,-0.0031068659260625967,0.0013461333442687236,0.0014204667802810466,-0.0006322506531413003,0.5479737431176401,0.7455547316844453,0.7174844923476987,0.7206988,take_profit,0.7219754026898535,0.7219754026898535,stop_loss,0.0,5,0.0047237022387445855,-1.0,diario,cad,1,1,7,0.0002
2026-09-03,0.7222876225337405,0.7207523,0.7217143,0.0031610561074857,-0.0003998031785756,57.92873361713451,0.7024839986698322,0.7256156992895572,5,-0.000845641397578,-0.0141785027537535,0.7251894558456209,2026-09-04,2026-09-02,0.003547359963122466,-0.0021256387148856706,-0.0007937593222617437,-0.0005535235079525731,0.5792873361713451,0.8561248560782957,0.7200044308331688,0.7251894558456209,cierre_dia,0.7245708142343121,0.7245708142343121,stop_loss,0.0,5,0.0047237022387445855,-1.0,diario,cad,1,1,7,0.0002
2026-09-04,0.7251894558456209,0.72410905,0.72231066,0.0032251972829598,-0.0001823718811759,57.998459362568255,0.7024839986698322,0.7256156992895572,1,0.01162273570603,-0.0015181041759266,0.7228723839246144,2026-09-07,2026-09-03,0.0040095103995149515,-0.0014898256406128106,-0.003969715530769848,-0.00025148170551272264,0.5799845936256826,0.9815731903614211,0.7228505767829965,0.7228723839246144,cierre_dia,0.7275283349082453,0.72410905,take_profit,0.0,5,0.0047237022387445855,-1.0,diario,cad,1,1,7,0.0002
2026-09-07,0.7228723839246144,0.72231066,0.72260123,0.0032371766127135,-0.0002073271118049,53.2204315193793,0.7024839986698322,0.7256156992895572,2,0.003036282965223,0.005333789291016,0.7243805022439229,2026-09-08,2026-09-04,-0.003200241640104436,-0.0007770720491004109,-0.0003751062160408754,-0.0002868101153336096,0.532204315193793,0.8814045101982912,0.7205323183493971,0.7243805022439229,cierre_dia,0.7252124494998317,0.7243805022439229,cierre_dia,0.0,5,0.0047237022387445855,-1.0,diario,cad,1,1,7,0.0002
2026-09-08,0.7243805022439229,0.72260123,0.722979,0.0032099153703711,-0.0001383100827484,58.30711141424728,0.7024839986698322,0.7256156992895572,3,0.0,0.0005308234880281,0.7258210645036667,2026-09-09,2026-09-07,0.002084112430661847,-0.002456267442885695,-0.0019347597562074477,-0.00019093567858322397,0.5830711141424728,0.9466015462528959,0.7220553021357731,0.7258210645036667,cierre_dia,0.7267057023520728,0.7258210645036667,cierre_dia,0.0,5,0.0047237022387445855,-1.0,diario,cad,1,1,7,0.0002
2026-09-09,0.7258210645036667,0.722979,0.72278476,0.0031809232138888,-1.8007081816644177e-05,53.317760241873145,0.7024839986698322,0.7258210645036667,4,0.021296504010858,0.0357335102757257,0.724385694125872,2026-09-10,2026-09-08,0.0019867069055786815,-0.003915654481053276,-0.004183268648648202,-2.4809257676970065e-05,0.5331776024187315,1.0,0.7235122834304575,0.724385694125872,cierre_dia,0.7281298455768759,0.724385694125872,cierre_dia,0.0,5,0.0047237022387445855,-1.0,diario,cad,1,1,7,0.0002
