ds,y,nhits_h1,nhits_h2,vol_garch,macd,rsi,precio_min_ventana,precio_max_ventana,dias_desde_refit,copper_ret_1d,copper_mom_5d,y_next,ds_salida,ds_reloj,retorno_1d,nhits_h1_rel,nhits_h2_rel,macd_rel,rsi_norm,posicion_en_rango,stop_loss_largo,precio_salida_largo,razon_cierre_largo,stop_loss_corto,precio_salida_corto,razon_cierre_corto,pos_ppo,ventana,umbral_simple_train,signo_cobre_train,exp,par,N,h,seed,spread
2025-06-24,947.8900146484376,947.59814,946.9889,0.0093234799811012,1.865764855562976,54.8377226828786,913.9111328125,1000.8300170898438,4,0.0035163385627902,0.0034186255866485,935.4400024414062,2025-06-25,2025-06-23,0.008890658367521967,-0.00030792037465013594,-0.0009506531712667988,0.0019683347505828177,0.548377226828786,0.39092634608052074,939.0523810725772,939.0523810725772,stop_loss,956.7276482242982,947.59814,take_profit,0.0,1,0.010557876145899937,-1.0,diario,clp,1,1,42,0.0015
2025-06-25,935.4400024414062,946.9889,949.2608,0.009694241689411,1.287518622757526,48.8497593672073,913.9111328125,1000.8300170898438,5,0.0049434019829372,0.0138527628544393,936.9299926757812,2025-06-26,2025-06-24,-0.013221467779077494,0.012345952202655658,0.014774648852436123,0.001376377554303033,0.48849759367207296,0.24768920825319382,926.371620971796,936.9299926757812,cierre_dia,944.5083839110165,936.9299926757812,cierre_dia,0.0,1,0.010557876145899937,-1.0,diario,clp,1,1,42,0.0015
2025-06-26,936.9299926757812,937.9911,937.66693,0.0093632181227002,0.9653318049528326,53.69865072236071,913.9111328125,1000.8300170898438,1,0.0094070229135028,0.0140351536768969,930.75,2025-06-27,2025-06-25,0.0015915556783957833,0.001132536403481215,0.0007865447044918563,0.001030313697393696,0.5369865072236071,0.264831515667319,928.1573127886579,930.75,cierre_dia,945.7026725629045,930.75,cierre_dia,0.0,1,0.010557876145899937,-1.0,diario,clp,1,1,42,0.0015
2025-06-27,930.75,937.66693,936.38025,0.009220909000948,0.328847055855755,49.822008571448656,913.9111328125,1000.8300170898438,2,0.0305680316592639,0.0455108363094239,919.1043090820312,2025-06-30,2025-06-26,-0.006617852367533875,0.007431565941445049,0.0060491539081386474,0.0003533140541023422,0.49822008571448656,0.19373082532640395,922.1676389473677,922.1676389473677,stop_loss,939.3323610526325,919.1043090820312,cierre_dia,0.0,1,0.010557876145899937,-1.0,diario,clp,1,1,42,0.0015
2025-06-30,919.1043090820312,936.38025,937.41846,0.0095396855417794,-0.8208255672317635,41.89744801652948,913.9111328125,1000.8300170898438,3,0.0005921175328644,0.0502486153345132,931.1400146484376,2025-07-01,2025-06-27,-0.01259109402848617,0.018796496488220574,0.01992608536049652,-0.0008930711771459051,0.4189744801652948,0.05974738760981659,910.3363429932942,931.1400146484376,cierre_dia,927.8722751707681,927.8722751707681,stop_loss,0.0,1,0.010557876145899937,-1.0,diario,clp,1,1,42,0.0015
2025-07-01,931.1400146484376,937.41846,934.7163,0.0098305221822541,-0.7187244419127854,47.09145853942792,913.9111328125,1000.8300170898438,4,-0.0076248982961816,0.0386124875412383,928.1300048828124,2025-07-02,2025-06-30,0.013010038918972297,0.006742751093059689,0.0038407600310386186,-0.0007718757980604538,0.47091458539427916,0.19821793594316175,921.9864220796518,928.1300048828124,cierre_dia,940.2936072172234,928.1300048828124,cierre_dia,0.0,1,0.010557876145899937,-1.0,diario,clp,1,1,42,0.0015
2025-07-02,928.1300048828124,934.7163,935.095,0.0095313173740035,-0.7959323762528938,47.54325248153828,913.9111328125,1000.8300170898438,5,0.0035720714555227,0.0371891826646819,925.760009765625,2025-07-03,2025-07-01,-0.0032378432004574647,0.007096306640812953,0.007504331376580219,-0.0008575656126464631,0.47543252481538284,0.16358783466366553,919.283703241939,925.760009765625,cierre_dia,936.9763065236858,925.760009765625,cierre_dia,0.0,1,0.010557876145899937,-1.0,diario,clp,1,1,42,0.0015
2025-07-03,925.760009765625,924.8698,917.2302,0.0092289911320696,-0.938822057337212,48.24840552086324,913.9111328125,1000.8300170898438,1,0.0198104563833506,0.0480358347047375,927.2899780273438,2025-07-04,2025-07-02,-0.0025567821063194863,-0.0009615988552479384,-0.00921384557082405,-0.001014109539658009,0.48248405520863236,0.13632108892835298,917.2161788450734,927.2899780273438,cierre_dia,934.3038406861766,927.2899780273438,cierre_dia,0.0,1,0.010557876145899937,-1.0,diario,clp,1,1,42,0.0015
2025-07-04,927.2899780273438,917.2302,927.9908,0.0089177067639341,-0.8643629544283438,56.98778089126488,913.9111328125,988.8900146484376,2,-0.010150398354574,0.0062186044536997,930.0,2025-07-07,2025-07-03,0.001651297719387107,-0.010848578401272381,0.0007557743416435586,-0.0009321387860431029,0.5698778089126488,0.1784348457492097,919.020677918161,930.0,cierre_dia,935.5592781365265,930.0,cierre_dia,0.0,1,0.010557876145899937,-1.0,diario,clp,1,1,42,0.0015
2025-07-07,930.0,927.9908,928.8174,0.0086409192478981,-0.580298784643241,46.21170624906817,913.9111328125,988.8900146484376,3,-0.0155211006805824,-0.009864889083736,940.9400024414062,2025-07-08,2025-07-04,0.0029182560913787884,-0.0021604301075268434,-0.0012716129032257844,-0.0006239771877884312,0.46211706249068174,0.2145786492615919,921.9639450994548,940.9400024414062,cierre_dia,938.0360549005452,938.0360549005452,stop_loss,0.0,1,0.010557876145899937,-1.0,diario,clp,1,1,42,0.0015
2025-07-08,940.9400024414062,928.8174,926.345,0.0088968735885608,0.346791412254134,47.39367388776818,913.9111328125,971.260009765625,4,-0.0067979709217581,-0.0090457806312167,943.22998046875,2025-07-09,2025-07-07,0.011694792044477521,-0.012883502040462055,-0.015511087214421066,0.0003685584748807927,0.4739367388776818,0.4713059969944785,932.568578185265,943.22998046875,cierre_dia,949.3114266975475,943.22998046875,cierre_dia,0.0,1,0.010557876145899937,-1.0,diario,clp,1,1,42,0.0015
2025-07-09,943.22998046875,926.345,925.2852,0.0086108818122731,1.0755035075475687,50.300103672177656,913.9111328125,968.9500122070312,5,0.1244371105177899,0.1182646867596354,948.9400024414062,2025-07-10,2025-07-08,0.0024307564345646885,-0.017901233864893448,-0.019024819864008228,0.0011402346509523412,0.5030010367217765,0.5326933974452097,935.1079385851409,948.9400024414062,cierre_dia,951.3520223523592,948.9400024414062,cierre_dia,0.0,1,0.010557876145899937,-1.0,diario,clp,1,1,42,0.0015
2025-07-10,948.9400024414062,943.72705,937.75,0.0084614086200716,1.8574836845011669,55.10805339793512,913.9111328125,968.9500122070312,1,-0.0363479501751166,0.0571955456428253,949.5599975585938,2025-07-11,2025-07-09,0.006035440110820269,-0.005493447876572332,-0.011792107417346645,0.001957430058509795,0.5510805339793512,0.6364386414521872,940.9106333248178,949.5599975585938,cierre_dia,956.9693715579947,949.5599975585938,cierre_dia,0.0,1,0.010557876145899937,-1.0,diario,clp,1,1,42,0.0015
2025-07-11,949.5599975585938,937.75,940.1811,0.0081718912326196,2.302791366295598,56.18153165080117,913.9111328125,968.9000244140624,2,0.0190152329644215,0.0884833678604466,937.8051147460938,2025-07-14,2025-07-10,0.0006531421008459804,-0.012437336860186131,-0.009877098427385047,0.002425114128876834,0.5618153165080116,0.6482921133307744,941.8002965396984,941.8002965396984,stop_loss,957.3196985774891,937.8051147460938,cierre_dia,0.0,1,0.010557876145899937,-1.0,diario,clp,1,1,42,0.0015
2025-07-14,937.8051147460938,940.1811,946.54346,0.0085929448295068,1.7187511592066165,44.04924228509437,913.9111328125,961.1500244140624,3,0.0025202424496245,0.1082992851860653,967.97998046875,2025-07-15,2025-07-11,-0.01245655621350531,0.002533559709310768,0.009317869050300602,0.0018327380947074064,0.4404924228509437,0.5058116548357684,929.7466071342512,940.1811,take_profit,945.8636223579363,945.8636223579363,stop_loss,0.0,1,0.010557876145899937,-1.0,diario,clp,1,1,42,0.0015
2025-07-15,967.97998046875,946.54346,945.5314,0.0118342942155347,3.192093204300748,65.87918316482228,913.9111328125,967.97998046875,4,-0.0084860909655818,0.106429921247489,966.8400268554688,2025-07-16,2025-07-14,0.03166924510427448,-0.022145623774542586,-0.023191161926591892,0.003297685147119425,0.6587918316482227,1.0,956.5246205851353,966.8400268554688,cierre_dia,979.4353403523647,966.8400268554688,cierre_dia,0.0,1,0.010557876145899937,-1.0,diario,clp,1,1,42,0.0015
2025-07-16,966.8400268554688,945.5314,946.04535,0.0114177486028602,3.872013523360909,64.64583129107916,913.9111328125,967.97998046875,5,0.0056053193852702,-0.0175376399373463,967.4299926757812,2025-07-17,2025-07-15,-0.001178356375136,-0.022039454577374648,-0.02150787749561937,0.004004813015400457,0.6464583129107916,0.9789166282860574,955.8008904896504,967.4299926757812,cierre_dia,977.8791632212871,967.4299926757812,cierre_dia,0.0,1,0.010557876145899937,-1.0,diario,clp,1,1,42,0.0015
2025-07-17,967.4299926757812,973.0932,970.8759,0.0110138010346851,4.120564243833078,69.0010313639614,913.9111328125,967.97998046875,1,-0.0089654190685415,0.0097363778614061,964.4500122070312,2025-07-18,2025-07-16,0.0006100139408149794,0.00585386784273155,0.003561919053892298,0.004259289328456885,0.6900103136396141,0.9898280097170672,956.7749112214633,964.4500122070312,cierre_dia,978.0850741300992,964.4500122070312,cierre_dia,0.0,1,0.010557876145899937,-1.0,diario,clp,1,1,42,0.0015
2025-07-18,964.4500122070312,970.8759,980.1897,0.0106627769330333,3.8484941859119246,75.80702531988527,913.9111328125,967.97998046875,2,-0.0019121251718409,-0.0111751621121755,963.3900146484376,2025-07-21,2025-07-17,-0.0030850599672219534,0.00666274841789245,0.016319858565764678,0.003990351119499802,0.7580702531988527,0.9347134548869804,954.1662968638065,963.3900146484376,cierre_dia,974.7337275502559,963.3900146484376,cierre_dia,0.0,1,0.010557876145899937,-1.0,diario,clp,1,1,42,0.0015
2025-07-21,963.3900146484376,980.1897,983.99023,0.0102957663224409,3.378128799381005,70.97434415479249,913.9111328125,967.97998046875,3,0.016630897874152,0.0028767118707508,953.6199951171876,2025-07-22,2025-07-18,-0.0010996738843962795,0.017438093706724767,0.02138304844178799,0.0035065017781129477,0.7097434415479249,0.9151088654691938,953.4711761802444,953.6199951171876,cierre_dia,973.308853116631,953.6199951171876,cierre_dia,0.0,1,0.010557876145899937,-1.0,diario,clp,1,1,42,0.0015
2025-07-22,953.6199951171876,983.99023,988.4846,0.0103187134937947,2.2445803803456457,65.23798264971353,913.9111328125,967.97998046875,4,0.0058095154505189,0.0173164088273065,950.22998046875,2025-07-23,2025-07-21,-0.010193065317617359,0.031847313435453155,0.036560270402602006,0.0023537471863410496,0.6523798264971353,0.7344129572936725,943.7798636056195,950.22998046875,cierre_dia,963.4601266287558,950.22998046875,cierre_dia,0.0,1,0.010557876145899937,-1.0,diario,clp,1,1,42,0.0015
2025-07-23,950.22998046875,988.4846,973.75525,0.0100103671880494,1.1568253198004923,64.45196472549212,913.9111328125,967.97998046875,5,0.0152999082197381,0.0272268342560983,948.0599975585938,2025-07-24,2025-07-22,-0.003561224124462451,0.040258274646711244,0.024757448212321183,0.0012174161451208143,0.6445196472549212,0.6717148456196437,940.7178294511648,948.0599975585938,cierre_dia,959.7421314863352,948.0599975585938,cierre_dia,0.0,1,0.010557876145899937,-1.0,diario,clp,1,1,42,0.0015
2025-07-24,948.0599975585938,959.00037,952.67303,0.0096864064623589,0.2300175033111049,62.17473435655254,913.9111328125,967.97998046875,1,0.0170557647717516,0.0543072974086223,949.75,2025-07-25,2025-07-23,-0.002286251184457641,0.011539746924856481,0.004865760029202357,0.00024261914214652742,0.6217473435655254,0.6315811456386082,938.8767030715383,949.75,cierre_dia,957.2432920456494,949.75,cierre_dia,0.0,1,0.010557876145899937,-1.0,diario,clp,1,1,42,0.0015
2025-07-25,949.75,952.67303,959.0025,0.0093618579806964,-0.3015159103636033,61.71694289989122,913.9111328125,967.97998046875,2,-0.0031109817422887,0.0530440915304822,936.902587890625,2025-07-28,2025-07-24,0.0017810032514324174,0.0030776836009476596,0.009742037378257493,-0.000317468713202004,0.6171694289989123,0.662837636476931,940.8585753828336,940.8585753828336,stop_loss,958.6414246171664,936.902587890625,cierre_dia,0.0,1,0.010557876145899937,-1.0,diario,clp,1,1,42,0.0015
2025-07-28,936.902587890625,959.0025,965.30707,0.0097637726646977,-1.4844917450591302,47.65776094849546,913.9111328125,967.97998046875,3,-0.0023395420911621,0.0332556727635371,958.5599975585938,2025-07-29,2025-07-25,-0.013619476929942448,0.023588270963293596,0.030317433718830673,-0.0015844675468357564,0.4765776094849546,0.42522554252119965,927.7548840134939,958.5599975585938,cierre_dia,946.0502917677561,946.0502917677561,stop_loss,0.0,1,0.010557876145899937,-1.0,diario,clp,1,1,42,0.0015
2025-07-29,958.5599975585938,965.30707,968.0975,0.0112031714120178,-0.8083649474404409,57.26165935683082,913.9111328125,967.97998046875,4,-0.0296716618591123,-0.0027626894313318,960.239990234375,2025-07-30,2025-07-28,0.022852840650870305,0.007038758615622051,0.009949823136473229,-0.0008433117900802324,0.5726165935683082,0.8257779975255796,947.8210855972414,960.239990234375,cierre_dia,969.298909519946,960.239990234375,cierre_dia,0.0,1,0.010557876145899937,-1.0,diario,clp,1,1,42,0.0015
2025-07-30,960.239990234375,968.0975,965.8234,0.0108178187016881,-0.2755019749899841,55.56515450195596,913.9111328125,967.97998046875,5,0.0015180785029724,-0.0164121707724854,981.4299926757812,2025-07-31,2025-07-29,0.0017510872584428356,0.008182860374006201,0.005814598248779657,-0.0002869094994916215,0.5556515450195596,0.8568493583665213,949.8522881099088,968.0975,take_profit,970.6276923588412,970.6276923588412,stop_loss,0.0,1,0.010557876145899937,-1.0,diario,clp,1,1,42,0.0015
2025-07-31,981.4299926757812,960.90515,956.5645,0.0119372296122248,1.3853436188276715,63.05136582956575,913.9111328125,981.4299926757812,1,-0.0059962980094913,-0.0388265576652868,972.2000122070312,2025-08-01,2025-07-30,0.02182744125418941,-0.020913200970985257,-0.025335982047978534,0.0014115562283262364,0.6305136582956575,1.0,969.7144375048864,972.2000122070312,cierre_dia,993.1455478466762,972.2000122070312,cierre_dia,0.0,1,0.010557876145899937,-1.0,diario,clp,1,1,42,0.0015
2025-08-01,972.2000122070312,956.5645,960.55774,0.0118017320492299,1.7216328755854606,64.3827959579955,913.9111328125,981.4299926757812,2,-0.251712046899755,-0.2503894472807695,946.9133911132812,2025-08-04,2025-07-31,-0.009449127133849431,-0.016082608527782753,-0.011975182123894116,0.0017708628409468037,0.643827959579955,0.8632977439571734,960.7263681647058,960.7263681647058,stop_loss,983.6736562493567,956.5645,take_profit,0.0,1,0.010557876145899937,-1.0,diario,clp,1,1,42,0.0015
2025-08-04,946.9133911132812,960.55774,962.89374,0.0134347972162643,0.1814657996424244,40.81516217397159,913.9111328125,981.4299926757812,3,0.0187583627880434,-0.2344062217256714,966.280029296875,2025-08-05,2025-08-01,-0.026353924221508743,0.014409289186075536,0.016876251869171178,0.00019163927909930176,0.4081516217397159,0.48878577582037713,934.1918017223092,960.55774,take_profit,959.6349805042533,959.6349805042533,stop_loss,0.0,1,0.010557876145899937,-1.0,diario,clp,1,1,42,0.0015
2025-08-05,966.280029296875,962.89374,957.4436,0.014034536977417,0.3951634421492711,49.78932890637019,913.9111328125,981.4299926757812,4,0.0005664247692132,-0.2109025688271211,966.3499755859376,2025-08-06,2025-08-04,0.020246044658418397,-0.0035044595709373123,-0.009144791394793687,0.0004089533366811031,0.4978932890637019,0.7756187914075657,952.7187364951685,966.3499755859376,cierre_dia,979.8413220985816,966.3499755859376,cierre_dia,0.0,1,0.010557876145899937,-1.0,diario,clp,1,1,42,0.0015
2025-08-06,966.3499755859376,957.4436,962.81146,0.0135268000223542,0.4645766750997513,49.59210159309747,913.9111328125,981.4299926757812,5,-0.0116187932840617,-0.2212010476036411,974.3499755859376,2025-08-07,2025-08-05,7.238456291825249e-05,-0.00921651142024127,-0.003661732990464511,0.00048075406098919743,0.49592101593097465,0.7766547432764842,953.2783527145798,974.3499755859376,cierre_dia,979.4215984572955,974.3499755859376,cierre_dia,0.0,1,0.010557876145899937,-1.0,diario,clp,1,1,42,0.0015
2025-08-07,974.3499755859376,963.3443,965.1355,0.0132191914770074,0.9449351165864311,53.602396489484086,913.9111328125,981.4299926757812,1,0.0061679125353316,-0.2116697201650832,969.8300170898438,2025-08-08,2025-08-06,0.008244494786100927,-0.011295402947302623,-0.009457049126928335,0.000969810786948686,0.5360239648948408,0.8951401563329129,961.4698566930496,969.8300170898438,cierre_dia,987.2300944788257,969.8300170898438,cierre_dia,0.0,1,0.010557876145899937,-1.0,diario,clp,1,1,42,0.0015
2025-08-08,969.8300170898438,965.1355,966.9499,0.0128129044566977,0.8565366696081771,52.2858290427867,913.9111328125,981.4299926757812,2,-0.0028507481716754,0.0110841375039543,967.780029296875,2025-08-11,2025-08-07,-0.004649740925852059,-0.004840556599733371,-0.00296971328902164,0.0008831822634015552,0.522858290427867,0.8281965126569635,957.403677741634,967.780029296875,cierre_dia,982.2563564380536,967.780029296875,cierre_dia,0.0,1,0.010557876145899937,-1.0,diario,clp,1,1,42,0.0015
2025-08-11,967.780029296875,966.9499,966.3482,0.0123727721362177,0.5719619558960183,55.31740603695806,913.9111328125,981.4299926757812,3,0.0174331198292759,0.009745092845735,968.6900024414062,2025-08-12,2025-08-08,-0.0021159970363320343,-0.0008577665086539967,-0.0014794987016990345,0.0005910040903732721,0.5531740603695806,0.7978348063556461,955.8059075164027,968.6900024414062,cierre_dia,979.7541510773473,968.6900024414062,cierre_dia,0.0,1,0.010557876145899937,-1.0,diario,clp,1,1,42,0.0015
2025-08-12,968.6900024414062,966.3482,967.8284,0.0119365348139362,0.3669398105205257,57.06371682821366,913.9111328125,981.4299926757812,4,-0.0072080645852464,0.0019252772945803,956.3499755859376,2025-08-13,2025-08-11,0.0009398267947312049,-0.002417494178224349,-0.0008894511548944973,0.0003788000388108899,0.5706371682821366,0.8113121243431514,957.1272005033525,957.1272005033525,stop_loss,980.25280437946,966.3482,take_profit,0.0,1,0.010557876145899937,-1.0,diario,clp,1,1,42,0.0015
2025-08-13,956.3499755859376,967.8284,967.24347,0.0120312368445948,-0.6238931022036995,52.94309095297967,913.9111328125,981.4299926757812,5,0.0190332742175072,0.0331118837679883,952.6199951171876,2025-08-14,2025-08-12,-0.012820716477755095,0.012002326247804587,0.011390698689972936,-0.0006523690261208529,0.5294309095297967,0.6285479769559484,944.8439025233407,952.6199951171876,cierre_dia,967.8560486485344,952.6199951171876,cierre_dia,0.0,1,0.010557876145899937,-1.0,diario,clp,1,1,42,0.0015
2025-08-14,952.6199951171876,956.30176,953.9706,0.0116588077329656,-1.504420857316533,51.00435214993134,913.9111328125,981.4299926757812,1,-0.0058951786648026,0.0207242278245734,965.510009765625,2025-08-15,2025-08-13,-0.003907851116358054,0.0038648830611196804,0.0014177792716247055,-0.001579245517654146,0.5100435214993134,0.5733044423894166,941.5135817515377,956.30176,take_profit,963.7264084828375,963.7264084828375,stop_loss,0.0,1,0.010557876145899937,-1.0,diario,clp,1,1,42,0.0015
2025-08-15,965.510009765625,953.9706,961.0988,0.0117934521458688,-1.205574616191473,60.00815678101819,913.9111328125,981.4299926757812,2,-0.0039121324246721,0.019641421940717,963.5999755859376,2025-08-18,2025-08-14,0.013440391065406381,-0.01195162105924326,-0.004568787191233601,-0.0012486402046563176,0.6000815678101818,0.7642142811298565,954.1233136690968,963.5999755859376,cierre_dia,976.8967058621533,963.5999755859376,cierre_dia,0.0,1,0.010557876145899937,-1.0,diario,clp,1,1,42,0.0015
2025-08-18,963.5999755859376,961.0988,958.7594,0.011393426812973,-1.1249424084608934,52.04589139419915,913.9111328125,981.4299926757812,3,0.0030193399399282,0.0050499466976231,963.6900024414062,2025-08-19,2025-08-15,-0.0019802238528027773,-0.0025956575854173694,-0.0050234285062057725,-0.0011674371491934173,0.5204589139419915,0.7359253825383368,952.6212697871167,963.6900024414062,cierre_dia,974.5786813847585,963.6900024414062,cierre_dia,0.0,1,0.010557876145899937,-1.0,diario,clp,1,1,42,0.0015
2025-08-19,963.6900024414062,958.7594,967.6203,0.0109938393276133,-1.055106208863502,51.41878666819945,913.9111328125,981.4299926757812,4,-0.0047007104843415,0.007573124731587,963.0399780273438,2025-08-20,2025-08-18,9.34232591468108e-05,-0.005116378118393949,0.00407838365930621,-0.0010948605943721555,0.5141878666819946,0.7372587411828835,953.0953493929381,963.0399780273438,cierre_dia,974.2846554898742,963.0399780273438,cierre_dia,0.0,1,0.010557876145899937,-1.0,diario,clp,1,1,42,0.0015
2025-08-20,963.0399780273438,967.6203,958.31555,0.0106117264018313,-1.040521209643119,40.89992582265572,913.9111328125,981.4299926757812,5,-0.0108279561164003,-0.0220694637023123,965.77001953125,2025-08-21,2025-08-19,-0.0006747436800316109,0.00475610782227178,-0.004905744450008262,-0.001080454844433857,0.4089992582265572,0.7276314397832637,952.820461266492,965.77001953125,cierre_dia,973.2594947881955,965.77001953125,cierre_dia,0.0,1,0.010557876145899937,-1.0,diario,clp,1,1,42,0.0015
2025-08-21,965.77001953125,960.4566,959.2441,0.0102652713579819,-0.8432516934379484,46.59944467290769,913.9111328125,981.4299926757812,1,0.0038483801407969,-0.0124943680125454,970.4299926757812,2025-08-22,2025-08-20,0.002830805865224568,-0.005501744125199664,-0.006757219005843072,-0.0008731392323062921,0.46599444672907686,0.7680652016897044,955.8561282113582,970.4299926757812,cierre_dia,975.6839108511417,970.4299926757812,cierre_dia,0.0,1,0.010557876145899937,-1.0,diario,clp,1,1,42,0.0015
2025-08-22,970.4299926757812,959.2441,959.0318,0.0099838962577314,-0.4167345853716711,65.90751826927053,913.9111328125,981.4299926757812,2,0.0012418493801091,-0.0073916435742335,959.52001953125,2025-08-25,2025-08-21,0.004813533842394129,-0.01152673841514133,-0.011745507416102079,-0.00042943291996015346,0.6590751826927053,0.8370825570474106,960.7413203035152,960.7413203035152,stop_loss,980.1186650480473,959.52001953125,cierre_dia,0.0,1,0.010557876145899937,-1.0,diario,clp,1,1,42,0.0015
2025-08-25,959.52001953125,959.0318,962.78326,0.0101171827368153,-0.8615760350994153,44.83653085885633,913.9111328125,981.4299926757812,3,0.0036040742935226,-0.0068110616420086,962.1300048828124,2025-08-26,2025-08-22,-0.011306084915716814,-0.0005088164095716648,0.0034009092070264647,-0.0008979239802837226,0.44836530858856327,0.6754984727393695,949.8123801540198,962.1300048828124,cierre_dia,969.2276589084803,962.1300048828124,cierre_dia,0.0,1,0.010557876145899937,-1.0,diario,clp,1,1,42,0.0015
2025-08-26,962.1300048828124,962.78326,961.5613,0.0097878293542363,-0.9644729517762788,46.89708036534908,913.9111328125,981.4299926757812,4,0.0042628685813748,0.0021314846700646,966.0499877929688,2025-08-27,2025-08-25,0.0027164019704852675,0.0006789676175489625,-0.0005910894369017153,-0.0010024351666423207,0.4689708036534908,0.7141541217957567,952.7128405784289,962.78326,take_profit,971.547169187196,966.0499877929688,cierre_dia,0.0,1,0.010557876145899937,-1.0,diario,clp,1,1,42,0.0015
2025-08-27,966.0499877929688,961.5613,958.05255,0.0095036799678368,-0.7618524205556865,43.50751719956254,913.9111328125,981.4299926757812,5,-0.0035886086139926,0.0094125861435164,968.1699829101562,2025-08-28,2025-08-26,0.004065998325453787,-0.004646434293968178,-0.00827849272193424,-0.0007886262928238417,0.4350751719956254,0.7722117210812589,956.8689578760517,968.1699829101562,cierre_dia,975.2310177098857,968.1699829101562,cierre_dia,0.0,1,0.010557876145899937,-1.0,diario,clp,1,1,42,0.0015
2025-08-28,968.1699829101562,972.3871,965.84314,0.0091883055452322,-0.4914957749849371,48.65081790258188,913.9111328125,981.4299926757812,1,-0.0081218210527722,-0.0025982560861105,967.8200073242188,2025-08-29,2025-08-27,0.0021920939688642336,0.004355761038126628,-0.0024033413049661,-0.0005076544239758223,0.4865081790258188,0.8036102832234555,959.2741412874554,967.8200073242188,cierre_dia,977.065824532857,967.8200073242188,cierre_dia,0.0,1,0.010557876145899937,-1.0,diario,clp,1,1,42,0.0015
2025-08-29,967.8200073242188,965.84314,969.50916,0.0088693966834126,-0.3493635289910997,50.03341526450095,913.9111328125,981.4299926757812,2,0.0110385858296412,0.0072210459557397,965.9600219726562,2025-09-01,2025-08-28,-0.00036154690005134137,-0.002042598116652235,0.0017453169628630515,-0.0003609798581835509,0.5003341526450096,0.7984269079910218,959.236027761117,965.9600219726562,cierre_dia,976.4039868873205,965.9600219726562,cierre_dia,0.0,1,0.010557876145899937,-1.0,diario,clp,1,1,42,0.0015
2025-09-01,965.9600219726562,969.50916,973.0338,0.0085791728952652,-0.3906196851624894,47.75384269265688,913.9111328125,981.4299926757812,3,0.0122468306693877,0.0159639389974401,966.9600219726562,2025-09-02,2025-08-29,-0.0019236789055247228,0.0036742079864710677,0.007323054646607344,-0.00040438493962180434,0.47753842692656884,0.7708792664086731,957.6728839342386,966.9600219726562,cierre_dia,974.2471600110738,966.9600219726562,cierre_dia,0.0,1,0.010557876145899937,-1.0,diario,clp,1,1,42,0.0015
2025-09-02,966.9600219726562,973.0338,970.3352,0.0082826120846493,-0.3612495381420433,60.732397287929615,913.9111328125,981.4299926757812,4,0.0,0.011642236212103,973.1400146484376,2025-09-03,2025-09-01,0.0010347040399835718,0.006281312452766063,0.003490504209737825,-0.00037359304411062685,0.6073239728792962,0.7856899430407267,958.9510672092928,973.0338,take_profit,974.9689767360197,973.1400146484376,cierre_dia,0.0,1,0.010557876145899937,-1.0,diario,clp,1,1,42,0.0015
2025-09-03,973.1400146484376,970.3352,968.8975,0.0081668177770993,0.042246567753128,69.77642405547289,913.9111328125,981.4299926757812,5,0.0112237356170585,0.0267385592028607,967.9099731445312,2025-09-04,2025-09-02,0.006370819505767784,-0.0028822313400101132,-0.0043596138115543975,4.341263036890971e-05,0.6977642405547289,0.877219816150184,965.1925574772001,967.9099731445312,cierre_dia,981.0874718196751,970.3352,take_profit,0.0,1,0.010557876145899937,-1.0,diario,clp,1,1,42,0.0015
2025-09-04,967.9099731445312,971.0348,975.3501,0.0080263064251563,-0.069172369870873,52.71366085070966,913.9111328125,981.4299926757812,1,-0.0024102020135148,0.032619678073096,971.739990234375,2025-09-05,2025-09-03,-0.005388891778737523,0.0032284271700568166,0.00768679635699731,-7.146570630546025e-05,0.5271366085070965,0.7997593626636076,960.1412311081084,971.0348,take_profit,975.678715180954,971.739990234375,cierre_dia,0.0,1,0.010557876145899937,-1.0,diario,clp,1,1,42,0.0015
2025-09-05,971.739990234375,975.3501,976.24304,0.0078129972926958,0.0808601149381704,58.82099270065254,913.9111328125,981.4299926757812,2,-0.015586431517168,0.0054889420998867,966.7100219726562,2025-09-08,2025-09-04,0.003949188915453341,0.003715098485094013,0.004634006844298808,8.321167776440657e-05,0.5882099270065254,0.8564845072765224,964.1477883214695,966.7100219726562,cierre_dia,979.3321921472806,966.7100219726562,cierre_dia,0.0,1,0.010557876145899937,-1.0,diario,clp,1,1,42,0.0015
2025-09-08,966.7100219726562,976.24304,976.66266,0.007681698757439,-0.1787075277519236,52.95616888160267,919.1043090820312,981.4299926757812,3,-0.0012262060033473,-0.0079671962195787,970.0399780273438,2025-09-09,2025-09-05,-0.005189692299872111,0.009861300504458147,0.010295370691445283,-0.00018486156519537813,0.5295616888160267,0.7638217528575794,959.2840467980651,970.0399780273438,cierre_dia,974.1359971472475,970.0399780273438,cierre_dia,0.0,1,0.010557876145899937,-1.0,diario,clp,1,1,42,0.0015
2025-09-09,970.0399780273438,976.66266,974.976,0.0074663233504568,-0.1474794801702721,56.51043026696122,919.1043090820312,981.4299926757812,4,0.0017831046647887,-0.0061967198963357,966.6699829101562,2025-09-10,2025-09-08,0.00343870849206368,0.006827225807872352,0.005088472727375687,-0.0001520344351891391,0.5651043026696122,0.8172500646333916,962.7973458885216,966.6699829101562,cierre_dia,977.2826101661659,966.6699829101562,cierre_dia,0.0,1,0.010557876145899937,-1.0,diario,clp,1,1,42,0.0015
2025-09-10,966.6699829101562,974.976,975.05493,0.0072755996090499,-0.3628624493452297,50.82717463622828,919.1043090820312,981.4299926757812,5,0.0023355300255342,-0.0149907084843308,961.3900146484376,2025-09-11,2025-09-09,-0.0034801272120304765,0.00859240199518611,0.008674053439210879,-0.00037537365984286977,0.5082717463622828,0.7631793361171392,959.6368791604149,961.3900146484376,cierre_dia,973.7030866598976,961.3900146484376,cierre_dia,0.0,1,0.010557876145899937,-1.0,diario,clp,1,1,42,0.0015
2025-09-11,961.3900146484376,965.3205,965.65497,0.0071917340087035,-0.8425886821431847,41.78480106939426,919.1043090820312,981.4299926757812,1,0.0108276966747339,-0.0018645656890414,952.3400268554688,2025-09-12,2025-09-10,-0.005476988752608318,0.004088335942411187,0.0044362384532587945,-0.0008764275364887201,0.4178480106939426,0.6784635663530333,954.4759533844624,954.4759533844624,stop_loss,968.3040759124128,952.3400268554688,cierre_dia,0.0,1,0.010557876145899937,-1.0,diario,clp,1,1,42,0.0015
2025-09-12,952.3400268554688,965.65497,965.7932,0.0074266627819411,-1.7015255185533626,43.246790076822336,919.1043090820312,981.4299926757812,2,0.0088616491270666,0.022838672854217,939.7928466796876,2025-09-15,2025-09-11,-0.009458027057043326,0.013981291103027461,0.014126438840287156,-0.0017866785712784008,0.43246790076822333,0.53325877643114,945.2673186222684,945.2673186222684,stop_loss,959.412735088669,939.7928466796876,cierre_dia,0.0,1,0.010557876145899937,-1.0,diario,clp,1,1,42,0.0015
2025-09-15,939.7928466796876,965.7932,966.38824,0.0080468600429836,-2.972421853438853,32.29936292177679,919.1043090820312,981.4299926757812,3,-0.0004357457445816,0.0236475058092753,951.0700073242188,2025-09-16,2025-09-12,-0.013262666982586893,0.02766604727006836,0.028299208080030183,-0.0031628479232848985,0.3229936292177679,0.33194240968952654,932.230465173059,951.0700073242188,cierre_dia,947.3552281863161,947.3552281863161,stop_loss,0.0,1,0.010557876145899937,-1.0,diario,clp,1,1,42,0.0015
2025-09-16,951.0700073242188,966.38824,967.7896,0.0083908507338835,-2.9077154112445047,39.36899755874011,919.1043090820312,981.4299926757812,4,0.014496124151625,0.0367442295588919,947.260009765625,2025-09-17,2025-09-15,0.011928199162290126,0.016106314527653143,0.01757977072878244,-0.0030573095448832377,0.3936899755874011,0.5128816307983987,943.0897208552877,947.260009765625,cierre_dia,959.0502937931498,947.260009765625,cierre_dia,0.0,2,0.010317055301189572,-1.0,diario,clp,1,1,42,0.0015
2025-09-17,947.260009765625,967.7896,968.8714,0.0081805679565085,-2.965470960502576,35.508214390559814,919.1043090820312,981.4299926757812,5,-0.0048447182133374,0.0293268099551226,951.6400146484376,2025-09-18,2025-09-16,-0.004014057239844903,0.021672603110791583,0.02281463379808694,-0.0031305775921399923,0.35508214390559817,0.45175117319398633,939.5108848832544,951.6400146484376,cierre_dia,955.0091346479957,951.6400146484376,cierre_dia,0.0,2,0.010317055301189572,-1.0,diario,clp,1,1,42,0.0015
2025-09-18,951.6400146484376,946.74066,941.95264,0.007988836611279,-2.567529941547688,39.37961874588864,919.1043090820312,981.4299926757812,1,-0.0134725631556488,0.0046153643004296,955.0599975585938,2025-09-19,2025-09-17,0.004613210378986846,-0.005148327700624825,-0.010179663002103191,-0.002698005445363923,0.39379618745888645,0.5220272557053676,944.037518058656,955.0599975585938,cierre_dia,959.2425112382192,955.0599975585938,cierre_dia,0.0,2,0.010317055301189572,-1.0,diario,clp,1,1,42,0.0015
2025-09-19,955.0599975585938,941.95264,946.4221,0.0077690097073412,-1.9602423071405364,42.98891801023557,919.1043090820312,981.4299926757812,2,-0.0065847932935611,-0.0107831368853523,954.9400024414062,2025-09-22,2025-09-18,0.003587335769549831,-0.013724119523485359,-0.009044350701185982,-0.002052480799270701,0.4298891801023557,0.5769000258533566,947.6401271664678,954.9400024414062,cierre_dia,962.4798679507198,954.9400024414062,cierre_dia,0.0,2,0.010317055301189572,-1.0,diario,clp,1,1,42,0.0015
2025-09-22,954.9400024414062,946.4221,943.7648,0.0075036425206311,-1.4750206301130475,42.17999015232135,925.760009765625,981.4299926757812,3,0.0061470838975394,-0.0042498105017862,955.7899780273438,2025-09-23,2025-09-19,-0.0001256493375343696,-0.008919829957514945,-0.011702517867966169,-0.001544621260332586,0.4217999015232135,0.5241602592706697,947.7744740344353,955.7899780273438,cierre_dia,962.1055308483773,955.7899780273438,cierre_dia,0.0,2,0.010317055301189572,-1.0,diario,clp,1,1,42,0.0015
2025-09-23,955.7899780273438,943.7648,943.19763,0.0072498285488202,-1.0264805178345546,37.87121763565898,925.760009765625,981.4299926757812,4,0.0008751230140683,-0.0177209713405039,948.0900268554688,2025-09-24,2025-09-22,0.00088968682199144,-0.0125814020901982,-0.013174806512758284,-0.0010739603275116037,0.37871217635658977,0.5394283722016409,948.8606645579649,948.8606645579649,stop_loss,962.7192914967227,948.0900268554688,cierre_dia,0.0,2,0.010317055301189572,-1.0,diario,clp,1,1,42,0.0015
2025-09-24,948.0900268554688,943.19763,945.3704,0.0073534419696311,-1.1677417083232269,36.60708393823409,925.760009765625,981.4299926757812,5,0.0025115780623503,-0.0104683924268006,952.010009765625,2025-09-25,2025-09-23,-0.00808873787694262,-0.005160266131788523,-0.002868532289585327,-0.00123167808461848,0.3660708393823409,0.4011141358868629,941.1183018610011,952.010009765625,cierre_dia,955.0617518499364,952.010009765625,cierre_dia,0.0,2,0.010317055301189572,-1.0,diario,clp,1,1,42,0.0015
2025-09-25,952.010009765625,951.02246,948.65326,0.0071826406231079,-0.9270552176146504,36.68406665381436,927.2899780273438,981.4299926757812,1,0.0359897946923935,0.0397068374754148,959.1300048828124,2025-09-26,2025-09-24,0.004126086412236591,-0.0010373312838045693,-0.003525960579397008,-0.0009737872586475029,0.3668406665381436,0.45659447820254107,945.172063995877,959.1300048828124,cierre_dia,958.847955535373,958.847955535373,stop_loss,0.0,2,0.010317055301189572,-1.0,diario,clp,1,1,42,0.0015
2025-09-26,959.1300048828124,948.65326,949.92664,0.0072119455614995,-0.253258253840499,45.02454654789872,930.0,981.4299926757812,2,-0.0111083392863963,0.0350142972395632,959.510009765625,2025-09-29,2025-09-25,0.007451079464181836,-0.010923174991373982,-0.009595534323771722,-0.0002640499750306971,0.45024546547898725,0.5664011089103249,952.2128115011968,959.510009765625,cierre_dia,966.0471982644278,959.510009765625,cierre_dia,0.0,2,0.010317055301189572,-1.0,diario,clp,1,1,42,0.0015
2025-09-29,959.510009765625,949.92664,949.0938,0.0069675145713083,0.2271292093469132,42.80977406945872,936.902587890625,981.4299926757812,3,0.0032924609806411,0.032063934796977,964.9400024414062,2025-09-30,2025-09-26,0.0003961190060461585,-0.00998777466424333,-0.010855759355933484,0.00023671374663657025,0.42809774069458717,0.5077192794882234,952.8246097912669,964.9400024414062,cierre_dia,966.1954097399832,964.9400024414062,cierre_dia,0.0,2,0.010317055301189572,-1.0,diario,clp,1,1,42,0.0015
2025-09-30,964.9400024414062,949.0938,950.7644,0.0068921138296769,0.8828693897517046,48.85103319453632,936.902587890625,981.4299926757812,4,0.0262663983907431,0.0586048826957639,961.260009765625,2025-10-01,2025-09-29,0.005643178104270027,-0.0164219561851655,-0.014690656834145506,0.0009149474449374532,0.4885103319453632,0.6296664871007228,958.2895261057713,961.260009765625,cierre_dia,971.5904787770412,961.260009765625,cierre_dia,0.0,2,0.010317055301189572,-1.0,diario,clp,1,1,42,0.0015
2025-10-01,961.260009765625,950.7644,952.02844,0.0067479953350375,1.0307520518704227,49.911782393256615,936.902587890625,981.4299926757812,5,-0.0074643208088281,0.0480968481317541,959.5499877929688,2025-10-02,2025-09-30,-0.0038209917244068697,-0.010918596070780082,-0.009603613665230703,0.0010722926590088163,0.49911782393256615,0.5470209187470958,954.7734317039685,959.5499877929688,cierre_dia,967.7465878272816,959.5499877929688,cierre_dia,0.0,2,0.010317055301189572,-1.0,diario,clp,1,1,42,0.0015
2025-10-02,959.5499877929688,960.22705,961.31696,0.0065427638635636,0.9759368424864084,55.43375063478397,936.902587890625,981.4299926757812,1,0.0052930013391957,0.0164124287691581,961.469970703125,2025-10-03,2025-10-01,-0.0017805222032345658,0.0007056038931212982,0.001841459256432698,0.0010170776456692272,0.5543375063478397,0.5086171092076207,953.271878807554,960.22705,take_profit,965.8280967783835,961.469970703125,cierre_dia,0.0,2,0.010317055301189572,-1.0,diario,clp,1,1,42,0.0015
2025-10-03,961.469970703125,961.31696,960.91327,0.0063421199874338,1.026382111800595,69.45286722724418,936.902587890625,981.4299926757812,2,0.0138769022067896,0.042127651544435,947.3361206054688,2025-10-06,2025-10-02,0.0019989209804599723,-0.00015914246704253112,-0.0005790099744018757,0.0010675134357550444,0.6945286722724419,0.551736238189427,955.3722127846113,955.3722127846113,stop_loss,967.5677286216387,961.31696,take_profit,0.0,2,0.010317055301189572,-1.0,diario,clp,1,1,42,0.0015
2025-10-06,947.3361206054688,960.91327,959.0047,0.0073589168095066,0.1133007352282515,46.812660992505776,936.902587890625,981.4299926757812,3,0.0321442553514948,0.0726328530748942,961.4299926757812,2025-10-07,2025-10-03,-0.014809370608928691,0.014331924117760578,0.012317253761076369,0.00011959929824679108,0.4681266099250578,0.23431710797396157,940.3647529032924,960.91327,take_profit,954.307488307645,954.307488307645,stop_loss,0.0,2,0.010317055301189572,-1.0,diario,clp,1,1,42,0.0015
2025-10-07,961.4299926757812,959.0047,958.81494,0.0081228753568205,0.4453338065425907,60.28933762231167,936.902587890625,981.4299926757812,4,-0.0141366413249618,0.0301590386348411,959.1099853515624,2025-10-08,2025-10-06,0.014767789634243642,-0.0025225889500611444,-0.0027199616152011746,0.0004631994112261574,0.6028933762231167,0.5508384084700296,953.620416680967,959.1099853515624,cierre_dia,969.2395686705955,959.1099853515624,cierre_dia,0.0,2,0.010317055301189572,-1.0,diario,clp,1,1,42,0.0015
2025-10-08,959.1099853515624,958.81494,959.2657,0.0078759445436416,0.491864326688993,55.59149570728374,936.902587890625,981.4299926757812,5,0.0121575730093704,0.050572328657418,950.469970703125,2025-10-09,2025-10-07,-0.0024159960003529764,-0.0003076241057528544,0.00016235327628308905,0.0005128341214263345,0.5559149570728374,0.498735499364663,951.5560882956805,951.5560882956805,stop_loss,966.6638824074442,958.81494,take_profit,0.0,2,0.010317055301189572,-1.0,diario,clp,1,1,42,0.0015
2025-10-09,950.469970703125,955.3194,955.19055,0.0080039950654555,-0.0474409889236004,46.81326206399155,936.902587890625,981.4299926757812,1,-0.0003962463037207,0.0446123325356926,950.4600219726562,2025-10-10,2025-10-08,-0.009049187576854082,0.005102138359287177,0.00496657384491896,-4.9913190722380415e-05,0.4681326206399155,0.3046973628479433,942.8624137477536,950.4600219726562,cierre_dia,958.0775276584965,950.4600219726562,cierre_dia,0.0,2,0.010317055301189572,-1.0,diario,clp,1,1,42,0.0015
2025-10-10,950.4600219726562,955.19055,958.9387,0.0077306805682505,-0.3748068079723023,46.88490443362131,936.902587890625,981.4299926757812,2,0.0058291935222696,0.0362393337130117,947.030029296875,2025-10-13,2025-10-09,-1.0467224471312231e-05,0.004977093110687272,0.00892060458234372,-0.00039434252815220995,0.4688490443362131,0.304473933467391,943.1123191498932,947.030029296875,cierre_dia,957.8077247954192,947.030029296875,cierre_dia,0.0,2,0.010317055301189572,-1.0,diario,clp,1,1,42,0.0015
2025-10-13,947.030029296875,958.9387,956.65955,0.0075379881842764,-0.7695769535567907,44.11986184914024,936.902587890625,981.4299926757812,3,-0.0457557121546094,-0.0414195945375843,956.5499877929688,2025-10-14,2025-10-10,-0.0036152984406202585,0.012574755113062957,0.010168126041657233,-0.0008126214900790054,0.4411986184914024,0.22744288500788856,939.8913281258802,956.5499877929688,cierre_dia,954.1687304678696,954.1687304678696,stop_loss,0.0,2,0.010317055301189572,-1.0,diario,clp,1,1,42,0.0015
2025-10-14,956.5499877929688,956.65955,955.453,0.0077471663747191,-0.357710669928472,55.54332663586686,936.902587890625,981.4299926757812,4,0.0506692627393086,0.0227591976170189,960.8499755859376,2025-10-15,2025-10-13,0.01000224606175929,0.00011453892470795847,-0.001146817005873197,-0.0003739592018121412,0.5554332663586686,0.44124287047812516,949.1394358918011,956.65955,take_profit,963.9605396941364,960.8499755859376,cierre_dia,0.0,2,0.010317055301189572,-1.0,diario,clp,1,1,42,0.0015
2025-10-15,960.8499755859376,955.453,957.96625,0.0075725755485867,0.2058379487253494,55.763619722233344,936.902587890625,981.4299926757812,5,-0.023808263054996,-0.0133715609134454,959.1199951171876,2025-10-16,2025-10-14,0.00448523530174729,-0.005616876435518979,-0.003001223561648257,0.0002142248571113581,0.5576361972223335,0.5378123385105922,953.5738665549554,959.1199951171876,cierre_dia,968.1260846169198,959.1199951171876,cierre_dia,0.0,2,0.010317055301189572,-1.0,diario,clp,1,1,42,0.0015
2025-10-16,959.1199951171876,967.97314,966.89105,0.0073361018850017,0.4496283329090742,49.99298029345814,936.902587890625,981.4299926757812,1,-0.0017081338268076,-0.0146650578058743,954.969970703125,2025-10-17,2025-10-15,-0.0018020916611495943,0.00923048724652084,0.008102275963773282,0.00046879257569240596,0.4999298029345814,0.49896029947761644,952.0837931130657,954.969970703125,cierre_dia,966.1561971213097,954.969970703125,cierre_dia,0.0,2,0.010317055301189572,-1.0,diario,clp,1,1,42,0.0015
2025-10-17,954.969970703125,966.89105,967.9357,0.0071932568778347,0.3247542108425953,46.97603397977736,936.902587890625,981.4299926757812,2,-0.0028197276557006,-0.0231503946554404,960.6500244140624,2025-10-20,2025-10-16,-0.004336296612041793,0.012483198071765232,0.013577106814498674,0.0003400674584599612,0.46976033979777365,0.4057587209421866,948.1006263932392,960.6500244140624,cierre_dia,961.839315013011,960.6500244140624,cierre_dia,0.0,2,0.010317055301189572,-1.0,diario,clp,1,1,42,0.0015
2025-10-20,960.6500244140624,967.9357,974.22766,0.0071215110354385,0.6019468668455574,47.15207798995945,939.7928466796876,981.4299926757812,3,-0.0053592776413097,0.0171187350641092,950.5499877929688,2025-10-21,2025-10-17,0.00593026839539086,0.007584110134574166,0.014133800281969653,0.0006266037074351902,0.4715207798995945,0.500927170568597,953.8087446640034,953.8087446640034,stop_loss,967.4913041641215,950.5499877929688,cierre_dia,0.0,2,0.010317055301189572,-1.0,diario,clp,1,1,42,0.0015
2025-10-21,950.5499877929688,974.22766,972.29926,0.0074679252156818,0.1081958344548343,43.44854468107985,939.7928466796876,981.4299926757812,4,0.0133946685130556,-0.0200960611129372,950.9500122070312,2025-10-22,2025-10-20,-0.010569412496253646,0.024909444543792153,0.02288072430312658,0.00011382445515153646,0.43448544681079854,0.25835442982308066,943.4513515703636,950.9500122070312,cierre_dia,957.6486240155738,950.9500122070312,cierre_dia,0.0,2,0.010317055301189572,-1.0,diario,clp,1,1,42,0.0015
2025-10-22,950.9500122070312,972.29926,971.74817,0.0072162028854509,-0.1730417561427983,44.65360074309721,939.7928466796876,981.4299926757812,5,-0.0136989081812145,-0.010139622662464,949.75,2025-10-23,2025-10-21,0.00042074616877592325,0.02245044168349073,0.021870926469309243,-0.00018196724740682308,0.4465360074309721,0.2679618225608065,944.0877639850233,949.75,cierre_dia,957.8122604290393,949.75,cierre_dia,0.0,2,0.010317055301189572,-1.0,diario,clp,1,1,42,0.0015
2025-10-23,949.75,949.07715,947.61414,0.0069850306899156,-0.4080533012879903,42.64816238517778,939.7928466796876,974.3499755859376,1,0.0062683731636311,-0.0022124207828875,946.9400024414062,2025-10-24,2025-10-22,-0.0012627056966049096,-0.0007084495919979357,-0.0022488654909186413,-0.0004296428547386052,0.4264816238517778,0.2881360123210796,943.1159671022526,946.9400024414062,cierre_dia,956.3840328977473,949.07715,take_profit,0.0,2,0.010317055301189572,-1.0,diario,clp,1,1,42,0.0015
2025-10-24,946.9400024414062,947.61414,950.37787,0.0068050802411442,-0.7035870310591443,49.71037181297427,939.7928466796876,974.3499755859376,2,0.0240975149630041,0.0250100022312669,930.953857421875,2025-10-27,2025-10-23,-0.002963056283196861,0.0007119115855869485,0.003630501985057395,-0.0007430112037142291,0.49710371812974274,0.20682145733542123,940.4959997412432,940.4959997412432,stop_loss,953.3840051415692,930.953857421875,cierre_dia,0.0,2,0.010317055301189572,-1.0,diario,clp,1,1,42,0.0015
2025-10-27,930.953857421875,950.37787,949.6423,0.0080451570235189,-1.8608298590926444,28.31688241756811,930.953857421875,974.3499755859376,3,0.0022604026481397,0.0328500822608163,939.9000244140624,2025-10-28,2025-10-24,-0.01702602211824523,0.02086463515164615,0.02007451006205568,-0.0019988422028197074,0.2831688241756811,0.0,923.4641874572653,939.9000244140624,cierre_dia,938.4435273864847,938.4435273864847,stop_loss,0.0,2,0.010317055301189572,-1.0,diario,clp,1,1,42,0.0015
2025-10-28,939.9000244140624,949.6423,950.99146,0.0081698411004582,-1.902147560721924,37.51015898816474,930.953857421875,974.3499755859376,4,0.0091851203485773,0.0285113884700053,942.0999755859376,2025-10-29,2025-10-27,0.00956379893513279,0.010365225378104408,0.011800654641808336,-0.002023776477618171,0.3751015898816474,0.20615131884298182,932.2211905642828,942.0999755859376,cierre_dia,947.5788582638421,942.0999755859376,cierre_dia,0.0,2,0.010317055301189572,-1.0,diario,clp,1,1,42,0.0015
2025-10-29,942.0999755859376,950.99146,951.8013,0.0079114376321272,-1.66805142419599,44.060655513342326,930.953857421875,974.3499755859376,5,0.0,0.0426978189970576,940.510009765625,2025-10-30,2025-10-28,0.002337887538683547,0.009437941454708458,0.010297552983194413,-0.0017705673149588483,0.4406065551334233,0.25684597230387735,934.6466103858609,940.510009765625,cierre_dia,949.5533407860144,940.510009765625,cierre_dia,0.0,2,0.010317055301189572,-1.0,diario,clp,1,1,42,0.0015
2025-10-30,940.510009765625,942.3206,937.8442,0.0076591835556507,-1.5116647577658535,43.09432613117736,930.953857421875,973.1400146484376,1,0.0179299066835026,0.0549284499159023,942.02001953125,2025-10-31,2025-10-29,-0.0016891084300092924,0.0019251153263389637,-0.002834429977294254,-0.0016072819449763859,0.43094326131177363,0.2265234136503181,933.3064709649033,942.02001953125,cierre_dia,947.7135485663468,942.02001953125,cierre_dia,0.0,2,0.010317055301189572,-1.0,diario,clp,1,1,42,0.0015
2025-10-31,942.02001953125,937.8442,942.6566,0.0074103497204354,-1.2109043396322678,46.42766371539686,930.953857421875,973.1400146484376,2,-0.0301627742372471,-0.000787034682633,928.7900390625,2025-11-03,2025-10-30,0.0016042347967558767,-0.004432835231387005,0.0006757610831527645,-0.0012854337641728835,0.4642766371539686,0.2623173769998459,935.0393217428721,935.0393217428721,stop_loss,949.0007173196279,937.8442,take_profit,0.0,2,0.010317055301189572,-1.0,diario,clp,1,1,42,0.0015
2025-11-03,928.7900390625,942.6566,941.4441,0.008129909234549,-1.7733314545392913,31.20068382342613,928.7900390625,973.1400146484376,3,-0.0024646902180882,-0.00549727181936,938.530029296875,2025-11-04,2025-10-31,-0.014143820704260771,0.014929704620321536,0.013624242730114523,-0.0019092920681290388,0.3120068382342613,0.0,921.2390603469686,938.530029296875,cierre_dia,936.3410177780314,936.3410177780314,stop_loss,0.0,2,0.010317055301189572,-1.0,diario,clp,1,1,42,0.0015
2025-11-04,938.530029296875,941.4441,944.0481,0.0083215427956749,-1.3773727843778962,35.92198324912722,928.7900390625,973.1400146484376,4,-0.0036588128332634,-0.0181889186032813,946.3900146484376,2025-11-05,2025-11-03,0.01043214683181076,0.0031049307024392206,0.005879482308370024,-0.0014675852038637401,0.3592198324912722,0.21961658615801657,930.720011493055,941.4441,take_profit,946.340047100695,946.340047100695,stop_loss,0.0,2,0.010317055301189572,-1.0,diario,clp,1,1,42,0.0015
2025-11-05,946.3900146484376,944.0481,946.7365,0.0083297497802049,-0.5183114873316859,42.547054384119306,928.7900390625,973.1400146484376,5,-0.0242666700483384,-0.0417274482139362,943.4199829101562,2025-11-06,2025-11-04,0.008339909095452137,-0.002474576667324206,0.00036611264510337836,-0.0005476721851553208,0.42547054384119304,0.3968429599658714,938.5068226319316,943.4199829101562,cierre_dia,954.2732066649435,944.0481,take_profit,0.0,2,0.010317055301189572,-1.0,diario,clp,1,1,42,0.0015
2025-11-06,943.4199829101562,952.46027,952.57324,0.0080939129623803,-0.1039849013214269,43.143157578924274,928.7900390625,973.1400146484376,1,0.0074830367750562,-0.0516862869797078,942.0,2025-11-07,2025-11-05,-0.003143209303989009,0.009582463010755106,0.009702208195345686,-0.00011022121982265621,0.43143157578924274,0.3298749019445927,935.7840236815111,942.0,cierre_dia,951.0559421388014,942.0,cierre_dia,0.0,2,0.010317055301189572,-1.0,diario,clp,1,1,42,0.0015
2025-11-07,942.0,952.57324,955.1915,0.0078313719977166,0.1090283971120342,38.33823625946694,928.7900390625,973.1400146484376,2,-0.0035323091084347,-0.0260929834323973,929.9956665039062,2025-11-10,2025-11-06,-0.0015062778495055133,0.01122424628450112,0.01400371549893845,0.00011574139820810424,0.3833823625946694,0.29785723132818553,934.622847578151,934.622847578151,stop_loss,949.377152421849,929.9956665039062,cierre_dia,0.0,2,0.010317055301189572,-1.0,diario,clp,1,1,42,0.0015
2025-11-10,929.9956665039062,955.1915,956.8298,0.0083336843116414,-0.49102110730567,37.44645128390184,928.7900390625,973.1400146484376,3,-0.0015176195049082,-0.0251701877122198,937.4400024414062,2025-11-11,2025-11-07,-0.012825348113136844,0.027092420323646678,0.028854041435451158,-0.0005279821454991776,0.3744645128390184,0.027184399212804244,922.2453762080681,937.4400024414062,cierre_dia,937.7459567997445,937.4400024414062,cierre_dia,0.0,2,0.010317055301189572,-1.0,diario,clp,1,1,42,0.0015
2025-11-11,937.4400024414062,956.8298,954.82025,0.0083158339987052,-0.3269392543091491,42.40249986956968,928.7900390625,973.1400146484376,4,0.0297278129771929,0.0079254928466866,935.6300048828124,2025-11-12,2025-11-10,0.007972831937585644,0.020683774436866607,0.018540117248388995,-0.00034875752416974986,0.4240249986956968,0.1950387404869048,929.6444069973577,935.6300048828124,cierre_dia,945.2355978854548,935.6300048828124,cierre_dia,0.0,2,0.010317055301189572,-1.0,diario,clp,1,1,42,0.0015
2025-11-12,935.6300048828124,954.82025,955.4872,0.0080513955655482,-0.2823608952530403,42.113573917134254,928.7900390625,973.1400146484376,5,-0.0075970632916709,0.0248680348840349,929.52001953125,2025-11-13,2025-11-11,-0.001932654001079352,0.020510506308090426,0.021223341506319857,-0.0003017869176698817,0.42113573917134256,0.15422704815380298,928.0968776105051,929.52001953125,cierre_dia,943.1631321551197,929.52001953125,cierre_dia,0.0,2,0.010317055301189572,-1.0,diario,clp,1,1,42,0.0015
2025-11-13,929.52001953125,931.3333,930.0418,0.0079848638788438,-0.5887935000709756,40.61634283001391,928.7900390625,973.1400146484376,1,0.0080884026144595,0.0254886428107165,929.3800048828124,2025-11-14,2025-11-12,-0.006551759512937208,0.0019507707533447554,0.0005613439816100964,-0.0006334382129476886,0.40616342830013913,0.016459546123886944,922.0979287026328,929.3800048828124,cierre_dia,936.9421103598672,929.3800048828124,cierre_dia,0.0,2,0.010317055301189572,-1.0,diario,clp,1,1,42,0.0015
2025-11-14,929.3800048828124,930.0418,930.74567,0.0077142507614164,-0.7168377105118209,48.97768234489992,928.7900390625,973.1400146484376,2,-0.0003930146523044,0.0287130120961696,918.2572631835938,2025-11-17,2025-11-13,-0.00015064247335901636,0.0007120823707316874,0.0014694367320285007,-0.0007713074380185408,0.4897768234489992,0.013302506089754225,922.2105344725,922.2105344725,stop_loss,936.5494752931247,918.2572631835938,cierre_dia,0.0,2,0.010317055301189572,-1.0,diario,clp,1,1,42,0.0015
2025-11-17,918.2572631835938,930.74567,930.00134,0.0081433544412379,-1.4256174068043563,36.3282349448458,918.2572631835938,973.1400146484376,3,-0.0074973432960609,0.0225799477140062,923.3699951171876,2025-11-18,2025-11-14,-0.012040107934330826,0.013600117654511131,0.012789527823269937,-0.0015525250536671468,0.36328234944845805,0.0,910.7795688212486,923.3699951171876,cierre_dia,925.7349575459389,923.3699951171876,cierre_dia,0.0,2,0.010317055301189572,-1.0,diario,clp,1,1,42,0.0015
2025-11-18,923.3699951171876,930.00134,931.15405,0.0079970039435005,-1.421876183367936,38.588199069122695,918.2572631835938,973.1400146484376,4,-0.0098513137839929,-0.0171023972901925,931.9000244140624,2025-11-19,2025-11-17,0.005552421149001702,0.007181676811981323,0.008430049626882746,-0.0015398769625251702,0.385881990691227,0.09315735448994238,915.9858016249254,930.00134,take_profit,930.7541886094498,930.7541886094498,stop_loss,0.0,2,0.010317055301189572,-1.0,diario,clp,1,1,42,0.0015
2025-11-19,931.9000244140624,931.15405,930.6183,0.0080952458780899,-0.7504120946515682,45.16315513727464,918.2572631835938,973.1400146484376,5,-0.0075282472031733,-0.0170347557943954,931.9500122070312,2025-11-20,2025-11-18,0.009195523361659104,-0.0008004876000850395,-0.0013753883254465,-0.0008052495707609775,0.4516315513727464,0.24858012520031458,924.3560645826326,931.9500122070312,cierre_dia,939.4439842454922,931.9500122070312,cierre_dia,0.0,2,0.010317055301189572,-1.0,diario,clp,1,1,42,0.0015
2025-11-20,931.9500122070312,934.32904,932.29974,0.0078200035466468,-0.2350976038911678,44.24861066858721,918.2572631835938,973.1400146484376,1,0.0091269480004112,-0.0160133714903001,930.1500244140624,2025-11-21,2025-11-19,5.36392864217529e-05,0.0025527418443128,0.00037526454035938256,-0.0002522641781337744,0.4424861066858721,0.24949093582176976,924.6621598062748,930.1500244140624,cierre_dia,939.2378646077876,930.1500244140624,cierre_dia,0.0,2,0.010317055301189572,-1.0,diario,clp,1,1,42,0.0015
2025-11-21,930.1500244140624,932.29974,936.21063,0.0075769701952645,0.037806421848753,50.89338553101943,918.2572631835938,973.1400146484376,2,-0.0097317171017257,-0.0251597556756742,938.5700073242188,2025-11-24,2025-11-20,-0.0019332885647453681,0.002311149308727746,0.006515729104834956,4.0645509709650045e-05,0.5089338553101943,0.2166939687432901,923.1023054019525,932.29974,take_profit,937.1977434261723,937.1977434261723,stop_loss,0.0,2,0.010317055301189572,-1.0,diario,clp,1,1,42,0.0015
2025-11-24,938.5700073242188,936.21063,935.9457,0.0076954665474158,0.796594670478723,50.0267253781743,918.2572631835938,973.1400146484376,3,0.0098315927428302,-0.0081195939135955,940.6400146484376,2025-11-25,2025-11-21,0.0090115584443199,-0.0025138000424124907,-0.002796069876236972,0.000848732288761011,0.500267253781743,0.37011162156541466,931.3472732304474,940.6400146484376,cierre_dia,945.7927414179901,940.6400146484376,cierre_dia,0.0,2,0.010317055301189572,-1.0,diario,clp,1,1,42,0.0015
2025-11-25,940.6400146484376,935.9457,934.7062,0.0074557127081579,1.4130925954608733,45.83358394571208,918.2572631835938,973.1400146484376,4,-0.0093276251287352,-0.0076000213623046,934.9600219726562,2025-11-26,2025-11-24,0.0022030620710232793,-0.004990553851987805,-0.006308273681781865,0.0015022671515723409,0.4583358394571208,0.40782852294097427,933.6268729374214,934.9600219726562,cierre_dia,947.6531563594538,935.9457,take_profit,0.0,2,0.010317055301189572,-1.0,diario,clp,1,1,42,0.0015
2025-11-26,934.9600219726562,934.7062,940.3103,0.0073977482561832,1.410280243809046,44.1016065173061,918.2572631835938,971.739990234375,5,0.0075290032502236,0.0074558592932125,925.7000122070312,2025-11-27,2025-11-25,-0.006056739100712397,-0.0002714789581278013,0.005722467166088313,0.0015083856107916997,0.441016065173061,0.3123019283067488,928.043423100507,928.043423100507,stop_loss,941.8766208448054,934.7062,take_profit,0.0,2,0.010317055301189572,-1.0,diario,clp,1,1,42,0.0015
2025-11-27,925.7000122070312,937.6155,941.549,0.0076494368959176,0.7877609958704443,39.7554117452999,918.2572631835938,971.739990234375,1,0.0207846007616192,0.019269153729237,926.8800048828124,2025-11-28,2025-11-26,-0.00995354986609698,0.01287186738235007,0.0171210841352178,0.0008509895057603855,0.397554117452999,0.1391617337756673,918.6189283791034,926.8800048828124,cierre_dia,932.7810960349592,926.8800048828124,cierre_dia,0.0,2,0.010317055301189572,-1.0,diario,clp,1,1,42,0.0015
2025-11-28,926.8800048828124,941.549,935.26843,0.0073976566335544,0.4739160581022261,47.73339821982483,918.2572631835938,970.0399780273438,2,0.0,0.0292368153487824,927.5700073242188,2025-12-01,2025-11-27,0.0012738913563464563,0.015826207319082502,0.009050173779774382,0.0005113024939643017,0.4773339821982483,0.16651776032286134,920.0232648661821,927.5700073242188,cierre_dia,933.7367448994426,927.5700073242188,cierre_dia,0.0,2,0.010317055301189572,-1.0,diario,clp,1,1,42,0.0015
2025-12-01,927.5700073242188,935.26843,942.761,0.0071516388281968,0.3376442855645392,42.03717527767225,918.2572631835938,970.0399780273438,3,0.0157438292466849,0.0353399305722826,929.2999877929688,2025-12-02,2025-11-28,0.0007441586116706684,0.008299559725943515,0.016377192617086662,0.00036400949027939026,0.42037175277672245,0.17984271718324202,920.9363616439681,929.2999877929688,cierre_dia,934.2036530044693,929.2999877929688,cierre_dia,0.0,2,0.010317055301189572,-1.0,diario,clp,1,1,42,0.0015
2025-12-02,929.2999877929688,942.761,942.1875,0.0069282284683885,0.3854149328259746,44.88652443804586,918.2572631835938,966.6699829101562,4,0.0064394893457422,0.0517936265648081,923.4600219726562,2025-12-03,2025-12-01,0.0018633301995723468,0.014485109635049396,0.013867978452941026,0.00041473683190431515,0.4488652443804586,0.22809552265902164,922.8615851618684,923.4600219726562,cierre_dia,935.738390424069,923.4600219726562,cierre_dia,0.0,2,0.010317055301189572,-1.0,diario,clp,1,1,42,0.0015
2025-12-03,923.4600219726562,942.1875,940.34235,0.0069212442082695,0.0620608610700692,45.08320036922922,918.2572631835938,964.9400024414062,5,-0.0111754707905999,0.0323032270512749,918.4500122070312,2025-12-04,2025-12-02,-0.006304092413812535,0.020279684644429873,0.018281601396539556,6.720470793905882e-05,0.45083200369229215,0.1114493037850559,917.0685296440096,918.4500122070312,cierre_dia,929.8515143013029,918.4500122070312,cierre_dia,0.0,2,0.010317055301189572,-1.0,diario,clp,1,1,42,0.0015
2025-12-04,918.4500122070312,919.84564,922.26953,0.0068597959283579,-0.4241318327010361,41.781394652952365,918.2572631835938,964.9400024414062,1,0.0280848174419795,0.0398668386998417,917.22998046875,2025-12-05,2025-12-03,-0.0054400291307762265,0.0015195468173766645,0.0041586561513462204,-0.0004617908727355223,0.41781394652952364,0.004128914166176375,912.1496325528932,917.22998046875,cierre_dia,924.7503918611693,917.22998046875,cierre_dia,0.0,2,0.010317055301189572,-1.0,diario,clp,1,1,42,0.0015
2025-12-05,917.22998046875,922.26953,923.4837,0.0066452116679657,-0.7440673697751548,49.09238957523337,917.22998046875,964.9400024414062,2,-0.0031133561458664,0.0366343973682361,921.3800048828124,2025-12-08,2025-12-04,-0.0013292424853864856,0.005494314009093523,0.00681804963249679,-0.0008112113489736777,0.4909238957523337,0.0,911.1347931003311,921.3800048828124,cierre_dia,923.3251678371688,921.3800048828124,cierre_dia,0.0,2,0.010317055301189572,-1.0,diario,clp,1,1,42,0.0015
2025-12-08,921.3800048828124,923.4837,926.4619,0.0065315298029416,-0.5986242741888326,48.211405662675,917.22998046875,964.9400024414062,3,0.0169582697809186,0.0378940929574496,922.6900024414062,2025-12-09,2025-12-05,0.004514314068686401,0.00228320031478779,0.00551552572256436,-0.0006497039994534826,0.48211405662675,0.08698433248345315,915.3619839210859,922.6900024414062,cierre_dia,927.3980258445389,922.6900024414062,cierre_dia,0.0,2,0.010317055301189572,-1.0,diario,clp,1,1,42,0.0015
2025-12-09,922.6900024414062,926.4619,925.6368,0.0063260050969247,-0.3489947282223253,40.48747461069759,917.22998046875,964.9400024414062,4,-0.0032568630065428,0.0278789398225825,925.6799926757812,2025-12-10,2025-12-08,0.0014207679467180697,0.004087935870783743,0.0031937027070810544,-0.00037823616523306546,0.4048747461069759,0.11444182473413067,916.8530607830804,925.6799926757812,cierre_dia,928.5269440997321,925.6799926757812,cierre_dia,0.0,3,0.010201951413447282,-1.0,diario,clp,1,1,42,0.0015
2025-12-10,925.6799926757812,925.6368,929.855,0.0061746433619969,0.0608595105017437,43.89481741743318,917.22998046875,964.9400024414062,5,-0.0233862750952552,0.0154040305815149,923.3300170898438,2025-12-11,2025-12-09,0.0032352752428285916,-4.666048323719619e-05,0.004510205856508191,6.574573392887373e-05,0.4389481741743318,0.17711189091202165,919.9642488536724,923.3300170898438,cierre_dia,931.3957364978901,925.6368,take_profit,0.0,3,0.010201951413447282,-1.0,diario,clp,1,1,42,0.0015
2025-12-11,923.3300170898438,929.7554,928.5162,0.0060186622497811,0.2087313914785573,43.42966075483741,917.22998046875,964.9400024414062,1,0.0066565190818472,-0.0061228836645815,913.75,2025-12-12,2025-12-10,-0.0025418757484468,0.006958923452318612,0.005616824769221858,0.00022606369078787014,0.43429660754837407,0.12785650412380498,917.7728055718953,917.7728055718953,stop_loss,928.8872286077922,913.75,cierre_dia,0.0,3,0.010201951413447282,-1.0,diario,clp,1,1,42,0.0015
2025-12-12,913.75,928.5162,928.6555,0.006487603448715,-0.2772339814335911,26.611375361627083,913.75,964.9400024414062,2,0.0283130759017393,0.025607096641639,909.75,2025-12-15,2025-12-11,-0.010429707843389181,0.01616000000000003,0.016312448700410355,-0.00030340244206138563,0.2661137536162708,0.0,907.8219523487367,909.75,cierre_dia,919.6780476512632,909.75,cierre_dia,1.0,3,0.010201951413447282,-1.0,diario,clp,1,1,42,0.0015
2025-12-15,909.75,928.6555,930.518,0.0063938965674542,-0.7782656306887432,21.913056797446217,909.75,964.9400024414062,3,-0.0267977097951513,-0.0183017048478976,913.8300170898438,2025-12-16,2025-12-12,-0.004387174571719056,0.02078098378675456,0.022828249519098686,-0.0008554719765746009,0.21913056797446218,0.0,903.9331525977586,913.8300170898438,cierre_dia,915.5668474022414,913.8300170898438,cierre_dia,1.0,3,0.010201951413447282,-1.0,diario,clp,1,1,42,0.0015
2025-12-16,913.8300170898438,930.518,926.52124,0.0062926922212614,-0.745053984023758,30.21165097823129,909.75,964.9400024414062,4,0.0103559252025541,-0.0048466814551813,913.4400024414062,2025-12-17,2025-12-15,0.004474740740255184,0.018261583224526087,0.013887947072008402,-0.0008153091604458727,0.3021165097823129,0.07392674233300488,908.0795660497473,913.4400024414062,cierre_dia,919.5804681299402,913.4400024414062,cierre_dia,0.0,3,0.010201951413447282,-1.0,diario,clp,1,1,42,0.0015
2025-12-17,913.4400024414062,926.52124,929.3105,0.0060902605093664,-0.6622988528759963,36.23090253024337,909.75,964.9400024414062,5,-0.0096937077586613,0.0088732384754497,917.4199829101562,2025-12-18,2025-12-16,-0.0004268823438149721,0.014320850328024578,0.01737442800422114,-0.0007250600489422733,0.3623090253024337,0.06685997967338064,907.8769148668617,917.4199829101562,cierre_dia,919.0030900159508,917.4199829101562,cierre_dia,0.0,3,0.010201951413447282,-1.0,diario,clp,1,1,42,0.0015
2026-01-08,894.8400268554688,895.78326,897.28253,0.0069393616217804,-0.6601656259761768,35.24280401348153,893.4299926757812,960.8499755859376,1,-0.0340994905089602,0.0142296034829468,896.489990234375,2026-01-09,2026-01-07,-0.020572733533530632,0.0010540801888868105,0.00272954167362666,-0.0007377470901654295,0.3524280401348153,0.020914187735207628,888.6304083154749,895.78326,take_profit,901.0496453954624,896.489990234375,cierre_dia,1.0,3,0.010201951413447282,-1.0,diario,clp,1,1,42,0.0015
2026-01-09,896.489990234375,897.28253,895.86743,0.0067246151361758,-0.5445115292769174,32.756638792370794,893.4299926757812,960.6500244140624,2,-0.0108174651551501,0.0206926995470301,894.6300048828125,2026-01-12,2026-01-08,0.0018421662449369955,0.0008840475345605954,-0.0006944419247918509,-0.0006073816051583156,0.32756638792370796,0.0455221082088706,890.4614400766148,894.6300048828125,cierre_dia,902.5185403921352,894.6300048828125,cierre_dia,0.0,3,0.010201951413447282,-1.0,diario,clp,1,1,42,0.0015
2026-01-12,894.6300048828125,895.86743,897.9056,0.0065313897217167,-0.4994793159877648,35.646401148690515,893.4299926757812,960.6500244140624,3,0.0187904518034645,0.0382092836645984,883.6699829101562,2026-01-13,2026-01-09,-0.002076897165148594,0.0013831697019256618,0.0036613964424506637,-0.0005583082539839378,0.35646401148690515,0.017852002981841128,888.7868276641815,888.7868276641815,stop_loss,900.4731821014435,883.6699829101562,cierre_dia,0.0,3,0.010201951413447282,-1.0,diario,clp,1,1,42,0.0015
2026-01-13,883.6699829101562,897.9056,899.08575,0.007151631099419,-1.0806768574975836,30.016597349768983,883.6699829101562,960.6500244140624,4,0.0218749330326478,0.0102118567094879,885.5499877929688,2026-01-14,2026-01-12,-0.012326559999339518,0.016109653337960165,0.017445163226067227,-0.0012229416845626374,0.3001659734976898,0.0,877.3503011787529,885.5499877929688,cierre_dia,889.9896646415597,885.5499877929688,cierre_dia,1.0,3,0.010201951413447282,-1.0,diario,clp,1,1,42,0.0015
2026-01-14,885.5499877929688,899.08575,903.7386,0.0069332471454043,-1.202032143290868,32.32324331283404,883.6699829101562,950.9500122070312,5,-0.0025094690573744,-0.0067382354779859,881.3400268554688,2026-01-15,2026-01-13,0.002125236682324617,0.015285147528222557,0.020539339910513956,-0.001357384856711092,0.3232324331283404,0.027942985495992074,879.4102508679903,881.3400268554688,cierre_dia,891.6897247179471,881.3400268554688,cierre_dia,1.0,3,0.010201951413447282,-1.0,diario,clp,1,1,42,0.0015
2026-01-15,881.3400268554688,891.7224,892.9678,0.0068328036285685,-1.4147132841956154,31.309366569244546,881.3400268554688,950.9500122070312,1,0.0065114238888483,0.0344293008675825,882.510009765625,2026-01-16,2026-01-14,-0.004765400075395384,0.011780212889654508,0.013193288390654364,-0.0016051844249524987,0.31309366569244546,0.0,875.318003521968,882.510009765625,cierre_dia,887.3620501889695,882.510009765625,cierre_dia,0.0,3,0.010201951413447282,-1.0,diario,clp,1,1,42,0.0015
2026-01-16,882.510009765625,892.9678,894.29535,0.0066150480627537,-1.3269267393939117,34.122037703768456,881.3400268554688,949.75,2,-0.0102032952477668,0.035064811351222,886.1900024414062,2026-01-19,2026-01-15,0.0013266242111923626,0.011850052825069221,0.013354341711665014,-0.0015035826502934667,0.34122037703768454,0.017102519652864086,876.6721636351641,886.1900024414062,cierre_dia,888.3478558960858,886.1900024414062,cierre_dia,0.0,3,0.010201951413447282,-1.0,diario,clp,1,1,42,0.0015
2026-01-19,886.1900024414062,894.29535,898.3567,0.0064881524844358,-0.8922074921060812,36.145931731726726,881.3400268554688,946.9400024414062,3,-0.0271818592347448,-0.0114422998151283,887.2899780273438,2026-01-20,2026-01-16,0.004161246068413312,0.009146286390349624,0.013729220060117122,-0.0010067902928808687,0.36145931731726727,0.07393258217884424,880.4402665753839,887.2899780273438,cierre_dia,891.9397383074286,887.2899780273438,cierre_dia,0.0,3,0.010201951413447282,-1.0,diario,clp,1,1,42,0.0015
2026-01-20,887.2899780273438,898.3567,899.6105,0.006283833083719,-0.4254433913196394,28.109720742374307,881.3400268554688,946.3900146484376,4,0.0,-0.0328321298208056,884.6099853515625,2026-01-21,2026-01-19,0.00124047154645362,0.012472497432305328,0.013885564221121596,-0.00047948630307478624,0.28109720742374306,0.0914673680003076,881.7143959085632,884.6099853515625,cierre_dia,892.8655601461243,884.6099853515625,cierre_dia,0.0,3,0.010201951413447282,-1.0,diario,clp,1,1,42,0.0015
2026-01-21,884.6099853515625,899.6105,895.9562,0.0061406349175571,-0.2033218148472926,34.6546037960407,881.3400268554688,946.3900146484376,5,-0.0026813265567879,-0.0329983305906542,874.3499755859375,2026-01-22,2026-01-20,-0.003024995513063069,0.01695720701420297,0.01282623397465748,-0.00022984345441962002,0.34654603796040706,0.050268395230155506,879.177918387093,879.177918387093,stop_loss,890.0420523160319,874.3499755859375,cierre_dia,0.0,3,0.010201951413447282,-1.0,diario,clp,1,1,42,0.0015
2026-01-22,874.3499755859375,888.215,882.17596,0.0067353174893578,-0.6294569840068043,28.89327644453138,874.3499755859375,946.3900146484376,1,-0.0075636001842843,-0.0465135656168101,871.25,2026-01-23,2026-01-21,-0.011666128118413301,0.015857522503813205,0.008950631477764977,-0.0007199142238037801,0.2889327644453138,0.0,868.4609509035539,871.25,cierre_dia,880.2390002683211,871.25,cierre_dia,1.0,3,0.010201951413447282,-1.0,diario,clp,1,1,42,0.0015
2026-01-23,871.25,882.17596,887.1955,0.0065894547884264,-0.9811968987910706,19.24363303777412,871.25,946.3900146484376,2,0.0022663907619747,-0.0345494498094415,870.0399780273438,2026-01-26,2026-01-22,-0.0035517631624062468,0.012540556671449104,0.018301865136298466,-0.001126194431897929,0.19243633037774122,0.0,865.5089375155835,870.0399780273438,cierre_dia,876.9910624844165,870.0399780273438,cierre_dia,1.0,3,0.010201951413447282,-1.0,diario,clp,1,1,42,0.0015
2026-01-26,870.0399780273438,887.1955,885.4791,0.0063877507897003,-1.1450197513215483,19.706774731907856,870.0399780273438,946.3900146484376,3,0.0289203580782759,0.021162640810507,864.5900268554688,2026-01-27,2026-01-23,-0.0013897997262862442,0.019718084692560096,0.017745301782179763,-0.001316054181691364,0.19706774731907856,0.0,864.4823794706288,864.5900268554688,cierre_dia,875.5975765840587,864.5900268554688,cierre_dia,1.0,3,0.010201951413447282,-1.0,diario,clp,1,1,42,0.0015
2026-01-27,864.5900268554688,885.4791,886.24194,0.006416546117888,-1.450444609775133,21.513198192332368,864.5900268554688,946.3900146484376,4,0.0122742913300002,0.0337739275303055,859.75,2026-01-28,2026-01-26,-0.006283725162396512,0.024160668635636758,0.025042982768699856,-0.0016776096932906211,0.21513198192332367,0.0,859.0423450750847,859.75,cierre_dia,870.1377086358528,859.75,cierre_dia,1.0,3,0.010201951413447282,-1.0,diario,clp,1,1,42,0.0015
2026-01-28,859.75,886.24194,880.98193,0.0063972971474177,-1.7863821848445909,17.53920996258836,859.75,946.3900146484376,5,-0.0263296330609804,0.0096137247170157,862.4400024414062,2026-01-29,2026-01-27,-0.00561378787367527,0.030813538819424252,0.024695469613259708,-0.0020777925965043222,0.1753920996258836,0.0,854.2499237775077,862.4400024414062,cierre_dia,865.2500762224925,862.4400024414062,cierre_dia,1.0,3,0.010201951413447282,-1.0,diario,clp,1,1,42,0.0015
2026-01-29,862.4400024414062,858.2206,859.7888,0.0062411844080833,-1.6392137322114824,19.095982353065,859.75,946.3900146484376,1,0.0109207008452449,0.0284492734131671,859.1599731445312,2026-01-30,2026-01-28,0.00312393478678889,-0.0048924011287300225,-0.003074071742847218,-0.0019006698756680756,0.19095982353065,0.031048037703151045,857.0573553452616,859.1599731445312,cierre_dia,867.8226495375508,859.1599731445312,cierre_dia,0.0,3,0.010201951413447282,-1.0,diario,clp,1,1,42,0.0015
2026-01-30,859.1599731445312,859.7888,861.0984,0.0061323178665465,-1.574215972984616,18.61611757297817,859.1599731445312,943.4199829101562,2,0.046909494425695,0.0754027167055761,865.9299926757812,2026-02-02,2026-01-29,-0.003810447620922511,0.0007319089286332521,0.0022561885051209547,-0.0018322734091335458,0.1861611757297817,0.0,853.8913310909954,859.7888,take_profit,864.4286151980671,864.4286151980671,stop_loss,0.0,3,0.010201951413447282,-1.0,diario,clp,1,1,42,0.0015
2026-02-02,865.9299926757812,861.0984,864.2842,0.0062843170325334,-0.9191699083183592,33.04662801413889,859.1599731445312,942.0,3,-0.046146118104016,-0.0023684553371519,865.1099853515625,2026-02-03,2026-01-30,0.00784892895017164,-0.005579657381829838,-0.0019006070810592736,-0.0010614829329078474,0.3304662801413889,0.08172401420223672,860.4882140738273,865.1099853515625,cierre_dia,871.3717712777351,865.1099853515625,cierre_dia,0.0,3,0.010201951413447282,-1.0,diario,clp,1,1,42,0.0015
2026-02-03,865.1099853515625,864.2842,866.43744,0.0060887238111846,-0.4109144021392854,30.062404520844964,859.1599731445312,940.6400146484376,4,-0.0163272413557205,-0.0304980541634082,860.0399780273438,2026-02-04,2026-02-02,-0.0009474158840508908,-0.000954543775410086,0.0015344345469531116,-0.0004749851569130813,0.30062404520844965,0.07302416760239366,859.8425695844588,860.0399780273438,cierre_dia,870.3774011186662,864.2842,take_profit,0.0,3,0.010201951413447282,-1.0,diario,clp,1,1,42,0.0015
2026-02-04,860.0399780273438,866.43744,864.1371,0.0061108488916609,-0.2915964818838912,29.566336508442102,859.1599731445312,940.6400146484376,5,0.0440057784171301,0.0401475875892254,858.2100219726562,2026-02-05,2026-02-03,-0.005877775298946944,0.007438563480886106,0.004763873863228739,-0.00033904991550825364,0.29566336508442104,0.01080025079234048,854.7844036808312,858.2100219726562,cierre_dia,865.2955523738561,858.2100219726562,cierre_dia,0.0,3,0.010201951413447282,-1.0,diario,clp,1,1,42,0.0015
2026-02-05,858.2100219726562,862.0256,859.6079,0.0059463881349963,-0.2148748380185026,26.97991435645337,858.2100219726562,940.6400146484376,1,-0.0397915610591698,-0.0112854834016159,866.2100219726562,2026-02-06,2026-02-04,-0.002130023857487039,0.0044459723490217805,0.0016288297637571292,-0.00025037558699745504,0.2697991435645337,0.0,853.1067720806632,862.0256,take_profit,863.3132718646494,863.3132718646494,stop_loss,1.0,3,0.010201951413447282,-1.0,diario,clp,1,1,42,0.0015
2026-02-06,866.2100219726562,859.6079,863.0026,0.0062555959243818,0.4589409837458689,32.5043879058412,858.2100219726562,940.6400146484376,2,-0.0046452431480401,-0.0609667451730612,860.3900146484375,2026-02-09,2026-02-05,0.009278548370292485,-0.007621848980251913,-0.003702822515666379,0.0005298264532898193,0.325043879058412,0.09705205278212367,860.7913620895454,860.7913620895454,stop_loss,871.628681855767,860.3900146484375,cierre_dia,0.0,3,0.010201951413447282,-1.0,diario,clp,1,1,42,0.0015
2026-02-09,860.3900146484375,863.0026,867.7117,0.0063291394592563,0.5886747290650707,28.24331915893525,858.2100219726562,940.6400146484376,3,0.0110612630306836,-0.0056808069601893,852.3699951171875,2026-02-10,2026-02-06,-0.0067416069080043235,0.0030365128686785764,0.008509728410265375,0.0006841952126857354,0.2824331915893525,0.026446595529320608,854.944486256376,854.944486256376,stop_loss,865.8355430404991,852.3699951171875,cierre_dia,0.0,3,0.010201951413447282,-1.0,diario,clp,1,1,42,0.0015
2026-02-10,852.3699951171875,867.7117,869.48047,0.0066334711255031,0.2288461639782735,25.997637115463263,852.3699951171875,940.6400146484376,4,0.0138038439305857,0.0247350395471152,855.1599731445312,2026-02-11,2026-02-09,-0.009365092717868706,0.017998879560164723,0.020073999531694035,0.00026848219117193436,0.2599763711546326,0.0,846.7158233663324,855.1599731445312,cierre_dia,858.0241668680426,855.1599731445312,cierre_dia,1.0,3,0.010201951413447282,-1.0,diario,clp,1,1,42,0.0015
2026-02-11,855.1599731445312,869.48047,873.8645,0.0064708065524613,0.2703794384627471,33.9252792289263,852.3699951171875,940.6400146484376,5,-0.0082764196585656,-0.0274639326272551,854.1400146484375,2026-02-12,2026-02-10,0.003267855395830332,0.016745985903444994,0.0218725471758107,0.00031617410420710845,0.33925279228926297,0.03160731177085577,849.626398386905,854.1400146484375,cierre_dia,860.6935479021574,854.1400146484375,cierre_dia,1.0,3,0.010201951413447282,-1.0,diario,clp,1,1,42,0.0015
2026-02-12,854.1400146484375,854.9466,856.5957,0.0062708223630097,0.3175437977891029,35.15015648142459,852.3699951171875,940.6400146484376,1,0.0089489789684389,0.0211121976675739,856.6099853515625,2026-02-13,2026-02-11,-0.001193422599233375,0.0009443245108876892,0.0028750384122598694,0.00037177019264201475,0.3515015648142459,0.020052329665831356,848.7838543434386,854.9466,take_profit,859.4961749534364,856.6099853515625,cierre_dia,0.0,3,0.010201951413447282,-1.0,diario,clp,1,1,42,0.0015
2026-02-13,856.6099853515625,856.5957,856.51886,0.0061130617045509,0.5877605601860658,38.59350457479069,852.3699951171875,940.6400146484376,2,-0.0303777584629805,-0.0048283978205112,862.4000244140625,2026-02-16,2026-02-12,0.002887590143947523,-1.6676611067838383e-05,-0.0001063790442800912,0.0006861472201317408,0.38593504574790694,0.048034318525033544,851.3734756543739,862.4000244140625,cierre_dia,861.846495048751,861.846495048751,stop_loss,0.0,3,0.010201951413447282,-1.0,diario,clp,1,1,42,0.0015
2026-02-16,862.4000244140625,856.51886,853.81586,0.0061747279695052,1.194156419589646,48.15064885264051,852.3699951171875,940.6400146484376,3,0.0037186207526305,-0.0121088254029491,862.3200073242188,2026-02-17,2026-02-13,0.006736506391281167,-0.006819531826959655,-0.009953808176077878,0.0013846896866694636,0.4815064885264051,0.11362894616018616,857.0749388624109,862.3200073242188,cierre_dia,867.7251099657141,862.3200073242188,cierre_dia,0.0,3,0.010201951413447282,-1.0,diario,clp,1,1,42,0.0015
2026-02-17,862.3200073242188,853.81586,855.93866,0.0059771467188939,1.6021395569996812,52.35996946561463,852.3699951171875,940.6400146484376,4,0.0,-0.025651833168118,865.719970703125,2026-02-18,2026-02-16,-9.278849718063121e-05,-0.00986193901566438,-0.007400207892682509,0.0018579408379623761,0.5235996946561463,0.11272244256736186,857.1657941218042,865.719970703125,cierre_dia,867.4742205266332,865.719970703125,cierre_dia,0.0,3,0.010201951413447282,-1.0,diario,clp,1,1,42,0.0015
2026-02-18,865.719970703125,855.93866,854.5375,0.005875069326053,2.0828069174509736,52.97314164124455,852.3699951171875,940.6400146484376,5,-0.0279218389891496,-0.0446065155237347,861.5900268554688,2026-02-19,2026-02-17,0.00393505683828324,-0.011298469521479025,-0.012916960543306792,0.002405866779022492,0.5297314164124455,0.1512402020168493,860.6338058582955,861.5900268554688,cierre_dia,870.8061355479545,861.5900268554688,cierre_dia,0.0,3,0.010201951413447282,-1.0,diario,clp,1,1,42,0.0015
2026-02-19,861.5900268554688,868.5032,865.9301,0.0058403867341838,2.0985457372406984,52.1693077873649,852.3699951171875,934.9600219726562,1,0.0280944486087246,-0.0261388364836461,865.02001953125,2026-02-20,2026-02-18,-0.004781946174625219,0.008023738586856836,0.005037283405393147,0.0024356662354829326,0.521693077873649,0.11163613924494976,856.5580078923169,865.02001953125,cierre_dia,866.6220458186206,865.02001953125,cierre_dia,0.0,3,0.010201951413447282,-1.0,diario,clp,1,1,42,0.0015
2026-02-20,865.02001953125,865.9301,862.0659,0.0057477157465259,2.299725777274057,49.136153836348406,852.3699951171875,929.2999877929688,2,-0.0110210561814048,-0.0071044689004007,866.4000244140625,2026-02-23,2026-02-19,0.003973100000173518,0.0010520917992663413,-0.0034150880494659146,0.0026585809869698355,0.49136153836348406,0.16443553384147042,860.0481303439301,865.9301,take_profit,869.99190871857,866.4000244140625,cierre_dia,0.0,3,0.010201951413447282,-1.0,diario,clp,1,1,42,0.0015
2026-02-23,866.4000244140625,862.0659,865.3654,0.0055802980935195,2.4705236193947897,51.21176262845165,852.3699951171875,929.2999877929688,3,0.0174729526704826,0.0066464966813204,860.6599731445312,2026-02-25,2026-02-20,0.0015940732346980686,-0.005002451860494312,-0.0011941648025254657,0.0028514814748136458,0.5121176262845165,0.18237398456547455,861.5652540095995,861.5652540095995,stop_loss,871.2347948185256,862.0659,take_profit,0.0,3,0.010201951413447282,-1.0,diario,clp,1,1,42,0.0015
2026-02-25,860.6599731445312,863.48645,858.1971,0.0055469537763805,2.1178172390014742,52.35255780587354,852.3699951171875,929.2999877929688,5,0.0156545667392088,0.022529104765301,856.530029296875,2026-02-26,2026-02-24,-0.006647218293772651,0.0032840807562385483,-0.002861609952107858,0.002460689825348515,0.5235255780587353,0.1077600262134636,855.8859320563176,856.530029296875,cierre_dia,865.434014232745,856.530029296875,cierre_dia,0.0,3,0.010201951413447282,-1.0,diario,clp,1,1,42,0.0015
2026-02-26,856.530029296875,861.0199,860.9954,0.0055357462957254,1.5523771103986004,39.95849093397931,852.3699951171875,925.6799926757812,1,0.0094938683394748,0.0615125024368808,865.1699829101562,2026-02-27,2026-02-25,-0.004810127947135977,0.005241930287967532,0.005213326503906276,0.0018124024345917513,0.3995849093397931,0.056745796183699924,851.7884963600172,861.0199,take_profit,861.2715622337329,861.2715622337329,stop_loss,0.0,3,0.010201951413447282,-1.0,diario,clp,1,1,42,0.0015
2026-02-27,865.1699829101562,860.9954,861.3489,0.0059819250104034,1.725423827675927,54.68442139036666,852.3699951171875,925.6799926757812,2,-0.0054500265899209,0.0264952242208751,873.1599731445312,2026-03-02,2026-02-26,0.010036622036167116,-0.004825159208730595,-0.004416568981396449,0.001994317719937706,0.5468442139036666,0.17460084871423207,859.9946009511357,873.1599731445312,cierre_dia,870.3453648691768,870.3453648691768,stop_loss,0.0,3,0.010201951413447282,-1.0,diario,clp,1,1,42,0.0015
2026-03-02,873.1599731445312,861.3489,860.10834,0.0062767192803205,2.3068566638877783,70.38640583086053,852.3699951171875,925.6799926757812,3,0.0096222782919539,0.047905740362085,882.6500244140625,2026-03-03,2026-02-27,0.009192784688738891,-0.01352681468207458,-0.014947585260382588,0.002641963368499408,0.7038640583086052,0.28358994297779305,867.6793931062908,882.6500244140625,cierre_dia,878.6405531827718,878.6405531827718,stop_loss,0.0,3,0.010201951413447282,-1.0,diario,clp,1,1,42,0.0015
2026-03-03,882.6500244140625,860.10834,860.3513,0.0067112530135706,3.204250935529154,73.82571353303194,852.3699951171875,925.6799926757812,4,-0.0184894982919137,0.0108900581617047,899.9199829101562,2026-03-04,2026-03-02,0.010809989345730112,-0.025538643619283364,-0.025263381631768746,0.003630262104911016,0.7382571353303194,0.41304092627575634,876.7263367777855,899.9199829101562,cierre_dia,888.5737120503396,888.5737120503396,stop_loss,0.0,3,0.010201951413447282,-1.0,diario,clp,1,1,42,0.0015
2026-03-04,899.9199829101562,860.3513,860.3017,0.0083026645312485,4.741833190996336,80.95756175960497,852.3699951171875,925.6799926757812,5,-0.0207411987513938,-0.0252405701082266,894.3800048828125,2026-03-05,2026-03-03,0.01937707779891675,-0.04396911243397355,-0.04402422844533231,0.005269172016452198,0.8095756175960497,0.6486153236461909,892.4482491870864,894.3800048828125,cierre_dia,907.3917166332261,894.3800048828125,cierre_dia,0.0,3,0.010201951413447282,-1.0,diario,clp,1,1,42,0.0015
2026-03-05,894.3800048828125,898.93494,901.79816,0.0081956462848704,5.133585811885875,74.52283769110664,852.3699951171875,925.6799926757812,1,0.0140175238440753,-0.0208211057167828,905.6699829101562,2026-03-06,2026-03-04,-0.006175105243483504,0.00509284095386759,0.008294187120338773,0.005739826230304099,0.7452283769110665,0.5730461214658762,887.0499827185323,898.93494,take_profit,901.7100270470927,901.7100270470927,stop_loss,0.0,3,0.010201951413447282,-1.0,diario,clp,1,1,42,0.0015
2026-03-06,905.6699829101562,901.79816,903.7261,0.0085915938041776,5.848966293584757,76.22109404878236,852.3699951171875,923.3300170898438,2,-0.0175745802217061,-0.0326215307330647,910.8900146484376,2026-03-09,2026-03-05,0.012544236160942199,-0.00427509245444462,-0.002146347948852261,0.00645816511969458,0.7622109404878237,0.7511269911036299,897.8888342963558,910.8900146484376,cierre_dia,913.4511315239567,910.8900146484376,cierre_dia,0.0,3,0.010201951413447282,-1.0,diario,clp,1,1,42,0.0015
2026-03-09,910.8900146484376,903.7261,904.4708,0.0084274500594304,6.328988252790502,77.70684270449254,852.3699951171875,917.4199829101562,3,0.0006950803071056,-0.0412190767584348,914.8200073242188,2026-03-10,2026-03-06,0.005747177206859588,-0.00786474166280392,-0.007047189611486834,0.006948136603773404,0.7770684270449254,0.8996161493142593,903.2135345403541,914.8200073242188,cierre_dia,918.5664947565211,914.8200073242188,cierre_dia,0.0,3,0.010201951413447282,-1.0,diario,clp,1,1,42,0.0015
2026-03-10,914.8200073242188,904.4708,902.4053,0.0082110127367574,6.539576181796559,77.84084184063695,852.3699951171875,917.4199829101562,4,0.0075276058723092,-0.0159470466026332,888.6900024414062,2026-03-11,2026-03-09,0.004305172999571021,-0.011312834482587856,-0.013570655675241346,0.00714848399623915,0.7784084184063695,0.9600311133921761,907.3084085922391,907.3084085922391,stop_loss,922.3316060561984,904.4708,take_profit,0.0,3,0.010201951413447282,-1.0,diario,clp,1,1,42,0.0015
2026-03-11,888.6900024414062,902.4053,901.95746,0.0112203776892344,4.636984877766675,62.29805427467942,852.3699951171875,917.4199829101562,5,0.0176859480809793,0.0226032459615028,896.9400024414062,2026-03-12,2026-03-10,-0.028978861580871807,0.015433162881224207,0.014929230127654642,0.005217775450413491,0.6229805427467943,0.5583399560321605,878.718564965367,896.9400024414062,cierre_dia,898.6614399174454,896.9400024414062,cierre_dia,0.0,3,0.010201951413447282,-1.0,diario,clp,1,1,42,0.0015
2026-03-12,896.9400024414062,891.299,896.60846,0.011089880353836,3.693113716754075,63.87826080495329,852.3699951171875,917.4199829101562,1,-0.009957921186447,-0.0016225493888869,915.7000122070312,2026-03-13,2026-03-11,0.009240501874221535,-0.006289163629732054,-0.00036963725611944935,0.00411745903483141,0.6387826080495329,0.6851654986634189,886.9930451297618,915.7000122070312,cierre_dia,906.8869597530507,906.8869597530507,stop_loss,0.0,3,0.010201951413447282,-1.0,diario,clp,1,1,42,0.0015
2026-03-13,915.7000122070312,896.60846,900.13995,0.0120795993688068,4.061935970564916,68.62064084635945,852.3699951171875,917.4199829101562,2,-0.0035989598931909,0.0124283511321878,916.7100219726562,2026-03-16,2026-03-12,0.020699840533099718,-0.020849133944004786,-0.016992532488372694,0.004435880655690709,0.6862064084635945,0.9735592463353097,904.6387229175589,916.7100219726562,cierre_dia,926.7613014965036,916.7100219726562,cierre_dia,0.0,3,0.010201951413447282,-1.0,diario,clp,1,1,42,0.0015
2026-03-16,916.7100219726562,900.13995,895.20215,0.0116334666281146,4.092173247209368,68.85824089288256,852.3699951171875,916.7100219726562,3,-0.0190663775889668,-0.0073823205313142,909.4199829101562,2026-03-17,2026-03-13,0.0011023841269911575,-0.01807558723640801,-0.02346202338485815,0.004463977865545175,0.6885824089288256,1.0,906.0455065243791,909.4199829101562,cierre_dia,927.3745374209334,909.4199829101562,cierre_dia,0.0,3,0.010201951413447282,-1.0,diario,clp,1,1,42,0.0015
2026-03-17,909.4199829101562,895.20215,895.30493,0.0114248167866035,3.3695903152649933,68.06730062925854,852.3699951171875,916.7100219726562,4,0.0132118762926652,-0.0017239465889763,906.9099731445312,2026-03-18,2026-03-16,-0.007984182691901993,-0.015633957002637033,-0.015520939912698945,0.0037052081311016046,0.6806730062925854,0.886695119371397,899.0300262233317,906.9099731445312,cierre_dia,919.8099395969809,906.9099731445312,cierre_dia,0.0,3,0.010201951413447282,-1.0,diario,clp,1,1,42,0.0015
2026-03-18,906.9099731445312,895.30493,895.9765,0.0110359792181086,2.5104035772124966,68.89436734170667,852.3699951171875,916.7100219726562,5,-0.011114142119103,-0.0300643253670674,915.1300048828124,2026-03-19,2026-03-17,-0.0027638275248770155,-0.012796246031227379,-0.012055742541480279,0.0027680846517854113,0.6889436734170666,0.8476834824744557,896.9013335282127,915.1300048828124,cierre_dia,916.9186127608497,915.1300048828124,cierre_dia,0.0,3,0.010201951413447282,-1.0,diario,clp,1,1,42,0.0015
2026-03-19,915.1300048828124,904.525,896.1051,0.0109057296033159,2.28968067238546,68.79608346517804,852.3699951171875,916.7100219726562,1,-0.0305861588241427,-0.0498674351096044,912.489990234375,2026-03-20,2026-03-18,0.009022949667274193,-0.011588522752207694,-0.02078929199272473,0.0025020277558035773,0.6879608346517805,0.9754427039113123,905.1498444976793,912.489990234375,cierre_dia,925.1101652679455,912.489990234375,cierre_dia,0.0,3,0.010201951413447282,-1.0,diario,clp,1,1,42,0.0015
2026-03-20,912.489990234375,896.1051,901.19696,0.0105442782910158,1.7824237537635117,65.41747675952651,852.3699951171875,916.7100219726562,2,-0.0220268873083426,-0.0672160684254967,927.5499877929688,2026-03-23,2026-03-19,-0.002889021231676366,-0.017956241065358442,-0.012376059305017001,0.001953362527632432,0.654174767595265,0.9344104759582866,902.8684418395775,927.5499877929688,cierre_dia,922.1115386291726,922.1115386291726,stop_loss,0.0,3,0.010201951413447282,-1.0,diario,clp,1,1,42,0.0015
2026-03-23,927.5499877929688,901.19696,898.7717,0.011078830951198,2.247675036572492,66.86446230443383,852.3699951171875,927.5499877929688,3,-0.0167977362357491,-0.0650975140132718,910.6799926757812,2026-03-24,2026-03-20,0.016369572433556134,-0.02841143673094502,-0.03102613139098237,0.0024232387107466363,0.6686446230443382,1.0,917.2738182794246,917.2738182794246,stop_loss,937.8261573065129,910.6799926757812,cierre_dia,0.0,3,0.010201951413447282,-1.0,diario,clp,1,1,42,0.0015
2026-03-24,910.6799926757812,898.7717,896.7281,0.0118088454356757,1.2552659340376895,54.05364762063312,852.3699951171875,927.5499877929688,4,0.0179933707470358,-0.0606165787146914,917.3599853515624,2026-03-25,2026-03-23,-0.018355123062632327,-0.013076264737948196,-0.01532030217858134,0.0013783831248443679,0.5405364762063312,0.7756052572399085,899.9259134009106,917.3599853515624,cierre_dia,921.4340719506519,917.3599853515624,cierre_dia,0.0,3,0.010201951413447282,-1.0,diario,clp,1,1,42,0.0015
2026-03-25,917.3599853515624,896.7281,904.03436,0.0115429515740823,0.9012914654809094,58.58358061686219,852.3699951171875,927.5499877929688,5,-0.0031301298885793,-0.0530865099092448,916.6900024414062,2026-03-26,2026-03-24,0.007308398600773176,-0.022490500655155055,-0.014526059087322822,0.0009824839538161293,0.585835806168622,0.8644585869361356,906.7709434646486,916.6900024414062,cierre_dia,927.9490272384763,916.6900024414062,cierre_dia,0.0,4,0.010237671863989235,-1.0,diario,clp,1,1,42,0.0015
2026-03-26,916.6900024414062,904.58185,911.7622,0.0111262181457751,0.4949188869504954,54.47095483977049,852.3699951171875,927.5499877929688,1,0.0194499438274912,-0.004501277604227,928.0399780273438,2026-03-27,2026-03-25,-0.0007306048847278225,-0.01320855731944143,-0.005375647632549829,0.0005398977687466707,0.5447095483977049,0.855546868720819,906.4907095021921,928.0399780273438,cierre_dia,926.8892953806205,926.8892953806205,stop_loss,0.0,4,0.010237671863989235,-1.0,diario,clp,1,1,42,0.0015
2026-03-27,928.0399780273438,911.7622,912.1763,0.0112204117755916,0.84296456042477,56.62825845832159,852.3699951171875,928.0399780273438,2,-0.0150337638464528,0.0024847665319124,922.719970703125,2026-03-30,2026-03-26,0.01230545275185353,-0.017539953464013523,-0.017093744238328896,0.0009083278526606026,0.5662825845832159,1.0,917.6269873296659,922.719970703125,cierre_dia,938.4529687250216,922.719970703125,cierre_dia,0.0,4,0.010237671863989235,-1.0,diario,clp,1,1,42,0.0015
2026-03-30,922.719970703125,912.1763,914.2164,0.0109336547940363,0.5798591974697906,53.02078582954511,852.3699951171875,928.0399780273438,3,0.0037568529861707,0.0233036580124928,930.219970703125,2026-03-31,2026-03-27,-0.005749013512594582,-0.011426728626118944,-0.00921576531680044,0.0006284238077430254,0.5302078582954511,0.9296946144346927,912.6312690718937,930.219970703125,cierre_dia,932.8086723343564,930.219970703125,cierre_dia,0.0,4,0.010237671863989235,-1.0,diario,clp,1,1,42,0.0015
2026-03-31,930.219970703125,914.2164,909.7766,0.0107578992062778,0.7643099238836069,68.51865863170949,852.3699951171875,930.219970703125,4,0.0016448554664745,0.0067101715386548,926.1099853515624,2026-04-01,2026-03-30,0.008095287700274869,-0.01720407130264938,-0.021976920886435547,0.0008216442862497224,0.6851865863170948,1.0,920.2127580186341,926.1099853515624,cierre_dia,940.2271833876159,926.1099853515624,cierre_dia,0.0,4,0.010237671863989235,-1.0,diario,clp,1,1,42,0.0015
2026-04-01,926.1099853515624,909.7766,921.1144,0.0104464236761446,0.4769467656277726,63.50586584932309,852.3699951171875,930.219970703125,5,0.0201571002328112,0.0304287612338127,912.4600219726562,2026-04-02,2026-03-31,-0.004428083546079804,-0.01763655031250096,-0.005394159906035304,0.0005150001329990173,0.6350586584932308,0.9472063373093077,916.435448073872,916.435448073872,stop_loss,935.7845226292528,912.4600219726562,cierre_dia,0.0,4,0.010237671863989235,-1.0,diario,clp,1,1,42,0.0015
2026-04-02,912.4600219726562,923.3681,928.4896,0.0108638517081799,-0.7009823121162189,48.42535474309824,852.3699951171875,930.219970703125,1,0.0065111903881707,0.0171821794848242,916.5,2026-04-03,2026-04-01,-0.014848729310660917,0.011954581860760864,0.017567430508012006,-0.0007682334515881127,0.48425354743098237,0.7718695658309643,902.5471916043027,916.5,cierre_dia,922.3728523410097,916.5,cierre_dia,0.0,4,0.010237671863989235,-1.0,diario,clp,1,1,42,0.0015
2026-04-03,916.5,928.4896,930.85297,0.010537324560852,-1.244823452274041,49.90084882168291,852.3699951171875,930.219970703125,2,-0.0109055999591873,0.0213899534395399,919.3699951171876,2026-04-06,2026-04-02,0.004417794319681588,0.01308194217130387,0.015660632842335,-0.001358236172693989,0.4990084882168291,0.8237639690974634,906.8425420399792,919.3699951171876,cierre_dia,926.1574579600208,919.3699951171876,cierre_dia,0.0,4,0.010237671863989235,-1.0,diario,clp,1,1,42,0.0015
2026-04-06,919.3699951171876,930.85297,925.5249,0.010192434172853,-1.434549877838668,54.90197021790217,852.3699951171875,930.219970703125,3,0.0,0.0175599404455073,915.969970703125,2026-04-07,2026-04-03,0.0031265802728856883,0.012490047471419529,0.006694698451658576,-0.0015603618624249456,0.5490197021790216,0.8606296854395253,909.9993769614595,915.969970703125,cierre_dia,928.7406132729158,915.969970703125,cierre_dia,0.0,4,0.010237671863989235,-1.0,diario,clp,1,1,42,0.0015
2026-04-07,915.969970703125,925.5249,925.8812,0.0098851849667325,-1.789246657126574,54.42469355720456,852.3699951171875,930.219970703125,4,0.0036782360700273,0.0196311321382333,916.4600219726562,2026-04-08,2026-04-06,-0.0037050664910828583,0.010431487496844862,0.010820474048146895,-0.001953390083031976,0.5442469355720456,0.8169556266042803,906.915438118752,916.4600219726562,cierre_dia,925.024503287498,916.4600219726562,cierre_dia,0.0,4,0.010237671863989235,-1.0,diario,clp,1,1,42,0.0015
2026-04-08,916.4600219726562,925.8812,925.9135,0.0095349859531527,-1.976416269582664,50.702597783645984,852.3699951171875,930.219970703125,5,-0.0070093808000449,-0.0076957889071165,897.22998046875,2026-04-09,2026-04-07,0.000534864942369231,0.010279966175791222,0.01031521048457235,-0.002156576634219657,0.5070259778364599,0.8232504425736225,907.7215885365209,907.7215885365209,stop_loss,925.1984554087915,897.22998046875,cierre_dia,0.0,4,0.010237671863989235,-1.0,diario,clp,1,1,42,0.0015
2026-04-09,897.22998046875,922.57056,917.2777,0.0108650758070199,-3.3027569576429823,43.14095149888399,852.3699951171875,930.219970703125,1,0.0380442473140937,0.0240931636695196,891.6199951171875,2026-04-10,2026-04-08,-0.021206228324604302,0.028243126158146246,0.022344014319245358,-0.003681059515997766,0.43140951498883995,0.5762363445065206,887.4815087146261,891.6199951171875,cierre_dia,906.9784522228739,891.6199951171875,cierre_dia,0.0,4,0.010237671863989235,-1.0,diario,clp,1,1,42,0.0015
2026-04-10,891.6199951171875,917.2777,916.25586,0.0106195891074937,-4.396851220045333,32.35091834574844,852.3699951171875,930.219970703125,2,-0.00199867658502,0.0332554262189454,894.4400024414062,2026-04-13,2026-04-09,-0.006272190311866081,0.028776502347774555,0.027630453576329386,-0.004931306211305238,0.3235091834574844,0.504174853037333,882.1513571290174,894.4400024414062,cierre_dia,901.0886331053575,894.4400024414062,cierre_dia,0.0,4,0.010237671863989235,-1.0,diario,clp,1,1,42,0.0015
2026-04-13,894.4400024414062,916.25586,911.8417,0.0102728640075661,-4.740019941175568,40.74538862439237,852.3699951171875,930.219970703125,3,0.0210878305979878,0.0552759076727407,894.8900146484375,2026-04-14,2026-04-10,0.00315779948201973,0.024390520883509865,0.01945541066040778,-0.005299427494563652,0.4074538862439237,0.5403984652221022,885.2515419333986,894.8900146484375,cierre_dia,903.6284629494138,894.8900146484375,cierre_dia,0.0,4,0.010237671863989235,-1.0,diario,clp,1,1,42,0.0015
2026-04-14,894.8900146484375,911.8417,916.5673,0.0099082029005679,-4.73497769684538,36.216434786515606,852.3699951171875,930.219970703125,4,0.0178115957100108,0.0702963965508877,886.22998046875,2026-04-15,2026-04-13,0.0005029952129804045,0.018942758410621006,0.024223407342497377,-0.00529112809321662,0.36216434786515606,0.5461789706576432,886.0232628096086,886.22998046875,cierre_dia,903.7567664872664,886.22998046875,cierre_dia,0.0,4,0.010237671863989235,-1.0,diario,clp,1,1,42,0.0015
2026-04-15,886.22998046875,916.5673,918.2719,0.0099237322592205,-5.082537793823954,32.98323955293658,852.3699951171875,930.219970703125,5,0.0156895372913926,0.0948687951719258,884.9500122070312,2026-04-16,2026-04-14,-0.00972433350511084,0.034231881339879575,0.03615530983763623,-0.005735009992706034,0.32983239552936583,0.43493893346421075,877.4352714224839,884.9500122070312,cierre_dia,895.0246895150161,884.9500122070312,cierre_dia,0.0,4,0.010237671863989235,-1.0,diario,clp,1,1,42,0.0015
2026-04-16,884.9500122070312,891.8252,893.03156,0.0095820247507585,-5.150319835264265,22.87552770823639,852.3699951171875,930.219970703125,1,0.0002470874559217,0.0542581818823075,886.1199951171875,2026-04-17,2026-04-15,-0.0014453285265530185,0.007769012597471231,0.009132208239439077,-0.005819899162913808,0.2287552770823639,0.41849746059173937,876.4703992868795,886.1199951171875,cierre_dia,893.429625127183,886.1199951171875,cierre_dia,0.0,4,0.010237671863989235,-1.0,diario,clp,1,1,42,0.0015
2026-04-17,886.1199951171875,893.03156,889.7505,0.0092491880371033,-4.871100384114239,25.6907801924456,852.3699951171875,930.219970703125,2,-0.0009061811693833,0.0554105834950304,890.3200073242188,2026-04-20,2026-04-16,0.0013212160733482817,0.0077998069346110095,0.004097080421181966,-0.0054971114645370875,0.256907801924456,0.4335261475161781,877.9241046589116,890.3200073242188,cierre_dia,894.3158855754634,890.3200073242188,cierre_dia,0.0,4,0.010237671863989235,-1.0,diario,clp,1,1,42,0.0015
2026-04-20,890.3200073242188,889.7505,890.70856,0.009009236579174,-4.184552650838848,22.28400918833813,852.3699951171875,930.219970703125,3,0.0060804956810176,0.03968994091703,881.219970703125,2026-04-21,2026-04-17,0.00472858078752516,-0.0006396658724208251,0.00043641912187174827,-0.0047000546055515095,0.22284009188338127,0.4874762248979611,882.2989037470629,882.2989037470629,stop_loss,898.3411109013746,889.7505,take_profit,0.0,4,0.010237671863989235,-1.0,diario,clp,1,1,42,0.0015
2026-04-21,881.219970703125,890.70856,888.32654,0.0091397846081486,-4.117930011164624,20.83931366656158,852.3699951171875,930.219970703125,4,-0.0111208553845339,0.0100401513495226,891.9400024414062,2026-04-22,2026-04-20,-0.010273679143658213,0.010767560441582018,0.008064466913073581,-0.004672987617244909,0.2083931366656158,0.3705842599024378,873.1658099784994,890.70856,take_profit,889.2741314277506,889.2741314277506,stop_loss,0.0,4,0.010237671863989235,-1.0,diario,clp,1,1,42,0.0015
2026-04-22,891.9400024414062,888.32654,885.69977,0.0093922503468227,-3.169100824206549,36.14264257580332,852.3699951171875,930.219970703125,5,-0.0057320440236596,-0.0113664061402142,889.72998046875,2026-04-23,2026-04-21,0.012091590732829144,-0.0040512393563642245,-0.006996246860019312,-0.0035530425987534238,0.36142642575803324,0.5082854172579409,883.562678644131,889.72998046875,cierre_dia,900.3173262386815,889.72998046875,cierre_dia,0.0,4,0.010237671863989235,-1.0,diario,clp,1,1,42,0.0015
2026-04-23,889.72998046875,889.0972,885.24805,0.0090894386150117,-2.535003657485399,31.46382529845529,852.3699951171875,930.219970703125,1,0.0195526182302608,0.0079051150601304,894.469970703125,2026-04-24,2026-04-22,-0.00248084451928385,-0.000711205065177841,-0.005037405243317396,-0.0028491831377311177,0.3146382529845529,0.4798972006140366,881.6428344273438,894.469970703125,cierre_dia,897.8171265101563,894.469970703125,cierre_dia,0.0,4,0.010237671863989235,-1.0,diario,clp,1,1,42,0.0015
2026-04-24,894.469970703125,885.24805,883.86926,0.0088808163357261,-1.6821035162808653,33.193873431488015,852.3699951171875,930.219970703125,2,-0.0072977855745626,0.0014835282694509,896.1099853515625,2026-04-27,2026-04-23,0.0053133073819124675,-0.010309927672446954,-0.011851388029037955,-0.0018805589582382484,0.33193873431488014,0.5407834141124929,886.5263471754882,896.1099853515625,cierre_dia,902.4135942307618,896.1099853515625,cierre_dia,0.0,4,0.010237671863989235,-1.0,diario,clp,1,1,42,0.0015
2026-04-27,896.1099853515625,883.86926,884.09735,0.0085815143240318,-0.930771689959025,36.26940468936461,852.3699951171875,930.219970703125,3,-0.0085958122251271,-0.0131072212920548,893.5399780273438,2026-04-28,2026-04-24,0.0018318256065501244,-0.01365984706303675,-0.01340531357526352,-0.0010386801901262868,0.36269404689364615,0.5618497617393732,888.4200046763601,893.5399780273438,cierre_dia,903.7999660267649,893.5399780273438,cierre_dia,0.0,4,0.010237671863989235,-1.0,diario,clp,1,1,42,0.0015
2026-04-28,893.5399780273438,884.09735,884.73694,0.0083218494653368,-0.5490393215118572,34.59677498744844,852.3699951171875,930.219970703125,4,-0.0009134808991143,-0.0029820493238921,891.1199951171875,2026-04-29,2026-04-27,-0.0028720801759454686,-0.010567661503170914,-0.009851868124331824,-0.0006144541207030982,0.3459677498744844,0.52883745435102,886.1040728389398,891.1199951171875,cierre_dia,900.9758832157477,891.1199951171875,cierre_dia,0.0,4,0.010237671863989235,-1.0,diario,clp,1,1,42,0.0015
2026-04-29,891.1199951171875,884.73694,886.1593,0.0080687679519351,-0.4081501951718804,44.69528040731021,852.3699951171875,930.219970703125,5,-0.0173479961339073,-0.0144963577952682,904.469970703125,2026-04-30,2026-04-28,-0.0027119837165517635,-0.007162958021549148,-0.005566809345956949,-0.00045801934353207534,0.44695280407310206,0.4977522434445007,883.9297546592574,904.469970703125,cierre_dia,898.3102355751176,898.3102355751176,stop_loss,0.0,4,0.010237671863989235,-1.0,diario,clp,1,1,42,0.0015
2026-04-30,904.469970703125,893.8886,894.9552,0.0087526761342609,0.5817295786904464,59.83465499715985,852.3699951171875,930.219970703125,1,-0.0061053782620621,-0.0394607688453917,900.469970703125,2026-05-01,2026-04-29,0.014870011340711174,-0.011698974035477554,-0.010519719848441548,0.0006431717995437883,0.5983465499715985,0.6692356059691382,896.5534379763961,900.469970703125,cierre_dia,912.3865034298539,900.469970703125,cierre_dia,0.0,4,0.010237671863989235,-1.0,diario,clp,1,1,42,0.0015
2026-05-01,900.469970703125,894.9552,890.8657,0.0085377708044414,0.9432883207234264,54.53312422398437,852.3699951171875,930.219970703125,2,0.0080478443767945,-0.0246070106010816,899.25,2026-05-04,2026-04-30,-0.004432287697365498,-0.006124324944249772,-0.010665842299688942,0.0010475511137665891,0.5453312422398437,0.6178547292264801,892.7819644769796,899.25,cierre_dia,908.1579769292704,899.25,cierre_dia,0.0,4,0.010237671863989235,-1.0,diario,clp,1,1,42,0.0015
2026-05-04,899.25,890.8657,889.35675,0.0082503534060619,1.067339136082922,53.24017795260161,852.3699951171875,930.219970703125,3,0.001011982177909,-0.0151904716480389,911.719970703125,2026-05-05,2026-05-01,-0.001355734125135845,-0.009323658604392607,-0.011001668056713891,0.0011869214746543476,0.5324017795260161,0.6021839381447502,891.8308696995988,911.719970703125,cierre_dia,906.6691303004011,906.6691303004011,stop_loss,0.0,4,0.010237671863989235,-1.0,diario,clp,1,1,42,0.0015
2026-05-05,911.719970703125,889.35675,885.3747,0.0087760434665264,1.907249032127175,67.92798036983424,854.1400146484375,930.219970703125,4,-0.0233659613274749,-0.0370555076314941,904.8200073242188,2026-05-06,2026-05-04,0.013771810681571049,-0.024528606832949256,-0.028896230805175165,0.00209192415809022,0.6792798036983424,0.7568347701633542,903.7186766109343,904.8200073242188,cierre_dia,919.7212647953158,904.8200073242188,cierre_dia,0.0,4,0.010237671863989235,-1.0,diario,clp,1,1,42,0.0015
2026-05-06,904.8200073242188,885.3747,892.638,0.0087256584654192,1.911325119055146,62.95137872210412,854.1400146484375,930.219970703125,5,0.0252185394683388,0.0048185987204042,896.1199951171875,2026-05-07,2026-05-05,-0.007596856272572291,-0.021490801669741447,-0.01346345927986715,0.0021123815826170965,0.6295137872210411,0.6661411928176149,896.9248569676296,896.9248569676296,stop_loss,912.7151576808079,896.1199951171875,cierre_dia,0.0,4,0.010237671863989235,-1.0,diario,clp,1,1,42,0.0015
2026-05-07,896.1199951171875,909.5802,911.74286,0.0088300581754355,1.2720718844722658,55.93542329016048,856.530029296875,930.219970703125,1,0.0320404983590366,0.0438887297223548,890.469970703125,2026-05-08,2026-05-06,-0.009661709854841282,0.015020538495017367,0.017433898326048865,0.0014195329770606384,0.5593542329016048,0.5372506079500653,888.2072034281318,890.469970703125,cierre_dia,904.0327868062432,890.469970703125,cierre_dia,0.0,4,0.010237671863989235,-1.0,diario,clp,1,1,42,0.0015
2026-05-08,890.469970703125,911.74286,914.0573,0.0086999649952297,0.4548467918805254,50.08750342784084,856.530029296875,930.219970703125,2,-0.0014676820261337,0.0340026889881597,892.1799926757812,2026-05-11,2026-05-07,-0.0063249468069212144,0.023889507784386754,0.026488629681975955,0.0005107940827261961,0.5008750342784084,0.4605776685197824,882.7229131287046,892.1799926757812,cierre_dia,898.2170282775454,892.1799926757812,cierre_dia,0.0,4,0.010237671863989235,-1.0,diario,clp,1,1,42,0.0015
2026-05-11,892.1799926757812,914.0573,914.92993,0.0084102620945186,0.0375769544760244,56.99873798297096,856.530029296875,930.219970703125,3,0.0196346167870453,0.0534389588166078,897.219970703125,2026-05-12,2026-05-08,0.0019185174120472397,0.02452118126814914,0.025499268657648663,4.2118131749766654e-05,0.5699873798297096,0.48378330473041475,884.6765251018923,897.219970703125,cierre_dia,899.6834602496702,897.219970703125,cierre_dia,0.0,4,0.010237671863989235,-1.0,diario,clp,1,1,42,0.0015
2026-05-12,897.219970703125,914.92993,909.7183,0.0082525055955664,0.1052896675298495,53.63534360672547,856.530029296875,930.219970703125,4,0.0259836550414483,0.1067298960684262,912.9600219726562,2026-05-13,2026-05-11,0.005633163583422808,0.01973870385764623,0.013930061417469814,0.00011735100752086144,0.5363534360672547,0.552177687073027,889.8156578744434,912.9600219726562,cierre_dia,904.6242835318066,904.6242835318066,stop_loss,0.0,4,0.010237671863989235,-1.0,diario,clp,1,1,42,0.0015
2026-05-13,912.9600219726562,909.7183,912.3639,0.0092296623352452,1.1560441357733826,63.4823281361917,856.530029296875,930.219970703125,5,0.0110867207696673,0.0911997826591739,886.6199951171875,2026-05-14,2026-05-12,0.01739103077418578,-0.0035507819560946148,-0.000652955176907144,0.0012662593190833134,0.634823281361917,0.7657760557127428,904.5337092442705,904.5337092442705,stop_loss,921.386334701042,909.7183,take_profit,0.0,4,0.010237671863989235,-1.0,diario,clp,1,1,42,0.0015
2026-05-14,886.6199951171875,908.91693,911.8113,0.0119510382866338,0.0797807083401247,46.3573199137181,856.530029296875,930.219970703125,1,0.0229421776398646,0.0813167248586991,894.2999877929688,2026-05-15,2026-05-13,-0.029275617456249233,0.025148242770980392,0.028412741672358563,8.998297893065204e-05,0.463573199137181,0.408332063319573,876.0239656098469,894.2999877929688,cierre_dia,897.2160246245281,894.2999877929688,cierre_dia,0.0,4,0.010237671863989235,-1.0,diario,clp,1,1,42,0.0015
2026-05-15,894.2999877929688,911.8113,915.6886,0.0117439109198541,-0.1023404884684729,49.204676198215445,856.530029296875,930.219970703125,2,-0.0103007559935629,0.0718074342083402,897.72998046875,2026-05-18,2026-05-14,0.008624801065942236,0.019581026999952386,0.023916596778465665,-0.00011443641939550694,0.49204676198215447,0.5125524294811055,883.7974084007016,897.72998046875,cierre_dia,904.802567185236,897.72998046875,cierre_dia,0.0,4,0.010237671863989235,-1.0,diario,clp,1,1,42,0.0015
2026-05-18,897.72998046875,915.6886,912.73303,0.0113622131757193,0.0145246199919808,51.82730212811264,856.530029296875,930.219970703125,3,-0.0493118043030063,0.0004000731623398,900.5,2026-05-19,2026-05-15,0.003828057482439363,0.020004477874151928,0.01671220729802979,1.6179274735145602e-05,0.5182730212811264,0.5590987098868915,887.5297810564298,900.5,cierre_dia,907.9301798810703,900.5,cierre_dia,0.0,4,0.010237671863989235,-1.0,diario,clp,1,1,42,0.0015
2026-05-19,900.5,912.73303,913.0728,0.0109818053048745,0.2705112413584798,54.07826299252717,856.530029296875,930.219970703125,4,0.003273801195157,-0.0220628361874914,905.030029296875,2026-05-20,2026-05-18,0.0030808314312530723,0.013584708495280384,0.01396202109938926,0.0003004011564225206,0.5407826299252717,0.5966889084728692,890.6108843229605,905.030029296875,cierre_dia,910.3891156770395,905.030029296875,cierre_dia,0.0,4,0.010237671863989235,-1.0,diario,clp,1,1,42,0.0015
2026-05-20,905.030029296875,913.0728,910.9303,0.0106703103179023,0.711980451793638,50.2637306039017,856.530029296875,930.219970703125,5,-0.0172071264664082,-0.0493446669349503,897.72998046875,2026-05-21,2026-05-19,0.00501796007692844,0.008886744575065119,0.006519419811637582,0.0007866926275880385,0.502637306039017,0.6581630962714605,895.3730780372571,897.72998046875,cierre_dia,914.6869805564928,897.72998046875,cierre_dia,0.0,4,0.010237671863989235,-1.0,diario,clp,1,1,42,0.0015
2026-05-21,897.72998046875,902.96063,903.94244,0.0105293612464978,0.4899733139714516,48.74863551877047,865.1699829101562,930.219970703125,1,0.0201524544565522,-0.0519930363306009,898.3400268554688,2026-05-22,2026-05-20,-0.008098791508181418,0.0058265287392082555,0.006920187212647388,0.000545791412375035,0.4874863551877047,0.500538104053467,888.277457202583,898.3400268554688,cierre_dia,907.182503734917,898.3400268554688,cierre_dia,0.0,4,0.010237671863989235,-1.0,diario,clp,1,1,42,0.0015
2026-05-22,898.3400268554688,903.94244,906.25586,0.0101563762458682,0.3674370846410434,49.58208337701523,873.1599731445312,930.219970703125,2,-0.0053397527463154,-0.0472782854279293,896.6300048828125,2026-05-25,2026-05-21,0.0006793125075199923,0.006236406012255578,0.008811622445723205,0.00040901782583061864,0.4958208337701523,0.44129083049960904,889.2161475460013,896.6300048828125,cierre_dia,907.4639061649364,896.6300048828125,cierre_dia,0.0,4,0.010237671863989235,-1.0,diario,clp,1,1,42,0.0015
2026-05-25,896.6300048828125,906.25586,905.853,0.00981315796132,0.1647720392713865,42.30968783866003,881.219970703125,930.219970703125,3,0.013493345180274,0.0144765058069405,896.7100219726562,2026-05-26,2026-05-22,-0.0019053493481811792,0.010735593349282976,0.010286288733325264,0.00018376815227471875,0.4230968783866003,0.3144904934630102,887.8312330120383,896.7100219726562,cierre_dia,905.4287767535867,896.7100219726562,cierre_dia,0.0,4,0.010237671863989235,-1.0,diario,clp,1,1,42,0.0015
2026-05-26,896.7100219726562,905.853,904.8798,0.0094678147679872,0.0363684032312472,45.55813331550445,881.219970703125,930.219970703125,4,0.0,0.0111607419470815,893.8300170898438,2026-05-27,2026-05-25,8.923805714322453e-05,0.010196136770313138,0.009110836086532464,4.055759648056682e-05,0.4555813331550445,0.31612349529655615,888.2201375840214,893.8300170898438,cierre_dia,905.1999063612911,893.8300170898438,cierre_dia,0.0,4,0.010237671863989235,-1.0,diario,clp,1,1,42,0.0015
2026-05-27,893.8300170898438,904.8798,904.3716,0.0091809890094562,-0.2277430674369296,48.66036583841839,881.219970703125,930.219970703125,5,0.0029914299727304,0.031792392602581,894.030029296875,2026-05-28,2026-05-26,-0.0032169147895447525,0.01236228667519187,0.011793722193933215,-0.00025479460644924605,0.48660365838418396,0.2573478854432398,885.6237735266199,894.030029296875,cierre_dia,902.0362606530678,894.030029296875,cierre_dia,0.0,4,0.010237671863989235,-1.0,diario,clp,1,1,42,0.0015
2026-05-28,894.030029296875,891.0175,891.79333,0.0088599706728499,-0.3659898523255126,52.22447317116332,881.219970703125,930.219970703125,1,-0.0088426651012281,0.0023050097652881,890.969970703125,2026-05-29,2026-05-27,0.00022374481522734286,-0.0033696063869848012,-0.002501816743934341,-0.000409370871595165,0.5222447317116332,0.26142976721938777,886.1089494566576,890.969970703125,cierre_dia,901.9511091370924,891.0175,take_profit,0.0,4,0.010237671863989235,-1.0,diario,clp,1,1,42,0.0015
2026-05-29,890.969970703125,891.79333,892.05554,0.0086055773437421,-0.6253159031463272,49.256471975463015,881.219970703125,930.219970703125,2,0.0143298384669936,0.0222151094202964,889.5999755859375,2026-06-01,2026-05-28,-0.0034286404386313922,0.000924115653668103,0.0012184128899633444,-0.0007018372377386051,0.4925647197546301,0.1989795918367347,883.3026597092876,889.5999755859375,cierre_dia,898.6372816969624,889.5999755859375,cierre_dia,0.0,4,0.010237671863989235,-1.0,diario,clp,1,1,42,0.0015
2026-06-01,889.5999755859375,892.05554,891.81006,0.008318543691543,-0.8376566678487599,45.09654826784976,881.219970703125,930.219970703125,3,-0.0057230335454064,0.0027593698651848,891.9400024414062,2026-06-02,2026-05-29,-0.001538827935838679,0.0027603018001940553,0.002484357548016841,-0.0009416104888009186,0.4509654826784976,0.1710205078125,882.1997993210304,891.9400024414062,cierre_dia,897.0001518508446,891.9400024414062,cierre_dia,0.0,4,0.010237671863989235,-1.0,diario,clp,1,1,42,0.0015
2026-06-02,891.9400024414062,891.81006,891.86755,0.0080574809618864,-0.7707425877126735,33.65480267604244,881.219970703125,930.219970703125,4,0.0255379633740988,0.028697596972302,889.7999877929688,2026-06-03,2026-06-01,0.00262697242838977,-0.0001456851817953584,-8.123017378734336e-05,-0.0008641193192400914,0.33654802676042445,0.21877615792410715,884.7532128525897,889.7999877929688,cierre_dia,899.1267920302226,891.81006,take_profit,0.0,4,0.010237671863989235,-1.0,diario,clp,1,1,42,0.0015
2026-06-03,889.7999877929688,891.86755,891.94006,0.0078086621985746,-0.8164538318711478,53.96505038789777,881.219970703125,930.219970703125,5,0.0190539373216507,0.0453544771867792,894.9600219726562,2026-06-04,2026-06-02,-0.0024021638277490673,0.0023236257983770218,0.0024051160220168503,-0.0009175700641402049,0.5396505038789777,0.17510238958864796,882.8518402639977,891.86755,take_profit,896.7481353219399,894.9600219726562,cierre_dia,0.0,4,0.010237671863989235,-1.0,diario,clp,1,1,42,0.0015
2026-06-04,894.9600219726562,888.2991,888.1887,0.0076920471497266,-0.4626272630289154,50.87816460835839,881.219970703125,930.219970703125,1,-0.025666836602769,0.0279143732033996,895.6300048828125,2026-06-05,2026-06-03,0.005782344437133058,-0.007442703371234842,-0.00756606083669634,-0.0005169250599699413,0.5087816460835839,0.2804092095822704,888.0759472865223,895.6300048828125,cierre_dia,901.8440966587902,895.6300048828125,cierre_dia,0.0,4,0.010237671863989235,-1.0,diario,clp,1,1,42,0.0015
2026-06-05,895.6300048828125,888.1887,890.24963,0.0074275900893803,-0.1624164680715536,46.9845537917882,881.219970703125,930.219970703125,2,0.0046182670707891,0.0179800265167984,914.260009765625,2026-06-08,2026-06-04,0.0007483376220956062,-0.008308458674054928,-0.006007363368220857,-0.0001813432636089551,0.46984553791788203,0.2940823301977041,888.9776323347933,914.260009765625,cierre_dia,902.2823774308317,902.2823774308317,stop_loss,0.0,4,0.010237671863989235,-1.0,diario,clp,1,1,42,0.0015
2026-06-08,914.260009765625,890.24963,887.19543,0.0090584430965516,1.2349882769713203,63.57530475247668,881.219970703125,930.219970703125,3,-0.0387539098678824,-0.0150954821525162,922.9199829101562,2026-06-09,2026-06-05,0.020587618866065662,-0.026262091209458185,-0.02960271637885939,0.0013508064049393516,0.6357530475247668,0.6742865114795918,905.9782374917104,922.9199829101562,cierre_dia,922.5417820395397,922.5417820395397,stop_loss,0.0,4,0.010237671863989235,-1.0,diario,clp,1,1,42,0.0015
2026-06-09,922.9199829101562,887.19543,885.4501,0.0090927345831701,2.607759746091152,66.31990031302512,881.219970703125,930.219970703125,4,0.0104821070262589,-0.0298129927158813,916.4299926757812,2026-06-10,2026-06-08,0.00942753276142982,-0.038708180093261615,-0.04059927578120694,0.0028255534546649972,0.6631990031302512,0.851020657286352,914.5281164640503,916.4299926757812,cierre_dia,931.3118493562622,916.4299926757812,cierre_dia,0.0,4,0.010237671863989235,-1.0,diario,clp,1,1,42,0.0015
2026-06-10,916.4299926757812,885.4501,888.9579,0.0089895946566481,2.920349724557699,67.31476740598075,881.219970703125,930.219970703125,5,-0.0042749316704882,-0.0521843939610808,915.1799926757812,2026-06-11,2026-06-09,-0.007056859492275447,-0.03380497465532147,-0.029977295478477925,0.0031866588259850566,0.6731476740598075,0.7185718769929847,908.191658510431,915.1799926757812,cierre_dia,924.6683268411315,915.1799926757812,cierre_dia,0.0,4,0.010237671863989235,-1.0,diario,clp,1,1,42,0.0015
2026-06-11,915.1799926757812,911.7136,917.9206,0.0086879791417552,2.879799868046669,65.40988624076209,881.219970703125,930.219970703125,1,-0.0085248812184181,-0.0357969257871859,906.02001953125,2026-06-12,2026-06-10,-0.001364919610681411,-0.003787662212376663,0.002994610181769669,0.003146703261755952,0.6540988624076209,0.693061672911352,907.2289279884624,907.2289279884624,stop_loss,923.1310573631,911.7136,take_profit,0.0,4,0.010237671863989235,-1.0,diario,clp,1,1,42,0.0015
2026-06-12,906.02001953125,917.9206,918.00244,0.0088272832908197,2.1086748415435816,57.561605215456055,881.219970703125,930.219970703125,2,0.0015989373612835,-0.0387037821878805,899.1099853515625,2026-06-15,2026-06-11,-0.010059356825148972,0.013135008291436066,0.013225337421296005,0.0023274042472422986,0.5756160521545606,0.5061234454719388,898.0223241516936,899.1099853515625,cierre_dia,914.0177149108063,899.1099853515625,cierre_dia,0.0,4,0.010237671863989235,-1.0,diario,clp,1,1,42,0.0015
2026-06-15,899.1099853515625,918.00244,920.79504,0.0087775549728949,1.0588428521591648,51.741119938504426,881.219970703125,930.219970703125,3,0.0270319005629957,0.0266623790530586,889.969970703125,2026-06-16,2026-06-12,-0.007656033541644367,0.021012395542521205,0.024118355931680997,0.001177656648697039,0.5174111993850442,0.3651023397640306,891.2179980284604,891.2179980284604,stop_loss,907.0019726746647,889.969970703125,cierre_dia,0.0,4,0.010237671863989235,-1.0,diario,clp,1,1,42,0.0015
2026-06-16,889.969970703125,920.79504,921.74713,0.0089218783381932,-0.2553687953759394,47.43280094759411,881.219970703125,930.219970703125,4,0.0080539497301391,0.0241725054324553,885.260009765625,2026-06-17,2026-06-15,-0.010217647496120254,0.034636077970722406,0.03570587811156063,-0.0002869409123705422,0.4743280094759411,0.17857142857142858,882.0297668998663,885.260009765625,cierre_dia,897.9101745063837,885.260009765625,cierre_dia,0.0,4,0.010237671863989235,-1.0,diario,clp,1,1,42,0.0015
2026-06-17,885.260009765625,921.74713,918.20575,0.0087373951547666,-1.383097629000073,44.49741966021314,881.219970703125,930.219970703125,5,0.0010021613364065,0.0295914445461629,886.3499755859375,2026-06-18,2026-06-16,-0.005306323170373335,0.04121627525458315,0.0372158912307554,-0.001562363163073696,0.4449741966021314,0.08244977678571429,877.5251432455902,886.3499755859375,cierre_dia,892.9948762856599,886.3499755859375,cierre_dia,0.0,5,0.010365225378104408,-1.0,diario,clp,1,1,42,0.0015
2026-06-18,886.3499755859375,886.5521,887.7523,0.0084409004772521,-1.961535103429648,47.02779409501132,881.219970703125,930.219970703125,1,-0.0011564235248321,0.0372059647299223,900.1799926757812,2026-06-19,2026-06-17,0.0012304807117250482,0.00022804131508987504,0.0015821339794537248,-0.002213048070693453,0.4702779409501132,0.1046939772002551,878.8683836540017,886.5521,take_profit,893.8315675178733,893.8315675178733,stop_loss,0.0,5,0.010365225378104408,-1.0,diario,clp,1,1,42,0.0015
2026-06-19,900.1799926757812,887.7523,885.4551,0.0091345555104058,-1.347853703008475,55.86605563823976,881.219970703125,930.219970703125,2,-0.0166463631322671,0.0184534233160654,901.2100219726562,2026-06-22,2026-06-18,0.015482856275284704,-0.013805786372611987,-0.016357720451008417,-0.00149731577459524,0.5586605563823975,0.3869392239317602,891.9572485633277,901.2100219726562,cierre_dia,908.402736788235,901.2100219726562,cierre_dia,0.0,5,0.010365225378104408,-1.0,diario,clp,1,1,42,0.0015
2026-06-22,901.2100219726562,885.4551,893.18896,0.0088218049568876,-0.8329387666919557,55.21549456541895,881.219970703125,930.219970703125,3,0.0,-0.0087085347065966,905.9500122070312,2026-06-23,2026-06-19,0.0011435940032483373,-0.017481964901111872,-0.008900324871109418,-0.0009242449000608518,0.5521549456541895,0.4079602299904337,893.2597229336211,905.9500122070312,cierre_dia,909.1603210116914,905.9500122070312,cierre_dia,0.0,5,0.010365225378104408,-1.0,diario,clp,1,1,42,0.0015
2026-06-23,905.9500122070312,893.18896,896.72125,0.0086265731777618,-0.1682619526486313,58.82804722135477,881.219970703125,926.1099853515624,4,-0.0028276900662744,-0.0194369342133176,913.469970703125,2026-06-24,2026-06-22,0.005245801162572804,-0.014085823759683435,-0.010186833801733205,-0.00018572984202375553,0.5882804722135477,0.5509029501902178,898.1347681313331,913.469970703125,cierre_dia,913.7652562827293,913.469970703125,cierre_dia,0.0,5,0.010365225378104408,-1.0,diario,clp,1,1,42,0.0015
2026-06-24,913.469970703125,896.72125,900.482,0.0086102142339565,0.7332338310418236,59.86356679106153,881.219970703125,922.9199829101562,5,-0.0344903730096613,-0.0536292276127006,918.219970703125,2026-06-25,2026-06-23,0.008266372127820913,-0.018335272357374765,-0.014218278782747288,0.0008026906790131609,0.5986356679106153,0.7733810685686602,905.6047985590851,918.219970703125,cierre_dia,921.335142847165,918.219970703125,cierre_dia,0.0,5,0.010365225378104408,-1.0,diario,clp,1,1,42,0.0015
2026-06-25,918.219970703125,912.78503,916.35065,0.0084231294820052,1.5574617900175167,61.53609748677809,881.219970703125,922.9199829101562,1,-0.0327735323777381,-0.0830826655295849,919.8300170898438,2026-06-26,2026-06-24,0.005186478934412344,-0.00591899640231436,-0.002035809242630171,0.0016961750339898332,0.6153609748677809,0.8872899081252845,910.4856849969295,919.8300170898438,cierre_dia,925.9542564093205,919.8300170898438,cierre_dia,0.0,5,0.010365225378104408,-1.0,diario,clp,1,1,42,0.0015
2026-06-26,919.8300170898438,916.35065,916.56116,0.0081454300565827,2.0861181072498454,53.442953713911024,881.219970703125,922.9199829101562,2,0.0212269276095828,-0.0476900008565041,921.989990234375,2026-06-29,2026-06-25,0.0017519075206930633,-0.003782619641889695,-0.0035537621398633854,0.002267938715296443,0.5344295371391102,0.9259001219239096,912.3376060216931,921.989990234375,cierre_dia,927.3224281579943,921.989990234375,cierre_dia,0.0,5,0.010365225378104408,-1.0,diario,clp,1,1,42,0.0015
2026-06-29,921.989990234375,916.56116,917.0691,0.007888980648942,2.4321431637087816,49.37492051640746,881.219970703125,922.9199829101562,3,0.0116280543407627,-0.0365518564633709,921.760009765625,2026-06-30,2026-06-26,0.002345477979561076,-0.0058881661318199215,-0.005337249087838832,0.002637927948751935,0.49374920516407456,0.9776980238959153,914.7164290428979,921.760009765625,cierre_dia,929.2635514258521,921.760009765625,cierre_dia,0.0,5,0.010365225378104408,-1.0,diario,clp,1,1,42,0.0015
2026-06-30,921.760009765625,917.0691,920.0723,0.0076210827417654,2.487494676357592,53.91165527874357,881.219970703125,922.9199829101562,4,-0.0071901852926039,-0.0407457398409832,921.5700073242188,2026-07-01,2026-06-29,-0.00024947034027683146,-0.005089079278691754,-0.0018309644026041998,0.0026986359247566888,0.5391165527874356,0.9721829063557046,914.7352004631507,921.5700073242188,cierre_dia,928.7848190680992,921.5700073242188,cierre_dia,0.0,5,0.010365225378104408,-1.0,diario,clp,1,1,42,0.0015
2026-07-01,921.5700073242188,920.0723,920.68225,0.0073630005620621,2.354637826044433,54.763694472705694,881.219970703125,922.9199829101562,5,0.0154600747786719,0.0083863087708999,925.0599975585938,2026-07-02,2026-06-30,-0.00020615130260735311,-0.0016251693439625998,-0.0009633096966734003,0.0025550287089758173,0.5476369447270569,0.9676264942265442,914.784486842311,925.0599975585938,cierre_dia,928.3555278061266,925.0599975585938,cierre_dia,0.0,5,0.010365225378104408,-1.0,diario,clp,1,1,42,0.0015
2026-07-02,925.0599975585938,926.1856,928.75977,0.0071805247707429,2.340262035192377,65.50487734809046,881.219970703125,925.0599975585938,1,-0.0112050935633902,0.0303718720147529,924.739990234375,2026-07-03,2026-07-01,0.0037798523584612574,0.0012167885806076875,0.003999494574590453,0.0025298489193876787,0.6550487734809046,1.0,918.4175813317008,924.739990234375,cierre_dia,931.7024137854866,924.739990234375,cierre_dia,0.0,5,0.010365225378104408,-1.0,diario,clp,1,1,42,0.0015
2026-07-03,924.739990234375,928.75977,929.0018,0.0069393453816054,2.152422405857302,73.38080146457818,881.219970703125,925.0599975585938,2,-0.0014708001647411,0.0072481919973205,920.8400268554688,2026-07-06,2026-07-02,-0.00034599127421656,0.004346929740332946,0.004608657363833534,0.002327597409637028,0.7338080146457818,0.9927005673314538,918.3229000539563,920.8400268554688,cierre_dia,931.1570804147937,920.8400268554688,cierre_dia,0.0,5,0.010365225378104408,-1.0,diario,clp,1,1,42,0.0015
2026-07-06,920.8400268554688,929.0018,926.8028,0.0068103277533358,1.6323356288407531,81.13791366897617,881.219970703125,925.0599975585938,3,0.0,-0.0043963120452179,927.5800170898438,2026-07-07,2026-07-03,-0.004226280245458091,0.008863399620455781,0.006475362680413967,0.0017726592906858487,0.8113791366897617,0.9037416031464272,914.5688044641925,927.5800170898438,cierre_dia,927.111249246745,927.111249246745,stop_loss,0.0,5,0.010365225378104408,-1.0,diario,clp,1,1,42,0.0015
2026-07-07,927.5800170898438,926.8028,925.30554,0.0068595541636263,1.6065631442504724,91.00782694375413,881.219970703125,927.5800170898438,4,0.0103315830403225,0.0132021529970477,926.489990234375,2026-07-08,2026-07-06,0.007292736440578642,-0.0008378976212554853,-0.002452054860970013,0.0017319941295100836,0.9100782694375412,1.0,921.2172317215186,926.489990234375,cierre_dia,933.9428024581689,926.8028,take_profit,0.0,5,0.010365225378104408,-1.0,diario,clp,1,1,42,0.0015
2026-07-08,926.489990234375,925.30554,921.7521,0.0066392666632715,1.38861323721677,88.89538143442148,881.219970703125,927.5800170898438,5,-0.0010526365940761,-0.0033911841839605,934.6599731445312,2026-07-09,2026-07-07,-0.0011758207368091195,-0.0012784274486067762,-0.005113806176337005,0.001498789249590804,0.8889538143442148,0.9764877962723303,920.3387761283572,934.6599731445312,cierre_dia,932.6412043403928,932.6412043403928,stop_loss,0.0,5,0.010365225378104408,-1.0,diario,clp,1,1,42,0.0015
2026-07-09,934.6599731445312,928.2475,926.65753,0.0068292013750186,1.6494227988783754,87.52723600999096,881.219970703125,934.6599731445312,1,-0.0191401393561612,-0.0112680278868174,926.9600219726562,2026-07-10,2026-07-08,0.008779556241877097,-0.0068607550647081265,-0.008561876376933326,0.0017647303257559278,0.8752723600999096,1.0,928.2769919707578,928.2769919707578,stop_loss,941.0429543183047,928.2475,take_profit,0.0,5,0.010365225378104408,-1.0,diario,clp,1,1,42,0.0015
2026-07-10,926.9600219726562,926.65753,926.34106,0.0069843016649718,1.1800959659582864,74.47259733630331,881.219970703125,934.6599731445312,2,0.0261639352903259,0.0164363571934134,926.8699951171876,2026-07-13,2026-07-09,-0.00827235966763777,-0.00032632688086436316,-0.0006677331901963491,0.001273081835230535,0.7447259733630331,0.8559140939352027,920.4858535478304,926.8699951171876,cierre_dia,933.4341903974821,926.8699951171876,cierre_dia,0.0,5,0.010365225378104408,-1.0,diario,clp,1,1,42,0.0015
2026-07-13,926.8699951171876,926.34106,926.2412,0.0067507455357253,0.7606945884013374,71.80986923737728,881.219970703125,934.6599731445312,3,0.0029722239006344,0.0194619277369259,930.5,2026-07-14,2026-07-10,-9.712525389008214e-05,-0.0005706680764013384,-0.0006784070263360547,0.0008207133604591009,0.7180986923737729,0.8542294597406712,920.6129316354526,930.5,cierre_dia,933.1270585989228,930.5,cierre_dia,0.0,5,0.010365225378104408,-1.0,diario,clp,1,1,42,0.0015
2026-07-14,930.5,926.2412,929.95056,0.0066038331291648,0.6302411903138259,69.32159071078978,885.260009765625,934.6599731445312,4,-8.024741299155112e-05,0.0089025297145267,925.0499877929688,2026-07-15,2026-07-13,0.00390876294339286,-0.004576894142933854,-0.0005904782375067213,0.0006773145516537623,0.6932159071078978,0.9157899548907853,924.3551332733122,925.0499877929688,cierre_dia,936.644866726688,926.2412,take_profit,0.0,5,0.010365225378104408,-1.0,diario,clp,1,1,42,0.0015
2026-07-15,925.0499877929688,929.95056,931.55884,0.0065904050392762,0.1068314453410037,57.62790196738703,885.260009765625,934.6599731445312,5,0.0154424981014605,0.0256825265206132,924.47998046875,2026-07-16,2026-07-14,-0.005874299172771266,0.0052976296110475935,0.007036216737389979,0.00011548721339469188,0.5762790196738703,0.8054657393599212,918.9535336918356,924.47998046875,cierre_dia,931.1464418941019,924.47998046875,cierre_dia,0.0,5,0.010365225378104408,-1.0,diario,clp,1,1,42,0.0015
2026-07-16,924.47998046875,926.0052,922.25336,0.0063750946384057,-0.3242507007386495,55.31668413655265,885.260009765625,934.6599731445312,1,-0.0057828778397664,0.0394747443276304,924.1300048828124,2026-07-17,2026-07-15,-0.0006163807584054832,0.0016498134772768094,-0.00240851128828227,-0.00035073847740244284,0.5531668413655265,0.7939271210041403,918.5863331019502,924.1300048828124,cierre_dia,930.3736278355498,924.1300048828124,cierre_dia,0.0,5,0.010365225378104408,-1.0,diario,clp,1,1,42,0.0015
2026-07-17,924.1300048828124,922.25336,920.8855,0.0061661584037206,-0.6600847136489651,52.552503144947,885.260009765625,934.6599731445312,2,0.000397165457432,0.0130329604566588,933.97998046875,2026-07-20,2026-07-16,-0.00037863648134768676,-0.0020307152380041136,-0.0035108749479721073,-0.0007142768984464145,0.52552503144947,0.7868425897211261,918.4316728870739,933.97998046875,cierre_dia,929.828336878551,929.828336878551,stop_loss,0.0,5,0.010365225378104408,-1.0,diario,clp,1,1,42,0.0015
2026-07-20,933.97998046875,920.8855,930.60345,0.0066015677398594,-0.2661725466284075,61.8548606752484,885.260009765625,934.6599731445312,3,-0.0121446387011527,-0.00216575176302,933.780029296875,2026-07-21,2026-07-17,0.010602244141712232,-0.014020086878284163,-0.003615206470544925,-0.00028498742178051785,0.618548606752484,0.986234955873032,927.8142483600129,933.780029296875,cierre_dia,940.1457125774871,933.780029296875,cierre_dia,0.0,5,0.010365225378104408,-1.0,diario,clp,1,1,42,0.0015
2026-07-21,933.780029296875,930.60345,934.2629,0.0063839056588976,-0.0762753244115153,61.842923159438925,885.260009765625,934.6599731445312,4,0.0126209837061465,0.0105887994291112,934.1699829101562,2026-07-22,2026-07-20,-0.0002141079920261808,-0.0034018496832353257,0.0005171139754279612,-8.16844674531642e-05,0.6184292315943892,0.9821873583001078,927.8188656836811,934.1699829101562,cierre_dia,939.741192910069,934.1699829101562,cierre_dia,0.0,5,0.010365225378104408,-1.0,diario,clp,1,1,42,0.0015
2026-07-22,934.1699829101562,934.2629,928.8874,0.0061741748905118,0.0136147488067042,59.401462833301,885.260009765625,934.6599731445312,5,0.0331022215500219,0.0285940339459849,935.9400024414062,2026-07-23,2026-07-21,0.0004175204008647327,9.94648635082844e-05,-0.005654841203203535,1.4574166431992492e-05,0.59401462833301,0.9900811619916255,928.4022540582025,934.2629,take_profit,939.93771176211,935.9400024414062,cierre_dia,0.0,5,0.010365225378104408,-1.0,diario,clp,1,1,42,0.0015
2026-07-23,935.9400024414062,929.78186,929.5558,0.0059904033998424,0.1241516443510368,61.2224928109164,885.260009765625,935.9400024414062,1,-0.0092578876111877,0.0250258629324436,941.8900146484376,2026-07-24,2026-07-22,0.0018929582470075465,-0.006579633764282581,-0.006821166340527208,0.00013264914847873404,0.612224928109164,1.0,930.3333442687327,941.8900146484376,cierre_dia,941.5466606140798,941.5466606140798,stop_loss,0.0,5,0.010365225378104408,-1.0,diario,clp,1,1,42,0.0015
2026-07-24,941.8900146484376,929.5558,929.99335,0.0060323262283515,0.5083094420486125,70.25989635162911,885.260009765625,941.8900146484376,2,-0.0228922484741691,0.0014294511624003,945.989990234375,2026-07-27,2026-07-23,0.0063371360189416635,-0.013095175080544206,-0.012630630395713563,0.0005396696367339026,0.7025989635162911,1.0,936.2082268088515,945.989990234375,cierre_dia,947.5718024880238,945.989990234375,cierre_dia,0.0,5,0.010365225378104408,-1.0,diario,clp,1,1,42,0.0015
2026-07-27,945.989990234375,929.99335,932.86206,0.0059446155360294,0.9246057785779378,68.66763296624677,885.260009765625,945.989990234375,3,0.0023762931297229,0.0160772322898495,940.0399780273438,2026-07-28,2026-07-24,0.004343477362021131,-0.016909946616255174,-0.013877451526862806,0.000977394885910855,0.6866763296624677,1.0,940.3664434414994,940.3664434414994,stop_loss,951.6135370272506,940.0399780273438,cierre_dia,0.0,5,0.010365225378104408,-1.0,diario,clp,1,1,42,0.0015
2026-07-28,940.0399780273438,932.86206,930.68207,0.0060146176303101,0.6957488808208465,62.50694351332197,885.260009765625,945.989990234375,4,0.0030018274868015,0.006350284179513,934.3800048828124,2026-07-29,2026-07-27,-0.006309583672296708,-0.007635758260416152,-0.009954797929957395,0.0007401269063905798,0.6250694351332197,0.9020251256281407,934.3859970023042,934.3859970023042,stop_loss,945.6939590523834,934.3800048828124,cierre_dia,0.0,5,0.010365225378104408,-1.0,diario,clp,1,1,42,0.0015
2026-07-29,934.3800048828124,930.68207,928.6196,0.0060575924578109,0.0914433542062642,49.72902722724013,885.260009765625,945.989990234375,5,-0.0026854447899488,-0.0290278183320044,934.9099731445312,2026-07-30,2026-07-28,-0.006039191214978974,-0.003957634863212017,-0.006164948792472128,9.786527293863999e-05,0.4972902722724013,0.8088261306532645,928.7199116125049,934.9099731445312,cierre_dia,940.0400981531197,934.9099731445312,cierre_dia,0.0,5,0.010365225378104408,-1.0,diario,clp,1,1,42,0.0015
2026-07-30,934.9099731445312,939.8078,940.7719,0.0058617916971177,-0.3216882232408338,58.93456364329786,885.260009765625,945.989990234375,1,-0.0077012108721984,-0.0275151514613938,925.0499877929688,2026-07-31,2026-07-29,0.0005670262850044505,0.0052388219145798115,0.0062700442008895895,-0.00034408470599457685,0.5893456364329785,0.8175527638190955,929.4297256264001,929.4297256264001,stop_loss,940.3902206626625,925.0499877929688,cierre_dia,0.0,5,0.010365225378104408,-1.0,diario,clp,1,1,42,0.0015
2026-07-31,925.0499877929688,940.7719,940.97943,0.0063783403062851,-1.2556680072893132,48.322877682951294,885.260009765625,945.989990234375,2,0.0268926419822215,0.0221253203714293,922.9500122070312,2026-08-03,2026-07-30,-0.01060246233649696,0.016995743380897013,0.0172200880138775,-0.0013574055714385227,0.48322877682951293,0.6551949748743718,919.1497041705003,922.9500122070312,cierre_dia,930.9502714154372,922.9500122070312,cierre_dia,0.0,5,0.010365225378104408,-1.0,diario,clp,1,1,42,0.0015
2026-08-03,922.9500122070312,940.97943,936.5514,0.0062040220324361,-1.9690569772921984,42.84087160343787,885.260009765625,945.989990234375,3,-0.0013198401493381,0.0183543821974964,924.6599731445312,2026-08-04,2026-07-31,-0.002272701828822799,0.019534555018700696,0.014736862899480306,-0.002133438378297036,0.4284087160343787,0.62061608040201,917.2240099964616,924.6599731445312,cierre_dia,928.676014417601,924.6599731445312,cierre_dia,0.0,5,0.010365225378104408,-1.0,diario,clp,1,1,42,0.0015
2026-08-04,924.6599731445312,936.5514,936.4639,0.0060192663988366,-2.2591577426086484,49.601942570092994,885.260009765625,945.989990234375,4,0.0120464885062851,0.0276068319426272,914.4600219726562,2026-08-05,2026-08-03,0.0018509982510146415,0.012860324011894884,0.012765694631861906,-0.002443230818055023,0.49601942570092994,0.6487728643216081,919.0941984378331,919.0941984378331,stop_loss,930.2257478512292,914.4600219726562,cierre_dia,0.0,5,0.010365225378104408,-1.0,diario,clp,1,1,42,0.0015
2026-08-05,914.4600219726562,936.4639,933.9687,0.0065707047060627,-3.023655789814176,41.4534190592707,885.260009765625,945.989990234375,5,0.015915095845989,0.0468997476655004,913.52001953125,2026-08-06,2026-08-04,-0.011092322177900637,0.024062154165993346,0.021333549371857725,-0.0033064931403907647,0.414534190592707,0.4808170854271357,908.4513752027743,913.52001953125,cierre_dia,920.4686687425383,913.52001953125,cierre_dia,0.0,5,0.010365225378104408,-1.0,diario,clp,1,1,42,0.0015
2026-08-06,913.52001953125,916.9016,917.78186,0.0063617633444059,-3.4475807935800087,41.04033431880702,885.260009765625,945.989990234375,1,0.0126864042894861,0.0684625974890097,915.3800048828124,2026-08-07,2026-08-05,-0.0010284603802223553,0.0037017037354969014,0.004665295097678219,-0.003773952097239258,0.4104033431880702,0.4653386934673367,907.7084213566152,915.3800048828124,cierre_dia,919.3316177058849,915.3800048828124,cierre_dia,0.0,5,0.010365225378104408,-1.0,diario,clp,1,1,42,0.0015
2026-08-07,915.3800048828124,917.78186,918.27716,0.0061743566529379,-3.449271948846257,31.84295696772097,885.260009765625,945.989990234375,2,-0.0023898847824607,0.0376289594983269,912.5,2026-08-10,2026-08-06,0.00203399416915487,0.0026238885537981055,0.0031649753126937598,-0.0037681311919062896,0.3184295696772097,0.4959658291457268,909.7281222596979,912.5,cierre_dia,921.031887505927,912.5,cierre_dia,0.0,5,0.010365225378104408,-1.0,diario,clp,1,1,42,0.0015
2026-08-10,912.5,918.27716,914.5369,0.0060399311055441,-3.4808599695373554,30.25963260989204,885.260009765625,945.989990234375,3,-0.0175753954113028,0.0208980779076065,914.989990234375,2026-08-11,2026-08-07,-0.0031511994861114292,0.006331134246575321,0.0022322191780821325,-0.003814641062506691,0.3025963260989204,0.4485427135678392,906.9885628661909,914.989990234375,cierre_dia,918.0114371338091,914.989990234375,cierre_dia,0.0,5,0.010365225378104408,-1.0,diario,clp,1,1,42,0.0015
2026-08-11,914.989990234375,914.5369,913.0295,0.0058858888988104,-3.1788967429693624,32.87495054501302,885.260009765625,945.989990234375,4,0.0036460606918222,0.0123580175989074,913.52001953125,2026-08-12,2026-08-10,0.0027250401244736143,-0.0004951860011703459,-0.002142635717657234,-0.0034742420976158297,0.3287495054501302,0.4895437185929648,909.6044608083319,913.52001953125,cierre_dia,920.3755196604183,914.5369,take_profit,0.0,5,0.010365225378104408,-1.0,diario,clp,1,1,42,0.0015
2026-08-12,913.52001953125,913.0295,914.3173,0.0057166345022236,-2.9291695750267124,29.874258288269047,885.260009765625,945.989990234375,5,0.0026502001102386,-0.0009821324940826,914.0900268554688,2026-08-13,2026-08-11,-0.001607834807517276,-0.0005369554260033769,0.0008727564275593547,-0.0032064645682639147,0.29874258288269046,0.4653386934673367,908.2977594691257,914.0900268554688,cierre_dia,918.7422795933744,914.0900268554688,cierre_dia,0.0,5,0.010365225378104408,-1.0,diario,clp,1,1,42,0.0015
2026-08-13,914.0900268554688,912.9337,914.4614,0.0055357951347968,-2.5884112655318345,22.37667068151781,885.260009765625,945.989990234375,1,-0.0022711594833249,-0.0158138065803953,914.0,2026-08-14,2026-08-12,0.0006237734836574482,-0.0012650032507701106,0.00040627633342508356,-0.0028316808951916296,0.22376670681517807,0.4747246231155779,909.0298117320359,914.0,cierre_dia,919.1502419789015,914.0,cierre_dia,0.0,5,0.010365225378104408,-1.0,diario,clp,1,1,42,0.0015
2026-08-14,914.0,914.4614,915.1209,0.0053611054969486,-2.2446818402702,15.460895695495168,885.260009765625,945.989990234375,2,-0.0006823476740331,-0.0141318365290646,913.0999755859376,2026-08-17,2026-08-13,-9.849280311039126e-05,0.0005048140043763961,0.0012263676148796564,-0.0024558882278667396,0.1546089569549517,0.47324221105527636,909.099949575789,913.0999755859376,cierre_dia,918.9000504242111,913.0999755859376,cierre_dia,0.0,5,0.010365225378104408,-1.0,diario,clp,1,1,42,0.0015
2026-08-17,913.0999755859376,915.1209,916.9589,0.0052020509558024,-1.9636851095850687,17.353228767413114,885.260009765625,945.989990234375,3,0.0010612446835852,0.0044137101806858,914.7899780273438,2026-08-18,2026-08-14,-0.0009851945694119922,0.0022132564539447744,0.004226179517293361,-0.00215056966607076,0.17353228767413115,0.4584221105527657,908.3499829851977,914.7899780273438,cierre_dia,917.8499681866775,914.7899780273438,cierre_dia,0.0,5,0.010365225378104408,-1.0,diario,clp,1,1,42,0.0015
2026-08-18,914.7899780273438,916.9589,919.16296,0.0050613660756294,-1.5669732307555,23.73276679046144,885.260009765625,945.989990234375,4,0.0006816241669075,0.0014405984698549,922.9400024414062,2026-08-19,2026-08-17,0.0018491298336804456,0.002370950737056928,0.004780312506359286,-0.001712932223125713,0.2373276679046144,0.4862502512562814,910.1598910662304,916.9589,take_profit,919.420064988457,919.420064988457,stop_loss,0.0,5,0.010365225378104408,-1.0,diario,clp,1,1,42,0.0015
2026-08-19,922.9400024414062,919.16296,920.18256,0.0054475458016329,-0.7026946716028013,36.67335322993609,885.260009765625,945.989990234375,5,-0.0185692897212071,-0.0195855887002574,921.1599731445312,2026-08-20,2026-08-18,0.008869722899620954,-0.0040924030071456795,-0.0029876724750386384,-0.0007613654947710564,0.3667335322993609,0.6204512562814071,917.9122445059476,921.1599731445312,cierre_dia,927.967760376865,921.1599731445312,cierre_dia,0.0,5,0.010365225378104408,-1.0,diario,clp,1,1,42,0.0015
2026-08-20,921.1599731445312,927.27,929.57935,0.0053067387086379,-0.2227725318376672,44.71895290526358,885.260009765625,945.989990234375,1,0.000771027692472,-0.0165984431270686,922.27001953125,2026-08-21,2026-08-19,-0.00193051339219212,0.006632970421642561,0.009139972535636559,-0.0002418391357987435,0.44718952905263576,0.591140703517588,916.2716178581974,922.27001953125,cierre_dia,926.0483284308651,922.27001953125,cierre_dia,0.0,5,0.010365225378104408,-1.0,diario,clp,1,1,42,0.0015
2026-08-21,922.27001953125,929.57935,925.3397,0.0051492687297491,0.1760297609219456,49.05135021449139,885.260009765625,945.989990234375,2,-0.0042479541927562,-0.02009862228965,921.1300048828124,2026-08-24,2026-08-20,0.0012043272869564252,0.00792536926708839,0.0033283966774829993,0.00019086575210523911,0.4905135021449139,0.6094190954773869,917.5210033592926,921.1300048828124,cierre_dia,927.0190357032075,921.1300048828124,cierre_dia,0.0,5,0.010365225378104408,-1.0,diario,clp,1,1,42,0.0015
2026-08-24,921.1300048828124,925.3397,920.52844,0.0050046606565826,0.3590869838118551,44.995803518122536,885.260009765625,945.989990234375,3,0.0183294610572777,-0.0030305296436349,912.1900024414062,2026-08-25,2026-08-21,-0.0012368609945475433,0.004570142211058657,-0.0006530727254822976,0.00038983312008986044,0.44995803518122535,0.5906472361809026,916.5200617877776,916.5200617877776,stop_loss,925.7399479778471,912.1900024414062,cierre_dia,0.0,5,0.010365225378104408,-1.0,diario,clp,1,1,42,0.0015
2026-08-25,912.1900024414062,920.52844,921.58765,0.0055462652961909,-0.1012722161531041,46.66273047367113,885.260009765625,945.989990234375,4,0.00295933417596,-0.0007571342173834,912.77001953125,2026-08-26,2026-08-24,-0.009752878132543965,0.009141119214502034,0.010302291774127894,-0.0001110209669937807,0.4666273047367113,0.4434381909547739,907.1307546873333,912.77001953125,cierre_dia,917.2492501954792,912.77001953125,cierre_dia,0.0,5,0.010365225378104408,-1.0,diario,clp,1,1,42,0.0015
2026-08-26,912.77001953125,921.58765,919.7893,0.0053730067543364,-0.33300334909744,48.88559177543512,885.260009765625,945.989990234375,5,0.0166062891783018,0.0350173169305766,919.219970703125,2026-08-27,2026-08-25,0.0006356491127365761,0.009660298081742779,0.0076900865700592945,-0.0003648272204081076,0.48885591775435117,0.4529889447236181,907.8657000511529,919.219970703125,cierre_dia,917.6743390113472,917.6743390113472,stop_loss,0.0,5,0.010365225378104408,-1.0,diario,clp,1,1,42,0.0015
2026-08-27,919.219970703125,907.08716,906.3316,0.0055291769054573,-0.0339226481174488,55.02086106562238,885.260009765625,945.989990234375,1,-0.0172884299934216,0.0164932363728948,922.6699829101562,2026-08-28,2026-08-26,0.007041498978421301,-0.01319902862189166,-0.01402098639487403,-3.690373272841414e-05,0.5502086106562237,0.5591959798994975,914.1374408700782,922.6699829101562,cierre_dia,924.3025005361718,922.6699829101562,cierre_dia,0.0,5,0.010365225378104408,-1.0,diario,clp,1,1,42,0.0015
2026-08-28,922.6699829101562,906.3316,902.9824,0.0054423956841773,0.3908105425244952,63.10223081943502,885.260009765625,945.989990234375,2,-0.0011379846746806,0.0196594201689716,931.510009765625,2026-08-31,2026-08-27,0.0037461697806544726,-0.017707721300983515,-0.021337621549213568,0.00042356481706693806,0.6310223081943502,0.6160050251256282,917.6484477772461,931.510009765625,cierre_dia,927.6915180430665,927.6915180430665,stop_loss,0.0,5,0.010365225378104408,-1.0,diario,clp,1,1,42,0.0015
2026-08-31,931.510009765625,902.9824,907.65894,0.0058500908904122,1.2151224702286558,68.29048092725552,885.260009765625,945.989990234375,3,-0.0038025897147118,-0.002659837376031,934.030029296875,2026-09-01,2026-08-28,0.009535313583198878,-0.03062512422470133,-0.02560473802275735,0.0013044652848490483,0.6829048092725551,0.7615678391959799,926.0605915431673,934.030029296875,cierre_dia,936.9594279880827,934.030029296875,cierre_dia,0.0,5,0.010365225378104408,-1.0,diario,clp,1,1,42,0.0015
2026-09-01,934.030029296875,907.65894,905.2571,0.0057038450789154,1.840573203189745,72.19207827681134,885.260009765625,945.989990234375,4,0.0047889323652282,-0.000833435338959,935.6400146484376,2026-09-02,2026-08-31,0.0027016531527280932,-0.028233663233211855,-0.03080514372598366,0.0019705717647807357,0.7219207827681134,0.8030633165829145,928.7024667107108,935.6400146484376,cierre_dia,939.357591883039,935.6400146484376,cierre_dia,0.0,5,0.010365225378104408,-1.0,diario,clp,1,1,42,0.0015
2026-09-02,935.6400146484376,905.2571,904.96326,0.0055384546695257,2.2463231369557746,72.80413151507419,885.260009765625,945.989990234375,5,-0.0132826946225971,-0.0302556186940069,937.5999755859376,2026-09-03,2026-09-01,0.0017222137721185607,-0.03247286795429951,-0.0327869203627041,0.00240084124426831,0.7280413151507419,0.8295738693467355,930.4580148403129,937.5999755859376,cierre_dia,940.8220144565623,937.5999755859376,cierre_dia,0.0,5,0.010365225378104408,-1.0,diario,clp,1,1,42,0.0015
2026-09-03,937.5999755859376,936.2264,938.2288,0.0053892525865986,2.510313583574141,74.02271913954569,885.260009765625,945.989990234375,1,-0.000845641397578,-0.0141785027537535,932.6400146484376,2026-09-04,2026-09-02,0.0020925900182882837,-0.0014649910641040792,0.0006706745205164828,0.00267738230475674,0.7402271913954569,0.8618472361809064,932.5470124923163,932.6400146484376,cierre_dia,942.6529386795589,936.2264,take_profit,0.0,5,0.010365225378104408,-1.0,diario,clp,1,1,42,0.0015
2026-09-04,932.6400146484376,938.2288,936.89185,0.0054266202128589,2.224278354246368,68.37158643042251,885.260009765625,945.989990234375,2,0.01162273570603,-0.0015181041759266,930.5599975585938,2026-09-07,2026-09-03,-0.00530410278019707,0.005992435734884354,0.004558924434702825,0.002384927002177597,0.6837158643042252,0.7801748743718612,927.5789314936254,930.5599975585938,cierre_dia,937.7010978032499,930.5599975585938,cierre_dia,0.0,5,0.010365225378104408,-1.0,diario,clp,1,1,42,0.0015
2026-09-07,930.5599975585938,936.89185,935.32477,0.0052967056663788,1.7872138343648447,64.71905862193108,885.260009765625,945.989990234375,3,0.003036282965223,0.005333789291016,933.8900146484376,2026-09-08,2026-09-04,-0.0022327371622047655,0.006804346262485385,0.005120328032482586,0.0019205788332334916,0.6471905862193108,0.7459246231155778,925.6310951466196,933.8900146484376,cierre_dia,935.4888999705679,933.8900146484376,cierre_dia,0.0,5,0.010365225378104408,-1.0,diario,clp,1,1,42,0.0015
2026-09-08,933.8900146484376,935.32477,935.51514,0.0052145947643132,1.6195810461112354,61.23076768984418,885.260009765625,945.989990234375,4,0.0,0.0005308234880281,924.4299926757812,2026-09-09,2026-09-07,0.0035721211177264208,0.0015363215464965039,0.0017401678206979629,0.0017342310343910529,0.6123076768984418,0.8007577889447255,929.0201566676075,929.0201566676075,stop_loss,938.7598726292678,924.4299926757812,cierre_dia,0.0,5,0.010365225378104408,-1.0,diario,clp,1,1,42,0.0015
