ds,y,nhits_h1,nhits_h2,vol_garch,macd,rsi,precio_min_ventana,precio_max_ventana,dias_desde_refit,copper_ret_1d,copper_mom_5d,y_next,ds_salida,ds_reloj,retorno_1d,nhits_h1_rel,nhits_h2_rel,macd_rel,rsi_norm,posicion_en_rango,stop_loss_largo,precio_salida_largo,razon_cierre_largo,stop_loss_corto,precio_salida_corto,razon_cierre_corto,pos_ppo,ventana,umbral_simple_train,signo_cobre_train,exp,par,N,h,seed,spread
2025-06-26,0.6523114442825317,0.64798254,0.6484878,0.005859896199946,-0.0004199636042275,52.04490855361446,0.595528781414032,0.6527999043464661,5,0.0094070229135028,0.0140351536768969,0.654630184173584,2025-06-27,2025-06-25,0.004165473190390997,-0.006636253771836004,-0.005861685113829888,-0.0006438084260339969,0.5204490855361447,0.9914710933028048,0.6484889669289993,0.654630184173584,cierre_dia,0.6561339216360643,0.654630184173584,cierre_dia,-1.0,1,0.007468201865787278,1.0,diario,aud,1,1,123,0.0002
2025-06-27,0.654630184173584,0.65170556,0.65059066,0.0057760581021722,-9.436922102317196e-05,57.17142560327683,0.595528781414032,0.654630184173584,1,0.0305680316592639,0.0455108363094239,0.6533215045928955,2025-06-30,2025-06-26,0.0035483487149857787,-0.0044675974990002355,-0.006170696480614562,-0.00014415653800367492,0.5717142560327683,1.0,0.6508490021943617,0.6533215045928955,cierre_dia,0.6584113661528063,0.6533215045928955,cierre_dia,-1.0,1,0.007468201865787278,1.0,diario,aud,1,1,123,0.0002
2025-06-30,0.6533215045928955,0.65059066,0.65456474,0.0056506935541088,1.298356246298444e-05,52.3875346510787,0.595528781414032,0.654630184173584,2,0.0005921175328644,0.0502486153345132,0.6578081846237183,2025-07-01,2025-06-27,-0.0020011136934807287,-0.00417993985150878,0.0019029457906473907,1.9873159496066017e-05,0.523875346510787,0.9778570470482282,0.6496297849781317,0.6578081846237183,cierre_dia,0.6570132242076592,0.6570132242076592,stop_loss,-1.0,1,0.007468201865787278,1.0,diario,aud,1,1,123,0.0002
2025-07-01,0.6578081846237183,0.65456474,0.6510605,0.0057419694575728,0.0003477358482103,57.221656339782136,0.595528781414032,0.6578081846237183,3,-0.0076248982961816,0.0386124875412383,0.6583105325698853,2025-07-02,2025-06-30,0.006844017919714647,-0.00493068450580865,-0.010257830141742693,0.000528628035251968,0.5722165633978213,1.0,0.6540310701186675,0.6583105325698853,cierre_dia,0.6615852991287691,0.6583105325698853,cierre_dia,-1.0,1,0.007468201865787278,1.0,diario,aud,1,1,123,0.0002
2025-07-02,0.6583105325698853,0.6510605,0.6522359,0.0056059869076242,0.0005524061426895,60.83704113243644,0.595528781414032,0.6583105325698853,4,0.0035720714555227,0.0371891826646819,0.6582901477813721,2025-07-03,2025-07-01,0.0007633778989683208,-0.011013089129202956,-0.009227609569258107,0.0008391270006467009,0.6083704113243644,1.0,0.6546200523431474,0.6582901477813721,cierre_dia,0.6620010127966232,0.6582901477813721,cierre_dia,-1.0,1,0.007468201865787278,1.0,diario,aud,1,1,123,0.0002
2025-07-03,0.6582901477813721,0.6522359,0.652569,0.0054711806234452,0.0006301957828429,58.54377955414402,0.595528781414032,0.6583105325698853,5,0.0198104563833506,0.0480358347047375,0.6577298641204834,2025-07-04,2025-07-02,-3.096578760597945e-05,-0.009196929046829358,-0.008690921170025156,0.0009573222156929461,0.5854377955414402,0.9996753071053629,0.6546885234802258,0.6577298641204834,cierre_dia,0.6618917720825184,0.6577298641204834,cierre_dia,-1.0,1,0.007468201865787278,1.0,diario,aud,1,1,123,0.0002
2025-07-04,0.6577298641204834,0.65757847,0.6571246,0.0053438976799305,0.000588489797076,62.93075427488908,0.6133614778518677,0.6583105325698853,1,-0.010150398354574,0.0062186044536997,0.6551792025566101,2025-07-07,2025-07-03,-0.0008514820286515891,-0.00023017674693214164,-0.0009202320793093532,0.0008947287164205761,0.6293075427488908,0.9870816315705723,0.654215023025589,0.6551792025566101,cierre_dia,0.6612447052153778,0.65757847,take_profit,-1.0,1,0.007468201865787278,1.0,diario,aud,1,1,123,0.0002
2025-07-07,0.6551792025566101,0.6571246,0.65795535,0.0052921734730175,0.0003457100095175,56.50761591230243,0.6223394870758057,0.6583105325698853,2,-0.0155211006805824,-0.009864889083736,0.6506096124649048,2025-07-08,2025-07-04,-0.003885516274669633,0.0029692600677777925,0.0042372337713971805,0.0005276571786291237,0.5650761591230242,0.9129485960092395,0.6517118805607672,0.6517118805607672,stop_loss,0.658646524552453,0.6506096124649048,cierre_dia,-1.0,1,0.007468201865787278,1.0,diario,aud,1,1,123,0.0002
2025-07-08,0.6506096124649048,0.65795535,0.6559966,0.0054111143255791,-0.0001400032690213,54.0101177740897,0.6301316618919373,0.6583105325698853,3,-0.0067979709217581,-0.0090457806312167,0.6524518728256226,2025-07-09,2025-07-07,-0.006999001205949205,0.011290545658040841,0.008279907692550178,-0.00021518782744522097,0.540101177740897,0.7267129618857652,0.6470890894705364,0.6524518728256226,cierre_dia,0.6541301354592731,0.6524518728256226,cierre_dia,-1.0,1,0.007468201865787278,1.0,diario,aud,1,1,123,0.0002
2025-07-09,0.6524518728256226,0.6559966,0.65567636,0.0053283632931574,-0.0003430122482472,52.68427883734238,0.631991446018219,0.6583105325698853,4,0.1244371105177899,0.1182646867596354,0.6535905003547668,2025-07-10,2025-07-08,0.0028275896555306932,0.005432932790929184,0.004942107316533355,-0.0005257280460575444,0.5268427883734238,0.7773988191891947,0.6489753722159067,0.6535905003547668,cierre_dia,0.6559283734353384,0.6535905003547668,cierre_dia,-1.0,1,0.007468201865787278,1.0,diario,aud,1,1,123,0.0002
2025-07-10,0.6535905003547668,0.65567636,0.656286,0.0052232883303768,-0.000402307992607,57.56371910204816,0.6337898373603821,0.6583105325698853,5,-0.0363479501751166,0.0571955456428253,0.6594000458717346,2025-07-11,2025-07-09,0.001743630744303421,0.0031913861111826356,0.004124141406232315,-0.0006155352508774661,0.5756371910204816,0.8075082221449771,0.6501766087214187,0.65567636,take_profit,0.6570043919881151,0.6570043919881151,stop_loss,-1.0,1,0.007468201865787278,1.0,diario,aud,1,1,123,0.0002
2025-07-11,0.6594000458717346,0.6533863,0.6524293,0.0055049544885442,-6.941466947935852e-05,72.48872929001352,0.6365291476249695,0.6594000458717346,1,0.0190152329644215,0.0884833678604466,0.6578081846237183,2025-07-14,2025-07-10,0.008849391104261648,-0.009120026468582362,-0.01057134574887574,-0.00010526943380416589,0.7248872929001352,1.0,0.6557700786294668,0.6578081846237183,cierre_dia,0.6630300131140024,0.6578081846237183,cierre_dia,-1.0,1,0.007468201865787278,1.0,diario,aud,1,1,123,0.0002
2025-07-14,0.6578081846237183,0.6524293,0.65181476,0.0054041696230676,1.9662066473407225e-05,66.0548007427892,0.6365291476249695,0.6594000458717346,2,0.0025202424496245,0.1082992851860653,0.6544716358184814,2025-07-15,2025-07-11,-0.0024170241061876145,-0.008176980386455849,-0.009111204092339764,2.98902733851729e-05,0.660548007427892,0.9303979567902844,0.6542532776145695,0.6544716358184814,cierre_dia,0.661363091632867,0.6544716358184814,cierre_dia,-1.0,1,0.007468201865787278,1.0,diario,aud,1,1,123,0.0002
2025-07-15,0.6544716358184814,0.65181476,0.65235543,0.0054025191608649,-0.0001601369584139,57.43826171789682,0.6365291476249695,0.6594000458717346,3,-0.0084860909655818,0.106429921247489,0.651898980140686,2025-07-16,2025-07-14,-0.005085128862173418,-0.004059573666869017,-0.0032334568874554243,-0.00024468128128063627,0.5743826171789682,0.7845117406374605,0.6509358402657295,0.651898980140686,cierre_dia,0.6580074313712334,0.651898980140686,cierre_dia,-1.0,1,0.007468201865787278,1.0,diario,aud,1,1,123,0.0002
2025-07-16,0.651898980140686,0.65235543,0.6538604,0.0053520281532106,-0.0004499218798982,49.36755829979199,0.6365291476249695,0.6594000458717346,4,0.0056053193852702,-0.0175376399373463,0.6525000333786011,2025-07-17,2025-07-15,-0.0039386357472139385,0.0007001849569014773,0.0030087788431432732,-0.0006901711670128745,0.49367558299791986,0.6720257486122332,0.6484099984459238,0.65235543,take_profit,0.6553879618354483,0.6525000333786011,cierre_dia,-1.0,1,0.007468201865787278,1.0,diario,aud,1,1,123,0.0002
2025-07-17,0.6525000333786011,0.6538604,0.65300834,0.0052366769618468,-0.0005898886745453,46.55216991980983,0.6371780633926392,0.6594000458717346,5,-0.0089654190685415,0.0097363778614061,0.649819016456604,2025-07-18,2025-07-16,0.0009215788638682129,0.0020848529529646884,0.0007790139393049735,-0.0009040438994169799,0.46552169919809827,0.689496087955947,0.6490831014862031,0.649819016456604,cierre_dia,0.6559169652709991,0.649819016456604,cierre_dia,-1.0,1,0.007468201865787278,1.0,diario,aud,1,1,123,0.0002
2025-07-18,0.649819016456604,0.65180975,0.65121484,0.0052021599798139,-0.0008367246535705,44.57206092090775,0.6371780633926392,0.6594000458717346,1,-0.0019121251718409,-0.0111751621121755,0.6512112617492676,2025-07-21,2025-07-17,-0.0041173024532791865,0.00306351998476626,0.0021480189222642934,-0.0012876272198574198,0.4457206092090775,0.5688490248723925,0.6464385539750714,0.6512112617492676,cierre_dia,0.6531994789381367,0.6512112617492676,cierre_dia,-1.0,1,0.007468201865787278,1.0,diario,aud,1,1,123,0.0002
2025-07-21,0.6512112617492676,0.65121484,0.6502383,0.0051132333710241,-0.0008757514736722,38.69192604459557,0.6371780633926392,0.6594000458717346,2,0.016630897874152,0.0028767118707508,0.6528096795082092,2025-07-22,2025-07-18,0.0021402204812943975,5.494761750236894e-06,-0.0014940800419421273,-0.0013448039447594596,0.3869192604459557,0.6315007389565558,0.6478814665941045,0.65121484,take_profit,0.6545410569044308,0.6528096795082092,cierre_dia,-1.0,1,0.007468201865787278,1.0,diario,aud,1,1,123,0.0002
2025-07-22,0.6528096795082092,0.6502383,0.652402,0.0050360053558076,-0.0007673282285985,40.91223302118106,0.6371780633926392,0.6594000458717346,3,0.0058095154505189,0.0173164088273065,0.6554712057113647,2025-07-23,2025-07-21,0.002451522838178193,-0.003938942066769471,-0.0006244997906837324,-0.0011754240978420582,0.4091223302118106,0.7034303141168866,0.6495221264658828,0.6554712057113647,cierre_dia,0.6560972325505356,0.6554712057113647,cierre_dia,-1.0,1,0.007468201865787278,1.0,diario,aud,1,1,123,0.0002
2025-07-23,0.6554712057113647,0.652402,0.65490705,0.0050196983999785,-0.0005025758713808,45.716712916337606,0.6371780633926392,0.6594000458717346,4,0.0152999082197381,0.0272268342560983,0.6603999137878418,2025-07-24,2025-07-22,0.004068743807157594,-0.004682441707006465,-0.0008606872528480293,-0.0007667398155733909,0.45716712916337604,0.8232002853901181,0.6521809379488234,0.6603999137878418,cierre_dia,0.658761473473906,0.658761473473906,stop_loss,-1.0,1,0.007468201865787278,1.0,diario,aud,1,1,123,0.0002
2025-07-24,0.6603999137878418,0.65490705,0.65507567,0.005210515197312,-7.886488640743887e-06,53.581582625214665,0.6371780633926392,0.6603999137878418,5,0.0170557647717516,0.0543072974086223,0.6597176194190979,2025-07-25,2025-07-23,0.007491206475458334,-0.00831748107951203,-0.008062150943212039,-1.1941989203949953e-05,0.5358158262521466,1.0,0.6569588900007467,0.6597176194190979,cierre_dia,0.6638409375749369,0.6597176194190979,cierre_dia,-1.0,1,0.007468201865787278,1.0,diario,aud,1,1,123,0.0002
2025-07-25,0.6597176194190979,0.6613555,0.6612787,0.0051009696536746,0.0002469274393713,56.40904346654994,0.6371780633926392,0.6603999137878418,1,-0.0031109817422887,0.0530440915304822,0.6572980284690857,2025-07-28,2025-07-24,-0.0010336873987872972,0.0024826994651807087,0.002366286021399091,0.00037429262475773705,0.5640904346654994,0.9706184323328149,0.6563524198624466,0.6572980284690857,cierre_dia,0.6630828189757492,0.6572980284690857,cierre_dia,-1.0,1,0.007468201865787278,1.0,diario,aud,1,1,123,0.0002
2025-07-28,0.6572980284690857,0.6612787,0.6628863,0.0050576515902384,0.0002266013055957,60.05584739823891,0.6371780633926392,0.6603999137878418,2,-0.0023395420911621,0.0332556727635371,0.6524008512496948,2025-07-29,2025-07-25,-0.0036743582752633485,0.00605611360220522,0.008501883907867488,0.0003447466686055298,0.6005584739823892,0.8664238522785025,0.6539736440501385,0.6539736440501385,stop_loss,0.6606224128880329,0.6524008512496948,cierre_dia,-1.0,1,0.007468201865787278,1.0,diario,aud,1,1,123,0.0002
2025-07-29,0.6524008512496948,0.6628863,0.6614606,0.0052282558217791,-0.0001237419968704,49.929744157110456,0.6371780633926392,0.6603999137878418,3,-0.0296716618591123,-0.0027626894313318,0.651321530342102,2025-07-30,2025-07-28,-0.007478360283340132,0.016072095445951673,0.01388678254013754,-0.00018967172809993766,0.49929744157110456,0.6555372460844255,0.648989932701015,0.651321530342102,cierre_dia,0.6558117697983746,0.651321530342102,cierre_dia,-1.0,1,0.007468201865787278,1.0,diario,aud,1,1,123,0.0002
2025-07-30,0.651321530342102,0.6614606,0.65889466,0.0051261572053092,-0.0004186393886948,46.87055558387194,0.6371780633926392,0.6603999137878418,4,0.0015180785029724,-0.0164121707724854,0.6447120904922485,2025-07-31,2025-07-29,-0.001655753048983347,0.015566919233534976,0.011627328907613697,-0.0006427538000700093,0.4687055558387194,0.6090585680624644,0.6479827537863658,0.6479827537863658,stop_loss,0.6546603068978383,0.6447120904922485,cierre_dia,-1.0,1,0.007468201865787278,1.0,diario,aud,1,1,123,0.0002
2025-07-31,0.6447120904922485,0.65889466,0.658946,0.0055157640032327,-0.0010152904570006,30.179191058303445,0.6371780633926392,0.6603999137878418,5,-0.0059962980094913,-0.0388265576652868,0.6429089903831482,2025-08-01,2025-07-30,-0.010199576681639328,0.021998299267077186,0.022077931711942406,-0.001574796675870323,0.30179191058303445,0.3244369837627503,0.6411560107510624,0.6429089903831482,cierre_dia,0.6482681702334345,0.6429089903831482,cierre_dia,-1.0,1,0.007468201865787278,1.0,diario,aud,1,1,123,0.0002
2025-08-01,0.6429089903831482,0.64376193,0.64360404,0.0054248091173396,-0.0014607540227725,30.008109781163867,0.6371780633926392,0.6603999137878418,1,-0.251712046899755,-0.2503894472807695,0.6469100117683411,2025-08-04,2025-07-31,-0.0028006706545440313,0.0013266879598985328,0.001081101100231354,-0.0022721007866167006,0.30008109781163866,0.24679028126427754,0.6394213318304981,0.64376193,take_profit,0.6463966489357983,0.6463966489357983,stop_loss,-1.0,1,0.007468201865787278,1.0,diario,aud,1,1,123,0.0002
2025-08-04,0.6469100117683411,0.64360404,0.6429788,0.0054924829166925,-0.0014143694265557,40.031493637625154,0.6371780633926392,0.6603999137878418,2,0.0187583627880434,-0.2344062217256714,0.6474796533584595,2025-08-05,2025-08-01,0.006204024303812181,-0.005110404396593094,-0.006076906674538951,-0.0021863464791486127,0.40031493637625154,0.41908582692929636,0.6433568695800661,0.6474796533584595,cierre_dia,0.650463153956616,0.6474796533584595,cierre_dia,-1.0,1,0.007468201865787278,1.0,diario,aud,1,1,123,0.0002
2025-08-05,0.6474796533584595,0.6429788,0.64229095,0.005372782672033,-0.0012778944964394,43.849155652598085,0.640578031539917,0.6603999137878418,3,0.0005664247692132,-0.2109025688271211,0.6472994685173035,2025-08-06,2025-08-04,0.0008801702334941276,-0.006951343312664277,-0.008013693297612954,-0.0019736442524656886,0.4384915565259809,0.34818196033149307,0.6440008858964013,0.6472994685173035,cierre_dia,0.6509584208205177,0.6472994685173035,cierre_dia,-1.0,1,0.007468201865787278,1.0,diario,aud,1,1,123,0.0002
2025-08-06,0.6472994685173035,0.64229095,0.64211667,0.0052534086977551,-0.0011370465227893,42.6760211062481,0.640578031539917,0.6603999137878418,4,-0.0116187932840617,-0.2212010476036411,0.6500217914581299,2025-08-07,2025-08-05,-0.00027832522053354027,-0.007737560064394759,-0.008006801750007888,-0.00175660042699217,0.426760211062481,0.33909176198895824,0.6438989398593424,0.6500217914581299,cierre_dia,0.6506999971752645,0.6500217914581299,cierre_dia,-1.0,1,0.007468201865787278,1.0,diario,aud,1,1,123,0.0002
2025-08-07,0.6500217914581299,0.64211667,0.6435375,0.0052304394211926,-0.0008130182688062,50.285237093901856,0.640578031539917,0.6603999137878418,5,0.0061679125353316,-0.2116697201650832,0.6525711417198181,2025-08-08,2025-08-06,0.004196843173105754,-0.01216131760813304,-0.009975498580723463,-0.0012507554046494907,0.5028523709390186,0.4764310371787007,0.646621891855453,0.6525711417198181,cierre_dia,0.6534216910608067,0.6525711417198181,cierre_dia,-1.0,1,0.007468201865787278,1.0,diario,aud,1,1,123,0.0002
2025-08-08,0.6525711417198181,0.6500885,0.6481457,0.0051970922180737,-0.0004003479396028,51.85259167953696,0.6409804821014404,0.6603999137878418,1,-0.0028507481716754,0.0110841375039543,0.6517715454101562,2025-08-11,2025-08-07,0.003914275061307718,-0.0038044001046005204,-0.006781546772287603,-0.0006134931718673666,0.5185259167953695,0.5968588476507348,0.6491796693174465,0.6517715454101562,cierre_dia,0.6559626141221897,0.6517715454101562,cierre_dia,-1.0,1,0.007468201865787278,1.0,diario,aud,1,1,123,0.0002
2025-08-11,0.6517715454101562,0.6481457,0.65176445,0.0050909971258081,-0.0001665608079931,48.55426267147224,0.6409804821014404,0.6603999137878418,2,0.0174331198292759,0.009745092845735,0.6514403223991394,2025-08-12,2025-08-08,-0.0012260526588826909,-0.005563061836144563,-1.0886345386149372e-05,-0.00025555090455549757,0.48554262671472237,0.5556837853433353,0.6484533783457896,0.6514403223991394,cierre_dia,0.655089712474523,0.6514403223991394,cierre_dia,-1.0,1,0.007468201865787278,1.0,diario,aud,1,1,123,0.0002
2025-08-12,0.6514403223991394,0.65176445,0.6466545,0.0049835422507791,-2.6879591358614364e-05,43.99683272940963,0.6409804821014404,0.6603999137878418,3,-0.0072080645852464,0.0019252772945803,0.6529802083969116,2025-08-13,2025-08-11,-0.0005083179893160452,0.000497555324280422,-0.007346524669388051,-4.12617862824665e-05,0.43996832729409635,0.5386275183852869,0.6481938420286021,0.65176445,take_profit,0.6546868027696767,0.6529802083969116,cierre_dia,-1.0,1,0.007468201865787278,1.0,diario,aud,1,1,123,0.0002
2025-08-13,0.6529802083969116,0.6466545,0.64847004,0.0049115520172695,0.0001659666104309,37.7092688475255,0.6409804821014404,0.6603999137878418,4,0.0190332742175072,0.0331118837679883,0.6551706194877625,2025-08-14,2025-08-12,0.002361028022408775,-0.009687442767126781,-0.00690705221829658,0.00025416790324832907,0.377092688475255,0.6179236596235773,0.6497730621371227,0.6551706194877625,cierre_dia,0.6561873546567005,0.6551706194877625,cierre_dia,-1.0,1,0.007468201865787278,1.0,diario,aud,1,1,123,0.0002
2025-08-14,0.6551706194877625,0.64847004,0.6466236,0.004874104032767,0.0004231629985959,42.82632572765503,0.6409804821014404,0.6603999137878418,5,-0.0058951786648026,0.0207242278245734,0.6497514843940735,2025-08-15,2025-08-13,0.0033488693983410533,-0.010227228279865865,-0.013045486524479493,0.0006458821351402251,0.42826325727655035,0.7307184687726364,0.6519772497291667,0.6519772497291667,stop_loss,0.6583639892463581,0.6497514843940735,cierre_dia,-1.0,1,0.007468201865787278,1.0,diario,aud,1,1,123,0.0002
2025-08-15,0.6497514843940735,0.6544851,0.6538874,0.0051272838411213,0.0002206222429655,39.12345025703054,0.6425207257270813,0.6603999137878418,1,-0.0039121324246721,0.019641421940717,0.651296079158783,2025-08-18,2025-08-14,-0.008305731400922493,0.007285270937612239,0.006365380772901926,0.00033954865554673035,0.3912345025703054,0.40442321219617083,0.6464200241073952,0.651296079158783,cierre_dia,0.6530829446807519,0.651296079158783,cierre_dia,-1.0,1,0.007468201865787278,1.0,diario,aud,1,1,123,0.0002
2025-08-18,0.651296079158783,0.6538874,0.6543488,0.005049069207782,0.0001844508015868,48.23739741529332,0.6425207257270813,0.6603999137878418,2,0.0030193399399282,0.0050499466976231,0.6494801044464111,2025-08-19,2025-08-15,0.00237438743001368,0.0039787140198418065,0.004687147579883948,0.0002832057607732531,0.4823739741529332,0.490813867043602,0.6480076401803532,0.6494801044464111,cierre_dia,0.6545845181372127,0.6494801044464111,cierre_dia,-1.0,1,0.007468201865787278,1.0,diario,aud,1,1,123,0.0002
2025-08-19,0.6494801044464111,0.6543488,0.65147454,0.0049802276355414,3.956849618780598e-05,47.12957870012488,0.6425207257270813,0.6603999137878418,3,-0.0047007104843415,0.007573124731587,0.6454598307609558,2025-08-20,2025-08-18,-0.0027921419765319,0.007496296684466857,0.003070818551538056,6.0923338400846725e-05,0.4712957870012488,0.38924467350973285,0.6462455456815128,0.6462455456815128,stop_loss,0.6527146632113094,0.6454598307609558,cierre_dia,-1.0,1,0.007468201865787278,1.0,diario,aud,1,1,123,0.0002
2025-08-20,0.6454598307609558,0.65147454,0.6509212,0.0050701327997998,-0.0003066200982686,51.26792735064331,0.6425207257270813,0.6603999137878418,4,-0.0108279561164003,-0.0220694637023123,0.6436100006103516,2025-08-21,2025-08-19,-0.006209224833939524,0.00931848730532662,0.0084612070012251,-0.00047504133279233584,0.5126792735064332,0.16438694105606358,0.6421872637020615,0.6436100006103516,cierre_dia,0.6487323978198501,0.6436100006103516,cierre_dia,-1.0,1,0.007468201865787278,1.0,diario,aud,1,1,123,0.0002
2025-08-21,0.6436100006103516,0.6509212,0.6512057,0.005002268183076,-0.0006216243115152,51.1868073761476,0.6429089903831482,0.6603999137878418,5,0.0038483801407969,-0.0124943680125454,0.6425496339797974,2025-08-22,2025-08-20,-0.0028700251535595227,0.011359673377845311,0.011801711257508807,-0.0009658400443214028,0.511868073761476,0.0400785144948526,0.6403904907819888,0.6425496339797974,cierre_dia,0.6468295104387142,0.6425496339797974,cierre_dia,-1.0,1,0.007468201865787278,1.0,diario,aud,1,1,123,0.0002
2025-08-22,0.6425496339797974,0.6397276,0.63881874,0.0049101086659133,-0.0008487711923169,41.80157927885725,0.6425496339797974,0.6603999137878418,1,0.0012418493801091,-0.0073916435742335,0.6484898924827576,2025-08-25,2025-08-21,-0.001648888430772005,-0.004391931503125158,-0.0058063903276841895,-0.0013209426127283213,0.4180157927885725,0.0,0.6393946454537137,0.6484898924827576,cierre_dia,0.645704622505881,0.645704622505881,stop_loss,-1.0,1,0.007468201865787278,1.0,diario,aud,1,1,123,0.0002
2025-08-25,0.6484898924827576,0.63881874,0.6382434,0.0052543752571891,-0.000560245321867,51.58030571162707,0.6425496339797974,0.6603999137878418,2,0.0036040742935226,-0.0068110616420086,0.6481099724769592,2025-08-26,2025-08-22,0.009202352524761556,-0.01491334343813949,-0.015800543079443587,-0.0008639229822412323,0.5158030571162707,0.33278237466525085,0.645082483237159,0.6481099724769592,cierre_dia,0.6518973017283562,0.6481099724769592,cierre_dia,-1.0,1,0.007468201865787278,1.0,diario,aud,1,1,123,0.0002
2025-08-26,0.6481099724769592,0.6382434,0.63695395,0.0051407056683951,-0.0003656928789946,51.25998873256142,0.6425496339797974,0.6603999137878418,3,0.0042628685813748,0.0021314846700646,0.6495801210403442,2025-08-27,2025-08-25,-0.0005860250751807632,-0.015223608486150822,-0.017213162812975913,-0.0005642451042636914,0.5125998873256141,0.3114986743600532,0.6447782298677035,0.6495801210403442,cierre_dia,0.651441715086215,0.6495801210403442,cierre_dia,-1.0,1,0.007468201865787278,1.0,diario,aud,1,1,123,0.0002
2025-08-27,0.6495801210403442,0.63695395,0.6370271,0.0050592140699492,-0.0001213393784668,49.28557655225608,0.6425496339797974,0.6603999137878418,4,-0.0035886086139926,0.0094125861435164,0.6511399745941162,2025-08-28,2025-08-26,0.002265793966812261,-0.019437434477093642,-0.019324823272362172,-0.00018679663144935407,0.49285576552256083,0.39385864737977416,0.6462937561524176,0.6511399745941162,cierre_dia,0.6528664859282709,0.6511399745941162,cierre_dia,-1.0,1,0.007468201865787278,1.0,diario,aud,1,1,123,0.0002
2025-08-28,0.6511399745941162,0.6370271,0.6373016,0.0049848500834784,0.000147420365827,47.608461371437,0.6425496339797974,0.6603999137878418,5,-0.0081218210527722,-0.0025982560861105,0.6532399654388428,2025-08-29,2025-08-27,0.002398447301257835,-0.021674102565908997,-0.021252534223140343,0.00022640349476146587,0.47608461371437,0.4812440312810958,0.6478941394374046,0.6532399654388428,cierre_dia,0.6543858097508278,0.6532399654388428,cierre_dia,-1.0,1,0.007468201865787278,1.0,diario,aud,1,1,123,0.0002
2025-08-29,0.6532399654388428,0.6517997,0.65188426,0.0049390060780311,0.0004515229402014,52.35158910762558,0.6425496339797974,0.6603999137878418,1,0.0110385858296412,0.0072210459557397,0.6543598771095276,2025-09-01,2025-08-28,0.0032199094675332096,-0.002204803005087464,-0.0020753559343724866,0.0006912053213064966,0.5235158910762557,0.5988887330621949,0.6500136092791275,0.6543598771095276,cierre_dia,0.656466321598558,0.6543598771095276,cierre_dia,-1.0,1,0.007468201865787278,1.0,diario,aud,1,1,123,0.0002
2025-09-01,0.6543598771095276,0.65188426,0.6516973,0.0048545720975268,0.0006982606809536,54.56030001042737,0.6425496339797974,0.6603999137878418,2,0.0122468306693877,0.0159639389974401,0.6556801199913025,2025-09-02,2025-08-29,0.0017129276221567109,-0.0037832654417367688,-0.004068979781108871,0.0010670896938822002,0.5456030001042736,0.6616278992112943,0.6511832399083706,0.6556801199913025,cierre_dia,0.6575365143106846,0.6556801199913025,cierre_dia,-1.0,1,0.007468201865787278,1.0,diario,aud,1,1,123,0.0002
2025-09-02,0.6556801199913025,0.6516973,0.6508291,0.0047802774325657,0.0009073020477935,54.24635754636149,0.6425496339797974,0.6603999137878418,3,0.0,0.011642236212103,0.6518301367759705,2025-09-03,2025-09-01,0.002015577129949452,-0.006074333916598366,-0.007398455196974386,0.0013837571403042313,0.5424635754636149,0.7355899264720613,0.6525457871107261,0.6525457871107261,stop_loss,0.6588144528718788,0.6518301367759705,cierre_dia,-1.0,1,0.007468201865787278,1.0,diario,aud,1,1,123,0.0002
2025-09-03,0.6518301367759705,0.6508291,0.65171224,0.0048669240232846,0.0007497380880696,45.00682458847553,0.6425496339797974,0.6603999137878418,4,0.0112237356170585,0.0267385592028607,0.6544399857521057,2025-09-04,2025-09-02,-0.0058890464868315015,-0.0015357325773884235,-0.00018087039754488305,0.001150204701761557,0.4500682458847553,0.519907973206713,0.6486577290241946,0.6544399857521057,cierre_dia,0.6550025445277463,0.6544399857521057,cierre_dia,-1.0,1,0.007468201865787278,1.0,diario,aud,1,1,123,0.0002
2025-09-04,0.6544399857521057,0.65171224,0.65001965,0.0048580386584432,0.000781195369466,57.65064951738466,0.6425496339797974,0.6603999137878418,5,-0.0024102020135148,0.032619678073096,0.6521999835968018,2025-09-05,2025-09-03,0.003995884777224446,-0.004168060955155172,-0.006754379084929777,0.001193685267516505,0.5765064951738466,0.6661157079985842,0.6512606910016909,0.6521999835968018,cierre_dia,0.6576192805025204,0.6521999835968018,cierre_dia,-1.0,1,0.007468201865787278,1.0,diario,aud,1,1,123,0.0002
2025-09-05,0.6521999835968018,0.6571419,0.6571896,0.0048192819782673,0.0006181917888369,51.4422500813138,0.6425496339797974,0.6603999137878418,1,-0.015586431517168,0.0054889420998867,0.655450165271759,2025-09-08,2025-09-04,-0.0034286481390979127,0.007577302250061604,0.007650439326418209,0.0009478561858092194,0.514422500813138,0.5406273582700566,0.6490568479696275,0.655450165271759,cierre_dia,0.655343119223976,0.655343119223976,stop_loss,-1.0,1,0.007468201865787278,1.0,diario,aud,1,1,123,0.0002
2025-09-08,0.655450165271759,0.6571896,0.65709627,0.0048610838459705,0.0006908105461129,59.10880806397928,0.6425496339797974,0.6603999137878418,2,-0.0012262060033473,-0.0079671962195787,0.6598090529441833,2025-09-09,2025-09-05,0.004971036589196018,0.002653801647177574,0.0025114109591512666,0.0010539482369746297,0.5910880806397928,0.7227075110692606,0.6522639670615178,0.6571896,take_profit,0.6586363634820002,0.6586363634820002,stop_loss,-1.0,1,0.007468201865787278,1.0,diario,aud,1,1,123,0.0002
2025-09-09,0.6598090529441833,0.65709627,0.6578064,0.0050017396066229,0.0009764865544191,71.66939101756306,0.6425496339797974,0.6603999137878418,3,0.0017831046647887,-0.0061967198963357,0.6584700345993042,2025-09-10,2025-09-08,0.0066282046463986615,-0.004111466691883659,-0.003035200767929977,0.0014799532532356842,0.7166939101756306,0.9668990710502942,0.6565088598712641,0.6584700345993042,cierre_dia,0.6631092460171026,0.6584700345993042,cierre_dia,-1.0,1,0.007468201865787278,1.0,diario,aud,1,1,123,0.0002
2025-09-10,0.6584700345993042,0.6578064,0.6580489,0.0049167698158855,0.0010148744505963,72.79243171686956,0.6425496339797974,0.6603999137878418,4,0.0023355300255342,-0.0149907084843308,0.6619316339492798,2025-09-11,2025-09-09,-0.002031464836278632,-0.0010078432797750994,-0.000639565321389944,0.0015412614048775615,0.7279243171686955,0.891885213605006,0.6552324890085213,0.6619316339492798,cierre_dia,0.661707580190087,0.661707580190087,stop_loss,-1.0,1,0.007468201865787278,1.0,diario,aud,1,1,123,0.0002
2025-09-11,0.6619316339492798,0.6580489,0.65747285,0.004966010740835,0.0012003056939138,77.68869209809264,0.6425496339797974,0.6619316339492798,5,0.0108276966747339,-0.0018645656890414,0.6668000221252441,2025-09-12,2025-09-10,0.005243264020180301,-0.005865762792018564,-0.006736018828224547,0.001813337862027263,0.7768869209809265,1.0,0.6586444743453892,0.6668000221252441,cierre_dia,0.6652187935531703,0.6652187935531703,stop_loss,-1.0,1,0.007468201865787278,1.0,diario,aud,1,1,123,0.0002
2025-09-12,0.6668000221252441,0.66161704,0.66185594,0.00514665326318,0.0015552224832164,76.98382163568552,0.6425496339797974,0.6668000221252441,1,0.0088616491270666,0.022838672854217,0.6648998260498047,2025-09-15,2025-09-11,0.007327905433718118,-0.0077729183462304065,-0.007414640013787326,0.0023323671739835135,0.7698382163568551,1.0,0.6633682336154848,0.6648998260498047,cierre_dia,0.6702318106350036,0.6648998260498047,cierre_dia,-1.0,1,0.007468201865787278,1.0,diario,aud,1,1,123,0.0002
2025-09-15,0.6648998260498047,0.66185594,0.6619039,0.0050747812576289,0.0015622643037885,73.68220163000254,0.6425496339797974,0.6668000221252441,2,-0.0004357457445816,0.0236475058092753,0.6673001646995544,2025-09-16,2025-09-12,-0.0028537922680755114,-0.004577961868163659,-0.0045058307017518855,0.002349623571222709,0.7368220163000254,0.9216426531384723,0.6615256048743664,0.6673001646995544,cierre_dia,0.6682740472252429,0.6673001646995544,cierre_dia,-1.0,1,0.007468201865787278,1.0,diario,aud,1,1,123,0.0002
2025-09-16,0.6673001646995544,0.6619039,0.6626439,0.0050371591494037,0.0016217850525141,74.35514288195384,0.6425496339797974,0.6673001646995544,3,0.014496124151625,0.0367442295588919,0.6688998937606812,2025-09-17,2025-09-15,0.0036035749345951717,-0.008086712674473969,-0.0069777664473542125,0.002430368128628131,0.7435514288195384,1.0,0.6639388675695395,0.6688998937606812,cierre_dia,0.6706614618295693,0.6688998937606812,cierre_dia,-1.0,1,0.007468201865787278,1.0,diario,aud,1,1,123,0.0002
2025-09-17,0.6688998937606812,0.6626439,0.66429543,0.0049629136614157,0.0016562889909553,74.38322220367334,0.6425496339797974,0.6688998937606812,4,-0.0048447182133374,0.0293268099551226,0.6652501225471497,2025-09-18,2025-09-16,0.0023944465730535843,-0.0093526607180468,-0.006883636555529962,0.002476138815994321,0.7438322220367334,1.0,0.6655802013398168,0.6655802013398168,stop_loss,0.6722195861815456,0.6652501225471497,cierre_dia,-1.0,1,0.007468201865787278,1.0,diario,aud,1,1,123,0.0002
2025-09-18,0.6652501225471497,0.66429543,0.66398,0.0050114992705218,0.001334518262516,65.81611588087264,0.6425496339797974,0.6688998937606812,5,-0.0134725631556488,0.0046153643004296,0.6617901921272278,2025-09-19,2025-09-17,-0.005471319227484704,-0.0014350881191787744,-0.0019092406060543393,0.0020060398597242135,0.6581611588087264,0.8614901240488233,0.66191622204329,0.66191622204329,stop_loss,0.6685840230510092,0.66429543,take_profit,0.0,2,0.0072505659094438055,1.0,diario,aud,1,1,123,0.0002
2025-09-19,0.6617901921272278,0.6666414,0.6670454,0.0050425328060469,0.0008153827872288,59.2168965099119,0.6425496339797974,0.6688998937606812,1,-0.0065847932935611,-0.0107831368853523,0.6589308381080627,2025-09-22,2025-09-18,-0.005214518687385114,0.007330431805250497,0.007940897183562256,0.001232086538798454,0.592168965099119,0.7301847612670895,0.6584530933727061,0.6589308381080627,cierre_dia,0.6651272908817494,0.6589308381080627,cierre_dia,0.0,2,0.0072505659094438055,1.0,diario,aud,1,1,123,0.0002
2025-09-22,0.6589308381080627,0.6670454,0.6673668,0.0050289341985548,0.0002362258121865,53.884030309936186,0.6425496339797974,0.6688998937606812,2,0.0061470838975394,-0.0042498105017862,0.660199761390686,2025-09-23,2025-09-19,-0.004329996147823603,0.012314739912971719,0.012802499752718844,0.0003584986443566019,0.5388403030993618,0.6216714470553107,0.6556171182818188,0.660199761390686,cierre_dia,0.6622445579343067,0.660199761390686,cierre_dia,0.0,2,0.0072505659094438055,1.0,diario,aud,1,1,123,0.0002
2025-09-23,0.660199761390686,0.6673668,0.66874796,0.0049442481025415,-8.727250386718821e-05,60.6575517967385,0.6425496339797974,0.6688998937606812,3,0.0008751230140683,-0.0177209713405039,0.6597799062728882,2025-09-24,2025-09-22,0.0019238787645366351,0.01085586367710419,0.012947897150564755,-0.0001321910563605051,0.6065755179673851,0.669827453606102,0.6569355699731318,0.6597799062728882,cierre_dia,0.6634639528082402,0.6597799062728882,cierre_dia,0.0,2,0.0072505659094438055,1.0,diario,aud,1,1,123,0.0002
2025-09-24,0.6597799062728882,0.66874796,0.66862166,0.0048433650484794,-0.0003411455896459,57.20128288601124,0.6425496339797974,0.6688998937606812,4,0.0025115780623503,-0.0104683924268006,0.6586921215057373,2025-09-25,2025-09-23,-0.0006361539381895798,0.013592492953858792,0.013401065481152786,-0.0005170596836951874,0.5720128288601124,0.6538938301318301,0.656584351335157,0.6586921215057373,cierre_dia,0.6629754612106193,0.6586921215057373,cierre_dia,0.0,2,0.0072505659094438055,1.0,diario,aud,1,1,123,0.0002
2025-09-25,0.6586921215057373,0.66862166,0.6685209,0.0047582544866104,-0.0005799186533021,59.03594467599352,0.6425496339797974,0.6688998937606812,5,0.0359897946923935,0.0397068374754148,0.6537314653396606,2025-09-26,2025-09-24,-0.0016500691573949266,0.015074627690345335,0.01492165789351567,-0.0008804092752414208,0.5903594467599352,0.6126120827716,0.6555578967632877,0.6555578967632877,stop_loss,0.6618263462481869,0.6537314653396606,cierre_dia,0.0,2,0.0072505659094438055,1.0,diario,aud,1,1,123,0.0002
2025-09-26,0.6537314653396606,0.65818334,0.6563787,0.0049630603664202,-0.0010425462901065,47.71658581471996,0.6425496339797974,0.6688998937606812,1,-0.0111083392863963,0.0350142972395632,0.6553998589515686,2025-09-29,2025-09-25,-0.00755957122335954,0.006809943985220737,0.004049422126199643,-0.0015947622921359949,0.47716585814719964,0.42435374272762644,0.6504869566137516,0.6553998589515686,cierre_dia,0.6569759740655696,0.6553998589515686,cierre_dia,0.0,2,0.0072505659094438055,1.0,diario,aud,1,1,123,0.0002
2025-09-29,0.6553998589515686,0.6563787,0.6588992,0.0048968961893343,-0.001195803287357,43.691045982854085,0.6425496339797974,0.6688998937606812,2,0.0032924609806411,0.032063934796977,0.6581978797912598,2025-09-30,2025-09-26,0.002548857374659395,0.0014935020736763852,0.005339245958992496,-0.0018245400437984609,0.4369104598285409,0.48766976411722657,0.6521904338797784,0.6563787,take_profit,0.6586092840233588,0.6581978797912598,cierre_dia,0.0,2,0.0072505659094438055,1.0,diario,aud,1,1,123,0.0002
2025-09-30,0.6581978797912598,0.6588992,0.65705246,0.004897566175897,-0.0010723031279591,49.62619117791532,0.6425496339797974,0.6688998937606812,3,0.0262663983907431,0.0586048826957639,0.6610700488090515,2025-10-01,2025-09-29,0.004260094226413466,0.0010655157518323648,-0.0017402362213975434,-0.0016291500791512262,0.4962619117791532,0.5938554663819545,0.6549743121181469,0.6588992,take_profit,0.6614214474643726,0.6610700488090515,cierre_dia,0.0,2,0.0072505659094438055,1.0,diario,aud,1,1,123,0.0002
2025-10-01,0.6610700488090515,0.65705246,0.6540052,0.0049023981093589,-0.000774635067645,48.7971227475697,0.6425496339797974,0.6688998937606812,4,-0.0074643208088281,0.0480968481317541,0.6615498065948486,2025-10-02,2025-09-30,0.004354192947939534,-0.00607740256314658,-0.010686989709758012,-0.001171789690125186,0.48797122747569704,0.7028551135078401,0.6578292202516163,0.6615498065948486,cierre_dia,0.6643108773664869,0.6615498065948486,cierre_dia,0.0,2,0.0072505659094438055,1.0,diario,aud,1,1,123,0.0002
2025-10-02,0.6615498065948486,0.6540052,0.6540115,0.0048051723122438,-0.0005343187385299,41.64640322293075,0.6425496339797974,0.6688998937606812,5,0.0052930013391957,0.0164124287691581,0.6598090529441833,2025-10-03,2025-10-01,0.0007254659074991164,-0.011404442295407102,-0.011394919202909437,-0.0008076772651180466,0.4164640322293075,0.7210620606038671,0.6583709457810288,0.6598090529441833,cierre_dia,0.6647286674086684,0.6598090529441833,cierre_dia,0.0,2,0.0072505659094438055,1.0,diario,aud,1,1,123,0.0002
2025-10-03,0.6598090529441833,0.66005707,0.65708995,0.0047437497710251,-0.0004830371743876,41.85878481813832,0.6425496339797974,0.6688998937606812,1,0.0138769022067896,0.042127651544435,0.6593101024627686,2025-10-06,2025-10-02,-0.0026347946966037233,0.0003758921686660382,-0.004121045220659225,-0.0007320863092620565,0.41858784818138317,0.6549999547597289,0.6566790839003591,0.6593101024627686,cierre_dia,0.6629390219880077,0.6593101024627686,cierre_dia,0.0,2,0.0072505659094438055,1.0,diario,aud,1,1,123,0.0002
2025-10-06,0.6593101024627686,0.65708995,0.6554778,0.0046518780420486,-0.0004725772864375,36.39482225609817,0.6425496339797974,0.6688998937606812,2,0.0321442553514948,0.0726328530748942,0.6616500020027161,2025-10-07,2025-10-03,-0.0007564904249392799,-0.003367387295409892,-0.005812594784235035,-0.0007167754364330957,0.36394822256098175,0.6360646392993187,0.6562430722742212,0.6616500020027161,cierre_dia,0.6623771326513159,0.6616500020027161,cierre_dia,0.0,2,0.0072505659094438055,1.0,diario,aud,1,1,123,0.0002
2025-10-07,0.6616500020027161,0.6554778,0.65555114,0.0046360005997621,-0.0003060060833674,37.95867858592459,0.6425496339797974,0.6688998937606812,3,-0.0141366413249618,0.0301590386348411,0.6580505967140198,2025-10-08,2025-10-06,0.0035427292306002864,-0.00932849993808468,-0.009217655836553594,-0.00046248935606614544,0.3795867858592459,0.7248645053881163,0.6585825921965989,0.6585825921965989,stop_loss,0.6647174118088333,0.6580505967140198,cierre_dia,0.0,2,0.0072505659094438055,1.0,diario,aud,1,1,123,0.0002
2025-10-08,0.6580505967140198,0.65555114,0.65538734,0.0047075089039623,-0.0004286543791723,38.0222918567292,0.6425496339797974,0.6688998937606812,4,0.0121575730093704,0.050572328657418,0.6584500670433044,2025-10-09,2025-10-07,-0.0054548951746807685,-0.0037982743675042583,-0.004047191397316227,-0.0006514003350392639,0.38022291856729196,0.5882660308900571,0.6549528176707308,0.6584500670433044,cierre_dia,0.6611483757573088,0.6584500670433044,cierre_dia,0.0,2,0.0072505659094438055,1.0,diario,aud,1,1,123,0.0002
2025-10-09,0.6584500670433044,0.65538734,0.6555299,0.0046173112064616,-0.0004699745375511,43.81306941886705,0.6425496339797974,0.6688998937606812,5,-0.0003962463037207,0.0446123325356926,0.6561291813850403,2025-10-10,2025-10-08,0.0006068669048817747,-0.004651418834319947,-0.004434910389510817,-0.0007137588119042459,0.4381306941886705,0.603426045728866,0.65540979816985,0.6561291813850403,cierre_dia,0.6614903359167589,0.6561291813850403,cierre_dia,0.0,2,0.0072505659094438055,1.0,diario,aud,1,1,123,0.0002
2025-10-10,0.6561291813850403,0.6590778,0.6588484,0.0045952838511659,-0.0006306893208393,44.70484859408796,0.6425496339797974,0.6688998937606812,1,0.0058291935222696,0.0362393337130117,0.6498401165008545,2025-10-13,2025-10-09,-0.0035309975757304084,0.004493960486158301,0.004144334213606607,-0.000961227359996337,0.44704848594087965,0.5153477619637897,0.6531140815535429,0.6531140815535429,stop_loss,0.6591442812165376,0.6498401165008545,cierre_dia,0.0,2,0.0072505659094438055,1.0,diario,aud,1,1,123,0.0002
2025-10-13,0.6498401165008545,0.6588484,0.65990466,0.0050031985049874,-0.0011096158667245,33.543093261422854,0.6425496339797974,0.6688998937606812,2,-0.0457557121546094,-0.0414195945375843,0.651159942150116,2025-10-14,2025-10-10,-0.009631334381484587,0.013862307466722337,0.015487722662213184,-0.0017075213403250106,0.3354309326142285,0.2766759258421476,0.6465888374014965,0.651159942150116,cierre_dia,0.6530913956002125,0.651159942150116,cierre_dia,1.0,2,0.0072505659094438055,1.0,diario,aud,1,1,123,0.0002
2025-10-14,0.651159942150116,0.65990466,0.6600028,0.0049218039719252,-0.0012747746025939,36.68732958614633,0.6425496339797974,0.6688998937606812,3,0.0506692627393086,0.0227591976170189,0.6491301655769348,2025-10-15,2025-10-13,0.0020289408801354362,0.013429446874464047,0.013580162533777968,-0.0019576981323277073,0.36687329586146333,0.3267636919680423,0.6479550605604829,0.6491301655769348,cierre_dia,0.654364823739749,0.6491301655769348,cierre_dia,1.0,2,0.0072505659094438055,1.0,diario,aud,1,1,123,0.0002
2025-10-15,0.6491301655769348,0.6600028,0.65837574,0.0048685062092287,-0.0014454701793668,35.650047319430314,0.6425496339797974,0.6688998937606812,4,-0.023808263054996,-0.0133715609134454,0.6508001685142517,2025-10-16,2025-10-14,-0.0031220390124117392,0.016749544235710862,0.014243020758167782,-0.0022267801683227783,0.3565004731943031,0.24973308240062975,0.6459698713352259,0.6508001685142517,cierre_dia,0.6522904598186438,0.6508001685142517,cierre_dia,1.0,2,0.0072505659094438055,1.0,diario,aud,1,1,123,0.0002
2025-10-16,0.6508001685142517,0.65837574,0.65930665,0.0048074781563015,-0.0013712821926285,45.11879688501843,0.6425496339797974,0.6688998937606812,5,-0.0017081338268076,-0.0146650578058743,0.64823979139328,2025-10-17,2025-10-15,0.0025693743922368243,0.011640395704019217,0.01307080406135759,-0.002107071047260294,0.4511879688501843,0.3131101781561875,0.6476714609200022,0.64823979139328,cierre_dia,0.6539288761085013,0.64823979139328,cierre_dia,1.0,2,0.0072505659094438055,1.0,diario,aud,1,1,123,0.0002
2025-10-17,0.64823979139328,0.65115905,0.65294415,0.004790544093369,-0.0014143425322008,38.42101001688759,0.6425496339797974,0.6688998937606812,1,-0.0028197276557006,-0.0231503946554404,0.6501701474189758,2025-10-20,2025-10-16,-0.003941957931201698,0.004503362251869,0.007257127176054259,-0.0021818199854114384,0.3842101001688759,0.2159431239311986,0.6451343700895342,0.6501701474189758,cierre_dia,0.6513452126970259,0.6501701474189758,cierre_dia,1.0,2,0.0072505659094438055,1.0,diario,aud,1,1,123,0.0002
2025-10-20,0.6501701474189758,0.65294415,0.652442,0.0047460823652594,-0.0012388228861011,36.643017095525884,0.6425496339797974,0.6688998937606812,2,-0.0053592776413097,0.0171187350641092,0.6516313552856445,2025-10-21,2025-10-17,0.0029734175474431307,0.004266579436223364,0.003494243145494856,-0.0019053826002607755,0.36643017095525887,0.28920069489056377,0.6470843863478926,0.6516313552856445,cierre_dia,0.6532559084900591,0.6516313552856445,cierre_dia,1.0,2,0.0072505659094438055,1.0,diario,aud,1,1,123,0.0002
2025-10-21,0.6516313552856445,0.652442,0.65316904,0.0046820965164352,-0.0009626189810091,33.52168076670934,0.6425496339797974,0.6688998937606812,3,0.0133946685130556,-0.0200960611129372,0.6491904854774475,2025-10-22,2025-10-20,0.0022449021256922964,0.0012440234923933129,0.0023597463533371545,-0.0014772447231105586,0.3352168076670934,0.3446539571665113,0.6485803543870616,0.6491904854774475,cierre_dia,0.6546823561842273,0.6491904854774475,cierre_dia,1.0,2,0.0072505659094438055,1.0,diario,aud,1,1,123,0.0002
2025-10-22,0.6491904854774475,0.65316904,0.652815,0.0046647307582708,-0.0008846146759388,29.80558904707273,0.6425496339797974,0.6688998937606812,4,-0.0136989081812145,-0.010139622662464,0.6489999890327454,2025-10-23,2025-10-21,-0.0037528162526187744,0.006128485570188908,0.005583129456814009,-0.0013626426999899877,0.2980558904707273,0.25202224011726276,0.6461621866518641,0.6489999890327454,cierre_dia,0.6522187843030309,0.6489999890327454,cierre_dia,1.0,2,0.0072505659094438055,1.0,diario,aud,1,1,123,0.0002
2025-10-23,0.6489999890327454,0.652815,0.65367806,0.0045736228478808,-0.0007892973684041,31.396136137943486,0.6425496339797974,0.6688998937606812,5,0.0062683731636311,-0.0022124207828875,0.6514798402786255,2025-10-24,2025-10-22,-0.00029347996277864725,0.005878291266137735,0.007208121797084585,-0.0012161747022221843,0.31396136137943487,0.24479284479872604,0.6460317078546308,0.6514798402786255,cierre_dia,0.6519682702108599,0.6514798402786255,cierre_dia,1.0,2,0.0072505659094438055,1.0,diario,aud,1,1,123,0.0002
2025-10-24,0.6514798402786255,0.6495732,0.6494407,0.0045741192861408,-0.0005159109775437,37.38336067242644,0.6425496339797974,0.6688998937606812,1,0.0240975149630041,0.0250100022312669,0.653398334980011,2025-10-27,2025-10-23,0.0038137527329722906,-0.0029266297446903238,-0.00313001286080227,-0.0007919062811261432,0.3738336067242644,0.3389039187122809,0.648499893776675,0.653398334980011,cierre_dia,0.6544597867805759,0.653398334980011,cierre_dia,1.0,2,0.0072505659094438055,1.0,diario,aud,1,1,123,0.0002
2025-10-27,0.653398334980011,0.6494407,0.64920735,0.0045397531695603,-0.0001798942991471,36.52132598062124,0.6425496339797974,0.6688998937606812,2,0.0022604026481397,0.0328500822608163,0.6558598279953003,2025-10-28,2025-10-24,0.0029404983853994916,-0.006057001936088616,-0.006414134771462553,-0.0002753210247353988,0.36521325980621244,0.41171134897440304,0.6504320678178,0.6558598279953003,cierre_dia,0.6563646021422219,0.6558598279953003,cierre_dia,0.0,2,0.0072505659094438055,1.0,diario,aud,1,1,123,0.0002
2025-10-28,0.6558598279953003,0.64920735,0.65026116,0.0045396395060042,0.0002128261799507,46.28332669310623,0.6425496339797974,0.6688998937606812,3,0.0091851203485773,0.0285113884700053,0.6585099697113037,2025-10-29,2025-10-27,0.0037601383517446,-0.010143139907858485,-0.008536378897321955,0.0003244994903884021,0.4628332669310623,0.5051257227133304,0.6528824608097317,0.6585099697113037,cierre_dia,0.6588371951808689,0.6585099697113037,cierre_dia,0.0,2,0.0072505659094438055,1.0,diario,aud,1,1,123,0.0002
2025-10-29,0.6585099697113037,0.65026116,0.64943576,0.0045518079027525,0.0006320544917865,50.09441566567271,0.6425496339797974,0.6688998937606812,4,0.0,0.0426978189970576,0.657680094242096,2025-10-30,2025-10-28,0.004032571825569601,-0.01252647657699101,-0.013779912421495899,0.0009598252431373181,0.5009441566567271,0.6056993693506212,0.6555125588271306,0.657680094242096,cierre_dia,0.6615073805954769,0.657680094242096,cierre_dia,0.0,2,0.0072505659094438055,1.0,diario,aud,1,1,123,0.0002
2025-10-30,0.657680094242096,0.64943576,0.6494462,0.0044727690876848,0.0008223936119478,52.56503274803531,0.6425496339797974,0.6688998937606812,5,0.0179299066835026,0.0549284499159023,0.6559299826622009,2025-10-31,2025-10-29,-0.001261026962453549,-0.012535477832268297,-0.012519603853275553,0.0012504462566949334,0.5256503274803531,0.574205354638485,0.6547384430469843,0.6559299826622009,cierre_dia,0.6606217454372076,0.6559299826622009,cierre_dia,0.0,2,0.0072505659094438055,1.0,diario,aud,1,1,123,0.0002
2025-10-31,0.6559299826622009,0.6564978,0.6559955,0.0044280653413361,0.0007986898097497,61.85127187945854,0.6425496339797974,0.6688998937606812,1,-0.0301627742372471,-0.000787034682633,0.6545702219009399,2025-11-03,2025-10-30,-0.002664584637632566,0.0008656676060065304,9.98846516103943e-05,0.001217644917690886,0.6185127187945854,0.5077881126663711,0.6530254818396313,0.6545702219009399,cierre_dia,0.6588344834847706,0.6545702219009399,cierre_dia,0.0,2,0.0072505659094438055,1.0,diario,aud,1,1,123,0.0002
2025-11-03,0.6545702219009399,0.6559955,0.6563516,0.0043694721336265,0.0006651615446766,56.62632462794603,0.6425496339797974,0.6688998937606812,2,-0.0024646902180882,-0.00549727181936,0.6541078090667725,2025-11-04,2025-10-31,-0.0020751789957689105,0.002177425815248449,0.002721446896693202,0.0010161805753168877,0.5662632462794603,0.4561847974593064,0.6517100955568421,0.6541078090667725,cierre_dia,0.6574303482450378,0.6541078090667725,cierre_dia,0.0,2,0.0072505659094438055,1.0,diario,aud,1,1,123,0.0002
2025-11-04,0.6541078090667725,0.6563516,0.6557017,0.0042918970969626,0.0005255478168572,60.29909059292749,0.6425496339797974,0.6688998937606812,3,-0.0036588128332634,-0.0181889186032813,0.6485601663589478,2025-11-05,2025-11-03,-0.000706686965731191,0.0034303075152532295,0.002436740413635523,0.000803457487546294,0.602990905929275,0.43863609630748907,0.6513004456599382,0.6513004456599382,stop_loss,0.6569151724736066,0.6485601663589478,cierre_dia,1.0,2,0.0072505659094438055,1.0,diario,aud,1,1,123,0.0002
2025-11-05,0.6485601663589478,0.6557017,0.6584401,0.0046355849900913,6.371330090172993e-05,46.00614259753233,0.6425496339797974,0.6688998937606812,4,-0.0242666700483384,-0.0417274482139362,0.6509907841682434,2025-11-06,2025-11-04,-0.00851740635497341,0.011011366425948205,0.015233642387442181,9.823807289834016e-05,0.4600614259753233,0.22810144678386912,0.645553710586603,0.6509907841682434,cierre_dia,0.6515666221312924,0.6509907841682434,cierre_dia,1.0,2,0.0072505659094438055,1.0,diario,aud,1,1,123,0.0002
2025-11-06,0.6509907841682434,0.6584401,0.65920854,0.0046287178813104,-6.686410210078088e-05,54.92773986350863,0.6425496339797974,0.6688998937606812,5,0.0074830367750562,-0.0516862869797078,0.6483898758888245,2025-11-07,2025-11-05,0.0037407085002579975,0.011443043454561944,0.012623459550592858,-0.00010271128828069612,0.5492773986350863,0.32034409750183224,0.6479775314849956,0.6483898758888245,cierre_dia,0.6540040368514913,0.6483898758888245,cierre_dia,1.0,2,0.0072505659094438055,1.0,diario,aud,1,1,123,0.0002
2025-11-07,0.6483898758888245,0.65158284,0.65162,0.0046245859461818,-0.0003039187245923,46.8858824167254,0.6425496339797974,0.6688998937606812,1,-0.0035323091084347,-0.0260929834323973,0.650239884853363,2025-11-10,2025-11-06,-0.0040033099352473,0.004924450905095582,0.0049817621022345574,-0.0004687283621997995,0.468858824167254,0.22163887406013336,0.6453913411811425,0.650239884853363,cierre_dia,0.6513884105965064,0.650239884853363,cierre_dia,1.0,2,0.0072505659094438055,1.0,diario,aud,1,1,123,0.0002
2025-11-10,0.650239884853363,0.65162,0.65129423,0.0045840627158694,-0.000310544577823,47.59865125359765,0.6425496339797974,0.6688998937606812,2,-0.0015176195049082,-0.0251701877122198,0.653488039970398,2025-11-11,2025-11-07,0.0028491726771747985,0.002122470766228332,0.0016214710466041383,-0.00047758463461993194,0.4759865125359765,0.29184725074872647,0.6472591444408355,0.65162,take_profit,0.6532206252658905,0.6532206252658905,stop_loss,1.0,2,0.0072505659094438055,1.0,diario,aud,1,1,123,0.0002
2025-11-11,0.653488039970398,0.65129423,0.65145516,0.004642650830276,-8.246058941546231e-05,57.215511633725285,0.6425496339797974,0.6688998937606812,3,0.0297278129771929,0.0079254928466866,0.6529499292373657,2025-11-12,2025-11-10,0.004982882971089412,-0.0033570774615819315,-0.003110814347099608,-0.00012618530772070085,0.5721551163372528,0.4151156793731508,0.6504541231790539,0.6529499292373657,cierre_dia,0.6565219567617419,0.6529499292373657,cierre_dia,1.0,2,0.0072505659094438055,1.0,diario,aud,1,1,123,0.0002
2025-11-12,0.6529499292373657,0.65145516,0.65375113,0.0045545464346497,3.933574430177575e-05,56.555354857089725,0.6425496339797974,0.6688998937606812,4,-0.0075970632916709,0.0248680348840349,0.6536400318145752,2025-11-13,2025-11-11,-0.0008237831051243896,-0.0022892555316018706,0.0012270477823162094,6.024312514700664e-05,0.5655535485708972,0.3946942210077723,0.649976038465153,0.6536400318145752,cierre_dia,0.6559238200095785,0.6536400318145752,cierre_dia,1.0,2,0.0072505659094438055,1.0,diario,aud,1,1,123,0.0002
2025-11-13,0.6536400318145752,0.65375113,0.65168047,0.0044748593947981,0.0001664203201322,53.81149696064616,0.6425496339797974,0.6688998937606812,5,0.0080884026144595,0.0254886428107165,0.6529000401496887,2025-11-14,2025-11-12,0.0010563415638448555,0.00016996845360946186,-0.002997921974171754,0.0002546054587112715,0.5381149696064615,0.4208838139358131,0.6507150845773936,0.6529000401496887,cierre_dia,0.6565649790517568,0.6529000401496887,cierre_dia,1.0,2,0.0072505659094438055,1.0,diario,aud,1,1,123,0.0002
2025-11-14,0.6529000401496887,0.65507543,0.65451205,0.0043969547379249,0.0001985129010641,49.08264531732132,0.6481099724769592,0.6688998937606812,1,-0.0003930146523044,0.0287130120961696,0.6533001661300659,2025-11-17,2025-11-13,-0.0011327501695358776,0.00333188806331295,0.0024689994657401304,0.0003040479228927409,0.4908264531732132,0.23040335782704552,0.6500292682247611,0.6533001661300659,cierre_dia,0.6557708120746163,0.6533001661300659,cierre_dia,1.0,2,0.0072505659094438055,1.0,diario,aud,1,1,123,0.0002
2025-11-17,0.6533001661300659,0.65451205,0.6540075,0.0043188781188929,0.0002416911873127,44.900658791566336,0.6481099724769592,0.6688998937606812,2,-0.0074973432960609,0.0225799477140062,0.6492701172828674,2025-11-18,2025-11-14,0.0006126564533813886,0.0018550184628191558,0.001082708847487454,0.00036995427193046445,0.44900658791566334,0.2496495096001399,0.6504786423374977,0.6504786423374977,stop_loss,0.6561216899226342,0.6492701172828674,cierre_dia,1.0,2,0.0072505659094438055,1.0,diario,aud,1,1,123,0.0002
2025-11-18,0.6492701172828674,0.6540075,0.6547304,0.004464114647603,6.280030869462586e-06,32.55174742529124,0.64823979139328,0.6688998937606812,3,-0.0098513137839929,-0.0171023972901925,0.6509018540382385,2025-11-19,2025-11-17,-0.006187860659184325,0.007296474288633551,0.008409878372322706,9.672447109908442e-06,0.3255174742529124,0.04987031870728379,0.6463717010420541,0.6509018540382385,cierre_dia,0.6521685335236808,0.6509018540382385,cierre_dia,1.0,2,0.0072505659094438055,1.0,diario,aud,1,1,123,0.0002
2025-11-19,0.6509018540382385,0.6547304,0.65468776,0.0044206450225392,-3.009733252755224e-05,37.57641835526288,0.64823979139328,0.6688998937606812,4,-0.0075282472031733,-0.0170347557943954,0.649000883102417,2025-11-20,2025-11-18,0.0025100335156607407,0.005881909750308692,0.005816400642083616,-4.623943278211051e-05,0.3757641835526288,0.12885040923896265,0.6480244479970229,0.649000883102417,cierre_dia,0.6537792600794542,0.649000883102417,cierre_dia,1.0,2,0.0072505659094438055,1.0,diario,aud,1,1,123,0.0002
2025-11-20,0.649000883102417,0.65468776,0.65633106,0.0043860700049678,-0.0001651977627621,37.36976026109877,0.64823979139328,0.6688998937606812,5,0.0091269480004112,-0.0160133714903001,0.6449499130249023,2025-11-21,2025-11-19,-0.0029247915811648397,0.008762510260999952,0.01129455612223908,-0.0002545416609795747,0.37369760261098767,0.036838719170039724,0.6461543197958438,0.6461543197958438,stop_loss,0.6518474464089902,0.6449499130249023,cierre_dia,1.0,2,0.0072505659094438055,1.0,diario,aud,1,1,123,0.0002
2025-11-21,0.6449499130249023,0.6484982,0.64789575,0.0045295747435029,-0.0004919251142265,34.03098781066963,0.6449499130249023,0.6688998937606812,1,-0.0097317171017257,-0.0251597556756742,0.6462398767471313,2025-11-24,2025-11-20,-0.0062614178601016505,0.0055016473425908916,0.0045675437977521,-0.0007627338252040452,0.3403098781066963,0.0,0.6420285641880403,0.6462398767471313,cierre_dia,0.6478712618617642,0.6462398767471313,cierre_dia,1.0,2,0.0072505659094438055,1.0,diario,aud,1,1,123,0.0002
2025-11-24,0.6462398767471313,0.64789575,0.647436,0.0044686316621305,-0.0005796658052863,37.28902019089292,0.6449499130249023,0.6688998937606812,2,0.0098315927428302,-0.0081195939135955,0.6465799808502197,2025-11-25,2025-11-21,0.0019981015364575654,0.002562319832696699,0.0018508966962691744,-0.000896982414957223,0.3728902019089292,0.05386074153712912,0.6433520687725678,0.6465799808502197,cierre_dia,0.6491276847216949,0.6465799808502197,cierre_dia,1.0,2,0.0072505659094438055,1.0,diario,aud,1,1,123,0.0002
2025-11-25,0.6465799808502197,0.647436,0.64666885,0.0043865750716503,-0.0005723114217593,46.153757096944496,0.6449499130249023,0.6688998937606812,3,-0.0093276251287352,-0.0076000213623046,0.6470301151275635,2025-11-26,2025-11-24,0.0005261430800828407,0.0013239184248399762,0.00013744494480540022,-0.0008851363152424541,0.461537570969445,0.06806134181486957,0.6437437092243941,0.6470301151275635,cierre_dia,0.6494162524760454,0.6470301151275635,cierre_dia,1.0,2,0.0072505659094438055,1.0,diario,aud,1,1,123,0.0002
2025-11-26,0.6470301151275635,0.64666885,0.6457128,0.0043093422606677,-0.0004974125345487,41.66572598952963,0.6449499130249023,0.6688998937606812,4,0.0075290032502236,0.0074558592932125,0.6524859666824341,2025-11-27,2025-11-25,0.0006959350377845941,-0.0005583436058340045,-0.0020359409813618785,-0.000768762570580867,0.41665725989529634,0.08685610755225054,0.6442418409085195,0.6524859666824341,cierre_dia,0.6498183893466074,0.6498183893466074,stop_loss,1.0,2,0.0072505659094438055,1.0,diario,aud,1,1,123,0.0002
2025-11-27,0.6524859666824341,0.6457128,0.644875,0.0046575428034317,-6.351749825010732e-05,57.694710747133,0.6449499130249023,0.6688998937606812,5,0.0207846007616192,0.019269153729237,0.653579831123352,2025-11-28,2025-11-26,0.00839679275557432,-0.010380555334963421,-0.011664567624545364,-9.734691854456601e-05,0.57694710747133,0.31465802585275776,0.6494469853639722,0.653579831123352,cierre_dia,0.655524948000896,0.653579831123352,cierre_dia,1.0,2,0.0072505659094438055,1.0,diario,aud,1,1,123,0.0002
2025-11-28,0.653579831123352,0.6516435,0.6504874,0.0045831289033211,0.0002944168166171,56.45771341512605,0.6449499130249023,0.6688998937606812,1,0.0,0.0292368153487824,0.6551298499107361,2025-12-01,2025-11-27,0.0016750529697961973,-0.002962654340211057,-0.004731527773794412,0.00045046802639406086,0.5645771341512605,0.36033089937135093,0.6505843905087029,0.6551298499107361,cierre_dia,0.6565752717380012,0.6551298499107361,cierre_dia,1.0,2,0.0072505659094438055,1.0,diario,aud,1,1,123,0.0002
2025-12-01,0.6551298499107361,0.6504874,0.64999044,0.004529014091272,0.0006144165839035,53.39750500159114,0.6449499130249023,0.6688998937606812,2,0.0157438292466849,0.0353399305722826,0.6544001698493958,2025-12-02,2025-11-28,0.002368775190743015,-0.007086304968959339,-0.00784487214471513,0.000937854661922696,0.5339750500159114,0.42504989870935306,0.6521627575888774,0.6544001698493958,cierre_dia,0.6580969422325946,0.6544001698493958,cierre_dia,1.0,2,0.0072505659094438055,1.0,diario,aud,1,1,123,0.0002
2025-12-02,0.6544001698493958,0.64999044,0.6510905,0.0044481469124963,0.0007469793606929,52.97747102806026,0.6449499130249023,0.6688998937606812,3,0.0064394893457422,0.0517936265648081,0.6573700904846191,2025-12-03,2025-12-01,-0.001114415287693917,-0.006738582984186364,-0.005057562638098682,0.0011414718319293995,0.5297747102806025,0.39458306579661234,0.6514893017543432,0.6573700904846191,cierre_dia,0.6573110379444485,0.6573110379444485,stop_loss,1.0,2,0.0072505659094438055,1.0,diario,aud,1,1,123,0.0002
2025-12-03,0.6573700904846191,0.6510905,0.65200067,0.0044904135399546,0.0009895084597394,57.00260051831329,0.6449499130249023,0.6688998937606812,4,-0.0111754707905999,0.0323032270512749,0.6605019569396973,2025-12-04,2025-12-02,0.004528118679920088,-0.00955259537285877,-0.008168032836207694,0.0015052532417620726,0.5700260051831328,0.518588202501655,0.6544182269295459,0.6605019569396973,cierre_dia,0.6603219540396924,0.6603219540396924,stop_loss,0.0,2,0.0072505659094438055,1.0,diario,aud,1,1,123,0.0002
2025-12-04,0.6605019569396973,0.65200067,0.65183246,0.0045416706357268,0.0012963282569939,63.09534810652965,0.6449499130249023,0.6688998937606812,5,0.0280848174419795,0.0398668386998417,0.660641610622406,2025-12-05,2025-12-03,0.004752923255347174,-0.01287094890541478,-0.013125618854886799,0.001962641054085859,0.6309534810652965,0.6493551742846192,0.6575021745970242,0.660641610622406,cierre_dia,0.6635017392823704,0.660641610622406,cierre_dia,0.0,2,0.0072505659094438055,1.0,diario,aud,1,1,123,0.0002
2025-12-05,0.660641610622406,0.66050434,0.6614702,0.0044545704328253,0.0014334495945037,62.76116727760245,0.6449499130249023,0.6688998937606812,1,-0.0031133561458664,0.0366343973682361,0.6635400652885437,2025-12-08,2025-12-04,0.00021141333411115094,-0.00020778379714329054,0.001254219177646665,0.0021697839970346608,0.6276116727760246,0.6551862304449322,0.6576987360370333,0.6635400652885437,cierre_dia,0.6635844852077787,0.6635400652885437,cierre_dia,0.0,2,0.0072505659094438055,1.0,diario,aud,1,1,123,0.0002
2025-12-08,0.6635400652885437,0.6614702,0.66011935,0.0044879179538937,0.001629812210074,75.8203050853307,0.6449499130249023,0.6688998937606812,2,0.0169582697809186,0.0378940929574496,0.6627300977706909,2025-12-09,2025-12-05,0.004377736601911377,-0.0031194277434379216,-0.0051552505530411226,0.0024562378299873545,0.758203050853307,0.7762073994435236,0.6605621519164074,0.6627300977706909,cierre_dia,0.66651797866068,0.6627300977706909,cierre_dia,0.0,2,0.0072505659094438055,1.0,diario,aud,1,1,123,0.0002
2025-12-09,0.6627300977706909,0.66011935,0.66036177,0.0044100280642432,0.0016126349463204,72.0582187136661,0.6449499130249023,0.6688998937606812,3,-0.0032568630065428,0.0278789398225825,0.6640987992286682,2025-12-10,2025-12-08,-0.0012214217602268386,-0.003939383135718488,-0.003573593199792197,0.0024333208220737586,0.7205821871366609,0.7423882691991817,0.6598074394405036,0.6640987992286682,cierre_dia,0.6656527561008783,0.6640987992286682,cierre_dia,0.0,2,0.0072505659094438055,1.0,diario,aud,1,1,123,0.0002
2025-12-10,0.6640987992286682,0.66036177,0.66089827,0.0043554537344836,0.001597877526736,78.72603432594451,0.6449499130249023,0.6652501225471497,4,-0.0233862750952552,0.0154040305815149,0.6674498319625854,2025-12-11,2025-12-09,0.0020631174774035587,-0.005627218770774329,-0.004819357048055991,0.0024060840474216926,0.7872603432594452,0.9432851509626198,0.6612063476335016,0.6674498319625854,cierre_dia,0.6669912508238348,0.6669912508238348,stop_loss,0.0,2,0.0072505659094438055,1.0,diario,aud,1,1,123,0.0002
2025-12-11,0.6674498319625854,0.66089827,0.6600454,0.004432561804231,0.0017082762917592,93.9808644104132,0.6449499130249023,0.6674498319625854,5,0.0066565190818472,-0.0061228836645815,0.6665000319480896,2025-12-12,2025-12-10,0.005033296914625723,-0.009815811839102679,-0.011093615741595553,0.0025594077786133284,0.939808644104132,1.0,0.6644913193311877,0.6665000319480896,cierre_dia,0.6704083445939831,0.6665000319480896,cierre_dia,-1.0,3,0.007083301734969211,1.0,diario,aud,1,1,123,0.0002
2025-12-12,0.6665000319480896,0.6651384,0.66505563,0.004359918567358,0.0016129706372364,90.1365243327878,0.6449499130249023,0.6674498319625854,1,0.0283130759017393,0.025607096641639,0.6647300720214844,2025-12-15,2025-12-11,-0.0014240417885260717,-0.002042958563872405,-0.002167144604431299,0.002420060855093892,0.901365243327878,0.9577865139369407,0.6635941460836544,0.6647300720214844,cierre_dia,0.6694059178125248,0.6651384,take_profit,-1.0,3,0.007083301734969211,1.0,diario,aud,1,1,123,0.0002
2025-12-15,0.6647300720214844,0.66505563,0.66306007,0.0043197685071197,0.0013377125416937,84.02856312719308,0.6449499130249023,0.6674498319625854,2,-0.0267977097951513,-0.0183017048478976,0.6641799807548523,2025-12-16,2025-12-12,-0.0026591360340738014,0.0004897596666953734,-0.0025123009952081696,0.002012414659721404,0.8402856312719308,0.8791213448975591,0.6618585919906306,0.6641799807548523,cierre_dia,0.6676015520523382,0.6641799807548523,cierre_dia,-1.0,3,0.007083301734969211,1.0,diario,aud,1,1,123,0.0002
2025-12-16,0.6641799807548523,0.66306007,0.6596908,0.0042442029898307,0.0010388934771587,82.03323484158564,0.6449499130249023,0.6674498319625854,3,0.0103559252025541,-0.0048466814551813,0.6634001135826111,2025-12-17,2025-12-15,-0.0008278834175447465,-0.0016861555411222951,-0.006758982331491292,0.001564174632270577,0.8203323484158563,0.854672756075722,0.6613610660947469,0.6634001135826111,cierre_dia,0.6669988954149577,0.6634001135826111,cierre_dia,-1.0,3,0.007083301734969211,1.0,diario,aud,1,1,123,0.0002
2025-12-17,0.6634001135826111,0.6596908,0.65841633,0.0041756440295567,0.0007239398329708,74.70059920627426,0.6449499130249023,0.6674498319625854,4,-0.0096937077586613,0.0088732384754497,0.6601501107215881,2025-12-18,2025-12-16,-0.001174870375464595,-0.005591367120182372,-0.007512485271816999,0.00109125672146972,0.7470059920627427,0.8200118679898063,0.6606299908591226,0.6606299908591226,stop_loss,0.6661702363060995,0.6601501107215881,cierre_dia,-1.0,3,0.007083301734969211,1.0,diario,aud,1,1,123,0.0002
2025-12-18,0.6601501107215881,0.65841633,0.65994185,0.0042491602660965,0.0002560954430114,63.54751727375741,0.6449499130249023,0.6674498319625854,5,0.0143657579386246,0.0166809402970572,0.6613800525665283,2025-12-19,2025-12-17,-0.004911048078737567,-0.002626343150488913,-0.0003154747961193854,0.0003879351663388658,0.635475172737574,0.6755667759863943,0.6573450271014508,0.6613800525665283,cierre_dia,0.6629551943417256,0.6613800525665283,cierre_dia,-1.0,3,0.007083301734969211,1.0,diario,aud,1,1,123,0.0002
2026-01-09,0.6701065301895142,0.6742314,0.6765252,0.004177062836522,-1.2348520977852138e-05,69.50433777424891,0.6449499130249023,0.6737000942230225,1,-0.0108174651551501,0.0206926995470301,0.6685801148414612,2026-01-12,2026-01-08,0.014969450381603962,0.006155543372065504,0.009578581197635265,-1.8427698315907813e-05,0.6950433777424891,0.8750072561718925,0.6673074531057489,0.6685801148414612,cierre_dia,0.6729056072732795,0.6685801148414612,cierre_dia,-1.0,3,0.007083301734969211,1.0,diario,aud,1,1,123,0.0002
2026-01-12,0.6685801148414612,0.6765252,0.67628455,0.0041336420876416,-0.0002706144544854,63.94275939601421,0.6449499130249023,0.6737000942230225,2,0.0187904518034645,0.0382092836645984,0.6707807779312134,2026-01-13,2026-01-09,-0.002280467972446551,0.011883519988360507,0.011523578083631364,-0.00040475995094405433,0.6394275939601421,0.8219148830305091,0.6658164439397923,0.6707807779312134,cierre_dia,0.6713437857431301,0.6707807779312134,cierre_dia,-1.0,3,0.007083301734969211,1.0,diario,aud,1,1,123,0.0002
2026-01-13,0.6707807779312134,0.67628455,0.67691815,0.0041339489624455,-0.0003096744673713,67.6442574978559,0.6449499130249023,0.6737000942230225,3,0.0218749330326478,0.0102118567094879,0.6683598756790161,2026-01-14,2026-01-12,0.003286142042806503,0.00820502353356196,0.00914959442892084,-0.0004616627034638375,0.6764425749785591,0.8984592037284285,0.6680078044302563,0.6683598756790161,cierre_dia,0.6735537514321704,0.6683598756790161,cierre_dia,-1.0,3,0.007083301734969211,1.0,diario,aud,1,1,123,0.0002
2026-01-14,0.6683598756790161,0.67691815,0.6742865,0.004141577509446,-0.0005035245580686,54.987482627869504,0.6449499130249023,0.6737000942230225,4,-0.0025094690573744,-0.0067382354779859,0.6682798862457275,2026-01-15,2026-01-13,-0.0036156095821111467,0.012804889450147133,0.008867414901235326,-0.0007533734091338851,0.549874826278695,0.8142544387040063,0.6655918114496878,0.6682798862457275,cierre_dia,0.6711279399083444,0.6682798862457275,cierre_dia,-1.0,3,0.007083301734969211,1.0,diario,aud,1,1,123,0.0002
2026-01-15,0.6682798862457275,0.6742865,0.6737452,0.0040682457396232,-0.0006336929070558,45.44995059232421,0.6449499130249023,0.6737000942230225,5,0.0065114238888483,0.0344293008675825,0.6704210042953491,2026-01-16,2026-01-14,-0.00011968734682694278,0.0089881707917569,0.008178180829256473,-0.0009482447700405427,0.45449950592324206,0.8114722150812277,0.6655611594456325,0.6704210042953491,cierre_dia,0.6709986130458226,0.6704210042953491,cierre_dia,-1.0,3,0.007083301734969211,1.0,diario,aud,1,1,123,0.0002
2026-01-16,0.6704210042953491,0.6706019,0.67136526,0.0040684501172122,-0.0005739329291471,49.69375276591399,0.6449499130249023,0.6737000942230225,1,-0.0102032952477668,0.035064811351222,0.6687598824501038,2026-01-19,2026-01-15,0.003198802496465148,0.0002698240411500586,0.001408451851300974,-0.0008560783827922222,0.4969375276591399,0.8859454170018327,0.6676934298818421,0.6687598824501038,cierre_dia,0.673148578708856,0.6687598824501038,cierre_dia,-1.0,3,0.007083301734969211,1.0,diario,aud,1,1,123,0.0002
2026-01-19,0.6687598824501038,0.67136526,0.669167,0.0040358118526046,-0.0006396042303784,44.37909769227074,0.6449499130249023,0.6737000942230225,2,-0.0271818592347448,-0.0114422998151283,0.6709878444671631,2026-01-20,2026-01-16,-0.0024808040700381806,0.003895834092725488,0.0006087649103661232,-0.0009564034075057139,0.4437909769227074,0.8281676300098684,0.6660608933899652,0.6709878444671631,cierre_dia,0.6714588715102424,0.6709878444671631,cierre_dia,-1.0,3,0.007083301734969211,1.0,diario,aud,1,1,123,0.0002
2026-01-20,0.6709878444671631,0.669167,0.66823274,0.0040433066283317,-0.0005308007953369,53.00243481031882,0.6449499130249023,0.6737000942230225,3,0.0,-0.0328321298208056,0.6731699109077454,2026-01-21,2026-01-19,0.0033259456628886622,-0.002713677277729341,-0.004106042292541,-0.0007910736382391744,0.5300243481031882,0.9056614726297196,0.668274834868099,0.6731699109077454,cierre_dia,0.6737008540662272,0.6731699109077454,cierre_dia,-1.0,3,0.007083301734969211,1.0,diario,aud,1,1,123,0.0002
2026-01-21,0.6731699109077454,0.66823274,0.6689834,0.0040465945560871,-0.0003200627776786,56.51221400071874,0.6449499130249023,0.6737000942230225,4,-0.0026813265567879,-0.0329983305906542,0.6754794120788574,2026-01-22,2026-01-20,0.0032467444370773606,-0.007334212102688566,-0.006219099873462848,-0.0004754561552625055,0.5651221400071874,0.9815589574332225,0.6704458652109444,0.6754794120788574,cierre_dia,0.6758939566045462,0.6754794120788574,cierre_dia,-1.0,3,0.007083301734969211,1.0,diario,aud,1,1,123,0.0002
2026-01-22,0.6754794120788574,0.6689834,0.668602,0.0040574173173507,-4.761929894689637e-05,64.59066641199851,0.6449499130249023,0.6754794120788574,5,-0.0075636001842843,-0.0465135656168101,0.6840506792068481,2026-01-23,2026-01-21,0.0034249131917264003,-0.009616891296309492,-0.010181527306200864,-7.049703972522727e-05,0.6459066641199851,1.0,0.6727387102147748,0.6840506792068481,cierre_dia,0.67822011394294,0.67822011394294,stop_loss,-1.0,3,0.007083301734969211,1.0,diario,aud,1,1,123,0.0002
2026-01-23,0.6840506792068481,0.67501765,0.6731423,0.0049404046462773,0.0006489378387612,72.87905940706142,0.6449499130249023,0.6840506792068481,1,0.0022663907619747,-0.0345494498094415,0.691399872303009,2026-01-26,2026-01-22,0.01260932839731125,-0.013205204645541544,-0.015946741284573185,0.0009486692411644686,0.7287905940706142,1.0,0.6806711920530055,0.691399872303009,cierre_dia,0.6874301663606908,0.6874301663606908,stop_loss,-1.0,3,0.007083301734969211,1.0,diario,aud,1,1,123,0.0002
2026-01-26,0.691399872303009,0.6731423,0.6707796,0.0054258375349165,0.0014953375549793,75.96817279039011,0.6449499130249023,0.691399872303009,2,0.0289203580782759,0.021162640810507,0.691472053527832,2026-01-27,2026-01-23,0.01068633550862818,-0.02640667583896747,-0.029823945778763575,0.0021627680520079147,0.7596817279039011,1.0,0.6876484489242308,0.691472053527832,cierre_dia,0.6951512956817872,0.691472053527832,cierre_dia,-1.0,3,0.007083301734969211,1.0,diario,aud,1,1,123,0.0002
2026-01-27,0.691472053527832,0.6707796,0.6707235,0.0052985530347136,0.0019234759507752,74.4550667961471,0.6449499130249023,0.691472053527832,3,0.0122742913300002,0.0337739275303055,0.6995800137519836,2026-01-28,2026-01-26,0.00010439321753554141,-0.029925220292361564,-0.030006351553869222,0.00278171177123036,0.744550667961471,1.0,0.6878082521801925,0.6995800137519836,cierre_dia,0.6951358548754716,0.6951358548754716,stop_loss,-1.0,3,0.007083301734969211,1.0,diario,aud,1,1,123,0.0002
2026-01-28,0.6995800137519836,0.6707235,0.6701495,0.0058350614908916,0.0025754531837474,81.85952087565636,0.6449499130249023,0.6995800137519836,4,-0.0263296330609804,0.0096137247170157,0.7039799094200134,2026-01-29,2026-01-27,0.011657438617177556,-0.041248339267470666,-0.042068831546719185,0.0036814276181715705,0.8185952087565636,1.0,0.695497921353942,0.7039799094200134,cierre_dia,0.7036621061500252,0.7036621061500252,stop_loss,-1.0,3,0.007083301734969211,1.0,diario,aud,1,1,123,0.0002
2026-01-29,0.7039799094200134,0.6701495,0.6691788,0.0058736788520313,0.0030910405434656,87.42895229414113,0.6449499130249023,0.7039799094200134,5,0.0109207008452449,0.0284492734131671,0.7047300934791565,2026-01-30,2026-01-28,0.006269643366312753,-0.04805593024364185,-0.04943480482090034,0.00439080789395284,0.8742895229414113,1.0,0.6998449575137982,0.7047300934791565,cierre_dia,0.7081148613262287,0.7047300934791565,cierre_dia,-1.0,3,0.007083301734969211,1.0,diario,aud,1,1,123,0.0002
2026-01-30,0.7047300934791565,0.7033406,0.70301235,0.005733168093845,0.003254152256436,90.64169402935067,0.6449499130249023,0.7047300934791565,1,0.046909494425695,0.0754027167055761,0.6946277618408203,2026-02-02,2026-01-29,0.0010650653839532366,-0.0019716675816932572,-0.0024374487410865004,0.004617586628620744,0.9064169402935067,1.0,0.7006897573924493,0.7006897573924493,stop_loss,0.7087704295658637,0.7033406,take_profit,-1.0,3,0.007083301734969211,1.0,diario,aud,1,1,123,0.0002
2026-02-02,0.6946277618408203,0.70301235,0.70300263,0.0065019868182425,0.0024877894074924,72.76532402886933,0.6449499130249023,0.7047300934791565,2,-0.046146118104016,-0.0023684553371519,0.6955500841140747,2026-02-03,2026-01-30,-0.014438775769925518,0.012070620582396241,0.012056627476255145,0.0035814713205523986,0.7276532402886933,0.831008679439052,0.690111301289746,0.6955500841140747,cierre_dia,0.6991442223918947,0.6955500841140747,cierre_dia,-1.0,3,0.007083301734969211,1.0,diario,aud,1,1,123,0.0002
2026-02-03,0.6955500841140747,0.70300263,0.7052544,0.0063366951414531,0.0018769213987001,76.72146358379337,0.6449499130249023,0.7047300934791565,3,-0.0163272413557205,-0.0304980541634082,0.7022520899772644,2026-02-04,2026-02-02,0.0013269128281186587,0.010714607123392984,0.01395200159926035,0.0026984705222065255,0.7672146358379337,0.8464372423213636,0.6911425952754318,0.7022520899772644,cierre_dia,0.6999575729527178,0.6999575729527178,stop_loss,-1.0,3,0.007083301734969211,1.0,diario,aud,1,1,123,0.0002
2026-02-04,0.7022520899772644,0.7052544,0.7043954,0.0065617996373815,0.0017601052744964,79.54150361520719,0.6449499130249023,0.7047300934791565,4,0.0440057784171301,0.0401475875892254,0.699440062046051,2026-02-05,2026-02-03,0.009589421658328002,0.004275259647618485,0.003052052180869965,0.0025063724261089547,0.7954150361520719,0.9585480759164261,0.6976440524679012,0.699440062046051,cierre_dia,0.7068601274866276,0.699440062046051,cierre_dia,-1.0,3,0.007083301734969211,1.0,diario,aud,1,1,123,0.0002
2026-02-05,0.699440062046051,0.7043954,0.7054242,0.006451175059791,0.0013478999482433,74.94331054142148,0.6449499130249023,0.7047300934791565,5,-0.0397915610591698,-0.0112854834016159,0.6916399002075195,2026-02-06,2026-02-04,-0.00401233851483054,0.0070847213690523785,0.008555612237085335,0.0019271128741186608,0.7494331054142148,0.9115086071519375,0.6949278517619609,0.6949278517619609,stop_loss,0.7039522723301412,0.6916399002075195,cierre_dia,-1.0,3,0.007083301734969211,1.0,diario,aud,1,1,123,0.0002
2026-02-06,0.6916399002075195,0.70124966,0.69995207,0.0067880195178306,0.0004507556877158,67.78910899439907,0.6449499130249023,0.7047300934791565,1,-0.0046452431480401,-0.0609667451730612,0.7033699154853821,2026-02-09,2026-02-05,-0.011214658828083474,0.013894166298961577,0.01201805996152987,0.0006517201907821618,0.6778910899439907,0.7810278729142675,0.6869450350656005,0.70124966,take_profit,0.6963347653494386,0.6963347653494386,stop_loss,-1.0,3,0.007083301734969211,1.0,diario,aud,1,1,123,0.0002
2026-02-09,0.7033699154853821,0.69995207,0.6999823,0.0076866309049274,0.0005420337967336,71.93576911119277,0.6449499130249023,0.7047300934791565,2,0.0110612630306836,-0.0056808069601893,0.7083597779273987,2026-02-10,2026-02-06,0.01681750423512474,-0.00485924320920586,-0.004816264401988825,0.0007706240838571449,0.7193576911119277,0.9772470075627278,0.697963370555416,0.7083597779273987,cierre_dia,0.7087764604153483,0.7083597779273987,cierre_dia,-1.0,3,0.007083301734969211,1.0,diario,aud,1,1,123,0.0002
2026-02-10,0.7083597779273987,0.6999823,0.70012385,0.0076472043684377,0.0008166747363315,72.96421803381223,0.6449499130249023,0.7083597779273987,3,0.0138038439305857,0.0247350395471152,0.7074797749519348,2026-02-11,2026-02-09,0.007069176550235784,-0.011826586133829526,-0.011626758299993153,0.0011529095267393949,0.7296421803381223,1.0,0.7029428059392068,0.7074797749519348,cierre_dia,0.7137767499155906,0.7074797749519348,cierre_dia,-1.0,3,0.007083301734969211,1.0,diario,aud,1,1,123,0.0002
2026-02-11,0.7074797749519348,0.70012385,0.6997829,0.0074306251929303,0.0008153843491444,71.27983327374672,0.6449499130249023,0.7083597779273987,4,-0.0082764196585656,-0.0274639326272551,0.7125298380851746,2026-02-12,2026-02-10,-0.0012430830696788246,-0.010397364295586504,-0.010879286199323145,0.0011525196592366135,0.7127983327374672,0.9861219862742646,0.7022227579126883,0.7125298380851746,cierre_dia,0.7127367919911813,0.7125298380851746,cierre_dia,-1.0,3,0.007083301734969211,1.0,diario,aud,1,1,123,0.0002
2026-02-12,0.7125298380851746,0.6997829,0.69892216,0.0074096998394186,0.00101779773571,69.86875339427291,0.6449499130249023,0.7125298380851746,5,0.0089489789684389,0.0211121976675739,0.7087101936340332,2026-02-13,2026-02-11,0.00711274681181406,-0.017889690233085828,-0.01909769578456301,0.0014284282303814683,0.6986875339427292,1.0,0.7072502058583339,0.7087101936340332,cierre_dia,0.7178094703120153,0.7087101936340332,cierre_dia,-1.0,3,0.007083301734969211,1.0,diario,aud,1,1,123,0.0002
2026-02-13,0.7087101936340332,0.7081684,0.70905226,0.0073042200830704,0.0007689140733697,62.7022762004484,0.6449499130249023,0.7125298380851746,1,-0.0303777584629805,-0.0048283978205112,0.7070400714874268,2026-02-16,2026-02-12,-0.005375100000316767,-0.00076447839878672,0.00048266042881757156,0.0010849485167229796,0.627022762004484,0.94347959918963,0.7035336184046148,0.7070400714874268,cierre_dia,0.7138867688634516,0.7081684,take_profit,-1.0,3,0.007083301734969211,1.0,diario,aud,1,1,123,0.0002
2026-02-16,0.7070400714874268,0.70905226,0.70950335,0.0071189398389946,0.0003856380377835,61.16201390443988,0.6449499130249023,0.7125298380851746,2,0.0037186207526305,-0.0121088254029491,0.7072985768318176,2026-02-17,2026-02-13,-0.002359346789447282,0.0028459327748427544,0.003483930560528384,0.000545425999649806,0.6116201390443988,0.9187663112551299,0.7020066957547494,0.7072985768318176,cierre_dia,0.7120734472201041,0.7072985768318176,cierre_dia,-1.0,3,0.007083301734969211,1.0,diario,aud,1,1,123,0.0002
2026-02-17,0.7072985768318176,0.70950335,0.71136326,0.0069229623528231,6.042098313403799e-05,56.23599866704421,0.6462398767471313,0.7125298380851746,3,0.0,-0.025651833168118,0.708320140838623,2026-02-18,2026-02-16,0.0003655494355282155,0.003117174613948932,0.005746771308927617,8.542500312199126e-05,0.5623599866704421,0.921085166626055,0.7024019754122056,0.708320140838623,cierre_dia,0.7121951782514296,0.708320140838623,cierre_dia,-1.0,3,0.007083301734969211,1.0,diario,aud,1,1,123,0.0002
2026-02-18,0.708320140838623,0.71136326,0.7086201,0.0067438454341495,-0.0001627985021045,53.70904071351804,0.6465799808502197,0.7125298380851746,4,-0.0279218389891496,-0.0446065155237347,0.704379141330719,2026-02-19,2026-02-17,0.001443275892560665,0.004296248244154223,0.0004234796444186782,-0.0002298374600950257,0.5370904071351804,0.9361682128961413,0.7035433392909124,0.704379141330719,cierre_dia,0.7130969423863337,0.704379141330719,cierre_dia,-1.0,3,0.007083301734969211,1.0,diario,aud,1,1,123,0.0002
2026-02-19,0.704379141330719,0.7086201,0.7123016,0.0066844818454161,-0.0006267145119272,49.71559622392161,0.6470301151275635,0.7125298380851746,5,0.0280944486087246,-0.0261388364836461,0.7056102752685547,2026-02-20,2026-02-18,-0.0055794036015543,0.006020846473773948,0.01124743508774807,-0.0008897403048352705,0.4971559622392161,0.8755613552788554,0.699670731748204,0.7056102752685547,cierre_dia,0.7090875509132339,0.7056102752685547,cierre_dia,-1.0,3,0.007083301734969211,1.0,diario,aud,1,1,123,0.0002
2026-02-20,0.7056102752685547,0.7074103,0.7064311,0.0065200284469067,-0.0008856733138686,60.39451029770488,0.6524859666824341,0.7125298380851746,1,-0.0110210561814048,-0.0071044689004007,0.7111399173736572,2026-02-23,2026-02-19,0.001746302824987919,0.0025510183093071766,0.0011632834160938002,-0.0012551876650768916,0.6039451029770488,0.8847582167011294,0.701009676201374,0.7074103,take_profit,0.7102108743357354,0.7102108743357354,stop_loss,-1.0,3,0.007083301734969211,1.0,diario,aud,1,1,123,0.0002
2026-02-23,0.7111399173736572,0.7064311,0.7022812,0.0066010667862248,-0.0007262544825124,63.57154124274085,0.653579831123352,0.7125298380851746,2,0.0174729526704826,0.0066464966813204,0.706070065498352,2026-02-24,2026-02-20,0.007806132955805127,-0.006621506202390653,-0.012457066685798912,-0.001021253996252331,0.6357154124274085,0.9764220433015812,0.7064456352847233,0.7064456352847233,stop_loss,0.7158341994625912,0.7064311,take_profit,-1.0,3,0.007083301734969211,1.0,diario,aud,1,1,123,0.0002
2026-02-24,0.706070065498352,0.7022812,0.7025684,0.0066293843426217,-0.000987741317101,53.42090450092873,0.6544001698493958,0.7125298380851746,3,-0.0099966516155551,-0.0033664662098414,0.7060999870300293,2026-02-25,2026-02-23,-0.007154724513287252,-0.0053661324611995525,-0.00495937396224347,-0.0013989281876775803,0.5342090450092872,0.8888730525586155,0.7013892556613434,0.7060999870300293,cierre_dia,0.7107508753353607,0.7060999870300293,cierre_dia,-1.0,3,0.007083301734969211,1.0,diario,aud,1,1,123,0.0002
2026-02-25,0.7060999870300293,0.7025684,0.7029715,0.0064540874451349,-0.0011716292097559,56.28040150502556,0.6544001698493958,0.7125298380851746,4,0.0256512183547639,0.0514823304021913,0.7120498418807983,2026-02-26,2026-02-24,4.237666933694581e-05,-0.005001539576404386,-0.0044306572546308175,-0.001659296461233432,0.5628040150502556,0.8893877902577175,0.7015427559687288,0.7120498418807983,cierre_dia,0.7106572180913298,0.7106572180913298,stop_loss,-1.0,3,0.007083301734969211,1.0,diario,aud,1,1,123,0.0002
2026-02-26,0.7120498418807983,0.7029715,0.70530814,0.0065783655239663,-0.0009167731874088,69.94280788808517,0.6573700904846191,0.7125298380851746,5,0.0094938683394748,0.0321049231060465,0.71017986536026,2026-02-27,2026-02-25,0.00839105944963651,-0.012749587664845153,-0.009468019630467063,-0.0012875126620170976,0.6994280788808517,0.991298071052606,0.7073657177496241,0.71017986536026,cierre_dia,0.7167339660119727,0.71017986536026,cierre_dia,-1.0,3,0.007083301734969211,1.0,diario,aud,1,1,123,0.0002
2026-02-27,0.71017986536026,0.70972294,0.7094573,0.0064320685434067,-0.0008972348108683,58.24226719339303,0.6601501107215881,0.7125298380851746,1,-0.0054500265899209,0.0378708563537635,0.7058109045028687,2026-03-02,2026-02-26,-0.0026296421577952597,-0.0006433938535108938,-0.0010174399409275134,-0.0012633909445083336,0.5824226719339304,0.9551358351179923,0.7056119397881154,0.7058109045028687,cierre_dia,0.7147477909324046,0.70972294,take_profit,-1.0,3,0.007083301734969211,1.0,diario,aud,1,1,123,0.0002
2026-03-02,0.7058109045028687,0.7094573,0.70819247,0.0064190585953066,-0.0011836475725119,46.86795504116929,0.6601501107215881,0.7125298380851746,2,0.0096222782919539,0.0297547702730009,0.710580050945282,2026-03-03,2026-02-27,-0.006170908475645675,0.005166249874957103,0.0033742259887706667,-0.001677003805070979,0.4686795504116929,0.8717264498979274,0.7012802629496584,0.7094573,take_profit,0.7103415460560789,0.7103415460560789,stop_loss,-1.0,3,0.007083301734969211,1.0,diario,aud,1,1,123,0.0002
2026-03-03,0.710580050945282,0.70819247,0.70935446,0.00644383691755,-0.001060939918237,53.47725285392249,0.6601501107215881,0.7125298380851746,3,-0.0184894982919137,0.0210462532888384,0.7040701508522034,2026-03-04,2026-03-02,0.0067342486867714045,-0.0033600449971904357,-0.0017247753348149351,-0.0014930617835747508,0.5347725285392249,0.962775920417485,0.7060011889801262,0.7060011889801262,stop_loss,0.7151589129104376,0.70819247,take_profit,-1.0,3,0.007083301734969211,1.0,diario,aud,1,1,123,0.0002
2026-03-04,0.7040701508522034,0.70935446,0.7088638,0.0066162789524182,-0.0014056203545518,40.8125218472055,0.6601501107215881,0.7125298380851746,4,-0.0207411987513938,-0.0252405701082266,0.7075998783111572,2026-03-05,2026-03-03,-0.009203612366226714,0.0075053730674429905,0.006808482282616957,-0.0019964208862574893,0.408125218472055,0.8384931029852547,0.699411826332094,0.7075998783111572,cierre_dia,0.7087284753723128,0.7075998783111572,cierre_dia,-1.0,3,0.007083301734969211,1.0,diario,aud,1,1,123,0.0002
2026-03-05,0.7075998783111572,0.7088638,0.71198535,0.0065457512798799,-0.0013812726041214,48.78652224101226,0.6601501107215881,0.7125298380851746,5,0.0140175238440753,-0.0208211057167828,0.7011299729347229,2026-03-06,2026-03-04,0.005000793020978615,0.0017862095904530742,0.006197671626667924,-0.001952053196247166,0.4878652224101226,0.9058803849856507,0.7029681055020591,0.7029681055020591,stop_loss,0.7122316511202553,0.7011299729347229,cierre_dia,-1.0,3,0.007083301734969211,1.0,diario,aud,1,1,123,0.0002
2026-03-06,0.7011299729347229,0.711041,0.7122554,0.0067079202457137,-0.0017619064917347,44.15409994186821,0.6601501107215881,0.7125298380851746,1,-0.0175745802217061,-0.0326215307330647,0.6966199278831482,2026-03-09,2026-03-05,-0.009185509714881962,0.01413579143363748,0.015867852601864005,-0.0025129527473485122,0.4415409994186821,0.7823611209099827,0.6964268489943974,0.6966199278831482,cierre_dia,0.7058330968750484,0.6966199278831482,cierre_dia,-1.0,3,0.007083301734969211,1.0,diario,aud,1,1,123,0.0002
2026-03-09,0.6966199278831482,0.7122554,0.71132785,0.0066915453115014,-0.0022473321182863,40.25681910633216,0.6601501107215881,0.7125298380851746,2,0.0006950803071056,-0.0412190767584348,0.7068586349487305,2026-03-10,2026-03-06,-0.006453315719453156,0.02244476721239376,0.0211132663998652,-0.0032260520096164544,0.4025681910633216,0.6962582471728043,0.6919584640708233,0.7068586349487305,cierre_dia,0.701281391695473,0.701281391695473,stop_loss,-1.0,3,0.007083301734969211,1.0,diario,aud,1,1,123,0.0002
2026-03-10,0.7068586349487305,0.71132785,0.70716053,0.0073341117378677,-0.0018266393343504,48.85851551152657,0.6601501107215881,0.7125298380851746,3,0.0075276058723092,-0.0159470466026332,0.712100088596344,2026-03-11,2026-03-09,0.014590730459003153,0.006322643355122448,0.0004270939567590308,-0.00258416498580779,0.4885851551152657,0.8917290443862328,0.7016744547371399,0.71132785,take_profit,0.7120428151603212,0.7120428151603212,stop_loss,-1.0,3,0.007083301734969211,1.0,diario,aud,1,1,123,0.0002
2026-03-11,0.712100088596344,0.70716053,0.70812577,0.0073342417645232,-0.0011748122541528,55.91025479578559,0.6601501107215881,0.7125298380851746,4,0.0176859480809793,0.0226032459615028,0.7129209637641907,2026-03-12,2026-03-10,0.007387780067438231,-0.006936607192509406,-0.005581123580784808,-0.001649785294183197,0.5591025479578559,0.9917954997007234,0.70687737438604,0.7129209637641907,cierre_dia,0.717322802806648,0.7129209637641907,cierre_dia,-1.0,3,0.007083301734969211,1.0,diario,aud,1,1,123,0.0002
2026-03-12,0.7129209637641907,0.70812577,0.7099592,0.0071357855624873,-0.0006917178840453,55.63158015565096,0.6601501107215881,0.7129209637641907,5,-0.009957921186447,-0.0016225493888869,0.7075298428535461,2026-03-13,2026-03-11,0.0011520886056849537,-0.006726122540810525,-0.004154406890425387,-0.0009702588634693257,0.5563158015565096,1.0,0.7078337126437676,0.7078337126437676,stop_loss,0.7180082148846137,0.70812577,take_profit,-1.0,3,0.007083301734969211,1.0,diario,aud,1,1,123,0.0002
2026-03-13,0.7075298428535461,0.7105857,0.7113869,0.0071524396495966,-0.0007345650252786,47.21313466789245,0.6601501107215881,0.7129209637641907,1,-0.0035989598931909,0.0124283511321878,0.7005700469017029,2026-03-16,2026-03-12,-0.007590754669812099,0.004319050535210266,0.005451440932721599,-0.0010382106602260309,0.4721313466789245,0.8978390418231024,0.7024692783522476,0.7024692783522476,stop_loss,0.7125904073548447,0.7005700469017029,cierre_dia,-1.0,3,0.007083301734969211,1.0,diario,aud,1,1,123,0.0002
2026-03-16,0.7005700469017029,0.7113869,0.7138104,0.0073134308920197,-0.0012032509528339,45.87453581542242,0.6610198020935059,0.7129209637641907,2,-0.0190663775889668,-0.0073823205313142,0.706848680973053,2026-03-17,2026-03-13,-0.009885452984679723,0.015440073617385012,0.018899399363208617,-0.0017175312563751793,0.4587453581542242,0.7620300497153626,0.6954464762786683,0.706848680973053,cierre_dia,0.7056936175247375,0.7056936175247375,stop_loss,-1.0,3,0.007083301734969211,1.0,diario,aud,1,1,123,0.0002
2026-03-17,0.706848680973053,0.7138104,0.71242094,0.007406164808013,-0.0010666869619904,50.513450431043296,0.6610198020935059,0.7129209637641907,3,0.0132118762926652,-0.0017239465889763,0.710909903049469,2026-03-18,2026-03-16,0.008922256892996423,0.009848952419863647,0.007883241741749043,-0.0015090739937747228,0.5051345043104329,0.8830029503064575,0.7016136431474399,0.710909903049469,cierre_dia,0.712083718798666,0.710909903049469,cierre_dia,-1.0,3,0.007083301734969211,1.0,diario,aud,1,1,123,0.0002
2026-03-18,0.710909903049469,0.71242094,0.71298426,0.0073223694147305,-0.0006970018158782,49.19744626351962,0.6658400893211365,0.7129209637641907,4,-0.011114142119103,-0.0300643253670674,0.7029501795768738,2026-03-19,2026-03-17,0.005729089889430894,0.0021254971186213203,0.002917890075286653,-0.000980436216865724,0.49197446263519623,0.9572849753002332,0.7057043581187505,0.7057043581187505,stop_loss,0.7161154479801873,0.7029501795768738,cierre_dia,-1.0,3,0.007083301734969211,1.0,diario,aud,1,1,123,0.0002
2026-03-19,0.7029501795768738,0.71298426,0.71572137,0.0075715606797768,-0.0009661404058756,45.31204828403977,0.6678299903869629,0.7129209637641907,5,-0.0305861588241427,-0.0498674351096044,0.708109974861145,2026-03-20,2026-03-18,-0.011259682149599064,0.014274241211754243,0.018167987994275207,-0.0013744080789013357,0.4531204828403977,0.778874053041569,0.6976277496373474,0.708109974861145,cierre_dia,0.7082726095164001,0.708109974861145,cierre_dia,-1.0,3,0.007083301734969211,1.0,diario,aud,1,1,123,0.0002
2026-03-20,0.708109974861145,0.7053079,0.70287055,0.0075527783275794,-0.0007821135810858,51.47565392908352,0.6678299903869629,0.7129209637641907,1,-0.0220268873083426,-0.0672160684254967,0.7007802128791809,2026-03-23,2026-03-19,0.007313392368091865,-0.003957118188731203,-0.0073991682749172515,-0.0011045086340425673,0.5147565392908352,0.8933048337014756,0.702761777189471,0.702761777189471,stop_loss,0.7134581725328192,0.7053079,take_profit,-1.0,3,0.007083301734969211,1.0,diario,aud,1,1,123,0.0002
2026-03-23,0.7007802128791809,0.70287055,0.7012747,0.0077176800621384,-0.0011189702156173,43.91016855988492,0.6678299903869629,0.7129209637641907,2,-0.0167977362357491,-0.0650975140132718,0.7006098031997681,2026-03-24,2026-03-20,-0.010405109179043302,0.002982871208978417,0.0007056236916101014,-0.0015967491590836594,0.4391016855988492,0.7307498602116851,0.6953718154023022,0.7006098031997681,cierre_dia,0.7061886103560596,0.7006098031997681,cierre_dia,-1.0,3,0.007083301734969211,1.0,diario,aud,1,1,123,0.0002
2026-03-24,0.7006098031997681,0.7012747,0.70313585,0.0074986648916297,-0.0013052044319882,47.66574966607615,0.6678299903869629,0.7129209637641907,3,0.0179933707470358,-0.0606165787146914,0.6996901631355286,2026-03-25,2026-03-23,-0.00024320093378373656,0.0009490258303485044,0.0036054973662874613,-0.0018629548516551958,0.4766574966607615,0.7269706186773052,0.6953561650657825,0.6996901631355286,cierre_dia,0.7058634413337538,0.6996901631355286,cierre_dia,-1.0,3,0.007083301734969211,1.0,diario,aud,1,1,123,0.0002
2026-03-25,0.6996901631355286,0.70313585,0.7057323,0.0072942113092027,-0.0014321080372422,44.46958842498939,0.6678299903869629,0.7129209637641907,4,-0.0031301298885793,-0.0530865099092448,0.6942901611328125,2026-03-26,2026-03-24,-0.001313490278606846,0.004924589548365595,0.008635446348702011,-0.0020467745763703177,0.44469588424989387,0.7065754043947067,0.6945864752346474,0.6945864752346474,stop_loss,0.7047938510364097,0.6942901611328125,cierre_dia,-1.0,3,0.007083301734969211,1.0,diario,aud,1,1,123,0.0002
2026-03-26,0.6942901611328125,0.7057323,0.7061226,0.0073087377670401,-0.001797834036256,45.14501944903017,0.6678299903869629,0.7129209637641907,5,0.0194499438274912,-0.004501277604227,0.6887398958206177,2026-03-27,2026-03-25,-0.00774764022182514,0.016480341372717054,0.01704249826597224,-0.0025894563064564123,0.4514501944903017,0.5868174662029528,0.6892157764108567,0.6892157764108567,stop_loss,0.6993645458547681,0.6887398958206177,cierre_dia,-1.0,4,0.00700942003559934,-1.0,diario,aud,1,1,123,0.0002
2026-03-27,0.6887398958206177,0.69054,0.6917578,0.0073379107075878,-0.0022995691496533,44.488054707114976,0.6682798862457275,0.7129209637641907,1,-0.0150337638464528,0.0024847665319124,0.6850901246070862,2026-03-30,2026-03-26,-0.008026282697897265,0.002613619728297552,0.0043817763392180725,-0.003338806367407273,0.44488054707114977,0.45832248485552496,0.6836859839643327,0.6850901246070862,cierre_dia,0.6937938076769027,0.6850901246070862,cierre_dia,-1.0,4,0.00700942003559934,-1.0,diario,aud,1,1,123,0.0002
2026-03-30,0.6850901246070862,0.6917578,0.6925954,0.0072352784832413,-0.0027337240805666,33.2272449630987,0.6682798862457275,0.7129209637641907,2,0.0037568529861707,0.0233036580124928,0.6845901012420654,2026-03-31,2026-03-27,-0.005313291667338703,0.009732552190469613,0.010955165055427162,-0.003990313073239013,0.332272449630987,0.3765643504999646,0.6801333067694354,0.6845901012420654,cierre_dia,0.6900469424447369,0.6845901012420654,cierre_dia,-1.0,4,0.00700942003559934,-1.0,diario,aud,1,1,123,0.0002
2026-03-31,0.6845901012420654,0.6925954,0.69108003,0.007037484796171,-0.0028955216839973,27.132575678752872,0.6682798862457275,0.7129209637641907,3,0.0016448554664745,0.0067101715386548,0.692051112651825,2026-04-01,2026-03-30,-0.0007301315705626745,0.011693564869562634,0.009480021323942196,-0.004229569896999529,0.27132575678752874,0.3653633806126686,0.6797723088129652,0.692051112651825,cierre_dia,0.6894078936711656,0.6894078936711656,stop_loss,-1.0,4,0.00700942003559934,-1.0,diario,aud,1,1,123,0.0002
2026-04-01,0.692051112651825,0.69108003,0.6936555,0.0072914615962504,-0.002363475172751,34.37679038346556,0.6682798862457275,0.7129209637641907,4,0.0201571002328112,0.0304287612338127,0.6923999190330505,2026-04-02,2026-03-31,0.010839548296890525,-0.0014031949867170466,0.002318307591511967,-0.0034151742978846687,0.3437679038346556,0.5324966987247531,0.6870050485412819,0.6923999190330505,cierre_dia,0.6970971767623682,0.6923999190330505,cierre_dia,-1.0,4,0.00700942003559934,-1.0,diario,aud,1,1,123,0.0002
2026-04-02,0.6923999190330505,0.6936555,0.6942215,0.0070912189036174,-0.001872928841217,37.74882381218062,0.6682798862457275,0.7129209637641907,5,0.0065111903881707,0.0171821794848242,0.6911499500274658,2026-04-03,2026-04-01,0.0005038912617680229,0.0018133753809545293,0.0026308220392246458,-0.00270498131171445,0.37748823812180615,0.5403102731413053,0.6874899596383403,0.6911499500274658,cierre_dia,0.6973098784277608,0.6911499500274658,cierre_dia,-1.0,4,0.00700942003559934,-1.0,diario,aud,1,1,123,0.0002
2026-04-03,0.6911499500274658,0.69559664,0.69653744,0.0069090839318573,-0.0015318705940947,41.59505796236675,0.6682798862457275,0.7129209637641907,1,-0.0109055999591873,0.0213899534395399,0.6885501742362976,2026-04-06,2026-04-02,-0.001806901758471731,0.006433755760754174,0.007794965437413454,-0.0022164084567087424,0.41595057962366755,0.5123098512189683,0.686374737013227,0.6885501742362976,cierre_dia,0.6959251630417046,0.6885501742362976,cierre_dia,-1.0,4,0.00700942003559934,-1.0,diario,aud,1,1,123,0.0002
2026-04-06,0.6885501742362976,0.69653744,0.6972759,0.0067758337219271,-0.001385037491814,32.5263131532754,0.6682798862457275,0.7129209637641907,2,0.0,0.0175599404455073,0.6916901469230652,2026-04-07,2026-04-03,-0.0037686143856627673,0.011600121621581732,0.012672607008458667,-0.0020115273274750214,0.32526313153275405,0.4540725519491877,0.6838846727464685,0.6916901469230652,cierre_dia,0.6932156757261266,0.6916901469230652,cierre_dia,-1.0,4,0.00700942003559934,-1.0,diario,aud,1,1,123,0.0002
2026-04-07,0.6916901469230652,0.6972759,0.6989616,0.0066795740777008,-0.0009981840620344,31.31788802343448,0.6682798862457275,0.7129209637641907,3,0.0036782360700273,0.0196311321382333,0.707679033279419,2026-04-08,2026-04-06,0.004549900557894925,0.008075513438759525,0.010512587333044025,-0.0014431086903214558,0.3131788802343448,0.5244107440653819,0.6870699513478769,0.6972759,take_profit,0.6963103424982535,0.6963103424982535,stop_loss,0.0,4,0.00700942003559934,-1.0,diario,aud,1,1,123,0.0002
2026-04-08,0.707679033279419,0.6989616,0.6993434,0.0083664286497103,0.0003410926793979,53.97595892189005,0.6682798862457275,0.7129209637641907,4,-0.0070093808000449,-0.0076957889071165,0.703937828540802,2026-04-09,2026-04-07,0.02285255729797511,-0.01231834330179598,-0.011778833182030657,0.00048198782690686765,0.5397595892189004,0.8825760762023785,0.7017582871405907,0.703937828540802,cierre_dia,0.7135997794182471,0.703937828540802,cierre_dia,0.0,4,0.00700942003559934,-1.0,diario,aud,1,1,123,0.0002
2026-04-09,0.703937828540802,0.6993434,0.6989267,0.0082128701805522,0.0009472170614298,46.40638909795474,0.6687598824501038,0.7129209637641907,5,0.0380442473140937,0.0240931636695196,0.7075698375701904,2026-04-10,2026-04-08,-0.005300607550597533,-0.0065267532934348465,-0.007118708979157429,0.001345597612495543,0.46406389097954737,0.7965825347550277,0.6981564785398165,0.7075698375701904,cierre_dia,0.7097191785417875,0.7075698375701904,cierre_dia,0.0,4,0.00700942003559934,-1.0,diario,aud,1,1,123,0.0002
2026-04-10,0.7075698375701904,0.70646566,0.70632356,0.0080665578487068,0.0015304240846488,56.246004094877456,0.6687598824501038,0.7129209637641907,1,-0.00199867658502,0.0332554262189454,0.7019898295402527,2026-04-13,2026-04-09,0.005146294465889526,-0.001560520971303982,-0.0017613492040166826,0.002162930078964796,0.5624600409487746,0.8788271021730328,0.7018621845434304,0.7019898295402527,cierre_dia,0.7132774905969503,0.70646566,take_profit,0.0,4,0.00700942003559934,-1.0,diario,aud,1,1,123,0.0002
2026-04-13,0.7019898295402527,0.70632356,0.7037731,0.0080415197891997,0.0014773167216494,51.154614518431046,0.6709878444671631,0.7129209637641907,2,0.0210878305979878,0.0552759076727407,0.7099298238754272,2026-04-14,2026-04-10,-0.00791741890594234,0.006173494653883409,0.0025403081137446884,0.0021044702636460197,0.5115461451843104,0.7393197928704331,0.6963447644341878,0.70632356,take_profit,0.7076348946463176,0.7076348946463176,stop_loss,0.0,4,0.00700942003559934,-1.0,diario,aud,1,1,123,0.0002
2026-04-14,0.7099298238754272,0.7037731,0.7056206,0.0082347625220703,0.0018876116666621,57.66651701920099,0.6731699109077454,0.7129209637641907,3,0.0178115957100108,0.0702963965508877,0.7129300832748413,2026-04-15,2026-04-13,0.011247209451866845,-0.00867229924475963,-0.0060699293514725645,0.00265887078297097,0.5766651701920099,0.9247531908257761,0.7040837203684779,0.7129300832748413,cierre_dia,0.7157759273823765,0.7129300832748413,cierre_dia,0.0,4,0.00700942003559934,-1.0,diario,aud,1,1,123,0.0002
2026-04-15,0.7129300832748413,0.7056206,0.707002,0.008058639957384,0.0022473052694531,64.47604499375086,0.6754794120788574,0.7129300832748413,4,0.0156895372913926,0.0948687951719258,0.7175799012184143,2026-04-16,2026-04-14,0.004217230144693237,-0.010252735080648001,-0.00831509767074306,0.0031522099041326923,0.6447604499375086,1.0,0.7071848364189416,0.7175799012184143,cierre_dia,0.7186753301307411,0.7175799012184143,cierre_dia,0.0,4,0.00700942003559934,-1.0,diario,aud,1,1,123,0.0002
2026-04-16,0.7175799012184143,0.707002,0.70600015,0.0079731662124268,0.0026565761075529,72.71528004033641,0.6840506792068481,0.7175799012184143,5,0.0002470874559217,0.0542581818823075,0.7159000635147095,2026-04-17,2026-04-15,0.006500946333778862,-0.014741077893142697,-0.016137229037146147,0.0037021328259642843,0.727152800403364,1.0,0.711858517395303,0.7159000635147095,cierre_dia,0.7233012850415255,0.7159000635147095,cierre_dia,0.0,4,0.00700942003559934,-1.0,diario,aud,1,1,123,0.0002
2026-04-17,0.7159000635147095,0.7183648,0.7175087,0.0077646963063506,0.0026654676321537,75.04401677143159,0.6845901012420654,0.7175799012184143,1,-0.0009061811693833,0.0554105834950304,0.7134998440742493,2026-04-20,2026-04-16,-0.0023437208945812577,0.003442849932419248,0.002247012631054857,0.0037232398319223406,0.7504401677143159,0.9490800882421492,0.7103413169358207,0.7134998440742493,cierre_dia,0.7214588100935984,0.7134998440742493,cierre_dia,0.0,4,0.00700942003559934,-1.0,diario,aud,1,1,123,0.0002
2026-04-20,0.7134998440742493,0.7175087,0.7172319,0.0075844594262083,0.0023708948318785,72.79524905698331,0.6845901012420654,0.7175799012184143,2,0.0060804956810176,0.03968994091703,0.7174198627471924,2026-04-21,2026-04-17,-0.003358362741795091,0.005618579960521415,0.005230633134325388,0.0033229086895662677,0.7279524905698331,0.8763236774066493,0.7080883334562621,0.7174198627471924,cierre_dia,0.7189113546922363,0.7174198627471924,cierre_dia,-1.0,4,0.00700942003559934,-1.0,diario,aud,1,1,123,0.0002
2026-04-21,0.7174198627471924,0.7172319,0.7190513,0.0074822121942264,0.0022994975470651,71.18625337866426,0.6845901012420654,0.7175799012184143,3,-0.0111208553845339,0.0100401513495226,0.7156198024749756,2026-04-22,2026-04-20,0.005479033464656297,-0.00026199824810061703,0.0022740341291365377,0.0032052326210480282,0.7118625337866427,0.9951488499070422,0.7120519751017651,0.7156198024749756,cierre_dia,0.7227877503926197,0.7172319,take_profit,0.0,4,0.00700942003559934,-1.0,diario,aud,1,1,123,0.0002
2026-04-22,0.7156198024749756,0.7190513,0.7213724,0.0072967583956081,0.00200144202018,68.93274093542752,0.6845901012420654,0.7175799012184143,4,-0.0057320440236596,-0.0113664061402142,0.7158001661300659,2026-04-23,2026-04-21,-0.0025122280459177588,0.004795140538532482,0.008038622610957724,0.002796795188252198,0.6893274093542752,0.9405847036100867,0.7103980976732029,0.7158001661300659,cierre_dia,0.7208415072767482,0.7158001661300659,cierre_dia,0.0,4,0.00700942003559934,-1.0,diario,aud,1,1,123,0.0002
2026-04-23,0.7158001661300659,0.7213724,0.72134095,0.0070971381471357,0.0016987703986926,70.45578651218557,0.6845901012420654,0.7175799012184143,5,0.0195526182302608,0.0079051150601304,0.7129616141319275,2026-04-24,2026-04-22,0.0002520066227952788,0.007784622208262512,0.0077406853645899595,0.002373246723141891,0.7045578651218557,0.9460519587986492,0.7107200334652981,0.7129616141319275,cierre_dia,0.7208802987948336,0.7129616141319275,cierre_dia,0.0,4,0.00700942003559934,-1.0,diario,aud,1,1,123,0.0002
2026-04-24,0.7129616141319275,0.711406,0.7127809,0.0069623802020121,0.0012125400594601,70.17767722889738,0.6845901012420654,0.7175799012184143,1,-0.0072977855745626,0.0014835282694509,0.7143500447273254,2026-04-27,2026-04-23,-0.003973448579055151,-0.0021819044687581934,-0.00025346965158491697,0.0017007087554586492,0.7017767722889738,0.8600086363118973,0.7079977043049007,0.7143500447273254,cierre_dia,0.7179255239589541,0.7143500447273254,cierre_dia,-1.0,4,0.00700942003559934,-1.0,diario,aud,1,1,123,0.0002
2026-04-27,0.7143500447273254,0.7127809,0.7112853,0.0067904910297282,0.0009037401999588,69.28841345607455,0.6845901012420654,0.7175799012184143,2,-0.0085958122251271,-0.0131072212920548,0.7190897464752197,2026-04-28,2026-04-24,0.001945519080880798,-0.0021966047862772196,-0.004290256226546852,0.0012651223397119919,0.6928841345607455,0.9020952993529993,0.7094992571565186,0.7190897464752197,cierre_dia,0.7192008322981324,0.7190897464752197,cierre_dia,0.0,4,0.00700942003559934,-1.0,diario,aud,1,1,123,0.0002
2026-04-28,0.7190897464752197,0.7112853,0.70519584,0.0067843858900987,0.0009341486157044,62.013685460327984,0.6845901012420654,0.7190897464752197,3,-0.0009134808991143,-0.0029820493238921,0.7187212109565735,2026-04-29,2026-04-27,0.00661307025282776,-0.010853230091897386,-0.01932151938380963,0.0012990709717157556,0.6201368546032798,1.0,0.7142111641455187,0.7187212109565735,cierre_dia,0.7239683288049208,0.7187212109565735,cierre_dia,0.0,4,0.00700942003559934,-1.0,diario,aud,1,1,123,0.0002
2026-04-29,0.7187212109565735,0.70519584,0.70740706,0.006604221090569,0.0008474472651865,66.75443882114206,0.6845901012420654,0.7190897464752197,4,-0.0173479961339073,-0.0144963577952682,0.7131141424179077,2026-04-30,2026-04-28,-0.0005126341885378738,-0.018818661186542743,-0.015742057955288498,0.0011791042928294827,0.6675443882114206,0.9893177012066178,0.7139746171769348,0.7139746171769348,stop_loss,0.7234678047362122,0.7131141424179077,cierre_dia,0.0,4,0.00700942003559934,-1.0,diario,aud,1,1,123,0.0002
2026-04-30,0.7131141424179077,0.70740706,0.7022421,0.0066724302249062,0.0003556463671214,56.014276292819176,0.6845901012420654,0.7190897464752197,5,-0.0061053782620621,-0.0394607688453917,0.720079779624939,2026-05-01,2026-04-29,-0.007832041843775122,-0.008003041979446826,-0.015245865663306912,0.0004987229196093826,0.5601427629281918,0.8267923041837708,0.7083559380602305,0.720079779624939,cierre_dia,0.717872346775585,0.717872346775585,stop_loss,0.0,4,0.00700942003559934,-1.0,diario,aud,1,1,123,0.0002
2026-05-01,0.720079779624939,0.7138015,0.71495956,0.0068723195076534,0.000437268055022,69.05067685049532,0.6845901012420654,0.720079779624939,1,0.0080478443767945,-0.0246070106010816,0.7212925553321838,2026-05-04,2026-04-30,0.009720515762013722,-0.008718866718086563,-0.007110628252338699,0.0006072494567890181,0.6905067685049532,1.0,0.7151311613083557,0.7212925553321838,cierre_dia,0.7250283979415222,0.7212925553321838,cierre_dia,0.0,4,0.00700942003559934,-1.0,diario,aud,1,1,123,0.0002
2026-05-04,0.7212925553321838,0.71495956,0.7120164,0.0067004303863975,0.0005058903634806,63.94156441560759,0.6845901012420654,0.7212925553321838,2,0.001011982177909,-0.0151904716480389,0.7167482376098633,2026-05-05,2026-05-01,0.0016828073691033205,-0.00878006473984359,-0.012860461769097015,0.0007013664008324853,0.6394156441560759,1.0,0.7164595847769538,0.7167482376098633,cierre_dia,0.726125525887414,0.7167482376098633,cierre_dia,0.0,4,0.00700942003559934,-1.0,diario,aud,1,1,123,0.0002
2026-05-05,0.7167482376098633,0.7120164,0.71404916,0.0066786529414055,0.000194210338418,54.51368239482073,0.6845901012420654,0.7212925553321838,3,-0.0233659613274749,-0.0370555076314941,0.7203900218009949,2026-05-06,2026-05-04,-0.00632017237807495,-0.006601812688988985,-0.0037657261898039977,0.00027096032920238805,0.5451368239482073,0.8761849082036166,0.711961324884503,0.7203900218009949,cierre_dia,0.7215351503352236,0.7203900218009949,cierre_dia,0.0,4,0.00700942003559934,-1.0,diario,aud,1,1,123,0.0002
2026-05-06,0.7203900218009949,0.71404916,0.7180374,0.0066075975129798,0.0001824782155693,53.40312926780677,0.6845901012420654,0.7212925553321838,4,0.0252185394683388,0.0048185987204042,0.7235099673271179,2026-05-07,2026-05-05,0.005068116393756965,-0.008801984493264612,-0.0032657612262774072,0.00025330475165813573,0.5340312926780677,0.975409450033698,0.7156299744845671,0.7235099673271179,cierre_dia,0.7251500691174226,0.7235099673271179,cierre_dia,0.0,4,0.00700942003559934,-1.0,diario,aud,1,1,123,0.0002
2026-05-07,0.7235099673271179,0.7180374,0.7143931,0.0065117104851078,0.0003256442148826,58.90517781339672,0.6845901012420654,0.7235099673271179,5,0.0320404983590366,0.0438887297223548,0.7208600044250488,2026-05-08,2026-05-06,0.004321560226134834,-0.007563914215771378,-0.012600886979896907,0.0004500894660589626,0.5890517781339671,1.0,0.7187986798867939,0.7208600044250488,cierre_dia,0.7282212547674419,0.7208600044250488,cierre_dia,0.0,4,0.00700942003559934,-1.0,diario,aud,1,1,123,0.0002
2026-05-08,0.7208600044250488,0.72681904,0.72506124,0.0063950967180282,0.0001894280726712,58.562875414160445,0.6845901012420654,0.7235099673271179,1,-0.0014676820261337,0.0340026889881597,0.7236999869346619,2026-05-11,2026-05-07,-0.00366937270535676,0.00826656429593984,0.005828088046446812,0.0002627806668540115,0.5856287541416044,0.9319123324762201,0.7162500349765925,0.7236999869346619,cierre_dia,0.7254699738735052,0.7236999869346619,cierre_dia,0.0,4,0.00700942003559934,-1.0,diario,aud,1,1,123,0.0002
2026-05-11,0.7236999869346619,0.72506124,0.72576016,0.0062962069739405,0.0002351650377099,57.4946970979504,0.6845901012420654,0.7236999869346619,2,0.0196346167870453,0.0534389588166078,0.7246218919754028,2026-05-12,2026-05-08,0.003931974006676367,0.0018809632305010456,0.002846722540460847,0.0003249482409222864,0.574946970979504,1.0,0.7191434220298832,0.7246218919754028,cierre_dia,0.7282565518394405,0.7246218919754028,cierre_dia,0.0,4,0.00700942003559934,-1.0,diario,aud,1,1,123,0.0002
2026-05-12,0.7246218919754028,0.72576016,0.72644603,0.0061415427027095,0.000269605866297,60.97308278018669,0.6845901012420654,0.7246218919754028,3,0.0259836550414483,0.1067298960684262,0.7237801551818848,2026-05-13,2026-05-11,0.0012730666831403607,0.0015708441011823499,0.002517365325003254,0.00037206420242427853,0.6097308278018668,1.0,0.7201715956825178,0.7237801551818848,cierre_dia,0.7290721882682878,0.7237801551818848,cierre_dia,0.0,4,0.00700942003559934,-1.0,diario,aud,1,1,123,0.0002
2026-05-13,0.7237801551818848,0.72644603,0.72908604,0.0059902484784659,0.0001819950622748,59.57284635625214,0.6845901012420654,0.7246218919754028,4,0.0110867207696673,0.0911997826591739,0.7254998683929443,2026-05-14,2026-05-12,-0.001162297291599497,0.0036832659738305056,0.007330796209495223,0.00025145074919754457,0.5957284635625214,0.9789732915241014,0.7194445322085627,0.7254998683929443,cierre_dia,0.7281157781552069,0.7254998683929443,cierre_dia,0.0,4,0.00700942003559934,-1.0,diario,aud,1,1,123,0.0002
2026-05-14,0.7254998683929443,0.72908604,0.7284408,0.005866032069072,0.0001855283142999,65.45585730681006,0.6845901012420654,0.7254998683929443,5,0.0229421776398646,0.0813167248586991,0.7214298844337463,2026-05-15,2026-05-13,0.0023731977122626842,0.00494303550323088,0.0040536624955840785,0.0002557248076569111,0.6545585730681006,1.0,0.7212440628988438,0.7214298844337463,cierre_dia,0.7297556738870449,0.7214298844337463,cierre_dia,0.0,4,0.00700942003559934,-1.0,diario,aud,1,1,123,0.0002
2026-05-15,0.7214298844337463,0.7264804,0.7277895,0.0058619063505105,-0.0001239041281818,58.186101133290514,0.6845901012420654,0.7254998683929443,1,-0.0103007559935629,0.0718074342083402,0.7130200862884521,2026-05-18,2026-05-14,-0.005625697702748361,0.007000701904964557,0.008815292661802237,-0.00017174798390706108,0.5818610113329051,0.9005131477725715,0.7172009300127361,0.7172009300127361,stop_loss,0.7256588388547566,0.7130200862884521,cierre_dia,0.0,4,0.00700942003559934,-1.0,diario,aud,1,1,123,0.0002
2026-05-18,0.7130200862884521,0.7277895,0.7284529,0.0063139930877062,-0.000889950845068,43.53096031875102,0.6845901012420654,0.7254998683929443,2,-0.0493118043030063,0.0004000731623398,0.7172901630401611,2026-05-19,2026-05-15,-0.011725601689567253,0.02071388169220925,0.021644290263801165,-0.0012481427412522716,0.4353096031875102,0.6949437023568081,0.7085180823922312,0.7172901630401611,cierre_dia,0.7175220901846732,0.7172901630401611,cierre_dia,0.0,4,0.00700942003559934,-1.0,diario,aud,1,1,123,0.0002
2026-05-19,0.7172901630401611,0.7284529,0.72671276,0.0063053860718967,-0.0010908087369094,48.59189540766355,0.6845901012420654,0.7254998683929443,3,0.003273801195157,-0.0220628361874914,0.7106598019599915,2026-05-20,2026-05-18,0.005970857637072944,0.015562372851353076,0.013136381126296379,-0.001520735670326383,0.4859189540766355,0.7993216308832786,0.7127673716366192,0.7127673716366192,stop_loss,0.7218129544437031,0.7106598019599915,cierre_dia,0.0,4,0.00700942003559934,-1.0,diario,aud,1,1,123,0.0002
2026-05-20,0.7106598019599915,0.72671276,0.7261835,0.0064958857465999,-0.0016200422234085,47.63268126715396,0.6845901012420654,0.7254998683929443,4,-0.0172071264664082,-0.0493446669349503,0.7150007486343384,2026-05-21,2026-05-19,-0.009286612127111966,0.02258880830987574,0.02184406378015803,-0.0022796311525436538,0.47632681267153965,0.6372488169335851,0.7060434370817581,0.7150007486343384,cierre_dia,0.7152761668382249,0.7150007486343384,cierre_dia,0.0,4,0.00700942003559934,-1.0,diario,aud,1,1,123,0.0002
2026-05-21,0.7150007486343384,0.7261835,0.72486484,0.0064819388396688,-0.0016234962432216,44.83977705162645,0.6845901012420654,0.7254998683929443,5,0.0201524544565522,-0.0519930363306009,0.7148299813270569,2026-05-22,2026-05-20,0.006089752694489213,0.015640195324299753,0.013795917535054518,-0.002270621738959716,0.4483977705162645,0.743359092710446,0.7103661575113731,0.7148299813270569,cierre_dia,0.7196353397573036,0.7148299813270569,cierre_dia,0.0,4,0.00700942003559934,-1.0,diario,aud,1,1,123,0.0002
2026-05-22,0.7148299813270569,0.7131866,0.7145561,0.0063137773425515,-0.001581447583714,43.292088396149374,0.6845901012420654,0.7254998683929443,1,-0.0053397527463154,-0.0472782854279293,0.7157202363014221,2026-05-25,2026-05-21,-0.00023886367038433235,-0.002298982093624558,-0.0003831419137574592,-0.0022123408712909575,0.43292088396149375,0.7391848497563932,0.7103167039871776,0.7157202363014221,cierre_dia,0.7193432586669362,0.7157202363014221,cierre_dia,0.0,4,0.00700942003559934,-1.0,diario,aud,1,1,123,0.0002
2026-05-25,0.7157202363014221,0.7145561,0.7165057,0.0061593121408869,-0.0014417665843445,48.84538912133891,0.6845901012420654,0.7254998683929443,2,0.013493345180274,0.0144765058069405,0.717029869556427,2026-05-26,2026-05-22,0.0012446331185303962,-0.0016265242232606392,0.0010974451450987196,-0.0020144275810825433,0.4884538912133891,0.7609462782945194,0.7113118919604923,0.717029869556427,cierre_dia,0.720128580642352,0.717029869556427,cierre_dia,0.0,4,0.00700942003559934,-1.0,diario,aud,1,1,123,0.0002
2026-05-26,0.717029869556427,0.7165057,0.71789134,0.0060190959956563,-0.0012181640147899,46.017367763667295,0.6845901012420654,0.7254998683929443,3,0.0,0.0111607419470815,0.717079758644104,2026-05-27,2026-05-25,0.001828139623781534,-0.0007310288994672474,0.0012014428968013767,-0.0016989027466087117,0.46017367763667294,0.792959006457328,0.7127139979398139,0.717079758644104,cierre_dia,0.7213457411730401,0.717079758644104,cierre_dia,0.0,4,0.00700942003559934,-1.0,diario,aud,1,1,123,0.0002
2026-05-27,0.717079758644104,0.71789134,0.7148931,0.0058686284186509,-0.0010313001346237,41.78038251191254,0.6845901012420654,0.7254998683929443,4,0.0029914299727304,0.031792392602581,0.7133201360702515,2026-05-28,2026-05-26,6.957499861390951e-05,0.001131786730991501,-0.0030493939031813098,-0.001438194457717984,0.4178038251191254,0.7941784973308157,0.712871483994086,0.7133201360702515,cierre_dia,0.721288033294122,0.7133201360702515,cierre_dia,0.0,4,0.00700942003559934,-1.0,diario,aud,1,1,123,0.0002
2026-05-28,0.7133201360702515,0.7148931,0.7154068,0.0058463244578753,-0.0011180226595036,40.62780614588551,0.6845901012420654,0.7254998683929443,5,-0.0088426651012281,0.0023050097652881,0.7164201736450195,2026-05-29,2026-05-27,-0.005256755464484985,0.0022051304178991654,0.0029252839282571984,-0.0015673504825798037,0.4062780614588551,0.7022781313378558,0.709149835112449,0.7148931,take_profit,0.7174904370280539,0.7164201736450195,cierre_dia,0.0,4,0.00700942003559934,-1.0,diario,aud,1,1,123,0.0002
2026-05-29,0.7164201736450195,0.7133599,0.7136751,0.0057912910423367,-0.0009313620196985,41.00918552282689,0.6845901012420654,0.7254998683929443,1,0.0143298384669936,0.0222151094202964,0.7180498242378235,2026-06-01,2026-05-28,0.004336511199696331,-0.004271618468599721,-0.0038316531918037343,-0.0013000220456661547,0.4100918552282689,0.7780555749819335,0.7122711759108399,0.7180498242378235,cierre_dia,0.7205691713791993,0.7180498242378235,cierre_dia,0.0,4,0.00700942003559934,-1.0,diario,aud,1,1,123,0.0002
2026-06-01,0.7180498242378235,0.7136751,0.7110842,0.0056749880926215,-0.0006748490674204,42.02273204118102,0.6845901012420654,0.7254998683929443,2,-0.0057230335454064,0.0027593698651848,0.7164298892021179,2026-06-02,2026-05-29,0.002272130189280673,-0.006092507915404124,-0.009700753349834905,-0.0009398359899840112,0.4202273204118102,0.8178908198708534,0.7139749000353649,0.7164298892021179,cierre_dia,0.7221247484402821,0.7164298892021179,cierre_dia,0.0,4,0.00700942003559934,-1.0,diario,aud,1,1,123,0.0002
2026-06-02,0.7164298892021179,0.7110842,0.7105947,0.005560545754682,-0.0005938437174287,41.2435684959618,0.6845901012420654,0.7254998683929443,3,0.0255379633740988,0.028697596972302,0.7174115777015686,2026-06-03,2026-06-01,-0.0022585690256243683,-0.0074615664179942505,-0.008144815410502344,-0.0008288929962010084,0.412435684959618,0.7782930624519198,0.7124461480231877,0.7174115777015686,cierre_dia,0.720413630381048,0.7174115777015686,cierre_dia,0.0,4,0.00700942003559934,-1.0,diario,aud,1,1,123,0.0002
2026-06-03,0.7174115777015686,0.7105947,0.71088314,0.0054376251182535,-0.0004597065406034,40.19188486329975,0.6845901012420654,0.7254998683929443,4,0.0190539373216507,0.0453544771867792,0.7134499549865723,2026-06-04,2026-06-02,0.0013693126827484042,-0.009502045845717155,-0.00909998932897673,-0.0006407849481272664,0.4019188486329975,0.8022894957689349,0.7135105624865327,0.7135105624865327,stop_loss,0.7213125929166045,0.7134499549865723,cierre_dia,0.0,4,0.00700942003559934,-1.0,diario,aud,1,1,123,0.0002
2026-06-04,0.7134499549865723,0.71088314,0.7122265,0.005457076081886,-0.0006137218655482,40.29778926329551,0.6845901012420654,0.7254998683929443,5,-0.025666836602769,0.0279143732033996,0.7132158875465393,2026-06-05,2026-06-03,-0.005537409102684865,-0.0035977505761011735,-0.0017148434561122196,-0.0008602171200077386,0.40297789263295514,0.7054514301699419,0.7095566043015924,0.7132158875465393,cierre_dia,0.7173433056715521,0.7132158875465393,cierre_dia,0.0,4,0.00700942003559934,-1.0,diario,aud,1,1,123,0.0002
2026-06-05,0.7132158875465393,0.7128038,0.7136644,0.0053285893262891,-0.0007009891926551,50.29713179626799,0.6845901012420654,0.7254998683929443,1,0.0046182670707891,0.0179800265167984,0.7043498158454895,2026-06-08,2026-06-04,-0.0003281321177740727,-0.0005777879513549527,0.0006288593135572898,-0.0009828569510229237,0.5029713179626799,0.69972987621512,0.709415452980819,0.709415452980819,stop_loss,0.7170163221122596,0.7128038,take_profit,0.0,4,0.00700942003559934,-1.0,diario,aud,1,1,123,0.0002
2026-06-08,0.7043498158454895,0.7136644,0.71398455,0.0059385610759319,-0.0012911221201878,32.766676245013045,0.6845901012420654,0.7254998683929443,2,-0.0387539098678824,-0.0150954821525162,0.704049825668335,2026-06-09,2026-06-05,-0.01250903191303697,0.013224372243683214,0.013678904910261358,-0.001833069436722943,0.32766676245013043,0.48300726158006385,0.7001669914452696,0.704049825668335,cierre_dia,0.7085326402457094,0.704049825668335,cierre_dia,0.0,4,0.00700942003559934,-1.0,diario,aud,1,1,123,0.0002
2026-06-09,0.704049825668335,0.71398455,0.7134756,0.0057926690189207,-0.0016158956813265,39.41190062002685,0.6845901012420654,0.7254998683929443,3,0.0104821070262589,-0.0298129927158813,0.7023113369941711,2026-06-10,2026-06-08,-0.0004260015024838775,0.014110825639697207,0.013387936461339792,-0.0022951439264864175,0.39411900620026846,0.47567428957735974,0.6999714980554095,0.7023113369941711,cierre_dia,0.7081281532812604,0.7023113369941711,cierre_dia,-1.0,4,0.00700942003559934,-1.0,diario,aud,1,1,123,0.0002
2026-06-10,0.7023113369941711,0.7134756,0.71143675,0.0056784889551618,-0.0018454406261015,27.824800791625435,0.6845901012420654,0.7254998683929443,4,-0.0042749316704882,-0.0521843939610808,0.6994200348854065,2026-06-11,2026-06-09,-0.002472323050215558,0.01589645847610958,0.012993401252619314,-0.002627667430230898,0.27824800791625437,0.4331786022332564,0.6983232698239649,0.6994200348854065,cierre_dia,0.7062994041643774,0.6994200348854065,cierre_dia,0.0,4,0.00700942003559934,-1.0,diario,aud,1,1,123,0.0002
2026-06-11,0.6994200348854065,0.71143675,0.71086687,0.0056191511367273,-0.002072628721447,25.40881316724624,0.6845901012420654,0.7254998683929443,5,-0.0085248812184181,-0.0357969257871859,0.7047901749610901,2026-06-12,2026-06-10,-0.004125335663037683,0.017180970683177935,0.016366181326888933,-0.002963353375753071,0.2540881316724624,0.36250349674802435,0.6954898880013303,0.7047901749610901,cierre_dia,0.7033501817694827,0.7033501817694827,stop_loss,-1.0,4,0.00700942003559934,-1.0,diario,aud,1,1,123,0.0002
2026-06-12,0.7047901749610901,0.6973048,0.6961068,0.005763073082712,-0.0017544801337794,34.739725845000564,0.6845901012420654,0.7254998683929443,1,0.0015989373612835,-0.0387037821878805,0.7075197696685791,2026-06-15,2026-06-11,0.007648664307322476,-0.01062071411750794,-0.012320510798223673,-0.002489365198480897,0.34739725845000563,0.49377141758164905,0.700728417674812,0.7075197696685791,cierre_dia,0.7088519322473683,0.7075197696685791,cierre_dia,-1.0,4,0.00700942003559934,-1.0,diario,aud,1,1,123,0.0002
2026-06-15,0.7075197696685791,0.6961068,0.69601727,0.0056952937318621,-0.0012757175742906,37.22862846613549,0.6845901012420654,0.7254998683929443,2,0.0270319005629957,0.0266623790530586,0.7073001265525818,2026-06-16,2026-06-12,0.003865437776713235,-0.016130955144794346,-0.016257495778481432,-0.0018030839970566192,0.3722862846613549,0.5604937408210364,0.7034902367592172,0.7073001265525818,cierre_dia,0.7115493025779411,0.7073001265525818,cierre_dia,-1.0,4,0.00700942003559934,-1.0,diario,aud,1,1,123,0.0002
2026-06-16,0.7073001265525818,0.69601727,0.69472,0.0055588700264015,-0.0009066886628945,36.926273986094,0.6845901012420654,0.7254998683929443,3,0.0080539497301391,0.0241725054324553,0.7065500020980835,2026-06-17,2026-06-15,-0.0003104891560381535,-0.01595200697556072,-0.017786122298461878,-0.0012819008916536583,0.36926273986094005,0.5551247756253351,0.7033683370794186,0.7065500020980835,cierre_dia,0.711231916025745,0.7065500020980835,cierre_dia,-1.0,4,0.00700942003559934,-1.0,diario,aud,1,1,123,0.0002
2026-06-17,0.7065500020980835,0.69472,0.6927446,0.005432274777561,-0.0006575713344107,40.15750214901699,0.6845901012420654,0.7254998683929443,4,0.0010021613364065,0.0295914445461629,0.7018499374389648,2026-06-18,2026-06-16,-0.001061108967182885,-0.016743333186546715,-0.019539172113917824,-0.0009306791203142842,0.40157502149016994,0.536788703172716,0.7027118283426004,0.7027118283426004,stop_loss,0.7103881758535666,0.7018499374389648,cierre_dia,-1.0,4,0.00700942003559934,-1.0,diario,aud,1,1,123,0.0002
2026-06-18,0.7018499374389648,0.6927446,0.69411933,0.0055171060438518,-0.000747248623023,29.759278763670565,0.6845901012420654,0.7254998683929443,5,-0.0011564235248321,0.0372059647299223,0.7013099789619446,2026-06-19,2026-06-17,-0.006674357155230584,-0.012973339389599403,-0.01101461584106373,-0.0010646843194852935,0.29759278763670566,0.4219001328764249,0.6979777569072433,0.7013099789619446,cierre_dia,0.7057221179706863,0.7013099789619446,cierre_dia,0.0,5,0.007059722516389312,-1.0,diario,aud,1,1,123,0.0002
2026-06-19,0.7013099789619446,0.70227474,0.7015978,0.005389855872249,-0.0007773833938953,26.019263281930435,0.6845901012420654,0.7254998683929443,1,-0.0166463631322671,0.0184534233160654,0.7002899646759033,2026-06-22,2026-06-18,-0.0007696321671705124,0.0013756556544132384,0.00041040488042319334,-0.0011084733102556972,0.2601926328193043,0.40870136606289487,0.6975300192535697,0.7002899646759033,cierre_dia,0.7050899386703194,0.7002899646759033,cierre_dia,0.0,5,0.007059722516389312,-1.0,diario,aud,1,1,123,0.0002
2026-06-22,0.7002899646759033,0.7015978,0.70387095,0.0052747514562724,-0.0007974825799249,26.474313863476425,0.6845901012420654,0.7254998683929443,2,0.0,-0.0087085347065966,0.6994621157646179,2026-06-23,2026-06-19,-0.0014555001528712421,0.0018675625670317862,0.005113575097072778,-0.001138789101874361,0.26474313863476423,0.38376809567102593,0.6965961091649161,0.6994621157646179,cierre_dia,0.7039838201868904,0.6994621157646179,cierre_dia,0.0,5,0.007059722516389312,-1.0,diario,aud,1,1,123,0.0002
2026-06-23,0.6994621157646179,0.70387095,0.70201856,0.0051609250176642,-0.0007961568538549,23.718852762321006,0.6885501742362976,0.7254998683929443,3,-0.0028276900662744,-0.0194369342133176,0.6915600895881653,2026-06-24,2026-06-22,-0.0011828509053512905,0.006303178022104246,0.0036548716188688187,-0.0011382415657845602,0.23718852762321008,0.29531885925928314,0.69585224423246,0.69585224423246,stop_loss,0.7030719872967759,0.6915600895881653,cierre_dia,0.0,5,0.007059722516389312,-1.0,diario,aud,1,1,123,0.0002
2026-06-24,0.6915600895881653,0.70201856,0.7026929,0.0056695278027098,-0.0012311147686811,21.2650989854984,0.6885501742362976,0.7254998683929443,4,-0.0344903730096613,-0.0536292276127006,0.6900001764297485,2026-06-25,2026-06-23,-0.01136158883600469,0.015123010377974321,0.016098110026078038,-0.0017801992729427863,0.212650989854984,0.08145981774861956,0.6876392704330007,0.6900001764297485,cierre_dia,0.6954809087433299,0.6900001764297485,cierre_dia,1.0,5,0.007059722516389312,-1.0,diario,aud,1,1,123,0.0002
2026-06-25,0.6900001764297485,0.7026929,0.7011431,0.0055564979579676,-0.0015091808087077,20.54978473468759,0.6885501742362976,0.7254998683929443,5,-0.0327735323777381,-0.0830826655295849,0.6900501847267151,2026-06-26,2026-06-24,-0.002258191495043078,0.018395246847511076,0.016149160465303136,-0.0021872180040831556,0.20549784734687593,0.03924260339757353,0.6861661918584193,0.6900501847267151,cierre_dia,0.6938341610010778,0.6900501847267151,cierre_dia,1.0,5,0.007059722516389312,-1.0,diario,aud,1,1,123,0.0002
2026-06-26,0.6900501847267151,0.6874699,0.68858844,0.0054259268137433,-0.0015681522252587,26.633915631671627,0.6885501742362976,0.7254998683929443,1,0.0212269276095828,-0.0476900008565041,0.6896218657493591,2026-06-29,2026-06-25,7.247314793143468e-05,-0.0037392711194433013,-0.0021183165501129798,-0.00227251910073721,0.2663391563167163,0.04059601911881183,0.6863060229265778,0.6896218657493591,cierre_dia,0.6937943465268523,0.6896218657493591,cierre_dia,1.0,5,0.007059722516389312,-1.0,diario,aud,1,1,123,0.0002
2026-06-29,0.6896218657493591,0.68858844,0.68729246,0.0053019062159972,-0.0015136595903436,26.52268287809808,0.6896218657493591,0.7254998683929443,2,0.0116280543407627,-0.0365518564633709,0.6882398128509521,2026-06-30,2026-06-26,-0.0006208997144915418,-0.001498539708041621,-0.003377801466355697,-0.002194912408554248,0.2652268287809808,0.0,0.685965555292655,0.6882398128509521,cierre_dia,0.6932781762060632,0.68858844,take_profit,1.0,5,0.007059722516389312,-1.0,diario,aud,1,1,123,0.0002
2026-06-30,0.6882398128509521,0.68729246,0.6863859,0.005200024365038,-0.0014483216144576,26.833954480601165,0.6882398128509521,0.7254998683929443,3,-0.0071901852926039,-0.0407457398409832,0.6912999749183655,2026-07-01,2026-06-29,-0.0020060843310519016,-0.0013764865578291049,-0.00269370184103785,-0.0021043851102686122,0.26833954480601163,0.0,0.6846609490551381,0.6912999749183655,cierre_dia,0.6918186766467663,0.6912999749183655,cierre_dia,1.0,5,0.007059722516389312,-1.0,diario,aud,1,1,123,0.0002
2026-07-01,0.6912999749183655,0.6863859,0.688252,0.0051879930344349,-0.0010928183144029,36.705804744190765,0.6882398128509521,0.7254998683929443,4,0.0154600747786719,0.0083863087708999,0.6892097592353821,2026-07-02,2026-06-30,0.004436504280432801,-0.007108455224442588,-0.004409048211994271,-0.0015808163663421934,0.3670580474419076,0.08212983107243409,0.687713515463784,0.6892097592353821,cierre_dia,0.6948864343729471,0.6892097592353821,cierre_dia,1.0,5,0.007059722516389312,-1.0,diario,aud,1,1,123,0.0002
2026-07-02,0.6892097592353821,0.688252,0.6871924,0.0051167347414255,-0.0009002754028417,21.422511621398243,0.6882398128509521,0.7254998683929443,5,-0.0112050935633902,0.0303718720147529,0.6916002035140991,2026-07-03,2026-07-01,-0.0030281818788010007,-0.0013896483944810288,-0.0029270613312558534,-0.0013062429699783659,0.21422511621398244,0.026031801894036345,0.685683255716173,0.6916002035140991,cierre_dia,0.6927362627545913,0.6916002035140991,cierre_dia,1.0,5,0.007059722516389312,-1.0,diario,aud,1,1,123,0.0002
2026-07-03,0.6916002035140991,0.6899654,0.69070095,0.0050692831643471,-0.0005319691624399,20.43258586180633,0.6882398128509521,0.7254998683929443,1,-0.0014708001647411,0.0072481919973205,0.6937001347541809,2026-07-06,2026-07-02,0.0034623832841269623,-0.0023637984861666437,-0.00130025050532075,-0.0007691859541638426,0.2043258586180633,0.09018748400307142,0.6880942862459661,0.6937001347541809,cierre_dia,0.6951061207822321,0.6937001347541809,cierre_dia,1.0,5,0.007059722516389312,-1.0,diario,aud,1,1,123,0.0002
2026-07-06,0.6937001347541809,0.69070095,0.6892405,0.0050093091098334,-9.0132492448141e-05,26.38979143298248,0.6882398128509521,0.7254998683929443,2,0.0,-0.0043963120452179,0.6955297589302063,2026-07-07,2026-07-03,0.0030317365707909797,-0.0043234599561433225,-0.006428764434017571,-0.0001299300489253621,0.2638979143298248,0.14654626311748145,0.6902251763496641,0.6955297589302063,cierre_dia,0.6971750931586976,0.6955297589302063,cierre_dia,1.0,5,0.007059722516389312,-1.0,diario,aud,1,1,123,0.0002
2026-07-07,0.6955297589302063,0.6892405,0.688027,0.0049400183939324,0.0003575848827886,31.55952468816888,0.6882398128509521,0.7254998683929443,3,0.0103315830403225,0.0132021529970477,0.6922600269317627,2026-07-08,2026-07-06,0.0026340136246346415,-0.009042400917366597,-0.010787114187243735,0.0005141187392737889,0.31559524688168883,0.19565043511645763,0.6920938291275637,0.6922600269317627,cierre_dia,0.6989656887328488,0.6922600269317627,cierre_dia,0.0,5,0.007059722516389312,-1.0,diario,aud,1,1,123,0.0002
2026-07-08,0.6922600269317627,0.688027,0.6869838,0.0049498228429925,0.0004592740792085,33.14617569911756,0.6882398128509521,0.7254998683929443,4,-0.0010526365940761,-0.0033911841839605,0.6936299204826355,2026-07-09,2026-07-07,-0.004712151771035863,-0.006114793238205992,-0.007621741436014981,0.0006634415701338357,0.33146175699117564,0.10789608395188124,0.6888334624371653,0.6936299204826355,cierre_dia,0.6956865914263601,0.6936299204826355,cierre_dia,1.0,5,0.007059722516389312,-1.0,diario,aud,1,1,123,0.0002
2026-07-09,0.6936299204826355,0.6869838,0.6848638,0.0048665257106446,0.000633792086134,36.88522921586191,0.6882398128509521,0.7254998683929443,5,-0.0191401393561612,-0.0112680278868174,0.6944401264190674,2026-07-10,2026-07-08,0.001976915987564114,-0.0095816519535533,-0.012638036831709783,0.0009137323339411315,0.36885229215861914,0.14466182492961352,0.6902543526409344,0.6944401264190674,cierre_dia,0.6970054883243366,0.6944401264190674,cierre_dia,1.0,5,0.007059722516389312,-1.0,diario,aud,1,1,123,0.0002
2026-07-10,0.6944401264190674,0.69351715,0.6941931,0.0047721604228204,0.0008076467618669,39.9384892971377,0.6882398128509521,0.7254998683929443,1,0.0261639352903259,0.0164363571934134,0.6942197680473328,2026-07-13,2026-07-09,0.0011673849316926183,-0.0013290943077076398,-0.0003557202553101096,0.0011630185686872549,0.399384892971377,0.16640644996160736,0.691126146731752,0.6942197680473328,cierre_dia,0.6977541061063828,0.6942197680473328,cierre_dia,1.0,5,0.007059722516389312,-1.0,diario,aud,1,1,123,0.0002
2026-07-13,0.6942197680473328,0.6941931,0.6933911,0.0046732124818844,0.0009043629281743,40.79090650181769,0.6882398128509521,0.7254998683929443,2,0.0029722239006344,0.0194619277369259,0.6918213367462158,2026-07-14,2026-07-10,-0.0003173683843859683,-3.841441652946137e-05,-0.0011936681804143412,0.0013027040856500639,0.40790906501817686,0.1604923854619913,0.6909755315621231,0.6918213367462158,cierre_dia,0.6974640045325425,0.6941931,take_profit,1.0,5,0.007059722516389312,-1.0,diario,aud,1,1,123,0.0002
2026-07-14,0.6918213367462158,0.6933911,0.6939233,0.0046439821738123,0.000806599397917,50.56893557255712,0.6882398128509521,0.7254998683929443,3,-8.024741299155112e-05,0.0089025297145267,0.6976497769355774,2026-07-15,2026-07-13,-0.0034608406442485323,0.0022690298353143473,0.0030383035939165804,0.0011659070847837825,0.5056893557255713,0.0961223445098541,0.6886085307909033,0.6933911,take_profit,0.6950341427015282,0.6950341427015282,stop_loss,1.0,5,0.007059722516389312,-1.0,diario,aud,1,1,123,0.0002
2026-07-15,0.6976497769355774,0.6939233,0.69426894,0.0049513765290716,0.0011152460032174,64.0473985731392,0.6882398128509521,0.7254998683929443,4,0.0154424981014605,0.0256825265206132,0.7008101344108582,2026-07-16,2026-07-14,0.008389486211582541,-0.005341472266996057,-0.004846037435040478,0.001598575732534613,0.640473985731392,0.2525483107243409,0.6941954502045465,0.7008101344108582,cierre_dia,0.7011041036666082,0.7008101344108582,cierre_dia,0.0,5,0.007059722516389312,-1.0,diario,aud,1,1,123,0.0002
2026-07-16,0.7008101344108582,0.69426894,0.6939677,0.0049585739761394,0.0014896301660314,67.73335428986817,0.6882398128509521,0.7254998683929443,5,-0.0057828778397664,0.0394747443276304,0.6999399662017822,2026-07-17,2026-07-15,0.004519776119026594,-0.009333761156803358,-0.009763606538895643,0.002125583082904002,0.6773335428986818,0.3373672254927054,0.6973351155161537,0.6999399662017822,cierre_dia,0.7042851533055625,0.6999399662017822,cierre_dia,0.0,5,0.007059722516389312,-1.0,diario,aud,1,1,123,0.0002
2026-07-17,0.6999399662017822,0.700447,0.69937336,0.0048595034408938,0.0016249776182889,66.76103740683149,0.6882398128509521,0.7254998683929443,1,0.000397165457432,0.0130329604566588,0.6979097723960876,2026-07-20,2026-07-16,-0.0012424319236252707,0.000724396123526464,-0.0008095068565049299,0.002321595703567016,0.6676103740683149,0.31401330944458666,0.6965386055276056,0.6979097723960876,cierre_dia,0.7033413268759588,0.6979097723960876,cierre_dia,0.0,5,0.007059722516389312,-1.0,diario,aud,1,1,123,0.0002
2026-07-20,0.6979097723960876,0.69937336,0.69965684,0.0048013142642767,0.001525672577946,65.38422878297365,0.6882398128509521,0.7254998683929443,2,-0.0121446387011527,-0.00216575176302,0.700079083442688,2026-07-21,2026-07-17,-0.002904740298071759,0.0020971014618230226,0.0025032857727643044,0.002186059915321158,0.6538422878297365,0.2595261709751728,0.6945588882507042,0.69937336,take_profit,0.7012606565414711,0.700079083442688,cierre_dia,1.0,5,0.007059722516389312,-1.0,diario,aud,1,1,123,0.0002
2026-07-21,0.700079083442688,0.69965684,0.7021586,0.0047576996909166,0.0015490229079714,64.3743985821666,0.6882398128509521,0.7254998683929443,3,0.0126209837061465,0.0105887994291112,0.7000800967216492,2026-07-22,2026-07-20,0.0031034765101239305,-0.0006031367779360439,0.002970402353810957,0.002212639892558954,0.643743985821666,0.3177469925774251,0.6967483174037755,0.7000800967216492,cierre_dia,0.7034098494816005,0.7000800967216492,cierre_dia,0.0,5,0.007059722516389312,-1.0,diario,aud,1,1,123,0.0002
2026-07-22,0.7000800967216492,0.7021586,0.70233965,0.0046593961943042,0.0015061209504954,69.10555648675829,0.6882398128509521,0.7254998683929443,4,0.0331022215500219,0.0285940339459849,0.6989697813987732,2026-07-23,2026-07-21,1.4473768061192055e-06,0.0029689506787638417,0.0032275639443713642,0.0021513551914249486,0.6910555648675829,0.31777418735602764,0.6968181461832762,0.6989697813987732,cierre_dia,0.7033420472600221,0.6989697813987732,cierre_dia,0.0,5,0.007059722516389312,-1.0,diario,aud,1,1,123,0.0002
2026-07-23,0.6989697813987732,0.70233965,0.70553875,0.0045783485316224,0.0013495871848306,63.56298664115858,0.6882398128509521,0.7254998683929443,5,-0.0092578876111877,0.0250258629324436,0.6967198848724365,2026-07-24,2026-07-22,-0.001587242275411346,0.004821193549287685,0.00939807238602079,0.0019308233642516218,0.6356298664115858,0.2879751087791144,0.6957696541264576,0.6967198848724365,cierre_dia,0.7021699086710887,0.6967198848724365,cierre_dia,0.0,5,0.007059722516389312,-1.0,diario,aud,1,1,123,0.0002
2026-07-24,0.6967198848724365,0.70008284,0.70015883,0.0045457848150566,0.0010542355695398,55.52704557306156,0.6882398128509521,0.7254998683929443,1,-0.0228922484741691,0.0014294511624003,0.699440062046051,2026-07-27,2026-07-23,-0.0032240669679050103,0.004826839595914776,0.004935907819242346,0.0015131412098749292,0.5552704557306156,0.22759150243153314,0.6935527461994354,0.699440062046051,cierre_dia,0.6998870235454375,0.699440062046051,cierre_dia,1.0,5,0.007059722516389312,-1.0,diario,aud,1,1,123,0.0002
2026-07-27,0.699440062046051,0.70015883,0.69882244,0.0045495405752489,0.0010021341115906,56.931073828339606,0.6882398128509521,0.7254998683929443,2,0.0023762931297229,0.0160772322898495,0.6987192630767822,2026-07-28,2026-07-24,0.0038966604385690545,0.0010276333784004223,-0.0008830235492148812,0.0014327662454150642,0.5693107382833961,0.3005966854363962,0.6962579311038178,0.6987192630767822,cierre_dia,0.7026221929882842,0.6987192630767822,cierre_dia,0.0,5,0.007059722516389312,-1.0,diario,aud,1,1,123,0.0002
2026-07-28,0.6987192630767822,0.69882244,0.6984794,0.0044650344861984,0.0008833492592016,62.5864119527243,0.6882398128509521,0.7254998683929443,3,0.0030018274868015,0.006350284179513,0.6974599957466125,2026-07-29,2026-07-27,-0.0010310685201236187,0.0001476657774733198,-0.0003432896292654458,0.0012642405983081203,0.625864119527243,0.28125159969285896,0.6955994574709733,0.6974599957466125,cierre_dia,0.7018390686825913,0.6974599957466125,cierre_dia,0.0,5,0.007059722516389312,-1.0,diario,aud,1,1,123,0.0002
2026-07-29,0.6974599957466125,0.6984794,0.698229,0.0043966979077401,0.0006926183208171,57.49556737588652,0.6882398128509521,0.7254998683929443,4,-0.0026854447899488,-0.0290278183320044,0.695928156375885,2026-07-30,2026-07-28,-0.0018038767782573145,0.0014615953023888893,0.0011025782956400833,0.0009930581324247426,0.5749556737588652,0.24745488866137702,0.694393474842581,0.695928156375885,cierre_dia,0.7005265166506441,0.695928156375885,cierre_dia,1.0,5,0.007059722516389312,-1.0,diario,aud,1,1,123,0.0002
2026-07-30,0.695928156375885,0.698229,0.6993418,0.0043408243143158,0.0004478178724105,52.83212364463059,0.6882398128509521,0.7254998683929443,5,-0.0077012108721984,-0.0275151514613938,0.7025185227394104,2026-07-31,2026-07-29,-0.0021987268738019768,0.003306151077572217,0.004905166708431359,0.0006434829059691391,0.5283212364463059,0.20634278218582033,0.6929072545136716,0.698229,take_profit,0.6989490582380984,0.6989490582380984,stop_loss,1.0,5,0.007059722516389312,-1.0,diario,aud,1,1,123,0.0002
2026-07-31,0.7025185227394104,0.6973381,0.6962211,0.004793944986364,0.0006992800741322,62.71232866706354,0.6882398128509521,0.7254998683929443,1,0.0268926419822215,0.0221253203714293,0.7045875787734985,2026-08-03,2026-07-30,0.009425336340509953,-0.007374072813354199,-0.008964066477356506,0.00099539023028947,0.6271232866706353,0.38321762221653444,0.699150687589496,0.7045875787734985,cierre_dia,0.7058863578893249,0.7045875787734985,cierre_dia,0.0,5,0.007059722516389312,-1.0,diario,aud,1,1,123,0.0002
2026-08-03,0.7045875787734985,0.6962211,0.6975073,0.0047447860167308,0.0009584747632553,69.7551338149244,0.6882398128509521,0.7254998683929443,2,-0.0013198401493381,0.0183543821974964,0.6997601389884949,2026-08-04,2026-07-31,0.0029408692394776326,-0.011874292175377736,-0.010048827124973427,0.0013603344596618524,0.6975513381492441,0.4387477604299974,0.7012444614821718,0.7012444614821718,stop_loss,0.7079306960648253,0.6997601389884949,cierre_dia,0.0,5,0.007059722516389312,-1.0,diario,aud,1,1,123,0.0002
2026-08-04,0.6997601389884949,0.6975073,0.6959609,0.0049035195855096,0.000766625802208,53.37008707438445,0.6882398128509521,0.7254998683929443,3,0.0120464885062851,0.0276068319426272,0.7046700119972229,2026-08-05,2026-08-03,-0.00687501925394689,-0.003219444582469795,-0.005429344680859772,0.0010955551188099391,0.5337008707438445,0.3091870360890709,0.6963288514418059,0.7046700119972229,cierre_dia,0.7031914265351838,0.7031914265351838,stop_loss,0.0,5,0.007059722516389312,-1.0,diario,aud,1,1,123,0.0002
2026-08-05,0.7046700119972229,0.6959609,0.6963193,0.0050660379352643,0.000921793718037,55.83773550887947,0.6882398128509521,0.7254998683929443,4,0.015915095845989,0.0468997476655004,0.7057301998138428,2026-08-06,2026-08-04,0.00699200741048865,-0.012359135267497703,-0.011850528410531873,0.0013081211096586764,0.5583773550887947,0.4409601356539544,0.7011001269846019,0.7057301998138428,cierre_dia,0.7082398970098439,0.7057301998138428,cierre_dia,0.0,5,0.007059722516389312,-1.0,diario,aud,1,1,123,0.0002
2026-08-06,0.7057301998138428,0.6963193,0.6962868,0.0049675423161173,0.0010385520611705,58.7071873913215,0.6882398128509521,0.7214298844337463,5,0.0126864042894861,0.0684625974890097,0.7033402323722839,2026-08-07,2026-08-05,0.0015033860707411298,-0.013334982428589853,-0.013381034021689544,0.0014715992902733209,0.587071873913215,0.5269764760603193,0.7022244551825056,0.7033402323722839,cierre_dia,0.7092359444451799,0.7033402323722839,cierre_dia,0.0,5,0.007059722516389312,-1.0,diario,aud,1,1,123,0.0002
2026-08-07,0.7033402323722839,0.70504403,0.7059901,0.0049197860565944,0.0009025674443645,58.07875518289547,0.6882398128509521,0.7180498242378235,1,-0.0023898847824607,0.0376289594983269,0.7063493728637695,2026-08-10,2026-08-06,-0.003392264401888303,0.002422437320227508,0.0037675473487110587,0.0012832586603502634,0.5807875518289547,0.5065553087303476,0.699879948904017,0.70504403,take_profit,0.7068005158405509,0.7063493728637695,cierre_dia,0.0,5,0.007059722516389312,-1.0,diario,aud,1,1,123,0.0002
2026-08-10,0.7063493728637695,0.7059901,0.7052394,0.0049165425721622,0.0009577982962399,59.10073983846745,0.6882398128509521,0.7180498242378235,2,-0.0175753954113028,0.0208980779076065,0.7055301070213318,2026-08-11,2026-08-07,0.004269230688476442,-0.0005086333726226283,-0.0015714218861260971,0.0013559837851298358,0.5910073983846744,0.6074992651895811,0.7028765761012647,0.7055301070213318,cierre_dia,0.7098221696262743,0.7059901,take_profit,0.0,5,0.007059722516389312,-1.0,diario,aud,1,1,123,0.0002
2026-08-11,0.7055301070213318,0.7052394,0.70406795,0.0048179025453522,0.0008834810424703,57.726655084064,0.6882398128509521,0.7180498242378235,3,0.0036460606918222,0.0123580175989074,0.7063997387886047,2026-08-12,2026-08-10,-0.0011605323911298433,-0.0004120405613293506,-0.0020724232839684905,0.0012522230216372437,0.57726655084064,0.5800163557802087,0.7021309317228911,0.7063997387886047,cierre_dia,0.7089292823197726,0.7063997387886047,cierre_dia,0.0,5,0.007059722516389312,-1.0,diario,aud,1,1,123,0.0002
2026-08-12,0.7063997387886047,0.70406795,0.70475155,0.0047263592827275,0.0008376292469655,60.60607091928243,0.6882398128509521,0.7180498242378235,4,0.0026502001102386,-0.0009821324940826,0.7063897848129272,2026-08-13,2026-08-11,0.0012318344000161842,-0.003300947976854424,-0.00233322394970189,0.0011857723056380783,0.6060607091928243,0.6091888292820452,0.703061039825865,0.7063897848129272,cierre_dia,0.7097384377513446,0.7063897848129272,cierre_dia,0.0,5,0.007059722516389312,-1.0,diario,aud,1,1,123,0.0002
2026-08-13,0.7063897848129272,0.70475155,0.7036996,0.0046292291244974,0.0007539804423892,64.7465613717427,0.6882398128509521,0.7180498242378235,5,-0.0022711594833249,-0.0158138065803953,0.7063698172569275,2026-08-14,2026-08-12,-1.4091236537929156e-05,-0.0023191654921242873,-0.003808357468872098,0.001067371667313785,0.6474656137174271,0.6088549154318186,0.7031197446478238,0.7063698172569275,cierre_dia,0.7096598249780307,0.7063698172569275,cierre_dia,0.0,5,0.007059722516389312,-1.0,diario,aud,1,1,123,0.0002
2026-08-14,0.7063698172569275,0.70584285,0.70599025,0.0045361270071351,0.0006486686960902,61.51628854215368,0.6882398128509521,0.7180498242378235,1,-0.0006823476740331,-0.0141318365290646,0.7085198760032654,2026-08-17,2026-08-13,-2.826745041670343e-05,-0.0007460217637467303,-0.0005373492010197104,0.0009183131558610469,0.6151628854215369,0.6081850882472322,0.7031656340518433,0.7085198760032654,cierre_dia,0.7095740004620117,0.7085198760032654,cierre_dia,0.0,5,0.007059722516389312,-1.0,diario,aud,1,1,123,0.0002
2026-08-17,0.7085198760032654,0.70599025,0.70641243,0.0045041532084209,0.0006723072152283,65.54862307589016,0.6882398128509521,0.7180498242378235,2,0.0010612446835852,0.0044137101806858,0.7108199596405029,2026-08-18,2026-08-14,0.003039191551865396,-0.0035702964573624484,-0.0029744345566611713,0.0009488897037310518,0.6554862307589017,0.6803104798961868,0.7053285939305353,0.7108199596405029,cierre_dia,0.7117111580759955,0.7108199596405029,cierre_dia,0.0,5,0.007059722516389312,-1.0,diario,aud,1,1,123,0.0002
2026-08-18,0.7108199596405029,0.70641243,0.70547736,0.0044815202296193,0.000783572006241,70.51791151071103,0.6882398128509521,0.7180498242378235,3,0.0006816241669075,0.0014405984698549,0.7081500887870789,2026-08-19,2026-08-17,0.003241064039647488,-0.00620062729067436,-0.007516108077782305,0.0011023494706553982,0.7051791151071103,0.7574685731081381,0.7076344056117568,0.7081500887870789,cierre_dia,0.714005513669249,0.7081500887870789,cierre_dia,0.0,5,0.007059722516389312,-1.0,diario,aud,1,1,123,0.0002
2026-08-19,0.7081500887870789,0.70547736,0.70543045,0.0044766599255832,0.0006249697586837,68.13619526415782,0.6882398128509521,0.7180498242378235,4,-0.0185692897212071,-0.0195855887002574,0.7125044465065002,2026-08-20,2026-08-18,-0.003763115376621746,-0.0037742405591682693,-0.0038404835784699525,0.0008825385586749691,0.6813619526415782,0.6679056803344737,0.7049799416633076,0.7125044465065002,cierre_dia,0.7113202359108501,0.7113202359108501,stop_loss,0.0,5,0.007059722516389312,-1.0,diario,aud,1,1,123,0.0002
2026-08-20,0.7125044465065002,0.70543045,0.7049918,0.0046166739447064,0.0007523796965808,65.87140388637948,0.6882398128509521,0.7180498242378235,5,0.000771027692472,-0.0165984431270686,0.7119398713111877,2026-08-21,2026-08-19,0.00613009179489709,-0.009928354189485981,-0.010543999470228934,0.0010559649140013275,0.6587140388637949,0.8139759941934981,0.7092150457928262,0.7119398713111877,cierre_dia,0.7157938472201743,0.7119398713111877,cierre_dia,0.0,5,0.007059722516389312,-1.0,diario,aud,1,1,123,0.0002
2026-08-21,0.7119398713111877,0.712317,0.71318877,0.0045269357532695,0.000736747859251,62.27248577756288,0.6882398128509521,0.7180498242378235,1,-0.0042479541927562,-0.02009862228965,0.7171398997306824,2026-08-24,2026-08-20,-0.0007926953940056405,0.000529719859793316,0.0017542193366866395,0.0010348456224176955,0.6227248577756288,0.7950368804848349,0.7087169652535711,0.712317,take_profit,0.7151627773688045,0.7151627773688045,stop_loss,0.0,5,0.007059722516389312,-1.0,diario,aud,1,1,123,0.0002
2026-08-24,0.7171398997306824,0.71318877,0.7112754,0.0047495172132313,0.0009984839932636,78.6539754167633,0.6882398128509521,0.7174115777015686,2,0.0183294610572777,-0.0030305296436349,0.7154815793037415,2026-08-25,2026-08-21,0.007277482300235409,-0.005509566169956753,-0.008177622989440065,0.0013923140988788584,0.786539754167633,0.9906869545851118,0.7137338314326166,0.7154815793037415,cierre_dia,0.7205459680287482,0.7154815793037415,cierre_dia,0.0,5,0.007059722516389312,-1.0,diario,aud,1,1,123,0.0002
2026-08-25,0.7154815793037415,0.7112754,0.7118667,0.0046798848139074,0.0009803888095405,69.96565767749037,0.6882398128509521,0.7174115777015686,3,0.00295933417596,-0.0007571342173834,0.7165325880050659,2026-08-26,2026-08-24,-0.002315086283256175,-0.005878808658965929,-0.005052372287850162,0.0013702502452887025,0.6996565767749037,0.9338401907560158,0.7121332079261274,0.7165325880050659,cierre_dia,0.7188299506813555,0.7165325880050659,cierre_dia,0.0,5,0.007059722516389312,-1.0,diario,aud,1,1,123,0.0002
2026-08-26,0.7165325880050659,0.7118667,0.7119597,0.0045977447534547,0.0009585179075956,69.95547197068461,0.6882398128509521,0.7171398997306824,4,0.0166062891783018,0.0350173169305766,0.7181498408317566,2026-08-27,2026-08-25,0.0014678749889929696,-0.0065117596647718224,-0.006381967940631354,0.0013377171166272528,0.6995547197068461,0.9789858166121151,0.7132381540578864,0.7181498408317566,cierre_dia,0.7198270219522455,0.7181498408317566,cierre_dia,0.0,5,0.007059722516389312,-1.0,diario,aud,1,1,123,0.0002
2026-08-27,0.7181498408317566,0.7119597,0.7109185,0.0045369849304426,0.0009693786884686,78.16209207221422,0.6882398128509521,0.7181498408317566,5,-0.0172884299934216,0.0164932363728948,0.7195098996162415,2026-08-28,2026-08-26,0.002254510795143308,-0.008619567226509773,-0.010069403933002742,0.001349827895729771,0.7816209207221422,1.0,0.7148916058261031,0.7195098996162415,cierre_dia,0.7214080758374101,0.7195098996162415,cierre_dia,0.0,5,0.007059722516389312,-1.0,diario,aud,1,1,123,0.0002
2026-08-28,0.7195098996162415,0.7174063,0.71739227,0.0044699665697729,0.0009815627808965,76.70080901648265,0.6882398128509521,0.7195098996162415,1,-0.0011379846746806,0.0196594201689716,0.7163000702857971,2026-08-31,2026-08-27,0.0018920460133265123,-0.00292365625179498,-0.002943155636039007,0.0013642102512001952,0.7670080901648265,1.0,0.7162937144183362,0.7163000702857971,cierre_dia,0.7227260848141467,0.7174063,take_profit,0.0,5,0.007059722516389312,-1.0,diario,aud,1,1,123,0.0002
2026-08-31,0.7163000702857971,0.71739227,0.7179188,0.0045000689263355,0.0007000608255814,69.91855758291959,0.6882398128509521,0.7195098996162415,2,-0.0038025897147118,-0.002659837376031,0.7172999382019043,2026-09-01,2026-08-28,-0.004471113510837682,0.0015247795714541216,0.0022598486044500747,0.000977328991887551,0.6991855758291959,0.8973514415058375,0.7130766705975721,0.7172999382019043,cierre_dia,0.7195234699740222,0.7172999382019043,cierre_dia,0.0,5,0.007059722516389312,-1.0,diario,aud,1,1,123,0.0002
2026-09-01,0.7172999382019043,0.7179188,0.7181223,0.004424603037444,0.0005162964062681,70.06277468036694,0.6882398128509521,0.7195098996162415,3,0.0047889323652282,-0.000833435338959,0.7147099375724792,2026-09-02,2026-08-31,0.0013949052348112222,0.0008627657206370414,0.0011464685193716235,0.0007197775697044237,0.7006277468036695,0.9293266619013582,0.7141261707165778,0.7147099375724792,cierre_dia,0.7204737056872308,0.7147099375724792,cierre_dia,0.0,5,0.007059722516389312,-1.0,diario,aud,1,1,123,0.0002
2026-09-02,0.7147099375724792,0.7181223,0.71837074,0.0044167666818707,0.0001731514476126,63.98566856964229,0.6882398128509521,0.7195098996162415,4,-0.0132826946225971,-0.0302556186940069,0.7163600921630859,2026-09-03,2026-09-01,-0.003617298312514351,0.004774471779573784,0.005122081329881488,0.00024226814055602886,0.639856685696423,0.8464998808672861,0.7115532305330072,0.7163600921630859,cierre_dia,0.7178666446119513,0.7163600921630859,cierre_dia,0.0,5,0.007059722516389312,-1.0,diario,aud,1,1,123,0.0002
2026-09-03,0.7163600921630859,0.71837074,0.717841,0.004366324192553,1.8300233556862822e-05,65.92051945979526,0.6882398128509521,0.7195098996162415,5,-0.000845641397578,-0.0141785027537535,0.7201300859451294,2026-09-04,2026-09-02,0.002306183887131887,0.002806755790712484,0.002067267360528609,2.5546137699553212e-05,0.6592051945979526,0.8992709077912795,0.7132322317620947,0.71837074,take_profit,0.719487952564077,0.719487952564077,stop_loss,0.0,5,0.007059722516389312,-1.0,diario,aud,1,1,123,0.0002
2026-09-04,0.7201300859451294,0.7153223,0.7133999,0.0044559221863992,0.0001248269222132,67.59367813704114,0.6882398128509521,0.7201300859451294,1,0.01162273570603,-0.0015181041759266,0.7206376194953918,2026-09-07,2026-09-03,0.0052489080609060676,-0.006676274244006185,-0.009345791929101859,0.00017333940721192317,0.6759367813704114,1.0,0.7169212423180729,0.7206376194953918,cierre_dia,0.7233389295721858,0.7206376194953918,cierre_dia,0.0,5,0.007059722516389312,-1.0,diario,aud,1,1,123,0.0002
2026-09-07,0.7206376194953918,0.7133999,0.71598804,0.004372818527081,0.0001811088154158,65.73199082325209,0.6882398128509521,0.7206376194953918,2,0.003036282965223,0.005333789291016,0.722089946269989,2026-09-08,2026-09-04,0.0007045321315010534,-0.010043493844326222,-0.0064520354885823855,0.0002513174590338717,0.657319908232521,1.0,0.7174864019615508,0.722089946269989,cierre_dia,0.7237888370292329,0.722089946269989,cierre_dia,0.0,5,0.007059722516389312,-1.0,diario,aud,1,1,123,0.0002
2026-09-08,0.722089946269989,0.71598804,0.71693015,0.004316188605153,0.0002628295671312,73.24447889955673,0.6882398128509521,0.722089946269989,3,0.0,0.0005308234880281,0.7220399379730225,2026-09-09,2026-09-07,0.002013307709136946,-0.008450340988001329,-0.007145642030667084,0.00036398452642758184,0.7324447889955672,1.0,0.7189732698720029,0.7220399379730225,cierre_dia,0.7252066226679751,0.7220399379730225,cierre_dia,0.0,5,0.007059722516389312,-1.0,diario,aud,1,1,123,0.0002
2026-09-09,0.7220399379730225,0.71693015,0.7165007,0.0042352341125941,0.0002597364094009,68.56529458866672,0.6882398128509521,0.722089946269989,4,0.021296504010858,0.0357335102757257,0.722089946269989,2026-09-10,2026-09-08,-6.925733970632724e-05,-0.007076877197911086,-0.007671650391767433,0.00035972582088749294,0.6856529458866671,0.9985226558386789,0.7189819297970638,0.722089946269989,cierre_dia,0.7250979461489812,0.722089946269989,cierre_dia,0.0,5,0.007059722516389312,-1.0,diario,aud,1,1,123,0.0002
