ds,close
2003-12-01,603.530029296875
2003-12-02,596.7000122070312
2003-12-03,594.3300170898438
2003-12-04,583.719970703125
2003-12-05,588.1799926757812
2003-12-08,607.1099853515625
2003-12-09,607.1099853515625
2003-12-10,607.1099853515625
2003-12-11,607.1099853515625
2003-12-12,581.739990234375
2003-12-15,580.1599731445312
2003-12-16,577.6900024414062
2003-12-17,582.969970703125
2003-12-18,585.4500122070312
2003-12-19,597.260009765625
2003-12-22,597.260009765625
2003-12-23,597.260009765625
2003-12-24,597.260009765625
2003-12-25,597.260009765625
2003-12-26,597.260009765625
2003-12-29,577.6099853515625
2003-12-30,582.2000122070312
2003-12-31,576.5499877929688
2004-01-02,575.5700073242188
2004-01-05,568.2100219726562
2004-01-06,554.77001953125
2004-01-07,548.010009765625
2004-01-08,550.4000244140625
2004-01-09,547.4600219726562
2004-01-12,540.989990234375
2004-01-13,544.7899780273438
2004-01-14,551.4299926757812
2004-01-15,552.75
2004-01-16,556.7100219726562
2004-01-19,555.8800048828125
2004-01-20,551.6500244140625
2004-01-21,548.3800048828125
2004-01-22,548.7999877929688
2004-01-23,553.2899780273438
2004-01-26,557.4500122070312
2004-01-27,563.3900146484375
2004-01-28,559.4500122070312
2004-01-29,570.4400024414062
2004-01-30,581.4500122070312
2004-02-02,565.0800170898438
2004-02-03,563.97998046875
2004-02-04,563.97998046875
2004-02-05,569.6599731445312
2004-02-06,577.7100219726562
2004-02-09,576.6599731445312
2004-02-10,569.9099731445312
2004-02-11,564.6900024414062
2004-02-12,564.1099853515625
2004-02-13,557.4500122070312
2004-02-16,560.6300048828125
2004-02-17,559.6900024414062
2004-02-18,555.0599975585938
2004-02-19,575.510009765625
2004-02-20,561.0900268554688
2004-02-23,578.510009765625
2004-02-24,572.0599975585938
2004-02-25,568.5900268554688
2004-02-26,588.760009765625
2004-02-27,594.7100219726562
2004-03-01,572.489990234375
2004-03-02,568.0499877929688
2004-03-03,577.5900268554688
2004-03-04,586.2899780273438
2004-03-05,580.5999755859375
2004-03-08,575.0999755859375
2004-03-09,575.489990234375
2004-03-10,574.9299926757812
2004-03-11,601.1599731445312
2004-03-12,598.1099853515625
2004-03-15,598.1099853515625
2004-03-16,598.1099853515625
2004-03-17,598.1099853515625
2004-03-18,598.1099853515625
2004-03-19,598.1099853515625
2004-03-22,598.1099853515625
2004-03-23,598.1099853515625
2004-03-24,598.1099853515625
2004-03-25,598.1099853515625
2004-03-26,598.1099853515625
2004-03-29,598.1099853515625
2004-03-30,604.4600219726562
2004-03-31,601.5499877929688
2004-04-01,593.2999877929688
2004-04-02,592.510009765625
2004-04-05,586.8400268554688
2004-04-06,584.7899780273438
2004-04-07,587.1500244140625
2004-04-08,584.989990234375
2004-04-13,577.22998046875
2004-04-14,580.02001953125
2004-04-15,586.760009765625
2004-04-16,585.1400146484375
2004-04-19,583.2100219726562
2004-04-20,576.989990234375
2004-04-21,586.6900024414062
2004-04-22,594.4600219726562
2004-04-23,593.9000244140625
2004-04-26,610.760009765625
2004-04-27,612.510009765625
2004-04-28,616.6599731445312
2004-04-29,624.010009765625
2004-04-30,626.260009765625
2004-05-03,626.260009765625
2004-05-04,622.8099975585938
2004-05-05,622.260009765625
2004-05-06,622.9600219726562
2004-05-07,639.8099975585938
2004-05-10,619.2899780273438
2004-05-11,624.0700073242188
2004-05-12,616.2899780273438
2004-05-13,628.1400146484375
2004-05-14,643.1099853515625
2004-05-17,621.1099853515625
2004-05-18,624.1300048828125
2004-05-19,623.7100219726562
2004-05-21,625.989990234375
2004-05-24,623.4299926757812
2004-05-25,638.260009765625
2004-05-26,638.260009765625
2004-05-27,638.260009765625
2004-05-28,612.1400146484375
2004-05-31,638.260009765625
2004-06-01,638.260009765625
2004-06-02,638.260009765625
2004-06-03,638.260009765625
2004-06-04,625.6500244140625
2004-06-07,626.0
2004-06-08,625.6099853515625
2004-06-09,623.8300170898438
2004-06-10,631.6199951171875
2004-06-11,628.75
2004-06-14,628.22998046875
2004-06-15,633.5399780273438
2004-06-16,628.4000244140625
2004-06-17,630.7000122070312
2004-06-18,628.97998046875
2004-06-21,629.530029296875
2004-06-22,626.9400024414062
2004-06-23,623.739990234375
2004-06-24,621.6699829101562
2004-06-25,614.9299926757812
2004-06-28,615.1599731445312
2004-06-29,615.719970703125
2004-06-30,618.72998046875
2004-07-01,616.6900024414062
2004-07-02,616.2999877929688
2004-07-05,630.010009765625
2004-07-06,630.010009765625
2004-07-07,630.010009765625
2004-07-08,630.010009765625
2004-07-09,635.2100219726562
2004-07-12,634.760009765625
2004-07-13,633.010009765625
2004-07-14,633.010009765625
2004-07-15,631.3099975585938
2004-07-16,607.1300048828125
2004-07-19,624.760009765625
2004-07-20,624.760009765625
2004-07-21,624.760009765625
2004-07-22,626.8099975585938
2004-07-23,610.1099853515625
2004-07-26,628.2100219726562
2004-07-27,628.2100219726562
2004-07-28,624.5700073242188
2004-07-29,628.2100219726562
2004-07-30,620.8599853515625
2004-08-02,628.2100219726562
2004-08-03,628.2100219726562
2004-08-04,628.2100219726562
2004-08-05,628.2100219726562
2004-08-06,628.2100219726562
2004-08-09,628.2100219726562
2004-08-10,628.2100219726562
2004-08-11,628.2100219726562
2004-08-12,628.2100219726562
2004-08-13,624.5900268554688
2004-08-16,628.2100219726562
2004-08-17,628.2100219726562
2004-08-18,634.260009765625
2004-08-19,634.260009765625
2004-08-20,615.5
2004-08-23,631.1099853515625
2004-08-24,627.260009765625
2004-08-25,625.6599731445312
2004-08-26,628.510009765625
2004-08-27,628.510009765625
2004-08-30,628.510009765625
2004-08-31,627.260009765625
2004-09-01,627.260009765625
2004-09-02,626.760009765625
2004-09-03,606.8400268554688
2004-09-06,621.3599853515625
2004-09-07,621.510009765625
2004-09-08,621.9099731445312
2004-09-09,618.010009765625
2004-09-10,618.010009765625
2004-09-13,618.010009765625
2004-09-14,596.3900146484375
2004-09-15,596.6699829101562
2004-09-16,595.3800048828125
2004-09-17,593.989990234375
2004-09-20,592.0700073242188
2004-09-21,595.4000244140625
2004-09-22,595.1799926757812
2004-09-23,598.0900268554688
2004-09-24,595.5599975585938
2004-09-27,595.6500244140625
2004-09-28,589.8499755859375
2004-09-29,586.469970703125
2004-09-30,587.5999755859375
2004-10-01,592.4600219726562
2004-10-04,587.4600219726562
2004-10-05,582.47998046875
2004-10-06,580.1500244140625
2004-10-07,583.3200073242188
2004-10-08,584.4500122070312
2004-10-11,577.4500122070312
2004-10-12,576.3499755859375
2004-10-13,577.1900024414062
2004-10-14,589.7899780273438
2004-10-15,593.9299926757812
2004-10-18,591.0599975585938
2004-10-19,610.5999755859375
2004-10-20,617.0
2004-10-21,609.75
2004-10-22,607.2000122070312
2004-10-25,614.5999755859375
2004-10-26,612.25
2004-10-27,610.5
2004-10-29,613.25
2004-11-01,611.260009765625
2004-11-02,611.260009765625
2004-11-03,611.260009765625
2004-11-04,611.260009765625
2004-11-05,599.0
2004-11-08,604.5
2004-11-09,603.7999877929688
2004-11-10,601.5
2004-11-11,601.3599853515625
2004-11-12,600.510009765625
2004-11-15,595.760009765625
2004-11-16,595.760009765625
2004-11-17,595.760009765625
2004-11-18,595.760009765625
2004-11-19,590.3499755859375
2004-11-22,595.4000244140625
2004-11-23,590.5
2004-11-24,589.0
2004-11-25,572.5499877929688
2004-11-26,587.3499755859375
2004-11-29,588.7000122070312
2004-11-30,589.25
2004-12-01,583.5999755859375
2004-12-02,585.0
2004-12-03,579.5
2004-12-06,581.25
2004-12-07,583.0
2004-12-08,583.25
2004-12-09,591.6500244140625
2004-12-10,592.25
2004-12-13,583.6500244140625
2004-12-14,582.75
2004-12-15,576.5
2004-12-16,590.0
2004-12-17,573.5
2004-12-20,563.0
2004-12-21,567.9000244140625
2004-12-22,567.0
2004-12-23,562.75
2004-12-27,559.9000244140625
2004-12-28,560.25
2004-12-29,559.2000122070312
2004-12-30,557.5
2004-12-31,542.6900024414062
2005-01-03,562.5999755859375
2005-01-04,571.2999877929688
2005-01-05,564.0499877929688
2005-01-06,569.5
2005-01-07,571.2999877929688
2005-01-10,566.9000244140625
2005-01-11,568.25
2005-01-12,566.0
2005-01-13,568.0
2005-01-14,572.75
2005-01-17,576.25
2005-01-18,581.5999755859375
2005-01-19,583.6500244140625
2005-01-20,585.0
2005-01-21,577.0
2005-01-24,581.2000122070312
2005-01-25,588.5
2005-01-26,584.1500244140625
2005-01-27,585.75
2005-01-28,587.7000122070312
2005-01-31,582.0
2005-02-01,582.0
2005-02-02,580.5
2005-02-03,576.0999755859375
2005-02-04,576.0
2005-02-07,576.5
2005-02-08,581.2000122070312
2005-02-09,577.75
2005-02-10,573.0
2005-02-11,572.5
2005-02-14,549.7100219726562
2005-02-15,567.5
2005-02-16,568.0
2005-02-17,567.25
2005-02-18,567.0
2005-02-21,567.0
2005-02-22,565.0
2005-02-23,567.2999877929688
2005-02-24,575.5
2005-02-25,578.2000122070312
2005-02-28,573.75
2005-03-01,584.0
2005-03-02,588.5
2005-03-03,591.5
2005-03-04,563.3099975585938
2005-03-07,561.3300170898438
2005-03-08,562.760009765625
2005-03-09,565.489990234375
2005-03-10,564.77001953125
2005-03-11,562.9000244140625
2005-03-14,562.2000122070312
2005-03-15,567.8599853515625
2005-03-16,570.6300048828125
2005-03-17,586.5
2005-03-18,585.5
2005-03-21,586.2999877929688
2005-03-22,587.0
2005-03-23,589.0999755859375
2005-03-24,588.25
2005-03-25,589.0
2005-03-28,587.5
2005-03-29,587.0
2005-03-30,587.0
2005-03-31,586.0
2005-04-01,586.0
2005-04-04,585.0
2005-04-05,585.0
2005-04-06,584.7000122070312
2005-04-07,580.0
2005-04-08,575.0999755859375
2005-04-11,573.0
2005-04-12,574.0
2005-04-13,574.0
2005-04-14,578.5
2005-04-15,581.9000244140625
2005-04-18,583.7000122070312
2005-04-19,579.0
2005-04-20,580.0499877929688
2005-04-21,579.25
2005-04-22,576.2000122070312
2005-04-25,576.7999877929688
2005-04-26,581.2000122070312
2005-04-27,580.25
2005-04-28,586.0
2005-04-29,582.25
2005-05-02,578.7999877929688
2005-05-03,578.25
2005-05-04,574.5
2005-05-05,574.0
2005-05-06,572.5
2005-05-09,571.75
2005-05-10,574.5
2005-05-11,576.4000244140625
2005-05-12,575.5999755859375
2005-05-13,578.4000244140625
2005-05-16,578.0
2005-05-17,583.5
2005-05-18,578.7000122070312
2005-05-19,580.4500122070312
2005-05-20,583.0
2005-05-23,582.0499877929688
2005-05-24,580.0
2005-05-25,578.7999877929688
2005-05-26,582.0999755859375
2005-05-27,580.2999877929688
2005-05-30,579.7999877929688
2005-05-31,583.0
2005-06-01,588.5
2005-06-02,587.25
2005-06-03,589.75
2005-06-06,593.25
2005-06-07,590.2999877929688
2005-06-08,591.0999755859375
2005-06-09,591.0
2005-06-10,592.2000122070312
2005-06-13,589.7000122070312
2005-06-14,588.6500244140625
2005-06-15,586.0
2005-06-16,583.5
2005-06-17,581.5
2005-06-20,580.5
2005-06-21,579.2999877929688
2005-06-22,577.0
2005-06-23,580.5
2005-06-24,580.0999755859375
2005-06-27,580.5999755859375
2005-06-28,557.6799926757812
2005-06-29,579.0999755859375
2005-06-30,577.5999755859375
2005-07-01,578.75
2005-07-04,581.4000244140625
2005-07-05,582.25
2005-07-06,584.75
2005-07-07,585.5
2005-07-08,584.75
2005-07-11,582.0
2005-07-12,579.2000122070312
2005-07-13,580.5
2005-07-14,578.5
2005-07-15,576.9000244140625
2005-07-18,571.75
2005-07-19,572.25
2005-07-20,571.7000122070312
2005-07-21,566.7000122070312
2005-07-22,567.2999877929688
2005-07-25,568.0
2005-07-26,564.5
2005-07-27,564.7000122070312
2005-07-28,564.6099853515625
2005-07-29,562.0
2005-08-01,561.0499877929688
2005-08-02,537.719970703125
2005-08-03,558.0
2005-08-04,550.5
2005-08-05,546.4000244140625
2005-08-08,546.25
2005-08-09,545.0
2005-08-10,542.5999755859375
2005-08-11,542.0
2005-08-12,536.5
2005-08-15,536.5
2005-08-16,533.25
2005-08-17,535.5
2005-08-18,542.0
2005-08-19,543.0
2005-08-22,541.2000122070312
2005-08-23,547.5
2005-08-24,552.0999755859375
2005-08-25,541.0
2005-08-26,545.2999877929688
2005-08-29,546.0
2005-08-30,520.6099853515625
2005-08-31,542.5
2005-09-01,514.0
2005-09-02,534.5
2005-09-05,534.2999877929688
2005-09-06,537.4000244140625
2005-09-07,535.5
2005-09-08,535.0
2005-09-09,534.0
2005-09-12,537.5
2005-09-13,536.5499877929688
2005-09-14,535.8499755859375
2005-09-15,534.5499877929688
2005-09-16,534.75
2005-09-19,535.0
2005-09-20,535.2999877929688
2005-09-22,537.7000122070312
2005-09-23,537.2000122070312
2005-09-26,538.7999877929688
2005-09-27,538.4500122070312
2005-09-28,537.5
2005-09-29,529.5499877929688
2005-09-30,529.5
2005-10-03,526.0
2005-10-04,530.0
2005-10-05,525.7999877929688
2005-10-06,533.0
2005-10-07,526.7999877929688
2005-10-10,528.75
2005-10-11,526.6500244140625
2005-10-12,532.7999877929688
2005-10-13,537.0499877929688
2005-10-14,536.9500122070312
2005-10-17,534.0999755859375
2005-10-18,535.75
2005-10-19,535.75
2005-10-20,535.75
2005-10-21,542.0999755859375
2005-10-24,543.5
2005-10-25,544.0
2005-10-26,545.7000122070312
2005-10-27,547.0
2005-10-28,544.0
2005-10-31,543.2000122070312
2005-11-01,544.25
2005-11-02,546.2999877929688
2005-11-03,542.25
2005-11-04,540.7999877929688
2005-11-07,535.75
2005-11-08,535.47998046875
2005-11-09,535.760009765625
2005-11-10,529.2999877929688
2005-11-11,525.7999877929688
2005-11-14,527.5
2005-11-15,523.5
2005-11-16,524.25
2005-11-17,524.0
2005-11-18,528.2000122070312
2005-11-21,525.0
2005-11-22,527.2999877929688
2005-11-23,524.75
2005-11-24,523.5
2005-11-25,523.5499877929688
2005-11-28,518.0499877929688
2005-11-29,518.6500244140625
2005-11-30,516.5499877929688
2005-12-01,514.7999877929688
2005-12-02,514.0
2005-12-05,513.5
2005-12-06,510.3500061035156
2005-12-07,513.0
2005-12-08,513.0
2005-12-09,514.0
2005-12-12,510.3999938964844
2005-12-13,510.25
2005-12-14,516.0499877929688
2005-12-15,515.25
2005-12-16,516.0
2005-12-19,517.5499877929688
2005-12-20,513.4500122070312
2005-12-21,513.5499877929688
2005-12-22,513.0999755859375
2005-12-23,514.0499877929688
2005-12-26,513.9000244140625
2005-12-27,514.5499877929688
2005-12-28,513.5499877929688
2005-12-29,513.5499877929688
2005-12-30,514.0499877929688
2006-01-02,513.2000122070312
2006-01-03,518.5499877929688
2006-01-04,514.9000244140625
2006-01-05,518.5
2006-01-06,522.0
2006-01-09,523.0
2006-01-10,522.5
2006-01-11,524.0
2006-01-12,522.5
2006-01-13,525.5
2006-01-16,526.7999877929688
2006-01-17,531.7999877929688
2006-01-18,535.0
2006-01-19,532.5
2006-01-20,530.7999877929688
2006-01-23,531.0499877929688
2006-01-24,527.5
2006-01-25,527.5
2006-01-26,529.0499877929688
2006-01-27,526.5
2006-01-30,524.0
2006-01-31,526.25
2006-02-01,528.2000122070312
2006-02-02,530.0
2006-02-03,528.2000122070312
2006-02-06,525.0999755859375
2006-02-07,528.010009765625
2006-02-08,530.7999877929688
2006-02-09,528.4000244140625
2006-02-10,529.0
2006-02-13,531.5
2006-02-14,532.2999877929688
2006-02-15,530.5
2006-02-16,523.5
2006-02-17,524.0999755859375
2006-02-20,522.7000122070312
2006-02-21,519.510009765625
2006-02-22,519.0
2006-02-23,517.25
2006-02-24,516.8099975585938
2006-02-27,518.0
2006-02-28,517.0
2006-03-01,515.9199829101562
2006-03-02,520.0
2006-03-03,523.2000122070312
2006-03-06,526.2999877929688
2006-03-07,532.4000244140625
2006-03-08,534.010009765625
2006-03-09,531.5
2006-03-10,531.0
2006-03-13,532.5999755859375
2006-03-14,528.0
2006-03-15,526.8099975585938
2006-03-16,525.0
2006-03-17,528.0
2006-03-20,531.2999877929688
2006-03-21,533.5
2006-03-22,531.7999877929688
2006-03-23,533.7000122070312
2006-03-24,534.5
2006-03-27,534.4000244140625
2006-03-28,534.4000244140625
2006-03-29,533.7000122070312
2006-03-30,503.4599914550781
2006-03-31,524.9000244140625
2006-04-03,524.5
2006-04-04,521.7999877929688
2006-04-05,496.67999267578125
2006-04-06,519.0
2006-04-07,520.0
2006-04-10,495.2699890136719
2006-04-11,516.0999755859375
2006-04-12,512.5
2006-04-13,488.95001220703125
2006-04-14,488.3699951171875
2006-04-17,511.79998779296875
2006-04-18,511.79998779296875
2006-04-19,513.9000244140625
2006-04-20,489.32000732421875
2006-04-21,514.0
2006-04-24,516.0499877929688
2006-04-25,516.2000122070312
2006-04-26,517.4000244140625
2006-04-27,517.5
2006-04-28,514.0999755859375
2006-05-01,490.4100036621094
2006-05-02,516.5
2006-05-03,516.25
2006-05-04,513.25
2006-05-05,513.0
2006-05-08,492.0899963378906
2006-05-09,513.5
2006-05-10,512.5
2006-05-11,484.55999755859375
2006-05-12,491.1099853515625
2006-05-15,493.44000244140625
2006-05-16,496.2699890136719
2006-05-17,502.0400085449219
2006-05-18,497.6099853515625
2006-05-19,497.29998779296875
2006-05-22,497.2099914550781
2006-05-23,509.3500061035156
2006-05-24,512.6799926757812
2006-05-25,510.2799987792969
2006-05-26,505.5299987792969
2006-05-29,502.0899963378906
2006-05-30,503.4700012207031
2006-05-31,512.3900146484375
2006-06-01,507.9100036621094
2006-06-02,503.5899963378906
2006-06-05,504.0299987792969
2006-06-06,511.6199951171875
2006-06-07,516.0
2006-06-08,524.3499755859375
2006-06-09,520.75
2006-06-12,519.9199829101562
2006-06-13,520.72998046875
2006-06-14,522.2899780273438
2006-06-15,521.5599975585938
2006-06-16,520.4600219726562
2006-06-19,521.4400024414062
2006-06-20,523.52001953125
2006-06-21,521.3200073242188
2006-06-22,522.9299926757812
2006-06-23,524.7999877929688
2006-06-26,525.0599975585938
2006-06-27,522.8900146484375
2006-06-28,526.8699951171875
2006-06-29,519.4600219726562
2006-06-30,519.5900268554688
2006-07-03,515.989990234375
2006-07-04,513.4400024414062
2006-07-05,516.1599731445312
2006-07-06,517.0599975585938
2006-07-07,513.1199951171875
2006-07-10,516.6199951171875
2006-07-11,514.8800048828125
2006-07-12,517.22998046875
2006-07-13,515.5900268554688
2006-07-14,521.1599731445312
2006-07-17,520.6500244140625
2006-07-18,524.2000122070312
2006-07-19,516.8200073242188
2006-07-20,515.1099853515625
2006-07-21,517.0
2006-07-24,517.1400146484375
2006-07-25,518.9199829101562
2006-07-26,516.5399780273438
2006-07-27,519.489990234375
2006-07-28,515.3699951171875
2006-07-31,515.02001953125
2006-08-01,514.8900146484375
2006-08-02,518.47998046875
2006-08-03,515.5900268554688
2006-08-04,515.9500122070312
2006-08-07,521.0599975585938
2006-08-08,520.6500244140625
2006-08-09,523.3099975585938
2006-08-10,524.4400024414062
2006-08-11,522.0999755859375
2006-08-14,542.2000122070312
2006-08-15,540.5
2006-08-16,515.010009765625
2006-08-17,530.4000244140625
2006-08-18,532.5999755859375
2006-08-21,531.25
2006-08-22,531.7000122070312
2006-08-23,531.2999877929688
2006-08-24,533.0999755859375
2006-08-25,537.4000244140625
2006-08-28,537.7000122070312
2006-08-29,537.5
2006-08-30,537.25
2006-08-31,539.75
2006-09-01,517.9600219726562
2006-09-04,514.4500122070312
2006-09-05,537.25
2006-09-06,539.75
2006-09-07,541.75
2006-09-08,540.9000244140625
2006-09-11,516.0700073242188
2006-09-12,517.1300048828125
2006-09-13,513.719970703125
2006-09-14,513.3599853515625
2006-09-15,515.7100219726562
2006-09-18,511.6000061035156
2006-09-19,512.9600219726562
2006-09-20,512.8599853515625
2006-09-21,512.1099853515625
2006-09-22,517.5
2006-09-25,516.0399780273438
2006-09-26,516.3200073242188
2006-09-27,513.969970703125
2006-09-28,514.1300048828125
2006-09-29,513.8300170898438
2006-10-02,508.6499938964844
2006-10-03,508.6499938964844
2006-10-04,509.20001220703125
2006-10-05,512.9199829101562
2006-10-06,516.9600219726562
2006-10-09,513.47998046875
2006-10-10,515.4000244140625
2006-10-11,513.9000244140625
2006-10-12,510.94000244140625
2006-10-13,510.7300109863281
2006-10-16,507.8299865722656
2006-10-17,505.3800048828125
2006-10-18,506.3399963378906
2006-10-19,501.2799987792969
2006-10-20,502.05999755859375
2006-10-23,502.17999267578125
2006-10-24,501.8800048828125
2006-10-25,501.3800048828125
2006-10-26,498.3299865722656
2006-10-27,497.8399963378906
2006-10-30,501.6000061035156
2006-10-31,499.17999267578125
2006-11-01,501.70001220703125
2006-11-02,501.8900146484375
2006-11-03,504.7900085449219
2006-11-06,499.5400085449219
2006-11-07,497.94000244140625
2006-11-08,501.7699890136719
2006-11-09,499.04998779296875
2006-11-10,502.67999267578125
2006-11-13,503.8999938964844
2006-11-14,504.2300109863281
2006-11-15,502.70001220703125
2006-11-16,505.1099853515625
2006-11-17,502.8599853515625
2006-11-20,506.739990234375
2006-11-21,530.75
2006-11-22,503.67999267578125
2006-11-23,506.75
2006-11-24,507.7699890136719
2006-11-27,506.4800109863281
2006-11-28,505.94000244140625
2006-11-29,506.9100036621094
2006-11-30,504.2799987792969
2006-12-01,499.4100036621094
2006-12-04,502.5
2006-12-05,502.79998779296875
2006-12-06,525.0
2006-12-07,524.75
2006-12-08,504.8299865722656
2006-12-11,499.8900146484375
2006-12-12,501.25
2006-12-13,506.5799865722656
2006-12-14,505.4599914550781
2006-12-15,503.5400085449219
2006-12-18,502.3500061035156
2006-12-19,528.75
2006-12-20,505.1499938964844
2006-12-21,505.3599853515625
2006-12-22,510.07000732421875
2006-12-25,509.8399963378906
2006-12-26,511.239990234375
2006-12-27,535.0
2006-12-28,512.0800170898438
2006-12-29,532.0499877929688
2007-01-01,508.3699951171875
2007-01-02,508.4599914550781
2007-01-03,517.7999877929688
2007-01-04,518.510009765625
2007-01-05,521.030029296875
2007-01-08,519.72998046875
2007-01-09,520.510009765625
2007-01-10,522.8499755859375
2007-01-11,518.6599731445312
2007-01-12,516.3499755859375
2007-01-15,516.25
2007-01-16,542.25
2007-01-17,518.1599731445312
2007-01-18,516.8400268554688
2007-01-19,518.8800048828125
2007-01-22,517.6699829101562
2007-01-23,518.4199829101562
2007-01-24,517.4500122070312
2007-01-25,517.52001953125
2007-01-26,517.5700073242188
2007-01-29,544.7000122070312
2007-01-30,522.3599853515625
2007-01-31,516.8699951171875
2007-02-01,519.5399780273438
2007-02-02,523.7100219726562
2007-02-05,546.5
2007-02-06,521.72998046875
2007-02-07,524.4299926757812
2007-02-08,524.47998046875
2007-02-09,523.760009765625
2007-02-12,523.2100219726562
2007-02-13,542.4000244140625
2007-02-14,516.1900024414062
2007-02-15,516.1500244140625
2007-02-16,516.780029296875
2007-02-19,517.72998046875
2007-02-20,539.2000122070312
2007-02-21,538.5
2007-02-22,536.0
2007-02-23,510.739990234375
2007-02-26,512.780029296875
2007-02-27,514.3099975585938
2007-02-28,515.8300170898438
2007-03-01,518.52001953125
2007-03-02,518.8599853515625
2007-03-05,520.780029296875
2007-03-06,514.4000244140625
2007-03-07,512.5800170898438
2007-03-08,537.7999877929688
2007-03-09,517.4099731445312
2007-03-12,515.2100219726562
2007-03-13,515.6699829101562
2007-03-14,515.5700073242188
2007-03-15,515.0999755859375
2007-03-16,515.02001953125
2007-03-19,513.6599731445312
2007-03-20,513.02001953125
2007-03-21,510.5799865722656
2007-03-22,512.989990234375
2007-03-23,514.25
2007-03-26,538.7000122070312
2007-03-27,539.25
2007-03-28,518.030029296875
2007-03-29,518.2999877929688
2007-03-30,514.22998046875
2007-04-02,539.5
2007-04-03,518.4199829101562
2007-04-04,514.2000122070312
2007-04-05,512.9600219726562
2007-04-06,514.1300048828125
2007-04-09,515.739990234375
2007-04-10,512.2000122070312
2007-04-11,511.45001220703125
2007-04-12,509.3500061035156
2007-04-13,510.79998779296875
2007-04-16,510.6400146484375
2007-04-17,507.3599853515625
2007-04-18,506.3599853515625
2007-04-19,506.42999267578125
2007-04-20,506.9599914550781
2007-04-23,505.75
2007-04-24,503.6400146484375
2007-04-25,507.4100036621094
2007-04-26,506.5400085449219
2007-04-27,504.45001220703125
2007-04-30,502.80999755859375
2007-05-01,504.7900085449219
2007-05-02,502.010009765625
2007-05-03,505.2300109863281
2007-05-04,499.94000244140625
2007-05-07,498.4200134277344
2007-05-08,520.0
2007-05-09,498.1600036621094
2007-05-10,497.4800109863281
2007-05-11,497.1099853515625
2007-05-14,496.5400085449219
2007-05-15,494.7099914550781
2007-05-16,498.42999267578125
2007-05-17,521.75
2007-05-18,498.510009765625
2007-05-21,498.010009765625
2007-05-22,498.32000732421875
2007-05-23,503.6099853515625
2007-05-24,513.7000122070312
2007-05-25,514.0599975585938
2007-05-28,514.1599731445312
2007-05-29,515.2999877929688
2007-05-30,516.0900268554688
2007-05-31,515.2999877929688
2007-06-01,515.02001953125
2007-06-04,513.5999755859375
2007-06-05,514.7999877929688
2007-06-06,515.9000244140625
2007-06-07,518.6599731445312
2007-06-08,517.0800170898438
2007-06-11,517.22998046875
2007-06-12,517.6900024414062
2007-06-13,516.0999755859375
2007-06-14,519.6699829101562
2007-06-15,514.8300170898438
2007-06-18,514.6599731445312
2007-06-19,512.8099975585938
2007-06-20,515.1199951171875
2007-06-21,514.5800170898438
2007-06-22,526.5999755859375
2007-06-25,516.6799926757812
2007-06-26,516.8499755859375
2007-06-27,517.6799926757812
2007-06-28,518.3400268554688
2007-06-29,515.4500122070312
2007-07-02,515.22998046875
2007-07-03,516.4400024414062
2007-07-04,515.3499755859375
2007-07-05,515.5499877929688
2007-07-06,511.7099914550781
2007-07-09,511.2200012207031
2007-07-10,520.2999877929688
2007-07-11,510.4800109863281
2007-07-12,508.6000061035156
2007-07-13,505.2900085449219
2007-07-16,505.92999267578125
2007-07-17,504.8900146484375
2007-07-18,504.19000244140625
2007-07-19,506.7799987792969
2007-07-20,501.54998779296875
2007-07-23,505.6700134277344
2007-07-24,504.0899963378906
2007-07-25,509.3699951171875
2007-07-26,508.8500061035156
2007-07-27,514.0800170898438
2007-07-30,512.4099731445312
2007-07-31,513.6699829101562
2007-08-01,510.4800109863281
2007-08-02,513.3200073242188
2007-08-03,507.54998779296875
2007-08-06,511.4100036621094
2007-08-07,515.1799926757812
2007-08-08,509.1300048828125
2007-08-09,510.0299987792969
2007-08-10,508.9200134277344
2007-08-13,512.1099853515625
2007-08-14,512.219970703125
2007-08-15,514.719970703125
2007-08-16,511.1400146484375
2007-08-17,515.97998046875
2007-08-20,514.0700073242188
2007-08-21,514.02001953125
2007-08-22,510.1700134277344
2007-08-23,514.3599853515625
2007-08-24,512.8499755859375
2007-08-27,515.4199829101562
2007-08-28,516.739990234375
2007-08-29,513.4099731445312
2007-08-30,514.0599975585938
2007-08-31,515.0499877929688
2007-09-03,513.6500244140625
2007-09-04,512.72998046875
2007-09-05,510.6000061035156
2007-09-06,511.5899963378906
2007-09-07,507.7099914550781
2007-09-11,515.0499877929688
2007-09-12,503.989990234375
2007-09-13,505.25
2007-09-14,503.20001220703125
2007-09-17,504.6499938964844
2007-09-18,500.05999755859375
2007-09-19,502.79998779296875
2007-09-20,501.9100036621094
2007-09-21,500.7699890136719
2007-09-24,505.260009765625
2007-09-25,501.3500061035156
2007-09-26,503.9800109863281
2007-09-27,502.1099853515625
2007-09-28,499.44000244140625
2007-10-01,502.260009765625
2007-10-02,496.989990234375
2007-10-03,498.8699951171875
2007-10-04,505.75
2007-10-05,495.0299987792969
2007-10-08,493.92999267578125
2007-10-09,487.2900085449219
2007-10-10,487.7900085449219
2007-10-11,486.4599914550781
2007-10-12,484.989990234375
2007-10-15,487.4599914550781
2007-10-16,485.4599914550781
2007-10-17,490.1300048828125
2007-10-18,491.20001220703125
2007-10-19,490.6400146484375
2007-10-22,492.04998779296875
2007-10-23,492.7200012207031
2007-10-24,492.9100036621094
2007-10-25,494.07000732421875
2007-10-26,487.739990234375
2007-10-29,483.7300109863281
2007-10-30,482.989990234375
2007-10-31,482.30999755859375
2007-11-01,482.95001220703125
2007-11-02,484.94000244140625
2007-11-05,491.8500061035156
2007-11-06,489.45001220703125
2007-11-07,496.57000732421875
2007-11-08,494.2799987792969
2007-11-09,497.20001220703125
2007-11-12,498.6099853515625
2007-11-13,495.79998779296875
2007-11-14,497.5400085449219
2007-11-15,497.94000244140625
2007-11-16,496.2799987792969
2007-11-19,496.8699951171875
2007-11-20,496.9100036621094
2007-11-21,499.9599914550781
2007-11-22,502.3399963378906
2007-11-23,502.6700134277344
2007-11-27,507.239990234375
2007-11-28,501.45001220703125
2007-11-29,499.9599914550781
2007-11-30,500.7300109863281
2007-12-03,495.7799987792969
2007-12-04,495.82000732421875
2007-12-05,498.7300109863281
2007-12-06,484.3900146484375
2007-12-07,497.1000061035156
2007-12-10,487.1199951171875
2007-12-11,488.1700134277344
2007-12-12,488.1000061035156
2007-12-13,493.1700134277344
2007-12-14,488.510009765625
2007-12-17,491.05999755859375
2007-12-19,491.3999938964844
2007-12-20,487.739990234375
2007-12-21,485.3900146484375
2007-12-24,485.1199951171875
2007-12-25,484.9200134277344
2007-12-26,495.20001220703125
2007-12-27,482.3800048828125
2007-12-28,487.239990234375
2007-12-31,492.32000732421875
2008-01-01,492.2699890136719
2008-01-02,487.80999755859375
2008-01-03,489.45001220703125
2008-01-04,483.70001220703125
2008-01-07,486.44000244140625
2008-01-08,482.05999755859375
2008-01-09,486.3500061035156
2008-01-10,472.1499938964844
2008-01-11,473.1600036621094
2008-01-14,465.8599853515625
2008-01-15,464.9100036621094
2008-01-16,473.3699951171875
2008-01-17,468.44000244140625
2008-01-18,476.1000061035156
2008-01-21,472.7699890136719
2008-01-22,470.0
2008-01-23,468.32000732421875
2008-01-24,461.8699951171875
2008-01-25,458.5299987792969
2008-01-28,461.260009765625
2008-01-29,454.0
2008-01-30,454.42999267578125
2008-01-31,455.80999755859375
2008-02-01,464.70001220703125
2008-02-04,458.32000732421875
2008-02-05,461.82000732421875
2008-02-06,464.8800048828125
2008-02-07,470.94000244140625
2008-02-08,463.9599914550781
2008-02-11,462.67999267578125
2008-02-12,455.94000244140625
2008-02-13,456.32000732421875
2008-02-14,453.30999755859375
2008-02-15,455.7699890136719
2008-02-18,453.260009765625
2008-02-19,452.8900146484375
2008-02-20,457.8399963378906
2008-02-21,454.510009765625
2008-02-22,458.4800109863281
2008-02-25,455.4200134277344
2008-02-26,453.5
2008-02-27,452.79998779296875
2008-02-28,450.1700134277344
2008-02-29,445.45001220703125
2008-03-03,447.6300048828125
2008-03-04,455.20001220703125
2008-03-05,446.25
2008-03-06,436.55999755859375
2008-03-07,437.9200134277344
2008-03-10,431.25
2008-03-11,433.20001220703125
2008-03-12,418.9599914550781
2008-03-13,432.29998779296875
2008-03-14,423.69000244140625
2008-03-17,433.75
2008-03-18,430.3999938964844
2008-03-19,424.8500061035156
2008-03-20,435.489990234375
2008-03-21,428.5899963378906
2008-03-24,435.9700012207031
2008-03-25,440.42999267578125
2008-03-26,437.239990234375
2008-03-27,433.55999755859375
2008-03-28,430.3299865722656
2008-03-31,433.4700012207031
2008-04-02,427.5
2008-04-03,439.0
2008-04-04,430.0
2008-04-07,426.5400085449219
2008-04-08,425.54998779296875
2008-04-09,424.9599914550781
2008-04-10,429.5400085449219
2008-04-11,425.1300048828125
2008-04-14,438.19000244140625
2008-04-15,441.8399963378906
2008-04-16,446.80999755859375
2008-04-17,448.8599853515625
2008-04-18,455.79998779296875
2008-04-21,456.20001220703125
2008-04-22,445.510009765625
2008-04-23,444.0
2008-04-24,438.2799987792969
2008-04-25,441.80999755859375
2008-04-28,445.6700134277344
2008-04-29,445.67999267578125
2008-04-30,448.57000732421875
2008-05-02,453.9800109863281
2008-05-05,453.7900085449219
2008-05-06,458.4599914550781
2008-05-07,458.3399963378906
2008-05-08,459.760009765625
2008-05-09,470.70001220703125
2008-05-12,467.7099914550781
2008-05-13,457.8399963378906
2008-05-14,456.69000244140625
2008-05-15,460.8800048828125
2008-05-16,457.45001220703125
2008-05-19,459.0400085449219
2008-05-20,458.9599914550781
2008-05-21,462.42999267578125
2008-05-22,463.69000244140625
2008-05-23,461.54998779296875
2008-05-26,462.17999267578125
2008-05-27,469.2799987792969
2008-05-28,472.8500061035156
2008-05-29,471.8399963378906
2008-05-30,479.1000061035156
2008-06-02,471.239990234375
2008-06-03,480.0199890136719
2008-06-04,479.6499938964844
2008-06-05,474.8599853515625
2008-06-06,486.3999938964844
2008-06-09,474.30999755859375
2008-06-10,475.1600036621094
2008-06-11,489.25
2008-06-12,480.9200134277344
2008-06-13,502.25
2008-06-16,488.3999938964844
2008-06-17,486.0199890136719
2008-06-18,491.6000061035156
2008-06-19,478.010009765625
2008-06-20,494.70001220703125
2008-06-23,485.7799987792969
2008-06-24,491.3500061035156
2008-06-25,492.8699951171875
2008-06-26,498.5799865722656
2008-06-27,506.6199951171875
2008-06-30,524.7999877929688
2008-07-02,511.25
2008-07-03,514.3400268554688
2008-07-04,499.5
2008-07-07,500.4599914550781
2008-07-08,505.0
2008-07-09,502.5
2008-07-10,494.79998779296875
2008-07-11,491.239990234375
2008-07-14,493.29998779296875
2008-07-15,490.32000732421875
2008-07-16,486.6300048828125
2008-07-17,482.2099914550781
2008-07-18,496.79998779296875
2008-07-21,496.79998779296875
2008-07-22,487.79998779296875
2008-07-23,494.70001220703125
2008-07-24,493.1000061035156
2008-07-25,493.1000061035156
2008-07-28,485.1099853515625
2008-07-29,489.7900085449219
2008-07-30,488.8699951171875
2008-07-31,499.7900085449219
2008-08-26,509.29998779296875
2008-08-27,515.0700073242188
2008-08-28,512.2000122070312
2008-08-29,508.9599914550781
2008-09-01,505.0199890136719
2008-09-02,516.7999877929688
2008-09-03,504.79998779296875
2008-09-04,514.9600219726562
2008-09-05,505.1400146484375
2008-09-08,511.42999267578125
2008-09-09,520.0599975585938
2008-09-10,523.760009765625
2008-09-11,517.1500244140625
2008-09-12,529.5
2008-09-15,515.219970703125
2008-09-16,525.97998046875
2008-09-17,527.1500244140625
2008-09-18,544.8900146484375
2008-09-19,531.25
2008-09-22,530.2999877929688
2008-09-23,525.260009765625
2008-09-24,541.25
2008-09-25,533.9199829101562
2008-09-26,527.27001953125
2008-09-29,529.25
2008-09-30,557.8099975585938
2008-10-01,547.4500122070312
2008-10-02,554.280029296875
2008-10-03,554.8599853515625
2008-10-06,560.7000122070312
2008-10-07,574.1599731445312
2008-10-08,611.0
2008-10-09,605.4099731445312
2008-10-10,608.8200073242188
2008-10-13,629.0399780273438
2008-10-14,611.5999755859375
2008-10-15,612.510009765625
2008-10-16,617.239990234375
2008-10-17,610.0499877929688
2008-10-20,610.25
2008-10-21,609.5399780273438
2008-10-22,624.0900268554688
2008-10-23,624.6799926757812
2008-10-24,638.9099731445312
2008-10-27,664.4600219726562
2008-10-28,639.1400146484375
2008-10-29,644.780029296875
2008-10-30,656.760009765625
2008-10-31,661.0
2008-11-03,674.9500122070312
2008-11-04,623.8900146484375
2008-11-05,624.5499877929688
2008-11-06,629.1599731445312
2008-11-07,629.1599731445312
2008-11-10,629.3300170898438
2008-11-11,629.1699829101562
2008-11-12,629.6300048828125
2008-11-13,629.6599731445312
2008-11-14,629.6699829101562
2008-11-17,633.3800048828125
2008-11-18,636.1199951171875
2008-11-19,650.7999877929688
2008-11-20,657.8800048828125
2008-11-21,650.8900146484375
2008-11-24,650.5399780273438
2008-11-25,655.27001953125
2008-11-26,662.5999755859375
2008-11-27,646.9400024414062
2008-11-28,657.3800048828125
2008-12-01,663.8099975585938
2008-12-02,647.77001953125
2008-12-03,663.989990234375
2008-12-04,655.6300048828125
2008-12-05,660.3499755859375
2008-12-08,658.77001953125
2008-12-09,651.1799926757812
2008-12-10,650.3099975585938
2008-12-11,641.0900268554688
2008-12-12,647.989990234375
2008-12-15,625.1400146484375
2008-12-16,614.2899780273438
2008-12-17,610.0399780273438
2008-12-18,633.4500122070312
2008-12-19,633.8300170898438
2008-12-22,624.3300170898438
2008-12-23,620.1699829101562
2008-12-24,617.260009765625
2008-12-25,616.9500122070312
2008-12-26,616.3400268554688
2008-12-29,628.52001953125
2008-12-30,629.5
2008-12-31,629.260009765625
2009-01-01,628.22998046875
2009-01-02,629.3599853515625
2009-01-05,634.8200073242188
2009-01-06,618.25
2009-01-07,618.1099853515625
2009-01-08,618.6699829101562
2009-01-09,629.010009765625
2009-01-12,605.5
2009-01-13,615.8800048828125
2009-01-14,600.6599731445312
2009-01-15,614.1400146484375
2009-01-16,600.0499877929688
2009-01-19,612.0700073242188
2009-01-20,620.8300170898438
2009-01-21,606.4099731445312
2009-01-22,613.530029296875
2009-01-23,595.5999755859375
2009-01-26,597.5800170898438
2009-01-27,605.4099731445312
2009-01-28,607.1900024414062
2009-01-29,610.4099731445312
2009-01-30,602.280029296875
2009-02-02,608.4299926757812
2009-02-03,605.989990234375
2009-02-04,610.8300170898438
2009-02-05,613.9299926757812
2009-02-06,599.2100219726562
2009-02-09,600.6599731445312
2009-02-10,601.7000122070312
2009-02-11,597.510009765625
2009-02-12,584.7999877929688
2009-02-13,578.5399780273438
2009-02-16,571.9000244140625
2009-02-17,584.2000122070312
2009-02-18,578.3400268554688
2009-02-19,590.530029296875
2009-02-20,591.9000244140625
2009-02-23,615.9199829101562
2009-02-24,577.780029296875
2009-02-25,590.9500122070312
2009-02-26,588.0700073242188
2009-02-27,589.6400146484375
2009-03-02,593.1500244140625
2009-03-03,599.1099853515625
2009-03-04,597.260009765625
2009-03-05,600.6599731445312
2009-03-06,600.1199951171875
2009-03-09,597.8400268554688
2009-03-10,594.5
2009-03-11,587.8800048828125
2009-03-12,585.7899780273438
2009-03-13,579.6400146484375
2009-03-16,584.7999877929688
2009-03-17,571.8699951171875
2009-03-18,557.4500122070312
2009-03-19,575.0999755859375
2009-03-20,573.969970703125
2009-03-23,574.8300170898438
2009-03-24,569.4099731445312
2009-03-25,563.0
2009-03-26,568.969970703125
2009-03-27,566.1799926757812
2009-03-30,561.6099853515625
2009-03-31,575.7000122070312
2009-04-01,571.7899780273438
2009-04-02,565.4000244140625
2009-04-03,563.510009765625
2009-04-06,575.75
2009-04-07,569.1300048828125
2009-04-08,570.3200073242188
2009-04-09,574.9099731445312
2009-04-10,574.0700073242188
2009-04-13,565.8300170898438
2009-04-14,565.530029296875
2009-04-15,567.5999755859375
2009-04-16,567.3599853515625
2009-04-17,568.260009765625
2009-04-20,569.8699951171875
2009-04-21,573.4500122070312
2009-04-22,570.6500244140625
2009-04-23,567.9199829101562
2009-04-24,574.4299926757812
2009-04-27,579.4600219726562
2009-04-28,586.280029296875
2009-04-29,590.9600219726562
2009-04-30,576.3099975585938
2009-05-01,574.760009765625
2009-05-04,565.97998046875
2009-05-05,564.8499755859375
2009-05-06,561.5700073242188
2009-05-07,557.530029296875
2009-05-08,543.280029296875
2009-05-11,552.969970703125
2009-05-12,559.219970703125
2009-05-13,561.9099731445312
2009-05-14,558.780029296875
2009-05-15,552.4299926757812
2009-05-18,547.1400146484375
2009-05-19,550.6199951171875
2009-05-20,545.8300170898438
2009-05-21,540.5700073242188
2009-05-22,549.4299926757812
2009-05-25,552.5700073242188
2009-05-26,546.260009765625
2009-05-27,560.8599853515625
2009-05-28,553.8699951171875
2009-05-29,553.0900268554688
2009-06-01,552.8699951171875
2009-06-02,552.6400146484375
2009-06-03,556.530029296875
2009-06-04,555.9099731445312
2009-06-05,563.3300170898438
2009-06-08,551.5700073242188
2009-06-09,551.1699829101562
2009-06-10,559.969970703125
2009-06-11,551.4600219726562
2009-06-12,553.3900146484375
2009-06-15,554.3699951171875
2009-06-16,557.3300170898438
2009-06-17,541.489990234375
2009-06-18,541.6599731445312
2009-06-19,528.25
2009-06-22,526.0599975585938
2009-06-23,516.6400146484375
2009-06-24,529.5999755859375
2009-06-25,521.2000122070312
2009-06-26,520.239990234375
2009-06-29,518.5700073242188
2009-06-30,523.3699951171875
2009-07-01,520.4600219726562
2009-07-02,532.2100219726562
2009-07-03,534.9099731445312
2009-07-06,525.280029296875
2009-07-07,535.530029296875
2009-07-08,533.2899780273438
2009-07-09,535.8699951171875
2009-07-10,535.7000122070312
2009-07-13,536.3300170898438
2009-07-14,539.1799926757812
2009-07-15,536.9199829101562
2009-07-16,526.75
2009-07-17,526.9000244140625
2009-07-20,523.6900024414062
2009-07-21,522.25
2009-07-22,522.22998046875
2009-07-23,525.9299926757812
2009-07-24,525.8099975585938
2009-07-27,527.3200073242188
2009-07-28,537.5499877929688
2009-07-29,539.6699829101562
2009-07-30,534.0
2009-07-31,527.280029296875
2009-08-03,526.719970703125
2009-08-04,528.02001953125
2009-08-05,528.8599853515625
2009-08-06,530.6199951171875
2009-08-07,538.5999755859375
2009-08-10,535.780029296875
2009-08-11,538.719970703125
2009-08-12,538.8800048828125
2009-08-13,536.4600219726562
2009-08-14,537.52001953125
2009-08-17,541.02001953125
2009-08-18,547.5800170898438
2009-08-19,544.2000122070312
2009-08-20,538.9500122070312
2009-08-21,538.8200073242188
2009-08-24,537.0399780273438
2009-08-25,538.1699829101562
2009-08-26,540.5
2009-08-27,534.3900146484375
2009-08-28,539.2999877929688
2009-08-31,539.8800048828125
2009-09-01,546.9500122070312
2009-09-02,544.780029296875
2009-09-03,552.2000122070312
2009-09-04,542.2000122070312
2009-09-07,542.5499877929688
2009-09-08,542.6400146484375
2009-09-09,541.47998046875
2009-09-10,540.8300170898438
2009-09-11,544.469970703125
2009-09-14,537.1099853515625
2009-09-15,540.5599975585938
2009-09-16,541.6199951171875
2009-09-17,535.780029296875
2009-09-18,535.7999877929688
2009-09-21,534.9199829101562
2009-09-22,535.5
2009-09-23,537.5700073242188
2009-09-24,535.1799926757812
2009-09-25,532.6199951171875
2009-09-28,536.760009765625
2009-09-29,534.2000122070312
2009-09-30,539.3099975585938
2009-10-01,541.1699829101562
2009-10-02,543.3400268554688
2009-10-05,546.0499877929688
2009-10-06,547.5499877929688
2009-10-07,545.1199951171875
2009-10-08,544.510009765625
2009-10-09,541.5700073242188
2009-10-12,544.0999755859375
2009-10-13,544.47998046875
2009-10-14,545.2100219726562
2009-10-15,541.6799926757812
2009-10-16,537.6400146484375
2009-10-19,537.1199951171875
2009-10-20,537.0800170898438
2009-10-21,531.9299926757812
2009-10-22,528.8300170898438
2009-10-23,527.97998046875
2009-10-26,529.5999755859375
2009-10-27,527.1300048828125
2009-10-28,525.969970703125
2009-10-29,517.989990234375
2009-10-30,524.9000244140625
2009-11-02,519.6699829101562
2009-11-03,517.8200073242188
2009-11-04,515.22998046875
2009-11-05,516.9000244140625
2009-11-06,513.77001953125
2009-11-09,508.1499938964844
2009-11-10,503.17999267578125
2009-11-11,499.7799987792969
2009-11-12,502.44000244140625
2009-11-13,495.67999267578125
2009-11-16,489.3999938964844
2009-11-17,487.8399963378906
2009-11-18,482.2699890136719
2009-11-19,484.0
2009-11-20,493.9599914550781
2009-11-23,488.4200134277344
2009-11-24,481.8999938964844
2009-11-25,476.1400146484375
2009-11-26,488.989990234375
2009-11-27,487.44000244140625
2009-11-30,481.5299987792969
2009-12-01,485.92999267578125
2009-12-02,488.20001220703125
2009-12-03,493.7200012207031
2009-12-04,498.44000244140625
2009-12-07,493.1000061035156
2009-12-08,496.5199890136719
2009-12-09,495.1300048828125
2009-12-10,489.7799987792969
2009-12-11,488.0899963378906
2009-12-14,486.7799987792969
2009-12-15,489.2300109863281
2009-12-16,489.3900146484375
2009-12-17,492.3900146484375
2009-12-18,491.2900085449219
2009-12-21,495.6099853515625
2009-12-22,497.6700134277344
2009-12-23,497.0799865722656
2009-12-24,497.44000244140625
2009-12-25,496.82000732421875
2009-12-28,495.6199951171875
2009-12-29,502.2200012207031
2009-12-30,497.4700012207031
2009-12-31,500.05999755859375
2010-01-01,497.8599853515625
2010-01-04,494.760009765625
2010-01-05,497.1700134277344
2010-01-06,490.8599853515625
2010-01-07,487.5
2010-01-08,478.19000244140625
2010-01-11,480.7799987792969
2010-01-12,482.4599914550781
2010-01-13,481.6000061035156
2010-01-14,483.6300048828125
2010-01-15,483.5899963378906
2010-01-18,478.760009765625
2010-01-19,483.4100036621094
2010-01-20,486.010009765625
2010-01-21,485.9700012207031
2010-01-22,491.8900146484375
2010-01-25,495.75
2010-01-26,499.6499938964844
2010-01-27,505.3800048828125
2010-01-28,522.6599731445312
2010-01-29,515.239990234375
2010-02-01,513.4500122070312
2010-02-02,514.75
2010-02-03,522.510009765625
2010-02-04,539.8400268554688
2010-02-05,539.1799926757812
2010-02-08,529.0
2010-02-09,530.6199951171875
2010-02-10,528.3099975585938
2010-02-11,527.25
2010-02-12,519.6900024414062
2010-02-15,515.4600219726562
2010-02-16,513.25
2010-02-17,520.7999877929688
2010-02-18,525.77001953125
2010-02-19,520.0499877929688
2010-02-22,520.739990234375
2010-02-23,520.0900268554688
2010-02-24,520.47998046875
2010-02-25,518.3900146484375
2010-02-26,515.6400146484375
2010-03-01,513.52001953125
2010-03-02,509.7900085449219
2010-03-03,505.7699890136719
2010-03-04,508.0299987792969
2010-03-05,501.7699890136719
2010-03-08,499.760009765625
2010-03-09,499.8399963378906
2010-03-10,501.0899963378906
2010-03-11,508.6000061035156
2010-03-12,506.0400085449219
2010-03-15,505.70001220703125
2010-03-16,507.57000732421875
2010-03-17,517.0399780273438
2010-03-18,517.7100219726562
2010-03-19,517.4299926757812
2010-03-22,518.47998046875
2010-03-23,526.22998046875
2010-03-24,523.6099853515625
2010-03-25,524.239990234375
2010-03-26,520.52001953125
2010-03-29,523.77001953125
2010-03-30,521.3499755859375
2010-03-31,513.9400024414062
2010-04-01,511.1400146484375
2010-04-02,514.1699829101562
2010-04-05,514.719970703125
2010-04-06,509.0899963378906
2010-04-07,509.95001220703125
2010-04-08,504.3299865722656
2010-04-09,502.1700134277344
2010-04-12,505.7900085449219
2010-04-13,503.4100036621094
2010-04-14,503.6700134277344
2010-04-15,507.1600036621094
2010-04-16,511.0299987792969
2010-04-19,508.57000732421875
2010-04-20,518.280029296875
2010-04-21,516.6500244140625
2010-04-22,513.780029296875
2010-04-23,507.7099914550781
2010-04-26,507.5799865722656
2010-04-27,513.8400268554688
2010-04-28,512.8099975585938
2010-04-29,511.8299865722656
2010-04-30,509.4599914550781
2010-05-03,509.5799865722656
2010-05-04,513.02001953125
2010-05-05,517.3699951171875
2010-05-06,521.4400024414062
2010-05-07,519.1799926757812
2010-05-10,531.0599975585938
2010-05-11,521.3599853515625
2010-05-12,517.780029296875
2010-05-13,521.1599731445312
2010-05-14,523.3200073242188
2010-05-17,521.1900024414062
2010-05-18,541.1300048828125
2010-05-19,524.6099853515625
2010-05-20,530.1400146484375
2010-05-21,529.6500244140625
2010-05-24,533.4099731445312
2010-05-25,520.0499877929688
2010-05-26,541.52001953125
2010-05-27,525.030029296875
2010-05-28,523.77001953125
2010-05-31,518.469970703125
2010-06-01,514.5999755859375
2010-06-02,520.780029296875
2010-06-03,526.8900146484375
2010-06-04,533.8599853515625
2010-06-07,533.9099731445312
2010-06-08,532.0700073242188
2010-06-09,535.469970703125
2010-06-10,527.0
2010-06-11,525.1699829101562
2010-06-14,526.6300048828125
2010-06-15,523.0700073242188
2010-06-16,522.5900268554688
2010-06-17,518.280029296875
2010-06-18,518.3300170898438
2010-06-21,526.969970703125
2010-06-22,518.5
2010-06-23,519.3200073242188
2010-06-24,525.010009765625
2010-06-25,522.2899780273438
2010-06-28,528.72998046875
2010-06-29,525.8400268554688
2010-06-30,536.3900146484375
2010-07-01,527.3900146484375
2010-07-02,526.9199829101562
2010-07-05,525.5800170898438
2010-07-06,526.0800170898438
2010-07-07,523.989990234375
2010-07-08,522.5900268554688
2010-07-09,526.9400024414062
2010-07-12,527.1900024414062
2010-07-13,521.0
2010-07-14,523.2899780273438
2010-07-15,517.1699829101562
2010-07-16,520.3300170898438
2010-07-19,520.0399780273438
2010-07-20,522.7000122070312
2010-07-21,519.5
2010-07-22,510.70001220703125
2010-07-23,509.57000732421875
2010-07-26,505.739990234375
2010-07-27,508.4700012207031
2010-07-28,509.20001220703125
2010-07-29,513.219970703125
2010-07-30,511.3699951171875
2010-08-02,506.45001220703125
2010-08-03,508.44000244140625
2010-08-04,508.4100036621094
2010-08-05,508.5799865722656
2010-08-06,507.5400085449219
2010-08-09,499.55999755859375
2010-08-10,505.3900146484375
2010-08-11,500.2300109863281
2010-08-12,507.8500061035156
2010-08-13,500.80999755859375
2010-08-16,499.9200134277344
2010-08-17,498.25
2010-08-18,494.25
2010-08-19,492.2699890136719
2010-08-20,492.6099853515625
2010-08-23,495.9200134277344
2010-08-24,494.4100036621094
2010-08-25,492.8699951171875
2010-08-26,493.760009765625
2010-08-27,495.45001220703125
2010-08-30,491.54998779296875
2010-08-31,490.2099914550781
2010-09-01,489.9800109863281
2010-09-02,491.9200134277344
2010-09-03,485.70001220703125
2010-09-06,484.5799865722656
2010-09-07,485.3500061035156
2010-09-08,489.8900146484375
2010-09-09,498.0
2010-09-10,485.7300109863281
2010-09-13,485.3299865722656
2010-09-14,494.75
2010-09-15,493.3999938964844
2010-09-16,494.70001220703125
2010-09-17,496.0
2010-09-20,487.7900085449219
2010-09-21,498.1000061035156
2010-09-22,497.70001220703125
2010-09-23,486.3500061035156
2010-09-24,488.54998779296875
2010-09-27,476.07000732421875
2010-09-28,485.29998779296875
2010-09-29,486.1499938964844
2010-09-30,485.70001220703125
2010-10-01,475.3699951171875
2010-10-04,472.19000244140625
2010-10-05,486.20001220703125
2010-10-06,482.79998779296875
2010-10-07,482.25
2010-10-08,483.20001220703125
2010-10-11,471.989990234375
2010-10-12,473.6099853515625
2010-10-13,475.25
2010-10-14,477.79998779296875
2010-10-15,468.07000732421875
2010-10-18,472.45001220703125
2010-10-19,466.5199890136719
2010-10-20,487.0
2010-10-21,484.3999938964844
2010-10-22,485.29998779296875
2010-10-25,475.739990234375
2010-10-26,486.20001220703125
2010-10-27,491.25
2010-10-28,494.5
2010-10-29,489.20001220703125
2010-11-01,478.1600036621094
2010-11-02,483.5199890136719
2010-11-03,486.6499938964844
2010-11-04,489.1000061035156
2010-11-05,479.5
2010-11-08,477.3999938964844
2010-11-09,480.20001220703125
2010-11-10,477.0
2010-11-11,481.1000061035156
2010-11-12,480.0
2010-11-15,470.42999267578125
2010-11-16,483.6000061035156
2010-11-17,485.6000061035156
2010-11-18,483.3999938964844
2010-11-19,480.25
2010-11-22,468.1000061035156
2010-11-23,478.75
2010-11-24,481.5
2010-11-25,482.0
2010-11-26,472.4200134277344
2010-11-29,473.0299987792969
2010-11-30,486.70001220703125
2010-12-01,487.0
2010-12-02,485.29998779296875
2010-12-03,484.0
2010-12-06,468.4599914550781
2010-12-07,478.8999938964844
2010-12-08,476.79998779296875
2010-12-09,475.70001220703125
2010-12-10,475.79998779296875
2010-12-13,475.79998779296875
2010-12-14,474.79998779296875
2010-12-15,472.70001220703125
2010-12-16,473.70001220703125
2010-12-17,473.1000061035156
2010-12-20,465.3800048828125
2010-12-21,470.20001220703125
2010-12-22,468.79998779296875
2010-12-23,469.0
2010-12-24,469.29998779296875
2010-12-27,469.70001220703125
2010-12-28,471.5
2010-12-29,469.70001220703125
2010-12-30,469.70001220703125
2010-12-31,467.70001220703125
2011-01-03,461.44000244140625
2011-01-04,465.5
2011-01-05,487.6000061035156
2011-01-06,495.0
2011-01-07,495.1000061035156
2011-01-10,486.6099853515625
2011-01-11,498.0
2011-01-12,485.8299865722656
2011-01-13,477.3800048828125
2011-01-14,489.70001220703125
2011-01-17,483.6600036621094
2011-01-18,491.20001220703125
2011-01-19,490.1000061035156
2011-01-20,492.0
2011-01-21,484.9599914550781
2011-01-24,479.1199951171875
2011-01-25,491.70001220703125
2011-01-26,491.79998779296875
2011-01-27,481.80999755859375
2011-01-28,477.239990234375
2011-01-31,478.3699951171875
2011-02-01,483.0
2011-02-02,479.70001220703125
2011-02-03,469.29998779296875
2011-02-04,479.54998779296875
2011-02-07,469.739990234375
2011-02-08,466.5899963378906
2011-02-09,479.0
2011-02-10,476.25
2011-02-11,473.3999938964844
2011-02-14,463.6099853515625
2011-02-15,469.5
2011-02-16,472.29998779296875
2011-02-17,473.79998779296875
2011-02-18,469.70001220703125
2011-02-21,455.0199890136719
2011-02-22,468.0
2011-02-23,471.5
2011-02-24,476.0
2011-02-25,478.0
2011-02-28,474.5
2011-03-01,475.70001220703125
2011-03-02,475.79998779296875
2011-03-03,476.70001220703125
2011-03-04,473.0
2011-03-07,461.6099853515625
2011-03-08,473.75
2011-03-09,475.0
2011-03-10,477.70001220703125
2011-03-11,481.5
2011-03-14,471.6400146484375
2011-03-15,481.0
2011-03-16,483.29998779296875
2011-03-17,486.0
2011-03-18,487.1000061035156
2011-03-21,470.7799987792969
2011-03-22,468.7799987792969
2011-03-23,481.79998779296875
2011-03-24,481.29998779296875
2011-03-25,479.70001220703125
2011-03-28,472.4200134277344
2011-03-29,480.25
2011-03-30,481.5
2011-03-31,481.8500061035156
2011-04-01,477.5
2011-04-04,465.1000061035156
2011-04-05,465.80999755859375
2011-04-06,473.1000061035156
2011-04-07,473.5
2011-04-08,472.6000061035156
2011-04-11,461.44000244140625
2011-04-12,470.5
2011-04-13,473.75
2011-04-14,472.0
2011-04-18,463.45001220703125
2011-04-19,474.5
2011-04-20,473.29998779296875
2011-04-21,469.20001220703125
2011-04-22,469.20001220703125
2011-04-25,461.6300048828125
2011-04-26,467.29998779296875
2011-04-27,462.29998779296875
2011-04-28,462.25
2011-04-29,453.1099853515625
2011-05-02,452.67999267578125
2011-05-03,460.8999938964844
2011-05-04,461.0
2011-05-05,465.20001220703125
2011-05-06,456.489990234375
2011-05-09,460.32000732421875
2011-05-10,467.5
2011-05-11,464.5
2011-05-12,468.5
2011-05-13,466.3999938964844
2011-05-16,462.0
2011-05-17,471.0
2011-05-18,473.79998779296875
2011-05-19,469.20001220703125
2011-05-20,467.70001220703125
2011-05-23,460.5
2011-05-24,473.0
2011-05-25,471.8999938964844
2011-05-26,470.5
2011-05-27,469.5
2011-05-30,457.5299987792969
2011-05-31,457.010009765625
2011-06-01,464.70001220703125
2011-06-02,468.20001220703125
2011-06-03,467.70001220703125
2011-06-06,452.9700012207031
2011-06-07,467.8999938964844
2011-06-08,466.25
2011-06-09,467.20001220703125
2011-06-10,466.29998779296875
2011-06-13,459.7699890136719
2011-06-14,467.20001220703125
2011-06-15,458.0199890136719
2011-06-16,456.1499938964844
2011-06-17,470.6000061035156
2011-06-20,460.3399963378906
2011-06-21,472.5
2011-06-22,471.20001220703125
2011-06-23,471.70001220703125
2011-06-24,474.1499938964844
2011-06-27,465.07000732421875
2011-06-28,473.6499938964844
2011-06-29,472.75
2011-06-30,469.75
2011-07-01,467.1499938964844
2011-07-04,457.0400085449219
2011-07-05,455.5899963378906
2011-07-06,464.79998779296875
2011-07-07,464.3999938964844
2011-07-08,462.20001220703125
2011-07-11,451.94000244140625
2011-07-12,467.0
2011-07-13,466.8999938964844
2011-07-14,462.29998779296875
2011-07-15,461.75
2011-07-18,451.7699890136719
2011-07-19,463.0
2011-07-20,461.75
2011-07-21,462.6000061035156
2011-07-22,461.0
2011-07-25,452.69000244140625
2011-07-26,462.32000732421875
2011-07-27,459.70001220703125
2011-07-28,457.45001220703125
2011-07-29,456.0
2011-08-01,442.6700134277344
2011-08-02,448.04998779296875
2011-08-03,445.7099914550781
2011-08-04,449.69000244140625
2011-08-05,451.82000732421875
2011-08-08,453.69000244140625
2011-08-09,456.2699890136719
2011-08-10,463.69000244140625
2011-08-11,463.1099853515625
2011-08-12,463.760009765625
2011-08-15,461.5799865722656
2011-08-16,456.4800109863281
2011-08-17,460.8299865722656
2011-08-18,462.4700012207031
2011-08-19,470.1000061035156
2011-08-22,458.4700012207031
2011-08-23,467.79998779296875
2011-08-24,466.8999938964844
2011-08-25,466.70001220703125
2011-08-26,466.70001220703125
2011-08-29,456.4100036621094
2011-08-30,464.8500061035156
2011-08-31,465.0
2011-09-01,461.1000061035156
2011-09-02,459.20001220703125
2011-09-05,451.30999755859375
2011-09-06,450.55999755859375
2011-09-07,463.79998779296875
2011-09-08,462.8999938964844
2011-09-09,462.6000061035156
2011-09-12,457.4100036621094
2011-09-13,475.8999938964844
2011-09-14,475.1000061035156
2011-09-15,478.6499938964844
2011-09-16,478.1000061035156
2011-09-19,480.8500061035156
2011-09-20,470.75
2011-09-21,489.8999938964844
2011-09-22,500.5
2011-09-23,490.010009765625
2011-09-26,506.80999755859375
2011-09-27,512.0
2011-09-28,505.5
2011-09-29,513.5
2011-09-30,512.5999755859375
2011-10-03,522.5
2011-10-04,523.5999755859375
2011-10-05,509.3999938964844
2011-10-06,531.4000244140625
2011-10-07,520.9000244140625
2011-10-10,507.8699951171875
2011-10-11,508.1600036621094
2011-10-12,505.20001220703125
2011-10-13,499.1000061035156
2011-10-14,504.79998779296875
2011-10-17,493.3699951171875
2011-10-18,504.29998779296875
2011-10-19,509.8500061035156
2011-10-20,510.20001220703125
2011-10-21,518.25
2011-10-24,503.9100036621094
2011-10-25,505.3999938964844
2011-10-26,502.1000061035156
2011-10-27,500.75
2011-10-28,489.70001220703125
2011-10-31,479.82000732421875
2011-11-01,480.20001220703125
2011-11-02,480.1199951171875
2011-11-03,491.1499938964844
2011-11-04,488.5
2011-11-07,482.80999755859375
2011-11-08,499.70001220703125
2011-11-09,497.79998779296875
2011-11-10,500.0
2011-11-11,501.70001220703125
2011-11-14,487.4700012207031
2011-11-15,489.1000061035156
2011-11-16,494.989990234375
2011-11-17,501.510009765625
2011-11-18,503.2699890136719
2011-11-21,500.92999267578125
2011-11-22,506.1300048828125
2011-11-23,507.239990234375
2011-11-24,511.0799865722656
2011-11-25,509.75
2011-11-28,516.5499877929688
2011-11-29,512.989990234375
2011-11-30,513.4400024414062
2011-12-01,515.4500122070312
2011-12-02,515.0
2011-12-05,505.260009765625
2011-12-06,513.2999877929688
2011-12-07,512.4000244140625
2011-12-08,508.04998779296875
2011-12-09,508.04998779296875
2011-12-12,500.4700012207031
2011-12-13,514.5999755859375
2011-12-14,510.9200134277344
2011-12-15,507.010009765625
2011-12-16,508.3500061035156
2011-12-19,517.5999755859375
2011-12-20,520.5
2011-12-21,519.0999755859375
2011-12-22,522.0499877929688
2011-12-23,518.25
2011-12-26,519.9500122070312
2011-12-27,519.9000244140625
2011-12-28,521.5
2011-12-29,522.3499755859375
2011-12-30,519.3499755859375
2012-01-02,519.2999877929688
2012-01-03,517.0
2012-01-04,511.25
2012-01-05,510.1000061035156
2012-01-06,510.1000061035156
2012-01-09,509.45001220703125
2012-01-10,512.0
2012-01-11,507.8500061035156
2012-01-12,505.20001220703125
2012-01-13,499.5
2012-01-16,503.5
2012-01-17,499.70001220703125
2012-01-18,499.0
2012-01-19,494.70001220703125
2012-01-20,490.0
2012-01-23,492.1000061035156
2012-01-24,488.3999938964844
2012-01-25,491.6000061035156
2012-01-26,489.29998779296875
2012-01-27,487.8500061035156
2012-01-30,484.6499938964844
2012-01-31,489.95001220703125
2012-02-01,491.04998779296875
2012-02-02,486.45001220703125
2012-02-03,481.1499938964844
2012-02-06,478.6000061035156
2012-02-07,480.29998779296875
2012-02-08,478.0
2012-02-09,476.8999938964844
2012-02-10,474.0
2012-02-13,478.6499938964844
2012-02-14,479.0
2012-02-15,484.6000061035156
2012-02-16,486.1499938964844
2012-02-17,483.79998779296875
2012-02-20,484.29998779296875
2012-02-21,481.75
2012-02-22,481.54998779296875
2012-02-23,482.75
2012-02-24,480.5
2012-02-27,479.70001220703125
2012-02-28,479.70001220703125
2012-02-29,476.20001220703125
2012-03-01,480.0
2012-03-02,481.0
2012-03-05,483.3500061035156
2012-03-06,484.5
2012-03-07,493.3999938964844
2012-03-08,489.0
2012-03-09,483.1499938964844
2012-03-12,483.1000061035156
2012-03-13,485.6000061035156
2012-03-14,482.0
2012-03-15,486.95001220703125
2012-03-16,482.1000061035156
2012-03-19,482.0
2012-03-20,482.5
2012-03-21,483.3999938964844
2012-03-22,485.20001220703125
2012-03-23,488.70001220703125
2012-03-26,488.29998779296875
2012-03-27,485.1000061035156
2012-03-28,486.3999938964844
2012-03-29,487.79998779296875
2012-03-30,487.6000061035156
2012-04-02,488.04998779296875
2012-04-03,481.70001220703125
2012-04-04,483.0
2012-04-05,483.0
2012-04-06,483.54998779296875
2012-04-09,483.54998779296875
2012-04-10,484.3999938964844
2012-04-11,488.6499938964844
2012-04-12,486.6499938964844
2012-04-13,481.79998779296875
2012-04-16,484.45001220703125
2012-04-17,487.29998779296875
2012-04-18,484.25
2012-04-19,487.75
2012-04-20,487.95001220703125
2012-04-23,485.6000061035156
2012-04-24,487.8500061035156
2012-04-25,487.8999938964844
2012-04-26,485.5
2012-04-27,484.04998779296875
2012-04-30,483.79998779296875
2012-05-01,484.6000061035156
2012-05-02,484.6000061035156
2012-05-03,483.5
2012-05-04,482.1000061035156
2012-05-07,483.0
2012-05-08,482.1499938964844
2012-05-09,484.79998779296875
2012-05-10,488.45001220703125
2012-05-11,486.5
2012-05-14,487.0
2012-05-15,493.75
2012-05-16,501.5
2012-05-17,500.25
2012-05-18,506.5
2012-05-21,504.6000061035156
2012-05-22,504.6000061035156
2012-05-23,507.0
2012-05-24,507.0
2012-05-25,508.8999938964844
2012-05-28,508.5
2012-05-29,512.5
2012-05-30,511.0
2012-05-31,518.1500244140625
2012-06-01,517.9000244140625
2012-06-04,518.0
2012-06-05,514.2999877929688
2012-06-06,511.54998779296875
2012-06-07,505.45001220703125
2012-06-08,502.8999938964844
2012-06-11,500.8999938964844
2012-06-12,505.20001220703125
2012-06-13,503.0
2012-06-14,503.5
2012-06-15,497.0
2012-06-18,500.1499938964844
2012-06-19,498.75
2012-06-20,495.25
2012-06-21,497.29998779296875
2012-06-22,503.5
2012-06-25,502.20001220703125
2012-06-26,507.70001220703125
2012-06-27,506.79998779296875
2012-06-28,505.79998779296875
2012-06-29,507.70001220703125
2012-07-02,500.0
2012-07-03,500.0
2012-07-04,494.3999938964844
2012-07-05,495.8999938964844
2012-07-06,495.20001220703125
2012-07-09,498.0
2012-07-10,494.0
2012-07-11,493.70001220703125
2012-07-12,491.0
2012-07-13,492.75
2012-07-16,489.3999938964844
2012-07-17,489.3999938964844
2012-07-18,489.0
2012-07-19,487.8500061035156
2012-07-20,485.75
2012-07-23,488.5
2012-07-24,492.0
2012-07-25,494.1000061035156
2012-07-26,491.8999938964844
2012-07-27,486.0
2012-07-30,482.3500061035156
2012-07-31,482.5
2012-08-01,483.20001220703125
2012-08-02,483.20001220703125
2012-08-03,483.6000061035156
2012-08-06,480.6000061035156
2012-08-07,478.5
2012-08-08,477.8999938964844
2012-08-09,475.3999938964844
2012-08-10,474.54998779296875
2012-08-13,478.5
2012-08-14,481.0
2012-08-15,482.20001220703125
2012-08-16,482.20001220703125
2012-08-17,482.6000061035156
2012-08-20,482.8999938964844
2012-08-21,483.5
2012-08-22,482.3999938964844
2012-08-23,480.5
2012-08-24,480.0
2012-08-27,480.6000061035156
2012-08-28,480.79998779296875
2012-08-29,479.45001220703125
2012-08-30,480.29998779296875
2012-08-31,480.6499938964844
2012-09-03,480.45001220703125
2012-09-04,480.0
2012-09-05,480.6000061035156
2012-09-06,480.5
2012-09-07,475.6499938964844
2012-09-10,475.3500061035156
2012-09-11,475.0
2012-09-12,474.1000061035156
2012-09-13,474.0
2012-09-14,469.8999938964844
2012-09-17,471.04998779296875
2012-09-18,471.04998779296875
2012-09-19,471.04998779296875
2012-09-20,471.04998779296875
2012-09-21,469.79998779296875
2012-09-24,473.1000061035156
2012-09-25,474.5
2012-09-26,470.3999938964844
2012-09-27,469.79998779296875
2012-09-28,470.54998779296875
2012-10-01,474.6000061035156
2012-10-02,473.54998779296875
2012-10-03,473.0
2012-10-04,474.0
2012-10-05,471.8999938964844
2012-10-08,473.20001220703125
2012-10-09,473.5
2012-10-10,474.0
2012-10-11,474.5
2012-10-12,472.70001220703125
2012-10-15,471.8999938964844
2012-10-16,471.8999938964844
2012-10-17,472.04998779296875
2012-10-18,471.5
2012-10-19,472.79998779296875
2012-10-22,474.6499938964844
2012-10-23,477.79998779296875
2012-10-24,482.20001220703125
2012-10-25,480.3999938964844
2012-10-26,479.0
2012-10-29,479.3999938964844
2012-10-30,481.3500061035156
2012-10-31,479.5
2012-11-01,480.3999938964844
2012-11-02,480.3999938964844
2012-11-05,480.3999938964844
2012-11-06,480.25
2012-11-07,478.70001220703125
2012-11-08,479.3999938964844
2012-11-09,477.8999938964844
2012-11-12,478.79998779296875
2012-11-13,479.79998779296875
2012-11-14,483.1499938964844
2012-11-15,484.29998779296875
2012-11-16,483.75
2012-11-19,482.8500061035156
2012-11-20,478.6000061035156
2012-11-21,477.75
2012-11-22,477.6000061035156
2012-11-23,476.8999938964844
2012-11-26,477.6499938964844
2012-11-27,480.8500061035156
2012-11-28,480.20001220703125
2012-11-29,479.8999938964844
2012-11-30,479.1499938964844
2012-12-03,480.20001220703125
2012-12-04,482.0
2012-12-05,479.6000061035156
2012-12-06,478.3999938964844
2012-12-07,476.70001220703125
2012-12-10,476.20001220703125
2012-12-11,475.0
2012-12-12,475.0
2012-12-13,473.6000061035156
2012-12-14,474.20001220703125
2012-12-17,472.5
2012-12-18,474.6000061035156
2012-12-19,474.20001220703125
2012-12-20,474.79998779296875
2012-12-21,474.3999938964844
2012-12-24,477.8999938964844
2012-12-25,479.1000061035156
2012-12-26,479.1000061035156
2012-12-27,478.0
2012-12-28,479.29998779296875
2012-12-31,479.20001220703125
2013-01-01,479.20001220703125
2013-01-02,479.20001220703125
2013-01-03,474.1499938964844
2013-01-04,472.54998779296875
2013-01-07,472.45001220703125
2013-01-08,470.95001220703125
2013-01-09,471.75
2013-01-10,472.04998779296875
2013-01-11,470.8999938964844
2013-01-14,471.95001220703125
2013-01-15,473.29998779296875
2013-01-16,474.79998779296875
2013-01-17,474.5
2013-01-18,471.54998779296875
2013-01-21,471.04998779296875
2013-01-22,472.1000061035156
2013-01-23,470.8999938964844
2013-01-24,470.79998779296875
2013-01-25,470.6499938964844
2013-01-28,471.75
2013-01-29,473.1000061035156
2013-01-30,471.25
2013-01-31,471.29998779296875
2013-02-01,471.5
2013-02-04,471.6499938964844
2013-02-05,472.70001220703125
2013-02-06,471.79998779296875
2013-02-07,472.45001220703125
2013-02-08,472.25
2013-02-11,471.6000061035156
2013-02-12,472.0
2013-02-13,471.29998779296875
2013-02-14,470.6499938964844
2013-02-15,470.54998779296875
2013-02-18,471.1499938964844
2013-02-19,471.45001220703125
2013-02-20,471.70001220703125
2013-02-21,472.6000061035156
2013-02-22,472.8999938964844
2013-02-25,472.75
2013-02-26,472.70001220703125
2013-02-27,472.75
2013-02-28,472.0
2013-03-01,472.3999938964844
2013-03-04,473.6000061035156
2013-03-05,474.0
2013-03-06,472.75
2013-03-07,472.45001220703125
2013-03-08,471.6000061035156
2013-03-11,471.1000061035156
2013-03-12,471.5
2013-03-13,470.6499938964844
2013-03-14,471.20001220703125
2013-03-15,471.1000061035156
2013-03-18,471.6000061035156
2013-03-19,471.79998779296875
2013-03-20,472.29998779296875
2013-03-21,472.5
2013-03-22,472.1499938964844
2013-03-25,472.0
2013-03-26,472.5
2013-03-27,472.0
2013-03-28,471.6499938964844
2013-03-29,471.75
2013-04-01,471.75
2013-04-02,472.1499938964844
2013-04-03,472.04998779296875
2013-04-04,472.0
2013-04-05,469.8999938964844
2013-04-08,468.79998779296875
2013-04-09,466.6000061035156
2013-04-10,467.8999938964844
2013-04-11,468.79998779296875
2013-04-12,469.1000061035156
2013-04-15,469.5
2013-04-16,472.1000061035156
2013-04-17,471.29998779296875
2013-04-18,474.3999938964844
2013-04-19,475.54998779296875
2013-04-22,476.20001220703125
2013-04-23,476.5
2013-04-24,476.1000061035156
2013-04-25,474.1499938964844
2013-04-26,471.5
2013-04-29,472.29998779296875
2013-04-30,471.45001220703125
2013-05-01,470.8999938964844
2013-05-02,470.8999938964844
2013-05-03,471.8500061035156
2013-05-06,469.45001220703125
2013-05-07,469.70001220703125
2013-05-08,469.8999938964844
2013-05-09,470.8500061035156
2013-05-10,472.0
2013-05-13,473.1499938964844
2013-05-14,475.75
2013-05-15,477.70001220703125
2013-05-16,477.3999938964844
2013-05-17,479.3999938964844
2013-05-20,480.3500061035156
2013-05-21,484.45001220703125
2013-05-22,484.45001220703125
2013-05-23,487.8500061035156
2013-05-24,486.25
2013-05-27,488.54998779296875
2013-05-28,489.3999938964844
2013-05-29,490.70001220703125
2013-05-30,489.29998779296875
2013-05-31,494.25
2013-06-03,500.70001220703125
2013-06-04,499.0
2013-06-05,498.8999938964844
2013-06-06,503.0
2013-06-07,503.5
2013-06-10,501.6000061035156
2013-06-11,503.0
2013-06-12,501.45001220703125
2013-06-13,499.79998779296875
2013-06-14,491.3999938964844
2013-06-17,492.8999938964844
2013-06-18,494.6499938964844
2013-06-19,499.6000061035156
2013-06-20,505.5
2013-06-21,514.4000244140625
2013-06-24,510.54998779296875
2013-06-25,511.1499938964844
2013-06-26,506.8999938964844
2013-06-27,506.6000061035156
2013-06-28,504.25
2013-07-01,506.6499938964844
2013-07-02,504.8999938964844
2013-07-03,503.0
2013-07-04,503.0
2013-07-05,502.45001220703125
2013-07-08,507.3999938964844
2013-07-09,505.95001220703125
2013-07-10,508.0
2013-07-11,507.0
2013-07-12,504.1000061035156
2013-07-15,504.1000061035156
2013-07-16,501.45001220703125
2013-07-17,501.45001220703125
2013-07-18,497.20001220703125
2013-07-19,500.20001220703125
2013-07-22,502.1000061035156
2013-07-23,503.5
2013-07-24,501.6000061035156
2013-07-25,505.3999938964844
2013-07-26,504.1499938964844
2013-07-29,506.29998779296875
2013-07-30,511.3500061035156
2013-07-31,514.4000244140625
2013-08-01,512.0999755859375
2013-08-02,514.5999755859375
2013-08-05,511.5
2013-08-06,513.0999755859375
2013-08-07,514.0999755859375
2013-08-08,515.2000122070312
2013-08-09,508.79998779296875
2013-08-12,506.29998779296875
2013-08-13,507.5
2013-08-14,510.6000061035156
2013-08-15,508.0
2013-08-16,508.0
2013-08-19,513.0
2013-08-20,519.1500244140625
2013-08-21,514.2000122070312
2013-08-22,516.7000122070312
2013-08-23,511.79998779296875
2013-08-26,509.70001220703125
2013-08-27,511.79998779296875
2013-08-28,514.0
2013-08-29,512.4000244140625
2013-08-30,510.29998779296875
2013-09-02,509.95001220703125
2013-09-03,508.29998779296875
2013-09-04,509.0
2013-09-05,509.25
2013-09-06,508.3999938964844
2013-09-09,506.54998779296875
2013-09-10,507.5
2013-09-11,505.5
2013-09-12,502.1000061035156
2013-09-13,501.70001220703125
2013-09-16,504.8999938964844
2013-09-17,503.6000061035156
2013-09-18,501.8999938964844
2013-09-19,501.8999938964844
2013-09-20,501.8999938964844
2013-09-23,501.8999938964844
2013-09-24,495.5
2013-09-25,498.20001220703125
2013-09-26,501.0
2013-09-27,501.0
2013-09-30,503.1499938964844
2013-10-01,504.29998779296875
2013-10-02,503.3999938964844
2013-10-03,501.20001220703125
2013-10-04,499.6000061035156
2013-10-07,499.70001220703125
2013-10-09,499.45001220703125
2013-10-10,500.6000061035156
2013-10-11,496.29998779296875
2013-10-14,497.79998779296875
2013-10-15,497.54998779296875
2013-10-16,498.3999938964844
2013-10-17,495.6499938964844
2013-10-18,493.1499938964844
2013-10-21,496.79998779296875
2013-10-22,501.1000061035156
2013-10-23,498.3999938964844
2013-10-24,504.3999938964844
2013-10-25,503.0
2013-10-28,504.79998779296875
2013-10-29,506.20001220703125
2013-10-30,508.1000061035156
2013-10-31,508.29998779296875
2013-11-01,508.29998779296875
2013-11-04,508.29998779296875
2013-11-05,512.5499877929688
2013-11-06,515.2999877929688
2013-11-07,514.0499877929688
2013-11-08,516.5
2013-11-11,518.0
2013-11-12,519.6500244140625
2013-11-13,521.4000244140625
2013-11-14,520.4000244140625
2013-11-15,518.7999877929688
2013-11-18,519.7999877929688
2013-11-19,517.4000244140625
2013-11-20,519.25
2013-11-21,522.9500122070312
2013-11-22,521.1500244140625
2013-11-25,518.5
2013-11-26,520.0999755859375
2013-11-27,521.5
2013-11-28,527.7000122070312
2013-11-29,528.0999755859375
2013-12-02,531.75
2013-12-03,532.5499877929688
2013-12-04,533.5
2013-12-05,532.2000122070312
2013-12-06,529.4000244140625
2013-12-09,525.4000244140625
2013-12-10,528.5
2013-12-11,530.3499755859375
2013-12-12,532.8499755859375
2013-12-13,530.7000122070312
2013-12-16,528.2999877929688
2013-12-17,526.5499877929688
2013-12-18,526.5
2013-12-19,527.2000122070312
2013-12-20,529.5999755859375
2013-12-23,529.5
2013-12-24,526.9500122070312
2013-12-25,528.25
2013-12-26,528.25
2013-12-27,524.2999877929688
2013-12-30,523.5999755859375
2013-12-31,525.5999755859375
2014-01-01,525.5999755859375
2014-01-02,525.5999755859375
2014-01-03,529.0
2014-01-06,528.9000244140625
2014-01-07,531.4000244140625
2014-01-08,530.5
2014-01-09,534.0999755859375
2014-01-10,532.7999877929688
2014-01-13,529.4000244140625
2014-01-14,527.7999877929688
2014-01-15,527.9000244140625
2014-01-16,529.2999877929688
2014-01-17,533.25
2014-01-20,540.0999755859375
2014-01-21,540.0
2014-01-22,543.7999877929688
2014-01-23,541.5999755859375
2014-01-24,548.2999877929688
2014-01-27,550.0
2014-01-28,548.2000122070312
2014-01-29,546.0999755859375
2014-01-30,549.2000122070312
2014-01-31,547.9000244140625
2014-02-03,555.0499877929688
2014-02-04,561.5
2014-02-05,556.7999877929688
2014-02-06,557.4000244140625
2014-02-07,551.7000122070312
2014-02-10,553.0
2014-02-11,554.4500122070312
2014-02-12,553.0999755859375
2014-02-13,551.2000122070312
2014-02-14,546.5999755859375
2014-02-17,547.2000122070312
2014-02-18,546.5
2014-02-19,547.7000122070312
2014-02-20,552.9000244140625
2014-02-21,555.0999755859375
2014-02-24,554.2999877929688
2014-02-25,554.5499877929688
2014-02-26,556.0999755859375
2014-02-27,560.5
2014-02-28,561.3499755859375
2014-03-03,558.0499877929688
2014-03-04,561.0999755859375
2014-03-05,559.2999877929688
2014-03-06,561.4000244140625
2014-03-07,558.0999755859375
2014-03-10,567.0
2014-03-11,569.0
2014-03-12,574.5999755859375
2014-03-13,572.2999877929688
2014-03-14,572.7999877929688
2014-03-17,571.5499877929688
2014-03-18,570.4000244140625
2014-03-19,569.0999755859375
2014-03-20,569.0
2014-03-21,564.8499755859375
2014-03-24,561.5999755859375
2014-03-25,562.0999755859375
2014-03-26,558.9000244140625
2014-03-27,553.8499755859375
2014-03-28,552.7000122070312
2014-03-31,549.7000122070312
2014-04-01,549.25
2014-04-02,549.25
2014-04-03,552.0
2014-04-04,554.7000122070312
2014-04-07,555.0
2014-04-08,551.25
2014-04-09,545.7999877929688
2014-04-10,5.460000038146973
2014-04-11,544.4000244140625
2014-04-14,548.2000122070312
2014-04-15,549.25
2014-04-16,554.9000244140625
2014-04-17,555.5499877929688
2014-04-18,557.1500244140625
2014-04-21,557.1500244140625
2014-04-22,557.1500244140625
2014-04-23,561.7000122070312
2014-04-24,561.5999755859375
2014-04-25,559.5
2014-04-28,559.7000122070312
2014-04-29,559.0
2014-04-30,561.5999755859375
2014-05-01,563.5
2014-05-02,563.5
2014-05-05,563.5
2014-05-06,563.5
2014-05-07,563.5
2014-05-08,563.5
2014-05-09,563.5
2014-05-12,563.5
2014-05-13,549.9000244140625
2014-05-14,549.0
2014-05-15,551.0999755859375
2014-05-16,552.9000244140625
2014-05-19,551.0
2014-05-20,547.7000122070312
2014-05-21,551.7999877929688
2014-05-22,551.7999877929688
2014-05-23,552.0
2014-05-26,553.2999877929688
2014-05-27,553.7999877929688
2014-05-28,555.0
2014-05-29,550.7999877929688
2014-05-30,549.0
2014-06-02,548.5999755859375
2014-06-03,550.5999755859375
2014-06-04,549.7999877929688
2014-06-05,551.7000122070312
2014-06-06,550.7999877929688
2014-06-09,550.7999877929688
2014-06-10,550.7999877929688
2014-06-11,553.2000122070312
2014-06-12,554.3499755859375
2014-06-13,553.3499755859375
2014-06-16,556.0
2014-06-17,555.0499877929688
2014-06-18,559.0
2014-06-19,556.5999755859375
2014-06-20,556.7000122070312
2014-06-23,555.3499755859375
2014-06-24,552.0
2014-06-25,551.4000244140625
2014-06-26,550.0
2014-06-27,549.0999755859375
2014-06-30,550.6500244140625
2014-07-01,552.0999755859375
2014-07-02,551.7999877929688
2014-07-03,551.5
2014-07-04,548.5
2014-07-07,548.5
2014-07-08,550.0
2014-07-09,553.0
2014-07-10,552.4000244140625
2014-07-11,552.3499755859375
2014-07-14,553.5
2014-07-15,553.3499755859375
2014-07-16,556.4000244140625
2014-07-17,556.4000244140625
2014-07-18,565.2999877929688
2014-07-21,566.6500244140625
2014-07-22,564.0499877929688
2014-07-23,564.8499755859375
2014-07-24,562.75
2014-07-25,563.0
2014-07-28,562.9000244140625
2014-07-29,563.2999877929688
2014-07-30,565.5999755859375
2014-07-31,571.6500244140625
2014-08-01,571.75
2014-08-04,572.4000244140625
2014-08-05,571.5999755859375
2014-08-06,577.0
2014-08-07,576.4000244140625
2014-08-08,576.7999877929688
2014-08-11,575.0
2014-08-12,574.4000244140625
2014-08-13,575.5999755859375
2014-08-14,575.6500244140625
2014-08-15,577.25
2014-08-18,577.25
2014-08-19,576.4000244140625
2014-08-20,580.4500122070312
2014-08-21,583.2999877929688
2014-08-22,582.2999877929688
2014-08-25,582.9000244140625
2014-08-26,582.4000244140625
2014-08-27,585.7000122070312
2014-08-28,589.4000244140625
2014-08-29,593.9000244140625
2014-09-01,586.25
2014-09-02,590.7999877929688
2014-09-03,588.7999877929688
2014-09-04,588.25
2014-09-05,592.9000244140625
2014-09-08,586.2999877929688
2014-09-09,587.0
2014-09-10,591.0999755859375
2014-09-11,589.5999755859375
2014-09-12,589.2999877929688
2014-09-15,593.0
2014-09-16,595.0
2014-09-17,591.5999755859375
2014-09-18,595.7999877929688
2014-09-19,595.7999877929688
2014-09-22,595.7999877929688
2014-09-23,600.7999877929688
2014-09-24,598.7000122070312
2014-09-25,597.0999755859375
2014-09-26,598.6500244140625
2014-09-29,598.0
2014-09-30,601.2999877929688
2014-10-01,597.75
2014-10-02,597.2000122070312
2014-10-03,595.2000122070312
2014-10-06,596.6500244140625
2014-10-07,597.0
2014-10-08,595.5999755859375
2014-10-09,592.7000122070312
2014-10-10,592.0
2014-10-13,592.2999877929688
2014-10-14,588.0
2014-10-15,589.0
2014-10-16,588.4000244140625
2014-10-17,589.2000122070312
2014-10-20,585.9000244140625
2014-10-21,585.3499755859375
2014-10-22,583.2999877929688
2014-10-23,584.6500244140625
2014-10-24,583.5999755859375
2014-10-27,584.0999755859375
2014-10-28,584.7000122070312
2014-10-29,578.2999877929688
2014-10-30,577.8499755859375
2014-10-31,576.4000244140625
2014-11-03,576.4000244140625
2014-11-04,581.9500122070312
2014-11-05,584.7999877929688
2014-11-06,589.2000122070312
2014-11-07,591.0499877929688
2014-11-10,586.7000122070312
2014-11-11,586.8499755859375
2014-11-12,589.7000122070312
2014-11-13,593.4000244140625
2014-11-14,594.5999755859375
2014-11-17,593.7000122070312
2014-11-18,595.7000122070312
2014-11-19,596.7999877929688
2014-11-20,600.2999877929688
2014-11-21,599.2000122070312
2014-11-24,594.0999755859375
2014-11-25,595.4000244140625
2014-11-26,598.5999755859375
2014-11-27,598.0999755859375
2014-11-28,600.0999755859375
2014-12-01,608.5999755859375
2014-12-02,612.0999755859375
2014-12-03,613.9000244140625
2014-12-04,609.25
2014-12-05,609.5
2014-12-08,611.7000122070312
2014-12-09,611.7000122070312
2014-12-10,614.0
2014-12-11,615.3499755859375
2014-12-12,616.25
2014-12-15,618.7000122070312
2014-12-16,618.5499877929688
2014-12-17,620.25
2014-12-18,617.4000244140625
2014-12-19,613.6500244140625
2014-12-22,610.7000122070312
2014-12-23,608.4500122070312
2014-12-24,608.9000244140625
2014-12-25,609.0
2014-12-26,609.0
2014-12-29,607.2000122070312
2014-12-30,607.7999877929688
2014-12-31,605.4500122070312
2015-01-01,605.4500122070312
2015-01-02,605.4500122070312
2015-01-05,613.5
2015-01-06,617.2000122070312
2015-01-07,616.0
2015-01-08,614.0
2015-01-09,612.5499877929688
2015-01-12,614.0999755859375
2015-01-13,615.7000122070312
2015-01-14,620.2999877929688
2015-01-15,625.0999755859375
2015-01-16,625.4000244140625
2015-01-19,627.0499877929688
2015-01-20,627.5499877929688
2015-01-21,628.0999755859375
2015-01-22,627.7999877929688
2015-01-23,624.4000244140625
2015-01-26,625.75
2015-01-27,623.0999755859375
2015-01-28,622.3499755859375
2015-01-29,622.0499877929688
2015-01-30,627.2999877929688
2015-02-02,633.6500244140625
2015-02-03,629.9000244140625
2015-02-04,625.0999755859375
2015-02-05,626.5499877929688
2015-02-06,623.5
2015-02-09,627.0
2015-02-10,623.75
2015-02-11,625.5
2015-02-12,629.5
2015-02-13,622.25
2015-02-16,618.2000122070312
2015-02-17,621.1500244140625
2015-02-18,619.25
2015-02-19,619.0999755859375
2015-02-20,618.2999877929688
2015-02-23,615.5499877929688
2015-02-24,621.9000244140625
2015-02-25,618.5
2015-02-26,617.2999877929688
2015-02-27,618.5
2015-03-02,616.7000122070312
2015-03-03,616.5999755859375
2015-03-04,616.7999877929688
2015-03-05,618.2000122070312
2015-03-06,621.0
2015-03-09,627.0999755859375
2015-03-10,627.5499877929688
2015-03-11,634.5999755859375
2015-03-12,637.25
2015-03-13,633.5
2015-03-16,639.4500122070312
2015-03-17,640.2999877929688
2015-03-18,640.7999877929688
2015-03-19,636.0999755859375
2015-03-20,639.75
2015-03-23,631.2999877929688
2015-03-24,623.8499755859375
2015-03-25,621.7000122070312
2015-03-26,620.5499877929688
2015-03-27,622.5
2015-03-30,622.5999755859375
2015-03-31,626.4000244140625
2015-04-01,623.7999877929688
2015-04-02,616.9000244140625
2015-04-03,615.2000122070312
2015-04-06,615.2000122070312
2015-04-07,611.5
2015-04-08,609.4000244140625
2015-04-09,611.0
2015-04-10,615.9500122070312
2015-04-13,619.0
2015-04-14,616.7999877929688
2015-04-15,613.2000122070312
2015-04-16,612.75
2015-04-17,609.9000244140625
2015-04-20,612.0
2015-04-21,615.9000244140625
2015-04-22,616.0
2015-04-23,618.5
2015-04-24,614.4000244140625
2015-04-27,612.5
2015-04-28,610.1500244140625
2015-04-29,606.2000122070312
2015-04-30,608.5999755859375
2015-05-01,611.5999755859375
2015-05-04,611.5999755859375
2015-05-05,613.7000122070312
2015-05-06,609.3499755859375
2015-05-07,611.3499755859375
2015-05-08,608.9000244140625
2015-05-11,604.3499755859375
2015-05-12,609.5
2015-05-13,603.7999877929688
2015-05-14,602.1500244140625
2015-05-15,594.25
2015-05-18,596.0999755859375
2015-05-19,600.0
2015-05-20,603.5999755859375
2015-05-21,603.5
2015-05-22,603.5
2015-05-25,607.8499755859375
2015-05-26,610.4000244140625
2015-05-27,612.9500122070312
2015-05-28,614.6500244140625
2015-05-29,616.0
2015-06-01,617.7000122070312
2015-06-02,623.5999755859375
2015-06-03,622.0
2015-06-04,627.2000122070312
2015-06-05,628.0
2015-06-08,636.0
2015-06-09,630.4000244140625
2015-06-10,624.7000122070312
2015-06-11,630.7999877929688
2015-06-12,630.0499877929688
2015-06-15,631.0
2015-06-16,633.7000122070312
2015-06-17,635.1500244140625
2015-06-18,634.0999755859375
2015-06-19,628.75
2015-06-22,632.1500244140625
2015-06-23,631.7000122070312
2015-06-24,633.5999755859375
2015-06-25,632.75
2015-06-26,630.9000244140625
2015-06-29,634.7000122070312
2015-06-30,634.7000122070312
2015-07-01,638.2999877929688
2015-07-02,638.3499755859375
2015-07-03,634.5
2015-07-06,636.5
2015-07-07,641.4000244140625
2015-07-08,647.6500244140625
2015-07-09,651.5
2015-07-10,646.6500244140625
2015-07-13,646.7000122070312
2015-07-14,643.7000122070312
2015-07-15,641.75
2015-07-16,642.7999877929688
2015-07-17,642.7999877929688
2015-07-20,645.0999755859375
2015-07-21,649.2999877929688
2015-07-22,650.9000244140625
2015-07-23,653.4500122070312
2015-07-24,656.4000244140625
2015-07-27,660.2000122070312
2015-07-28,666.2000122070312
2015-07-29,665.2999877929688
2015-07-30,666.2999877929688
2015-07-31,672.0
2015-08-03,674.0
2015-08-04,679.9000244140625
2015-08-05,681.8499755859375
2015-08-06,681.4500122070312
2015-08-07,678.5999755859375
2015-08-10,677.5
2015-08-11,672.7999877929688
2015-08-12,680.9000244140625
2015-08-13,682.4000244140625
2015-08-14,685.0
2015-08-17,684.5
2015-08-18,690.2000122070312
2015-08-19,691.0
2015-08-20,694.2999877929688
2015-08-21,690.2000122070312
2015-08-24,697.5
2015-08-25,703.7999877929688
2015-08-26,704.7999877929688
2015-08-27,704.5
2015-08-28,694.0
2015-08-31,691.5
2015-09-01,692.2000122070312
2015-09-02,692.0
2015-09-03,689.2000122070312
2015-09-04,688.7999877929688
2015-09-07,692.2000122070312
2015-09-08,693.5
2015-09-09,690.2999877929688
2015-09-10,689.1500244140625
2015-09-11,685.0
2015-09-14,687.3499755859375
2015-09-15,687.4000244140625
2015-09-16,683.5
2015-09-17,676.2000122070312
2015-09-18,678.3499755859375
2015-09-21,678.3499755859375
2015-09-22,684.2000122070312
2015-09-23,698.0
2015-09-24,703.0499877929688
2015-09-25,696.4000244140625
2015-09-28,700.9000244140625
2015-09-29,705.6500244140625
2015-09-30,703.7000122070312
2015-10-01,695.5999755859375
2015-10-02,695.5999755859375
2015-10-05,688.5999755859375
2015-10-06,682.5999755859375
2015-10-07,680.4000244140625
2015-10-08,678.7999877929688
2015-10-09,677.0
2015-10-12,677.5
2015-10-13,677.5
2015-10-14,683.2000122070312
2015-10-15,679.5
2015-10-16,673.5
2015-10-19,674.0999755859375
2015-10-20,679.7000122070312
2015-10-21,687.0999755859375
2015-10-22,692.5999755859375
2015-10-23,688.9500122070312
2015-10-26,686.0999755859375
2015-10-27,687.4000244140625
2015-10-28,687.4000244140625
2015-10-29,687.25
2015-10-30,688.4000244140625
2015-11-02,690.75
2015-11-03,691.0499877929688
2015-11-04,688.2000122070312
2015-11-05,691.5999755859375
2015-11-06,693.9000244140625
2015-11-09,697.0
2015-11-10,701.5999755859375
2015-11-11,699.5
2015-11-12,698.4500122070312
2015-11-13,701.25
2015-11-16,705.5
2015-11-17,711.9000244140625
2015-11-18,711.2999877929688
2015-11-19,714.4000244140625
2015-11-20,710.9500122070312
2015-11-23,710.7999877929688
2015-11-24,714.5499877929688
2015-11-25,710.5
2015-11-26,713.0499877929688
2015-11-27,713.0999755859375
2015-11-30,712.5999755859375
2015-12-01,710.2999877929688
2015-12-02,703.0999755859375
2015-12-03,703.5
2015-12-04,700.7000122070312
2015-12-07,700.4000244140625
2015-12-08,705.5999755859375
2015-12-09,705.5999755859375
2015-12-10,703.8499755859375
2015-12-11,704.2000122070312
2015-12-14,708.5999755859375
2015-12-15,711.1500244140625
2015-12-16,710.2000122070312
2015-12-17,705.5
2015-12-18,706.75
2015-12-21,698.4000244140625
2015-12-22,692.5
2015-12-23,696.5999755859375
2015-12-24,698.4000244140625
2015-12-25,700.0
2015-12-28,700.0
2015-12-29,707.25
2015-12-30,708.1500244140625
2015-12-31,708.1500244140625
2016-01-01,708.1500244140625
2016-01-04,708.1500244140625
2016-01-05,716.5
2016-01-06,713.0499877929688
2016-01-07,714.5999755859375
2016-01-08,721.4000244140625
2016-01-11,727.7999877929688
2016-01-12,731.4000244140625
2016-01-13,729.9500122070312
2016-01-14,726.8499755859375
2016-01-15,723.5999755859375
2016-01-18,732.0
2016-01-19,729.9000244140625
2016-01-20,726.4500122070312
2016-01-21,727.7999877929688
2016-01-22,724.6500244140625
2016-01-25,715.0
2016-01-26,721.7999877929688
2016-01-27,717.7000122070312
2016-01-28,714.5
2016-01-29,710.5999755859375
2016-02-01,712.9500122070312
2016-02-02,710.6500244140625
2016-02-03,713.7999877929688
2016-02-04,704.0
2016-02-05,695.9500122070312
2016-02-08,704.6500244140625
2016-02-09,712.2999877929688
2016-02-10,713.4500122070312
2016-02-11,712.5
2016-02-12,712.5
2016-02-15,704.0
2016-02-16,702.0
2016-02-17,708.5
2016-02-18,700.1500244140625
2016-02-19,702.6500244140625
2016-02-22,699.0
2016-02-23,691.75
2016-02-24,695.0
2016-02-25,692.4000244140625
2016-02-26,690.0499877929688
2016-02-29,693.0
2016-03-01,696.2000122070312
2016-03-02,680.9500122070312
2016-03-03,686.5
2016-03-04,668.8699951171875
2016-03-07,669.5900268554688
2016-03-08,667.760009765625
2016-03-09,669.0399780273438
2016-03-10,667.3300170898438
2016-03-11,664.1599731445312
2016-03-14,666.4299926757812
2016-03-15,673.3200073242188
2016-03-16,685.9000244140625
2016-03-17,667.3800048828125
2016-03-18,663.6799926757812
2016-03-21,659.5800170898438
2016-03-22,675.7999877929688
2016-03-23,673.25
2016-03-24,677.75
2016-03-25,680.5
2016-03-28,680.5
2016-03-29,678.0
2016-03-30,679.7999877929688
2016-03-31,667.0700073242188
2016-04-01,668.5
2016-04-04,668.75
2016-04-05,671.9000244140625
2016-04-06,674.5
2016-04-07,660.3099975585938
2016-04-08,662.6699829101562
2016-04-11,683.5
2016-04-12,679.0
2016-04-13,672.5999755859375
2016-04-14,670.0
2016-04-15,663.4000244140625
2016-04-18,666.5999755859375
2016-04-19,664.0
2016-04-20,660.2999877929688
2016-04-21,659.5
2016-04-22,647.0599975585938
2016-04-25,669.0
2016-04-26,669.0999755859375
2016-04-27,669.7000122070312
2016-04-28,655.3400268554688
2016-04-29,662.2000122070312
2016-05-02,645.3599853515625
2016-05-03,649.1199951171875
2016-05-04,653.6599731445312
2016-05-05,670.0
2016-05-06,665.9000244140625
2016-05-09,664.7000122070312
2016-05-10,669.2000122070312
2016-05-11,679.9500122070312
2016-05-12,679.7000122070312
2016-05-13,684.7000122070312
2016-05-16,689.5
2016-05-17,678.75
2016-05-18,689.0
2016-05-19,696.2000122070312
2016-05-20,693.25
2016-05-23,692.7000122070312
2016-05-24,693.5
2016-05-25,694.9000244140625
2016-05-26,691.6500244140625
2016-05-27,687.5
2016-05-30,686.9000244140625
2016-05-31,675.6300048828125
2016-06-01,691.0999755859375
2016-06-02,691.25
2016-06-03,689.7000122070312
2016-06-06,683.5
2016-06-07,680.0
2016-06-08,679.4000244140625
2016-06-09,674.0
2016-06-10,679.0999755859375
2016-06-13,683.0999755859375
2016-06-14,684.5
2016-06-15,688.2999877929688
2016-06-16,674.8599853515625
2016-06-17,689.0999755859375
2016-06-20,670.9400024414062
2016-06-21,672.9000244140625
2016-06-22,670.1900024414062
2016-06-23,659.97998046875
2016-06-24,669.5999755859375
2016-06-27,652.8099975585938
2016-06-28,681.7999877929688
2016-06-29,669.7899780273438
2016-06-30,651.760009765625
2016-07-01,651.5800170898438
2016-07-04,648.7899780273438
2016-07-05,646.8800048828125
2016-07-06,649.510009765625
2016-07-07,661.5999755859375
2016-07-08,650.6400146484375
2016-07-11,652.27001953125
2016-07-12,661.25
2016-07-13,650.6400146484375
2016-07-14,646.9000244140625
2016-07-15,644.719970703125
2016-07-18,645.1500244140625
2016-07-19,640.8400268554688
2016-07-20,638.0800170898438
2016-07-21,638.3300170898438
2016-07-22,639.0800170898438
2016-07-25,640.9500122070312
2016-07-26,637.4199829101562
2016-07-27,647.4600219726562
2016-07-28,643.9000244140625
2016-07-29,652.5499877929688
2016-08-01,648.719970703125
2016-08-02,657.7999877929688
2016-08-03,644.5499877929688
2016-08-04,646.1099853515625
2016-08-05,654.7999877929688
2016-08-08,646.030029296875
2016-08-09,654.5999755859375
2016-08-10,652.4000244140625
2016-08-11,640.0800170898438
2016-08-12,640.1599731445312
2016-08-15,641.5
2016-08-16,648.7000122070312
2016-08-17,651.2999877929688
2016-08-18,656.9000244140625
2016-08-19,655.5
2016-08-22,662.0
2016-08-23,668.2000122070312
2016-08-24,672.0
2016-08-25,669.5999755859375
2016-08-26,662.2999877929688
2016-08-29,672.2999877929688
2016-08-30,671.2000122070312
2016-08-31,673.0999755859375
2016-09-01,660.5700073242188
2016-09-02,680.0999755859375
2016-09-05,678.2999877929688
2016-09-06,673.0
2016-09-07,662.5
2016-09-08,662.0999755859375
2016-09-09,664.7000122070312
2016-09-12,653.1900024414062
2016-09-13,667.5
2016-09-14,676.25
2016-09-15,674.4000244140625
2016-09-16,671.7999877929688
2016-09-19,675.7999877929688
2016-09-20,674.7000122070312
2016-09-21,664.3300170898438
2016-09-22,662.25
2016-09-23,659.0999755859375
2016-09-26,660.5
2016-09-27,662.0999755859375
2016-09-28,662.0
2016-09-29,658.2999877929688
2016-09-30,646.469970703125
2016-10-03,657.0999755859375
2016-10-04,659.7999877929688
2016-10-05,663.5
2016-10-06,663.0999755859375
2016-10-07,666.0
2016-10-10,669.5999755859375
2016-10-11,658.52001953125
2016-10-12,666.7999877929688
2016-10-13,665.7000122070312
2016-10-14,669.4000244140625
2016-10-17,670.0999755859375
2016-10-18,669.7000122070312
2016-10-19,667.7000122070312
2016-10-20,664.7999877929688
2016-10-21,666.2000122070312
2016-10-24,665.7999877929688
2016-10-25,654.7000122070312
2016-10-26,652.7999877929688
2016-10-27,653.7000122070312
2016-10-28,650.4000244140625
2016-10-31,650.7999877929688
2016-11-01,640.02001953125
2016-11-02,650.4000244140625
2016-11-03,641.6799926757812
2016-11-04,651.2000122070312
2016-11-07,655.5
2016-11-08,642.1900024414062
2016-11-09,642.3499755859375
2016-11-10,649.4199829101562
2016-11-11,634.9199829101562
2016-11-14,651.6099853515625
2016-11-15,670.2999877929688
2016-11-16,671.4000244140625
2016-11-17,674.5700073242188
2016-11-18,667.1900024414062
2016-11-21,680.4000244140625
2016-11-22,662.75
2016-11-23,676.9000244140625
2016-11-24,676.7999877929688
2016-11-25,664.219970703125
2016-11-28,676.0
2016-11-29,662.5599975585938
2016-11-30,659.5999755859375
2016-12-01,675.5
2016-12-02,660.72998046875
2016-12-05,669.2999877929688
2016-12-06,664.6900024414062
2016-12-07,651.489990234375
2016-12-08,641.260009765625
2016-12-09,652.260009765625
2016-12-12,655.5
2016-12-13,648.7000122070312
2016-12-14,650.5
2016-12-15,658.2999877929688
2016-12-16,649.5999755859375
2016-12-19,673.2000122070312
2016-12-20,664.5
2016-12-21,663.77001953125
2016-12-22,5.0
2016-12-23,663.75
2016-12-26,673.7999877929688
2016-12-27,660.5700073242188
2016-12-28,657.6799926757812
2016-12-29,660.4000244140625
2016-12-30,654.6500244140625
2017-01-02,668.5999755859375
2017-01-03,656.97998046875
2017-01-04,656.4099731445312
2017-01-05,656.1500244140625
2017-01-06,649.6500244140625
2017-01-09,666.7999877929688
2017-01-10,653.0700073242188
2017-01-11,658.5700073242188
2017-01-12,654.1599731445312
2017-01-13,653.5399780273438
2017-01-16,658.7999877929688
2017-01-17,647.0999755859375
2017-01-18,643.719970703125
2017-01-19,648.0800170898438
2017-01-20,660.2999877929688
2017-01-23,644.1799926757812
2017-01-24,636.8599853515625
2017-01-25,652.0999755859375
2017-01-26,647.9000244140625
2017-01-27,638.27001953125
2017-01-30,649.4000244140625
2017-01-31,647.7000122070312
2017-02-01,648.0
2017-02-02,646.0999755859375
2017-02-03,642.0
2017-02-06,640.7000122070312
2017-02-07,640.4000244140625
2017-02-08,646.0999755859375
2017-02-09,647.2999877929688
2017-02-10,637.4500122070312
2017-02-13,639.2000122070312
2017-02-14,642.0999755859375
2017-02-15,640.9000244140625
2017-02-16,638.5
2017-02-17,638.5999755859375
2017-02-20,643.5999755859375
2017-02-21,640.5999755859375
2017-02-22,641.2999877929688
2017-02-23,642.5499877929688
2017-02-24,641.0
2017-02-27,646.2999877929688
2017-02-28,646.3499755859375
2017-03-01,650.2000122070312
2017-03-02,650.7999877929688
2017-03-03,654.7999877929688
2017-03-06,656.7000122070312
2017-03-07,661.2000122070312
2017-03-08,658.4000244140625
2017-03-09,662.7999877929688
2017-03-10,665.0
2017-03-13,663.4000244140625
2017-03-14,666.0
2017-03-15,668.9000244140625
2017-03-16,666.0
2017-03-17,647.8800048828125
2017-03-20,661.5999755859375
2017-03-21,659.5999755859375
2017-03-22,658.5
2017-03-23,661.0999755859375
2017-03-24,662.5
2017-03-27,659.2000122070312
2017-03-28,664.2999877929688
2017-03-29,665.2999877929688
2017-03-30,662.4500122070312
2017-03-31,662.5999755859375
2017-04-03,659.4000244140625
2017-04-04,657.7999877929688
2017-04-05,659.7000122070312
2017-04-06,657.9000244140625
2017-04-07,655.9000244140625
2017-04-10,655.9000244140625
2017-04-11,651.7999877929688
2017-04-12,654.2000122070312
2017-04-13,652.4000244140625
2017-04-14,650.0999755859375
2017-04-17,648.7999877929688
2017-04-18,645.0
2017-04-19,648.5999755859375
2017-04-20,647.5999755859375
2017-04-21,649.2000122070312
2017-04-24,652.7999877929688
2017-04-25,654.7000122070312
2017-04-26,639.52001953125
2017-04-27,664.2999877929688
2017-04-28,662.5
2017-05-01,666.5999755859375
2017-05-02,665.0999755859375
2017-05-03,667.4000244140625
2017-05-04,668.5
2017-05-05,674.5999755859375
2017-05-08,670.9000244140625
2017-05-09,678.2999877929688
2017-05-10,678.0
2017-05-11,672.9000244140625
2017-05-12,671.7000122070312
2017-05-15,671.5999755859375
2017-05-16,667.9000244140625
2017-05-17,666.0999755859375
2017-05-18,651.3499755859375
2017-05-19,671.9000244140625
2017-05-22,668.0
2017-05-23,670.2000122070312
2017-05-24,674.5
2017-05-25,660.8699951171875
2017-05-26,660.1300048828125
2017-05-29,671.9000244140625
2017-05-30,661.0999755859375
2017-05-31,674.4000244140625
2017-06-01,660.8699951171875
2017-06-02,672.0
2017-06-05,669.7999877929688
2017-06-06,668.7000122070312
2017-06-07,668.5999755859375
2017-06-08,669.0999755859375
2017-06-09,658.1300048828125
2017-06-12,663.0
2017-06-13,661.2000122070312
2017-06-14,660.7999877929688
2017-06-15,660.7999877929688
2017-06-16,665.5
2017-06-19,665.0
2017-06-20,656.3800048828125
2017-06-21,663.2999877929688
2017-06-22,664.9000244140625
2017-06-23,662.9000244140625
2017-06-26,649.6500244140625
2017-06-27,660.7000122070312
2017-06-28,644.4500122070312
2017-06-29,663.0
2017-06-30,664.7000122070312
2017-07-03,663.4000244140625
2017-07-04,662.0
2017-07-05,650.6400146484375
2017-07-06,665.5999755859375
2017-07-07,665.0
2017-07-10,666.5999755859375
2017-07-12,666.0999755859375
2017-07-13,662.5
2017-07-14,661.7000122070312
2017-07-17,657.0999755859375
2017-07-18,659.7999877929688
2017-07-19,654.7999877929688
2017-07-20,653.0999755859375
2017-07-21,652.0
2017-07-24,650.7999877929688
2017-07-25,651.5999755859375
2017-07-26,649.5999755859375
2017-07-27,643.7000122070312
2017-07-28,649.0
2017-07-31,653.2000122070312
2017-08-01,649.0
2017-08-02,653.2999877929688
2017-08-03,650.2999877929688
2017-08-04,648.0
2017-08-07,650.2999877929688
2017-08-08,651.2000122070312
2017-08-09,643.3800048828125
2017-08-10,647.7000122070312
2017-08-11,648.0999755859375
2017-08-14,645.7999877929688
2017-08-15,648.2999877929688
2017-08-16,637.530029296875
2017-08-17,644.5999755859375
2017-08-18,646.2000122070312
2017-08-21,645.9000244140625
2017-08-22,642.4000244140625
2017-08-23,640.2000122070312
2017-08-24,640.0999755859375
2017-08-25,637.7000122070312
2017-08-28,631.7000122070312
2017-08-29,628.1500244140625
2017-08-30,625.2999877929688
2017-08-31,631.4000244140625
2017-09-01,624.7000122070312
2017-09-04,625.0
2017-09-05,624.0999755859375
2017-09-06,623.0
2017-09-07,617.7999877929688
2017-09-08,613.5999755859375
2017-09-11,619.5999755859375
2017-09-12,622.4000244140625
2017-09-13,621.7999877929688
2017-09-14,625.9000244140625
2017-09-15,623.7000122070312
2017-09-18,623.9000244140625
2017-09-19,613.260009765625
2017-09-20,624.9000244140625
2017-09-21,621.4000244140625
2017-09-22,624.0
2017-09-25,626.2000122070312
2017-09-26,628.9000244140625
2017-09-27,634.5999755859375
2017-09-28,623.4400024414062
2017-09-29,635.4000244140625
2017-10-02,639.5999755859375
2017-10-03,638.2000122070312
2017-10-04,627.7899780273438
2017-10-05,631.2000122070312
2017-10-06,628.0999755859375
2017-10-09,632.7000122070312
2017-10-10,621.9199829101562
2017-10-11,629.0
2017-10-12,626.0999755859375
2017-10-13,624.0
2017-10-16,622.7999877929688
2017-10-17,618.7000122070312
2017-10-18,621.2000122070312
2017-10-19,624.7000122070312
2017-10-20,624.7000122070312
2017-10-23,628.0999755859375
2017-10-24,633.0999755859375
2017-10-25,632.0999755859375
2017-10-26,629.0999755859375
2017-10-27,634.4000244140625
2017-10-30,634.9000244140625
2017-10-31,621.02001953125
2017-11-01,625.1799926757812
2017-11-02,634.5999755859375
2017-11-03,622.1500244140625
2017-11-06,634.0
2017-11-07,632.5
2017-11-08,633.9000244140625
2017-11-09,631.5
2017-11-10,618.9199829101562
2017-11-13,631.0999755859375
2017-11-14,629.2000122070312
2017-11-15,612.8300170898438
2017-11-17,629.7999877929688
2017-11-20,626.0999755859375
2017-11-21,636.2999877929688
2017-11-22,634.0
2017-11-23,633.25
2017-11-24,621.5
2017-11-27,633.5999755859375
2017-11-28,637.4000244140625
2017-11-29,640.7999877929688
2017-11-30,643.7999877929688
2017-12-01,629.2000122070312
2017-12-04,647.2999877929688
2017-12-05,647.5
2017-12-06,653.0999755859375
2017-12-07,653.0
2017-12-08,654.7999877929688
2017-12-11,652.7000122070312
2017-12-12,644.0599975585938
2017-12-13,653.5999755859375
2017-12-14,645.7999877929688
2017-12-15,638.2000122070312
2017-12-18,636.2999877929688
2017-12-19,621.0999755859375
2017-12-20,608.8900146484375
2017-12-21,619.5
2017-12-22,620.2000122070312
2017-12-25,619.7000122070312
2017-12-26,607.8300170898438
2017-12-27,618.5
2017-12-28,616.0
2017-12-29,614.4000244140625
2018-01-01,613.5
2018-01-02,601.8400268554688
2018-01-03,606.0
2018-01-04,606.75
2018-01-05,605.2999877929688
2018-01-08,604.7000122070312
2018-01-09,605.0
2018-01-10,607.4000244140625
2018-01-11,608.0999755859375
2018-01-12,605.0999755859375
2018-01-15,603.0999755859375
2018-01-16,588.4000244140625
2018-01-17,606.5999755859375
2018-01-18,606.4000244140625
2018-01-19,604.9000244140625
2018-01-22,607.5
2018-01-23,604.5
2018-01-24,609.0
2018-01-25,602.2000122070312
2018-01-26,599.2999877929688
2018-01-29,602.25
2018-01-30,603.0999755859375
2018-01-31,606.4000244140625
2018-02-01,601.7999877929688
2018-02-02,597.0999755859375
2018-02-05,602.2999877929688
2018-02-06,602.2999877929688
2018-02-07,598.7999877929688
2018-02-08,598.7000122070312
2018-02-09,602.7999877929688
2018-02-12,604.2999877929688
2018-02-13,597.5
2018-02-14,597.7000122070312
2018-02-15,593.6500244140625
2018-02-16,592.9000244140625
2018-02-19,592.9000244140625
2018-02-20,594.0
2018-02-21,594.7000122070312
2018-02-22,595.0999755859375
2018-02-23,591.7000122070312
2018-02-26,581.0999755859375
2018-02-27,587.0999755859375
2018-02-28,591.5
2018-03-01,594.4000244140625
2018-03-02,595.4000244140625
2018-03-05,598.2999877929688
2018-03-06,597.9000244140625
2018-03-07,599.7000122070312
2018-03-08,603.0
2018-03-09,605.7000122070312
2018-03-12,601.7999877929688
2018-03-13,603.4000244140625
2018-03-14,602.5999755859375
2018-03-15,600.9000244140625
2018-03-16,605.0999755859375
2018-03-19,608.0
2018-03-20,608.7999877929688
2018-03-21,609.5
2018-03-22,603.7000122070312
2018-03-23,608.5999755859375
2018-03-26,607.9000244140625
2018-03-27,604.2999877929688
2018-03-28,606.2999877929688
2018-03-29,603.9000244140625
2018-03-30,603.4000244140625
2018-04-02,592.5900268554688
2018-04-03,605.0999755859375
2018-04-04,602.2999877929688
2018-04-05,602.7999877929688
2018-04-06,603.4000244140625
2018-04-09,604.2999877929688
2018-04-10,603.7999877929688
2018-04-11,599.7999877929688
2018-04-12,597.2000122070312
2018-04-13,596.2999877929688
2018-04-16,595.5999755859375
2018-04-17,595.5999755859375
2018-04-18,596.0
2018-04-19,593.5999755859375
2018-04-20,594.9000244140625
2018-04-23,595.7999877929688
2018-04-24,602.2000122070312
2018-04-25,598.0999755859375
2018-04-26,603.4500122070312
2018-04-27,602.4000244140625
2018-04-30,605.7000122070312
2018-05-01,612.9000244140625
2018-05-02,613.2999877929688
2018-05-03,616.9000244140625
2018-05-04,618.0999755859375
2018-05-07,617.5999755859375
2018-05-08,628.9000244140625
2018-05-09,634.2000122070312
2018-05-10,633.9000244140625
2018-05-11,622.7000122070312
2018-05-14,617.9000244140625
2018-05-15,624.9000244140625
2018-05-16,632.0
2018-05-17,630.5999755859375
2018-05-18,632.2000122070312
2018-05-21,637.0
2018-05-22,636.5999755859375
2018-05-23,623.7000122070312
2018-05-24,622.5
2018-05-25,626.4000244140625
2018-05-28,622.5
2018-05-29,624.0
2018-05-30,629.0
2018-05-31,627.2000122070312
2018-06-01,630.0999755859375
2018-06-04,631.0
2018-06-05,630.7999877929688
2018-06-06,633.2999877929688
2018-06-07,627.4000244140625
2018-06-08,630.5999755859375
2018-06-11,628.0999755859375
2018-06-12,632.7999877929688
2018-06-13,637.0999755859375
2018-06-14,634.7999877929688
2018-06-15,636.5
2018-06-18,632.2000122070312
2018-06-19,636.2000122070312
2018-06-20,639.5999755859375
2018-06-21,639.9000244140625
2018-06-22,639.5999755859375
2018-06-25,637.7999877929688
2018-06-26,638.2000122070312
2018-06-27,640.5
2018-06-28,645.7999877929688
2018-06-29,649.0
2018-07-02,653.4000244140625
2018-07-03,657.2999877929688
2018-07-04,649.4000244140625
2018-07-05,651.0999755859375
2018-07-06,656.0
2018-07-09,656.4000244140625
2018-07-10,650.0999755859375
2018-07-11,647.7999877929688
2018-07-12,652.7999877929688
2018-07-13,648.5999755859375
2018-07-16,649.9000244140625
2018-07-17,649.5999755859375
2018-07-18,653.5
2018-07-19,652.5
2018-07-20,663.4000244140625
2018-07-23,660.2000122070312
2018-07-24,661.5999755859375
2018-07-25,654.2000122070312
2018-07-26,645.5999755859375
2018-07-27,646.9000244140625
2018-07-30,642.9000244140625
2018-07-31,638.0999755859375
2018-08-01,636.7000122070312
2018-08-02,642.2999877929688
2018-08-03,644.7999877929688
2018-08-06,643.5
2018-08-07,646.4000244140625
2018-08-08,642.5999755859375
2018-08-09,644.7000122070312
2018-08-10,646.5999755859375
2018-08-13,653.7000122070312
2018-08-14,659.9000244140625
2018-08-15,663.9000244140625
2018-08-16,667.2000122070312
2018-08-17,669.0
2018-08-20,667.2000122070312
2018-08-21,668.0
2018-08-22,663.5
2018-08-23,661.5999755859375
2018-08-24,669.2999877929688
2018-08-27,660.2999877929688
2018-08-28,658.7000122070312
2018-08-29,662.4000244140625
2018-08-30,667.2999877929688
2018-08-31,679.0
2018-09-03,681.0999755859375
2018-09-04,682.7999877929688
2018-09-05,691.5999755859375
2018-09-06,685.5999755859375
2018-09-07,686.0999755859375
2018-09-10,690.4000244140625
2018-09-11,695.9000244140625
2018-09-12,696.4000244140625
2018-09-13,688.7000122070312
2018-09-14,681.5999755859375
2018-09-17,686.5
2018-09-18,685.7999877929688
2018-09-19,683.4000244140625
2018-09-20,679.2999877929688
2018-09-21,666.5
2018-09-24,666.2000122070312
2018-09-25,672.7000122070312
2018-09-26,666.2000122070312
2018-09-27,662.5
2018-09-28,659.4000244140625
2018-10-01,657.2999877929688
2018-10-02,658.2999877929688
2018-10-03,661.0
2018-10-04,663.4000244140625
2018-10-05,674.9000244140625
2018-10-08,675.5
2018-10-09,678.5999755859375
2018-10-10,680.2000122070312
2018-10-11,687.7999877929688
2018-10-12,682.9000244140625
2018-10-15,679.2000122070312
2018-10-16,675.7999877929688
2018-10-17,668.7999877929688
2018-10-18,673.2000122070312
2018-10-19,675.7000122070312
2018-10-22,679.4000244140625
2018-10-23,681.9000244140625
2018-10-24,681.7000122070312
2018-10-25,690.0999755859375
2018-10-26,686.9500122070312
2018-10-29,683.7000122070312
2018-10-30,693.0
2018-10-31,693.0
2018-11-01,695.5
2018-11-02,688.2999877929688
2018-11-05,685.2999877929688
2018-11-06,678.9000244140625
2018-11-07,680.0
2018-11-08,675.0
2018-11-09,677.2000122070312
2018-11-12,684.0
2018-11-13,687.0999755859375
2018-11-14,691.0
2018-11-15,682.0
2018-11-16,673.2000122070312
2018-11-19,670.0
2018-11-20,669.0999755859375
2018-11-21,671.2000122070312
2018-11-22,666.0
2018-11-23,667.9000244140625
2018-11-26,674.2000122070312
2018-11-27,676.2999877929688
2018-11-28,674.9000244140625
2018-11-29,674.4000244140625
2018-11-30,670.0
2018-12-03,671.0999755859375
2018-12-04,668.7000122070312
2018-12-05,670.2000122070312
2018-12-06,672.2000122070312
2018-12-07,675.2999877929688
2018-12-10,674.2999877929688
2018-12-11,677.7999877929688
2018-12-12,683.0999755859375
2018-12-13,677.5999755859375
2018-12-14,681.7999877929688
2018-12-17,684.0999755859375
2018-12-18,687.7999877929688
2018-12-19,689.5
2018-12-20,690.4000244140625
2018-12-21,690.7999877929688
2018-12-24,693.0
2018-12-25,689.5999755859375
2018-12-26,689.5999755859375
2018-12-27,693.0999755859375
2018-12-28,696.7000122070312
2018-12-31,693.5
2019-01-01,693.0
2019-01-02,693.5
2019-01-03,696.2999877929688
2019-01-04,693.2999877929688
2019-01-07,680.7000122070312
2019-01-08,681.0
2019-01-09,679.9000244140625
2019-01-10,675.5
2019-01-11,675.5999755859375
2019-01-14,674.4000244140625
2019-01-15,673.2000122070312
2019-01-16,675.0
2019-01-17,668.5
2019-01-18,670.0
2019-01-21,670.7000122070312
2019-01-22,671.7000122070312
2019-01-23,673.2999877929688
2019-01-24,671.7000122070312
2019-01-25,671.5999755859375
2019-01-28,669.0
2019-01-29,670.2999877929688
2019-01-30,666.7999877929688
2019-01-31,663.4000244140625
2019-02-01,650.4400024414062
2019-02-04,653.4000244140625
2019-02-05,652.0999755859375
2019-02-06,651.0
2019-02-07,654.2999877929688
2019-02-08,658.0999755859375
2019-02-11,657.5999755859375
2019-02-12,661.4000244140625
2019-02-13,659.7999877929688
2019-02-14,663.0999755859375
2019-02-15,663.9000244140625
2019-02-18,661.4000244140625
2019-02-19,660.4000244140625
2019-02-20,655.0999755859375
2019-02-21,652.7000122070312
2019-02-22,654.0
2019-02-25,650.7999877929688
2019-02-26,650.0999755859375
2019-02-27,647.5999755859375
2019-02-28,648.7000122070312
2019-03-01,655.2999877929688
2019-03-04,659.2999877929688
2019-03-05,659.7000122070312
2019-03-06,657.2999877929688
2019-03-07,659.7999877929688
2019-03-08,667.2999877929688
2019-03-11,654.8499755859375
2019-03-12,670.2000122070312
2019-03-13,665.0
2019-03-14,668.2000122070312
2019-03-15,671.2000122070312
2019-03-18,669.5
2019-03-19,655.9299926757812
2019-03-20,666.9000244140625
2019-03-21,662.0
2019-03-22,667.0
2019-03-25,678.4000244140625
2019-03-26,679.2000122070312
2019-03-27,680.0999755859375
2019-03-28,681.0
2019-03-29,682.0999755859375
2019-04-01,680.0
2019-04-02,668.2999877929688
2019-04-03,672.9000244140625
2019-04-04,667.0
2019-04-05,664.5999755859375
2019-04-08,664.7999877929688
2019-04-09,663.5
2019-04-10,664.2000122070312
2019-04-11,661.9000244140625
2019-04-12,663.4000244140625
2019-04-15,660.5999755859375
2019-04-16,660.6900024414062
2019-04-17,661.8699951171875
2019-04-18,661.9199829101562
2019-04-19,662.0599975585938
2019-04-22,662.1500244140625
2019-04-23,664.239990234375
2019-04-24,667.4000244140625
2019-04-25,672.7100219726562
2019-04-26,674.489990234375
2019-04-29,674.8900146484375
2019-04-30,678.1400146484375
2019-05-01,677.6699829101562
2019-05-02,678.5499877929688
2019-05-03,681.7999877929688
2019-05-06,676.6699829101562
2019-05-07,679.280029296875
2019-05-08,684.5800170898438
2019-05-09,684.0800170898438
2019-05-10,684.7999877929688
2019-05-13,686.5700073242188
2019-05-14,693.3400268554688
2019-05-15,692.3800048828125
2019-05-16,692.1099853515625
2019-05-17,693.9600219726562
2019-05-20,697.1900024414062
2019-05-21,695.6900024414062
2019-05-23,697.47998046875
2019-05-24,696.3699951171875
2019-05-27,693.969970703125
2019-05-28,699.1500244140625
2019-05-29,707.47998046875
2019-05-30,704.2999877929688
2019-05-31,709.6400146484375
2019-06-03,709.6599731445312
2019-06-04,703.7999877929688
2019-06-05,693.25
2019-06-06,692.9600219726562
2019-06-07,692.6699829101562
2019-06-10,693.1599731445312
2019-06-11,699.77001953125
2019-06-12,693.22998046875
2019-06-13,695.6699829101562
2019-06-14,696.0900268554688
2019-06-17,699.5700073242188
2019-06-18,699.5700073242188
2019-06-19,695.5
2019-06-20,691.0599975585938
2019-06-21,683.8800048828125
2019-06-24,683.8599853515625
2019-06-25,680.77001953125
2019-06-26,681.2999877929688
2019-06-27,678.8800048828125
2019-06-28,680.1699829101562
2019-07-01,677.77001953125
2019-07-02,680.4600219726562
2019-07-03,680.2100219726562
2019-07-04,678.260009765625
2019-07-05,679.27001953125
2019-07-08,683.7999877929688
2019-07-09,687.6799926757812
2019-07-10,688.260009765625
2019-07-11,685.8499755859375
2019-07-12,680.719970703125
2019-07-15,679.6199951171875
2019-07-16,679.27001953125
2019-07-17,681.9199829101562
2019-07-18,681.9099731445312
2019-07-19,683.1599731445312
2019-07-22,687.7999877929688
2019-07-23,689.4000244140625
2019-07-24,691.5
2019-07-25,691.4000244140625
2019-07-26,696.75
2019-07-29,695.0599975585938
2019-07-30,696.0999755859375
2019-07-31,699.0
2019-08-01,703.5700073242188
2019-08-02,706.4600219726562
2019-08-05,713.5700073242188
2019-08-06,721.1599731445312
2019-08-07,714.5800170898438
2019-08-08,714.280029296875
2019-08-09,709.5
2019-08-12,710.0499877929688
2019-08-13,713.9199829101562
2019-08-14,704.0499877929688
2019-08-15,711.27001953125
2019-08-16,710.6900024414062
2019-08-19,708.0900268554688
2019-08-20,713.1699829101562
2019-08-21,709.1599731445312
2019-08-22,711.0
2019-08-23,715.0900268554688
2019-08-26,703.0499877929688
2019-08-27,719.9000244140625
2019-08-28,723.1699829101562
2019-08-29,723.6400146484375
2019-08-30,720.8400268554688
2019-09-02,721.489990234375
2019-09-03,725.4199829101562
2019-09-04,725.0800170898438
2019-09-05,723.1699829101562
2019-09-06,715.0900268554688
2019-09-09,711.489990234375
2019-09-10,714.969970703125
2019-09-11,712.3800048828125
2019-09-12,715.8599853515625
2019-09-13,708.780029296875
2019-09-16,707.1699829101562
2019-09-17,709.969970703125
2019-09-18,715.5700073242188
2019-09-19,716.0700073242188
2019-09-20,716.1599731445312
2019-09-23,717.0999755859375
2019-09-24,721.6500244140625
2019-09-25,723.489990234375
2019-09-26,727.1799926757812
2019-09-27,726.7000122070312
2019-09-30,725.989990234375
2019-10-01,728.5800170898438
2019-10-02,729.3599853515625
2019-10-03,724.5900268554688
2019-10-04,716.5800170898438
2019-10-07,714.9500122070312
2019-10-08,718.8900146484375
2019-10-09,724.6599731445312
2019-10-10,723.8400268554688
2019-10-11,718.9600219726562
2019-10-14,710.46337890625
2019-10-15,714.4578247070312
2019-10-16,715.9522705078125
2019-10-17,717.073486328125
2019-10-18,711.6738891601562
2019-10-21,710.7999877929688
2019-10-22,726.1630249023438
2019-10-23,724.7000122070312
2019-10-24,726.3408813476562
2019-10-25,724.6680908203125
2019-10-28,728.4863891601562
2019-10-29,724.4880981445312
2019-10-30,728.5734252929688
2019-10-31,741.7677001953125
2019-11-01,743.8840942382812
2019-11-04,743.7570190429688
2019-11-05,742.8729858398438
2019-11-06,748.8825073242188
2019-11-07,741.8840942382812
2019-11-08,742.584716796875
2019-11-11,748.9617919921875
2019-11-12,762.1721801757812
2019-11-13,780.2147827148438
2019-11-14,795.4476928710938
2019-11-15,803.3466796875
2019-11-18,775.2293090820312
2019-11-19,776.5601196289062
2019-11-20,789.3685913085938
2019-11-21,792.5667114257812
2019-11-22,797.2999877929688
2019-11-25,801.5587158203125
2019-11-26,828.6165161132812
2019-11-27,798.6705932617188
2019-11-28,818.9578857421875
2019-11-29,828.4000244140625
2019-12-02,857.7097778320312
2019-12-03,803.7705078125
2019-12-04,803.470703125
2019-12-05,787.4713134765625
2019-12-06,783.159912109375
2019-12-09,777.6602172851562
2019-12-10,777.5999755859375
2019-12-11,778.9500122070312
2019-12-12,769.5
2019-12-13,767.9000244140625
2019-12-16,763.9000244140625
2019-12-17,761.0
2019-12-18,757.2000122070312
2019-12-19,751.2000122070312
2019-12-20,753.7999877929688
2019-12-23,756.4000244140625
2019-12-24,752.5999755859375
2019-12-25,749.2999877929688
2019-12-26,751.5999755859375
2019-12-27,746.5
2019-12-30,748.4000244140625
2019-12-31,732.2000122070312
2020-01-01,738.9000244140625
2020-01-02,740.0999755859375
2020-01-03,749.2999877929688
2020-01-06,763.7999877929688
2020-01-07,773.7999877929688
2020-01-08,769.5999755859375
2020-01-09,757.5
2020-01-10,767.7999877929688
2020-01-13,773.2999877929688
2020-01-14,774.4000244140625
2020-01-15,769.2999877929688
2020-01-16,774.7999877929688
2020-01-17,776.5999755859375
2020-01-20,773.5
2020-01-21,770.9000244140625
2020-01-22,774.4000244140625
2020-01-23,770.9000244140625
2020-01-24,776.5
2020-01-27,776.7999877929688
2020-01-28,787.7000122070312
2020-01-29,785.2000122070312
2020-01-30,792.2999877929688
2020-01-31,796.7999877929688
2020-02-03,799.7999877929688
2020-02-04,787.0
2020-02-05,781.2000122070312
2020-02-06,776.2000122070312
2020-02-07,783.2999877929688
2020-02-10,791.7000122070312
2020-02-11,793.7000122070312
2020-02-12,791.2999877929688
2020-02-13,791.0
2020-02-14,793.5999755859375
2020-02-17,791.5
2020-02-18,794.5
2020-02-19,796.9000244140625
2020-02-20,796.7000122070312
2020-02-21,807.2999877929688
2020-02-24,803.2999877929688
2020-02-25,808.0
2020-02-26,812.0999755859375
2020-02-27,812.0
2020-02-28,814.0
2020-03-02,817.4000244140625
2020-03-03,812.5
2020-03-04,813.7999877929688
2020-03-05,819.4000244140625
2020-03-06,824.9000244140625
2020-03-09,826.0999755859375
2020-03-10,838.7999877929688
2020-03-11,833.5999755859375
2020-03-12,841.2999877929688
2020-03-13,851.0
2020-03-16,838.5
2020-03-17,852.7999877929688
2020-03-18,847.7999877929688
2020-03-19,867.5
2020-03-20,861.7999877929688
2020-03-23,862.7999877929688
2020-03-24,860.2000122070312
2020-03-25,844.9000244140625
2020-03-26,846.2999877929688
2020-03-27,828.9000244140625
2020-03-30,830.7999877929688
2020-03-31,859.2000122070312
2020-04-01,856.2000122070312
2020-04-02,865.4000244140625
2020-04-03,862.4000244140625
2020-04-06,865.2000122070312
2020-04-07,850.0999755859375
2020-04-08,858.9000244140625
2020-04-09,844.0999755859375
2020-04-10,841.7999877929688
2020-04-13,840.0
2020-04-14,849.7000122070312
2020-04-15,849.0999755859375
2020-04-16,856.5999755859375
2020-04-17,852.2000122070312
2020-04-20,852.7999877929688
2020-04-21,857.2000122070312
2020-04-22,858.2999877929688
2020-04-23,858.2999877929688
2020-04-24,859.9000244140625
2020-04-27,857.5
2020-04-28,857.0999755859375
2020-04-29,844.2000122070312
2020-04-30,834.0999755859375
2020-05-01,834.5999755859375
2020-05-04,834.2000122070312
2020-05-05,837.7000122070312
2020-05-06,834.7000122070312
2020-05-07,842.5999755859375
2020-05-08,838.0
2020-05-11,825.2999877929688
2020-05-12,823.5
2020-05-13,824.5
2020-05-14,816.7999877929688
2020-05-15,821.7999877929688
2020-05-18,827.2000122070312
2020-05-19,819.0
2020-05-20,818.7999877929688
2020-05-21,803.4000244140625
2020-05-22,804.2000122070312
2020-05-25,808.0999755859375
2020-05-26,804.5999755859375
2020-05-27,806.7000122070312
2020-05-28,819.9000244140625
2020-05-29,808.0999755859375
2020-06-01,798.5
2020-06-02,792.2999877929688
2020-06-03,776.7999877929688
2020-06-04,785.2000122070312
2020-06-05,770.4000244140625
2020-06-08,766.2999877929688
2020-06-09,767.0999755859375
2020-06-10,769.4000244140625
2020-06-11,773.0
2020-06-12,792.2999877929688
2020-06-15,791.7000122070312
2020-06-16,782.7999877929688
2020-06-17,783.7999877929688
2020-06-18,801.0999755859375
2020-06-19,817.0
2020-06-22,816.7999877929688
2020-06-23,819.2000122070312
2020-06-24,818.7000122070312
2020-06-25,818.5999755859375
2020-06-26,808.5999755859375
2020-06-29,821.0
2020-06-30,821.0
2020-07-01,822.2999877929688
2020-07-02,808.0999755859375
2020-07-03,800.5999755859375
2020-07-06,802.0
2020-07-07,798.9000244140625
2020-07-08,789.0
2020-07-09,786.4000244140625
2020-07-10,788.0999755859375
2020-07-13,791.9000244140625
2020-07-14,789.2000122070312
2020-07-15,786.0
2020-07-16,781.7000122070312
2020-07-17,788.9000244140625
2020-07-20,787.4000244140625
2020-07-21,785.7000122070312
2020-07-22,771.0999755859375
2020-07-23,767.4000244140625
2020-07-24,769.9000244140625
2020-07-27,773.7000122070312
2020-07-28,767.9000244140625
2020-07-29,765.7999877929688
2020-07-30,756.9000244140625
2020-07-31,761.0
2020-08-03,756.2000122070312
2020-08-04,757.2000122070312
2020-08-05,771.2000122070312
2020-08-06,776.9000244140625
2020-08-07,773.0
2020-08-10,788.2999877929688
2020-08-11,805.5
2020-08-12,794.0
2020-08-13,791.7999877929688
2020-08-14,793.0
2020-08-17,797.0999755859375
2020-08-18,807.2000122070312
2020-08-19,794.2000122070312
2020-08-20,783.9000244140625
2020-08-21,785.9000244140625
2020-08-24,792.5999755859375
2020-08-25,785.5
2020-08-26,786.5999755859375
2020-08-27,784.0999755859375
2020-08-28,783.9000244140625
2020-08-31,779.0
2020-09-01,775.9000244140625
2020-09-02,770.7999877929688
2020-09-03,770.9000244140625
2020-09-04,775.2999877929688
2020-09-07,771.0
2020-09-08,774.7000122070312
2020-09-09,772.5
2020-09-10,766.0999755859375
2020-09-11,772.5999755859375
2020-09-14,769.4000244140625
2020-09-15,764.7999877929688
2020-09-16,762.7999877929688
2020-09-17,759.7999877929688
2020-09-18,760.7000122070312
2020-09-21,762.7999877929688
2020-09-22,774.0
2020-09-23,776.7000122070312
2020-09-24,782.7999877929688
2020-09-25,782.7999877929688
2020-09-28,787.5999755859375
2020-09-29,784.0999755859375
2020-09-30,784.0999755859375
2020-10-01,784.5999755859375
2020-10-02,786.5999755859375
2020-10-05,789.0999755859375
2020-10-06,798.2000122070312
2020-10-07,798.2000122070312
2020-10-08,794.0999755859375
2020-10-09,798.0999755859375
2020-10-12,794.2000122070312
2020-10-13,796.5
2020-10-14,798.4000244140625
2020-10-15,798.2999877929688
2020-10-16,803.5999755859375
2020-10-19,793.0
2020-10-20,787.0999755859375
2020-10-21,785.5
2020-10-22,782.5
2020-10-23,778.2999877929688
2020-10-26,775.2000122070312
2020-10-27,774.7999877929688
2020-10-28,772.5
2020-10-29,773.0999755859375
2020-10-30,771.5
2020-11-02,772.7999877929688
2020-11-03,767.2000122070312
2020-11-04,759.0
2020-11-05,753.7000122070312
2020-11-06,755.5999755859375
2020-11-09,751.0
2020-11-10,757.0999755859375
2020-11-11,754.0999755859375
2020-11-12,754.2000122070312
2020-11-13,760.5999755859375
2020-11-16,766.5999755859375
2020-11-17,766.0
2020-11-18,762.7000122070312
2020-11-19,757.7999877929688
2020-11-20,758.7000122070312
2020-11-23,763.7000122070312
2020-11-24,773.4000244140625
2020-11-25,773.2999877929688
2020-11-26,764.2999877929688
2020-11-27,765.7999877929688
2020-11-30,768.2000122070312
2020-12-01,761.4000244140625
2020-12-02,759.5
2020-12-03,755.5
2020-12-04,750.0999755859375
2020-12-07,743.4000244140625
2020-12-08,744.7000122070312
2020-12-09,744.4000244140625
2020-12-10,742.7000122070312
2020-12-11,734.2999877929688
2020-12-14,733.7999877929688
2020-12-15,734.9000244140625
2020-12-16,735.7000122070312
2020-12-17,733.7000122070312
2020-12-18,721.4000244140625
2020-12-21,724.7999877929688
2020-12-22,725.0999755859375
2020-12-23,722.2000122070312
2020-12-24,713.5999755859375
2020-12-25,714.2999877929688
2020-12-28,714.2999877929688
2020-12-29,711.5
2020-12-30,714.9000244140625
2020-12-31,711.0
2021-01-01,710.0
2021-01-04,710.0
2021-01-05,703.7999877929688
2021-01-06,695.4000244140625
2021-01-07,696.0
2021-01-08,712.2999877929688
2021-01-11,703.3304443359375
2021-01-12,719.0
2021-01-13,724.5
2021-01-14,737.2999877929688
2021-01-15,726.0
2021-01-18,723.4689331054688
2021-01-19,733.5
2021-01-20,736.7999877929688
2021-01-21,721.5999755859375
2021-01-22,716.9000244140625
2021-01-25,727.0999755859375
2021-01-26,732.5
2021-01-27,732.7000122070312
2021-01-28,738.2000122070312
2021-01-29,735.5
2021-02-01,734.2999877929688
2021-02-02,733.2999877929688
2021-02-03,732.2000122070312
2021-02-04,732.2000122070312
2021-02-05,735.2000122070312
2021-02-08,738.5
2021-02-09,735.0
2021-02-10,734.2000122070312
2021-02-11,724.5999755859375
2021-02-12,725.7999877929688
2021-02-15,721.2999877929688
2021-02-16,718.7999877929688
2021-02-17,718.0999755859375
2021-02-18,712.7000122070312
2021-02-19,710.5
2021-02-22,708.4000244140625
2021-02-23,706.5
2021-02-24,704.2000122070312
2021-02-25,700.4000244140625
2021-02-26,715.5
2021-03-01,723.4000244140625
2021-03-02,722.4000244140625
2021-03-03,728.5
2021-03-04,727.0999755859375
2021-03-05,731.5999755859375
2021-03-08,732.9000244140625
2021-03-09,736.0
2021-03-10,734.9000244140625
2021-03-11,723.9000244140625
2021-03-12,712.7999877929688
2021-03-15,723.5999755859375
2021-03-16,722.5999755859375
2021-03-17,727.2999877929688
2021-03-18,721.9000244140625
2021-03-19,720.0999755859375
2021-03-22,712.7999877929688
2021-03-23,716.2999877929688
2021-03-24,722.5
2021-03-25,727.2000122070312
2021-03-26,724.7000122070312
2021-03-29,732.4000244140625
2021-03-30,733.5999755859375
2021-03-31,728.7999877929688
2021-04-01,720.0
2021-04-02,716.5999755859375
2021-04-05,716.5999755859375
2021-04-06,721.0
2021-04-07,717.2999877929688
2021-04-08,713.2000122070312
2021-04-09,707.7000122070312
2021-04-12,710.0999755859375
2021-04-13,712.7999877929688
2021-04-14,707.5999755859375
2021-04-15,709.0999755859375
2021-04-16,698.0
2021-04-19,702.2999877929688
2021-04-20,700.0999755859375
2021-04-21,696.5
2021-04-22,697.7000122070312
2021-04-23,706.2999877929688
2021-04-26,712.9000244140625
2021-04-27,704.5999755859375
2021-04-28,701.5
2021-04-29,695.7999877929688
2021-04-30,708.9000244140625
2021-05-03,710.2000122070312
2021-05-04,703.9000244140625
2021-05-05,703.2999877929688
2021-05-06,704.5999755859375
2021-05-07,699.7000122070312
2021-05-10,694.9000244140625
2021-05-11,696.5
2021-05-12,702.0
2021-05-13,706.9000244140625
2021-05-14,707.2000122070312
2021-05-17,699.2999877929688
2021-05-18,715.0999755859375
2021-05-19,711.9000244140625
2021-05-20,714.5999755859375
2021-05-21,720.7000122070312
2021-05-24,720.5
2021-05-25,729.2999877929688
2021-05-26,733.5
2021-05-27,729.5
2021-05-28,724.2000122070312
2021-05-31,724.0
2021-06-01,722.4000244140625
2021-06-02,728.0
2021-06-03,718.0
2021-06-04,718.5
2021-06-07,717.7999877929688
2021-06-08,715.9000244140625
2021-06-09,717.2000122070312
2021-06-10,719.4000244140625
2021-06-11,719.2999877929688
2021-06-14,721.5
2021-06-15,718.9000244140625
2021-06-16,726.5999755859375
2021-06-17,729.7000122070312
2021-06-18,738.0
2021-06-21,748.2000122070312
2021-06-22,747.0999755859375
2021-06-23,740.9000244140625
2021-06-24,735.7000122070312
2021-06-25,733.5
2021-06-28,732.7000122070312
2021-06-29,734.5
2021-06-30,727.2000122070312
2021-07-01,731.7999877929688
2021-07-02,740.0
2021-07-05,735.1500244140625
2021-07-06,735.8800048828125
2021-07-07,747.4400024414062
2021-07-08,748.5999755859375
2021-07-09,752.9000244140625
2021-07-12,748.25
2021-07-13,743.1900024414062
2021-07-14,749.219970703125
2021-07-15,744.6300048828125
2021-07-16,756.4500122070312
2021-07-19,757.2999877929688
2021-07-20,759.75
2021-07-21,757.75
2021-07-22,752.2100219726562
2021-07-23,753.3800048828125
2021-07-26,761.7100219726562
2021-07-27,759.6699829101562
2021-07-28,767.4600219726562
2021-07-29,761.4000244140625
2021-07-30,759.780029296875
2021-08-02,756.1500244140625
2021-08-03,767.9500122070312
2021-08-04,775.2999877929688
2021-08-05,773.8400268554688
2021-08-06,777.489990234375
2021-08-09,787.75
2021-08-10,785.1500244140625
2021-08-11,778.5
2021-08-12,770.9099731445312
2021-08-13,774.2999877929688
2021-08-16,775.489990234375
2021-08-17,786.27001953125
2021-08-18,789.469970703125
2021-08-19,787.2100219726562
2021-08-20,786.010009765625
2021-08-23,786.1300048828125
2021-08-24,783.8800048828125
2021-08-25,782.0700073242188
2021-08-26,783.469970703125
2021-08-27,786.4099731445312
2021-08-30,782.7000122070312
2021-08-31,782.219970703125
2021-09-01,775.3499755859375
2021-09-02,770.8099975585938
2021-09-03,768.8300170898438
2021-09-06,766.5499877929688
2021-09-07,770.1599731445312
2021-09-08,780.280029296875
2021-09-09,787.1799926757812
2021-09-10,792.9000244140625
2021-09-13,787.9600219726562
2021-09-14,784.5599975585938
2021-09-15,783.260009765625
2021-09-16,777.5499877929688
2021-09-17,783.1300048828125
2021-09-20,784.010009765625
2021-09-21,788.5
2021-09-22,785.5499877929688
2021-09-23,787.0999755859375
2021-09-24,784.8900146484375
2021-09-27,792.3300170898438
2021-09-28,793.0
2021-09-29,802.1699829101562
2021-09-30,809.5
2021-10-01,810.3300170898438
2021-10-04,802.760009765625
2021-10-05,805.3599853515625
2021-10-06,810.7000122070312
2021-10-07,812.6599731445312
2021-10-08,811.760009765625
2021-10-11,823.9500122070312
2021-10-12,823.9500122070312
2021-10-13,822.6599731445312
2021-10-14,814.7100219726562
2021-10-15,825.4199829101562
2021-10-18,823.25
2021-10-19,816.6300048828125
2021-10-20,810.0
2021-10-21,813.5499877929688
2021-10-22,817.6599731445312
2021-10-25,815.3499755859375
2021-10-26,807.4000244140625
2021-10-27,803.6300048828125
2021-10-28,804.9000244140625
2021-10-29,805.3900146484375
2021-11-01,813.0
2021-11-02,811.6500244140625
2021-11-03,812.8699951171875
2021-11-04,813.3900146484375
2021-11-05,813.6199951171875
2021-11-08,810.9000244140625
2021-11-09,803.1699829101562
2021-11-10,793.0800170898438
2021-11-11,794.72998046875
2021-11-12,793.6599731445312
2021-11-15,800.3800048828125
2021-11-16,797.5499877929688
2021-11-17,811.5
2021-11-18,829.25
2021-11-19,832.1599731445312
2021-11-22,828.0
2021-11-23,811.7100219726562
2021-11-24,813.2000122070312
2021-11-25,813.8800048828125
2021-11-26,818.5
2021-11-29,831.5499877929688
2021-11-30,843.5
2021-12-01,826.8800048828125
2021-12-02,838.5599975585938
2021-12-03,837.0399780273438
2021-12-06,820.8054809570312
2021-12-07,845.6300048828125
2021-12-08,839.47998046875
2021-12-09,839.0
2021-12-10,824.7659301757812
2021-12-13,835.8202514648438
2021-12-14,840.9099731445312
2021-12-15,842.75
2021-12-16,850.8099975585938
2021-12-17,846.010009765625
2021-12-20,842.7080078125
2021-12-21,870.9400024414062
2021-12-22,871.22998046875
2021-12-23,860.1799926757812
2021-12-24,858.7899780273438
2021-12-27,864.9199829101562
2021-12-28,856.7999877929688
2021-12-29,855.0
2021-12-30,848.8800048828125
2021-12-31,851.5
2022-01-03,851.5
2022-01-04,851.2999877929688
2022-01-05,846.9299926757812
2022-01-06,838.02001953125
2022-01-07,837.0999755859375
2022-01-10,818.8236083984375
2022-01-11,835.0999755859375
2022-01-12,827.75
2022-01-13,822.9199829101562
2022-01-14,816.0
2022-01-17,819.2100219726562
2022-01-18,822.010009765625
2022-01-19,817.4099731445312
2022-01-20,808.510009765625
2022-01-21,802.260009765625
2022-01-24,798.4600219726562
2022-01-25,806.8599853515625
2022-01-26,799.4600219726562
2022-01-27,802.5
2022-01-28,804.75
2022-01-31,794.6881713867188
2022-02-01,800.22998046875
2022-02-02,802.2999877929688
2022-02-03,810.3800048828125
2022-02-04,818.1300048828125
2022-02-07,828.0
2022-02-08,824.1799926757812
2022-02-09,827.0800170898438
2022-02-10,812.7999877929688
2022-02-11,804.75
2022-02-14,793.6327514648438
2022-02-15,812.8800048828125
2022-02-16,800.4500122070312
2022-02-17,797.5499877929688
2022-02-18,794.75
2022-02-21,800.75
2022-02-22,798.0399780273438
2022-02-23,792.219970703125
2022-02-24,790.6799926757812
2022-02-25,816.25
2022-02-28,791.4636840820312
2022-03-01,798.7000122070312
2022-03-02,806.1900024414062
2022-03-03,804.3599853515625
2022-03-04,795.6300048828125
2022-03-07,792.3056640625
2022-03-08,812.0599975585938
2022-03-09,809.4000244140625
2022-03-10,804.0
2022-03-11,801.5
2022-03-14,805.4600219726562
2022-03-15,813.0
2022-03-16,809.3800048828125
2022-03-17,797.6099853515625
2022-03-18,799.0599975585938
2022-03-21,803.010009765625
2022-03-22,793.260009765625
2022-03-23,792.280029296875
2022-03-24,792.1099853515625
2022-03-25,788.6099853515625
2022-03-28,777.510009765625
2022-03-29,778.0800170898438
2022-03-30,779.7100219726562
2022-03-31,788.6300048828125
2022-04-01,786.280029296875
2022-04-04,782.5
2022-04-05,778.530029296875
2022-04-06,786.9099731445312
2022-04-07,799.4099731445312
2022-04-08,805.5499877929688
2022-04-11,814.5
2022-04-12,816.75
2022-04-13,805.5499877929688
2022-04-14,805.3499755859375
2022-04-15,814.9000244140625
2022-04-18,814.4500122070312
2022-04-19,816.0900268554688
2022-04-20,819.2999877929688
2022-04-21,814.9299926757812
2022-04-22,824.3499755859375
2022-04-25,836.75
2022-04-26,844.4099731445312
2022-04-27,846.4099731445312
2022-04-28,846.4500122070312
2022-04-29,857.510009765625
2022-05-02,852.010009765625
2022-05-03,860.760009765625
2022-05-04,855.010009765625
2022-05-05,853.010009765625
2022-05-06,861.780029296875
2022-05-09,858.489990234375
2022-05-10,868.260009765625
2022-05-11,866.3499755859375
2022-05-12,861.6300048828125
2022-05-13,865.1599731445312
2022-05-16,859.9000244140625
2022-05-17,857.280029296875
2022-05-18,850.5
2022-05-19,854.22998046875
2022-05-20,837.0499877929688
2022-05-23,836.0
2022-05-24,829.97998046875
2022-05-25,829.8599853515625
2022-05-26,831.5999755859375
2022-05-27,823.3200073242188
2022-05-30,826.0
2022-05-31,829.989990234375
2022-06-01,823.7100219726562
2022-06-02,823.1099853515625
2022-06-03,812.72998046875
2022-06-06,811.3099975585938
2022-06-07,822.239990234375
2022-06-08,824.5
2022-06-09,821.25
2022-06-10,826.0
2022-06-13,844.1300048828125
2022-06-14,862.4600219726562
2022-06-15,868.5399780273438
2022-06-16,856.52001953125
2022-06-17,866.5999755859375
2022-06-20,876.2999877929688
2022-06-21,883.0999755859375
2022-06-22,873.5
2022-06-23,889.760009765625
2022-06-24,903.530029296875
2022-06-27,917.3699951171875
2022-06-28,920.0900268554688
2022-06-29,910.6799926757812
2022-06-30,926.2999877929688
2022-07-01,916.25
2022-07-04,932.0800170898438
2022-07-05,928.25
2022-07-06,952.7999877929688
2022-07-07,969.5
2022-07-08,951.280029296875
2022-07-11,973.6099853515625
2022-07-12,993.2999877929688
2022-07-13,1019.1500244140625
2022-07-14,1012.2000122070312
2022-07-15,1008.8400268554688
2022-07-18,1050.25
2022-07-19,1050.260009765625
2022-07-20,1050.260009765625
2022-07-21,926.9600219726562
2022-07-22,928.3200073242188
2022-07-25,951.9299926757812
2022-07-26,936.4299926757812
2022-07-27,924.4000244140625
2022-07-28,909.75
2022-07-29,908.4500122070312
2022-08-01,900.5999755859375
2022-08-02,891.2000122070312
2022-08-03,909.2899780273438
2022-08-04,911.1199951171875
2022-08-05,901.9000244140625
2022-08-08,917.6400146484375
2022-08-09,905.4000244140625
2022-08-10,903.25
2022-08-11,887.0800170898438
2022-08-12,884.4099731445312
2022-08-15,875.260009765625
2022-08-16,880.510009765625
2022-08-17,881.0
2022-08-18,897.0999755859375
2022-08-19,929.2000122070312
2022-08-22,944.0
2022-08-23,937.5
2022-08-24,916.25
2022-08-25,920.9299926757812
2022-08-26,898.0
2022-08-29,892.6500244140625
2022-08-30,882.010009765625
2022-08-31,889.9500122070312
2022-09-01,896.5
2022-09-02,896.5700073242188
2022-09-05,878.219970703125
2022-09-06,881.25
2022-09-07,892.5
2022-09-08,883.530029296875
2022-09-09,881.75
2022-09-12,904.97998046875
2022-09-13,897.8499755859375
2022-09-14,917.010009765625
2022-09-15,919.9500122070312
2022-09-16,923.25
2022-09-19,921.8699951171875
2022-09-20,922.3200073242188
2022-09-21,932.5999755859375
2022-09-22,936.260009765625
2022-09-23,944.3800048828125
2022-09-26,970.0499877929688
2022-09-27,993.510009765625
2022-09-28,984.6599731445312
2022-09-29,956.030029296875
2022-09-30,963.25
2022-10-03,967.510009765625
2022-10-04,939.9600219726562
2022-10-05,931.3400268554688
2022-10-06,939.6599731445312
2022-10-07,943.5800170898438
2022-10-10,937.8300170898438
2022-10-11,937.6799926757812
2022-10-12,927.010009765625
2022-10-13,944.010009765625
2022-10-14,937.510009765625
2022-10-17,961.510009765625
2022-10-18,971.3499755859375
2022-10-19,972.75
2022-10-20,973.7000122070312
2022-10-21,978.0
2022-10-24,972.25
2022-10-25,986.25
2022-10-26,967.0
2022-10-27,951.2999877929688
2022-10-28,943.25
2022-10-31,942.9000244140625
2022-11-01,943.0
2022-11-02,942.9400024414062
2022-11-03,944.2000122070312
2022-11-04,944.1599731445312
2022-11-07,926.260009765625
2022-11-08,916.3499755859375
2022-11-09,906.5
2022-11-10,906.5
2022-11-11,893.9500122070312
2022-11-14,890.4600219726562
2022-11-15,890.7000122070312
2022-11-16,886.5
2022-11-17,911.75
2022-11-18,921.2000122070312
2022-11-21,941.2999877929688
2022-11-22,941.5999755859375
2022-11-23,926.0
2022-11-24,915.9500122070312
2022-11-25,909.8499755859375
2022-11-28,921.72998046875
2022-11-29,912.9500122070312
2022-11-30,900.0499877929688
2022-12-01,890.0
2022-12-02,879.1099853515625
2022-12-05,883.0
2022-12-06,895.6300048828125
2022-12-07,878.75
2022-12-08,866.4000244140625
2022-12-09,863.5
2022-12-12,843.0218505859375
2022-12-13,866.75
2022-12-14,856.7999877929688
2022-12-15,870.6500244140625
2022-12-16,878.0499877929688
2022-12-19,865.8007202148438
2022-12-20,888.7000122070312
2022-12-21,885.8099975585938
2022-12-22,870.75
2022-12-23,870.8599853515625
2022-12-26,877.5
2022-12-27,878.0
2022-12-28,867.5999755859375
2022-12-29,861.75
2022-12-30,856.0
2023-01-02,847.75
2023-01-03,847.75
2023-01-04,862.3499755859375
2023-01-05,854.9099731445312
2023-01-06,851.5
2023-01-09,840.8800048828125
2023-01-10,835.1300048828125
2023-01-11,826.4500122070312
2023-01-12,823.260009765625
2023-01-13,818.0
2023-01-16,805.4324340820312
2023-01-17,822.1799926757812
2023-01-18,814.6500244140625
2023-01-19,823.5
2023-01-20,823.25
2023-01-23,814.7999877929688
2023-01-24,812.780029296875
2023-01-25,800.9500122070312
2023-01-26,802.9500122070312
2023-01-27,801.780029296875
2023-01-30,790.1696166992188
2023-01-31,807.0
2023-02-01,795.6599731445312
2023-02-02,786.0499877929688
2023-02-03,779.5
2023-02-06,777.9078369140625
2023-02-07,803.9000244140625
2023-02-08,794.9199829101562
2023-02-09,800.3499755859375
2023-02-10,799.7999877929688
2023-02-13,792.5676879882812
2023-02-14,792.22998046875
2023-02-15,786.8300170898438
2023-02-16,791.6300048828125
2023-02-17,791.1199951171875
2023-02-20,782.6790771484375
2023-02-21,797.3400268554688
2023-02-22,802.2899780273438
2023-02-23,800.5399780273438
2023-02-24,803.7999877929688
2023-02-27,798.2564697265625
2023-02-28,833.1400146484375
2023-03-01,826.9600219726562
2023-03-02,810.5700073242188
2023-03-03,812.3800048828125
2023-03-06,802.6599731445312
2023-03-07,799.0399780273438
2023-03-08,803.219970703125
2023-03-09,802.52001953125
2023-03-10,795.9500122070312
2023-03-13,779.7490844726562
2023-03-14,803.3499755859375
2023-03-15,802.1500244140625
2023-03-16,820.0999755859375
2023-03-17,824.8300170898438
2023-03-20,801.855224609375
2023-03-21,825.5800170898438
2023-03-22,822.25
2023-03-23,810.25
2023-03-24,806.7999877929688
2023-03-27,811.989990234375
2023-03-28,805.72998046875
2023-03-29,797.97998046875
2023-03-30,791.6199951171875
2023-03-31,788.8200073242188
2023-04-03,794.3900146484375
2023-04-04,810.22998046875
2023-04-05,807.22998046875
2023-04-06,811.3699951171875
2023-04-07,819.4000244140625
2023-04-10,818.2000122070312
2023-04-11,818.8699951171875
2023-04-12,808.9500122070312
2023-04-13,801.5399780273438
2023-04-14,793.7000122070312
2023-04-17,796.6500244140625
2023-04-18,800.22998046875
2023-04-19,794.3800048828125
2023-04-20,794.1400146484375
2023-04-21,792.22998046875
2023-04-24,802.2000122070312
2023-04-25,813.7999877929688
2023-04-26,812.0499877929688
2023-04-27,804.5999755859375
2023-04-28,802.8599853515625
2023-05-01,806.5
2023-05-02,806.1199951171875
2023-05-03,808.719970703125
2023-05-04,803.9500122070312
2023-05-05,798.1300048828125
2023-05-08,793.3099975585938
2023-05-09,795.989990234375
2023-05-10,790.1900024414062
2023-05-11,788.1199951171875
2023-05-12,794.5
2023-05-15,785.25
2023-05-16,784.0900268554688
2023-05-17,798.6300048828125
2023-05-18,792.7100219726562
2023-05-19,795.6400146484375
2023-05-22,798.1900024414062
2023-05-23,797.3800048828125
2023-05-24,800.5
2023-05-25,806.8300170898438
2023-05-26,808.0999755859375
2023-05-29,798.0499877929688
2023-05-30,800.6500244140625
2023-05-31,804.3499755859375
2023-06-01,809.6300048828125
2023-06-02,801.0
2023-06-05,798.4400024414062
2023-06-06,797.0999755859375
2023-06-07,795.739990234375
2023-06-08,791.1300048828125
2023-06-09,788.3800048828125
2023-06-12,787.7999877929688
2023-06-13,788.2000122070312
2023-06-14,803.2100219726562
2023-06-15,800.5800170898438
2023-06-16,793.0399780273438
2023-06-19,779.3716430664062
2023-06-20,794.0800170898438
2023-06-21,801.9299926757812
2023-06-22,802.0399780273438
2023-06-23,804.1900024414062
2023-06-26,805.75
2023-06-27,805.1799926757812
2023-06-28,797.1900024414062
2023-06-29,799.97998046875
2023-06-30,802.8499755859375
2023-07-03,801.22998046875
2023-07-04,798.7999877929688
2023-07-05,798.8300170898438
2023-07-06,796.8900146484375
2023-07-07,803.7999877929688
2023-07-10,807.3200073242188
2023-07-11,812.3900146484375
2023-07-12,815.4600219726562
2023-07-13,811.0599975585938
2023-07-14,809.4600219726562
2023-07-17,814.0
2023-07-18,817.97998046875
2023-07-19,815.3499755859375
2023-07-20,806.2000122070312
2023-07-21,816.5
2023-07-24,819.1400146484375
2023-07-25,828.0599975585938
2023-07-26,828.27001953125
2023-07-27,824.239990234375
2023-07-28,827.3900146484375
2023-07-31,827.7899780273438
2023-08-01,840.22998046875
2023-08-02,841.1300048828125
2023-08-03,844.3900146484375
2023-08-04,850.8499755859375
2023-08-07,848.5499877929688
2023-08-08,858.5999755859375
2023-08-09,859.9600219726562
2023-08-10,861.3699951171875
2023-08-11,845.9500122070312
2023-08-14,859.5
2023-08-15,859.5499877929688
2023-08-16,862.5499877929688
2023-08-17,869.8300170898438
2023-08-18,864.489990234375
2023-08-21,870.510009765625
2023-08-22,869.030029296875
2023-08-23,869.0499877929688
2023-08-24,868.5999755859375
2023-08-25,849.7100219726562
2023-08-28,844.97998046875
2023-08-29,849.4500122070312
2023-08-30,855.9500122070312
2023-08-31,851.8099975585938
2023-09-01,851.75
2023-09-04,853.3499755859375
2023-09-05,857.3099975585938
2023-09-06,873.6199951171875
2023-09-07,872.1300048828125
2023-09-08,882.780029296875
2023-09-11,895.6400146484375
2023-09-12,886.239990234375
2023-09-13,892.1099853515625
2023-09-14,881.3099975585938
2023-09-15,888.739990234375
2023-09-18,884.1400146484375
2023-09-19,886.1199951171875
2023-09-20,883.8499755859375
2023-09-21,882.0999755859375
2023-09-22,889.219970703125
2023-09-25,894.3400268554688
2023-09-26,902.9000244140625
2023-09-27,903.5999755859375
2023-09-28,908.6300048828125
2023-09-29,904.9000244140625
2023-10-02,890.6500244140625
2023-10-03,908.0800170898438
2023-10-04,917.0999755859375
2023-10-05,914.8300170898438
2023-10-06,913.9000244140625
2023-10-09,923.0
2023-10-10,920.5499877929688
2023-10-11,928.7000122070312
2023-10-12,925.0399780273438
2023-10-13,936.1799926757812
2023-10-16,938.9500122070312
2023-10-17,946.5800170898438
2023-10-18,936.72998046875
2023-10-19,939.7100219726562
2023-10-20,941.2100219726562
2023-10-23,944.1300048828125
2023-10-24,932.47998046875
2023-10-25,925.989990234375
2023-10-26,923.97998046875
2023-10-27,929.3400268554688
2023-10-30,918.446044921875
2023-10-31,906.9400024414062
2023-11-01,895.530029296875
2023-11-02,895.1799926757812
2023-11-03,886.6599731445312
2023-11-06,869.6134033203125
2023-11-07,881.2999877929688
2023-11-08,885.8200073242188
2023-11-09,898.3699951171875
2023-11-10,910.75
2023-11-13,901.6378173828125
2023-11-14,922.3300170898438
2023-11-15,890.8499755859375
2023-11-16,887.0999755859375
2023-11-17,880.8400268554688
2023-11-20,860.1034545898438
2023-11-21,877.8499755859375
2023-11-22,869.4000244140625
2023-11-23,871.0499877929688
2023-11-24,872.9299926757812
2023-11-27,855.2303466796875
2023-11-28,870.6500244140625
2023-11-29,867.1699829101562
2023-11-30,869.1500244140625
2023-12-01,870.2000122070312
2023-12-04,855.7864379882812
2023-12-05,867.5
2023-12-06,878.4500122070312
2023-12-07,870.4299926757812
2023-12-08,872.1599731445312
2023-12-11,859.9549560546875
2023-12-12,882.239990234375
2023-12-13,876.9000244140625
2023-12-14,874.780029296875
2023-12-15,865.1199951171875
2023-12-18,857.5003662109375
2023-12-19,873.75
2023-12-20,862.3699951171875
2023-12-21,870.0999755859375
2023-12-22,878.6799926757812
2023-12-25,863.5426635742188
2023-12-26,892.239990234375
2023-12-27,892.2100219726562
2023-12-28,883.6300048828125
2023-12-29,884.6400146484375
2024-01-01,871.8646850585938
2024-01-02,872.6539916992188
2024-01-03,883.8200073242188
2024-01-04,881.72998046875
2024-01-05,886.97998046875
2024-01-08,877.2498779296875
2024-01-09,903.5
2024-01-10,917.6500244140625
2024-01-11,916.1900024414062
2024-01-12,913.469970703125
2024-01-15,895.7639770507812
2024-01-16,910.1400146484375
2024-01-17,922.2899780273438
2024-01-18,921.2000122070312
2024-01-19,919.5900268554688
2024-01-22,896.9052124023438
2024-01-23,909.3099975585938
2024-01-24,911.989990234375
2024-01-25,910.3300170898438
2024-01-26,909.3699951171875
2024-01-29,894.8502197265625
2024-01-30,929.77001953125
2024-01-31,932.1500244140625
2024-02-01,930.280029296875
2024-02-02,931.5700073242188
2024-02-05,927.764404296875
2024-02-06,953.739990234375
2024-02-07,947.5999755859375
2024-02-08,953.0999755859375
2024-02-09,965.4199829101562
2024-02-12,956.61083984375
2024-02-13,970.469970703125
2024-02-14,969.8800048828125
2024-02-15,957.3300170898438
2024-02-16,967.1900024414062
2024-02-19,951.2039184570312
2024-02-20,964.5
2024-02-21,962.0999755859375
2024-02-22,969.1799926757812
2024-02-23,978.469970703125
2024-02-26,965.7730712890625
2024-02-27,986.5499877929688
2024-02-28,980.97998046875
2024-02-29,978.6400146484375
2024-03-01,966.280029296875
2024-03-04,945.7276000976562
2024-03-05,973.8800048828125
2024-03-06,976.989990234375
2024-03-07,985.1500244140625
2024-03-08,980.5399780273438
2024-03-11,953.6156616210938
2024-03-12,965.8800048828125
2024-03-13,950.760009765625
2024-03-14,945.3699951171875
2024-03-15,941.3200073242188
2024-03-18,925.2318725585938
2024-03-19,946.4099731445312
2024-03-20,965.8699951171875
2024-03-21,962.510009765625
2024-03-22,968.6300048828125
2024-03-25,964.0664672851562
2024-03-26,977.8800048828125
2024-03-27,981.530029296875
2024-03-28,979.3900146484375
2024-03-29,980.4600219726562
2024-04-01,979.27001953125
2024-04-02,984.97998046875
2024-04-03,975.5700073242188
2024-04-04,954.3900146484375
2024-04-05,940.2999877929688
2024-04-08,927.7029418945312
2024-04-09,933.3106079101562
2024-04-10,941.0900268554688
2024-04-11,947.489990234375
2024-04-12,954.8599853515625
2024-04-15,964.1300048828125
2024-04-16,972.2999877929688
2024-04-17,979.9600219726562
2024-04-18,978.4299926757812
2024-04-19,965.6900024414062
2024-04-22,958.6400146484375
2024-04-23,952.1300048828125
2024-04-24,953.2000122070312
2024-04-25,952.1799926757812
2024-04-26,948.0
2024-04-29,951.469970703125
2024-04-30,941.5399780273438
2024-05-01,957.510009765625
2024-05-02,959.8800048828125
2024-05-03,947.1500244140625
2024-05-06,942.75
2024-05-07,929.3900146484375
2024-05-08,936.9500122070312
2024-05-09,935.6300048828125
2024-05-10,924.0499877929688
2024-05-13,913.1746826171875
2024-05-14,923.4099731445312
2024-05-15,914.0800170898438
2024-05-16,904.7899780273438
2024-05-17,898.030029296875
2024-05-20,894.0
2024-05-21,887.0900268554688
2024-05-22,888.0
2024-05-23,898.1900024414062
2024-05-24,909.1099853515625
2024-05-27,905.719970703125
2024-05-28,901.8699951171875
2024-05-29,895.8800048828125
2024-05-30,910.280029296875
2024-05-31,916.8400268554688
2024-06-03,918.5800170898438
2024-06-04,904.010009765625
2024-06-05,905.75
2024-06-06,908.8800048828125
2024-06-07,908.0499877929688
2024-06-10,900.9844970703125
2024-06-11,919.9400024414062
2024-06-12,922.75
2024-06-13,916.4500122070312
2024-06-14,917.7000122070312
2024-06-17,924.8800048828125
2024-06-18,926.3900146484375
2024-06-19,934.9500122070312
2024-06-20,932.0900268554688
2024-06-21,931.97998046875
2024-06-24,918.0421752929688
2024-06-25,944.9199829101562
2024-06-26,940.6500244140625
2024-06-27,946.4000244140625
2024-06-28,954.1300048828125
2024-07-01,942.049560546875
2024-07-02,946.4000244140625
2024-07-03,946.7899780273438
2024-07-04,941.27001953125
2024-07-05,936.9000244140625
2024-07-08,935.1300048828125
2024-07-09,939.489990234375
2024-07-10,934.989990234375
2024-07-11,912.5900268554688
2024-07-12,913.8099975585938
2024-07-15,898.9515991210938
2024-07-16,909.27001953125
2024-07-17,909.8099975585938
2024-07-18,923.9299926757812
2024-07-19,932.780029296875
2024-07-22,941.760009765625
2024-07-23,943.5999755859375
2024-07-24,946.2000122070312
2024-07-25,947.1099853515625
2024-07-26,946.6400146484375
2024-07-29,937.5270385742188
2024-07-30,956.3099975585938
2024-07-31,955.5399780273438
2024-08-01,942.7999877929688
2024-08-02,948.0800170898438
2024-08-05,930.9984741210938
2024-08-06,953.1599731445312
2024-08-07,944.5800170898438
2024-08-08,944.0900268554688
2024-08-09,935.1799926757812
2024-08-12,931.8300170898438
2024-08-13,933.52001953125
2024-08-14,931.3400268554688
2024-08-15,933.6400146484375
2024-08-16,932.2000122070312
2024-08-19,937.8099975585938
2024-08-20,922.9099731445312
2024-08-21,923.3800048828125
2024-08-22,915.5800170898438
2024-08-23,919.010009765625
2024-08-26,908.4000244140625
2024-08-27,906.3599853515625
2024-08-28,907.27001953125
2024-08-29,912.3800048828125
2024-08-30,914.5800170898438
2024-09-02,913.52001953125
2024-09-03,915.0999755859375
2024-09-04,928.2999877929688
2024-09-05,942.8300170898438
2024-09-06,942.1599731445312
2024-09-09,943.2100219726562
2024-09-10,943.4000244140625
2024-09-11,949.2999877929688
2024-09-12,941.6500244140625
2024-09-13,933.72998046875
2024-09-16,928.8200073242188
2024-09-17,922.3499755859375
2024-09-18,929.4099731445312
2024-09-19,930.25
2024-09-20,930.3599853515625
2024-09-23,927.9000244140625
2024-09-24,922.3099975585938
2024-09-25,913.22998046875
2024-09-26,911.3699951171875
2024-09-27,905.4000244140625
2024-09-30,899.75
2024-10-01,897.4099731445312
2024-10-02,903.72998046875
2024-10-03,911.1699829101562
2024-10-04,920.3900146484375
2024-10-07,923.8499755859375
2024-10-08,925.8699951171875
2024-10-09,933.1900024414062
2024-10-10,932.7999877929688
2024-10-11,929.5900268554688
2024-10-14,929.760009765625
2024-10-15,926.3099975585938
2024-10-16,939.489990234375
2024-10-17,937.1300048828125
2024-10-18,945.9099731445312
2024-10-21,930.7589721679688
2024-10-22,951.75
2024-10-23,948.5499877929688
2024-10-24,944.8300170898438
2024-10-25,946.4600219726562
2024-10-28,935.7185668945312
2024-10-29,946.4400024414062
2024-10-30,955.75
2024-10-31,961.3400268554688
2024-11-01,960.9400024414062
2024-11-04,947.4153442382812
2024-11-05,953.8599853515625
2024-11-06,956.0800170898438
2024-11-07,962.9400024414062
2024-11-08,957.1799926757812
2024-11-11,945.7733154296875
2024-11-12,968.6599731445312
2024-11-13,985.4099731445312
2024-11-14,979.4099731445312
2024-11-15,975.0800170898438
2024-11-18,961.9932861328125
2024-11-19,972.3499755859375
2024-11-20,970.7899780273438
2024-11-21,972.75
2024-11-22,973.0900268554688
2024-11-25,964.489013671875
2024-11-26,975.7000122070312
2024-11-27,976.969970703125
2024-11-28,976.8499755859375
2024-11-29,977.4400024414062
2024-12-02,960.9544067382812
2024-12-03,978.260009765625
2024-12-04,972.0
2024-12-05,974.72998046875
2024-12-06,969.6799926757812
2024-12-09,957.8364868164062
2024-12-10,969.1799926757812
2024-12-11,974.469970703125
2024-12-12,974.7000122070312
2024-12-13,976.3900146484375
2024-12-16,965.2628784179688
2024-12-17,983.5700073242188
2024-12-18,982.1099853515625
2024-12-19,993.9199829101562
2024-12-20,991.1500244140625
2024-12-23,974.4860229492188
2024-12-24,989.97998046875
2024-12-25,990.1799926757812
2024-12-26,988.7899780273438
2024-12-27,988.6400146484375
2024-12-30,979.0533447265625
2024-12-31,993.3499755859375
2025-01-02,993.3499755859375
2025-01-03,1004.1300048828125
2025-01-06,1010.3800048828125
2025-01-07,1010.5800170898438
2025-01-08,1004.3400268554688
2025-01-09,1000.8400268554688
2025-01-10,1006.0700073242188
2025-01-13,1008.9400024414062
2025-01-14,1008.010009765625
2025-01-15,1006.0999755859375
2025-01-16,1005.489990234375
2025-01-17,1013.0599975585938
2025-01-20,1000.23291015625
2025-01-21,1007.2999877929688
2025-01-22,1003.4299926757812
2025-01-23,990.8099975585938
2025-01-24,987.0499877929688
2025-01-27,966.6174926757812
2025-01-28,986.8499755859375
2025-01-29,994.030029296875
2025-01-30,991.2999877929688
2025-01-31,983.77001953125
2025-02-03,987.900146484375
2025-02-04,985.1500244140625
2025-02-05,971.7000122070312
2025-02-06,970.219970703125
2025-02-07,962.0700073242188
2025-02-10,947.8109130859375
2025-02-11,961.3900146484375
2025-02-12,961.030029296875
2025-02-13,956.0
2025-02-14,952.4400024414062
2025-02-17,928.5040893554688
2025-02-18,947.1599731445312
2025-02-19,948.969970703125
2025-02-20,950.760009765625
2025-02-21,942.2899780273438
2025-02-24,930.7056274414062
2025-02-25,943.3300170898438
2025-02-26,941.8200073242188
2025-02-27,941.9400024414062
2025-02-28,952.239990234375
2025-03-03,940.6137084960938
2025-03-04,950.0999755859375
2025-03-05,947.030029296875
2025-03-06,939.0700073242188
2025-03-07,928.510009765625
2025-03-10,914.76953125
2025-03-11,942.1199951171875
2025-03-12,937.239990234375
2025-03-13,938.5900268554688
2025-03-14,937.7000122070312
2025-03-17,916.7955932617188
2025-03-18,920.0
2025-03-19,916.6900024414062
2025-03-20,916.2899780273438
2025-03-21,926.5499877929688
2025-03-24,915.72509765625
2025-03-25,927.97998046875
2025-03-26,919.280029296875
2025-03-27,923.1199951171875
2025-03-28,932.72998046875
2025-03-31,916.3352661132812
2025-04-01,940.6799926757812
2025-04-02,946.030029296875
2025-04-03,955.3400268554688
2025-04-04,949.0599975585938
2025-04-07,955.0399780273438
2025-04-08,990.510009765625
2025-04-09,1000.8300170898438
2025-04-10,981.030029296875
2025-04-11,988.8900146484375
2025-04-14,971.260009765625
2025-04-15,965.9299926757812
2025-04-16,968.9500122070312
2025-04-17,968.9000244140625
2025-04-22,961.1500244140625
2025-04-23,952.02001953125
2025-04-24,941.6300048828125
2025-04-25,936.739990234375
2025-04-28,935.25
2025-04-29,943.489990234375
2025-04-30,945.1900024414062
2025-05-01,950.72998046875
2025-05-02,947.260009765625
2025-05-05,947.9299926757812
2025-05-06,939.2999877929688
2025-05-07,938.5399780273438
2025-05-08,946.030029296875
2025-05-09,941.010009765625
2025-05-12,934.3300170898438
2025-05-13,945.8900146484375
2025-05-14,940.0
2025-05-15,940.72998046875
2025-05-16,938.9199829101562
2025-05-19,941.8599853515625
2025-05-20,940.5800170898438
2025-05-21,942.3800048828125
2025-05-22,943.2000122070312
2025-05-23,942.4500122070312
2025-05-26,940.219970703125
2025-05-27,940.6300048828125
2025-05-28,938.4600219726562
2025-05-29,938.9199829101562
2025-05-30,938.4299926757812
2025-06-02,921.7597045898438
2025-06-03,938.6599731445312
2025-06-04,939.6099853515625
2025-06-05,937.6500244140625
2025-06-06,930.260009765625
2025-06-09,931.0900268554688
2025-06-10,935.719970703125
2025-06-11,937.6900024414062
2025-06-12,933.6099853515625
2025-06-13,929.6099853515625
2025-06-16,913.9111328125
2025-06-17,935.7999877929688
2025-06-18,945.02001953125
2025-06-19,942.760009765625
2025-06-20,940.5800170898438
2025-06-23,939.5
2025-06-24,947.8900146484375
2025-06-25,935.4400024414062
2025-06-26,936.9299926757812
2025-06-27,930.75
2025-06-30,919.1043090820312
2025-07-01,931.1400146484375
2025-07-02,928.1300048828125
2025-07-03,925.760009765625
2025-07-04,927.2899780273438
2025-07-07,930.0
2025-07-08,940.9400024414062
2025-07-09,943.22998046875
2025-07-10,948.9400024414062
2025-07-11,949.5599975585938
2025-07-14,937.8051147460938
2025-07-15,967.97998046875
2025-07-16,966.8400268554688
2025-07-17,967.4299926757812
2025-07-18,964.4500122070312
2025-07-21,963.3900146484375
2025-07-22,953.6199951171875
2025-07-23,950.22998046875
2025-07-24,948.0599975585938
2025-07-25,949.75
2025-07-28,936.902587890625
2025-07-29,958.5599975585938
2025-07-30,960.239990234375
2025-07-31,981.4299926757812
2025-08-01,972.2000122070312
2025-08-04,946.9133911132812
2025-08-05,966.280029296875
2025-08-06,966.3499755859375
2025-08-07,974.3499755859375
2025-08-08,969.8300170898438
2025-08-11,967.780029296875
2025-08-12,968.6900024414062
2025-08-13,956.3499755859375
2025-08-14,952.6199951171875
2025-08-15,965.510009765625
2025-08-18,963.5999755859375
2025-08-19,963.6900024414062
2025-08-20,963.0399780273438
2025-08-21,965.77001953125
2025-08-22,970.4299926757812
2025-08-25,959.52001953125
2025-08-26,962.1300048828125
2025-08-27,966.0499877929688
2025-08-28,968.1699829101562
2025-08-29,967.8200073242188
2025-09-01,965.9600219726562
2025-09-02,966.9600219726562
2025-09-03,973.1400146484375
2025-09-04,967.9099731445312
2025-09-05,971.739990234375
2025-09-08,966.7100219726562
2025-09-09,970.0399780273438
2025-09-10,966.6699829101562
2025-09-11,961.3900146484375
2025-09-12,952.3400268554688
2025-09-15,939.7928466796875
2025-09-16,951.0700073242188
2025-09-17,947.260009765625
2025-09-18,951.6400146484375
2025-09-19,955.0599975585938
2025-09-22,954.9400024414062
2025-09-23,955.7899780273438
2025-09-24,948.0900268554688
2025-09-25,952.010009765625
2025-09-26,959.1300048828125
2025-09-29,959.510009765625
2025-09-30,964.9400024414062
2025-10-01,961.260009765625
2025-10-02,959.5499877929688
2025-10-03,961.469970703125
2025-10-06,947.3361206054688
2025-10-07,961.4299926757812
2025-10-08,959.1099853515625
2025-10-09,950.469970703125
2025-10-10,950.4600219726562
2025-10-13,947.030029296875
2025-10-14,956.5499877929688
2025-10-15,960.8499755859375
2025-10-16,959.1199951171875
2025-10-17,954.969970703125
2025-10-20,960.6500244140625
2025-10-21,950.5499877929688
2025-10-22,950.9500122070312
2025-10-23,949.75
2025-10-24,946.9400024414062
2025-10-27,930.953857421875
2025-10-28,939.9000244140625
2025-10-29,942.0999755859375
2025-10-30,940.510009765625
2025-10-31,942.02001953125
2025-11-03,928.7900390625
2025-11-04,938.530029296875
2025-11-05,946.3900146484375
2025-11-06,943.4199829101562
2025-11-07,942.0
2025-11-10,929.9956665039062
2025-11-11,937.4400024414062
2025-11-12,935.6300048828125
2025-11-13,929.52001953125
2025-11-14,929.3800048828125
2025-11-17,918.2572631835938
2025-11-18,923.3699951171875
2025-11-19,931.9000244140625
2025-11-20,931.9500122070312
2025-11-21,930.1500244140625
2025-11-24,938.5700073242188
2025-11-25,940.6400146484375
2025-11-26,934.9600219726562
2025-11-27,925.7000122070312
2025-11-28,926.8800048828125
2025-12-01,927.5700073242188
2025-12-02,929.2999877929688
2025-12-03,923.4600219726562
2025-12-04,918.4500122070312
2025-12-05,917.22998046875
2025-12-08,921.3800048828125
2025-12-09,922.6900024414062
2025-12-10,925.6799926757812
2025-12-11,923.3300170898438
2025-12-12,913.75
2025-12-15,909.75
2025-12-16,913.8300170898438
2025-12-17,913.4400024414062
2025-12-18,917.4199829101562
2025-12-19,910.6400146484375
2025-12-22,910.1400146484375
2025-12-23,909.3499755859375
2025-12-24,907.3200073242188
2025-12-26,903.8499755859375
2025-12-29,905.4000244140625
2025-12-30,914.25
2025-12-31,899.9400024414062
2026-01-02,899.6400146484375
2026-01-05,906.0599975585938
2026-01-06,903.52001953125
2026-01-07,893.4299926757812
2026-01-08,894.8400268554688
2026-01-09,896.489990234375
2026-01-12,894.6300048828125
2026-01-13,883.6699829101562
2026-01-14,885.5499877929688
2026-01-15,881.3400268554688
2026-01-16,882.510009765625
2026-01-19,886.1900024414062
2026-01-20,887.2899780273438
2026-01-21,884.6099853515625
2026-01-22,874.3499755859375
2026-01-23,871.25
2026-01-26,870.0399780273438
2026-01-27,864.5900268554688
2026-01-28,859.75
2026-01-29,862.4400024414062
2026-01-30,859.1599731445312
2026-02-02,865.9299926757812
2026-02-03,865.1099853515625
2026-02-04,860.0399780273438
2026-02-05,858.2100219726562
2026-02-06,866.2100219726562
2026-02-09,860.3900146484375
2026-02-10,852.3699951171875
2026-02-11,855.1599731445312
2026-02-12,854.1400146484375
2026-02-13,856.6099853515625
2026-02-16,862.4000244140625
2026-02-17,862.3200073242188
2026-02-18,865.719970703125
2026-02-19,861.5900268554688
2026-02-20,865.02001953125
2026-02-23,866.4000244140625
2026-02-24,866.4000244140625
2026-02-25,860.6599731445312
2026-02-26,856.530029296875
2026-02-27,865.1699829101562
2026-03-02,873.1599731445312
2026-03-03,882.6500244140625
2026-03-04,899.9199829101562
2026-03-05,894.3800048828125
2026-03-06,905.6699829101562
2026-03-09,910.8900146484375
2026-03-10,914.8200073242188
2026-03-11,888.6900024414062
2026-03-12,896.9400024414062
2026-03-13,915.7000122070312
2026-03-16,916.7100219726562
2026-03-17,909.4199829101562
2026-03-18,906.9099731445312
2026-03-19,915.1300048828125
2026-03-20,912.489990234375
2026-03-23,927.5499877929688
2026-03-24,910.6799926757812
2026-03-25,917.3599853515625
2026-03-26,916.6900024414062
2026-03-27,928.0399780273438
2026-03-30,922.719970703125
2026-03-31,930.219970703125
2026-04-01,926.1099853515625
2026-04-02,912.4600219726562
2026-04-03,916.5
2026-04-06,919.3699951171875
2026-04-07,915.969970703125
2026-04-08,916.4600219726562
2026-04-09,897.22998046875
2026-04-10,891.6199951171875
2026-04-13,894.4400024414062
2026-04-14,894.8900146484375
2026-04-15,886.22998046875
2026-04-16,884.9500122070312
2026-04-17,886.1199951171875
2026-04-20,890.3200073242188
2026-04-21,881.219970703125
2026-04-22,891.9400024414062
2026-04-23,889.72998046875
2026-04-24,894.469970703125
2026-04-27,896.1099853515625
2026-04-28,893.5399780273438
2026-04-29,891.1199951171875
2026-04-30,904.469970703125
2026-05-01,900.469970703125
2026-05-04,899.25
2026-05-05,911.719970703125
2026-05-06,904.8200073242188
2026-05-07,896.1199951171875
2026-05-08,890.469970703125
2026-05-11,892.1799926757812
2026-05-12,897.219970703125
2026-05-13,912.9600219726562
2026-05-14,886.6199951171875
2026-05-15,894.2999877929688
2026-05-18,897.72998046875
2026-05-19,900.5
2026-05-20,905.030029296875
2026-05-21,897.72998046875
2026-05-22,898.3400268554688
2026-05-25,896.6300048828125
2026-05-26,896.7100219726562
2026-05-27,893.8300170898438
2026-05-28,894.030029296875
2026-05-29,890.969970703125
2026-06-01,889.5999755859375
2026-06-02,891.9400024414062
2026-06-03,889.7999877929688
2026-06-04,894.9600219726562
2026-06-05,895.6300048828125
2026-06-08,914.260009765625
2026-06-09,922.9199829101562
2026-06-10,916.4299926757812
2026-06-11,915.1799926757812
2026-06-12,906.02001953125
2026-06-15,899.1099853515625
2026-06-16,889.969970703125
2026-06-17,885.260009765625
2026-06-18,886.3499755859375
2026-06-19,900.1799926757812
2026-06-22,901.2100219726562
2026-06-23,905.9500122070312
2026-06-24,913.469970703125
2026-06-25,918.219970703125
2026-06-26,919.8300170898438
2026-06-29,921.989990234375
2026-06-30,921.760009765625
2026-07-01,921.5700073242188
2026-07-02,925.0599975585938
2026-07-03,924.739990234375
2026-07-06,920.8400268554688
2026-07-07,927.5800170898438
2026-07-08,926.489990234375
2026-07-09,934.6599731445312
2026-07-10,926.9600219726562
2026-07-13,926.8699951171875
2026-07-14,930.5
2026-07-15,925.0499877929688
2026-07-16,924.47998046875
2026-07-17,924.1300048828125
2026-07-20,933.97998046875
2026-07-21,933.780029296875
2026-07-22,934.1699829101562
2026-07-23,935.9400024414062
2026-07-24,941.8900146484375
2026-07-27,945.989990234375
2026-07-28,940.0399780273438
2026-07-29,934.3800048828125
2026-07-30,934.9099731445312
2026-07-31,925.0499877929688
2026-08-03,922.9500122070312
2026-08-04,924.6599731445312
2026-08-05,914.4600219726562
2026-08-06,913.52001953125
2026-08-07,915.3800048828125
2026-08-10,912.5
2026-08-11,914.989990234375
2026-08-12,913.52001953125
2026-08-13,914.0900268554688
2026-08-14,914.0
2026-08-17,913.0999755859375
2026-08-18,914.7899780273438
2026-08-19,922.9400024414062
2026-08-20,921.1599731445312
2026-08-21,922.27001953125
2026-08-24,921.1300048828125
2026-08-25,912.1900024414062
2026-08-26,912.77001953125
2026-08-27,919.219970703125
2026-08-28,922.6699829101562
2026-08-31,931.510009765625
2026-09-01,934.030029296875
2026-09-02,935.6400146484375
2026-09-03,937.5999755859375
2026-09-04,932.6400146484375
2026-09-07,930.5599975585938
2026-09-08,933.8900146484375
2026-09-09,924.4299926757812
2026-09-10,926.1900024414062
2026-09-11,940.3200073242188
2026-09-14,935.8300170898438
2026-09-15,954.9500122070312
2026-09-16,953.5800170898438
2026-09-17,954.0800170898438
2026-09-18,960.0700073242188
2026-09-21,959.9199829101562
2026-09-22,947.469970703125
2026-09-23,959.7000122070312
